,date,open,close,high,low,volume,dopen,dclose,dhigh,dlow,dvolume,price
0,2012-01-03,0.7733513753829488,0.7756399350098214,0.778521748268141,0.7703000056583488,0.022856990095304293,0.7733513753829488,0.7756399350098214,0.778521748268141,0.7703000056583488,0.022856990095304293,51.8640022277832
1,2012-01-04,0.7731818835835131,0.7683505589640371,0.7732666618166534,0.767079144134313,0.006068464036998917,-0.00016949179943570591,-0.007289376045784279,-0.005255086451487645,-0.0032208615240357785,-0.016788526058305376,51.37660217285156
2,2012-01-05,0.7686896072297531,0.7671639223674533,0.7724190088189408,0.7667400958685969,0.004624864662558646,-0.0044922763537600385,-0.001186636596583801,-0.0008476529977126113,-0.0003390482657160687,-0.0014435993744402707,51.29723739624024
3,2012-01-06,0.768774320796049,0.7732666618166534,0.7732666618166534,0.768774320796049,0.005894697445631107,8.471356629591309e-05,0.006102739449200034,0.0008476529977126113,0.0020342249274520885,0.0012698327830724604,51.70529556274414
4,2012-01-09,0.7717409769543532,0.7710628804229211,0.7761484750749731,0.7700457356257729,0.008634862924892732,0.0029666561583041595,-0.0022037813937322293,0.00288181325831971,0.001271414829723927,0.0027401654792616253,51.5579719543457
5,2012-01-10,0.7686048289966131,0.7722495170195052,0.7737752018818052,0.7680962889314613,0.0033282985577372916,-0.0031361479577400875,0.001186636596584023,-0.002373273193167935,-0.0019494466943116295,-0.00530656436715544,51.63727951049805
6,2012-01-11,0.7747923466789534,0.7745380119795329,0.7765723015738294,0.7729276135509372,0.016253859623327496,0.006187517682340271,0.0022884949600276983,0.002797099692024241,0.004831324619475885,0.012925561065590205,51.79032516479492
7,2012-01-12,0.7773351116715571,0.7757246485761169,0.7781827000024252,0.7741142501475211,0.0060283640543755766,0.002542764992603752,0.001186636596584023,0.0016103984285957829,0.001186636596583912,-0.01022549556895192,51.869667053222656
8,2012-01-13,0.7818273880253169,0.7817426744590215,0.7843702176847653,0.7806407514287331,0.0032748319142395037,0.0044922763537598165,0.006018025882904565,0.00618751768234016,0.006526501281212016,-0.002753532140136073,52.27208709716797
9,2012-01-17,0.7838616776196135,0.7817426744590215,0.7864044426122172,0.7807255296618733,0.014075093900792642,0.0020342895942965233,0.0,0.0020342249274518664,8.477823314012589e-05,0.010800261986553138,52.27208709716797
10,2012-01-18,0.784200661218485,0.7796236712984294,0.7848787577499171,0.7796236712984294,0.15572159918730702,0.00033898359887152285,-0.0021190031605921034,-0.0015256848623000918,-0.0011018583634438972,0.14164650528651437,52.13034439086914
11,2012-01-19,0.778521748268141,0.7725885652852212,0.7791998447995732,0.7710628804229211,0.00495903118441982,-0.005678912950343951,-0.0070351060132081145,-0.005678912950343951,-0.008560790875508206,-0.1507625680028872,51.65995788574219
12,2012-01-20,0.7704695621246291,0.7669096523348773,0.7716561987212132,0.7663163340365853,0.006736797080721265,-0.008052186143511886,-0.005678912950343951,-0.00754364607836,-0.00474654638633587,0.0017777658963014451,51.280235290527344
13,2012-01-23,0.7636887261439969,0.763095407845705,0.7645363144748649,0.7596202762890931,0.01825885875449454,-0.006780835980632283,-0.003814244489172336,-0.00711988424634824,-0.006696057747492157,0.011522061673773273,51.025177001953125
14,2012-01-24,0.765214411006297,0.763434456111421,0.765214411006297,0.758687909725085,0.016481092858193096,0.0015256848623000918,0.0003390482657160687,0.0006780965314320264,-0.0009323665640080803,-0.0017777658963014434,51.0478401184082
15,2012-01-25,0.7612306747176888,0.765638237505153,0.7736056454155249,0.7612306747176888,0.004865464558298691,-0.003983736288608153,0.002203781393732007,0.008391234409227954,0.002542764992603752,-0.011615628299894404,51.19520950317383
16,2012-01-26,0.767079144134313,0.7719952469869291,0.7719952469869291,0.7669096523348773,0.010011628994960768,0.005848469416624202,0.006357009481776088,-0.0016103984285957829,0.0056789776171884965,0.005146164436662077,51.62029266357422
17,2012-01-27,0.773690423648665,0.7763179668744089,0.7764875233406892,0.7704695621246291,0.0030342320184994585,0.006611279514352031,0.004322719887479787,0.0044922763537600385,0.0035599097897518472,-0.00697739697646131,51.90935134887695
18,2012-01-30,0.7839463911859089,0.782081658057893,0.7855568542813492,0.7803864813961572,0.00939676259473621,0.010255967537243893,0.0057636911834840765,0.009069330940660092,0.009916919271528046,0.006362530576236751,52.29472351074219
19,2012-01-31,0.7815731179927411,0.7869977609105092,0.7874215874093654,0.7813188479601653,0.0060149973935011295,-0.002373273193167824,0.004916102852616233,0.0018647331280161605,0.0009323665640080803,-0.00338176520123508,52.62345123291016
20,2012-02-01,0.7812340697270252,0.7773351116715571,0.7819969444915975,0.7773351116715571,0.019983158007298198,-0.0003390482657158467,-0.009662649238952103,-0.005424642917767897,-0.003983736288608153,0.013968160613797069,52.14585113525391
21,2012-02-02,0.7775893817041329,0.7780132082029892,0.7791998447995732,0.7755551567766812,0.006482830524106773,-0.003644688022892306,0.0006780965314321374,-0.002797099692024352,-0.0017799548948759236,-0.013500327483191424,52.19133758544922
22,2012-02-03,0.7668248741017372,0.7685200507634731,0.7686896072297531,0.7652991892394371,0.004277331479823026,-0.010764507602395779,-0.009493157439516176,-0.010510237569820058,-0.010255967537244115,-0.0022054990442837473,51.55448913574219
23,2012-02-06,0.7686048289966131,0.7745380119795329,0.7745380119795329,0.767587684199465,0.005039231149666502,0.0017799548948759236,0.006017961216059797,0.0058484047497797675,0.0022884949600279203,0.0007618996698434766,51.95819854736328
24,2012-02-07,0.7705543403577693,0.7667400958685969,0.7705543403577693,0.764366822675429,0.009677462473099595,0.0019495113611561754,-0.007797916110935943,-0.003983671621763607,-0.0032208615240360006,0.004638231323433093,51.43508529663086
25,2012-02-08,0.768859099029189,0.7691981472949051,0.769791465593197,0.7664010476028811,0.02309758999104434,-0.0016952413285802326,0.002458051426308172,-0.0007628747645722633,0.0020342249274520885,0.013420127517944743,51.59998321533203
26,2012-02-09,0.767757240665745,0.765553459272013,0.767757240665745,0.7602983081536807,0.010425995482068625,-0.0011018583634440082,-0.003644688022892084,-0.0020342249274519775,-0.006102739449200367,-0.012671594508975714,51.35548782348633
27,2012-02-10,0.7686048289966131,0.7695371955606212,0.7713171504554971,0.7664010476028811,0.014823626909761672,0.0008475883308680654,0.003983736288608153,0.0035599097897520693,0.006102739449200367,0.004397631427693047,51.62276077270508
28,2012-02-13,0.769791465593197,0.7699609573926328,0.7722495170195052,0.767079144134313,0.012136928073997834,0.001186636596583912,0.00042376183201164874,0.0009323665640080803,0.0006780965314319154,-0.002686698835763838,51.65116500854492
29,2012-02-14,0.7712323722223569,0.7737752018818052,0.7765723015738294,0.7712323722223569,0.011040861882293184,0.001440906629159855,0.003814244489172336,0.004322784554324222,0.004153228088043859,-0.0010960661917046501,51.90702438354492
30,2012-02-15,0.7747075684458132,0.7739446936812411,0.776402745107549,0.7734361536160891,0.0027535321401360724,0.0034751962234563782,0.00016949179943592796,-0.0001695564662803628,0.0022037813937322293,-0.008287329742157111,51.91840362548828
31,2012-02-16,0.7714019286886373,0.7691133690617648,0.773012327117233,0.7658925075377291,0.00522636440190876,-0.0033056397571759044,-0.004831324619476329,-0.0033904179903160303,-0.00754364607836,0.002472832261772687,51.594268798828125
32,2012-02-17,0.7660619993371647,0.7689438772623292,0.7690286554954693,0.7651296327731568,0.004304064801571919,-0.00533992935147265,-0.0001694917994355949,-0.003983671621763718,-0.0007628747645722633,-0.0009222996003368407,51.58292770385742
33,2012-02-21,0.7674181924000291,0.7650449192068612,0.7680962889314613,0.7636039479108567,0.010960661917046503,0.001356193062864386,-0.003898958055467916,-0.0009323665640079692,-0.0015256848623000918,0.006656597115474584,51.32133102416992
34,2012-02-22,0.7667400958685969,0.7710628804229211,0.7713171504554971,0.7665706040691611,0.003127798644620587,-0.0006780965314321374,0.006017961216059908,0.0032208615240357785,0.0029666561583043816,-0.007832863272425916,51.72509765625
35,2012-02-23,0.7686048289966131,0.7719104687537891,0.7740294719143811,0.767926732465181,0.0032748319142395037,0.0018647331280161605,0.0008475883308679544,0.002712321458884004,0.00135612839601984,0.00014703326961891658,51.78190612792969
36,2012-02-24,0.7746227902126731,0.7750466167115292,0.7757246485761169,0.7725037870520811,0.010385895499445283,0.006017961216060019,0.0031361479577400875,0.0016951766617357977,0.004577054586900164,0.007111063585205779,51.9922981262207
37,2012-02-27,0.780555973195593,0.7822512145241732,0.7831835810881813,0.7792846230327132,0.004785264593052009,0.005933182982919893,0.007204597812644042,0.00745893251206442,0.006780835980632061,-0.0056006309063932735,52.475624084472656
38,2012-02-28,0.7832683593213214,0.780555973195593,0.7844549959179054,0.7794541148321491,0.0028069987836338603,0.0027123861257284387,-0.0016952413285802326,0.001271414829724038,0.00016949179943592796,-0.001978265809418149,52.36190032958984
39,2012-02-29,0.7827597545893251,0.7786065265012813,0.783014024621901,0.7760636968418331,0.005774397497761085,-0.0005086047319963205,-0.0019494466943117406,-0.0014409712960044008,-0.0033904179903160303,0.0029673987141272244,52.23111724853516
40,2012-03-01,0.7702152920920534,0.7704695621246291,0.7724190088189408,0.7668248741017372,0.00908932939462393,-0.012544462497271702,-0.008136964376652123,-0.010595015802960184,-0.009238822740095909,0.0033149318968628445,51.858585357666016
41,2012-03-02,0.7735209318492293,0.7754703785435408,0.7775893817041329,0.7735209318492293,0.0031411653054950342,0.0033056397571759044,0.005000816418911702,0.005170372885192176,0.006696057747492157,-0.005948164089128895,52.19518280029297
42,2012-03-05,0.7763179668744089,0.7718256905206491,0.7776741599372732,0.771571420488073,0.0057610308368866376,0.002797035025179584,-0.003644688022891751,8.477823314023691e-05,-0.0019495113611562864,0.0026198655313916033,51.94986724853516
43,2012-03-06,0.776402745107549,0.7756399350098214,0.7782674782355652,0.7753008867441052,0.0062956972718645155,8.477823314012589e-05,0.003814244489172336,0.0005933182982920115,0.00372946625603221,0.000534666434977878,52.20659255981445
44,2012-03-07,0.7754703785435408,0.7732666618166534,0.7754703785435408,0.7723342952526454,0.010212128908077473,-0.0009323665640081913,-0.002373273193168046,-0.002797099692024352,-0.0029665914914598357,0.003916431636212958,52.046905517578125
45,2012-03-08,0.7708086103903451,0.7681810024977568,0.7717409769543532,0.7674181924000291,0.0060149973935011295,-0.0046617681531957444,-0.005085659318896596,-0.003729401589187664,-0.004916102852616344,-0.004197131514576344,51.704551696777344
46,2012-03-09,0.767079144134313,0.767926732465181,0.767926732465181,0.764112552642853,0.007672463341932552,-0.003729466256032099,-0.0002542700325758318,-0.003814244489172225,-0.0033056397571760154,0.0016574659484314223,51.68743133544922
47,2012-03-12,0.770893323956641,0.768859099029189,0.7719104687537891,0.7686896072297531,0.004464464732065283,0.003814179822328012,0.0009323665640080803,0.003983736288608153,0.004577054586900053,-0.0032079986098672688,51.75017166137695
48,2012-03-13,0.7657229510714488,0.7605526428531012,0.7660619993371647,0.7599593245548092,0.00793979655942149,-0.005170372885192176,-0.008306456176087829,-0.005848469416624424,-0.008730282674943912,0.0034753318273562078,51.19110870361328
49,2012-03-14,0.7543651251707609,0.7461433825609687,0.7557213182336251,0.745719620728957,0.016641492788686457,-0.011357825900687901,-0.01440926029213252,-0.010340681103539584,-0.014239703825852157,0.008701696229264966,50.22124862670898
50,2012-03-15,0.7461433825609687,0.747838623889549,0.7497880705838608,0.7458891125283927,0.004985764506168714,-0.008221742609792249,0.0016952413285803436,-0.005933247649764328,0.00016949179943570591,-0.011655728282517742,50.33535003662109
51,2012-03-16,0.7452110159969607,0.747838623889549,0.7486014339872767,0.742668251004357,0.01299239436996244,-0.0009323665640079692,0.0,-0.001186636596584023,-0.0032208615240357785,0.008006629863793725,50.33535003662109
52,2012-03-19,0.7483471639547009,0.7416511062072088,0.7486014339872767,0.7395321030466168,0.00872842955101386,0.0031361479577401985,-0.006187517682340271,0.0,-0.0031361479577401985,-0.004263964818948579,49.91887283325195
53,2012-03-20,0.7413968361746328,0.742668251004357,0.7444482058992329,0.739362611247181,0.006402630558860091,-0.0069503277800681,0.0010171447971482062,-0.004153228088043859,-0.00016949179943581694,-0.0023257989921537693,49.98736190795898
54,2012-03-21,0.745126302430665,0.7504661671152929,0.7509747071804448,0.7448719677312446,0.0072313635330758025,0.00372946625603221,0.007797916110935943,0.006526501281211905,0.005509356484063699,0.0008287329742157111,50.51220703125
55,2012-03-22,0.7515680254787367,0.7513137554461609,0.7525003920427448,0.750211897082717,0.003181265288118375,0.006441723048071668,0.0008475883308679544,0.0015256848622999808,0.005339929351472317,-0.004050098244957428,50.56927490234375
56,2012-03-23,0.752669948509025,0.7551279352684886,0.7564841283313529,0.752669948509025,0.005908064106505554,0.001101923030288332,0.00381417982232779,0.003983736288608153,0.002458051426308061,0.0027267988183871787,50.82598114013672
57,2012-03-26,0.7547889516696171,0.7542803469376207,0.7558908100330609,0.749957627050141,0.005453597636774357,0.0021190031605921034,-0.0008475883308679544,-0.0005933182982920115,-0.002712321458884004,-0.00045446646973119637,50.76889419555664
58,2012-03-27,0.7548736652359127,0.757416494895361,0.758348861459369,0.7545346169701966,0.003568898453477337,8.471356629558002e-05,0.0031361479577403095,0.002458051426308061,0.0045769899200556186,-0.0018846991832970205,50.980018615722656
59,2012-03-28,0.7558060317999208,0.7575859866947967,0.7602135945873851,0.7552127135016288,0.00540013099327657,0.0009323665640080803,0.00016949179943570591,0.0018647331280161605,0.0006780965314321374,0.001831232539799233,50.99143981933594
60,2012-03-29,0.7604678646199611,0.761654501216545,0.761654501216545,0.7587726232913807,0.002579765548768262,0.00466183282004029,0.004068514521748279,0.001440906629159855,0.0035599097897519583,-0.002820365444508308,51.26527786254883
61,2012-03-30,0.7614849447502647,0.7536023150730331,0.762841137813129,0.752669948509025,0.005012497827917608,0.0010170801303036603,-0.008052186143511886,0.001186636596584023,-0.00610267478235571,0.002432732279149346,50.72330856323242
62,2012-04-02,0.7545346169701966,0.7525003920427448,0.755636540000485,0.7506356589147287,0.004705064627805328,-0.0069503277800681,-0.001101923030288332,-0.007204597812644042,-0.0020342895942963013,-0.00030743320011228023,50.91946792602539
63,2012-04-03,0.7547889516696171,0.7434310611020847,0.7560603018324967,0.742668251004357,0.005253097723657653,0.0002543346994204887,-0.009069330940660092,0.00042376183201175976,-0.00796740791037176,0.0005480330958523251,50.30573654174805
64,2012-04-04,0.7471605273581169,0.7488557040198527,0.7488557040198527,0.7452110159969607,0.004357531445069707,-0.007628424311500237,0.005424642917768008,-0.007204597812644042,0.002542764992603752,-0.0008955662785879457,50.672813415527344
65,2012-04-05,0.7536870286393288,0.752924218541601,0.7536870286393288,0.7502966106490127,0.0030743320011227997,0.006526501281211905,0.004068514521748279,0.004831324619476107,0.005085594652051939,-0.0012831994439469075,50.9481086730957
66,2012-04-09,0.764960140973721,0.7631801860788451,0.7665706040691611,0.7627563595799889,0.007298196837448037,0.01127311233439221,0.010255967537244115,0.012883575429832317,0.012459748930976233,0.004223864836325237,51.642120361328125
67,2012-04-10,0.7675029706331691,0.7686048289966131,0.7713171504554971,0.7657229510714488,0.008260596420408217,0.002542829659448076,0.005424642917768008,0.004746546386335981,0.0029665914914599467,0.0009623995829601802,52.00918197631836
68,2012-04-11,0.762841137813129,0.764282044442289,0.7664858258360211,0.7625020895474129,0.0030342320184994585,-0.004661832820040068,-0.004322784554324111,-0.004831324619475996,-0.0032208615240358895,-0.005226364401908759,51.71669387817383
69,2012-04-12,0.7646210927080049,0.761654501216545,0.7651296327731568,0.7608916264519727,0.008126929811663748,0.0017799548948759236,-0.002627543225743989,-0.0013561930628642749,-0.0016104630954402177,0.00509269779316429,51.53888702392578
70,2012-04-13,0.7660619993371647,0.7700457356257729,0.770893323956641,0.7660619993371647,0.007806129950677022,0.0014409066291597439,0.008391234409227954,0.0057636911834841875,0.005170372885191954,-0.00032079986098672644,52.10664367675781
71,2012-04-16,0.770978102189781,0.7706390539240651,0.7740294719143811,0.7692829255280453,0.0068303637068423935,0.004916102852616344,0.0005933182982921226,0.0031361479577400875,0.0032209261908806575,-0.0009757662438346281,52.14683532714844
72,2012-04-17,0.7694524173274809,0.770384783891489,0.770893323956641,0.7681810024977568,0.0033817652012350795,-0.0015256848623000918,-0.00025427003257605385,-0.0031361479577400875,-0.001101923030288554,-0.003448598505607314,52.1296272277832
73,2012-04-18,0.7725037870520811,0.7714866422549329,0.7728428353177971,0.7707238321572051,0.0026064988705171563,0.0030513697246001836,0.0011018583634438972,0.0019495113611560644,0.002542829659448298,-0.0007752663307179232,52.2042121887207
74,2012-04-19,0.7727580570846571,0.773097105350373,0.7741142501475211,0.7725037870520811,0.003809498349217382,0.00025427003257594283,0.0016104630954401067,0.001271414829724038,0.0017799548948760346,0.001202999478700226,52.31318664550781
75,2012-04-20,0.770978102189781,0.7740294719143811,0.7743685201800972,0.7691981472949051,0.0022723323486559823,-0.0017799548948760346,0.0009323665640080803,0.00025427003257605385,-0.0033056397571760154,-0.0015371660005613999,52.37623977661133
76,2012-04-23,0.7766570151401249,0.7729276135509372,0.7787760183007169,0.7725885652852212,0.02765562134923075,0.00567891295034384,-0.0011018583634438972,0.004407498120619691,0.0033904179903161413,0.02538328900057477,52.301700592041016
77,2012-04-24,0.772164738786365,0.7725037870520811,0.773012327117233,0.770893323956641,0.041236148797668855,-0.0044922763537598165,-0.0004238264988560836,-0.0057636911834838545,-0.0016952413285802326,0.013580527448438105,52.27301406860352
78,2012-04-25,0.7695371955606212,0.7696219737937612,0.773012327117233,0.7663163340365853,0.0046649646451819874,-0.002627543225743878,-0.002881813258319932,0.0,-0.00457698992005573,-0.03657118415248687,52.07798767089844
79,2012-04-26,0.7753008867441052,0.7741989637138169,0.7753008867441052,0.7719104687537891,0.003969898279710745,0.0057636911834840765,0.00457698992005573,0.002288559626872244,0.005594134717203825,-0.0006950663654712421,52.3876838684082
80,2012-04-27,0.7739446936812411,0.775809426809257,0.7758942050423971,0.7727580570846571,0.002686698835763838,-0.0013561930628641639,0.0016104630954401067,0.0005933182982919005,0.0008475883308679544,-0.0012831994439469075,52.49666976928711
81,2012-04-30,0.7767417933732651,0.7754703785435408,0.7773351116715571,0.7747923466789534,0.0038763316535896167,0.0027970996920240188,-0.00033904826571617974,0.001440906629159966,0.0020342895942963013,0.0011896328178257788,52.47374725341797
82,2012-05-01,0.7755551567766812,0.7719104687537891,0.776402745107549,0.769791465593197,0.010693328699557563,-0.001186636596583912,-0.0035599097897517362,-0.0009323665640080803,-0.005000881085756359,0.0068169970459679465,52.41558837890625
83,2012-05-02,0.7739446936812411,0.7737752018818052,0.7747923466789534,0.7722495170195052,0.003207998609867269,-0.0016104630954401067,0.0018647331280160495,-0.0016103984285956718,0.002458051426308172,-0.0074853300896902935,52.54227066040039
84,2012-05-03,0.772164738786365,0.7737752018818052,0.7746227902126731,0.7716561987212132,0.0028069987836338603,-0.0017799548948760346,0.0,-0.00016955646628025178,-0.0005933182982920115,-0.0004009998262334089,52.54227066040039
85,2012-05-04,0.7755551567766812,0.7780132082029892,0.778521748268141,0.7753856649772454,0.0037693983665940413,0.0033904179903161413,0.004238006321184096,0.003898958055467916,0.00372946625603221,0.0009623995829601811,52.83000564575195
86,2012-05-07,0.7802169895967213,0.7795388930652892,0.7806407514287331,0.7787760183007169,0.004678331306056434,0.004661832820040068,0.0015256848622999808,0.0021190031605921034,0.0033903533234714844,0.0009089329394623923,52.93363952636719
87,2012-05-08,0.7803864813961572,0.7810645779275893,0.7836921211533332,0.7803864813961572,0.007913063237672597,0.00016949179943592796,0.0015256848623000918,0.0030513697246000726,0.0016104630954403287,0.003234731931616163,53.0372314453125
88,2012-05-09,0.7844549959179054,0.7809797996944492,0.784793979516777,0.7787760183007169,0.0068169970459679465,0.004068514521748168,-8.477823314012589e-05,0.0011018583634437862,-0.0016104630954403287,-0.0010960661917046501,53.031436920166016
89,2012-05-10,0.7774198899046972,0.7801322113635812,0.7803017031630172,0.7750466167115292,0.006041730715250024,-0.0070351060132081145,-0.0008475883308679544,-0.0044922763537598165,-0.003729401589187664,-0.0007752663307179228,52.97391128540039
90,2012-05-11,0.7825902627898892,0.7839463911859089,0.7840311694190493,0.780555973195593,0.003475331827356208,0.005170372885191954,0.003814179822327679,0.003729466256032099,0.00550935648406381,-0.0025663988878938154,53.23289489746094
91,2012-05-14,0.7894558123368173,0.7897100823693933,0.7912357672316932,0.7870825391436493,0.016213759640704154,0.006865549546928085,0.0057636911834844096,0.007204597812643931,0.00652656594805634,0.012738427813347946,53.624267578125
92,2012-05-15,0.7913205454648333,0.7933547703922852,0.7939480886905773,0.7901339088682494,0.025797655487682623,0.0018647331280160495,0.003644688022891862,0.002712321458884115,0.0030513697246000726,0.009583895846978469,53.87177658081055
93,2012-05-16,0.7878453492413772,0.7947956770214452,0.7956433300191577,0.7869977609105092,0.014355793779156028,-0.003475196223456156,0.001440906629159966,0.0016952413285803436,-0.0031361479577401985,-0.011441861708526594,53.9695930480957
94,2012-05-17,0.7919138637631253,0.8003898764054934,0.8003898764054934,0.7916595937305494,0.016026626388461897,0.004068514521748168,0.0055941993840482596,0.004746546386335759,0.004661832820040179,0.0016708326093058685,54.34945297241211
95,2012-05-18,0.7953042817534414,0.7974232849140334,0.8020850530672291,0.7926766738608532,0.006095197358747811,0.0033904179903160303,-0.0029665914914600577,0.0016951766617356867,0.0010170801303037713,-0.009931429029714086,54.14803695678711
96,2012-05-21,0.7967451883826013,0.7969994584151773,0.7994575098414854,0.7947109634551496,0.006509563845855667,0.001440906629159966,-0.0004238264988560836,-0.002627543225743656,0.0020342895942964123,0.000414366487107856,54.11927032470703
97,2012-05-22,0.7909814971991173,0.7905576707002611,0.7915748154974093,0.7880149057076573,0.014663226979268308,-0.0057636911834840765,-0.006441787714916214,-0.00788269434407618,-0.006696057747492268,0.00815366313341264,53.68185043334961
98,2012-05-23,0.7956433300191577,0.7933547703922852,0.7986946997437576,0.7933547703922852,0.007752663307179233,0.004661832820040401,0.0027970996920241298,0.007119884246348351,0.005339864684627882,-0.006910563672089075,53.87177658081055
99,2012-05-24,0.7932699921591451,0.7918290855299853,0.7932699921591451,0.7902186871013895,0.002031732452915937,-0.002373337860012592,-0.0015256848622998698,-0.005424707584612554,-0.0031360832908956526,-0.005720930854263296,53.76818084716797
100,2012-05-25,0.7936938186580013,0.7953042817534414,0.7953042817534414,0.7920833555625613,0.0031010653228716934,0.0004238264988561946,0.003475196223456045,0.0020342895942963013,0.0018646684611717257,0.0010693328699557564,54.00417709350586
101,2012-05-29,0.7947956770214452,0.7927614520939933,0.7964061401168854,0.7927614520939933,0.010332428855947496,0.0011018583634438972,-0.002542829659448076,0.0011018583634440082,0.0006780965314320264,0.007231363533075803,53.83147048950195
102,2012-05-30,0.8020850530672291,0.8039497861952454,0.8052212010249695,0.8018307830346534,0.006255597289241174,0.007289376045783946,0.011188334101252084,0.008815060908084149,0.009069330940660092,-0.004076831566706322,54.59123611450195
103,2012-05-31,0.8076792524512776,0.8109001139753136,0.8153076767627776,0.8065773940878337,0.010078462299333004,0.005594199384048482,0.006950327780068211,0.010086475737808076,0.004746611053180305,0.00382286501009183,55.06315231323242
104,2012-06-01,0.8131886736021856,0.8198847313496779,0.8220037345102699,0.8118324805393214,0.030435886811115715,0.005509421150908023,0.00898461737436429,0.006696057747492268,0.005255086451487756,0.020357424511782712,55.85484313964844
105,2012-06-04,0.8135277218679018,0.8148838502639215,0.8168333616250779,0.8102220174438813,0.016948925988798737,0.00033904826571617974,-0.005000881085756359,-0.005170372885191954,-0.0016104630954401067,-0.013486960822316978,55.5141487121582
106,2012-06-05,0.8109848922084536,0.8073402041855615,0.8113239404741697,0.8069163776867054,0.011575528317271062,-0.002542829659448187,-0.00754364607836,-0.005509421150908245,-0.0033056397571759044,-0.005373397671527676,55.00024032592773
107,2012-06-06,0.8068316641204095,0.7977623331797496,0.8068316641204095,0.7971690148814574,0.01220376137837007,-0.004153228088044081,-0.009577871005811867,-0.0044922763537601496,-0.009747362805248017,0.0006282330610990084,54.34769058227539
108,2012-06-07,0.7969994584151773,0.7993727316083453,0.8003050981723534,0.7946261852220093,0.0089957627685028,-0.009832205705232244,0.0016103984285956718,-0.006526565948056118,-0.002542829659448076,-0.0032079986098672696,54.45740509033203
109,2012-06-08,0.8069163776867054,0.8000508281397773,0.8082725707495696,0.7977623331797496,0.007217996872201355,0.009916919271528157,0.0006780965314320264,0.007967472577216195,0.0031361479577403095,-0.0017777658963014451,54.50363159179688
110,2012-06-11,0.7971690148814574,0.8036955161626694,0.8050517092255337,0.7971690148814574,0.005867964123882213,-0.009747362805248017,0.003644688022892084,-0.0032208615240358895,-0.0005933182982922336,-0.001350032748319142,54.75192260742188
111,2012-06-12,0.7985251432774774,0.7960670918511694,0.8006441464380694,0.7955585517860174,0.005948164089128895,0.001356128396019951,-0.007628424311500015,-0.0044075627874643475,-0.0016104630954399957,8.019996524668161e-05,54.23225021362305
112,2012-06-13,0.7977623331797496,0.8029327060649417,0.8041193426615257,0.7964909183500255,0.00820712977691043,-0.0007628100977277175,0.0068656142137722975,0.0034751962234563782,0.0009323665640080803,0.0022589656877815356,54.69996643066406
113,2012-06-14,0.8027631495986614,0.8024241013329455,0.8035260243632335,0.7993727316083453,0.00540013099327657,0.005000816418911702,-0.0005086047319962095,-0.0005933182982922336,0.002881813258319821,-0.0028069987836338607,54.66529083251953
114,2012-06-15,0.8070859341529856,0.8058145193232614,0.8070859341529856,0.8043736126941016,0.002365898974777111,0.004322784554324222,0.0033904179903159193,0.0035599097897520693,0.005000881085756248,-0.003034232018499459,54.89628982543945
115,2012-06-18,0.8078487442507135,0.8078487442507135,0.8091201590804374,0.8052212010249695,0.005667464210765509,0.0007628100977279395,0.0020342249274520885,0.0020342249274518664,0.0008475883308679544,0.003301565235988398,55.03489685058594
116,2012-06-19,0.8050517092255337,0.8029327060649417,0.8062383458221178,0.8013222429695015,0.004878831219173138,-0.002797035025179806,-0.004916038185771798,-0.0028818132583195988,-0.003898958055468027,-0.0007886329915923708,54.69996643066406
117,2012-06-20,0.7992880180420495,0.8053906928244052,0.8096286991455893,0.7969994584151773,0.005854597463007766,-0.0057636911834841875,0.002457986759463515,0.0033903533234714844,-0.004322784554324222,0.0009757662438346281,54.86739730834961
118,2012-06-21,0.8059840111226972,0.8098830338450096,0.8125953553038938,0.8059840111226972,0.01531819336211621,0.006695993080647722,0.004492341020604362,0.0029666561583044926,0.008984552707519966,0.009463595899108442,55.1734619140625
119,2012-06-22,0.8066621076541295,0.8031869760975178,0.8086116190152857,0.8016612912352175,0.007258096854824697,0.0006780965314322485,-0.006696057747491824,-0.003983736288608153,-0.004322719887479787,-0.008060096507291514,54.71728515625
120,2012-06-25,0.8081030142832892,0.8097982556118696,0.8119172587724616,0.8081030142832892,0.00544023097589991,0.0014409066291597439,0.006611279514351809,0.0033056397571759044,0.006441723048071779,-0.0018178658789247864,55.16770553588867
121,2012-06-26,0.8053059792581098,0.8077640306844176,0.8099677474113055,0.8052212010249695,0.005694197532514402,-0.002797035025179473,-0.0020342249274519775,-0.0019495113611560644,-0.00288181325831971,0.0002539665566144919,55.029109954833984
122,2012-06-27,0.8075096959849973,0.8099677474113055,0.8105610657095973,0.8071707123861257,0.0031144319837461405,0.0022037167268875724,0.0022037167268879054,0.0005933182982917895,0.0019495113611561754,-0.0025797655487682617,55.1792106628418
123,2012-06-28,0.8123410206044733,0.8114934322736053,0.8141210401661937,0.8108154004090178,0.0036758317404729127,0.004831324619475996,0.0015256848622997587,0.003559974456596393,0.003644688022892084,0.0005613997567267721,55.28316116333008
124,2012-06-29,0.8025936577992255,0.8047973745261134,0.8064926158546936,0.8009831947037854,0.005974897410877788,-0.009747362805247795,-0.006696057747491824,-0.007628424311500126,-0.009832205705232355,0.0022990656704048756,54.82698822021485
125,2012-07-02,0.8047126609598175,0.8096286991455893,0.8139514836999135,0.8040345644283855,0.0077660299680536804,0.0021190031605919923,0.004831324619475885,0.007458867845219985,0.0030513697246000726,0.0017911325571758922,55.337989807128906
126,2012-07-03,0.8082725707495696,0.8059840111226972,0.8088658890478615,0.8055602492906856,0.003969898279710745,0.0035599097897520693,-0.003644688022892084,-0.00508559465205205,0.0015256848623000918,-0.003796131688342935,55.08884811401367
127,2012-07-05,0.8051364227918292,0.8080183007169935,0.8095439855792937,0.8044583909272417,0.006041730715250024,-0.0031361479577404205,0.0020342895942963013,0.0006780965314322485,-0.0011018583634438972,0.0020718324355392783,55.227909088134766
128,2012-07-06,0.8097134773787295,0.8133581654016215,0.8149686284970618,0.8097134773787295,0.010265595551575262,0.0045770545869002754,0.005339864684627993,0.005424642917768008,0.005255086451487756,0.004223864836325238,55.5928840637207
129,2012-07-09,0.8155619467953537,0.8189523647856699,0.8197999531165377,0.8144600237650653,0.012404261291486774,0.005848469416624202,0.005594199384048371,0.004831324619475996,0.00474654638633587,0.002138665739911512,55.97525024414063
130,2012-07-10,0.8169180751913733,0.8217493998108496,0.8220884480765654,0.8169180751913733,0.006309063932738963,0.001356128396019618,0.002797035025179695,0.0022884949600276983,0.00245805142630795,-0.006095197358747811,56.16642761230469
131,2012-07-11,0.8223427181091415,0.821071367946262,0.8251398178011656,0.8203932714148298,0.009664095812225148,0.00542464291776823,-0.0006780318645875916,0.0030513697246001836,0.0034751962234564893,0.003355031879486185,56.12003326416016
132,2012-07-12,0.8245464995028736,0.8270045509291817,0.8274283774280381,0.8233598629062897,0.004384264766818601,0.0022037813937321182,0.005933182982919671,0.002288559626872466,0.0029665914914599467,-0.005279831045406546,56.52558517456055
133,2012-07-13,0.8260721843651737,0.8264112326308898,0.8264112326308898,0.8233598629062897,0.013968160613797067,0.0015256848623000918,-0.0005933182982919005,-0.0010171447971483172,0.0,0.009583895846978465,56.485050201416016
134,2012-07-16,0.8310730654509298,0.8288692840571978,0.8325139720800899,0.8273435991948977,0.02023712456391269,0.005000881085756137,0.002458051426308061,0.006102739449200145,0.003983736288608042,0.006268963950115622,56.653053283691406
135,2012-07-17,0.8284454575583415,0.82649601086403,0.8299711424206417,0.8248007695354497,0.003475331827356208,-0.002627607892588313,-0.002373273193167824,-0.002542829659448187,-0.002542829659448076,-0.01676179273655648,56.49087524414063
136,2012-07-18,0.8316663837492221,0.8303949689194978,0.8316663837492221,0.8279369174931898,0.003849598331840723,0.0032209261908805464,0.003898958055467805,0.0016952413285803436,0.0031361479577400875,0.00037426650448451476,56.75732803344727
137,2012-07-19,0.8314968272829417,0.8312425572503658,0.8334463386440978,0.8297168723880657,0.00434416478419526,-0.0001695564662803628,0.0008475883308679544,0.0017799548948757016,0.0017799548948759236,0.0004945664523545372,56.81525802612305
138,2012-07-20,0.8351415153058338,0.8372605184664258,0.8380233932309982,0.8338701004761095,0.011869594856508896,0.003644688022892084,0.006017961216060019,0.0045770545869003865,0.004153228088043859,0.007525430072313636,57.22657012939453
139,2012-07-23,0.8403118881910259,0.8373452966995659,0.8411594765218936,0.8367519784012739,0.006656597115474583,0.005170372885192065,8.477823314012589e-05,0.0031360832908954306,0.0028818779251643667,-0.0052129977410343125,57.23237991333008
140,2012-07-24,0.8348872452732579,0.8422613995521823,0.8431937661161901,0.8335310522103936,0.011428495047652146,-0.005424642917768008,0.004916102852616344,0.0020342895942965233,-0.0032209261908803244,0.004771897932177563,57.56842422485352
141,2012-07-25,0.8413290329881742,0.8433632579156259,0.8447194509784902,0.8408204282561779,0.007217996872201355,0.006441787714916325,0.0011018583634436752,0.0015256848623000918,0.007289376045784279,-0.004210498175450791,57.64369583129883
142,2012-07-26,0.8423461131184776,0.841244254755034,0.843702306181342,0.8408204282561779,0.00636253057623675,0.0010170801303034382,-0.0021190031605919923,-0.0010171447971482062,0.0,-0.0008554662959646053,57.49887466430664
143,2012-07-27,0.8361586601029819,0.8316663837492221,0.8366672001681338,0.8236989111720058,0.016494459519067542,-0.006187453015495725,-0.009577871005811867,-0.0070351060132082255,-0.01712151708417209,0.010131928942830791,56.8442497253418
144,2012-07-30,0.830479747152638,0.8346329752406819,0.8348024670401176,0.8300559206537818,0.005279831045406547,-0.005678912950343951,0.0029665914914598357,-0.0018647331280161605,0.006357009481775977,-0.011214628473660995,57.04701232910156
145,2012-07-31,0.8375995667321419,0.8367519784012739,0.8375995667321419,0.8321749238143739,0.0037560317057195943,0.0071198195795039165,0.0021190031605919923,0.002797099692024241,0.0021190031605921034,-0.0015237993396869528,57.19184494018555
146,2012-08-01,0.8309882872177898,0.8321749238143739,0.8358196118372659,0.8292083323229138,0.013981527274671514,-0.006611279514352031,-0.004577054586900053,-0.0017799548948759236,-0.0029665914914600577,0.01022549556895192,57.063961029052734
147,2012-08-02,0.83412443517553,0.8337853869098141,0.8391252515944418,0.8324291938469498,0.008741796211888309,0.0031361479577401985,0.0016104630954402177,0.0033056397571759044,0.0032208615240360006,-0.005239731062783205,57.174415588378906
148,2012-08-03,0.8278521392600497,0.8258179143325978,0.8278521392600497,0.8214951297782737,0.005132797775787631,-0.006272295915480286,-0.007967472577216306,-0.0112731123343921,-0.010934064068676141,-0.0036089984361006777,56.6280403137207
149,2012-08-06,0.8265807244303255,0.8281064092926257,0.8306492389520738,0.826241740831454,0.004865464558298691,-0.00127141482972426,0.0022884949600279203,0.0027970996920240188,0.004746611053180305,-0.00026733321748893986,56.78499603271485
150,2012-08-07,0.8204780496479698,0.8186980300862494,0.8204780496479698,0.8168333616250779,0.012511194578482349,-0.00610267478235571,-0.009408379206376272,-0.01017118930410399,-0.00940837920637605,0.007645730020183658,56.13983917236328
151,2012-08-08,0.8204780496479698,0.8149686284970618,0.821071367946262,0.8141210401661937,0.009637362490476253,0.0,-0.003729401589187664,0.0005933182982922336,-0.002712321458884226,-0.0028738320880060952,55.88410568237305
152,2012-08-09,0.8135277218679018,0.8142905319656296,0.8151381202964976,0.8091201590804374,0.01189632817825779,-0.006950327780067989,-0.0006780965314321374,-0.005933247649764439,-0.005000881085756248,0.0022589656877815365,55.83761596679688
153,2012-08-10,0.8206475414474056,0.8180199982216619,0.8206475414474056,0.8164943133593616,0.00509269779316429,0.0071198195795038055,0.003729466256032321,0.005509421150908023,0.007374154278924183,-0.0068036303850935,56.09332275390625
154,2012-08-13,0.8206475414474056,0.8182742682542377,0.8216646862445537,0.8181047117879574,0.010078462299333004,0.0,0.0002542700325757208,0.0010171447971480951,0.0016103984285957829,0.004985764506168715,56.110782623291016
155,2012-08-14,0.8097982556118696,0.8089506672810016,0.8114087187073098,0.8084420625490052,0.0204108911552805,-0.010849285835536016,-0.009323600973236035,-0.010255967537243893,-0.009662649238952215,0.010332428855947496,55.47145080566406
156,2012-08-15,0.8058992975564014,0.8003050981723534,0.8058992975564014,0.7990336833426291,0.014195393848662665,-0.003898958055468138,-0.008645569108648221,-0.005509421150908356,-0.00940837920637605,-0.006215497306617836,54.87859344482422
157,2012-08-16,0.8010679729369257,0.7950500117208654,0.8028479278318016,0.7925071820614173,0.008287329742157111,-0.004831324619475774,-0.005255086451487978,-0.0030513697245998506,-0.006526501281211794,-0.005908064106505554,54.51821517944336
158,2012-08-17,0.7964061401168854,0.7975079984803292,0.7997117798740613,0.7955585517860174,0.003809498349217382,-0.00466183282004029,0.0024579867594637372,-0.0031361479577403095,0.0030513697246000726,-0.004477831392939729,54.6867561340332
159,2012-08-20,0.7987794133100532,0.7986099215106175,0.8009831947037854,0.7981860950117614,0.0062956972718645155,0.002373273193167824,0.001101923030288332,0.001271414829724149,0.002627543225743989,0.0024861989226471334,54.76233673095703
160,2012-08-21,0.7985251432774774,0.8012374647363614,0.8018307830346534,0.7940328669237173,0.00649619718498122,-0.0002542700325758318,0.002627543225743878,0.0008475883308679544,-0.004153228088044081,0.00020049991311670446,54.942527770996094
161,2012-08-22,0.8090353808472974,0.8124257988376135,0.8124257988376135,0.8061535675889775,0.011468595030275487,0.010510237569820058,0.011188334101252084,0.010595015802960073,0.012120700665260165,0.004972397845294267,55.70976257324219
162,2012-08-23,0.8142905319656296,0.8157314385947894,0.8159009950610698,0.8133581654016215,0.011481961691149933,0.005255151118332191,0.0033056397571759044,0.0034751962234563782,0.007204597812644042,1.3366660874446212e-05,55.9364128112793
163,2012-08-24,0.8183590464873777,0.8142057537324896,0.8183590464873777,0.8134429436347617,0.017443492441153275,0.004068514521748057,-0.0015256848622997587,0.002458051426307839,8.477823314012589e-05,0.005961530750003342,55.83180618286133
164,2012-08-27,0.8187828083193895,0.8181047117879574,0.8194609048508217,0.8175113934896655,0.015251360057743975,0.0004237618320118708,0.003898958055467805,0.0011018583634440082,0.004068449854903844,-0.0021921323834093003,56.099159240722656
165,2012-08-28,0.8183590464873777,0.8197151748833976,0.8214951297782737,0.8181047117879574,0.005293197706280994,-0.0004237618320118708,0.0016104630954402177,0.0020342249274519775,0.0005933182982919005,-0.00995816235146298,56.20951843261719
166,2012-08-29,0.8206475414474056,0.8176809499559458,0.8206475414474056,0.8159009950610698,0.00403673158408298,0.0022884949600279203,-0.0020342249274518664,-0.0008475883308680654,-0.0022037167268875724,-0.0012564661221980142,56.07008743286133
167,2012-08-30,0.8198847313496779,0.8197151748833976,0.8214951297782737,0.8191218565851056,0.0030475986793739055,-0.0007628100977277175,0.0020342249274518664,0.0008475883308680654,0.0032208615240357785,-0.0009891329047090744,56.20951843261719
168,2012-08-31,0.8203932714148298,0.8282759657589058,0.8289540622903379,0.8188675865525297,0.004571398019060859,0.0005085400651518857,0.008560790875508206,0.007458932512064198,-0.00025427003257594283,0.0015237993396869532,56.796607971191406
169,2012-09-04,0.8248007695354497,0.8229360364074334,0.8267502808966058,0.8217493998108496,0.030088353628380093,0.004407498120619913,-0.005339929351472428,-0.002203781393732007,0.002881813258319932,0.025516955609319235,56.61642074584961
170,2012-09-05,0.8232750846731494,0.8214951297782737,0.8246312777360137,0.8205627632142656,0.010292328873324154,-0.0015256848623003139,-0.0014409066291597439,-0.0021190031605921034,-0.001186636596584023,-0.019796024755055937,56.51726913452149
171,2012-09-06,0.8176809499559458,0.8123410206044733,0.8176809499559458,0.8115782105067456,0.00895566278587946,-0.005594134717203603,-0.009154109173800329,-0.006950327780067989,-0.008984552707519966,-0.001336666087444694,55.887542724609375
172,2012-09-07,0.8209018114799815,0.8118324805393214,0.8211560815125574,0.8110696704415936,0.006576397150227902,0.0032208615240357785,-0.0005085400651518857,0.0034751315566116103,-0.0005085400651519967,-0.0023792656356515585,55.85251998901367
173,2012-09-10,0.8107306221758777,0.8125105770707536,0.8131038953690456,0.8087811108147215,0.01197652814350447,-0.010171189304103878,0.0006780965314321374,-0.008052186143511775,-0.002288559626872133,0.005400130993276569,55.899112701416016
174,2012-09-11,0.8125953553038938,0.8098830338450096,0.8128496253364696,0.8090353808472974,0.009329929290363975,0.0018647331280161605,-0.002627543225743989,-0.00025427003257594283,0.00025427003257594283,-0.0026465988531404958,55.71837615966797
175,2012-09-12,0.8053059792581098,0.8048821527592535,0.8060687893558374,0.8025936577992255,0.013273094248325826,-0.007289376045784057,-0.005000881085756137,-0.006780835980632283,-0.00644172304807189,0.003943164957961851,55.374324798583984
176,2012-09-13,0.8058145193232614,0.8039497861952454,0.8124257988376135,0.7976775549466094,0.013326560891823614,0.0005085400651516636,-0.0009323665640080803,0.006357009481776088,-0.004916102852616122,5.346664349778832e-05,55.310203552246094
177,2012-09-14,0.7958976000517335,0.7889472722716653,0.7965756965831656,0.7870825391436493,0.013406760857070295,-0.009916919271527935,-0.015002513923580096,-0.01585010225444783,-0.010595015802960073,8.019996524668074e-05,54.278079986572266
178,2012-09-17,0.7921681337957013,0.7961518700843094,0.7986946997437576,0.7921681337957013,0.02220202371245639,-0.00372946625603221,0.0072045978126441534,0.0021190031605919923,0.005085594652051939,0.008795262855386095,54.77371597290039
179,2012-09-18,0.8025936577992255,0.7997117798740613,0.8045431044935375,0.7986946997437576,0.01879352518947242,0.010425524003524256,0.0035599097897518472,0.0058484047497798786,0.00652656594805634,-0.0034084985229839715,55.01861953735352
180,2012-09-19,0.8058992975564014,0.8037802943958094,0.8066621076541295,0.8016612912352175,0.015344926683865103,0.0033056397571759044,0.004068514521748168,0.0021190031605919923,0.0029665914914598357,-0.0034485985056073153,55.298526763916016
181,2012-09-20,0.8097134773787295,0.8036955161626694,0.8110696704415936,0.8036107379295294,0.014649860318393862,0.003814179822328012,-8.477823314001487e-05,0.0044075627874641254,0.0019494466943119626,-0.0006950663654712412,55.2927360534668
182,2012-09-21,0.8031021978643774,0.8064078376215534,0.8075096959849973,0.8003050981723534,0.02309758999104434,-0.006611279514352031,0.002712321458884004,-0.003559974456596282,-0.0033056397571760154,0.008447729672650476,55.479305267333984
183,2012-09-24,0.8093744291130133,0.8119172587724616,0.8124257988376135,0.8093744291130133,0.0077793966289281275,0.006272231248635851,0.005509421150908134,0.004916102852616122,0.00906933094065987,-0.015318193362116211,55.85832214355469
184,2012-09-25,0.8125953553038938,0.8154771685622135,0.8155619467953537,0.8094592073461535,0.00386296499271517,0.0032209261908805464,0.0035599097897519583,0.0031361479577401985,8.477823314023691e-05,-0.003916431636212957,56.103271484375
185,2012-09-26,0.8192066348182457,0.8204780496479698,0.8208170332468414,0.8181047117879574,0.006509563845855667,0.00661127951435192,0.005000881085756248,0.005255086451487756,0.008645504441803897,0.002646598853140497,56.44732666015625
186,2012-09-27,0.8200542231491137,0.8190370783519654,0.8200542231491137,0.8159009950610698,0.002419365618274899,0.0008475883308679544,-0.0014409712960044008,-0.0007628100977277175,-0.0022037167268875724,-0.004090198227580768,56.34819793701172
187,2012-09-28,0.8215799080114137,0.8193761266176817,0.8221732263097057,0.8172571234570897,0.005507064280272145,0.0015256848622999808,0.00033904826571629076,0.0021190031605919923,0.00135612839601984,0.003087698661997246,56.37150573730469
188,2012-10-01,0.8166638051587976,0.8191218565851056,0.8198847313496779,0.8147143584644859,0.03175918623768596,-0.004916102852616122,-0.00025427003257605385,-0.0022884949600278093,-0.002542764992603752,0.026252121957413818,56.53531265258789
189,2012-10-02,0.8173419016902297,0.8187828083193895,0.8200542231491137,0.8173419016902297,0.0027936321227594136,0.0006780965314321374,-0.0003390482657160687,0.00016949179943581694,0.002627543225743767,-0.02896555411492655,56.511905670166016
190,2012-10-03,0.8186980300862494,0.8197151748833976,0.8197151748833976,0.8161552650936457,0.0037693983665940413,0.001356128396019729,0.0009323665640080803,-0.0003390482657160687,-0.001186636596584023,0.0009757662438346277,56.57624053955078
191,2012-10-04,0.8161552650936457,0.8136972136673376,0.8189523647856699,0.8136972136673376,0.0060283640543755766,-0.002542764992603752,-0.006017961216060019,-0.0007628100977277175,-0.002458051426308061,0.002258965687781535,56.160892486572266
192,2012-10-05,0.8103915739101616,0.8080183007169935,0.8113239404741697,0.8077640306844176,0.004330798123320813,-0.0057636911834840765,-0.005678912950344062,-0.007628424311500237,-0.0059331829829200045,-0.0016975659310547635,55.768951416015625
193,2012-10-08,0.8123410206044733,0.8117477023061813,0.8136972136673376,0.8103067956770215,0.012056728108751153,0.0019494466943117406,0.003729401589187775,0.002373273193167935,0.002542764992603863,0.00772592998543034,56.0263557434082
194,2012-10-09,0.8103915739101616,0.8130191171359056,0.8141210401661937,0.8103915739101616,0.004999131167043161,-0.0019494466943117406,0.00127141482972426,0.0004238264988560836,8.477823314012589e-05,-0.007057596941707992,56.11409759521485
195,2012-10-10,0.8094592073461535,0.8162400433267857,0.8165790269256574,0.8092897155467178,0.006242230628366728,-0.0009323665640080803,0.0032209261908801023,0.0024579867594637372,-0.0011018583634437862,0.0012430994613235671,56.33641815185547
196,2012-10-11,0.8143753101987696,0.8212408597456976,0.8215799080114137,0.8133581654016215,0.0033149318968628445,0.004916102852616122,0.005000816418911924,0.005000881085756248,0.004068449854903733,-0.0029272987315038836,56.681583404541016
197,2012-10-12,0.8227665446079977,0.8228513228411377,0.8257331360994578,0.8208170332468414,0.04131634876291554,0.008391234409228066,0.0016104630954401067,0.004153228088044081,0.007458867845219874,0.0380014168660527,56.7927131652832
198,2012-10-15,0.8224274963422816,0.8226817663748577,0.8239531812045816,0.8203084931816896,0.009637362490476253,-0.0003390482657160687,-0.00016955646628002974,-0.0017799548948761457,-0.0005085400651517746,-0.031678986272439286,56.7809944152832
199,2012-10-16,0.8192066348182457,0.8159009950610698,0.8192066348182457,0.8157314385947894,0.005239731062783206,-0.0032208615240358895,-0.006780771313787848,-0.00474654638633587,-0.0045770545869002754,-0.004397631427693048,56.313018798828125
200,2012-10-17,0.8146295802313457,0.8117477023061813,0.8146295802313457,0.8106458439427375,0.014208760509537113,-0.004577054586900053,-0.004153292754888516,-0.004577054586900053,-0.005085594652051828,0.008969029446753908,56.0263557434082
201,2012-10-18,0.8121715288050375,0.8084420625490052,0.8137819919004778,0.8073402041855615,0.007391763463569166,-0.002458051426308172,-0.0033056397571761265,-0.0008475883308678434,-0.0033056397571760154,-0.006816997045967947,55.798187255859375
202,2012-10-19,0.8073402041855615,0.8145448019982054,0.8158162168279296,0.8073402041855615,0.005132797775787631,-0.004831324619475996,0.006102739449200256,0.0020342249274517554,0.0,-0.0022589656877815348,56.21940612792969
203,2012-10-22,0.8122563070381775,0.8102220174438813,0.8139514836999135,0.8095439855792937,0.022709956825685374,0.004916102852616011,-0.004322784554324111,-0.0018647331280160495,0.0022037813937322293,0.017577159049897744,55.92098617553711
204,2012-10-23,0.8142057537324896,0.8159857086273654,0.8159857086273654,0.8130191171359056,0.004758531271303116,0.0019494466943120736,0.0057636911834840765,0.0020342249274518664,0.0034751315566118324,-0.01795142555438226,56.31884765625
205,2012-10-24,0.8125105770707536,0.8121715288050375,0.8148838502639215,0.8121715288050375,0.024501089382861267,-0.0016951766617360198,-0.003814179822327901,-0.0011018583634438972,-0.0008475883308680654,0.019742558111558152,56.05556869506836
206,2012-10-25,0.8086116190152857,0.8086116190152857,0.8123410206044733,0.8068316641204095,0.007485330089690294,-0.003898958055467916,-0.0035599097897518472,-0.002542829659448187,-0.005339864684627993,-0.017015759293170972,55.80987930297852
207,2012-10-26,0.8120867505718975,0.8153076767627776,0.8153076767627776,0.8113239404741697,0.003221365270741716,0.0034751315566118324,0.006696057747491935,0.0029666561583042705,0.0044922763537601496,-0.0042639648189485785,56.27204513549805
208,2012-10-31,0.8169180751913733,0.8206475414474056,0.8219189562771297,0.8164943133593616,0.01255129456110569,0.004831324619475774,0.005339864684627993,0.006611279514352142,0.005170372885191954,0.009329929290363975,56.64059448242188
209,2012-11-01,0.8169180751913733,0.8164095351262216,0.8169180751913733,0.8136972136673376,0.0151444267707484,0.0,-0.004238006321183985,-0.00500088108575647,-0.0027970996920240188,0.002593132209642709,56.34811782836914
210,2012-11-02,0.8102220174438813,0.8153923903290735,0.8156467250284938,0.8100525256444455,0.0033683985403606324,-0.006696057747491935,-0.0010171447971480951,-0.001271350162879492,-0.003644688022892084,-0.011776028230387767,56.277923583984375
211,2012-11-05,0.8172571234570897,0.8172571234570897,0.8192066348182457,0.8168333616250779,0.012831994439469077,0.0070351060132083365,0.0018647331280161605,0.0035599097897519583,0.006780835980632394,0.009463595899108444,56.4066047668457
212,2012-11-06,0.8162400433267857,0.8131886736021856,0.8172571234570897,0.8125105770707536,0.0054803309585232515,-0.0010170801303039934,-0.004068449854904066,-0.0019495113611560644,-0.004322784554324333,-0.007351663480945825,56.125823974609375
213,2012-11-07,0.8225122745754218,0.8209865897131217,0.8230208146405736,0.8206475414474056,0.008795262855386095,0.006272231248636073,0.007797916110936054,0.0057636911834839655,0.008136964376652012,0.0033149318968628437,56.66397857666016
214,2012-11-08,0.8195456830839617,0.8266655026634656,0.8270045509291817,0.8164943133593616,0.013219627604828038,-0.0029665914914600577,0.005678912950343951,0.003983736288608042,-0.00415322808804397,0.004424364749441943,57.05602645874024
215,2012-11-09,0.8257331360994578,0.82649601086403,0.8266655026634656,0.8207323196805457,0.007405130124443613,0.006187453015496058,-0.0001694917994355949,-0.0003390482657160687,0.004238006321184096,-0.005814497480384425,57.04426193237305
216,2012-11-12,0.8271740427286175,0.8270045509291817,0.8279369174931898,0.8242922294702977,0.003929798297087405,0.0014409066291597439,0.0005085400651516636,0.001271414829724149,0.0035599097897519583,-0.0034753318273562078,57.079383850097656
217,2012-11-13,0.8296320941549254,0.8296320941549254,0.8299711424206417,0.8259874061320337,0.007752663307179233,0.00245805142630795,0.002627543225743767,0.0020342249274519775,0.0016951766617360198,0.0038228650100918284,57.26068115234375
218,2012-11-14,0.825648422533162,0.8285302357914818,0.8286997275909176,0.8255636443000218,0.0042505981580741314,-0.003983671621763496,-0.0011018583634436752,-0.001271414829724149,-0.0004237618320118708,-0.003502065149105102,57.184696197509766
219,2012-11-15,0.8260721843651737,0.8269197726960417,0.8296320941549254,0.825309374267446,0.004143664871078556,0.00042376183201175976,-0.0016104630954401067,0.0009323665640078582,-0.0002542700325758318,-0.00010693328699557577,57.073516845703125
220,2012-11-16,0.8272588209617576,0.8276826474606138,0.8306492389520738,0.8267502808966058,0.0074986967505647414,0.001186636596583912,0.0007628747645721523,0.0010171447971483172,0.001440906629159855,0.0033550318794861858,57.12615585327149
221,2012-11-19,0.8246312777360137,0.8238684029714416,0.8257331360994578,0.8222580045428459,0.025035755817839147,-0.002627543225743878,-0.003814244489172225,-0.004916102852616011,-0.0044922763537599275,0.017537059067274405,56.8629264831543
222,2012-11-20,0.8231055928737138,0.8193761266176817,0.8242074512371574,0.8192914130513859,0.005707564193388849,-0.0015256848622999808,-0.0044922763537599275,-0.0015256848623003139,-0.0029665914914600577,-0.0193281916244503,56.55284881591797
223,2012-11-21,0.8171724098907939,0.8188675865525297,0.8198847313496779,0.8171724098907939,0.006148664002245599,-0.005933182982919893,-0.0005085400651519967,-0.004322719887479565,-0.0021190031605919923,0.00044109980885675016,56.51778793334961
224,2012-11-23,0.8187828083193895,0.8186133165199536,0.8197151748833976,0.8170876316576537,0.00324809859249061,0.0016103984285956718,-0.00025427003257605385,-0.00016955646628025178,-8.477823314012589e-05,-0.0029005654097549894,56.50020217895508
225,2012-11-26,0.8221732263097057,0.8200542231491137,0.8240379594377217,0.8192914130513859,0.011054228543167632,0.0033904179903161413,0.001440906629160077,0.004322784554324111,0.0022037813937321182,0.007806129950677022,56.59967422485352
226,2012-11-27,0.8223427181091415,0.8237836894051458,0.8237836894051458,0.8208170332468414,0.006215497306617834,0.00016949179943581694,0.003729466256032099,-0.00025427003257594283,0.001525620195455546,-0.004838731236549798,56.857059478759766
227,2012-11-28,0.8268350591297459,0.8221732263097057,0.8273435991948977,0.8221732263097057,0.011789394891262213,0.004492341020604362,-0.0016104630954401067,0.0035599097897519583,0.0013561930628642749,0.005573897584644379,56.74592590332031
228,2012-11-29,0.8220884480765654,0.8228513228411377,0.8239531812045816,0.8201390013822539,0.007004130298210204,-0.004746611053180416,0.0006780965314320264,-0.0033904179903161413,-0.0020342249274517554,-0.004785264593052009,56.7927131652832
229,2012-11-30,0.8246312777360137,0.8212408597456976,0.8246312777360137,0.8205627632142656,0.013366660874446955,0.002542829659448298,-0.0016104630954401067,0.0006780965314321374,0.00042376183201164874,0.006362530576236751,56.681583404541016
230,2012-12-03,0.8146295802313457,0.8190370783519654,0.8200542231491137,0.8144600237650653,0.009757662438346276,-0.010001697504668061,-0.0022037813937322293,-0.004577054586900053,-0.006102739449200256,-0.0036089984361006786,56.71089172363281
231,2012-12-04,0.8206475414474056,0.8229360364074334,0.8238684029714416,0.8203932714148298,0.015866226457968535,0.006017961216059908,0.003898958055468027,0.003814179822327901,0.005933247649764439,0.006108564019622259,56.98088455200195
232,2012-12-05,0.82352941937257,0.8236141329388657,0.8254788660668817,0.8226817663748577,0.007605630037560317,0.0028818779251643667,0.0006780965314322485,0.0016104630954401067,0.0022884949600279203,-0.008260596420408217,57.02783203125
233,2012-12-06,0.8250550395680255,0.8252245960343058,0.8267502808966058,0.824122737670862,0.01264486118722682,0.001525620195455546,0.0016104630954401067,0.001271414829724149,0.0014409712960042897,0.005039231149666502,57.13931655883789
234,2012-12-07,0.8206475414474056,0.8194609048508217,0.8230208146405736,0.8175961717228055,0.00649619718498122,-0.004407498120619913,-0.0057636911834840765,-0.00372946625603221,-0.006526565948056451,-0.006148664002245599,56.74026870727539
235,2012-12-10,0.821410416211978,0.8204780496479698,0.8228513228411377,0.8196303966502576,0.0060283640543755766,0.0007628747645723744,0.0010171447971480951,-0.00016949179943592796,0.0020342249274520885,-0.00046783313060564345,56.81068420410156
236,2012-12-11,0.8192066348182457,0.8180199982216619,0.8198847313496779,0.8170028534245136,0.023859489660887814,-0.0022037813937322293,-0.002458051426307839,-0.0029665914914598357,-0.002627543225743989,0.01783112560651224,56.64044952392578
237,2012-12-12,0.8162400433267857,0.8113239404741697,0.8192066348182457,0.8113239404741697,0.005694197532514402,-0.0029665914914600577,-0.006696057747492268,-0.0006780965314321374,-0.005678912950343951,-0.018165292128373412,56.17683410644531
238,2012-12-13,0.8084420625490052,0.8098830338450096,0.8114087187073098,0.8077640306844176,0.005560530923769933,-0.007797980777780489,-0.001440906629160077,-0.007797916110935943,-0.0035599097897520693,-0.00013366660874446906,56.07706069946289
239,2012-12-14,0.8111543840078895,0.8140362619330537,0.8150534067302019,0.8111543840078895,0.004397631427693048,0.002712321458884337,0.004153228088044081,0.003644688022892084,0.0033903533234719285,-0.0011628994960768855,56.364654541015625
240,2012-12-17,0.8147143584644859,0.8073402041855615,0.8147143584644859,0.8066621076541295,0.0074585967679414,0.003559974456596393,-0.006696057747492157,-0.0003390482657159577,-0.0044922763537600385,0.0030609653402483526,55.90100860595703
241,2012-12-18,0.8052212010249695,0.8008137029043496,0.8058992975564014,0.7987794133100532,0.010319062195073048,-0.009493157439516398,-0.006526501281211905,-0.008815060908084482,-0.007882694344076291,0.002860465427131648,55.44910430908203
242,2012-12-19,0.8025936577992255,0.8031869760975178,0.8059840111226972,0.8016612912352175,0.00793979655942149,-0.002627543225743989,0.002373273193168157,8.471356629580207e-05,0.0028818779251642557,-0.0023792656356515576,55.6134147644043
243,2012-12-20,0.8056450275238256,0.8037802943958094,0.8058992975564014,0.8020850530672291,0.0033817652012350795,0.0030513697246000726,0.0005933182982916785,-8.471356629580207e-05,0.00042376183201164874,-0.004558031358186412,55.65452575683594
244,2012-12-21,0.8077640306844176,0.8075944742181375,0.8086963972484258,0.8067468858872695,0.0042639648189485785,0.0021190031605919923,0.003814179822328012,0.002797099692024352,0.004661832820040401,0.000882199617713499,55.91859436035156
245,2012-12-24,0.7904729571339656,0.7910662754322573,0.7914053236979737,0.7894558123368173,0.004638231323433093,-0.017291073550452007,-0.016528198785880188,-0.01729107355045212,-0.01729107355045223,0.00037426650448451476,55.58095932006836
246,2012-12-26,0.7910662754322573,0.7957280435854531,0.7966604101494611,0.7910662754322573,0.005279831045406547,0.0005933182982916785,0.0046617681531958555,0.005255086451487423,0.0016104630954399957,0.0006415997219734538,55.90849304199219
247,2012-12-27,0.7949652334877254,0.7988641915431934,0.8009831947037854,0.7935243268585657,0.004825364575675351,0.003898958055468138,0.0031361479577403095,0.004322784554324333,0.002458051426308394,-0.00045446646973119637,56.128814697265625
248,2012-12-28,0.8005593682049293,0.8028479278318016,0.8031021978643774,0.7992880180420495,0.006202130645743387,0.005594134717203936,0.003983736288608153,0.0021190031605919923,0.0057636911834838545,0.0013767660700680362,56.40870666503906
249,2012-12-31,0.8009831947037854,0.7956433300191577,0.8018307830346534,0.7940328669237173,0.011080961864916526,0.0004238264988560836,-0.007204597812643931,-0.001271414829724038,-0.005255151118332191,0.004878831219173139,55.90251541137695
250,2013-01-02,0.7876758574419414,0.788184397507093,0.7897948606025333,0.7862349508127815,0.01896729178084023,-0.013307337261844077,-0.007458932512064642,-0.012035922432120039,-0.007797916110935832,0.007886329915923704,55.37847900390625
251,2013-01-03,0.7870825391436493,0.7801322113635812,0.7872520309430849,0.7797931630978652,0.04219854838062904,-0.0005933182982920115,-0.008052186143511775,-0.002542829659448409,-0.006441787714916325,0.023231256599788808,54.81269073486328
252,2013-01-04,0.7793693365990091,0.7836921211533332,0.7836921211533332,0.7777589381704134,0.0070843302634568854,-0.007713202544640252,0.0035599097897519583,-0.0035599097897517362,-0.0020342249274517554,-0.03511421811717215,55.06281280517578
253,2013-01-07,0.7819969444915975,0.7836921211533332,0.7840311694190493,0.7813188479601653,0.009623995829601807,0.002627607892588424,0.0,0.0003390482657160687,0.0035599097897518472,0.0025396655661449217,55.06281280517578
254,2013-01-08,0.7858959025470653,0.7869977609105092,0.788184397507093,0.7853873624819135,0.006736797080721265,0.003898958055467805,0.0033056397571760154,0.004153228088043748,0.004068514521748279,-0.0028871987488805423,55.29509353637695
255,2013-01-09,0.7883539539733736,0.788184397507093,0.7903881789008254,0.7859806807802054,0.029353187280285513,0.002458051426308283,0.001186636596583801,0.0022037813937323403,0.0005933182982919005,0.022616390199564247,55.37847900390625
256,2013-01-10,0.7851330277824929,0.7866587126447933,0.7890319858379611,0.7828445328224652,0.013460227500568083,-0.0032209261908806575,-0.0015256848622997587,-0.0013561930628642749,-0.0031361479577401985,-0.015892959779717428,55.27125930786133
257,2013-01-11,0.7837768993864733,0.7913205454648333,0.7913205454648333,0.7837768993864733,0.00970419579484849,-0.001356128396019618,0.004661832820040068,0.002288559626872244,0.0009323665640080803,-0.003756031705719594,55.59881591796875
258,2013-01-14,0.7903881789008254,0.7897100823693933,0.7929310085602734,0.7882691757402333,0.03334981888174515,0.006611279514352031,-0.0016104630954399957,0.0016104630954401067,0.0044922763537599275,0.02364562308689666,55.48561096191406
259,2013-01-15,0.791490037264269,0.7914053236979737,0.7940328669237173,0.7910662754322573,0.007792763289802575,0.0011018583634436752,0.0016952413285803436,0.0011018583634438972,0.0027970996920240188,-0.025557055591942577,55.604774475097656
260,2013-01-16,0.7951347252871613,0.7918290855299853,0.7951347252871613,0.7910662754322573,0.006950663654712416,0.003644688022892306,0.00042376183201164874,0.0011018583634440082,0.0,-0.0008420996350901582,55.6345329284668
261,2013-01-17,0.7877606356750814,0.7886930022390893,0.7897100823693933,0.7864044426122172,0.006215497306617834,-0.00737408961207997,-0.0031360832908959857,-0.005424642917768008,-0.004661832820040068,-0.0007351663480945824,55.41419982910156
262,2013-01-18,0.7875910792088012,0.7913205454648333,0.7921681337957013,0.7875910792088012,0.005908064106505554,-0.00016955646628014076,0.002627543225743989,0.00245805142630795,0.001186636596584023,-0.00030743320011228023,55.59881591796875
263,2013-01-22,0.7891167640711012,0.7923376902619815,0.7924224038282771,0.7891167640711012,0.009356662612112867,0.0015256848622999808,0.0010171447971482062,0.0002542700325758318,0.0015256848622999808,0.0034485985056073136,55.67031478881836
264,2013-01-23,0.7933547703922852,0.7925919602945576,0.7950500117208654,0.7918290855299853,0.020825257642388354,0.004238006321183985,0.00025427003257605385,0.002627607892588313,0.002712321458884115,0.011468595030275487,55.688114166259766
265,2013-01-24,0.7916595937305494,0.7912357672316932,0.7920833555625613,0.7880996839407975,0.016039993049336346,-0.0016951766617357977,-0.001356193062864386,-0.0029666561583041595,-0.003729401589187775,-0.004785264593052008,55.59283065795898
266,2013-01-25,0.7846244877173412,0.7833530728876172,0.7872520309430849,0.7821664362910331,0.016735059414807588,-0.0070351060132082255,-0.007882694344075958,-0.004831324619476329,-0.005933247649764439,0.0006950663654712412,55.03897857666016
267,2013-01-28,0.7772503334384171,0.7811493561607294,0.7816578962258813,0.775809426809257,0.034833518238808765,-0.007374154278924072,-0.0022037167268877944,-0.005594134717203603,-0.006357009481776088,0.018098458824001178,54.884185791015625
268,2013-01-29,0.7800474331304411,0.7749618384783892,0.782081658057893,0.7749618384783892,0.01610682635370858,0.0027970996920240188,-0.006187517682340271,0.00042376183201164874,-0.0008475883308678434,-0.018726691885100184,54.44941329956055
269,2013-01-30,0.7727580570846571,0.7729276135509372,0.7738599801149452,0.770978102189781,0.049429911913704834,-0.007289376045784057,-0.0020342249274519775,-0.008221677942947814,-0.003983736288608153,0.03332308555999625,54.30650329589844
270,2013-01-31,0.7746227902126731,0.7725037870520811,0.7746227902126731,0.771571420488073,0.007913063237672597,0.0018647331280160495,-0.0004238264988560836,0.0007628100977279395,0.0005933182982920115,-0.04151684867603224,54.276737213134766
271,2013-02-01,0.7763179668744089,0.7667400958685969,0.7763179668744089,0.765638237505153,0.009971529012337428,0.0016951766617357977,-0.0057636911834841875,0.0016951766617357977,-0.0059331829829200045,0.002058465774664831,54.05563354492188
272,2013-02-04,0.769706687360057,0.769791465593197,0.7712323722223569,0.7664010476028811,0.011080961864916526,-0.00661127951435192,0.0030513697246000726,-0.00508559465205205,0.0007628100977280505,0.001109432852579098,54.270774841308594
273,2013-02-05,0.7662315558034452,0.7671639223674533,0.767757240665745,0.7657229510714488,0.01378102736155481,-0.0034751315566118324,-0.002627543225743656,-0.0034751315566118324,-0.0006780965314322485,0.002700065496638284,54.0854606628418
274,2013-02-06,0.7692829255280453,0.7719104687537891,0.7719952469869291,0.767757240665745,0.005908064106505554,0.0030513697246001836,0.004746546386335759,0.004238006321184096,0.0020342895942961903,-0.007872963255049256,54.42012023925781
275,2013-02-07,0.7720799605532248,0.7716561987212132,0.7747923466789534,0.770384783891489,0.007405130124443613,0.002797035025179473,-0.00025427003257594283,0.002797099692024241,0.002627543225743989,0.001497066017938059,54.40223693847656
276,2013-02-08,0.773012327117233,0.773012327117233,0.773012327117233,0.7685200507634731,0.010385895499445283,0.0009323665640081913,0.00135612839601984,-0.0017800195617203585,-0.0018647331280159385,0.00298076537500167,54.4978141784668
277,2013-02-11,0.7722495170195052,0.7735209318492293,0.7747075684458132,0.7719104687537891,0.012537927900231243,-0.0007628100977278285,0.0005086047319963205,0.0016952413285802326,0.0033904179903160303,0.00215203240078596,54.5336799621582
278,2013-02-12,0.7713171504554971,0.7722495170195052,0.7731818835835131,0.7708086103903451,0.0039966316014596395,-0.0009323665640080803,-0.001271414829724149,-0.0015256848623000918,-0.0011018583634440082,-0.008541296298771603,54.444068908691406
279,2013-02-13,0.7685200507634731,0.7680115106983211,0.769791465593197,0.767079144134313,0.003568898453477337,-0.0027970996920240188,-0.004238006321184096,-0.0033904179903161413,-0.003729466256032099,-0.00042773314798230265,54.14525604248047
280,2013-02-14,0.7710628804229211,0.7725885652852212,0.7734361536160891,0.7691981472949051,0.005466964297648804,0.002542829659448076,0.004577054586900164,0.003644688022892084,0.0021190031605921034,0.0018980658441714675,54.46792602539063
281,2013-02-15,0.773097105350373,0.773012327117233,0.7732666618166534,0.7702152920920534,0.004237231497199684,0.0020342249274518664,0.00042376183201175976,-0.00016949179943570591,0.0010171447971483172,-0.00122973280044912,54.4978141784668
282,2013-02-19,0.7719952469869291,0.7703000056583488,0.7738599801149452,0.7702152920920534,0.035742451178271156,-0.0011018583634438972,-0.002712321458884226,0.0005933182982917895,0.0,0.03150521968107147,54.3066291809082
283,2013-02-20,0.7683505589640371,0.7718256905206491,0.7718256905206491,0.7672486359337488,0.013179527622204697,-0.003644688022891973,0.0015256848623003139,-0.0020342895942960793,-0.0029666561583046036,-0.02256292355606646,54.414161682128906
284,2013-02-21,0.7746227902126731,0.7752161085109651,0.7772503334384171,0.7741142501475211,0.0069773969764613105,0.006272231248635962,0.0033904179903160303,0.005424642917768008,0.0068656142137722975,-0.006202130645743387,54.65317153930664
285,2013-02-22,0.7737752018818052,0.7745380119795329,0.7766570151401249,0.7737752018818052,0.004745164610428669,-0.0008475883308679544,-0.0006780965314322485,-0.0005933182982922336,-0.0003390482657159577,-0.0022322323660326415,54.605377197265625
286,2013-02-25,0.770978102189781,0.786065394346501,0.7861501725796413,0.770978102189781,0.007565530054936976,-0.0027970996920241298,0.011527382366968153,0.009493157439516398,-0.0027970996920241298,0.002820365444508307,55.418094635009766
287,2013-02-26,0.7836073429201932,0.7853025842487733,0.7888624940385253,0.7836073429201932,0.01128146177803323,0.012629240730412161,-0.0007628100977277175,0.002712321458884004,0.012629240730412161,0.0037159317230962535,55.36430358886719
288,2013-02-27,0.7891167640711012,0.7835226293538973,0.7891167640711012,0.782081658057893,0.0053332976889043345,0.005509421150908023,-0.0017799548948760346,0.00025427003257594283,-0.0015256848623002028,-0.005948164089128895,55.23878479003906
289,2013-02-28,0.7835226293538973,0.7836921211533332,0.7846244877173412,0.7815731179927411,0.006108564019622258,-0.005594134717203936,0.00016949179943592796,-0.0044922763537600385,-0.0005085400651518857,0.0007752663307179237,55.250755310058594
290,2013-03-01,0.7831835810881813,0.7836073429201932,0.7836921211533332,0.7806407514287331,0.005453597636774357,-0.0003390482657159577,-8.477823314001487e-05,-0.0009323665640079692,-0.0009323665640079692,-0.0006549663828479008,55.417388916015625
291,2013-03-04,0.7842854394516252,0.7819121662584572,0.7846244877173412,0.7810645779275893,0.008541296298771603,0.0011018583634438972,-0.0016951766617360198,0.0009323665640079692,0.0004238264988561946,0.003087698661997246,55.29750442504883
292,2013-03-05,0.7797083848647249,0.7803017031630172,0.7810645779275893,0.7789455747669973,0.005119431114913184,-0.0045770545869002754,-0.0016104630954399957,-0.0035599097897518472,-0.0021190031605919923,-0.0034218651838584194,55.1836051940918
293,2013-03-06,0.7776741599372732,0.7764875233406892,0.778521748268141,0.7755551567766812,0.0052664643845321,-0.0020342249274517554,-0.003814179822328012,-0.002542829659448298,-0.0033904179903161413,0.00014703326961891614,54.91385269165039
294,2013-03-07,0.7737752018818052,0.7710628804229211,0.7747923466789534,0.7704695621246291,0.005734297515137743,-0.003898958055468027,-0.005424642917768008,-0.003729401589187664,-0.00508559465205205,0.00046783313060564345,54.53025817871094
295,2013-03-08,0.7651296327731568,0.764960140973721,0.767757240665745,0.764282044442289,0.012430994613235668,-0.008645569108648332,-0.006102739449200145,-0.0070351060132083365,-0.00618751768234016,0.0066966970980979245,54.098663330078125
296,2013-03-11,0.7664858258360211,0.7637735043771371,0.7665706040691611,0.7637735043771371,0.009851229064467405,0.0013561930628642749,-0.001186636596583912,-0.001186636596583912,-0.0005085400651518857,-0.002579765548768263,54.01472473144531
297,2013-03-12,0.7678419542320408,0.7686048289966131,0.768859099029189,0.7668248741017372,0.010024995655835216,0.001356128396019729,0.004831324619475996,0.0022884949600279203,0.0030513697246000726,0.00017376659136781117,54.35640335083008
298,2013-03-13,0.7686048289966131,0.7678419542320408,0.768859099029189,0.765468681038873,0.009517062542606232,0.0007628747645722633,-0.0007628747645722633,0.0,-0.0013561930628641639,-0.0005079331132289838,54.30247116088867
299,2013-03-14,0.7669943659011728,0.764960140973721,0.7678419542320408,0.7637735043771371,0.005961530750003342,-0.0016104630954403287,-0.002881813258319821,-0.0010171447971482062,-0.0016951766617359088,-0.0035555317926028902,54.098663330078125
300,2013-03-15,0.7665706040691611,0.7671639223674533,0.7681810024977568,0.7660619993371647,0.008006629863793725,-0.00042376183201164874,0.0022037813937323403,0.0003390482657159577,0.0022884949600275872,0.0020450991137903832,54.25447845458984
301,2013-03-18,0.7741142501475211,0.770893323956641,0.774283741946957,0.7689438772623292,0.006309063932738963,0.00754364607836,0.003729401589187664,0.006102739449200256,0.0028818779251644777,-0.0016975659310547626,54.518253326416016
302,2013-03-19,0.7740294719143811,0.7747075684458132,0.7766570151401249,0.771571420488073,0.007685830002806999,-8.477823314001487e-05,0.003814244489172225,0.002373273193167824,0.002627543225743878,0.0013767660700680362,54.78800201416016
303,2013-03-20,0.7735209318492293,0.7689438772623292,0.7735209318492293,0.7689438772623292,0.008781896194511649,-0.0005085400651517746,-0.0057636911834840765,-0.0031360832908955416,-0.002627543225743878,0.0010960661917046501,54.38037109375
304,2013-03-21,0.7705543403577693,0.7714866422549329,0.7717409769543532,0.7686896072297531,0.0052129977410343125,-0.0029665914914600577,0.002542764992603752,-0.0017799548948761457,-0.00025427003257605385,-0.0035688984534773364,54.560184478759766
305,2013-03-22,0.7738599801149452,0.7732666618166534,0.7738599801149452,0.7703000056583488,0.003515431809979549,0.0033056397571759044,0.0017800195617204695,0.0021190031605919923,0.0016103984285956718,-0.0016975659310547635,54.68610000610352
306,2013-03-25,0.7725037870520811,0.7723342952526454,0.7751313302778251,0.771571420488073,0.005253097723657653,-0.0013561930628640528,-0.0009323665640079692,0.0012713501628799362,0.00127141482972426,0.0017376659136781039,54.62016296386719
307,2013-03-26,0.772164738786365,0.774283741946957,0.7758942050423971,0.7710628804229211,0.0033282985577372916,-0.0003390482657160687,0.0019494466943116295,0.0007628747645720413,-0.0005085400651518857,-0.0019247991659203613,54.758033752441406
308,2013-03-27,0.7773351116715571,0.777843651736709,0.7797931630978652,0.7772503334384171,0.006255597289241174,0.005170372885192065,0.0035599097897519583,0.003898958055468027,0.006187453015495947,0.0029272987315038827,55.009796142578125
309,2013-03-28,0.778521748268141,0.7768265716064052,0.7794541148321491,0.776402745107549,0.00509269779316429,0.001186636596583912,-0.0010170801303037713,-0.0003390482657160687,-0.0008475883308680654,-0.0011628994960768847,54.93782806396485
310,2013-04-01,0.7732666618166534,0.7747075684458132,0.7757246485761169,0.7714866422549329,0.03531471803028886,-0.005255086451487645,-0.0021190031605919923,-0.00372946625603221,-0.004916102852616122,0.030222020237124565,55.08975982666016
311,2013-04-02,0.7746227902126731,0.7729276135509372,0.7747923466789534,0.772164738786365,0.005854597463007766,0.001356128396019729,-0.0017799548948760346,-0.0009323018971635344,0.0006780965314321374,-0.02946012056728109,54.963157653808594
312,2013-04-03,0.7765723015738294,0.7788607965338571,0.7797931630978652,0.7751313302778251,0.006068464036998917,0.0019495113611562864,0.005933182982919893,0.005000816418911813,0.0029665914914600577,0.00021386657399115067,55.38510894775391
313,2013-04-04,0.7817426744590215,0.7849635359830572,0.7854720760482092,0.7806407514287331,0.00636253057623675,0.005170372885192065,0.006102739449200145,0.005678912950344062,0.005509421150908023,0.00029406653923783315,55.81904983520508
314,2013-04-05,0.7967451883826013,0.7953889953197372,0.7992880180420495,0.7953889953197372,0.006857097028591288,0.015002513923579874,0.010425459336679932,0.013815941993840286,0.014748243891004043,0.0004945664523545376,56.5604133605957
315,2013-04-08,0.7978470467460451,0.7951347252871613,0.7986099215106175,0.7933547703922852,0.015385026666488444,0.0011018583634437862,-0.0002542700325758318,-0.0006780965314320264,-0.0020342249274519775,0.008527929637897155,56.5423469543457
316,2013-04-09,0.7964061401168854,0.7942871369562933,0.7967451883826013,0.7930157221265693,0.013406760857070295,-0.0014409066291597439,-0.0008475883308680654,-0.0018647331280161605,-0.0003390482657158467,-0.0019782658094181487,56.48200988769531
317,2013-04-10,0.7907272271665414,0.7879301274745172,0.7907272271665414,0.7870825391436493,0.02333818988678438,-0.005678912950343951,-0.006357009481776088,-0.006017961216059908,-0.0059331829829200045,0.009931429029714086,56.03000259399414
318,2013-04-11,0.7895405905699574,0.788184397507093,0.7895405905699574,0.7872520309430849,0.01518452675337174,-0.001186636596584023,0.0002542700325758318,-0.001186636596584023,0.0001694917994355949,-0.00815366313341264,56.0481071472168
319,2013-04-12,0.7942871369562933,0.7960670918511694,0.7962366483174494,0.7921681337957013,0.005360031010653229,0.00474654638633587,0.007882694344076402,0.006696057747492046,0.004916102852616344,-0.00982449574271851,56.60863494873047
320,2013-04-15,0.7974232849140334,0.7998813363403418,0.8006441464380694,0.7958128218185934,0.012618127865477925,0.0031361479577400875,0.003814244489172336,0.004407498120619913,0.003644688022892084,0.007258096854824697,56.8798713684082
321,2013-04-16,0.7967451883826013,0.7976775549466094,0.7985251432774774,0.7958976000517335,0.009690829133974042,-0.0006780965314320264,-0.0022037813937323403,-0.0021190031605919923,8.477823314012589e-05,-0.0029272987315038836,56.72317123413086
322,2013-04-17,0.7982708732449014,0.7996270016409212,0.8018307830346534,0.7973385066808933,0.005493697619397699,0.0015256848623000918,0.0019494466943117406,0.0033056397571760154,0.001440906629159855,-0.004197131514576343,56.86178207397461
323,2013-04-18,0.7992032398089095,0.8014070212026415,0.8020850530672291,0.7992032398089095,0.014943926857631695,0.0009323665640080803,0.0017800195617203585,0.0002542700325757208,0.0018647331280161605,0.009450229238233996,56.98837661743164
324,2013-04-19,0.8008137029043496,0.8003050981723534,0.8008137029043496,0.7990336833426291,0.0015237993396869528,0.0016104630954401067,-0.00110192303028811,-0.001271350162879492,-0.0001695564662803628,-0.013420127517944741,56.90999603271485
325,2013-04-22,0.8003050981723534,0.8008137029043496,0.8019155612677935,0.7994575098414854,0.009864595725341853,-0.0005086047319962095,0.0005086047319962095,0.0011018583634438972,0.00042382649885630563,0.0083407963856549,56.94614410400391
326,2013-04-23,0.8031869760975178,0.7992880180420495,0.8031869760975178,0.7989489697763337,0.011909694839132236,0.0028818779251643667,-0.0015256848623000918,0.00127141482972426,-0.0005085400651517746,0.0020450991137903832,56.8376579284668
327,2013-04-24,0.7997117798740613,0.8003050981723534,0.8009831947037854,0.7980166032123255,0.005680830871639956,-0.0034751962234564893,0.0010170801303038823,-0.0022037813937323403,-0.0009323665640081913,-0.00622886396749228,56.90999603271485
328,2013-04-25,0.7967451883826013,0.7992032398089095,0.7996270016409212,0.7967451883826013,0.005039231149666502,-0.0029665914914599467,-0.0011018583634438972,-0.0013561930628642749,-0.001271414829724149,-0.0006415997219734538,56.8316535949707
329,2013-04-26,0.8031869760975178,0.8042040562278212,0.8048821527592535,0.8025088795660855,0.005306564367155441,0.006441787714916436,0.005000816418911702,0.005255151118332302,0.0057636911834841875,0.000267333217488939,57.187255859375
330,2013-04-29,0.8054754710575454,0.8023393877666497,0.8059840111226972,0.8020850530672291,0.012404261291486774,0.0022884949600275872,-0.0018646684611715036,0.0011018583634437862,-0.00042382649885641666,0.0070976969243313325,57.05464553833008
331,2013-04-30,0.8058145193232614,0.8030174196312372,0.8059840111226972,0.8013222429695015,0.013767660700680364,0.0003390482657160687,0.0006780318645874805,0.0,-0.0007628100977276064,0.00136339940919359,57.10285568237305
332,2013-05-01,0.8023393877666497,0.8046278827266775,0.8070011559198454,0.8020850530672291,0.006349163915362303,-0.0034751315566117214,0.0016104630954403287,0.0010171447971482062,0.0007628100977276064,-0.007418496785318061,57.40217208862305
333,2013-05-02,0.8073402041855615,0.8067468858872695,0.8073402041855615,0.8036107379295294,0.0083407963856549,0.005000816418911813,0.0021190031605919923,0.0003390482657160687,0.0015256848623003139,0.0019916324702925967,57.55335235595703
334,2013-05-03,0.7996270016409212,0.7957280435854531,0.7997117798740613,0.7950500117208654,0.01676179273655648,-0.007713202544640363,-0.011018842301816378,-0.007628424311500237,-0.008560726208663993,0.00842099635090158,56.76724243164063
335,2013-05-06,0.7942023587231533,0.7919138637631253,0.7963213618837452,0.7898796388356734,0.027107588253378424,-0.005424642917767897,-0.00381417982232779,-0.0033904179903160303,-0.005170372885192065,0.010345795516821944,56.49512100219727
336,2013-05-07,0.7892863205373816,0.7900491306351093,0.791490037264269,0.7886930022390893,0.0149171935358828,-0.004916038185771687,-0.0018647331280160495,-0.004831324619476218,-0.001186636596584023,-0.012190394717495624,56.36214828491211
337,2013-05-08,0.7891167640711012,0.7903881789008254,0.7924224038282771,0.7888624940385253,0.011829494873885555,-0.0001695564662803628,0.0003390482657160687,0.0009323665640080803,0.00016949179943592796,-0.003087698661997245,56.38631439208984
338,2013-05-09,0.7924224038282771,0.7900491306351093,0.7949652334877254,0.7899643524019693,0.005734297515137743,0.0033056397571759044,-0.0003390482657160687,0.002542829659448298,0.0011018583634440082,-0.006095197358747812,56.36214828491211
339,2013-05-10,0.7880996839407975,0.7834378511207573,0.789371034103677,0.7797931630978652,0.00434416478419526,-0.004322719887479565,-0.006611279514352031,-0.005594199384048371,-0.0101711893041041,-0.0013901327309424833,55.89046478271485
340,2013-05-13,0.7791150665664331,0.7779284299698491,0.7811493561607294,0.7774198899046972,0.008568029620520497,-0.008984617374364401,-0.005509421150908134,-0.008221677942947592,-0.002373273193167935,0.004223864836325237,55.49744415283203
341,2013-05-14,0.7812340697270252,0.773690423648665,0.7828445328224652,0.773690423648665,0.005774397497761085,0.0021190031605921034,-0.004238006321184096,0.0016951766617357977,-0.00372946625603221,-0.0027936321227594128,55.19509506225586
342,2013-05-15,0.7764875233406892,0.7761484750749731,0.7797083848647249,0.7716561987212132,0.006001630732626682,-0.004746546386336092,0.002458051426308061,-0.0031361479577403095,-0.0020342249274518664,0.00022723323486559775,55.37044143676758
343,2013-05-16,0.7809797996944492,0.7824207063236092,0.7848787577499171,0.7782674782355652,0.007204630211326908,0.0044922763537600385,0.006272231248636073,0.005170372885192176,0.006611279514352031,0.001202999478700226,55.81793975830078
344,2013-05-17,0.7793693365990091,0.7769960634058412,0.7806407514287331,0.7749618384783892,0.005533797602021039,-0.0016104630954401067,-0.005424642917768008,-0.004238006321183985,-0.0033056397571760154,-0.0016708326093058693,55.430931091308594
345,2013-05-20,0.7763179668744089,0.7738599801149452,0.7773351116715571,0.7737752018818052,0.024995655835215805,-0.0030513697246001836,-0.0031360832908959857,-0.0033056397571760154,-0.001186636596584023,0.019461858233194768,55.20721435546875
346,2013-05-21,0.7736056454155249,0.7789455747669973,0.7789455747669973,0.7717409769543532,0.009370029272987315,-0.002712321458884004,0.005085594652052161,0.0016104630954402177,-0.0020342249274519775,-0.01562562656222849,55.56999969482422
347,2013-05-22,0.7788607965338571,0.7702152920920534,0.7830988028550412,0.7700457356257729,0.006883830350340182,0.005255151118332191,-0.008730282674943912,0.004153228088043859,-0.0016952413285802326,-0.0024861989226471334,54.94718551635742
348,2013-05-23,0.7740294719143811,0.7714866422549329,0.7740294719143811,0.7680115106983211,0.004370898105944154,-0.004831324619475996,0.001271350162879492,-0.009069330940660092,-0.0020342249274518664,-0.0025129322443960276,55.037872314453125
349,2013-05-24,0.7720799605532248,0.7711476586560613,0.7760636968418331,0.7711476586560613,0.0042639648189485785,-0.0019495113611562864,-0.0003389835988716339,0.0020342249274519775,0.0031361479577401985,-0.00010693328699557577,55.01372146606445
350,2013-05-28,0.7699609573926328,0.7591116715570968,0.770384783891489,0.758942179757661,0.010252228890700814,-0.0021190031605919923,-0.012035987098964473,-0.005678912950344062,-0.01220547889840029,0.005988264071752235,54.155059814453125
351,2013-05-29,0.7584336396925092,0.7607221346525369,0.7617392794496851,0.7578403213942172,0.007605630037560317,-0.011527317700123607,0.0016104630954401067,-0.008645504441803897,-0.0011018583634437862,-0.0026465988531404966,54.26994705200195
352,2013-05-30,0.7615697229834049,0.760128816354245,0.764366822675429,0.7594507198228129,0.006883830350340182,0.0031360832908956526,-0.0005933182982919005,0.002627543225743878,0.0016103984285956718,-0.0007217996872201354,54.22762680053711
353,2013-05-31,0.7598745463216691,0.7544499034039011,0.7598745463216691,0.7512289772130206,0.015732559849224066,-0.0016951766617357977,-0.005678912950343951,-0.0044922763537599275,-0.008221742609792249,0.008848729498883885,53.82252883911133
354,2013-06-03,0.7512289772130206,0.7539412986719047,0.7597049898553888,0.7475842891901286,0.013593894109312553,-0.008645569108648443,-0.0005086047319963205,-0.00016955646628025178,-0.003644688022891973,-0.0021386657399115137,53.97478103637695
355,2013-06-04,0.7533479803736127,0.7498728488170009,0.7533479803736127,0.7481776074884205,0.00982449574271851,0.0021190031605921034,-0.004068449854903844,-0.006357009481776088,0.0005933182982919005,-0.0037693983665940418,53.68354034423828
356,2013-06-05,0.749957627050141,0.752924218541601,0.754110855138185,0.7491947522855688,0.005360031010653229,-0.0033903533234717065,0.0030513697246000726,0.0007628747645722633,0.0010171447971482062,-0.004464464732065282,53.9019660949707
357,2013-06-06,0.7531784885741769,0.7555517617673448,0.7604678646199611,0.7498728488170009,0.005694197532514402,0.0032208615240358895,0.002627543225743878,0.006357009481776088,0.0006780965314321374,0.0003341665218611735,54.09004974365234
358,2013-06-07,0.751737581945017,0.7494490223181447,0.7551279352684886,0.7491947522855688,0.0069773969764613105,-0.001440906629159855,-0.006102739449200145,-0.005339929351472428,-0.0006780965314321374,0.0012831994439469084,53.65316009521485
359,2013-06-10,0.7436006175683649,0.7425834727712168,0.7469909708918366,0.7414816144077729,0.01531819336211621,-0.008136964376652123,-0.006865549546927863,-0.008136964376652012,-0.007713137877795817,0.008340796385654898,53.1616439819336
360,2013-06-11,0.7377521481517407,0.7446176976986687,0.7452957942301008,0.7361416850563006,0.007485330089690294,-0.005848469416624202,0.0020342249274518664,-0.0016951766617357977,-0.005339929351472317,-0.007832863272425914,53.30732345581055
361,2013-06-12,0.7433462828689446,0.7385997364826087,0.7460586043278286,0.7385997364826087,0.004745164610428669,0.005594134717203825,-0.006017961216060019,0.0007628100977277175,0.002458051426308061,-0.0027401654792616253,52.87648010253906
362,2013-06-13,0.7413120579414927,0.7450415241975249,0.7477538456564089,0.739955929545473,0.010172028925454133,-0.0020342249274518664,0.006441787714916214,0.0016952413285803436,0.0013561930628642749,0.005426864315025464,53.33763885498047
363,2013-06-14,0.748431942187841,0.748686212220417,0.750550945348433,0.7479233374558447,0.004410998088567495,0.007119884246348351,0.003644688022892084,0.0027970996920241298,0.00796740791037176,-0.005761030836886638,53.598575592041016
364,2013-06-17,0.7482623857215608,0.7437701093678007,0.751398533679301,0.7429225210369329,0.005787764158635531,-0.00016955646628025178,-0.004916102852616233,0.0008475883308679544,-0.005000816418911813,0.0013767660700680362,53.24662399291992
365,2013-06-18,0.7412272797083526,0.742668251004357,0.7452957942301008,0.7406339614100605,0.004103564888455215,-0.0070351060132082255,-0.0011018583634437862,-0.006102739449200145,-0.002288559626872355,-0.0016841992701803156,53.1677360534668
366,2013-06-19,0.7441091576335168,0.7325817752665487,0.7458891125283927,0.7319884569682567,0.007819496611551468,0.0028818779251642557,-0.010086475737808298,0.0005933182982919005,-0.008645504441803897,0.0037159317230962526,52.44567489624024
367,2013-06-20,0.7243600326567565,0.7193592162378446,0.7243600326567565,0.7129174285229284,0.05410824321976127,-0.01974912497676029,-0.013222559028704062,-0.021529079871636214,-0.019071028445328264,0.04628874660820981,51.49907302856445
368,2013-06-21,0.7188506115058483,0.7096117887657525,0.7209696146664404,0.7096117887657525,0.028898720810554314,-0.005509421150908245,-0.009747427472092118,-0.0033904179903161413,-0.0033056397571759044,-0.025209522409206958,50.80126190185547
369,2013-06-24,0.7030005092514005,0.7054585606777085,0.7077470556377363,0.6992710429953682,0.03044925347199016,-0.01585010225444783,-0.00415322808804397,-0.013222559028704062,-0.010340745770384241,0.0015505326614358474,50.50392150878906
370,2013-06-25,0.7038480975822684,0.7039328758154085,0.7077470556377363,0.7013900461559602,0.009944795690588534,0.0008475883308679544,-0.0015256848622999808,0.0,0.0021190031605919923,-0.020504457781401628,50.394676208496094
371,2013-06-26,0.7102051070640444,0.7122393319914964,0.7148668752172401,0.7073232291388801,0.015104326788125058,0.006357009481775977,0.008306456176087829,0.0071198195795038055,0.005933182982919893,0.005159531097536524,50.98935317993164
372,2013-06-27,0.7157145282149526,0.7200372481024323,0.7200372481024323,0.7144431133852285,0.03161215296806705,0.005509421150908245,0.007797916110935943,0.005170372885192176,0.007119884246348351,0.016507826179941988,51.54760360717773
373,2013-06-28,0.7173249266435483,0.7218172676641528,0.7219019812304484,0.7146126051846643,0.030703220028604653,0.0016103984285956718,0.0017800195617204695,0.0018647331280160495,0.00016949179943581694,-0.0009089329394623945,51.67498779296875
374,2013-07-01,0.7191896597715643,0.7243600326567565,0.7246143026893324,0.7170706566109724,0.011348295082405464,0.0018647331280160495,0.002542764992603752,0.002712321458884004,0.002458051426308061,-0.01935492494619919,52.04653549194336
375,2013-07-02,0.7232581742933126,0.7253771774539046,0.7264790358173485,0.7231733960601725,0.004892197880047585,0.004068514521748279,0.0010171447971480951,0.0018647331280161605,0.006102739449200145,-0.006456097202357879,52.11958312988281
376,2013-07-03,0.7248685727219083,0.7241905408573207,0.7257162257196207,0.7224105859624448,0.004237231497199684,0.0016103984285956718,-0.001186636596583912,-0.0007628100977278285,-0.0007628100977277175,-0.0006549663828479008,52.03433609008789
377,2013-07-05,0.7065604190411524,0.7056280524771443,0.7114765218937685,0.7032547792839764,0.012845361100343523,-0.01830815368075589,-0.01856248838017638,-0.014239703825852157,-0.01915580667846839,0.00860812960314384,50.70058441162109
378,2013-07-08,0.7056280524771443,0.7102898852971846,0.7117307919263445,0.7056280524771443,0.013981527274671514,-0.0009323665640080803,0.00466183282004029,0.00025427003257594283,0.002373273193167935,0.0011361661743279905,51.03555679321289
379,2013-07-09,0.7115612354600642,0.7108832035954765,0.7130869203223642,0.7088489140011802,0.014823626909761672,0.005933182982919893,0.0005933182982919005,0.001356128396019729,0.0032208615240358895,0.0008420996350901582,51.078163146972656
380,2013-07-10,0.7098660587983283,0.7074927856051604,0.7114765218937685,0.7060518789760005,0.006242230628366728,-0.0016951766617359088,-0.0033904179903161413,-0.0016103984285956718,-0.002797035025179695,-0.008581396281394944,50.834571838378906
381,2013-07-11,0.7121545537583561,0.7143583351520884,0.7152907017160964,0.7091879622668963,0.01487709355325946,0.0022884949600278093,0.006865549546927974,0.003814179822327901,0.0031360832908957637,0.008634862924892732,51.32786560058594
382,2013-07-12,0.7163078465132445,0.7145278916183686,0.7174097048766884,0.7117307919263445,0.010439362142943071,0.004153292754888405,0.00016955646628025178,0.0021190031605919923,0.002542829659448187,-0.004437731410316389,51.340065002441406
383,2013-07-15,0.7144431133852285,0.7160535764806687,0.7181725796412607,0.7144431133852285,0.03778755029206154,-0.0018647331280160495,0.0015256848623000918,0.0007628747645722633,0.002712321458884004,0.027348188149118467,51.449668884277344
384,2013-07-16,0.7180878014081206,0.7192744380047045,0.7200372481024323,0.7171554348441125,0.020972290912007273,0.003644688022892084,0.0032208615240357785,0.0018646684611716147,0.002712321458884004,-0.016815259380054265,51.68112182617188
385,2013-07-17,0.7222410294961644,0.7204610746012885,0.7235124443258886,0.7184268496738366,0.019448491572320318,0.004153228088043859,0.001186636596584023,0.0034751962234562672,0.001271414829724149,-0.001523799339686955,51.76636505126953
386,2013-07-18,0.7213086629321563,0.7162230682801044,0.7213086629321563,0.7160535764806687,0.015505326614358467,-0.0009323665640080803,-0.004238006321184096,-0.0022037813937322293,-0.002373273193167935,-0.003943164957961851,51.46187210083008
387,2013-07-19,0.7180878014081206,0.7222410294961644,0.7228343477944564,0.7180878014081206,0.012751794474222394,-0.0032208615240357785,0.006017961216060019,0.0015256848623000918,0.0020342249274518664,-0.0027535321401360724,51.89427185058594
388,2013-07-22,0.7241905408573207,0.7251229074213288,0.7264790358173485,0.7229191260275966,0.012190394717495622,0.006102739449200145,0.0028818779251643667,0.003644688022892084,0.004831324619475996,-0.0005613997567267721,52.10132598876953
389,2013-07-23,0.7209696146664404,0.7226648559950206,0.7234276660927484,0.7209696146664404,0.007137796906954674,-0.0032209261908803244,-0.002458051426308172,-0.0030513697246000726,-0.0019495113611561754,-0.005052597810540948,51.92469787597656
390,2013-07-24,0.7171554348441125,0.7167316083452563,0.7186811197064126,0.7119850619589204,0.012765161135096842,-0.003814179822327901,-0.005933247649764328,-0.00474654638633587,-0.008984552707519966,0.0056273642281421685,51.49840927124024
391,2013-07-25,0.7124936020240722,0.7149516534503804,0.7154602581823767,0.7119002837257803,0.005360031010653229,-0.00466183282004029,-0.0017799548948759236,-0.0032208615240358895,-8.477823314012589e-05,-0.007405130124443614,51.37052154541016
392,2013-07-26,0.7149516534503804,0.7177487531424045,0.7181725796412607,0.7138497950869365,0.008420996350901582,0.002458051426308172,0.0027970996920241298,0.002712321458884004,0.0019495113611561754,0.0030609653402483535,51.57150650024414
393,2013-07-29,0.7152059234829562,0.7137650168537963,0.7173249266435483,0.7122393319914964,0.012858727761217971,0.0002542700325758318,-0.003983736288608153,-0.0008476529977123892,-0.0016104630954401067,0.004437731410316389,51.285247802734375
394,2013-07-30,0.7160535764806687,0.7134259685880803,0.7167316083452563,0.7128326502897883,0.01045272880381752,0.0008476529977125002,-0.0003390482657160687,-0.0005933182982920115,0.0005933182982919005,-0.002405998957400452,51.26090621948242
395,2013-07-31,0.7065604190411524,0.7146126051846643,0.7165621165458205,0.7062213707754363,0.00838089636827824,-0.009493157439516287,0.001186636596584023,-0.00016949179943581694,-0.00661127951435192,-0.002071832435539279,51.34617614746094
396,2013-08-01,0.7080013256703123,0.7035090493165523,0.7120698401920605,0.7024919045194041,0.005667464210765509,0.001440906629159855,-0.011103555868111958,-0.0044922763537599275,-0.00372946625603221,-0.002713432157512731,50.74515151977539
397,2013-08-02,0.7082555957028882,0.7075775638383005,0.7111374736280525,0.7071537373394443,0.009022496090251695,0.00025427003257594283,0.004068514521748168,-0.0009323665640080803,0.004661832820040179,0.0033550318794861858,51.03862380981445
398,2013-08-05,0.7079165474371721,0.7039328758154085,0.7079165474371721,0.7035090493165523,0.004317431462446366,-0.0003390482657160687,-0.003644688022891973,-0.0032209261908803244,-0.003644688022891973,-0.004705064627805329,50.7757453918457
399,2013-08-06,0.7045261941137004,0.7045261941137004,0.7055432742440042,0.7023224127199683,0.005667464210765509,-0.0033903533234717065,0.0005933182982919005,-0.002373273193167935,-0.001186636596584023,0.001350032748319143,50.81854248046875
400,2013-08-07,0.7070689591063042,0.7085098657354642,0.7104593770966203,0.7056280524771443,0.0034218651838584203,0.002542764992603752,0.003983671621763718,0.004916102852616122,0.0033056397571760154,-0.0022455990269070886,51.105865478515625
401,2013-08-08,0.7107136471291963,0.7096117887657525,0.7126631584903526,0.7090184704674605,0.0028871987488805423,0.003644688022892084,0.001101923030288332,0.0022037813937322293,0.0033904179903161413,-0.000534666434977878,51.18536376953125
402,2013-08-09,0.7090184704674605,0.7100355505977641,0.7108832035954765,0.7073232291388801,0.0077793966289281275,-0.0016951766617357977,0.00042376183201164874,-0.0017799548948760346,-0.0016952413285803436,0.004892197880047585,51.2159309387207
403,2013-08-12,0.7117307919263445,0.7080013256703123,0.7121545537583561,0.7080013256703123,0.0033951318621095266,0.002712321458884004,-0.0020342249274518664,0.0012713501628796031,0.0006780965314321374,-0.0043842647668186005,51.06920623779297
404,2013-08-13,0.7025766827525443,0.7006272360582325,0.7025766827525443,0.6984234546645003,0.0046649646451819874,-0.009154109173800218,-0.007374089612079748,-0.009577871005811867,-0.009577871005811978,0.0012698327830724609,50.53727722167969
405,2013-08-14,0.6999491395268004,0.7005424578250924,0.701559537955396,0.6980844063987842,0.0019648991485437025,-0.002627543225743878,-8.477823314012589e-05,-0.0010171447971482062,-0.0003390482657160687,-0.002700065496638285,50.531211853027344
406,2013-08-15,0.6944397183758922,0.692490207014736,0.6963044515039083,0.69223593698216,0.007191263550452461,-0.005509421150908134,-0.008052250810356432,-0.005255086451487756,-0.005848469416624202,0.005226364401908759,49.95037078857422
407,2013-08-16,0.6921512234158644,0.687404612362684,0.6929988117467323,0.6855398792346679,0.003528798470853996,-0.0022884949600278093,-0.005085594652051939,-0.0033056397571760154,-0.006696057747492157,-0.003662465079598465,49.583526611328125
408,2013-08-19,0.6854551656683723,0.6827428442094883,0.686811294064392,0.6818104776454802,0.012457727934984562,-0.006696057747492157,-0.0046617681531957444,-0.006187517682340271,-0.003729401589187664,0.008928929464130566,49.24727630615234
409,2013-08-20,0.684946560936376,0.6872351205632482,0.6890998536912644,0.6847770691369401,0.03836231670966276,-0.0005086047319963205,0.0044922763537599275,0.002288559626872355,0.0029665914914599467,0.025904588774678196,49.5713119506836
410,2013-08-21,0.6842685290717883,0.6822342394774918,0.6874893905958241,0.6822342394774918,0.021627257294855172,-0.0006780318645877026,-0.005000881085756359,-0.0016104630954402177,-0.002542829659448298,-0.016735059414807588,49.21060562133789
411,2013-08-22,0.6818104776454802,0.685624657467808,0.6863027539992401,0.6811323811140481,0.009583895846978467,-0.002458051426308061,0.0033904179903161413,-0.001186636596584023,-0.0011018583634437862,-0.012043361447876705,49.45512008666992
412,2013-08-23,0.6853703874352322,0.6941854483433163,0.6948635448747484,0.6853703874352322,0.00728483017657359,0.0035599097897519583,0.008560790875508317,0.008560790875508317,0.004238006321184096,-0.002299065670404877,50.072635650634766
413,2013-08-26,0.694948258441044,0.6956263549724762,0.6963044515039083,0.6933378600124483,0.004718431288679775,0.009577871005811867,0.001440906629159855,0.001440906629159855,0.007967472577216195,-0.002566398887893815,50.17653274536133
414,2013-08-27,0.6986777246970762,0.7018138726548164,0.7018138726548164,0.6954568631730403,0.0068169970459679465,0.00372946625603221,0.006187517682340271,0.005509421150908134,0.0021190031605919923,0.0020985657572881716,50.62286758422852
415,2013-08-28,0.6999491395268004,0.69825389819822,0.6999491395268004,0.6965587215364842,0.0028337321053827544,0.001271414829724149,-0.003559974456596393,-0.0018647331280160495,0.0011018583634438972,-0.003983264940585192,50.366092681884766
416,2013-08-29,0.6972368180679164,0.7002881877925164,0.7022376344868282,0.6953720849399002,0.016975659310547633,-0.002712321458884004,0.0020342895942964123,0.0022884949600278093,-0.001186636596584023,0.014141927205164878,50.51282501220703
417,2013-08-30,0.7023224127199683,0.7022376344868282,0.7046109076799961,0.700372901358812,0.00495903118441982,0.005085594652051939,0.0019494466943117406,0.002373273193167935,0.005000816418911813,-0.012016628126127814,50.65347290039063
418,2013-09-03,0.6959654032381922,0.6920664451827242,0.6959654032381922,0.6887608054255483,0.06966703647761753,-0.006357009481776088,-0.01017118930410399,-0.008645504441803897,-0.011612095933263733,0.06470800529319772,50.11336135864258
419,2013-09-04,0.6923207152153001,0.689523615523276,0.6938464000776002,0.689523615523276,0.007164530228703568,-0.003644688022892084,-0.002542829659448187,-0.0021190031605919923,0.0007628100977277175,-0.06250250624891396,49.9292221069336
420,2013-09-05,0.6881674871272563,0.6811323811140481,0.6881674871272563,0.6811323811140481,0.02150695734698515,-0.004153228088043859,-0.008391234409227954,-0.005678912950343951,-0.008391234409227954,0.01434242711828158,49.32157897949219
421,2013-09-06,0.6851161174026562,0.684353242638084,0.6871503423301081,0.6830818278083598,0.006215497306617834,-0.0030513697246000726,0.0032208615240358895,-0.0010171447971482062,0.0019494466943117406,-0.015291460040367315,49.55481719970703
422,2013-09-09,0.6885912489592679,0.6857942139340883,0.6886760271924081,0.6850313391695161,0.05008487829655274,0.0034751315566117214,0.0014409712960044008,0.0015256848622999808,0.0019495113611562864,0.043869380989934904,49.65916442871094
423,2013-09-10,0.6846075126706599,0.6824885095100678,0.6864722457986759,0.6814714293797641,0.007565530054936976,-0.003983736288608042,-0.0033057044240205613,-0.0022037813937321182,-0.0035599097897519583,-0.04251934824161577,49.4197998046875
424,2013-09-11,0.6839294808060722,0.6864722457986759,0.6864722457986759,0.6816409211791999,0.005199631080159865,-0.0006780318645877026,0.003983736288608153,0.0,0.00016949179943581694,-0.0023658989747771106,49.70826721191406
425,2013-09-12,0.6893541237238402,0.6853703874352322,0.6912188568518564,0.6851161174026562,0.02031732452915937,0.005424642917768008,-0.0011018583634437862,0.004746611053180416,0.0034751962234562672,0.015117693448999506,49.62846755981445
426,2013-09-13,0.6879132170946803,0.6885065353929724,0.6885065353929724,0.6848618473700803,0.008434363011776028,-0.001440906629159855,0.0031361479577401985,-0.002712321458884004,-0.00025427003257594283,-0.011882961517383342,49.855560302734375
427,2013-09-16,0.693422573578744,0.6852008309689518,0.6935073518118842,0.6848618473700803,0.030876986619972464,0.005509356484063699,-0.0033057044240205613,0.005000816418911813,0.0,0.022442623608196436,49.61618041992188
428,2013-09-17,0.6871503423301081,0.6896083937564161,0.689777885555852,0.6861331975329599,0.018245492093620093,-0.006272231248635962,0.0044075627874643475,-0.00372946625603221,0.0012713501628796031,-0.012631494526352371,49.93539810180664
429,2013-09-18,0.6902864902878483,0.6984234546645003,0.700033853093096,0.6865570240318161,0.030168553593626777,0.0031361479577401985,0.008815060908084149,0.010255967537244004,0.0004238264988561946,0.011923061500006684,50.57368087768555
430,2013-09-19,0.6996100912610843,0.6959654032381922,0.6997795830605201,0.6954568631730403,0.008634862924892732,0.009323600973236035,-0.002458051426308061,-0.0002542700325758318,0.008899839141224275,-0.021533690668734045,50.39565658569336
431,2013-09-20,0.6983386764313602,0.6981691846319245,0.6994405347948041,0.6963892297370484,0.029780920428267816,-0.001271414829724149,0.0022037813937322293,-0.0003390482657160687,0.0009323665640080803,0.021146057503375084,50.55523681640625
432,2013-09-23,0.6981691846319245,0.700966219657104,0.7016443161885362,0.6981691846319245,0.010960661917046503,-0.00016949179943570591,0.002797035025179584,0.0022037813937321182,0.0017799548948760346,-0.018820258511221315,50.757774353027344
433,2013-09-24,0.7035090493165523,0.7065604190411524,0.7068146890737282,0.7026614609856844,0.015772659831847405,0.005339864684627882,0.005594199384048371,0.005170372885192065,0.0044922763537599275,0.004811997914800902,51.16289138793945
434,2013-09-25,0.7061365925422961,0.7075775638383005,0.7082555957028882,0.7049499559457122,0.011816128213011107,0.002627543225743767,0.0010171447971480951,0.001440906629159966,0.0022884949600278093,-0.003956531618836297,51.23653793334961
435,2013-09-26,0.7062213707754363,0.7052042259782881,0.7064756408080122,0.7041023676148442,0.006776897063344606,8.477823314023691e-05,-0.00237333786001237,-0.0017799548948760346,-0.0008475883308679544,-0.005039231149666501,51.064674377441406
436,2013-09-27,0.7035090493165523,0.7049499559457122,0.7058823225097203,0.7035090493165523,0.010813628647427586,-0.002712321458884004,-0.00025427003257594283,-0.0005933182982919005,-0.0005933182982919005,0.00403673158408298,51.04625701904297
437,2013-09-30,0.7050347341788523,0.703678541115988,0.7058823225097203,0.7018985862211121,0.005854597463007766,0.0015256848622999808,-0.001271414829724149,0.0,-0.0016104630954402177,-0.00495903118441982,50.9542121887207
438,2013-10-01,0.6995253130279442,0.6994405347948041,0.7001186313262362,0.6985929464639361,0.005186264419285418,-0.005509421150908134,-0.004238006321183985,-0.0057636911834840765,-0.0033056397571760154,-0.0006683330437223479,50.84576034545898
439,2013-10-02,0.7004576795919523,0.7018985862211121,0.7027462392188245,0.7004576795919523,0.02258965687781535,0.0009323665640080803,0.002458051426308061,0.002627607892588313,0.0018647331280161605,0.017403392458529933,51.024444580078125
440,2013-10-03,0.7013052679228201,0.701559537955396,0.7038480975822684,0.7011357761233843,0.01166909494339219,0.0008475883308678434,-0.0003390482657160687,0.0011018583634438972,0.0006780965314320264,-0.010920561934423161,50.99975204467773
441,2013-10-04,0.7016443161885362,0.701559537955396,0.7016443161885362,0.6992710429953682,0.005988264071752235,0.0003390482657160687,0.0,-0.0022037813937322293,-0.0018647331280160495,-0.005680830871639955,50.99975204467773
442,2013-10-07,0.7035090493165523,0.7025766827525443,0.7039328758154085,0.7018138726548164,0.005159531097536524,0.0018647331280161605,0.0010171447971482062,0.002288559626872355,0.002542829659448187,-0.0008287329742157111,51.0737419128418
443,2013-10-08,0.7018985862211121,0.703085222817696,0.7043566376474202,0.701559537955396,0.006108564019622258,-0.0016104630954402177,0.0005085400651517746,0.00042376183201164874,-0.0002543346994203777,0.000949032922085734,51.1107063293457
444,2013-10-09,0.7018138726548164,0.700966219657104,0.7024071909531084,0.7004576795919523,0.0027936321227594136,-8.471356629569105e-05,-0.0021190031605919923,-0.0019494466943117406,-0.0011018583634437862,-0.0033149318968628445,50.95663833618164
445,2013-10-10,0.6975758663336324,0.700966219657104,0.701559537955396,0.6963892297370484,0.002900565409754989,-0.004238006321183985,0.0,-0.0008476529977123892,-0.004068449854903844,0.00010693328699557534,50.95663833618164
446,2013-10-11,0.7044414158805603,0.701559537955396,0.7050347341788523,0.701559537955396,0.004116931549329662,0.006865549546927863,0.0005933182982920115,0.0034751962234562672,0.00517030821834763,0.0012163661395746734,50.99975204467773
447,2013-10-14,0.7004576795919523,0.697321531634212,0.7031700010508363,0.695795846771912,0.005814497480384425,-0.003983736288608042,-0.004238006321184096,-0.0018647331280160495,-0.0057636911834840765,0.0016975659310547626,50.691673278808594
448,2013-10-15,0.6995253130279442,0.6977453581330681,0.7013900461559602,0.6977453581330681,0.013500327483191424,-0.0009323665640080803,0.0004238264988561946,-0.0017799548948760346,0.0019495113611561754,0.007685830002806999,50.7225227355957
449,2013-10-16,0.6978301363662084,0.7047804641462764,0.7050347341788523,0.697660579899928,0.005306564367155441,-0.0016951766617357977,0.0070351060132082255,0.003644688022892084,-8.477823314012589e-05,-0.008193763116035983,51.23392105102539
450,2013-10-17,0.7091032487006006,0.7119850619589204,0.7130869203223642,0.7080013256703123,0.00447783139293973,0.01127311233439221,0.007204597812644042,0.008052186143511886,0.010340745770384241,-0.0008287329742157111,51.75765228271485
451,2013-10-18,0.7136802386206562,0.7133412550217847,0.7149516534503804,0.7127478720566481,0.0032748319142395037,0.0045769899200556186,0.0013561930628642749,0.0018647331280161605,0.00474654638633587,-0.0012029994787002263,51.85625076293945
452,2013-10-21,0.7114765218937685,0.7108832035954765,0.7127478720566481,0.7102051070640444,0.03568898453477337,-0.0022037167268876834,-0.002458051426308172,-0.0022037813937322293,-0.002542764992603752,0.03241415262053387,51.67757797241211
453,2013-10-22,0.7164773383126803,0.7176639749092644,0.7178335313755446,0.7156297499818125,0.006576397150227902,0.005000816418911813,0.006780771313787848,0.005085659318896485,0.005424642917768119,-0.02911258738454547,52.17051696777344
454,2013-10-23,0.7185963414732723,0.7195287080372804,0.7215629329647323,0.7185963414732723,0.004370898105944154,0.0021190031605919923,0.0018647331280160495,0.003729401589187664,0.0029665914914598357,-0.0022054990442837473,52.3060417175293
455,2013-10-24,0.7202915828018527,0.7176639749092644,0.7208001228670046,0.7176639749092644,0.0013366660874446954,0.0016952413285803436,-0.0018647331280160495,-0.0007628100977277175,-0.0009323665640079692,-0.003034232018499459,52.17051696777344
456,2013-10-25,0.7187658979395527,0.7196982645035607,0.7198677563029965,0.7181725796412607,0.005199631080159865,-0.0015256848622999808,0.0020342895942963013,-0.0009323665640080803,0.0005086047319963205,0.00386296499271517,52.31838607788086
457,2013-10-28,0.7188506115058483,0.7192744380047045,0.7204610746012885,0.7181725796412607,0.002579765548768262,8.471356629558002e-05,-0.0004238264988561946,0.0005933182982920115,0.0,-0.0026198655313916033,52.287593841552734
458,2013-10-29,0.7170706566109724,0.7177487531424045,0.7187658979395527,0.7166468947789606,0.0028738320880060952,-0.0017799548948759236,-0.0015256848622999808,-0.0016951766617357977,-0.0015256848623000918,0.00029406653923783315,52.1766471862793
459,2013-10-30,0.7180030231749804,0.7168163865783964,0.7202068045687126,0.7147821616509445,0.005159531097536524,0.0009323665640080803,-0.0009323665640080803,0.001440906629159855,-0.0018647331280160495,0.002285699009530429,52.1088752746582
460,2013-10-31,0.7196982645035607,0.7172402130772526,0.7196982645035607,0.7153754799492366,0.008862096159758331,0.0016952413285802326,0.0004238264988561946,-0.0005085400651518857,0.0005933182982920115,0.0037025650622218072,52.13970947265625
461,2013-11-01,0.7128326502897883,0.7080861039034524,0.7128326502897883,0.7077470556377363,0.005293197706280994,-0.0068656142137724085,-0.009154109173800218,-0.0068656142137724085,-0.007628424311500237,-0.0035688984534773373,51.66901779174805
462,2013-11-04,0.7095270105326122,0.7073232291388801,0.7101203288309043,0.7068994673068685,0.0068169970459679465,-0.0033056397571760154,-0.0007628747645722633,-0.002712321458884004,-0.0008475883308678434,0.0015237993396869523,51.61333847045898
463,2013-11-05,0.7052890042114283,0.7018138726548164,0.7052890042114283,0.7013900461559602,0.01132156176065657,-0.004238006321183985,-0.005509356484063699,-0.004831324619475996,-0.005509421150908245,0.004504564714688623,51.2113037109375
464,2013-11-06,0.7024071909531084,0.7018138726548164,0.7026614609856844,0.7007967278576682,0.011067595204042078,-0.002881813258319821,0.0,-0.002627543225743878,-0.0005933182982920115,-0.0002539665566144919,51.2113037109375
465,2013-11-07,0.7030005092514005,0.7056280524771443,0.7058823225097203,0.7018985862211121,0.0038763316535896167,0.0005933182982920115,0.003814179822327901,0.0032208615240358895,0.0011018583634438972,-0.007191263550452461,51.48965072631836
466,2013-11-08,0.6957111332056163,0.6935921300450243,0.6962196732707682,0.6932530817793082,0.015385026666488444,-0.007289376045784168,-0.012035922432120039,-0.009662649238952103,-0.008645504441803897,0.011508695012898827,50.61138916015625
467,2013-11-11,0.6924054934484403,0.6919816669495841,0.6937616218444601,0.6907950303530002,0.017416759119404383,-0.0033056397571760154,-0.0016104630954402177,-0.002458051426308061,-0.002458051426308061,0.0020317324529159388,50.49386596679688
468,2013-11-12,0.6904559820872841,0.6932530817793082,0.6935921300450243,0.690371203854144,0.011428495047652146,-0.0019495113611561754,0.001271414829724149,-0.00016949179943581694,-0.0004238264988561946,-0.005988264071752236,50.58666229248047
469,2013-11-13,0.6952873067067601,0.6956263549724762,0.6962196732707682,0.6950330366741841,0.009370029272987315,0.004831324619475996,0.002373273193167935,0.002627543225743878,0.004661832820040179,-0.002058465774664831,50.75982284545898
470,2013-11-14,0.6992710429953682,0.7006272360582325,0.7024919045194041,0.6974063098673521,0.0037560317057195943,0.003983736288608153,0.005000881085756359,0.006272231248635962,0.002373273193167935,-0.005613997567267721,51.12475204467773
471,2013-11-15,0.7016443161885362,0.7016443161885362,0.7019833644542522,0.6992710429953682,0.004237231497199684,0.002373273193167935,0.0010170801303036603,-0.0005085400651518857,0.0018647331280161605,0.0004811997914800901,51.19896697998047
472,2013-11-18,0.7027462392188245,0.7057975442765801,0.7060518789760005,0.701559537955396,0.006228863967492281,0.001101923030288332,0.00415322808804397,0.004068514521748279,0.0022884949600278093,0.0019916324702925967,51.50201797485352
473,2013-11-19,0.7056280524771443,0.7023224127199683,0.7059671007428604,0.7019833644542522,0.007431863446192507,0.002881813258319821,-0.0034751315566118324,-8.477823314012589e-05,0.0004238264988561946,0.001202999478700226,51.24843215942383
474,2013-11-20,0.7004576795919523,0.6931683035461681,0.7030005092514005,0.6921512234158644,0.008795262855386095,-0.005170372885192065,-0.009154109173800218,-0.0029665914914599467,-0.00983214103838781,0.0013633994091935882,50.58046340942383
475,2013-11-21,0.6932530817793082,0.6941854483433163,0.6948635448747484,0.6908798085861403,0.029219520671541044,-0.007204597812644042,0.0010171447971482062,-0.008136964376652012,-0.001271414829724149,0.02042425781615495,50.65468978881836
476,2013-11-22,0.697914849932504,0.6991015511959324,0.7007119496245281,0.697660579899928,0.018713325224225735,0.0046617681531957444,0.004916102852616122,0.0058484047497796565,0.006780771313787737,-0.01050619544731531,51.0134162902832
477,2013-11-25,0.6994405347948041,0.7019833644542522,0.7019833644542522,0.6992710429953682,0.03153195300282036,0.0015256848623000918,0.002881813258319821,0.001271414829724149,0.0016104630954402177,0.012818627778594629,51.22370910644531
478,2013-11-26,0.7018985862211121,0.7033395575171165,0.7044414158805603,0.7018985862211121,0.013420127517944741,0.002458051426308061,0.0013561930628642749,0.002458051426308061,0.002627543225743878,-0.018111825484875624,51.32265853881836
479,2013-11-27,0.700966219657104,0.7008815060908085,0.7027462392188245,0.6992710429953682,0.03186611952468154,-0.0009323665640080803,-0.002458051426308061,-0.0016951766617357977,-0.002627543225743878,0.0184459920067368,51.143310546875
480,2013-11-29,0.7013052679228201,0.7018985862211121,0.7023224127199683,0.6997795830605201,0.0035421651317284427,0.0003390482657160687,0.0010170801303036603,-0.0004238264988561946,0.0005085400651518857,-0.028323954392953096,51.21751403808594
481,2013-12-02,0.6992710429953682,0.6953720849399002,0.6992710429953682,0.6942702265764564,0.03520778474329328,-0.0020342249274518664,-0.006526501281211905,-0.0030513697246000726,-0.005509356484063699,0.03166561961156484,50.937477111816406
482,2013-12-03,0.6971520398347762,0.6966434997696244,0.6985082328976404,0.6962196732707682,0.011174528491037655,-0.0021190031605919923,0.001271414829724149,-0.0007628100977278285,0.0019494466943117406,-0.024033256252255625,51.03065490722656
483,2013-12-04,0.6935921300450243,0.6918121751501484,0.6940158918770359,0.690371203854144,0.010867095290925374,-0.0035599097897519583,-0.004831324619475996,-0.004492341020604473,-0.005848469416624202,-0.00030743320011228023,50.67672729492188
484,2013-12-05,0.6914731268844323,0.6902864902878483,0.6926597634810162,0.6898626637889921,0.016975659310547633,-0.0021190031605919923,-0.0015256848623000918,-0.001356128396019729,-0.0005085400651518857,0.006108564019622259,50.56498336791992
485,2013-12-06,0.691642618683868,0.693422573578744,0.6938464000776002,0.6910493003855761,0.015251360057743975,0.00016949179943570591,0.0031360832908957637,0.001186636596584023,0.001186636596584023,-0.0017242992528036585,50.79468536376953
486,2013-12-09,0.6932530817793082,0.694948258441044,0.69520252847362,0.6932530817793082,0.016841992701803164,0.0016104630954402177,0.0015256848622999808,0.001356128396019729,0.0022037813937321182,0.0015906326440591895,50.90644454956055
487,2013-12-10,0.6985082328976404,0.7002881877925164,0.7005424578250924,0.697660579899928,0.006870463689465735,0.005255151118332191,0.005339929351472428,0.005339929351472428,0.004407498120619802,-0.00997152901233743,51.2975959777832
488,2013-12-11,0.6987625029302164,0.6974910881004923,0.6991015511959324,0.6966434997696244,0.014369160440030476,0.00025427003257594283,-0.0027970996920241298,-0.001440906629159966,-0.0010170801303036603,0.0074986967505647414,51.09272384643555
489,2013-12-12,0.6970672616016361,0.6962196732707682,0.6974063098673521,0.695541576739336,0.003903064975338511,-0.0016952413285802326,-0.001271414829724149,-0.0016952413285803436,-0.001101923030288332,-0.010466095464691965,50.99959945678711
490,2013-12-13,0.6984234546645003,0.6985082328976404,0.6999491395268004,0.6969825480353404,0.003809498349217382,0.0013561930628641639,0.002288559626872244,0.002542829659448298,0.0014409712960044008,-9.356662612112869e-05,51.167213439941406
491,2013-12-16,0.6995253130279442,0.6970672616016361,0.7005424578250924,0.6962196732707682,0.004718431288679775,0.0011018583634438972,-0.0014409712960042897,0.0005933182982920115,-0.0007628747645722633,0.0009089329394623927,51.061668395996094
492,2013-12-17,0.6990167729627923,0.6993558212285084,0.6998643612936603,0.6963044515039083,0.009717562455722936,-0.0005085400651518857,0.002288559626872244,-0.0006780965314321374,8.477823314012589e-05,0.004999131167043161,51.22931289672852
493,2013-12-18,0.6974910881004923,0.6980844063987842,0.7022376344868282,0.6963044515039083,0.010746795343055351,-0.0015256848622999808,-0.001271414829724149,0.002373273193167935,0.0,0.0010292328873324156,51.13615417480469
494,2013-12-19,0.697321531634212,0.6972368180679164,0.69825389819822,0.6963892297370484,0.00540013099327657,-0.0001695564662803628,-0.0008475883308678434,-0.003983736288608153,8.477823314012589e-05,-0.0053466643497787816,51.074100494384766
495,2013-12-20,0.701559537955396,0.7051195124119924,0.7051195124119924,0.6985082328976404,0.014957293518506143,0.004238006321184096,0.007882694344076069,0.0068656142137724085,0.0021190031605919923,0.009557162525229573,51.651512145996094
496,2013-12-23,0.7040175893817041,0.7023224127199683,0.7057975442765801,0.7023224127199683,0.008287329742157111,0.002458051426308061,-0.0027970996920241298,0.0006780318645877026,0.003814179822327901,-0.006669963776349031,51.446624755859375
497,2013-12-24,0.6971520398347762,0.6970672616016361,0.6992710429953682,0.6969825480353404,0.004370898105944154,-0.006865549546927863,-0.005255151118332191,-0.006526501281211905,-0.005339864684627882,-0.003916431636212957,51.26459503173828
498,2013-12-26,0.6960501814713324,0.6941006701101762,0.696134895037628,0.6935921300450243,0.003582265114351784,-0.0011018583634438972,-0.0029665914914599467,-0.0031361479577401985,-0.0033904179903161413,-0.0007886329915923703,51.04645156860352
499,2013-12-27,0.693083525313028,0.691642618683868,0.6938464000776002,0.6914731268844323,0.004865464558298691,-0.0029666561583043816,-0.002458051426308172,-0.0022884949600278093,-0.0021190031605919923,0.001283199443946907,50.86566162109375
500,2013-12-30,0.6947787666416083,0.6953720849399002,0.6958806250050521,0.6935921300450243,0.00908932939462393,0.0016952413285803436,0.00372946625603221,0.0020342249274518664,0.0021190031605919923,0.004223864836325238,51.13990783691406
501,2013-12-31,0.6954568631730403,0.6920664451827242,0.696134895037628,0.6896083937564161,0.005814497480384425,0.0006780965314320264,-0.0033056397571760154,0.00025427003257594283,-0.003983736288608153,-0.003274831914239504,50.8968620300293
502,2014-01-02,0.6920664451827242,0.6944397183758922,0.6962196732707682,0.6920664451827242,0.006148664002245599,-0.0033904179903161413,0.002373273193168046,8.477823314012589e-05,0.002458051426308061,0.0003341665218611744,51.07136154174805
503,2014-01-03,0.694354940142752,0.6957111332056163,0.6978301363662084,0.6935073518118842,0.006656597115474583,0.0022884949600278093,0.001271414829724038,0.0016104630954402177,0.001440906629159966,0.0005079331132289838,51.16488265991211
504,2014-01-06,0.69672821333592,0.6974063098673521,0.6996948694942244,0.6964739433033441,0.0028738320880060952,0.002373273193168046,0.0016951766617357977,0.0018647331280160495,0.0029665914914599467,-0.003782765027468488,51.28954315185547
505,2014-01-07,0.7004576795919523,0.6996948694942244,0.7004576795919523,0.6989319947296522,0.0042639648189485785,0.00372946625603221,0.002288559626872355,0.0007628100977278285,0.002458051426308061,0.0013901327309424833,51.45783233642578
506,2014-01-08,0.6971520398347762,0.6965587215364842,0.6974063098673521,0.6940158918770359,0.008420996350901582,-0.0033056397571760154,-0.0031361479577401985,-0.0030513697246001836,-0.004916102852616233,0.004157031531953004,51.22721099853516
507,2014-01-09,0.6985082328976404,0.6997795830605201,0.700033853093096,0.6968129915690602,0.002847098766257201,0.0013561930628641639,0.0032208615240358895,0.002627543225743878,0.002797099692024241,-0.005573897584644381,51.46408462524414
508,2014-01-10,0.7045261941137004,0.7074080073720203,0.7076622774045962,0.7043566376474202,0.015090960127250612,0.006017961216060019,0.007628424311500126,0.007628424311500237,0.00754364607836,0.01224386136099341,52.02509689331055
509,2014-01-13,0.7067299108405881,0.7091032487006006,0.7102051070640444,0.7067299108405881,0.005306564367155441,0.0022037167268876834,0.0016952413285803436,0.002542829659448187,0.002373273193167935,-0.00978439576009517,52.14974212646485
510,2014-01-14,0.7081708821365925,0.7074927856051604,0.7088489140011802,0.7073232291388801,0.005293197706280994,0.0014409712960044008,-0.0016104630954402177,-0.0013561930628641639,0.0005933182982920115,-1.336666087444708e-05,52.03133392333984
511,2014-01-15,0.7054585606777085,0.7072385155725844,0.7075775638383005,0.7047804641462764,0.011642361621643298,-0.002712321458884004,-0.00025427003257594283,-0.0012713501628797141,-0.002542764992603752,0.006349163915362304,52.01263046264648
512,2014-01-16,0.7102051070640444,0.7107136471291963,0.7110526953949123,0.7096117887657525,0.002593132209642709,0.00474654638633587,0.0034751315566118324,0.0034751315566118324,0.004831324619476107,-0.009049229412000589,52.26820373535156
513,2014-01-17,0.7098660587983283,0.7116460136932043,0.7119002837257803,0.7094422322994721,0.003234731931616163,-0.0003390482657160687,0.0009323665640080803,0.0008475883308679544,-0.0001695564662803628,0.0006415997219734538,52.33675765991211
514,2014-01-21,0.7119002837257803,0.7135107468212204,0.7142735569189482,0.7113069654274883,0.00649619718498122,0.0020342249274519775,0.0018647331280160495,0.002373273193167935,0.0018647331280161605,0.003261465253365057,52.47392272949219
515,2014-01-22,0.7124936020240722,0.7107136471291963,0.7140192868863723,0.7102898852971846,0.007846229933300362,0.0005933182982919005,-0.0027970996920241298,-0.00025427003257594283,-0.0010170801303036603,0.001350032748319142,52.26820373535156
516,2014-01-23,0.7130869203223642,0.7156297499818125,0.7174097048766884,0.7124936020240722,0.005253097723657653,0.0005933182982920115,0.004916102852616233,0.0033904179903161413,0.0022037167268875724,-0.002593132209642709,52.6297607421875
517,2014-01-24,0.7177487531424045,0.7191896597715643,0.7191896597715643,0.7159687982475285,0.004130298210204109,0.00466183282004029,0.0035599097897518472,0.0017799548948759236,0.0034751962234562672,-0.0011227995134535443,52.89152526855469
518,2014-01-27,0.7188506115058483,0.7169011648115365,0.7200372481024323,0.7164773383126803,0.010907195273548715,0.0011018583634437862,-0.0022884949600278093,0.0008475883308679544,0.0005085400651518857,0.006776897063344606,52.72322463989258
519,2014-01-28,0.7186811197064126,0.7193592162378446,0.7193592162378446,0.7162230682801044,0.013968160613797067,-0.00016949179943570591,0.002458051426308061,-0.0006780318645877026,-0.00025427003257594283,0.0030609653402483526,52.90400695800781
520,2014-01-29,0.7213934411652966,0.7231733960601725,0.7246143026893324,0.7189353897389884,0.006202130645743387,0.002712321458884004,0.003814179822327901,0.005255086451487756,0.002712321458884004,-0.0077660299680536804,53.18450927734375
521,2014-01-30,0.7215629329647323,0.7229191260275966,0.7231733960601725,0.7200372481024323,0.007445230107066954,0.00016949179943570591,-0.00025427003257594283,-0.001440906629159855,0.0011018583634438972,0.0012430994613235671,53.16584777832031
522,2014-01-31,0.7252076209876244,0.7263942575842084,0.7269028623162047,0.7234276660927484,0.0436688810768182,0.003644688022892084,0.0034751315566118324,0.00372946625603221,0.0033904179903161413,0.03622365096975124,53.42140197753906
523,2014-02-03,0.7251229074213288,0.7307170421385325,0.7311408686373888,0.7225800777618805,0.070428936147461,-8.471356629558002e-05,0.004322784554324111,0.004238006321184096,-0.0008475883308679544,0.026760055070642802,53.940731048583984
524,2014-02-04,0.7270723541156405,0.7267333058499245,0.7278352288802128,0.7248685727219083,0.027067488270755082,0.0019494466943117406,-0.003983736288608042,-0.0033056397571760154,0.0022884949600278093,-0.043361447876705914,53.64665985107422
525,2014-02-05,0.7241057626241806,0.7212238846990162,0.7255466692533404,0.7208849011001447,0.029714087123895578,-0.0029665914914599467,-0.005509421150908245,-0.002288559626872355,-0.003983671621763607,0.0026465988531404958,53.23993682861328
526,2014-02-06,0.7214782193984367,0.7203762963681484,0.7228343477944564,0.7191048815384242,0.01452956037052384,-0.002627543225743878,-0.0008475883308678434,-0.002712321458884004,-0.0017800195617204695,-0.015184526753371739,53.17738723754883
527,2014-02-07,0.7196982645035607,0.7199525345361366,0.7213086629321563,0.7188506115058483,0.02361888976514777,-0.0017799548948760346,-0.00042376183201175976,-0.0015256848623000918,-0.00025427003257594283,0.00908932939462393,53.14609909057617
528,2014-02-10,0.7163925600795402,0.7223258077293045,0.7224105859624448,0.7163925600795402,0.0269872883055084,-0.0033057044240204503,0.002373273193167935,0.001101923030288443,-0.002458051426308061,0.003368398540360633,53.32129287719727
529,2014-02-11,0.7196982645035607,0.7197829780698564,0.7210543928995805,0.7182572932075563,0.019368291607073637,0.0033057044240204503,-0.002542829659448187,-0.0013561930628642749,0.0018647331280160495,-0.007618996698434764,53.13359832763672
530,2014-02-12,0.7183420714406965,0.7167316083452563,0.7183420714406965,0.7156297499818125,0.0072447301939502495,-0.0013561930628641639,-0.0030513697246000726,-0.002712321458884004,-0.002627543225743767,-0.012123561413123388,52.90835189819336
531,2014-02-13,0.7188506115058483,0.7190201679721286,0.7196134862704205,0.7178335313755446,0.008621496264018286,0.0005085400651517746,0.002288559626872355,0.001271414829724038,0.0022037813937321182,0.0013767660700680362,53.07725524902344
532,2014-02-14,0.7198677563029965,0.7200372481024323,0.7204610746012885,0.7188506115058483,0.00759226337668587,0.0010171447971482062,0.0010170801303036603,0.0008475883308679544,0.0010170801303036603,-0.0010292328873324156,53.15234375
533,2014-02-18,0.7212238846990162,0.7215629329647323,0.7237667143584645,0.7188506115058483,0.015532059936107361,0.001356128396019729,0.0015256848622999808,0.0033056397571760154,0.0,0.00793979655942149,53.26499176025391
534,2014-02-19,0.7236819361253244,0.7191896597715643,0.7236819361253244,0.7179182449418403,0.02659965514014944,0.002458051426308172,-0.002373273193167935,-8.477823314012589e-05,-0.0009323665640079692,0.01106759520404208,53.08975601196289
535,2014-02-20,0.7187658979395527,0.7180878014081206,0.7197829780698564,0.7163078465132445,0.006335797254487857,-0.004916038185771687,-0.0011018583634437862,-0.003898958055468027,-0.0016103984285957829,-0.020263857885661582,53.00843048095703
536,2014-02-21,0.7178335313755446,0.7213934411652966,0.7215629329647323,0.7178335313755446,0.006923930332963522,-0.0009323665640080803,0.0033056397571760154,0.0017799548948759236,0.0015256848623000918,0.0005881330784756654,53.2524642944336
537,2014-02-24,0.7221562512630243,0.7208849011001447,0.7223258077293045,0.7196134862704205,0.008795262855386095,0.004322719887479676,-0.0005085400651518857,0.0007628747645722633,0.0017799548948759236,0.001871332522422573,53.21490859985352
538,2014-02-25,0.7228343477944564,0.7246990809224725,0.7251229074213288,0.7227495695613163,0.004999131167043161,0.0006780965314321374,0.00381417982232779,0.002797099692024241,0.0031360832908957637,-0.003796131688342934,53.49647521972656
539,2014-02-26,0.7257162257196207,0.7281742771459289,0.7285980389779405,0.7252923992207645,0.005079331132289843,0.0028818779251642557,0.0034751962234563782,0.0034751315566117214,0.002542829659448187,8.019996524668161e-05,53.75300979614258
540,2014-02-27,0.7310560904042486,0.7319036787351165,0.7322427270008326,0.7302085020733807,0.005453597636774357,0.005339864684627882,0.003729401589187664,0.003644688022892084,0.004916102852616233,0.00037426650448451476,54.02830505371094
541,2014-02-28,0.7314799169031048,0.7309713121711084,0.7320732352013968,0.7291913572762325,0.05096707791426624,0.0004238264988561946,-0.0009323665640080803,-0.00016949179943581694,-0.0010171447971482062,0.04551348027749188,53.95949935913086
542,2014-03-03,0.7299542320408048,0.7307170421385325,0.7309713121711084,0.7282589907122244,0.05875984120406881,-0.0015256848622999808,-0.00025427003257594283,-0.001101923030288332,-0.0009323665640080803,0.007792763289802572,54.11893844604492
543,2014-03-04,0.7284285471785047,0.7253771774539046,0.7303779938728164,0.7242752544236163,0.019461858233194764,-0.0015256848623000918,-0.005339864684627882,-0.0005933182982920115,-0.003983736288608153,-0.03929798297087404,53.72345733642578
544,2014-03-05,0.7238514925916046,0.7245295891230368,0.7253771774539046,0.7228343477944564,0.008701696229264966,-0.004577054586900053,-0.0008475883308678434,-0.005000816418911813,-0.001440906629159855,-0.010760162003929798,53.66070556640625
545,2014-03-06,0.7209696146664404,0.7199525345361366,0.7217324894310126,0.7199525345361366,0.014823626909761672,-0.0028818779251642557,-0.004577054586900164,-0.003644688022891973,-0.002881813258319821,0.006121930680496705,53.3216667175293
546,2014-03-07,0.7146126051846643,0.7155449717486723,0.7169011648115365,0.7138497950869365,0.010947295256172055,-0.006357009481776088,-0.0044075627874643475,-0.004831324619476107,-0.006102739449200145,-0.0038763316535896167,52.99527359008789
547,2014-03-10,0.7152907017160964,0.7157992417812482,0.7163925600795402,0.7151212099166606,0.006616497132851243,0.0006780965314321374,0.00025427003257594283,-0.0005086047319963205,0.001271414829724149,-0.004330798123320812,53.01408767700195
548,2014-03-11,0.7156297499818125,0.7171554348441125,0.7176639749092644,0.7153754799492366,0.006857097028591288,0.0003390482657160687,0.0013561930628642749,0.001271414829724149,0.00025427003257594283,0.00024059989574004483,53.114524841308594
549,2014-03-12,0.7203762963681484,0.7208849011001447,0.7213086629321563,0.7188506115058483,0.004865464558298691,0.00474654638633587,0.00372946625603221,0.003644688022891973,0.0034751315566117214,-0.0019916324702925967,53.390769958496094
550,2014-03-13,0.7193592162378446,0.7270723541156405,0.7285980389779405,0.7193592162378446,0.009877962386216299,-0.0010170801303037713,0.006187453015495836,0.007289376045784168,0.0005086047319963205,0.005012497827917608,53.8490104675293
551,2014-03-14,0.7293609137425128,0.7268180840830646,0.7299542320408048,0.7263095440179127,0.03520778474329328,0.010001697504668172,-0.00025427003257594283,0.0013561930628642749,0.0069503277800681,0.02532982235707698,53.830177307128906
552,2014-03-17,0.7261399875516324,0.7252923992207645,0.7270723541156405,0.7246990809224725,0.022629756860438693,-0.0032209261908803244,-0.0015256848623000918,-0.0028818779251642557,-0.0016104630954402177,-0.012578027882854587,53.717193603515625
553,2014-03-18,0.7257162257196207,0.7273266241482164,0.7292761355093726,0.7248685727219083,0.008474462994399369,-0.00042376183201175976,0.0020342249274518664,0.0022037813937321182,0.00016949179943581694,-0.014155293866039325,53.86785125732422
554,2014-03-19,0.7279199424465084,0.7229191260275966,0.7280047206796485,0.7219019812304484,0.005293197706280994,0.0022037167268876834,-0.004407498120619802,-0.001271414829724149,-0.0029665914914599467,-0.0031812652881183746,53.54143905639648
555,2014-03-20,0.7222410294961644,0.7224952995287404,0.7245295891230368,0.7219019812304484,0.006001630732626682,-0.005678912950343951,-0.0004238264988561946,-0.0034751315566117214,0.0,0.0007084330263456883,53.51000595092773
556,2014-03-21,0.7239362708247448,0.7274961806144967,0.7276656724139324,0.7239362708247448,0.0027535321401360724,0.0016952413285803436,0.005000881085756359,0.0031360832908956526,0.0020342895942964123,-0.00324809859249061,53.880409240722656
557,2014-03-24,0.7276656724139324,0.7320732352013968,0.7324969970334085,0.7272419105819208,0.008487829655273817,0.003729401589187664,0.004577054586900053,0.004831324619476107,0.0033056397571760154,0.005734297515137744,54.21939468383789
558,2014-03-25,0.7293609137425128,0.7308018203716727,0.7317341869356807,0.7284285471785047,0.007739296646304786,0.0016952413285803436,-0.001271414829724038,-0.0007628100977278285,0.001186636596583912,-0.0007485330089690304,54.12519454956055
559,2014-03-26,0.7313951386699646,0.7357179232242889,0.7357179232242889,0.7306322639053924,0.026385788566158287,0.0020342249274518664,0.004916102852616122,0.003983736288608153,0.0022037167268876834,0.0186464919198535,54.48931884765625
560,2014-03-27,0.7362264632894407,0.7388540065151846,0.7403796913774846,0.7348702702265765,0.013607260770186999,0.004831324619476107,0.0031360832908957637,0.0046617681531957444,0.004238006321184096,-0.012778527795971288,54.72159576416016
561,2014-03-28,0.7377521481517407,0.7365655115551568,0.7379216399511765,0.7338531900962728,0.02093219092938393,0.0015256848622999808,-0.0022884949600278093,-0.002458051426308061,-0.0010170801303036603,0.007324930159196932,54.55208969116211
562,2014-03-31,0.7328360452991246,0.7351246049259968,0.7352940967254327,0.7302085020733807,0.016521192840816434,-0.004916102852616122,-0.001440906629159966,-0.002627543225743878,-0.003644688022892084,-0.004410998088567496,54.44539642333984
563,2014-04-01,0.7291065790430924,0.7293609137425128,0.7305475503390968,0.7285132607448004,0.0070843302634568854,-0.00372946625603221,-0.0057636911834840765,-0.00474654638633587,-0.0016952413285803436,-0.00943686257735955,54.22294998168945
564,2014-04-02,0.7272419105819208,0.7258857175190565,0.7276656724139324,0.7254618910202003,0.009984895673211876,-0.0018646684611716147,-0.0034751962234562672,-0.0028818779251643667,-0.0030513697246000726,0.0029005654097549903,53.96456909179688
565,2014-04-03,0.7269028623162047,0.7279199424465084,0.7280894989127886,0.7259704957521966,0.006202130645743387,-0.0003390482657160687,0.0020342249274518664,0.0004238264988561946,0.0005086047319963205,-0.003782765027468489,54.11579132080078
566,2014-04-04,0.7285132607448004,0.7308865986048129,0.7330056017654049,0.7285132607448004,0.00908932939462393,0.0016103984285956718,0.0029666561583044926,0.004916102852616233,0.002542764992603752,0.0028871987488805423,54.33635330200195
567,2014-04-07,0.7327512670659845,0.7351246049259968,0.7354635885248685,0.7318189005019764,0.008193763116035983,0.004238006321184096,0.004238006321183985,0.002457986759463626,0.0033056397571760154,-0.0008955662785879465,54.65143203735352
568,2014-04-08,0.7354635885248685,0.737243608086589,0.7374978781191648,0.7328360452991246,0.010078462299333004,0.002712321458884004,0.0021190031605921034,0.0020342895942963013,0.0010171447971482062,0.0018846991832970218,54.80898666381836
569,2014-04-09,0.7344465083945647,0.7357179232242889,0.7374978781191648,0.7340226818957085,0.0072313635330758025,-0.0010170801303037713,-0.0015256848623000918,0.0,0.001186636596583912,-0.002847098766257202,54.69551849365234
570,2014-04-10,0.7361416850563006,0.7388540065151846,0.7406339614100605,0.7351246049259968,0.008260596420408217,0.0016951766617359088,0.0031360832908957637,0.0031360832908957637,0.001101923030288332,0.0010292328873324147,54.92868041992188
571,2014-04-11,0.7427529645706525,0.7433462828689446,0.7436006175683649,0.7395321030466168,0.006589763811102349,0.00661127951435192,0.0044922763537599275,0.0029666561583043816,0.004407498120619913,-0.0016708326093058685,55.26269912719727
572,2014-04-14,0.7429225210369329,0.7437701093678007,0.7439396011672366,0.7424986945380766,0.006736797080721265,0.0001695564662803628,0.0004238264988561946,0.0003389835988716339,0.0029665914914598357,0.00014703326961891614,55.29417037963867
573,2014-04-15,0.7429225210369329,0.7463976525935446,0.7475842891901286,0.7429225210369329,0.007538796733188083,0.0,0.002627543225743878,0.003644688022892084,0.00042382649885630563,0.0008019996524668178,55.489505767822266
574,2014-04-16,0.743007299270073,0.7475842891901286,0.7477538456564089,0.7425834727712168,0.007739296646304786,8.477823314012589e-05,0.001186636596584023,0.00016955646628025178,-0.0003390482657160687,0.0002004999131167036,55.57771682739258
575,2014-04-17,0.7480081156889848,0.7424986945380766,0.7483471639547009,0.7400406431117685,0.011361661743279912,0.005000816418911813,-0.00508559465205205,0.0005933182982920115,-0.002542829659448298,0.0036223650969751256,55.199649810791016
576,2014-04-21,0.7431767910695087,0.7424139163049365,0.744787254164949,0.7416511062072088,0.013593894109312553,-0.004831324619476107,-8.477823314012589e-05,-0.0035599097897519583,0.0016104630954402177,0.0022322323660326406,55.19334411621094
577,2014-04-22,0.7405492478437649,0.7437701093678007,0.7438548876009409,0.7395321030466168,0.005547164262895486,-0.002627543225743878,0.0013561930628642749,-0.0009323665640080803,-0.0021190031605919923,-0.008046729846417067,55.29417037963867
578,2014-04-23,0.7446176976986687,0.7465672090598249,0.7471605273581169,0.7441939358666569,0.0035956317752262306,0.004068449854903844,0.0027970996920241298,0.0033056397571760154,0.004661832820040179,-0.0019515324876692554,55.50206756591797
579,2014-04-24,0.7445329194655286,0.748092893922125,0.7483471639547009,0.7445329194655286,0.009196262681619504,-8.477823314012589e-05,0.0015256848623000918,0.001186636596584023,0.0003389835988716339,0.0056006309063932735,55.61555862426758
580,2014-04-25,0.7486014339872767,0.7491947522855688,0.7509747071804448,0.7486014339872767,0.006175397323994493,0.004068514521748168,0.0011018583634437862,0.002627543225743878,0.004068514521748168,-0.0030208653576250114,55.69741821289063
581,2014-04-28,0.748092893922125,0.7462281607941088,0.7483471639547009,0.7452110159969607,0.0035421651317284427,-0.0005085400651517746,-0.0029665914914599467,-0.002627543225743878,-0.0033904179903160303,-0.00263323219226605,55.47688674926758
582,2014-04-29,0.7435158393352248,0.7462281607941088,0.746312939027249,0.7429225210369329,0.0036089984361006777,-0.004577054586900164,0.0,-0.0020342249274518664,-0.0022884949600278093,6.683330437223496e-05,55.47688674926758
583,2014-04-30,0.7462281607941088,0.749957627050141,0.7500423406164367,0.7450415241975249,0.006589763811102349,0.002712321458884004,0.00372946625603221,0.003729401589187664,0.0021190031605919923,0.002980765375001671,55.75414657592773
584,2014-05-01,0.746906257325541,0.7516528037118769,0.7521613437770287,0.7460586043278286,0.008541296298771603,0.0006780965314321374,0.0016951766617359088,0.0021190031605919923,0.0010170801303036603,0.0019515324876692546,56.07032012939453
585,2014-05-02,0.7507204371478688,0.7564841283313529,0.7580945914267931,0.7493643087518491,0.007712563324555893,0.003814179822327901,0.004831324619475996,0.005933247649764439,0.0033057044240205613,-0.0008287329742157103,56.4306869506836
586,2014-05-05,0.756823176597069,0.752924218541601,0.757416494895361,0.7524156138096046,0.009771029099220724,0.006102739449200145,-0.0035599097897519583,-0.0006780965314321374,0.0030513050577555267,0.002058465774664831,56.165138244628906
587,2014-05-06,0.7530089321078967,0.755636540000485,0.7561450800656369,0.7530089321078967,0.00632243059361341,-0.003814244489172336,0.002712321458884004,-0.001271414829724149,0.0005933182982920115,-0.0034485985056073145,56.367469787597656
588,2014-05-07,0.7561450800656369,0.7543651251707609,0.7561450800656369,0.7536023150730331,0.005360031010653229,0.0031361479577401985,-0.001271414829724038,0.0,0.0005933829651364464,-0.0009623995829601811,56.27265167236328
589,2014-05-08,0.7552127135016288,0.7528394403084608,0.757416494895361,0.7502966106490127,0.008019996524668173,-0.0009323665640080803,-0.0015256848623000918,0.001271414829724149,-0.0033057044240204503,0.0026599655140149446,56.15882110595703
590,2014-05-09,0.7518222955113126,0.7501271188495768,0.7525851702758849,0.7493643087518491,0.01729645917153436,-0.0033904179903161413,-0.002712321458884004,-0.004831324619476107,-0.0009323018971635344,0.009276462646866187,55.956504821777344
591,2014-05-12,0.7492795305187089,0.746906257325541,0.7492795305187089,0.7460586043278286,0.025075855800462486,-0.002542764992603752,-0.0032208615240358895,-0.0033056397571760154,-0.0033057044240205613,0.007779396628928126,55.71623992919922
592,2014-05-13,0.7500423406164367,0.7504661671152929,0.751144263646725,0.7500423406164367,0.018245492093620093,0.0007628100977278285,0.0035599097897519583,0.0018647331280161605,0.003983736288608153,-0.006830363706842393,55.98180389404297
593,2014-05-14,0.755636540000485,0.7588574015245209,0.7597897680885289,0.755382269967909,0.005533797602021039,0.0055941993840482596,0.008391234409227954,0.008645504441803897,0.005339929351472317,-0.012711694491599054,56.60774993896485
594,2014-05-15,0.7615697229834049,0.7614849447502647,0.764960140973721,0.7597897680885289,0.006148664002245599,0.005933182982919893,0.002627543225743878,0.005170372885192065,0.004407498120619913,0.0006148664002245605,56.8037338256836
595,2014-05-16,0.7605526428531012,0.760128816354245,0.7619935494822611,0.759281228023377,0.006255597289241174,-0.0010170801303036603,-0.001356128396019729,-0.0029665914914599467,-0.0005085400651518857,0.0001069332869955749,56.70260238647461
596,2014-05-19,0.7621630412816969,0.7566536201307887,0.7621630412816969,0.756229858298777,0.007806129950677022,0.0016103984285956718,-0.0034751962234562672,0.00016949179943581694,-0.0030513697246000726,0.0015505326614358474,56.44332885742188
597,2014-05-20,0.7554669835342047,0.7567383983639289,0.7586031314919449,0.7554669835342047,0.020945557590258377,-0.006696057747492157,8.477823314012589e-05,-0.0035599097897519583,-0.0007628747645722633,0.013139427639581355,56.44968032836914
598,2014-05-21,0.7534327586067529,0.7537718068724689,0.7542803469376207,0.7522461220101688,0.0045312980364375175,-0.0020342249274518664,-0.0029665914914599467,-0.004322784554324222,-0.0032208615240358895,-0.016414259553820858,56.22837448120117
599,2014-05-22,0.7536870286393288,0.7525851702758849,0.754110855138185,0.7508899289473046,0.004852097897424245,0.00025427003257594283,-0.001186636596584023,-0.00016949179943570591,-0.0013561930628642749,0.0003207998609867273,56.13985443115234
600,2014-05-23,0.7541956333713251,0.7555517617673448,0.756229858298777,0.7541956333713251,0.005894697445631107,0.0005086047319963205,0.0029665914914599467,0.0021190031605919923,0.0033057044240205613,0.0010425995482068618,56.36116409301758
601,2014-05-27,0.7563146365319171,0.758942179757661,0.7591116715570968,0.7542803469376207,0.008701696229264966,0.0021190031605919923,0.0033904179903161413,0.002881813258319821,8.471356629558002e-05,0.00280699878363386,56.61409378051758
602,2014-05-28,0.7625868677805531,0.765638237505153,0.7665706040691611,0.7625868677805531,0.013152794300455803,0.006272231248635962,0.006696057747492046,0.007458932512064309,0.008306520842932374,0.004451098071190837,57.11357116699219
603,2014-05-29,0.7667400958685969,0.7640277744097129,0.7686896072297531,0.7636887261439969,0.007645730020183658,0.004153228088043859,-0.0016104630954401067,0.0021190031605919923,0.0011018583634437862,-0.005507064280272146,56.99342727661133
604,2014-05-30,0.7632649643119852,0.7629259160462691,0.7645363144748649,0.762841137813129,0.004437731410316389,-0.0034751315566117214,-0.0011018583634437862,-0.004153292754888183,-0.0008475883308678434,-0.0032079986098672688,56.91120529174805
605,2014-06-02,0.756229858298777,0.755636540000485,0.758942179757661,0.7543651251707609,0.00544023097589991,-0.0070351060132082255,-0.007289376045784168,-0.005594134717203936,-0.00847601264236808,0.0010024995655835214,56.566043853759766
606,2014-06-03,0.7530937103410368,0.7497032923507206,0.7533479803736127,0.7497032923507206,0.010345795516821943,-0.0031361479577401985,-0.005933247649764328,-0.0055941993840482596,-0.00466183282004029,0.004905564540922032,56.12194061279297
607,2014-06-04,0.7501271188495768,0.7486014339872767,0.7501271188495768,0.7467367008592607,0.004558031358186412,-0.0029665914914599467,-0.0011018583634438972,-0.0032208615240358895,-0.0029665914914599467,-0.005787764158635531,56.03943634033203
608,2014-06-05,0.7458891125283927,0.7493643087518491,0.7516528037118769,0.7458891125283927,0.004424364749441942,-0.004238006321184096,0.0007628747645723744,0.0015256848623000918,-0.0008475883308679544,-0.00013366660874446993,56.09653472900391
609,2014-06-06,0.7527546620753207,0.7510594854135849,0.7537718068724689,0.7500423406164367,0.008594762942269392,0.006865549546927974,0.0016951766617357977,0.0021190031605919923,0.00415322808804397,0.00417039819282745,56.22341537475586
610,2014-06-09,0.7495338005512848,0.7501271188495768,0.7504661671152929,0.7481776074884205,0.004277331479823026,-0.0032208615240358895,-0.0009323665640080803,-0.0033056397571760154,-0.0018647331280161605,-0.004317431462446366,56.15363693237305
611,2014-06-10,0.7476690674232688,0.7489404822529928,0.7494490223181447,0.7467367008592607,0.03750685041369815,-0.0018647331280160495,-0.001186636596584023,-0.0010171447971482062,-0.001440906629159855,0.03322951893387513,56.0648193359375
612,2014-06-11,0.7493643087518491,0.7489404822529928,0.750550945348433,0.7473300191575527,0.007578896715811423,0.0016952413285803436,0.0,0.001101923030288332,0.0005933182982920115,-0.02992795369788673,56.0648193359375
613,2014-06-12,0.7495338005512848,0.7536870286393288,0.7544499034039011,0.7479233374558447,0.008273963081282665,0.00016949179943570591,0.004746546386335981,0.003898958055468027,0.0005933182982920115,0.0006950663654712421,56.42012023925781
614,2014-06-13,0.7508899289473046,0.754110855138185,0.7558908100330609,0.7502966106490127,0.0036624650795984656,0.001356128396019729,0.0004238264988561946,0.001440906629159855,0.002373273193167935,-0.0046114980016842,56.45186233520508
615,2014-06-16,0.753856585105609,0.7550432217021931,0.7561450800656369,0.7537718068724689,0.009236362664242846,0.0029666561583044926,0.0009323665640080803,0.00025427003257594283,0.0034751962234562672,0.005573897584644381,56.521671295166016
616,2014-06-17,0.7525003920427448,0.7507204371478688,0.7525003920427448,0.7501271188495768,0.00434416478419526,-0.0013561930628642749,-0.004322784554324222,-0.003644688022892084,-0.003644688022892084,-0.004892197880047586,56.19804382324219
617,2014-06-18,0.750550945348433,0.7548736652359127,0.7548736652359127,0.750550945348433,0.0034352318447328674,-0.0019494466943117406,0.004153228088043859,0.002373273193167935,0.0004238264988561946,-0.0009089329394623927,56.50895309448242
618,2014-06-19,0.7560603018324967,0.7503813888821528,0.7560603018324967,0.7488557040198527,0.01045272880381752,0.005509356484063699,-0.0044922763537599275,0.001186636596584023,-0.0016952413285803436,0.007017496959084652,56.17267990112305
619,2014-06-20,0.7491947522855688,0.751398533679301,0.751398533679301,0.7475842891901286,0.013861227326801492,-0.006865549546927974,0.0010171447971482062,-0.0046617681531957444,-0.001271414829724038,0.0034084985229839732,56.24879837036133
620,2014-06-23,0.7525851702758849,0.750211897082717,0.7540260769050449,0.750211897082717,0.014516193709649393,0.0033904179903161413,-0.001186636596584023,0.002627543225743878,0.002627607892588313,0.0006549663828479008,56.15996551513672
621,2014-06-24,0.754110855138185,0.755975588266201,0.755975588266201,0.7524156138096046,0.00417039819282745,0.0015256848623000918,0.0057636911834840765,0.0019495113611561754,0.0022037167268876834,-0.010345795516821944,56.59144592285156
622,2014-06-25,0.7597049898553888,0.7576707649279368,0.7599593245548092,0.7573317166622208,0.01018539558632858,0.005594134717203825,0.0016951766617357977,0.003983736288608153,0.004916102852616122,0.0060149973935011295,56.71836853027344
623,2014-06-26,0.759535498055953,0.7608916264519727,0.7626716460136932,0.759535498055953,0.006750163741595712,-0.00016949179943581694,0.0032208615240358895,0.002712321458884004,0.0022037813937322293,-0.0034352318447328674,56.95948791503906
624,2014-06-27,0.761654501216545,0.7605526428531012,0.7626716460136932,0.7598745463216691,0.004571398019060859,0.0021190031605919923,-0.00033898359887152285,0.0,0.0003390482657160687,-0.002178765722534853,56.9340934753418
625,2014-06-30,0.761061182918253,0.7619087712491209,0.762841137813129,0.760128816354245,0.003502065149105102,-0.0005933182982920115,0.001356128396019729,0.00016949179943581694,0.00025427003257594283,-0.0010693328699557568,57.035587310791016
626,2014-07-01,0.755975588266201,0.7563146365319171,0.7575012731285011,0.7552127135016288,0.0065630304893534545,-0.005085594652051939,-0.005594134717203825,-0.005339864684627882,-0.004916102852616233,0.0030609653402483526,56.812110900878906
627,2014-07-02,0.7530089321078967,0.7491947522855688,0.7530089321078967,0.7491099740524286,0.0037159317230962535,-0.0029666561583043816,-0.007119884246348351,-0.004492341020604473,-0.006102739449200145,-0.002847098766257201,56.27729415893555
628,2014-07-03,0.745126302430665,0.7468214790924008,0.7474147973906928,0.7441091576335168,0.008407629690027134,-0.007882629677231634,-0.002373273193167935,-0.005594134717203825,-0.005000816418911813,0.004691697966930881,56.09897994995117
629,2014-07-07,0.7482623857215608,0.750805215381009,0.7519070737444528,0.7482623857215608,0.0053466643497787816,0.0031360832908957637,0.003983736288608153,0.0044922763537599275,0.00415322808804397,-0.0030609653402483526,56.39824295043945
630,2014-07-08,0.7550432217021931,0.7558908100330609,0.7569079548302091,0.7547889516696171,0.007057596941707992,0.006780835980632283,0.005085594652051939,0.005000881085756359,0.00652656594805634,0.0017109325919292106,56.78030014038086
631,2014-07-09,0.7558908100330609,0.7563146365319171,0.7590269579908011,0.7548736652359127,0.005547164262895486,0.0008475883308678434,0.0004238264988561946,0.0021190031605919923,8.471356629558002e-05,-0.0015104326788125061,56.812110900878906
632,2014-07-10,0.7598745463216691,0.7567383983639289,0.7598745463216691,0.7560603018324967,0.0052129977410343125,0.003983736288608153,0.00042376183201175976,0.0008475883308679544,0.001186636596584023,-0.0003341665218611735,56.843936920166016
633,2014-07-11,0.7591964497902369,0.7607221346525369,0.7608069128856771,0.7591964497902369,0.0018980658441714675,-0.0006780965314321374,0.003983736288608042,0.0009323665640080803,0.0031361479577401985,-0.003314931896862845,57.14320373535156
634,2014-07-14,0.7594507198228129,0.7579250349605128,0.7596202762890931,0.757416494895361,0.006629863793725689,0.00025427003257594283,-0.0027970996920241298,-0.001186636596584023,-0.0017799548948759236,0.004731797949554221,56.93305969238281
635,2014-07-15,0.7560603018324967,0.7573317166622208,0.759535498055953,0.7552974917347689,0.00882199617713499,-0.0033904179903161413,-0.0005933182982920115,-8.477823314012589e-05,-0.0021190031605921034,0.0021921323834093003,56.88849639892578
636,2014-07-16,0.7575859866947967,0.7597049898553888,0.7602983081536807,0.7572469384290806,0.012257228021867857,0.0015256848622999808,0.002373273193168046,0.0007628100977277175,0.0019494466943117406,0.0034352318447328674,57.06682205200195
637,2014-07-17,0.7619087712491209,0.765553459272013,0.7658925075377291,0.7615697229834049,0.0069773969764613105,0.004322784554324222,0.005848469416624202,0.005594199384048371,0.004322784554324222,-0.005279831045406546,57.50609588623047
638,2014-07-18,0.7665706040691611,0.765807729304589,0.7665706040691611,0.7630106296125647,0.005948164089128895,0.004661832820040179,0.00025427003257594283,0.0006780965314320264,0.001440906629159855,-0.0010292328873324156,57.52519607543945
639,2014-07-21,0.7668248741017372,0.7674181924000291,0.768859099029189,0.7667400958685969,0.006242230628366728,0.00025427003257605385,0.0016104630954401067,0.0022884949600279203,0.00372946625603221,0.00029406653923783315,57.64619064331055
640,2014-07-22,0.767587684199465,0.768859099029189,0.7695371955606212,0.765807729304589,0.004157031531953003,0.0007628100977278285,0.001440906629159966,0.0006780965314321374,-0.0009323665640079692,-0.0020851990964137253,57.75438690185547
641,2014-07-23,0.7695371955606212,0.7690286554954693,0.7705543403577693,0.7686896072297531,0.016213759640704154,0.0019495113611561754,0.00016955646628025178,0.0010171447971480951,0.0028818779251641446,0.012056728108751151,57.76716613769531
642,2014-07-24,0.7657229510714488,0.764451600908569,0.766146777570305,0.7637735043771371,0.015371660005613998,-0.003814244489172336,-0.0045770545869002754,-0.0044075627874642365,-0.004916102852616011,-0.0008420996350901565,57.42332458496094
643,2014-07-25,0.7691133690617648,0.7696219737937612,0.7696219737937612,0.7675029706331691,0.006148664002245599,0.0033904179903159193,0.005170372885192176,0.003475196223456156,0.003729466256031988,-0.009222996003368398,57.81172180175781
644,2014-07-28,0.7696219737937612,0.7693676390943408,0.7712323722223569,0.7683505589640371,0.006482830524106773,0.0005086047319964315,-0.0002543346994203777,0.0016103984285956718,0.0008475883308680654,0.0003341665218611735,57.792598724365234
645,2014-07-29,0.7719952469869291,0.7710628804229211,0.772164738786365,0.7695371955606212,0.02915268736716881,0.002373273193167935,0.0016952413285803436,0.0009323665640081913,0.001186636596584023,0.022669856843062035,57.91993713378906
646,2014-07-30,0.7680962889314613,0.7624173113142728,0.768265780730897,0.7617392794496851,0.014730060283640543,-0.003898958055467805,-0.008645569108648332,-0.003898958055468027,-0.007797916110936054,-0.014422627083528266,57.27051162719727
647,2014-07-31,0.7580945914267931,0.7591964497902369,0.7626716460136932,0.757416494895361,0.00930319596861508,-0.010001697504668172,-0.0032208615240358895,-0.005594134717203825,-0.004322784554324111,-0.005426864315025462,57.028594970703125
648,2014-08-01,0.7566536201307887,0.7593659415896727,0.7607221346525369,0.753263266807317,0.013700827396308127,-0.0014409712960044008,0.00016949179943581694,-0.0019495113611562864,-0.00415322808804397,0.004397631427693047,57.2355842590332
649,2014-08-04,0.7613154529508289,0.7608916264519727,0.7623325977479771,0.7598745463216691,0.01939502492882253,0.004661832820040179,0.0015256848622999808,0.0016104630954402177,0.006611279514352031,0.005694197532514402,57.35057067871094
650,2014-08-05,0.758942179757661,0.7619087712491209,0.7625020895474129,0.7575012731285011,0.02988785371526339,-0.002373273193167935,0.0010171447971482062,0.00016949179943581694,-0.002373273193167935,0.01049282878644086,57.42725372314453
651,2014-08-06,0.7645363144748649,0.7631801860788451,0.7652991892394371,0.762247819514837,0.04042078248432759,0.005594134717203936,0.001271414829724149,0.0027970996920241298,0.00474654638633587,0.010532928769064198,57.523040771484375
652,2014-08-07,0.7638582826102773,0.7680115106983211,0.7680115106983211,0.7629259160462691,0.015478593292609573,-0.0006780318645875916,0.004831324619475996,0.002712321458884004,0.0006780965314321374,-0.024942189191718013,57.88724899291992
653,2014-08-08,0.7686896072297531,0.7680962889314613,0.7713171504554971,0.7671639223674533,0.017323192493283252,0.004831324619475774,8.477823314023691e-05,0.0033056397571760154,0.004238006321184207,0.0018445992006736796,57.893592834472656
654,2014-08-11,0.7668248741017372,0.7681810024977568,0.7691981472949051,0.7667400958685969,0.019247991659203614,-0.0018647331280159385,8.4713566295469e-05,-0.0021190031605919923,-0.00042382649885641666,0.0019247991659203621,57.899932861328125
655,2014-08-12,0.765553459272013,0.7637735043771371,0.7674181924000291,0.7637735043771371,0.03568898453477337,-0.001271414829724149,-0.004407498120619691,-0.0017799548948760346,-0.0029665914914598357,0.016440992875569757,57.567779541015625
656,2014-08-13,0.764366822675429,0.7668248741017372,0.7669096523348773,0.7636887261439969,0.02448772272198682,-0.001186636596584023,0.0030513697246000726,-0.0005085400651517746,-8.477823314023691e-05,-0.01120126181278655,57.79776763916016
657,2014-08-14,0.769791465593197,0.771571420488073,0.7717409769543532,0.7671639223674533,0.039124216379506235,0.005424642917768008,0.00474654638633587,0.004831324619475885,0.0034751962234564893,0.014636493657519414,58.15556335449219
658,2014-08-15,0.7735209318492293,0.7774198899046972,0.7806407514287331,0.7735209318492293,0.04726451285204443,0.003729466256032321,0.005848469416624202,0.008899774474379951,0.006357009481775977,0.008140296472538194,58.59634399414063
659,2014-08-18,0.775809426809257,0.7718256905206491,0.7758942050423971,0.7717409769543532,0.05444240974162245,0.0022884949600276983,-0.0055941993840481485,-0.004746546386335981,-0.0017799548948761457,0.0071778968895780185,58.17470550537109
660,2014-08-19,0.7741142501475211,0.7714019286886373,0.7756399350098214,0.7704695621246291,0.03334981888174515,-0.0016951766617359088,-0.00042376183201175976,-0.0002542700325757208,-0.001271414829724038,-0.021092590859877296,58.142765045166016
661,2014-08-20,0.770893323956641,0.768774320796049,0.7710628804229211,0.767079144134313,0.04043414914520204,-0.0032209261908801023,-0.002627607892588313,-0.0045770545869002754,-0.0033904179903161413,0.007084330263456888,57.94470977783203
662,2014-08-21,0.7700457356257729,0.7722495170195052,0.7729276135509372,0.769791465593197,0.0241401895392512,-0.0008475883308680654,0.003475196223456156,0.0018647331280160495,0.002712321458884004,-0.016293959605950842,58.20668029785156
663,2014-08-22,0.7738599801149452,0.776402745107549,0.7770808416389812,0.7714019286886373,0.03690535067434804,0.003814244489172225,0.004153228088043859,0.00415322808804397,0.0016104630954403287,0.01276516113509684,58.519676208496094
664,2014-08-25,0.7771656198721212,0.7795388930652892,0.7795388930652892,0.7771656198721212,0.3908010639862056,0.0033056397571760154,0.0031361479577401985,0.002458051426308061,0.0057636911834838545,0.3538957133118576,58.75606155395508
665,2014-08-26,0.7797931630978652,0.7786065265012813,0.7815731179927411,0.777843651736709,0.14715356956678652,0.002627543225743989,-0.0009323665640079692,0.0020342249274518664,0.0006780318645878136,-0.2436474944194191,58.6857795715332
666,2014-08-27,0.7792846230327132,0.7810645779275893,0.7813188479601653,0.7775893817041329,0.7152500233916566,-0.0005085400651519967,0.002458051426308061,-0.0002542700325758318,-0.00025427003257605385,0.5680964538248701,58.87104415893555
667,2014-08-28,0.7844549959179054,0.7851330277824929,0.7865739990784973,0.7836921211533332,0.01601325972758745,0.005170372885192176,0.004068449854903622,0.00525515111833208,0.006102739449200256,-0.6992367636640691,59.17770004272461
668,2014-08-29,0.7851330277824929,0.7867434908779333,0.7882691757402333,0.7851330277824929,0.05262454386269766,0.0006780318645875916,0.0016104630954403287,0.0016951766617359088,0.0014409066291597439,0.03661128413511021,59.29909133911133
669,2014-09-02,0.7769960634058412,0.7746227902126731,0.7780132082029892,0.7739446936812411,0.11999251466991032,-0.00813696437665179,-0.012120700665260165,-0.010255967537244004,-0.011188334101251862,0.06736797080721266,58.56216430664063
670,2014-09-03,0.774283741946957,0.7765723015738294,0.7770808416389812,0.7725037870520811,0.11405771724165586,-0.002712321458884115,0.0019495113611562864,-0.0009323665640080803,-0.001440906629159966,-0.005934797428254451,58.7095832824707
671,2014-09-04,0.7743685201800972,0.769791465593197,0.7752161085109651,0.769791465593197,0.059495007552163394,8.477823314012589e-05,-0.006780835980632394,-0.0018647331280160495,-0.002712321458884115,-0.05456270968949247,58.196903228759766
672,2014-09-05,0.773012327117233,0.7686896072297531,0.773097105350373,0.7675029706331691,0.02756205472310962,-0.0013561930628641639,-0.0011018583634438972,-0.0021190031605921034,-0.0022884949600279203,-0.03193295282905377,58.11365509033203
673,2014-09-08,0.7733513753829488,0.7683505589640371,0.7733513753829488,0.7672486359337488,0.04126288211941775,0.0003390482657158467,-0.0003390482657159577,0.0002542700325758318,-0.00025433469942026665,0.013700827396308127,58.08804702758789
674,2014-09-09,0.7666553176354569,0.7660619993371647,0.767926732465181,0.765468681038873,0.020437624477029393,-0.006696057747491935,-0.002288559626872466,-0.005424642917767897,-0.0017799548948758126,-0.020825257642388354,57.91501235961914
675,2014-09-10,0.7631801860788451,0.7627563595799889,0.7632649643119852,0.761654501216545,0.0357558178391456,-0.0034751315566118324,-0.0033056397571757934,-0.0046617681531957444,-0.003814179822328012,0.01531819336211621,57.66505813598633
676,2014-09-11,0.7640277744097129,0.7607221346525369,0.7650449192068612,0.760383086386821,0.014075093900792642,0.0008475883308678434,-0.0020342249274519775,0.0017799548948760346,-0.001271414829724038,-0.02168072393835296,57.51130676269531
677,2014-09-12,0.755975588266201,0.7525003920427448,0.755975588266201,0.7519070737444528,0.04353521446807373,-0.008052186143511886,-0.008221742609792138,-0.009069330940660203,-0.008476012642368191,0.029460120567281086,56.889739990234375
678,2014-09-15,0.7552127135016288,0.7536870286393288,0.7563993500982128,0.753517536839893,0.02356542312164998,-0.0007628747645722633,0.001186636596584023,0.00042376183201175976,0.0016104630954402177,-0.019969791346423748,56.97943115234375
679,2014-09-16,0.7549584434690528,0.7525003920427448,0.7558908100330609,0.7521613437770287,0.013754294039805916,-0.00025427003257594283,-0.001186636596584023,-0.0005085400651518857,-0.0013561930628642749,-0.009811129081844065,56.889739990234375
680,2014-09-17,0.7541956333713251,0.7503813888821528,0.7563146365319171,0.750211897082717,0.011535428334647721,-0.0007628100977277175,-0.0021190031605919923,0.0004238264988561946,-0.0019494466943117406,-0.0022188657051581944,56.72954177856445
681,2014-09-18,0.7525003920427448,0.751737581945017,0.7536023150730331,0.750805215381009,0.01632069292769973,-0.0016952413285803436,0.0013561930628642749,-0.002712321458884004,0.0005933182982920115,0.004785264593052009,56.83204650878906
682,2014-09-19,0.7545346169701966,0.7591116715570968,0.7594507198228129,0.752924218541601,0.013179527622204697,0.0020342249274518664,0.007374089612079748,0.0058484047497797675,0.0021190031605919923,-0.0031411653054950334,57.3895378112793
683,2014-09-22,0.760128816354245,0.7607221346525369,0.7615697229834049,0.7593659415896727,0.01943512491144587,0.005594199384048371,0.0016104630954401067,0.0021190031605919923,0.006441723048071779,0.006255597289241174,57.51130676269531
684,2014-09-23,0.7621630412816969,0.7624173113142728,0.7630106296125647,0.7602983081536807,0.014903826875008354,0.0020342249274518664,0.0016951766617359088,0.001440906629159855,0.0009323665640079692,-0.0045312980364375175,57.63945007324219
685,2014-09-24,0.7627563595799889,0.758942179757661,0.762841137813129,0.7585183532588048,0.026519455174902756,0.0005933182982920115,-0.0034751315566118324,-0.00016949179943570591,-0.0017799548948759236,0.011615628299894402,57.37673568725586
686,2014-09-25,0.7614849447502647,0.7651296327731568,0.7652991892394371,0.7614849447502647,0.006643230454600136,-0.001271414829724149,0.006187453015495836,0.002458051426308061,0.0029665914914599467,-0.01987622472030262,57.844505310058594
687,2014-09-26,0.7632649643119852,0.764282044442289,0.764960140973721,0.7605526428531012,0.012845361100343523,0.0017800195617204695,-0.0008475883308678434,-0.0003390482657160687,-0.0009323018971635344,0.006202130645743387,57.780418395996094
688,2014-09-29,0.7675029706331691,0.765214411006297,0.7680115106983211,0.765214411006297,0.06905217007739296,0.004238006321183874,0.0009323665640079692,0.0030513697246000726,0.0046617681531957444,0.05620680897704944,57.85091018676758
689,2014-09-30,0.766146777570305,0.7647906491742852,0.767587684199465,0.764112552642853,0.020344057850908266,-0.0013561930628640528,-0.00042376183201175976,-0.0004238264988560836,-0.0011018583634438972,-0.0487081122264847,57.81886291503906
690,2014-10-01,0.7669096523348773,0.7706390539240651,0.7706390539240651,0.7669096523348773,0.05147501102749522,0.0007628747645722633,0.0058484047497798786,0.0030513697246000726,0.002797099692024241,0.031130953176586956,58.450801849365234
691,2014-10-02,0.7705543403577693,0.7671639223674533,0.7717409769543532,0.767079144134313,0.01672169275393314,0.003644688022891973,-0.0034751315566117214,0.00110192303028811,0.00016949179943570591,-0.03475331827356208,58.18723678588867
692,2014-10-03,0.7680962889314613,0.7704695621246291,0.770978102189781,0.7659772857708693,0.020303957868284924,-0.00245805142630795,0.0033056397571757934,-0.0007628747645721523,-0.0011018583634436752,0.0035822651143517827,58.43800735473633
693,2014-10-06,0.7714019286886373,0.7718256905206491,0.7736056454155249,0.7699609573926328,0.036664750778607993,0.0033056397571760154,0.001356128396019951,0.002627543225743878,0.003983671621763496,0.01636079291032307,58.54081726074219
694,2014-10-07,0.7746227902126731,0.779962654897301,0.7806407514287331,0.7746227902126731,0.03498055150842768,0.0032208615240357785,0.0081369643766519,0.0070351060132082255,0.00466183282004029,-0.001684199270180313,59.157997131347656
695,2014-10-08,0.7815731179927411,0.7818273880253169,0.7819969444915975,0.7759789832755373,0.01908759172871025,0.006950327780067989,0.0018647331280159385,0.001356193062864386,0.0013561930628641639,-0.01589295977971743,59.2994384765625
696,2014-10-09,0.7816578962258813,0.7791998447995732,0.7827597545893251,0.7786065265012813,0.010145295603705239,8.477823314023691e-05,-0.002627543225743767,0.0007628100977276064,0.002627543225743989,-0.00894229612500501,59.100135803222656
697,2014-10-10,0.7810645779275893,0.7823359927573132,0.7823359927573132,0.7791998447995732,0.019996524668172644,-0.0005933182982920115,0.0031361479577400875,-0.0004237618320118708,0.0005933182982919005,0.009851229064467405,59.3380126953125
698,2014-10-13,0.7831835810881813,0.7859806807802054,0.7872520309430849,0.7815731179927411,0.012751794474222394,0.0021190031605919923,0.003644688022892195,0.004916038185771687,0.002373273193167935,-0.0072447301939502495,59.61442947387695
699,2014-10-14,0.788184397507093,0.7898796388356734,0.7907272271665414,0.7848787577499171,0.02980765375001671,0.005000816418911702,0.003898958055467916,0.0034751962234564893,0.0033056397571760154,0.017055859275794314,59.91017532348633
700,2014-10-15,0.8025936577992255,0.7936938186580013,0.8168333616250779,0.7897100823693933,0.0315987863071926,0.01440926029213252,0.003814179822327901,0.02610613445853649,0.004831324619476218,0.001791132557175893,60.19945526123047
701,2014-10-16,0.7991184615757694,0.7883539539733736,0.7991184615757694,0.786912982677369,0.02694718832288506,-0.003475196223456156,-0.00533986468462766,-0.017714900049308535,-0.002797099692024352,-0.004651597984307542,59.79447555541992
702,2014-10-17,0.7883539539733736,0.7888624940385253,0.790303400667685,0.784793979516777,0.010172028925454133,-0.010764507602395779,0.0005085400651516636,-0.008815060908084371,-0.0021190031605919923,-0.016775159397430926,59.8329963684082
703,2014-10-20,0.7896253688030975,0.7882691757402333,0.7903881789008254,0.7863196643790771,0.030074986967505647,0.001271414829723927,-0.0005933182982920115,8.477823314034794e-05,0.0015256848623000918,0.019902958042051513,59.78801345825195
704,2014-10-21,0.7864892208453573,0.7853873624819135,0.7880996839407975,0.7848787577499171,0.018232125432745647,-0.0031361479577401985,-0.00288181325831971,-0.0022884949600278093,-0.001440906629159966,-0.01184286153476,59.569427490234375
705,2014-10-22,0.7836921211533332,0.7841159476521895,0.7858959025470653,0.7815731179927411,0.012898827743841311,-0.0027970996920241298,-0.001271414829724038,-0.0022037813937322293,-0.0033056397571760154,-0.005333297688904335,59.47297668457031
706,2014-10-23,0.7831835810881813,0.7800474331304411,0.7837768993864733,0.7770808416389812,0.022536190234317566,-0.0005085400651518857,-0.00406851452174839,-0.0021190031605919923,-0.0044922763537599275,0.009637362490476255,59.16442108154297
707,2014-10-24,0.780555973195593,0.779962654897301,0.7831835810881813,0.777843651736709,0.007993263202919279,-0.002627607892588313,-8.477823314012589e-05,-0.0005933182982920115,0.0007628100977278285,-0.014542927031398287,59.157997131347656
708,2014-10-27,0.7798779413310054,0.7801322113635812,0.7814036261933053,0.7793693365990091,0.01333992755269806,-0.0006780318645875916,0.00016955646628025178,-0.0017799548948760346,0.0015256848623000918,0.0053466643497787816,59.17087936401367
709,2014-10-28,0.7787760183007169,0.777843651736709,0.7800474331304411,0.7772503334384171,0.008715062890139414,-0.001101923030288554,-0.002288559626872244,-0.0013561930628641639,-0.0021190031605919923,-0.004624864662558646,58.99729537963867
710,2014-10-29,0.7770808416389812,0.7775046681378374,0.7794541148321491,0.7740294719143811,0.02470158929597797,-0.0016951766617356867,-0.0003389835988716339,-0.0005933182982920115,-0.0032208615240360006,0.015986526405838558,58.97152328491211
711,2014-10-30,0.7806407514287331,0.7770808416389812,0.7819121662584572,0.7770808416389812,0.014502827048774945,0.0035599097897519583,-0.0004238264988561946,0.002458051426308061,0.0030513697246000726,-0.010198762247203026,58.93939208984375
712,2014-10-31,0.7768265716064052,0.7769960634058412,0.7791998447995732,0.7745380119795329,0.00916952935987061,-0.003814179822327901,-8.477823314001487e-05,-0.002712321458884004,-0.002542829659448298,-0.005333297688904335,58.93294525146485
713,2014-11-03,0.7747075684458132,0.772164738786365,0.7747075684458132,0.769791465593197,0.034285485142956436,-0.0021190031605919923,-0.004831324619476107,-0.0044922763537599275,-0.00474654638633587,0.025115955783085828,58.759464263916016
714,2014-11-04,0.7756399350098214,0.7728428353177971,0.7768265716064052,0.7725037870520811,0.01745685910202772,0.0009323665640081913,0.0006780965314320264,0.0021190031605919923,0.002712321458884115,-0.016828626040928715,58.81108856201172
715,2014-11-05,0.7725885652852212,0.7743685201800972,0.7747923466789534,0.7722495170195052,0.024380789434991244,-0.0030513697246001836,0.0015256848623000918,-0.0020342249274518664,-0.00025427003257594283,0.006923930332963523,58.92721557617188
716,2014-11-06,0.7723342952526454,0.7714019286886373,0.7734361536160891,0.7701305138589131,0.007204630211326908,-0.0002542700325758318,-0.0029665914914598357,-0.0013561930628642749,-0.0021190031605921034,-0.017176159223664337,58.70144271850586
717,2014-11-07,0.7718256905206491,0.776402745107549,0.776402745107549,0.7713171504554971,0.0083407963856549,-0.0005086047319963205,0.005000816418911702,0.0029665914914599467,0.001186636596584023,0.0011361661743279914,59.08198547363281
718,2014-11-10,0.7750466167115292,0.770978102189781,0.7771656198721212,0.7705543403577693,0.011268095117158783,0.0032209261908801023,-0.005424642917768008,0.0007628747645721523,-0.0007628100977278285,0.0029272987315038836,58.6691780090332
719,2014-11-11,0.7708086103903451,0.7728428353177971,0.773097105350373,0.7691981472949051,0.01768409233689332,-0.004238006321184096,0.0018647331280160495,-0.004068514521748168,-0.0013561930628641639,0.0064159972197345375,58.81108856201172
720,2014-11-12,0.7743685201800972,0.7712323722223569,0.7757246485761169,0.769876243826337,0.02158715731223183,0.0035599097897520693,-0.0016104630954402177,0.002627543225743878,0.0006780965314319154,0.003903064975338509,58.68852996826172
721,2014-11-13,0.7712323722223569,0.7719104687537891,0.7726733435183614,0.7700457356257729,0.009530429203480678,-0.0031361479577403095,0.0006780965314322485,-0.0030513050577555267,0.00016949179943592796,-0.012056728108751151,58.74015808105469
722,2014-11-14,0.7714866422549329,0.7735209318492293,0.7736056454155249,0.769791465593197,0.006255597289241174,0.00025427003257605385,0.0016104630954402177,0.0009323018971635344,-0.00025427003257594283,-0.003274831914239504,58.86268997192383
723,2014-11-17,0.7741142501475211,0.770893323956641,0.7741142501475211,0.769876243826337,0.005319931028029888,0.002627607892588202,-0.002627607892588313,0.0005086047319962095,8.477823314001487e-05,-0.000935666261211286,58.66273880004883
724,2014-11-18,0.7717409769543532,0.7726733435183614,0.7732666618166534,0.7713171504554971,0.0065630304893534545,-0.002373273193167935,0.0017800195617203585,-0.0008475883308677323,0.001440906629160077,0.0012430994613235663,58.79815673828125
725,2014-11-19,0.7694524173274809,0.7689438772623292,0.7725037870520811,0.7685200507634731,0.00974429577747183,-0.002288559626872244,-0.00372946625603221,-0.0007628747645722633,-0.0027970996920240188,0.0031812652881183755,58.51437759399414
726,2014-11-20,0.7737752018818052,0.7712323722223569,0.7740294719143811,0.7701305138589131,0.0066966970980979245,0.004322784554324222,0.0022884949600276983,0.0015256848622999808,0.0016104630954399957,-0.0030475986793739055,58.68852996826172
727,2014-11-21,0.7727580570846571,0.7753856649772454,0.7766570151401249,0.7727580570846571,0.022830256773555397,-0.0010171447971480951,0.004153292754888516,0.002627543225743767,0.002627543225743989,0.016133559675457473,59.00460052490234
728,2014-11-24,0.7746227902126731,0.7770808416389812,0.7773351116715571,0.7734361536160891,0.00982449574271851,0.0018647331280160495,0.0016951766617357977,0.0006780965314322485,0.0006780965314320264,-0.013005761030836886,59.13356018066406
729,2014-11-25,0.7775893817041329,0.7815731179927411,0.7828445328224652,0.7775893817041329,0.007351663480945825,0.0029665914914598357,0.0044922763537599275,0.005509421150908134,0.004153228088043859,-0.0024728322617726855,59.47541809082031
730,2014-11-26,0.7842854394516252,0.7843702176847653,0.7865739990784973,0.7834378511207573,0.021921323834093006,0.006696057747492268,0.002797099692024241,0.003729466256032099,0.005848469416624313,0.01456966035314718,59.68830108642578
731,2014-11-28,0.7866587126447933,0.7875910792088012,0.7882691757402333,0.7863196643790771,0.0083407963856549,0.002373273193168046,0.0032208615240358895,0.0016951766617359088,0.002881813258319821,-0.013580527448438106,59.93340301513672
732,2014-12-01,0.7873368091762253,0.7811493561607294,0.7873368091762253,0.7806407514287331,0.016494459519067542,0.0006780965314320264,-0.006441723048071779,-0.0009323665640079692,-0.005678912950343951,0.008153663133412642,59.63634490966797
733,2014-12-02,0.7791150665664331,0.7755551567766812,0.7793693365990091,0.7753856649772454,0.028377421036450884,-0.008221742609792138,-0.0055941993840482596,-0.007967472577216195,-0.005255086451487756,0.011882961517383342,59.20925521850586
734,2014-12-03,0.776402745107549,0.7767417933732651,0.7780979864361293,0.7752161085109651,0.04310748132009143,-0.002712321458884115,0.001186636596583912,-0.0012713501628798252,-0.00016955646628025178,0.014730060283640545,59.29983139038086
735,2014-12-04,0.7777589381704134,0.7816578962258813,0.7817426744590215,0.7775046681378374,0.01374092737893147,0.001356193062864386,0.004916102852616233,0.003644688022892195,0.002288559626872244,-0.02936655394115996,59.67518997192383
736,2014-12-05,0.780555973195593,0.7774198899046972,0.7809797996944492,0.7747075684458132,0.014636493657519414,0.002797035025179584,-0.004238006321184096,-0.0007628747645722633,-0.0027970996920241298,0.0008955662785879448,59.35161972045898
737,2014-12-08,0.7797083848647249,0.782674976356185,0.7838616776196135,0.7788607965338571,0.009623995829601807,-0.0008475883308680654,0.005255086451487756,0.0028818779251642557,0.004153228088043859,-0.005012497827917607,59.75284194946289
738,2014-12-09,0.7886930022390893,0.7883539539733736,0.7909814971991173,0.7864892208453573,0.0957052918610402,0.008984617374364401,0.0056789776171886075,0.0071198195795038055,0.007628424311500237,0.08608129603143838,60.18638229370117
739,2014-12-10,0.7876758574419414,0.7901339088682494,0.7914053236979737,0.7864892208453573,0.019769291433307044,-0.0010171447971479841,0.0017799548948758126,0.00042382649885641666,0.0,-0.07593600042773316,60.322261810302734
740,2014-12-11,0.7880149057076573,0.7882691757402333,0.7889472722716653,0.7859806807802054,0.017189525884538783,0.0003390482657159577,-0.0018647331280161605,-0.002458051426308394,-0.0005085400651518857,-0.0025797655487682612,60.17992401123047
741,2014-12-12,0.793609040424861,0.7962366483174494,0.7963213618837452,0.7902186871013895,0.020344057850908266,0.005594134717203714,0.007967472577216195,0.00737408961207997,0.004238006321184096,0.003154531966369483,60.788185119628906
742,2014-12-15,0.7932699921591451,0.7942023587231533,0.7963213618837452,0.7917443719636895,0.02045099113790384,-0.0003390482657159577,-0.0020342895942961903,0.0,0.0015256848622999808,0.00010693328699557317,60.63288497924805
743,2014-12-16,0.7963213618837452,0.7995422880746255,0.7996270016409212,0.7940328669237173,0.017777658963014448,0.0030513697246001836,0.005339929351472206,0.0033056397571759044,0.0022884949600278093,-0.0026733321748893916,61.04059219360352
744,2014-12-17,0.7990336833426291,0.7996270016409212,0.8037802943958094,0.7929310085602734,0.026171921992167137,0.002712321458883893,8.471356629569105e-05,0.004153292754888294,-0.0011018583634438972,0.00839426302915269,61.04703903198242
745,2014-12-18,0.7943719151894334,0.7924224038282771,0.7986099215106175,0.7920833555625613,0.01829895873711788,-0.0046617681531957444,-0.007204597812644042,-0.005170372885191954,-0.0008476529977121672,-0.007872963255049256,60.49699020385742
746,2014-12-19,0.7919138637631253,0.7974232849140334,0.7974232849140334,0.7916595937305494,0.014623126996644968,-0.002458051426308061,0.005000881085756248,-0.0011866365965841341,-0.0004237618320118708,-0.003675831740472913,60.878753662109375
747,2014-12-22,0.7948804552545853,0.7992880180420495,0.7999660499066371,0.7933547703922852,0.04202478178926122,0.0029665914914599467,0.0018647331280161605,0.002542764992603752,0.0016951766617357977,0.027401654792616255,61.02112579345703
748,2014-12-23,0.7940328669237173,0.7855568542813492,0.7964909183500255,0.7853873624819135,0.023378289869407723,-0.0008475883308679544,-0.013731163760700271,-0.0034751315566116103,-0.007967407910371649,-0.0186464919198535,60.17964553833008
749,2014-12-24,0.7854720760482092,0.7919138637631253,0.7919138637631253,0.7821664362910331,0.013099327656958015,-0.008560790875508095,0.006357009481776088,-0.004577054586900164,-0.0032209261908804354,-0.010278962212449708,60.66659164428711
750,2014-12-26,0.7916595937305494,0.7925071820614173,0.7931005003597094,0.7887777158053852,0.009423495916485104,0.00618751768234016,0.0005933182982920115,0.001186636596584023,0.006611279514352142,-0.0036758317404729113,60.71207046508789
751,2014-12-29,0.7941176451568573,0.7955585517860174,0.7975927767134693,0.7929310085602734,0.018552925293732373,0.00245805142630795,0.0030513697246000726,0.0044922763537599275,0.004153292754888183,0.00912942937724727,60.9458236694336
752,2014-12-30,0.8002203846060577,0.7986099215106175,0.8011526865032212,0.7972537284477533,0.019368291607073637,0.006102739449200367,0.0030513697246000726,0.0035599097897519583,0.004322719887479898,0.000815366313341264,61.17955017089844
753,2014-12-31,0.7982708732449014,0.7990336833426291,0.8003898764054934,0.7973385066808933,0.018593025276355715,-0.0019495113611562864,0.00042376183201164874,-0.0007628100977278285,8.477823314001487e-05,-0.000775266330717922,61.21206665039063
754,2015-01-02,0.8001356063729175,0.8049669309923936,0.8066621076541295,0.7993727316083453,0.018445992006736796,0.0018647331280160495,0.005933247649764439,0.006272231248636073,0.0020342249274519775,-0.00014703326961891874,61.66657638549805
755,2015-01-05,0.8077640306844176,0.8106458439427375,0.8134429436347617,0.8067468858872695,0.040006415997219734,0.007628424311500126,0.005678912950343951,0.006780835980632172,0.007374154278924183,0.021560423990482937,62.10162734985352
756,2015-01-06,0.8177657281890859,0.8203084931816896,0.8247160559691538,0.8143753101987696,0.026252121957413818,0.010001697504668283,0.009662649238952103,0.0112731123343921,0.007628424311500126,-0.013754294039805916,62.84183883666992
757,2015-01-07,0.8181894900210975,0.8214951297782737,0.8238684029714416,0.8152228985296376,0.02562388889631481,0.00042376183201164874,0.001186636596584023,-0.0008476529977121672,0.0008475883308679544,-0.0006282330610990067,62.93278121948242
758,2015-01-08,0.8176809499559458,0.8137819919004778,0.8176809499559458,0.8130191171359056,0.02550358894844479,-0.0005085400651517746,-0.007713137877795817,-0.006187453015495836,-0.002203781393732007,-0.00012029994787002285,62.341896057128906
759,2015-01-09,0.8124257988376135,0.8182742682542377,0.8182742682542377,0.8094592073461535,0.024367422774116798,-0.005255151118332302,0.0044922763537598165,0.0005933182982919005,-0.0035599097897520693,-0.0011361661743279905,62.68603515625
760,2015-01-12,0.8193761266176817,0.8208170332468414,0.8224274963422816,0.8175113934896655,0.0300616203066312,0.006950327780068211,0.002542764992603752,0.00415322808804397,0.008052186143511997,0.005694197532514402,62.880821228027344
761,2015-01-13,0.8197151748833976,0.8199694449159733,0.8232750846731494,0.8183590464873777,0.009463595899108444,0.0003390482657159577,-0.0008475883308680654,0.0008475883308677323,0.0008476529977121672,-0.020598024407522758,62.815879821777344
762,2015-01-14,0.8288692840571978,0.8226817663748577,0.8296320941549254,0.8225970528085618,0.015291460040367315,0.009154109173800218,0.002712321458884337,0.006357009481776088,0.004238006321184096,0.005827864141258871,63.02366256713867
763,2015-01-15,0.8244617212697335,0.8331072903783818,0.8338701004761095,0.8233598629062897,0.025490222287570342,-0.0044075627874643475,0.010425524003524145,0.004238006321184096,0.0007628100977279395,0.010198762247203027,63.82233428955078
764,2015-01-16,0.8312425572503658,0.825648422533162,0.8331072903783818,0.8239531812045816,0.014195393848662665,0.006780835980632283,-0.007458867845219874,-0.0007628100977277175,0.0005933182982919005,-0.011294828438907677,63.25094604492188
765,2015-01-20,0.8301406988869218,0.8338701004761095,0.8340396569423899,0.8301406988869218,0.011000761899669843,-0.0011018583634440082,0.008221677942947592,0.0009323665640080803,0.00618751768234016,-0.0031946319489928217,63.88077545166016
766,2015-01-21,0.8350567370726936,0.8302254124532177,0.8372605184664258,0.8264112326308898,0.01378102736155481,0.004916038185771798,-0.003644688022891862,0.0032208615240358895,-0.003729466256031988,0.0027802654618849666,63.60157012939453
767,2015-01-22,0.8312425572503658,0.8263264543977494,0.8316663837492221,0.8244617212697335,0.015104326788125058,-0.00381417982232779,-0.003898958055468249,-0.005594134717203714,-0.0019495113611562864,0.0013232994265702479,63.302852630615234
768,2015-01-23,0.8319206537817979,0.8358196118372659,0.8365824219349938,0.8310730654509298,0.02748185475786294,0.0006780965314321374,0.009493157439516509,0.004916038185771687,0.006611344181196355,0.012377527969737881,64.03012084960938
769,2015-01-26,0.8369214702007096,0.8345481970075418,0.8378538367647178,0.8317510973155176,0.02598478873992488,0.005000816418911702,-0.001271414829724149,0.001271414829724038,0.0006780318645877026,-0.001497066017938059,63.93275451660156
770,2015-01-27,0.8399728399253098,0.8327682421126658,0.84166808125389,0.8319206537817979,0.017363292475906594,0.0030513697246001836,-0.0017799548948760346,0.003814244489172225,0.0001695564662803628,-0.008621496264018286,63.79639434814453
771,2015-01-28,0.834717753473822,0.8441260680133537,0.845906087575074,0.8323444156138097,0.009583895846978467,-0.005255086451487756,0.011357825900687901,0.004238006321183985,0.00042376183201175976,-0.0077793966289281275,64.66651153564453
772,2015-01-29,0.84158330302075,0.840989984722458,0.8450584345773618,0.8387014250955858,0.014943926857631695,0.006865549546927974,-0.0031360832908956526,-0.0008476529977121672,0.006357009481776088,0.005360031010653228,64.42620849609375
773,2015-01-30,0.848279360768242,0.8514154440591379,0.8517544923248538,0.8465841194396617,0.03170571959418818,0.006696057747491935,0.010425459336679932,0.006696057747491935,0.007882694344075958,0.016761792736556484,65.22489929199219
774,2015-02-02,0.8438717979807779,0.8477707560362457,0.84912694909911,0.8420918430859018,0.03468648496918985,-0.004407562787464014,-0.003644688022892195,-0.002627543225743767,-0.0044922763537599275,0.002980765375001672,65.14608001708984
775,2015-02-03,0.8393795216270178,0.8370062484338499,0.8410747629555981,0.8351415153058338,0.010586395412561988,-0.0044922763537601496,-0.01076450760239589,-0.008052186143511886,-0.006950327780067989,-0.02410008955662786,64.31890106201172
776,2015-02-04,0.8319206537817979,0.8359043900704062,0.8380233932309982,0.8292083323229138,0.028805154184433187,-0.007458867845219874,-0.0011018583634436752,-0.0030513697245999616,-0.0059331829829200045,0.0182187587718712,64.23424530029297
777,2015-02-05,0.8337006086766738,0.8313273354835058,0.8349720235063981,0.829886428854346,0.03245425260315721,0.0017799548948759236,-0.0045770545869003865,-0.0030513697246000726,0.0006780965314322485,0.0036490984187240207,63.88246536254883
778,2015-02-06,0.8267502808966058,0.8204780496479698,0.8284454575583415,0.8201390013822539,0.022750056808308716,-0.006950327780067989,-0.010849285835536016,-0.006526565948056562,-0.009747427472092118,-0.009704195794848491,63.04879379272461
779,2015-02-09,0.8233598629062897,0.8187828083193895,0.8250550395680255,0.8186980300862494,0.016841992701803164,-0.0033904179903161413,-0.0016952413285802326,-0.0033904179903160303,-0.0014409712960045118,-0.005908064106505552,62.91855239868164
780,2015-02-10,0.8168333616250779,0.8142057537324896,0.8179352199885216,0.8128496253364696,0.029460120567281086,-0.006526501281211794,-0.004577054586899942,-0.0071198195795039165,-0.0058484047497797675,0.012618127865477922,62.56681442260742
781,2015-02-11,0.8141210401661937,0.8139514836999135,0.8149686284970618,0.8094592073461535,0.012564661221980137,-0.002712321458884226,-0.00025427003257605385,-0.0029665914914598357,-0.0033904179903161413,-0.01689545934530095,62.54725646972656
782,2015-02-12,0.8145448019982054,0.8128496253364696,0.8180199982216619,0.8126800688701893,0.01983612473767928,0.00042376183201175976,-0.0011018583634438972,0.0030513697246001836,0.0032208615240357785,0.007271463515699142,62.46257781982422
783,2015-02-13,0.8131886736021856,0.8072554259524213,0.8142905319656296,0.8063230593884132,0.016975659310547633,-0.00135612839601984,-0.005594199384048371,-0.003729466256032321,-0.006357009481776088,-0.0028604654271316456,62.03272247314453
784,2015-02-17,0.8064078376215534,0.7958976000517335,0.8064926158546936,0.7951347252871613,0.036811784048226916,-0.006780835980632172,-0.01135782590068779,-0.007797916110936054,-0.011188334101251862,0.019836124737679282,61.15995788574219
785,2015-02-18,0.7995422880746255,0.8009831947037854,0.8045431044935375,0.7981013814454656,0.02992795369788673,-0.006865549546927974,0.005085594652051939,-0.0019495113611560644,0.0029666561583042705,-0.0068838303503401845,61.55073165893555
786,2015-02-19,0.8009831947037854,0.7974232849140334,0.8033564678969534,0.7971690148814574,0.010145295603705239,0.001440906629159966,-0.0035599097897520693,-0.0011866365965841341,-0.0009323665640081913,-0.01978265809418149,61.27717590332031
787,2015-02-20,0.8023393877666497,0.7997117798740613,0.8054754710575454,0.7969994584151773,0.01706922593666876,0.0013561930628642749,0.0022884949600279203,0.0021190031605919923,-0.00016955646628014076,0.006923930332963521,61.45305252075195
788,2015-02-23,0.8044583909272417,0.8070011559198454,0.8078487442507135,0.8035260243632335,0.036303850934997925,0.0021190031605919923,0.007289376045784168,0.002373273193168157,0.006526565948056229,0.019234624998329165,62.013126373291016
789,2015-02-24,0.8070011559198454,0.8155619467953537,0.8159857086273654,0.8010679729369257,0.012524561239356797,0.002542764992603752,0.008560790875508206,0.0081369643766519,-0.002458051426307839,-0.02377928969564113,62.671016693115234
790,2015-02-25,0.8155619467953537,0.8185285382868136,0.8191218565851056,0.8136124354341974,0.03183938620293265,0.008560790875508206,0.0029665914914599467,0.0031361479577401985,0.012544462497271702,0.019314824963575852,62.89900588989258
791,2015-02-26,0.8177657281890859,0.8111543840078895,0.8190370783519654,0.8110696704415936,0.014288960474783794,0.0022037813937322293,-0.007374154278924072,-8.477823314023691e-05,-0.002542764992603752,-0.017550425728148855,62.33233642578125
792,2015-02-27,0.8140362619330537,0.8134429436347617,0.8157314385947894,0.8094592073461535,0.01166909494339219,-0.00372946625603221,0.002288559626872133,-0.0033056397571760154,-0.0016104630954401067,-0.0026198655313916033,62.50814056396485
793,2015-03-02,0.8126800688701893,0.8026783713655213,0.8126800688701893,0.8012374647363614,0.01404836057904375,-0.001356193062864386,-0.010764572269240325,-0.0030513697246000726,-0.008221742609792138,0.0023792656356515594,61.86083221435547
794,2015-03-03,0.8029327060649417,0.7995422880746255,0.8053906928244052,0.7994575098414854,0.009637362490476253,-0.009747362805247572,-0.0031360832908958747,-0.007289376045784057,-0.0017799548948759236,-0.004410998088567496,61.61912536621094
795,2015-03-04,0.8025936577992255,0.8005593682049293,0.8025936577992255,0.7985251432774774,0.015612259901354043,-0.00033904826571617974,0.0010170801303038823,-0.002797035025179695,-0.0009323665640080803,0.00597489741087779,61.69756317138672
796,2015-03-05,0.8008137029043496,0.7982708732449014,0.8025936577992255,0.7975927767134693,0.010332428855947496,-0.0017799548948759236,-0.0022884949600279203,0.0,-0.0009323665640080803,-0.005279831045406547,61.52117538452149
797,2015-03-06,0.7954737735528773,0.7853873624819135,0.7954737735528773,0.7830988028550412,0.013887960648550385,-0.005339929351472317,-0.012883510762987882,-0.00711988424634824,-0.0144939738584281,0.0035555317926028885,60.52824020385742
798,2015-03-09,0.7916595937305494,0.7908120053996814,0.7937785968911415,0.7876758574419414,0.014275593813909348,-0.003814179822327901,0.005424642917767897,-0.0016951766617357977,0.004577054586900164,0.0003876331653589627,60.94633483886719
799,2015-03-10,0.7958976000517335,0.7974232849140334,0.7976775549466094,0.7948804552545853,0.013527060804940318,0.004238006321184096,0.00661127951435192,0.003898958055467916,0.007204597812643931,-0.0007485330089690295,61.455867767333984
800,2015-03-11,0.7972537284477533,0.8031021978643774,0.8039497861952454,0.7972537284477533,0.012791894456845735,0.00135612839601984,0.005678912950344062,0.006272231248635962,0.002373273193168046,-0.0007351663480945833,61.89347839355469
801,2015-03-12,0.8064926158546936,0.8020850530672291,0.8065773940878337,0.8017460048015133,0.01996979134642375,0.009238887406940233,-0.0010171447971483172,0.002627607892588313,0.0044922763537599275,0.007177896889578017,61.81510925292969
802,2015-03-13,0.7994575098414854,0.7988641915431934,0.8027631495986614,0.7972537284477533,0.009891329047090747,-0.0070351060132081145,-0.0032208615240356675,-0.003814244489172336,-0.0044922763537599275,-0.010078462299333004,61.5668830871582
803,2015-03-16,0.8043736126941016,0.8032716896638132,0.8047126609598175,0.7998813363403418,0.005694197532514402,0.004916102852616122,0.004407498120619802,0.0019495113611561754,0.002627607892588424,-0.004197131514576345,61.906551361083984
804,2015-03-17,0.8054754710575454,0.8061535675889775,0.8069163776867054,0.8028479278318016,0.010131928942830791,0.0011018583634437862,0.0028818779251642557,0.0022037167268879054,0.0029665914914598357,0.004437731410316389,62.128684997558594
805,2015-03-18,0.8114934322736053,0.8213256379788377,0.8216646862445537,0.8082725707495696,0.014008260596420408,0.006017961216059908,0.015172070389860237,0.014748308557848255,0.005424642917768008,0.0038763316535896167,63.297977447509766
806,2015-03-19,0.8213256379788377,0.8198847313496779,0.8221732263097057,0.8161552650936457,0.021667357277478514,0.009832205705232466,-0.001440906629159855,0.0005085400651519967,0.007882694344076069,0.007659096681058106,63.18689727783203
807,2015-03-20,0.8208170332468414,0.8208170332468414,0.8219189562771297,0.8192914130513859,0.018526191971983477,-0.0005086047319963205,0.0009323018971635344,-0.00025427003257594283,0.0031361479577401985,-0.003141165305495037,63.25870895385742
808,2015-03-23,0.8216646862445537,0.8201390013822539,0.8217493998108496,0.8185285382868136,0.011415128386777698,0.0008476529977122782,-0.0006780318645874805,-0.00016955646628014076,-0.0007628747645722633,-0.007111063585205779,63.20649719238281
809,2015-03-24,0.8220884480765654,0.8252245960343058,0.82649601086403,0.8204780496479698,0.020745057677141673,0.00042376183201175976,0.005085594652051828,0.004746611053180416,0.0019495113611561754,0.009329929290363975,63.59843826293945
810,2015-03-25,0.8273435991948977,0.8209865897131217,0.8281064092926257,0.8208170332468414,0.006843730367716841,0.005255151118332302,-0.004238006321184096,0.0016103984285956718,0.0003389835988716339,-0.013901327309424833,63.27181243896485
811,2015-03-26,0.8186980300862494,0.8108154004090178,0.8186980300862494,0.8098830338450096,0.009209629342493952,-0.008645569108648332,-0.010171189304103878,-0.009408379206376272,-0.010933999401831818,0.0023658989747771114,62.48794937133789
812,2015-03-27,0.8139514836999135,0.8174266799233697,0.8186980300862494,0.8130191171359056,0.017563792389023298,-0.00474654638633587,0.00661127951435192,0.0,0.0031360832908959857,0.008354163046529346,62.99747467041016
813,2015-03-30,0.8170028534245136,0.8153923903290735,0.8196303966502576,0.8137819919004778,0.011161161830163207,0.0030513697246000726,-0.0020342895942961903,0.0009323665640081913,0.0007628747645722633,-0.006402630558860091,62.84068298339844
814,2015-03-31,0.8156467250284938,0.8164095351262216,0.8179352199885216,0.8134429436347617,0.06303717268389183,-0.00135612839601984,0.0010171447971480951,-0.0016951766617360198,-0.00033904826571617974,0.05187601085372863,62.91909408569336
815,2015-04-01,0.8189523647856699,0.8229360364074334,0.82352941937257,0.8188675865525297,0.009944795690588534,0.0033056397571761265,0.006526501281211794,0.005594199384048371,0.005424642917768008,-0.0530923769933033,63.68721008300781
816,2015-04-02,0.821410416211978,0.8186133165199536,0.8242922294702977,0.8162400433267857,0.010118562281956345,0.002458051426308061,-0.004322719887479787,0.0007628100977277175,-0.002627543225743989,0.00017376659136781117,63.352664947509766
817,2015-04-06,0.8204780496479698,0.8146295802313457,0.8209865897131217,0.8132733871684815,0.011829494873885555,-0.0009323665640081913,-0.003983736288607931,-0.0033056397571760154,-0.0029666561583041595,0.0017109325919292106,63.04436111450195
818,2015-04-07,0.8158162168279296,0.8203084931816896,0.8203932714148298,0.8136124354341974,0.014556293692272734,-0.004661832820040179,0.005678912950343951,-0.0005933182982919005,0.0003390482657158467,0.0027267988183871782,63.48384094238281
819,2015-04-08,0.8199694449159733,0.8203932714148298,0.8217493998108496,0.8151381202964976,0.018058358841377836,0.004153228088043748,8.477823314012589e-05,0.00135612839601984,0.0015256848623002028,0.003502065149105102,63.49040603637695
820,2015-04-09,0.8192066348182457,0.8123410206044733,0.8192914130513859,0.8104763521433018,0.02913932070629436,-0.0007628100977276064,-0.008052250810356432,-0.0024579867594637372,-0.0046617681531957444,0.011080961864916524,62.86725997924805
821,2015-04-10,0.8158162168279296,0.8132733871684815,0.8166638051587976,0.8128496253364696,0.04120941547591996,-0.0033904179903161413,0.0009323665640081913,-0.002627607892588313,0.002373273193167824,0.012070094769625603,62.939395904541016
822,2015-04-13,0.8126800688701893,0.8135277218679018,0.8142057537324896,0.8095439855792937,0.018165292128373412,-0.0031361479577403095,0.00025433469942026665,-0.00245805142630795,-0.0033056397571759044,-0.02304412334754655,62.95909881591797
823,2015-04-14,0.8196303966502576,0.8181047117879574,0.8226817663748577,0.8167485833919377,0.015652359883977382,0.006950327780068322,0.0045769899200556186,0.00847601264236808,0.007204597812643931,-0.00251293224439603,63.31330108642578
824,2015-04-15,0.8197999531165377,0.8177657281890859,0.8208170332468414,0.8164943133593616,0.012658227848101266,0.00016955646628014076,-0.00033898359887152285,-0.0018647331280162716,-0.00025427003257605385,-0.0029941320358761164,63.28702926635742
825,2015-04-16,0.8189523647856699,0.8159009950610698,0.8189523647856699,0.8128496253364696,0.014329060457407136,-0.0008475883308678434,-0.0018647331280160495,-0.0018646684611715036,-0.003644688022891973,0.0016708326093058702,63.14275741577149
826,2015-04-17,0.8143753101987696,0.8213256379788377,0.8220884480765654,0.8143753101987696,0.010011628994960768,-0.0045770545869002754,0.005424642917767897,0.0031360832908955416,0.0015256848622999808,-0.004317431462446368,63.56258773803711
827,2015-04-20,0.8197151748833976,0.8177657281890859,0.8199694449159733,0.8159009950610698,0.010987395238795397,0.005339864684627993,-0.0035599097897518472,-0.0021190031605921034,0.0015256848623002028,0.000975766243834629,63.28702926635742
828,2015-04-21,0.8181047117879574,0.8153923903290735,0.8187828083193895,0.8146295802313457,0.024273856147995668,-0.0016104630954402177,-0.00237333786001237,-0.001186636596583801,-0.001271414829724149,0.01328646090920027,63.10341262817383
829,2015-04-22,0.8138667054667734,0.8061535675889775,0.8147990720307813,0.8061535675889775,0.020384157833531605,-0.004238006321183985,-0.00923882274009602,-0.003983736288608264,-0.008476012642368191,-0.003889698314464063,62.388404846191406
830,2015-04-23,0.8081030142832892,0.8086116190152857,0.8109848922084536,0.8064078376215534,0.011535428334647721,-0.0057636911834841875,0.002458051426308172,-0.003814179822327679,0.00025427003257594283,-0.008848729498883883,62.57861709594727
831,2015-04-24,0.8105610657095973,0.8128496253364696,0.8137819919004778,0.8094592073461535,0.006950663654712416,0.002458051426308061,0.004238006321183985,0.002797099692024241,0.0030513697246000726,-0.004584764679935305,62.90658187866211
832,2015-04-27,0.8131886736021856,0.8113239404741697,0.8136124354341974,0.8086963972484258,0.012043361447876705,0.002627607892588313,-0.0015256848622999808,-0.00016955646628047383,-0.0007628100977277175,0.005092697793164289,62.78853988647461
833,2015-04-28,0.8069163776867054,0.8027631495986614,0.8092897155467178,0.8026783713655213,0.009610629168727361,-0.006272295915480175,-0.008560790875508317,-0.004322719887479565,-0.006018025882904454,-0.002432732279149344,62.12601852416992
834,2015-04-29,0.7953889953197372,0.7925071820614173,0.7972537284477533,0.7900491306351093,0.014288960474783794,-0.011527382366968264,-0.010255967537244004,-0.012035987098964473,-0.01262924073041205,0.004678331306056433,61.332313537597656
835,2015-04-30,0.7898796388356734,0.7929310085602734,0.7941176451568573,0.7868282691110733,0.02500902249609025,-0.00550935648406381,0.0004238264988560836,-0.0031360832908959857,-0.0032208615240360006,0.010720062021306457,61.36509704589844
836,2015-05-01,0.7847092659504813,0.7808950214613088,0.7868282691110733,0.7791150665664331,0.18774811864248192,-0.005170372885192065,-0.012035987098964585,-0.007289376045784057,-0.007713202544640141,0.16273909614639168,60.62675476074219
837,2015-05-04,0.7808950214613088,0.7760636968418331,0.7821664362910331,0.7757246485761169,0.13047197679547673,-0.003814244489172447,-0.004831324619475774,-0.004661832820040179,-0.0033904179903162524,-0.05727614184700519,60.25164031982422
838,2015-05-05,0.7771656198721212,0.7761484750749731,0.7779284299698491,0.7719952469869291,0.2527902904575408,-0.003729401589187664,8.477823314001487e-05,-0.004238006321183985,-0.003729401589187775,0.12231831366206408,60.25827407836914
839,2015-05-06,0.773690423648665,0.769876243826337,0.7749618384783892,0.7690286554954693,0.18544905297207703,-0.003475196223456156,-0.006272231248636073,-0.0029665914914599467,-0.0029665914914598357,-0.06734123748546378,59.77130508422852
840,2015-05-07,0.7711476586560613,0.7753856649772454,0.7773351116715571,0.7705543403577693,0.09630679160039031,-0.002542764992603752,0.005509421150908356,0.002373273193167935,0.0015256848622999808,-0.08914226137168672,60.199031829833984
841,2015-05-08,0.7806407514287331,0.7803017031630172,0.7829293110556055,0.7782674782355652,0.05424190982850574,0.009493092772671852,0.004916038185771798,0.005594199384048371,0.007713137877795928,-0.04206488177188457,60.58066177368164
842,2015-05-11,0.7727580570846571,0.7621630412816969,0.774283741946957,0.7620783277154012,0.026385788566158287,-0.007882694344076069,-0.018138661881320295,-0.008645569108648443,-0.01618915052016401,-0.027856121262347454,59.17241668701172
843,2015-05-12,0.7581793049930887,0.7615697229834049,0.765553459272013,0.7550432217021931,0.03748011709194926,-0.014578752091568337,-0.0005933182982920115,-0.008730282674944023,-0.0070351060132081145,0.011094328525790974,59.12639236450195
844,2015-05-13,0.765807729304589,0.7578403213942172,0.767672462432605,0.7569079548302091,0.01658802614518867,0.007628424311500237,-0.003729401589187664,0.0021190031605919923,0.0018647331280160495,-0.020892090946760592,58.83683395385742
845,2015-05-14,0.7591116715570968,0.7608916264519727,0.7631801860788451,0.7588574015245209,0.015331560022990657,-0.006696057747492157,0.0030513050577555267,-0.0044922763537599275,0.0019494466943117406,-0.0012564661221980116,59.07373046875
846,2015-05-15,0.7660619993371647,0.7714866422549329,0.7731818835835131,0.7660619993371647,0.010212128908077473,0.0069503277800678775,0.010595015802960184,0.010001697504668061,0.00720459781264382,-0.005119431114913184,59.89631271362305
847,2015-05-18,0.7663163340365853,0.7631801860788451,0.7690286554954693,0.7627563595799889,0.016387526232071965,0.0002543346994205997,-0.008306456176087829,-0.004153228088043859,-0.0033056397571757934,0.006175397323994492,59.25138473510742
848,2015-05-19,0.7563146365319171,0.7569926683965048,0.763434456111421,0.7560603018324967,0.019595524841939237,-0.010001697504668172,-0.006187517682340271,-0.0055941993840482596,-0.006696057747492157,0.0032079986098672714,58.77107238769531
849,2015-05-20,0.7579250349605128,0.7569926683965048,0.7600440381211049,0.7560603018324967,0.019715824789809256,0.0016103984285956718,0.0,-0.0033904179903161413,0.0,0.00012029994787001938,58.77107238769531
850,2015-05-21,0.7608916264519727,0.764451600908569,0.7653839674725771,0.7598745463216691,0.00943686257735955,0.0029665914914599467,0.007458932512064198,0.005339929351472206,0.003814244489172336,-0.010278962212449706,59.35014724731445
851,2015-05-22,0.765807729304589,0.765807729304589,0.7664010476028811,0.762247819514837,0.009610629168727361,0.004916102852616233,0.001356128396019951,0.0010170801303039934,0.002373273193167935,0.00017376659136781117,59.45543670654297
852,2015-05-26,0.7669096523348773,0.7729276135509372,0.7737752018818052,0.7660619993371647,0.008367529707403794,0.001101923030288332,0.00711988424634824,0.007374154278924072,0.003814179822327679,-0.0012430994613235671,60.00818634033203
853,2015-05-27,0.7728428353177971,0.7747923466789534,0.7754703785435408,0.7706390539240651,0.027856121262347454,0.005933182982919782,0.0018647331280161605,0.0016951766617356867,0.0045770545869003865,0.01948859155494366,60.152976989746094
854,2015-05-28,0.7732666618166534,0.771571420488073,0.7748770602452492,0.770978102189781,0.021025757555505058,0.00042382649885630563,-0.0032209261908803244,-0.0005933182982916785,0.0003390482657159577,-0.006830363706842396,59.90289306640625
855,2015-05-29,0.7744532984132374,0.771571420488073,0.7763179668744089,0.7711476586560613,0.01918115835483138,0.001186636596584023,0.0,0.0014409066291597439,0.00016955646628025178,-0.001844599200673678,59.90289306640625
856,2015-06-01,0.768774320796049,0.7647058709411451,0.7695371955606212,0.7613154529508289,0.08813976180610322,-0.0056789776171883855,-0.006865549546927974,-0.006780771313787737,-0.009832205705232355,0.06895860345127185,59.57271957397461
857,2015-06-02,0.7591964497902369,0.7567383983639289,0.7597049898553888,0.7552127135016288,0.04020691591033644,-0.009577871005812089,-0.007967472577216195,-0.009832205705232355,-0.006102739449200145,-0.04793284589576678,58.95204162597656
858,2015-06-03,0.7536870286393288,0.7481776074884205,0.7536870286393288,0.7467367008592607,0.015411759988237338,-0.005509421150908134,-0.008560790875508317,-0.006017961216060019,-0.00847601264236808,-0.024795155922099105,58.285152435302734
859,2015-06-04,0.7512289772130206,0.7537718068724689,0.7558060317999208,0.750211897082717,0.012979027709087992,-0.002458051426308172,0.005594199384048371,0.0021190031605919923,0.0034751962234562672,-0.002432732279149346,58.720951080322266
860,2015-06-05,0.7485166557541366,0.7477538456564089,0.751737581945017,0.7467367008592607,0.021359924077366234,-0.002712321458884004,-0.006017961216060019,-0.004068449854903733,-0.0034751962234562672,0.008380896368278242,58.25212860107422
861,2015-06-08,0.7481776074884205,0.7463976525935446,0.7501271188495768,0.7462281607941088,0.02173419058185075,-0.0003390482657160687,-0.0013561930628642749,-0.0016104630954402177,-0.0005085400651518857,0.00037426650448451476,58.14648818969727
862,2015-06-09,0.7446176976986687,0.7402949131443445,0.7458043342952526,0.7397015948460525,0.041717348589148946,-0.0035599097897518472,-0.006102739449200145,-0.004322784554324222,-0.00652656594805634,0.019983158007298198,57.67105484008789
863,2015-06-10,0.7378369263848809,0.7356331449911487,0.7386845147157488,0.7349550484597166,0.017483592423776617,-0.006780771313787848,-0.0046617681531957444,-0.0071198195795038055,-0.00474654638633587,-0.02423375616537233,57.307884216308594
864,2015-06-11,0.7412272797083526,0.747499575623833,0.747499575623833,0.7395321030466168,0.008019996524668173,0.0033903533234717065,0.011866430632684222,0.008815060908084149,0.004577054586900164,-0.009463595899108444,58.2323112487793
865,2015-06-12,0.7461433825609687,0.7475842891901286,0.7530089321078967,0.7458043342952526,0.009677462473099595,0.004916102852616122,8.471356629569105e-05,0.005509356484063699,0.006272231248635851,0.0016574659484314223,58.23892974853516
866,2015-06-15,0.7519918519775929,0.7469909708918366,0.7528394403084608,0.7450415241975249,0.010813628647427586,0.005848469416624202,-0.0005933182982920115,-0.00016949179943581694,-0.0007628100977277175,0.0011361661743279905,58.192718505859375
867,2015-06-16,0.7493643087518491,0.7502966106490127,0.751737581945017,0.7464824308266848,0.005373397671527676,-0.002627543225743767,0.0033056397571760154,-0.0011018583634437862,0.001440906629159855,-0.00544023097589991,58.45022201538086
868,2015-06-17,0.7497880705838608,0.748092893922125,0.7509747071804448,0.7444482058992329,0.005827864141258872,0.00042376183201164874,-0.0022037167268876834,-0.0007628747645722633,-0.0020342249274518664,0.00045446646973119637,58.27852630615234
869,2015-06-18,0.7452110159969607,0.745973890761533,0.7469909708918366,0.7419053762397847,0.010038362316709662,-0.004577054586900053,-0.0021190031605919923,-0.003983736288608153,-0.002542829659448187,0.00421049817545079,58.11347198486328
870,2015-06-19,0.7501271188495768,0.7530089321078967,0.753263266807317,0.7501271188495768,0.007177896889578014,0.004916102852616122,0.00703504134636368,0.006272295915480397,0.008221742609792138,-0.002860465427131648,58.66150665283203
871,2015-06-22,0.7473300191575527,0.742668251004357,0.7481776074884205,0.742074932706065,0.009182896020745058,-0.0027970996920241298,-0.010340681103539695,-0.005085659318896485,-0.008052186143511886,0.0020049991311670437,57.855953216552734
872,2015-06-23,0.7368197815877326,0.7380911964174568,0.7425834727712168,0.7368197815877326,0.010198762247203026,-0.010510237569820058,-0.004577054586900164,-0.005594134717203714,-0.005255151118332302,0.0010158662264579676,57.49936676025391
873,2015-06-24,0.7408035178763408,0.7417358844403489,0.7431767910695087,0.7391930547809007,0.017349925815032148,0.003983736288608153,0.003644688022892084,0.0005933182982919005,0.002373273193168046,0.007151163567829123,57.7833366394043
874,2015-06-25,0.739955929545473,0.7387692929488889,0.7423292027386409,0.7380064181843167,0.008835362838009437,-0.0008475883308678434,-0.0029665914914599467,-0.0008475883308678434,-0.001186636596584023,-0.00851456297702271,57.55220031738281
875,2015-06-26,0.7362264632894407,0.7336836336299924,0.7369892733871685,0.7324122834671128,0.008969029446753906,-0.00372946625603221,-0.005085659318896485,-0.005339929351472428,-0.005594134717203825,0.00013366660874446906,57.15602111816406
876,2015-06-29,0.7409730096757766,0.7444482058992329,0.7467367008592607,0.7386845147157488,0.01662812612781201,0.00474654638633587,0.010764572269240436,0.00974742747209223,0.006272231248635962,0.007659096681058105,57.9946174621582
877,2015-06-30,0.7425834727712168,0.7425834727712168,0.7485166557541366,0.7424139163049365,0.006402630558860091,0.0016104630954402177,-0.0018647331280160495,0.0017799548948759236,0.003729401589187664,-0.01022549556895192,57.84931564331055
878,2015-07-01,0.7349550484597166,0.7348702702265765,0.7380064181843167,0.7337684118631326,0.01737665913678104,-0.007628424311500237,-0.007713202544640363,-0.010510237569819947,-0.008645504441803897,0.01097402857792095,57.4465217590332
879,2015-07-02,0.7385149582494686,0.7373283216528845,0.7408035178763408,0.7368197815877326,0.006857097028591288,0.0035599097897519583,0.002458051426308061,0.0027970996920241298,0.0030513697246000726,-0.010519562108189752,57.6386604309082
880,2015-07-06,0.7441939358666569,0.7449567459643848,0.7480081156889848,0.7413120579414927,0.020999024233756165,0.0056789776171883855,0.007628424311500237,0.007204597812644042,0.0044922763537600385,0.014141927205164877,58.23497772216797
881,2015-07-07,0.752330900243309,0.7513137554461609,0.7563146365319171,0.7492795305187089,0.01606672637108524,0.008136964376652012,0.006357009481776088,0.008306520842932263,0.007967472577216195,-0.004932297862670926,58.73194122314453
882,2015-07-08,0.7541956333713251,0.7552127135016288,0.7554669835342047,0.7514833119124411,0.005199631080159865,0.0018647331280161605,0.003898958055467916,-0.0008476529977123892,0.0022037813937322293,-0.010867095290925374,59.03670120239258
883,2015-07-09,0.7498728488170009,0.745380572463241,0.750805215381009,0.7446176976986687,0.004317431462446366,-0.004322784554324222,-0.00983214103838781,-0.0046617681531957444,-0.0068656142137724085,-0.0008821996177134995,58.26812744140625
884,2015-07-10,0.7358026367905846,0.7363959550888765,0.7395321030466168,0.7347007784271407,0.04336144787670592,-0.01407021202641634,-0.008984617374364512,-0.01127311233439221,-0.009916919271528046,0.03904401641425956,57.56578063964844
885,2015-07-13,0.7328360452991246,0.7338531900962728,0.7378369263848809,0.7321579487676925,0.009557162525229573,-0.0029665914914599467,-0.002542764992603641,-0.0016951766617359088,-0.002542829659448187,-0.03380428535147635,57.36700820922852
886,2015-07-14,0.7358874150237247,0.7352093184922925,0.7361416850563006,0.7331750935648407,0.011468595030275487,0.0030513697246000726,0.001356128396019729,-0.0016952413285802326,0.0010171447971482062,0.0019114325050459142,57.472991943359375
887,2015-07-15,0.7362264632894407,0.7397863730791926,0.7424986945380766,0.7352093184922925,0.018900458476467992,0.0003390482657160687,0.004577054586900053,0.006357009481775977,0.0020342249274518664,0.007431863446192505,57.83078002929688
888,2015-07-16,0.7396168812797569,0.7454652860295365,0.7454652860295365,0.7391082765477605,0.005827864141258872,0.0033904179903161413,0.005678912950343951,0.0029665914914599467,0.003898958055467916,-0.01307259433520912,58.27472305297852
889,2015-07-17,0.7458891125283927,0.7467367008592607,0.7477538456564089,0.7446176976986687,0.004758531271303116,0.006272231248635851,0.001271414829724149,0.002288559626872355,0.005509421150908245,-0.001069332869955756,58.374141693115234
890,2015-07-20,0.7446176976986687,0.7443634276660928,0.7461433825609687,0.7423292027386409,0.005279831045406547,-0.001271414829724038,-0.002373273193167935,-0.0016104630954402177,-0.0022884949600278093,0.0005212997741034309,58.18860626220703
891,2015-07-21,0.7428377428037927,0.7465672090598249,0.7465672090598249,0.7416511062072088,0.00908932939462393,-0.0017799548948760346,0.0022037813937321182,0.0004238264988561946,-0.0006780965314321374,0.003809498349217382,58.3608283996582
892,2015-07-22,0.7481776074884205,0.749025260486133,0.7508899289473046,0.7479233374558447,0.006255597289241174,0.005339864684627882,0.002458051426308172,0.004322719887479676,0.006272231248635962,-0.002833732105382755,58.553009033203125
893,2015-07-23,0.750211897082717,0.7552974917347689,0.755636540000485,0.7482623857215608,0.004811997914800904,0.0020342895942964123,0.006272231248635851,0.004746611053180416,0.0003390482657160687,-0.0014435993744402707,59.04331970214844
894,2015-07-24,0.7569926683965048,0.7555517617673448,0.7575012731285011,0.7550432217021931,0.00495903118441982,0.006780771313787848,0.00025427003257594283,0.0018647331280161605,0.006780835980632283,0.00014703326961891614,59.06322479248047
895,2015-07-27,0.7586031314919449,0.7567383983639289,0.7593659415896727,0.7546193952033368,0.005948164089128895,0.0016104630954401067,0.001186636596584023,0.0018646684611716147,-0.00042382649885630563,0.0009891329047090752,59.15596771240234
896,2015-07-28,0.7540260769050449,0.755382269967909,0.7569079548302091,0.752924218541601,0.009450229238233996,-0.004577054586900053,-0.00135612839601984,-0.002457986759463626,-0.0016951766617357977,0.003502065149105101,59.049922943115234
897,2015-07-29,0.7546193952033368,0.7541956333713251,0.756229858298777,0.750550945348433,0.0049456645235453735,0.0005933182982919005,-0.001186636596583912,-0.0006780965314321374,-0.002373273193167935,-0.0045045647146886225,58.95721054077149
898,2015-07-30,0.7557213182336251,0.7569079548302091,0.7585183532588048,0.7554669835342047,0.0028871987488805423,0.001101923030288332,0.002712321458884004,0.0022884949600278093,0.004916038185771687,-0.002058465774664831,59.169212341308594
899,2015-07-31,0.7608069128856771,0.7627563595799889,0.762841137813129,0.7602135945873851,0.006215497306617834,0.00508559465205205,0.0058484047497797675,0.004322784554324222,0.004746611053180416,0.0033282985577372916,59.62640380859375
900,2015-08-03,0.7590269579908011,0.764366822675429,0.7647058709411451,0.7590269579908011,0.00982449574271851,-0.0017799548948760346,0.0016104630954401067,0.0018647331280160495,-0.001186636596584023,0.003608998436100677,59.96484375
901,2015-08-04,0.7624173113142728,0.7594507198228129,0.762841137813129,0.7577555431610771,0.007538796733188083,0.0033903533234717065,-0.004916102852616122,-0.0018647331280160495,-0.001271414829724038,-0.002285699009530428,59.57924270629883
902,2015-08-05,0.7558060317999208,0.7541956333713251,0.7563993500982128,0.752669948509025,0.009557162525229573,-0.006611279514352031,-0.005255086451487756,-0.006441787714916214,-0.00508559465205205,0.00201836579204149,59.16695022583008
903,2015-08-06,0.7552127135016288,0.7577555431610771,0.7586031314919449,0.7552127135016288,0.010252228890700814,-0.0005933182982920115,0.0035599097897519583,0.0022037813937321182,0.002542764992603752,0.0006950663654712412,59.44620895385742
904,2015-08-07,0.7608916264519727,0.7647058709411451,0.7651296327731568,0.7602135945873851,0.00838089636827824,0.005678912950343951,0.006950327780067989,0.006526501281211905,0.005000881085756359,-0.0018713325224225738,59.991485595703125
905,2015-08-10,0.760128816354245,0.7573317166622208,0.761061182918253,0.7560603018324967,0.005667464210765509,-0.0007628100977277175,-0.007374154278924294,-0.004068449854903844,-0.004153292754888405,-0.002713432157512731,59.41294479370117
906,2015-08-11,0.7623325977479771,0.7650449192068612,0.7666553176354569,0.7620783277154012,0.01755042572814885,0.0022037813937321182,0.007713202544640474,0.005594134717203936,0.006018025882904454,0.011882961517383342,60.01804733276367
907,2015-08-12,0.7663163340365853,0.7629259160462691,0.7690286554954693,0.761654501216545,0.011227995134535441,0.003983736288608153,-0.0021190031605921034,0.00237333786001237,-0.0004238264988561946,-0.006322430593613411,59.8518180847168
908,2015-08-13,0.7609764046851129,0.7608916264519727,0.7639429961765727,0.759281228023377,0.009236362664242846,-0.005339929351472428,-0.0020342895942964123,-0.005085659318896596,-0.002373273193167935,-0.001991632470292595,59.69225311279297
909,2015-08-14,0.7619087712491209,0.7630106296125647,0.7647906491742852,0.757416494895361,0.007832863272425916,0.0009323665640080803,0.0021190031605919923,0.0008476529977125002,-0.0018647331280160495,-0.0014034993918169304,59.85848236083984
910,2015-08-17,0.764960140973721,0.763434456111421,0.7674181924000291,0.763434456111421,0.014462727066151605,0.0030513697246000726,0.00042382649885630563,0.002627543225743878,0.006017961216060019,0.006629863793725689,59.89174270629883
911,2015-08-18,0.7613154529508289,0.758942179757661,0.7638582826102773,0.7587726232913807,0.02204162378196303,-0.003644688022892084,-0.0044922763537600385,-0.0035599097897517362,-0.00466183282004029,0.007578896715811424,59.53929901123047
912,2015-08-19,0.7577555431610771,0.7633496778782808,0.7650449192068612,0.7571622248627851,0.010118562281956345,-0.0035599097897518472,0.004407498120619802,0.001186636596583912,-0.0016103984285956718,-0.011923061500006684,59.88505172729492
913,2015-08-20,0.7663163340365853,0.7689438772623292,0.7693676390943408,0.765553459272013,0.012872094422092417,0.008560790875508206,0.005594199384048371,0.004322719887479565,0.008391234409227954,0.0027535321401360724,60.32394409179688
914,2015-08-21,0.7695371955606212,0.767926732465181,0.770384783891489,0.7664858258360211,0.011334928421531018,0.0032208615240358895,-0.0010171447971482062,0.0010171447971482062,0.0009323665640080803,-0.0015371660005613994,60.2441291809082
915,2015-08-24,0.7756399350098214,0.764112552642853,0.7783522564687052,0.7623325977479771,0.019368291607073637,0.006102739449200256,-0.003814179822327901,0.007967472577216195,-0.00415322808804397,0.00803336318554262,59.94492721557617
916,2015-08-25,0.7591116715570968,0.7585183532588048,0.7614849447502647,0.7546193952033368,0.073957734618315,-0.016528263452724623,-0.0055941993840482596,-0.01686731171844047,-0.007713202544640363,0.054589443011241356,59.50608825683594
917,2015-08-26,0.753263266807317,0.7524156138096046,0.756229858298777,0.750211897082717,0.6812719714488124,-0.0058484047497797675,-0.006102739449200145,-0.005255086451487756,-0.004407498120619802,0.6073142368304973,59.027286529541016
918,2015-08-27,0.7515680254787367,0.750550945348433,0.7563993500982128,0.749618578784425,0.014315693796532688,-0.0016952413285803436,-0.0018646684611716147,0.00016949179943581694,-0.0005933182982920115,-0.6669562776522797,58.88101577758789
919,2015-08-28,0.7578403213942172,0.7549584434690528,0.7602983081536807,0.752924218541601,0.017269725849785464,0.006272295915480508,0.004407498120619802,0.003898958055467916,0.0033056397571760154,0.002954032053252776,59.22677993774414
920,2015-08-31,0.7599593245548092,0.7516528037118769,0.761061182918253,0.750805215381009,0.03166561961156483,0.0021190031605919923,-0.0033056397571759044,0.0007628747645722633,-0.0021190031605919923,0.014395893761779369,58.967472076416016
921,2015-09-01,0.751144263646725,0.7530089321078967,0.7544499034039011,0.7500423406164367,0.11825484875623221,-0.008815060908084149,0.001356128396019729,-0.00661127951435192,-0.0007628747645722633,0.08658922914466738,59.236141204833984
922,2015-09-02,0.7520766302107331,0.7501271188495768,0.7564841283313529,0.7491099740524286,0.07168540226965901,0.0009323665640080803,-0.002881813258319821,0.0020342249274518664,-0.0009323665640080803,-0.0465694464865732,59.00947952270508
923,2015-09-03,0.7543651251707609,0.7544499034039011,0.7549584434690528,0.7501271188495768,0.03534145135203775,0.0022884949600278093,0.004322784554324222,-0.0015256848623000918,0.0010171447971482062,-0.036343950917621264,59.34951019287109
924,2015-09-04,0.758348861459369,0.7594507198228129,0.7607221346525369,0.7552974917347689,0.024287222808870117,0.003983736288608042,0.005000816418911813,0.0057636911834840765,0.005170372885192065,-0.011054228543167632,59.742942810058594
925,2015-09-08,0.7547889516696171,0.7525003920427448,0.7564841283313529,0.7516528037118769,0.03036905350674348,-0.0035599097897518472,-0.0069503277800681,-0.004238006321183985,-0.003644688022891973,0.006081830697873363,59.19614410400391
926,2015-09-09,0.7471605273581169,0.7536023150730331,0.7554669835342047,0.7458891125283927,0.021961423816716345,-0.007628424311500237,0.001101923030288332,-0.0010171447971482062,-0.0057636911834841875,-0.008407629690027136,59.28287506103516
927,2015-09-10,0.7520766302107331,0.7485166557541366,0.7522461220101688,0.7483471639547009,0.031157686498335852,0.004916102852616233,-0.005085659318896485,-0.0032208615240358895,0.002458051426308172,0.009196262681619508,58.88282012939453
928,2015-09-11,0.7536870286393288,0.7536023150730331,0.7558908100330609,0.7519070737444528,0.013874593987675939,0.0016103984285956718,0.005085659318896485,0.003644688022892084,0.0035599097897518472,-0.017283092510659914,59.28287506103516
929,2015-09-14,0.7558060317999208,0.754110855138185,0.7570774466296449,0.7531784885741769,0.02037079117265716,0.0021190031605919923,0.0005085400651518857,0.001186636596584023,0.001271414829724149,0.00649619718498122,59.32284927368164
930,2015-09-15,0.7512289772130206,0.7424986945380766,0.7519918519775929,0.7423292027386409,0.026131822009543795,-0.004577054586900164,-0.01161216060010839,-0.00508559465205205,-0.010849285835536016,0.005761030836886637,58.40935897827149
931,2015-09-16,0.742074932706065,0.7416511062072088,0.7437701093678007,0.7404644696106247,0.014863726892385014,-0.009154044506955672,-0.0008475883308678434,-0.008221742609792138,-0.0018647331280161605,-0.011268095117158781,58.34270095825195
932,2015-09-17,0.7421596462723605,0.747499575623833,0.747499575623833,0.7387692929488889,0.04400304759867937,8.471356629558002e-05,0.005848469416624202,0.00372946625603221,-0.0016951766617357977,0.02913932070629436,58.80276870727539
933,2015-09-18,0.7506356589147287,0.7536023150730331,0.7563993500982128,0.7504661671152929,0.016841992701803164,0.008476012642368191,0.006102739449200145,0.00889977447437984,0.01169687416640397,-0.02716105489687621,59.28287506103516
934,2015-09-21,0.7514833119124411,0.7477538456564089,0.7514833119124411,0.7461433825609687,0.02619865531391603,0.0008476529977123892,-0.005848469416624202,-0.004916038185771687,-0.004322784554324222,0.009356662612112866,58.822715759277344
935,2015-09-22,0.752330900243309,0.753856585105609,0.7566536201307887,0.749618578784425,0.011401761725903252,0.0008475883308678434,0.006102739449200145,0.00517030821834763,0.0034751962234562672,-0.014796893588012778,59.30284118652344
936,2015-09-23,0.7528394403084608,0.7536023150730331,0.7547889516696171,0.750550945348433,0.010105195621081897,0.0005085400651518857,-0.00025427003257594283,-0.0018646684611716147,0.0009323665640080803,-0.0012965661048213555,59.28287506103516
937,2015-09-24,0.7591116715570968,0.7547889516696171,0.7600440381211049,0.7544499034039011,0.010265595551575262,0.006272231248635962,0.001186636596584023,0.005255086451487756,0.003898958055468027,0.00016039993049336496,59.37617111206055
938,2015-09-25,0.7514833119124411,0.7502966106490127,0.7514833119124411,0.748686212220417,0.011161161830163207,-0.007628359644655691,-0.004492341020604473,-0.008560726208663771,-0.0057636911834840765,0.0008955662785879448,59.022796630859375
939,2015-09-28,0.752924218541601,0.7566536201307887,0.7580098131936529,0.750805215381009,0.15522703273495247,0.001440906629159855,0.006357009481776088,0.006526501281211794,0.0021190031605919923,0.14406587090478926,59.52285003662109
940,2015-09-29,0.7567383983639289,0.7575012731285011,0.759535498055953,0.7546193952033368,0.018018258858754493,0.003814179822327901,0.0008476529977123892,0.0015256848623000918,0.00381417982232779,-0.13720877387619798,59.58958053588867
941,2015-09-30,0.7557213182336251,0.7572469384290806,0.7584336396925092,0.7545346169701966,0.021747557242725195,-0.0010170801303037713,-0.0002543346994204887,-0.0011018583634437862,-8.477823314012589e-05,0.0037292983839707014,59.56954574584961
942,2015-10-01,0.7578403213942172,0.7569079548302091,0.7590269579908011,0.755636540000485,0.03134481975057811,0.0021190031605921034,-0.00033898359887152285,0.0005933182982919005,0.001101923030288332,0.009597262507852915,59.73405838012695
943,2015-10-02,0.764366822675429,0.7604678646199611,0.7674181924000291,0.7588574015245209,0.044778313929397295,0.006526501281211794,0.0035599097897519583,0.008391234409227954,0.0032208615240358895,0.013433494178819186,60.01507186889648
944,2015-10-05,0.758942179757661,0.7545346169701966,0.7596202762890931,0.7539412986719047,0.03677168406560357,-0.005424642917768008,-0.005933247649764439,-0.007797916110935943,-0.004916102852616122,-0.008006629863793725,59.54681015014648
945,2015-10-06,0.754704173436477,0.758942179757661,0.7607221346525369,0.7537718068724689,0.014369160440030476,-0.004238006321183985,0.0044075627874643475,0.0011018583634437862,-0.00016949179943581694,-0.022402523625573094,59.89463424682617
946,2015-10-07,0.7580945914267931,0.7598745463216691,0.7611459611513932,0.7564841283313529,0.013901327309424833,0.0033904179903161413,0.0009323665640080803,0.00042382649885630563,0.002712321458884004,-0.00046783313060564345,59.968223571777344
947,2015-10-08,0.7599593245548092,0.7536870286393288,0.7608916264519727,0.7525851702758849,0.01470332696189165,0.0018647331280160495,-0.006187517682340271,-0.0002543346994204887,-0.003898958055468027,0.0008019996524668178,59.47992706298828
948,2015-10-09,0.754110855138185,0.7571622248627851,0.757416494895361,0.7537718068724689,0.015438493309986232,-0.005848469416624202,0.0034751962234562672,-0.0034751315566117214,0.001186636596584023,0.0007351663480945816,59.75417709350586
949,2015-10-12,0.7586031314919449,0.760383086386821,0.7612306747176888,0.7586031314919449,0.011655728282517744,0.0044922763537599275,0.0032208615240358895,0.00381417982232779,0.004831324619475996,-0.003782765027468488,60.008331298828125
950,2015-10-13,0.7607221346525369,0.7591964497902369,0.7612306747176888,0.7578403213942172,0.012979027709087992,0.0021190031605919923,-0.001186636596584023,0.0,-0.0007628100977277175,0.0013232994265702479,59.91470336914063
951,2015-10-14,0.7618239930159808,0.7651296327731568,0.767079144134313,0.7598745463216691,0.013553794126689212,0.0011018583634438972,0.005933182982919893,0.005848469416624202,0.0020342249274518664,0.0005747664176012201,60.38296127319336
952,2015-10-15,0.7653839674725771,0.764366822675429,0.7653839674725771,0.762841137813129,0.012096828091374493,0.003559974456596282,-0.0007628100977278285,-0.0016951766617359088,0.0029665914914599467,-0.0014569660353147187,60.322731018066406
953,2015-10-16,0.7647906491742852,0.7645363144748649,0.7669096523348773,0.763519234344561,0.009356662612112867,-0.0005933182982919005,0.00016949179943592796,0.0015256848623002028,0.0006780965314320264,-0.002740165479261626,60.33612060546875
954,2015-10-19,0.7645363144748649,0.7629259160462691,0.765214411006297,0.7596202762890931,0.020958924251132823,-0.00025433469942026665,-0.0016103984285957829,-0.0016952413285803436,-0.003898958055467916,0.011602261639019956,60.2090072631836
955,2015-10-20,0.7587726232913807,0.7582640832262288,0.759535498055953,0.7576707649279368,0.028965554114926552,-0.0057636911834841875,-0.00466183282004029,-0.005678912950343951,-0.0019495113611562864,0.008006629863793729,59.84112548828125
956,2015-10-21,0.762247819514837,0.7637735043771371,0.765214411006297,0.761061182918253,0.011201261812786547,0.0034751962234562672,0.005509421150908245,0.005678912950343951,0.0033904179903161413,-0.017764292302140005,60.275909423828125
957,2015-10-22,0.7650449192068612,0.7662315558034452,0.7680962889314613,0.761654501216545,0.009851229064467405,0.002797099692024241,0.002458051426308061,0.0028818779251643667,0.0005933182982920115,-0.001350032748319142,60.46992492675781
958,2015-10-23,0.761654501216545,0.762247819514837,0.7639429961765727,0.761061182918253,0.011428495047652146,-0.0033904179903162524,-0.003983736288608153,-0.004153292754888627,-0.0005933182982920115,0.0015772659831847415,60.155517578125
959,2015-10-26,0.7645363144748649,0.765553459272013,0.7664010476028811,0.764282044442289,0.011174528491037655,0.002881813258319932,0.0033056397571760154,0.002458051426308394,0.0032208615240360006,-0.0002539665566144919,60.41640472412109
960,2015-10-27,0.7684353371971773,0.7673334141668889,0.7700457356257729,0.7663163340365853,0.01045272880381752,0.003899022722312351,0.0017799548948759236,0.003644688022891862,0.0020342895942963013,-0.0007217996872201354,60.55685806274414
961,2015-10-28,0.7669943659011728,0.7648753627405808,0.767079144134313,0.7627563595799889,0.007445230107066954,-0.0014409712960045118,-0.002458051426308172,-0.0029665914914599467,-0.003559974456596393,-0.003007498696750565,60.362892150878906
962,2015-10-29,0.761061182918253,0.7558060317999208,0.761061182918253,0.7547889516696171,0.014943926857631695,-0.005933182982919782,-0.009069330940659981,-0.006017961216060019,-0.00796740791037176,0.007498696750564741,59.64713287353516
963,2015-10-30,0.7573317166622208,0.7599593245548092,0.7605526428531012,0.7560603018324967,0.00978439576009517,-0.00372946625603221,0.004153292754888405,-0.0005085400651517746,0.0012713501628796031,-0.005159531097536524,59.97489547729492
964,2015-11-02,0.752924218541601,0.7544499034039011,0.755975588266201,0.752924218541601,0.015237993396869529,-0.004407498120619802,-0.005509421150908134,-0.004577054586900164,-0.0031360832908957637,0.005453597636774358,59.74067306518555
965,2015-11-03,0.7531784885741769,0.7508899289473046,0.7533479803736127,0.7492795305187089,0.011762661569513319,0.00025427003257594283,-0.003559974456596504,-0.002627607892588313,-0.003644688022892084,-0.0034753318273562095,59.458770751953125
966,2015-11-04,0.7525851702758849,0.7520766302107331,0.752924218541601,0.7498728488170009,0.014302327135658242,-0.0005933182982920115,0.001186701263428569,-0.00042376183201175976,0.0005933182982920115,0.0025396655661449226,59.552764892578125
967,2015-11-05,0.751737581945017,0.7488557040198527,0.751737581945017,0.7471605273581169,0.02281689011268095,-0.0008475883308678434,-0.0032209261908804354,-0.001186636596583912,-0.002712321458884004,0.008514562977022709,59.29772186279297
968,2015-11-06,0.7431767910695087,0.7408882961094809,0.7434310611020847,0.739362611247181,0.03183938620293265,-0.008560790875508317,-0.00796740791037176,-0.008306520842932374,-0.007797916110935943,0.009022496090251696,58.66682434082031
969,2015-11-09,0.7371588298534487,0.7376673699186006,0.7401254213449087,0.7359721932568648,0.028711587558312057,-0.006017961216060019,-0.0032209261908803244,-0.0033056397571760154,-0.0033904179903161413,-0.0031277986446205906,58.411746978759766
970,2015-11-10,0.7385149582494686,0.7398711513123328,0.7419901544729248,0.7382606882168926,0.06457433868445324,0.00135612839601984,0.0022037813937322293,0.0018647331280161605,0.0022884949600278093,0.03586275112614118,58.586273193359375
971,2015-11-11,0.7391930547809007,0.7380064181843167,0.7400406431117685,0.7374130998860247,0.020076724633419325,0.0006780965314321374,-0.0018647331280161605,-0.0019495113611562864,-0.0008475883308679544,-0.04449761405103392,58.43865585327149
972,2015-11-12,0.7388540065151846,0.7410577879089167,0.7427529645706525,0.7382606882168926,0.017537059067274405,-0.0003390482657160687,0.0030513697246000726,0.002712321458884004,0.0008475883308679544,-0.002539665566144919,58.68026351928711
973,2015-11-13,0.7424139163049365,0.7440243794003767,0.7446176976986687,0.7417358844403489,0.015545426596981809,0.0035599097897518472,0.0029665914914599467,0.0018647331280161605,0.0034751962234562672,-0.0019916324702925967,58.91512680053711
974,2015-11-16,0.7439396011672366,0.7433462828689446,0.7450415241975249,0.7391930547809007,0.16994372635771857,0.0015256848623000918,-0.0006780965314321374,0.0004238264988561946,-0.002542829659448187,0.15439829976073677,58.86143493652344
975,2015-11-17,0.7402101995780488,0.7446176976986687,0.7458043342952526,0.7389387847483248,0.022883723417053185,-0.003729401589187775,0.001271414829724149,0.0007628100977277175,-0.00025427003257594283,-0.14706000294066537,58.96211242675781
976,2015-11-18,0.7434310611020847,0.7452957942301008,0.746312939027249,0.7422444245055008,0.01197652814350447,0.0032208615240358895,0.0006780965314321374,0.0005086047319964315,0.0033056397571760154,-0.010907195273548715,59.01581573486328
977,2015-11-19,0.7491099740524286,0.7483471639547009,0.7508899289473046,0.7473300191575527,0.010038362316709662,0.005678912950343951,0.0030513697246000726,0.0045769899200555075,0.005085594652051939,-0.0019381658267948083,59.25743865966797
978,2015-11-20,0.7495338005512848,0.7469909708918366,0.7498728488170009,0.7458891125283927,0.023324823225909935,0.0004238264988561946,-0.0013561930628642749,-0.0010170801303036603,-0.001440906629159966,0.013286460909200272,59.1500358581543
979,2015-11-23,0.7473300191575527,0.7482623857215608,0.7492795305187089,0.7458043342952526,0.009797762420969618,-0.0022037813937321182,0.001271414829724149,-0.0005933182982920115,-8.477823314012589e-05,-0.013527060804940316,59.25071334838867
980,2015-11-24,0.748686212220417,0.7488557040198527,0.7500423406164367,0.7475842891901286,0.005974897410877788,0.0013561930628642749,0.0005933182982919005,0.0007628100977278285,0.0017799548948760346,-0.00382286501009183,59.29772186279297
981,2015-11-25,0.7504661671152929,0.7498728488170009,0.7509747071804448,0.7491099740524286,0.010586395412561988,0.0017799548948759236,0.0010171447971482062,0.0009323665640080803,0.0015256848622999808,0.0046114980016842,59.37823486328125
982,2015-11-27,0.7501271188495768,0.7500423406164367,0.7513137554461609,0.7487709257867126,0.004878831219173138,-0.0003390482657160687,0.00016949179943581694,0.0003390482657160687,-0.0003390482657160687,-0.00570756419338885,59.39164733886719
983,2015-11-30,0.748686212220417,0.7508899289473046,0.7519070737444528,0.748686212220417,0.02575755550505928,-0.001440906629159855,0.0008475883308678434,0.0005933182982919005,-8.471356629558002e-05,0.020878724285886142,59.458770751953125
984,2015-12-01,0.7497880705838608,0.756568906564493,0.756823176597069,0.7497032923507206,0.034739951612687635,0.0011018583634437862,0.0056789776171884965,0.004916102852616233,0.0010170801303036603,0.008982396107628354,60.11478042602539
985,2015-12-02,0.756568906564493,0.756823176597069,0.7572469384290806,0.7530937103410368,0.024287222808870117,0.006780835980632283,0.00025427003257594283,0.00042376183201164874,0.0033904179903161413,-0.010452728803817517,60.134952545166016
986,2015-12-03,0.7503813888821528,0.7403796913774846,0.7503813888821528,0.7384302446831729,0.017630625693395532,-0.006187517682340271,-0.016443485219584386,-0.006865549546927863,-0.014663465657863917,-0.006656597115474585,58.82842254638672
987,2015-12-04,0.7403796913774846,0.744787254164949,0.746906257325541,0.739955929545473,0.027321454827369574,-0.010001697504668172,0.0044075627874643475,-0.0034751315566118324,0.0015256848623000918,0.009690829133974042,59.17862319946289
988,2015-12-07,0.7458891125283927,0.7492795305187089,0.752669948509025,0.7449567459643848,0.013861227326801492,0.005509421150908134,0.0044922763537599275,0.0057636911834840765,0.005000816418911813,-0.013460227500568082,59.53554916381836
989,2015-12-08,0.7500423406164367,0.7480081156889848,0.7512289772130206,0.7458891125283927,0.014730060283640543,0.00415322808804397,-0.001271414829724038,-0.0014409712960044008,0.0009323665640079692,0.0008688329568390506,59.434513092041016
990,2015-12-09,0.7468214790924008,0.7480081156889848,0.750211897082717,0.7424986945380766,0.02840415435819978,-0.0032208615240358895,0.0,-0.0010170801303036603,-0.0033904179903161413,0.013674094074559237,59.434513092041016
991,2015-12-10,0.7481776074884205,0.748092893922125,0.749618578784425,0.7464824308266848,0.021252990790370657,0.001356128396019729,8.477823314012589e-05,-0.0005933182982920115,0.003983736288608153,-0.007151163567829123,59.441287994384766
992,2015-12-11,0.7522461220101688,0.752924218541601,0.7530937103410368,0.7492795305187089,0.022282223677703075,0.004068514521748279,0.004831324619475996,0.0034751315566118324,0.0027970996920241298,0.0010292328873324173,59.825172424316406
993,2015-12-14,0.749618578784425,0.743007299270073,0.749618578784425,0.7402101995780488,0.044577814016280595,-0.002627543225743878,-0.009916919271527935,-0.0034751315566118324,-0.009069330940660092,0.02229559033857752,59.037208557128906
994,2015-12-15,0.7401254213449087,0.7435158393352248,0.7439396011672366,0.7398711513123328,0.020557924424899416,-0.009493157439516287,0.0005085400651517746,-0.0056789776171883855,-0.0003390482657159577,-0.02401988959138118,59.07758331298828
995,2015-12-16,0.7416511062072088,0.7424986945380766,0.7473300191575527,0.7380064181843167,0.007525430072313636,0.0015256848623000918,-0.0010171447971482062,0.0033904179903161413,-0.0018647331280161605,-0.01303249435258578,58.99678039550781
996,2015-12-17,0.744787254164949,0.7469909708918366,0.7483471639547009,0.7442786494329526,0.013714194057182575,0.0031361479577401985,0.0044922763537600385,0.0010171447971482062,0.006272231248635962,0.00618876398486894,59.35374450683594
997,2015-12-18,0.7487709257867126,0.7487709257867126,0.750550945348433,0.7466519226261206,0.010666595377808669,0.003983671621763607,0.0017799548948759236,0.0022037813937321182,0.002373273193167935,-0.0030475986793739064,59.4951171875
998,2015-12-21,0.7497880705838608,0.7462281607941088,0.7502966106490127,0.745973890761533,0.013273094248325826,0.0010171447971482062,-0.002542764992603752,-0.0002543346994203777,-0.0006780318645875916,0.002606498870517157,59.29310607910156
999,2015-12-22,0.7458891125283927,0.7450415241975249,0.7460586043278286,0.7433462828689446,0.010466095464691965,-0.003898958055468027,-0.001186636596583912,-0.004238006321184096,-0.002627607892588424,-0.0028069987836338607,59.19880676269531
1000,2015-12-23,0.7371588298534487,0.7378369263848809,0.7395321030466168,0.7360569068231604,0.012324061326240091,-0.008730282674944023,-0.007204597812644042,-0.006526501281211794,-0.007289376045784168,0.0018579658615481259,58.92267227172852
1001,2015-12-24,0.7391930547809007,0.7411425661420569,0.7418205980066446,0.7391930547809007,0.004611498001684199,0.0020342249274519775,0.0033056397571760154,0.0022884949600278093,0.0031361479577403095,-0.007712563324555892,59.186641693115234
1002,2015-12-28,0.7411425661420569,0.742074932706065,0.744787254164949,0.7403796913774846,0.012578027882854585,0.0019495113611561754,0.0009323665640080803,0.0029666561583043816,0.001186636596583912,0.007966529881170387,59.2610969543457
1003,2015-12-29,0.7409730096757766,0.7334293635974165,0.7409730096757766,0.7330903153317005,0.015558793257856255,-0.00016955646628025178,-0.008645569108648443,-0.003814244489172336,-0.007289376045784057,0.00298076537500167,58.57063674926758
1004,2015-12-30,0.7335989200636969,0.7327512670659845,0.7352940967254327,0.7314799169031048,0.009182896020745058,-0.007374089612079748,-0.0006780965314320264,-0.005678912950343951,-0.0016103984285957829,-0.006375897237111197,58.51649856567383
1005,2015-12-31,0.7356331449911487,0.7358026367905846,0.7374130998860247,0.7341922383619889,0.013914693970299279,0.0020342249274518664,0.0030513697246000726,0.0021190031605919923,0.002712321458884115,0.004731797949554221,58.76018524169922
1006,2016-01-04,0.7419053762397847,0.7380911964174568,0.7433462828689446,0.7366502897882969,0.009877962386216299,0.006272231248635962,0.002288559626872244,0.005933182982919893,0.002458051426308061,-0.00403673158408298,58.94295120239258
1007,2016-01-05,0.7374978781191648,0.7379216399511765,0.7396168812797569,0.7358026367905846,0.013620627431061447,-0.004407498120619913,-0.00016955646628025178,-0.003729401589187664,-0.0008476529977123892,0.0037426650448451476,58.929420471191406
1008,2016-01-06,0.7425834727712168,0.7438548876009409,0.7446176976986687,0.7413120579414927,0.02037079117265716,0.00508559465205205,0.005933247649764328,0.005000816418911813,0.005509421150908134,0.006750163741595712,59.40324401855469
1009,2016-01-07,0.7447024759318088,0.745126302430665,0.7455500642626767,0.7409730096757766,0.016534559501690884,0.0021190031605919923,0.001271414829724149,0.0009323665640079692,-0.0003390482657160687,-0.0038362316709662746,59.50471496582031
1010,2016-01-08,0.7448719677312446,0.7474147973906928,0.747838623889549,0.7435158393352248,0.0077793966289281275,0.00016949179943581694,0.0022884949600278093,0.002288559626872355,0.002542829659448187,-0.008755162872762757,59.68754959106445
1011,2016-01-11,0.7421596462723605,0.7418205980066446,0.7456348424958169,0.7411425661420569,0.015371660005613998,-0.002712321458884115,-0.0055941993840482596,-0.0022037813937321182,-0.002373273193167935,0.00759226337668587,59.240760803222656
1012,2016-01-12,0.7419053762397847,0.746906257325541,0.7501271188495768,0.7416511062072088,0.006389263897985644,-0.0002542700325758318,0.005085659318896374,0.0044922763537599275,0.0005085400651518857,-0.008982396107628354,59.64692687988281
1013,2016-01-13,0.7475842891901286,0.751737581945017,0.7543651251707609,0.7471605273581169,0.04479168059027174,0.005678912950343951,0.004831324619476107,0.004238006321184096,0.005509421150908134,0.0384024166922861,60.032752990722656
1014,2016-01-14,0.7491947522855688,0.7470757491249768,0.7519070737444528,0.744787254164949,0.020049991311670432,0.0016104630954401067,-0.00466183282004029,-0.002458051426308172,-0.002373273193167935,-0.02474168927860131,59.66045379638672
1015,2016-01-15,0.7509747071804448,0.7516528037118769,0.7525851702758849,0.7483471639547009,0.011361661743279912,0.0017799548948760346,0.004577054586900164,0.0006780965314321374,0.0035599097897519583,-0.00868832956839052,60.02599334716797
1016,2016-01-19,0.7516528037118769,0.749618578784425,0.7527546620753207,0.7494490223181447,0.01987622472030262,0.0006780965314321374,-0.0020342249274519775,0.00016949179943581694,0.0011018583634437862,0.008514562977022709,59.86350631713867
1017,2016-01-20,0.7536023150730331,0.7488557040198527,0.7543651251707609,0.7483471639547009,0.015064226805501717,0.0019495113611561754,-0.0007628747645722633,0.0016104630954402177,-0.0011018583634437862,-0.004811997914800904,59.80256652832031
1018,2016-01-21,0.7522461220101688,0.7504661671152929,0.7542803469376207,0.7475842891901286,0.012765161135096842,-0.0013561930628642749,0.0016104630954402177,-8.477823314023691e-05,-0.0007628747645722633,-0.002299065670404875,59.93122100830078
1019,2016-01-22,0.749025260486133,0.7497032923507206,0.750550945348433,0.7465672090598249,0.029500220549904428,-0.0032208615240357785,-0.0007628747645722633,-0.003729401589187664,-0.0010170801303037713,0.016735059414807588,59.87027359008789
1020,2016-01-25,0.7501271188495768,0.7487709257867126,0.7525851702758849,0.748431942187841,0.03682515070910136,0.0011018583634437862,-0.0009323665640080803,0.0020342249274518664,0.0018647331280161605,0.007324930159196934,59.79579162597656
1021,2016-01-26,0.748686212220417,0.7500423406164367,0.7514833119124411,0.7475842891901286,0.023164423295416573,-0.001440906629159855,0.001271414829724149,-0.0011018583634437862,-0.0008476529977123892,-0.013660727413684789,59.89736557006836
1022,2016-01-27,0.7482623857215608,0.7476690674232688,0.7512289772130206,0.7463976525935446,0.018753425206849077,-0.0004238264988561946,-0.002373273193167935,-0.0002543346994204887,-0.001186636596584023,-0.004410998088567496,59.707820892333984
1023,2016-01-28,0.7471605273581169,0.7507204371478688,0.750805215381009,0.7471605273581169,0.010252228890700814,-0.0011018583634438972,0.0030513697246000726,-0.00042376183201164874,0.0007628747645722633,-0.008501196316148263,59.95149230957031
1024,2016-01-29,0.7543651251707609,0.7530089321078967,0.7567383983639289,0.7518222955113126,0.010519562108189754,0.007204597812644042,0.0022884949600278093,0.005933182982919893,0.0046617681531957444,0.00026733321748893986,60.134273529052734
1025,2016-02-01,0.7518222955113126,0.7491947522855688,0.7518222955113126,0.7461433825609687,0.029379920602034405,-0.002542829659448298,-0.003814179822327901,-0.004916102852616233,-0.005678912950343951,0.018860358493844653,60.033729553222656
1026,2016-02-02,0.7555517617673448,0.7570774466296449,0.7576707649279368,0.7525003920427448,0.015906326440591877,0.00372946625603221,0.00788269434407618,0.005848469416624202,0.006357009481776088,-0.013473594161442528,60.66541290283203
1027,2016-02-03,0.7554669835342047,0.7544499034039011,0.7606373564193968,0.7531784885741769,0.014115193883415984,-8.477823314012589e-05,-0.002627543225743878,0.0029665914914599467,0.0006780965314321374,-0.001791132557175893,60.454864501953125
1028,2016-02-04,0.7539412986719047,0.7573317166622208,0.757416494895361,0.751398533679301,0.02593132209642709,-0.0015256848622999808,0.00288181325831971,-0.0032208615240357785,-0.0017799548948759236,0.011816128213011107,60.68580627441406
1029,2016-02-05,0.7539412986719047,0.7569079548302091,0.7572469384290806,0.7518222955113126,0.015946426423215216,0.0,-0.00042376183201164874,-0.0001695564662803628,0.00042376183201164874,-0.009984895673211876,60.651763916015625
1030,2016-02-08,0.7586031314919449,0.7641973308759933,0.7645363144748649,0.7571622248627851,0.02037079117265716,0.004661832820040179,0.007289376045784168,0.007289376045784279,0.005339929351472428,0.004424364749441943,61.235931396484375
1031,2016-02-09,0.7665706040691611,0.763434456111421,0.7665706040691611,0.7609764046851129,0.040353949179955356,0.007967472577216195,-0.0007628747645722633,0.0020342895942961903,0.00381417982232779,0.019983158007298198,61.17477798461914
1032,2016-02-10,0.764282044442289,0.7667400958685969,0.767672462432605,0.7625020895474129,0.022108457086335263,-0.002288559626872133,0.0033056397571759044,0.0011018583634438972,0.0015256848623000918,-0.018245492093620093,61.4396858215332
1033,2016-02-11,0.7725037870520811,0.7701305138589131,0.7754703785435408,0.7660619993371647,0.04151684867603224,0.008221742609792138,0.0033904179903161413,0.007797916110935832,0.0035599097897517362,0.019408391589696976,61.71134185791016
1034,2016-02-12,0.767079144134313,0.764366822675429,0.767079144134313,0.7593659415896727,0.05495034285485143,-0.005424642917768119,-0.0057636911834840765,-0.008391234409227843,-0.006696057747491935,0.013433494178819193,61.24951171875
1035,2016-02-16,0.7615697229834049,0.758687909725085,0.7615697229834049,0.7561450800656369,0.013420127517944741,-0.005509421150908134,-0.005678912950343951,-0.005509421150908134,-0.0032208615240358895,-0.04153021533690669,60.79448699951172
1036,2016-02-17,0.7596202762890931,0.7573317166622208,0.7596202762890931,0.752669948509025,0.019862858059428175,-0.0019494466943117406,-0.0013561930628642749,-0.0019494466943117406,-0.0034751315566118324,0.006442730541483433,60.68580627441406
1037,2016-02-18,0.7585183532588048,0.7633496778782808,0.764451600908569,0.7584336396925092,0.023859489660887814,-0.001101923030288332,0.006017961216060019,0.004831324619475885,0.0057636911834841875,0.0039966316014596395,61.16798782348633
1038,2016-02-19,0.7627563595799889,0.7615697229834049,0.764960140973721,0.7602983081536807,0.025396655661449212,0.004238006321184096,-0.0017799548948759236,0.0005085400651519967,0.0018646684611715036,0.0015371660005613977,61.025386810302734
1039,2016-02-22,0.7625020895474129,0.763095407845705,0.7632649643119852,0.7607221346525369,0.0285244543060698,-0.00025427003257594283,0.0015256848623000918,-0.0016951766617357977,0.0004238264988561946,0.003127798644620587,61.14762496948242
1040,2016-02-23,0.760128816354245,0.7651296327731568,0.7669096523348773,0.7577555431610771,0.018593025276355715,-0.002373273193167935,0.0020342249274518664,0.003644688022892084,-0.0029665914914598357,-0.009931429029714084,61.31063079833984
1041,2016-02-24,0.767672462432605,0.765638237505153,0.772164738786365,0.7637735043771371,0.013954793952922621,0.00754364607836,0.0005086047319962095,0.005255086451487756,0.006017961216060019,-0.004638231323433094,61.351356506347656
1042,2016-02-25,0.7663163340365853,0.7680962889314613,0.7706390539240651,0.7663163340365853,0.009717562455722936,-0.001356128396019729,0.002458051426308283,-0.0015256848622999808,0.002542829659448187,-0.004237231497199685,61.54834365844727
1043,2016-02-26,0.7630106296125647,0.7646210927080049,0.7662315558034452,0.7623325977479771,0.011989894804378919,-0.0033057044240205613,-0.0034751962234563782,-0.004407498120619913,-0.003983736288608153,0.0022723323486559827,61.26988220214844
1044,2016-02-29,0.7646210927080049,0.7663163340365853,0.7678419542320408,0.764112552642853,0.01908759172871025,0.0016104630954402177,0.0016952413285803436,0.0016103984285956718,0.0017799548948759236,0.007097696924331331,61.40571594238281
1045,2016-03-01,0.7663163340365853,0.7575012731285011,0.7663163340365853,0.756229858298777,0.024741689278601313,0.0016952413285803436,-0.008815060908084149,-0.001525620195455546,-0.007882694344076069,0.0056540975498910635,60.69935607910156
1046,2016-03-02,0.7573317166622208,0.758942179757661,0.7602135945873851,0.755636540000485,0.012177028056621176,-0.008984617374364512,0.001440906629159855,-0.006102739449200145,-0.0005933182982920115,-0.012564661221980137,60.81483840942383
1047,2016-03-03,0.7606373564193968,0.763434456111421,0.765807729304589,0.760128816354245,0.012150294734872282,0.0033056397571760154,0.0044922763537600385,0.005594134717203825,0.0044922763537600385,-2.673332174889416e-05,61.17477798461914
1048,2016-03-04,0.7613154529508289,0.763519234344561,0.764282044442289,0.758687909725085,0.024608022669856844,0.0006780965314321374,8.477823314001487e-05,-0.0015256848622999808,-0.001440906629159966,0.012457727934984562,61.18159866333008
1049,2016-03-07,0.7619935494822611,0.7646210927080049,0.7647906491742852,0.7600440381211049,0.03154531966369481,0.0006780965314321374,0.0011018583634438972,0.0005086047319962095,0.00135612839601984,0.006937296993837966,61.26988220214844
1050,2016-03-08,0.7713171504554971,0.768859099029189,0.7734361536160891,0.7674181924000291,0.018673225241602396,0.009323600973236035,0.004238006321184096,0.008645504441803897,0.007374154278924183,-0.012872094422092414,61.6095085144043
1051,2016-03-09,0.7660619993371647,0.767926732465181,0.7693676390943408,0.7653839674725771,0.013901327309424833,-0.005255151118332413,-0.0009323665640080803,-0.004068514521748279,-0.0020342249274519775,-0.004771897932177563,61.53476333618164
1052,2016-03-10,0.7711476586560613,0.768859099029189,0.7729276135509372,0.765214411006297,0.018766791867723523,0.005085659318896596,0.0009323665640080803,0.003559974456596393,-0.00016955646628014076,0.00486546455829869,61.6095085144043
1053,2016-03-11,0.768774320796049,0.767757240665745,0.7707238321572051,0.764960140973721,0.0219480571558419,-0.002373337860012259,-0.0011018583634440082,-0.0022037813937321182,-0.00025427003257594283,0.0031812652881183755,61.52118682861328
1054,2016-03-14,0.769876243826337,0.7703000056583488,0.772164738786365,0.7683505589640371,0.03590285110876452,0.001101923030287999,0.002542764992603752,0.001440906629159966,0.0033904179903161413,0.01395479395292262,61.72493743896485
1055,2016-03-15,0.7737752018818052,0.7725037870520811,0.7745380119795329,0.7706390539240651,0.029647253819523343,0.003898958055468138,0.0022037813937323403,0.002373273193167824,0.0022884949600279203,-0.006255597289241174,61.90152359008789
1056,2016-03-16,0.7712323722223569,0.7729276135509372,0.7738599801149452,0.768774320796049,0.030689853367730207,-0.002542829659448298,0.0004238264988560836,-0.0006780318645877026,-0.0018647331280160495,0.0010425995482068635,61.93547821044922
1057,2016-03-17,0.7756399350098214,0.7769113498395454,0.7787760183007169,0.7752161085109651,0.026786788392391698,0.0044075627874645695,0.003983736288608153,0.004916038185771687,0.006441787714916103,-0.003903064975338509,62.25471496582031
1058,2016-03-18,0.7796236712984294,0.7791998447995732,0.7819121662584572,0.7771656198721212,0.04515258043388181,0.003983736288607931,0.0022884949600278093,0.0031361479577403095,0.0019495113611560644,0.018365792041490112,62.43807601928711
1059,2016-03-21,0.7762332533081131,0.7786065265012813,0.7791998447995732,0.7747075684458132,0.007351663480945825,-0.0033904179903162524,-0.0005933182982919005,-0.002712321458884004,-0.00245805142630795,-0.037800916952935984,62.39056015014648
1060,2016-03-22,0.7814036261933053,0.7769113498395454,0.7819121662584572,0.7756399350098214,0.02045099113790384,0.005170372885192176,-0.0016951766617359088,0.002712321458884004,0.0009323665640081913,0.013099327656958013,62.25471496582031
1061,2016-03-23,0.7782674782355652,0.783014024621901,0.7838616776196135,0.7769113498395454,0.01378102736155481,-0.0031361479577400875,0.006102674782355599,0.0019495113611562864,0.001271414829723927,-0.0066699637763490294,62.74374008178711
1062,2016-03-24,0.7848787577499171,0.7837768993864733,0.7873368091762253,0.7797931630978652,0.01228396134361675,0.00661127951435192,0.0007628747645723744,0.0034751315566118324,0.002881813258319821,-0.001497066017938059,62.80487823486328
1063,2016-03-28,0.7824207063236092,0.7815731179927411,0.7869977609105092,0.7814883397596011,0.03147848635932258,-0.00245805142630795,-0.0022037813937322293,-0.0003390482657160687,0.0016951766617359088,0.01919452501570583,62.62823867797852
1064,2016-03-29,0.7865739990784973,0.7886930022390893,0.7887777158053852,0.7840311694190493,0.030957186585219145,0.004153292754888183,0.00711988424634824,0.0017799548948760346,0.002542829659448187,-0.0005212997741034335,63.19881820678711
1065,2016-03-30,0.7864044426122172,0.7853025842487733,0.7871673173767896,0.7823359927573132,0.028457621001697565,-0.00016955646628014076,-0.0033904179903160303,-0.0016103984285956718,-0.0016951766617360198,-0.0024995655835215805,62.927127838134766
1066,2016-03-31,0.7865739990784973,0.7886082240059493,0.7894558123368173,0.7848787577499171,0.03019528691537567,0.00016955646628014076,0.0033056397571760154,0.0022884949600276983,0.002542764992603863,0.0017376659136781047,63.19197082519531
1067,2016-04-01,0.7883539539733736,0.7890319858379611,0.789371034103677,0.784200661218485,0.02006335797254488,0.0017799548948762567,0.00042376183201175976,-8.477823314023691e-05,-0.0006780965314321374,-0.010131928942830791,63.42908477783203
1068,2016-04-04,0.7897948606025333,0.7890319858379611,0.7906424489334012,0.7877606356750814,0.03409835189071418,0.0014409066291597439,0.0,0.001271414829724149,0.003559974456596393,0.014034993918169304,63.42908477783203
1069,2016-04-05,0.7942871369562933,0.7945414069888691,0.7955585517860174,0.7923376902619815,0.016334059588574177,0.0044922763537599275,0.005509421150908023,0.004916102852616233,0.004577054586900164,-0.017764292302140005,63.87199020385742
1070,2016-04-06,0.7931852785928494,0.7924224038282771,0.7933547703922852,0.7895405905699574,0.01641425955382086,-0.0011018583634438972,-0.0021190031605919923,-0.0022037813937322293,-0.0027970996920241298,8.019996524668421e-05,63.70166015625
1071,2016-04-07,0.7966604101494611,0.7988641915431934,0.7999660499066371,0.7960670918511694,0.024514456043735713,0.0034751315566117214,0.006441787714916325,0.00661127951435192,0.006526501281212016,0.008100196489914852,64.21949005126953
1072,2016-04-08,0.7966604101494611,0.7960670918511694,0.7989489697763337,0.7939480886905773,0.016788526058305376,0.0,-0.0027970996920240188,-0.0010170801303034382,-0.0021190031605921034,-0.0077259299854303375,63.99463272094727
1073,2016-04-11,0.793609040424861,0.7939480886905773,0.7964061401168854,0.7926766738608532,0.03646425086549129,-0.0030513697246000726,-0.0021190031605921034,-0.002542829659448298,-0.001271414829724149,0.019675724807185917,63.82432556152344
1074,2016-04-12,0.7915748154974093,0.7889472722716653,0.7925071820614173,0.7880149057076573,0.04639567989520538,-0.0020342249274517554,-0.005000816418912035,-0.003898958055468027,-0.0046617681531958555,0.009931429029714084,63.42230987548828
1075,2016-04-13,0.7889472722716653,0.7914053236979737,0.7925071820614173,0.7876758574419414,0.024340689452367902,-0.002627543225743989,0.002458051426308394,0.0,-0.0003390482657159577,-0.022054990442837475,63.61988067626953
1076,2016-04-14,0.7902186871013895,0.7908120053996814,0.7923376902619815,0.7888624940385253,0.025049122478713593,0.00127141482972426,-0.0005933182982922336,-0.00016949179943581694,0.001186636596583912,0.0007084330263456909,63.57219314575195
1077,2016-04-15,0.7934395486254254,0.7953889953197372,0.7970842366483174,0.7933547703922852,0.011401761725903252,0.0032208615240358895,0.00457698992005573,0.00474654638633587,0.0044922763537599275,-0.01364736075281034,63.94015121459961
1078,2016-04-18,0.7942871369562933,0.7968299666157417,0.7978470467460451,0.7930157221265693,0.032761685803269484,0.0008475883308678434,0.0014409712960045118,0.0007628100977277175,-0.0003390482657158467,0.021359924077366234,64.05596923828125
1079,2016-04-19,0.7963213618837452,0.7981013814454656,0.7986946997437576,0.7935243268585657,0.02085199096413725,0.0020342249274519775,0.001271414829723927,0.0008476529977125002,0.0005086047319963205,-0.011909694839132234,64.15821075439453
1080,2016-04-20,0.7981860950117614,0.7932699921591451,0.8008984164706452,0.7928462303271334,0.04028711587558312,0.0018647331280161605,-0.004831389286320542,0.0022037167268875724,-0.0006780965314322485,0.019435124911445868,63.76980972290039
1081,2016-04-21,0.7905576707002611,0.7902186871013895,0.7922529120288414,0.7887777158053852,0.030529453437236845,-0.007628424311500348,-0.0030513050577555267,-0.008645504441803786,-0.004068514521748168,-0.009757662438346273,63.5245246887207
1082,2016-04-22,0.7917443719636895,0.7927614520939933,0.7941176451568573,0.7898796388356734,0.02015692459866601,0.001186701263428458,0.002542764992603752,0.0018647331280159385,0.00110192303028811,-0.010372528838570837,63.72888946533203
1083,2016-04-25,0.7902186871013895,0.786065394346501,0.7917443719636895,0.7853873624819135,0.036397417561119055,-0.0015256848622999808,-0.006696057747492268,-0.002373273193167824,-0.0044922763537598165,0.016240492962453047,63.19063949584961
1084,2016-04-26,0.7872520309430849,0.7839463911859089,0.7877606356750814,0.7813188479601653,0.028457621001697565,-0.0029666561583046036,-0.0021190031605921034,-0.003983736288608153,-0.004068514521748279,-0.00793979655942149,63.020301818847656
1085,2016-04-27,0.7868282691110733,0.7917443719636895,0.7923376902619815,0.7856416325144893,0.03241415262053386,-0.00042376183201164874,0.0077979807777806,0.004577054586900164,0.0043227845543239996,0.003956531618836297,63.64714813232422
1086,2016-04-28,0.7911509889985531,0.7939480886905773,0.7957280435854531,0.7886930022390893,0.015652359883977382,0.004322719887479787,0.0022037167268877944,0.0033903533234715955,0.0030513697246000726,-0.01676179273655648,63.82432556152344
1087,2016-04-29,0.7918290855299853,0.7948804552545853,0.7963213618837452,0.7909814971991173,0.015999893066713004,0.0006780965314322485,0.0009323665640079692,0.0005933182982921226,0.0022884949600279203,0.00034753318273562234,63.899261474609375
1088,2016-05-02,0.7908967189659772,0.7884386675396691,0.7927614520939933,0.7882691757402333,0.016133559675457473,-0.0009323665640080803,-0.006441787714916214,-0.0035599097897519583,-0.002712321458884004,0.00013366660874446906,63.57801055908203
1089,2016-05-03,0.7945414069888691,0.7936938186580013,0.7959823782848736,0.7925919602945576,0.0210658575381284,0.003644688022891862,0.005255151118332191,0.0032209261908803244,0.004322784554324333,0.004932297862670926,64.0018081665039
1090,2016-05-04,0.7938633751242816,0.7956433300191577,0.7956433300191577,0.7911509889985531,0.012805261117720183,-0.0006780318645874805,0.0019495113611563974,-0.0003390482657159577,-0.0014409712960045118,-0.008260596420408217,64.1589584350586
1091,2016-05-05,0.7964909183500255,0.8018307830346534,0.8020850530672291,0.7946261852220093,0.023632256426022215,0.002627543225743878,0.006187453015495725,0.006441723048071446,0.0034751962234562672,0.010826995308302032,64.657958984375
1092,2016-05-06,0.7991184615757694,0.7986946997437576,0.8004746546386334,0.7969994584151773,0.02181439054709743,0.002627543225743878,-0.0031360832908957637,-0.0016103984285956718,0.002373273193167935,-0.0018178658789247855,64.40503692626953
1093,2016-05-09,0.7970842366483174,0.7982708732449014,0.7992880180420495,0.7955585517860174,0.01672169275393314,-0.0020342249274519775,-0.0004238264988561946,-0.001186636596583912,-0.001440906629159855,-0.005092697793164288,64.37088012695312
1094,2016-05-10,0.7966604101494611,0.7966604101494611,0.7997117798740613,0.7962366483174494,0.052678010506195444,-0.00042382649885630563,-0.0016104630954403287,0.00042376183201175976,0.0006780965314320264,0.0359563177522623,64.24098205566406
1095,2016-05-11,0.7992880180420495,0.8019155612677935,0.8034412461300935,0.7975927767134693,0.02681352171414059,0.002627607892588424,0.005255151118332413,0.00372946625603221,0.00135612839601984,-0.025864488792054854,64.66477966308594
1096,2016-05-12,0.7981860950117614,0.8001356063729175,0.8007289246712095,0.7981013814454656,0.014315693796532688,-0.00110192303028811,-0.0017799548948760346,-0.002712321458884004,0.0005086047319963205,-0.012497827917607902,64.52123260498047
1097,2016-05-13,0.7994575098414854,0.8036955161626694,0.8040345644283855,0.7994575098414854,0.013807760683303704,0.001271414829724038,0.0035599097897519583,0.0033056397571760154,0.00135612839601984,-0.0005079331132289838,64.80829620361328
1098,2016-05-16,0.8014917347689374,0.7992032398089095,0.8020003395009337,0.7984403650443374,0.012484461256733456,0.0020342249274519775,-0.0044922763537599275,-0.0020342249274517554,-0.0010171447971480951,-0.0013232994265702479,64.44602966308594
1099,2016-05-17,0.7992032398089095,0.7995422880746255,0.8023393877666497,0.7984403650443374,0.01745685910202772,-0.0022884949600279203,0.0003390482657159577,0.0003390482657159577,0.0,0.004972397845294265,64.473388671875
1100,2016-05-18,0.7965756965831656,0.7886082240059493,0.7965756965831656,0.7876758574419414,0.020611391068397204,-0.002627543225743878,-0.010934064068676141,-0.0057636911834840765,-0.010764507602396,0.003154531966369483,63.59163665771485
1101,2016-05-19,0.789371034103677,0.7889472722716653,0.7922529120288414,0.7880996839407975,0.021413390720864022,-0.007204662479488588,0.0003390482657159577,-0.004322784554324222,0.0004238264988561946,0.0008019996524668178,63.6190299987793
1102,2016-05-20,0.7894558123368173,0.7914053236979737,0.7932699921591451,0.7882691757402333,0.010746795343055351,8.477823314023691e-05,0.002458051426308394,0.0010170801303036603,0.00016949179943570591,-0.01066659537780867,63.8172492980957
1103,2016-05-23,0.7931852785928494,0.7921681337957013,0.7943719151894334,0.7904729571339656,0.01233742798711454,0.003729466256032099,0.0007628100977276064,0.001101923030288332,0.0022037813937323403,0.0015906326440591877,63.87876510620117
1104,2016-05-24,0.7918290855299853,0.7900491306351093,0.7918290855299853,0.7884386675396691,0.017403392458529933,-0.0013561930628640528,-0.0021190031605919923,-0.002542829659448076,-0.0020342895942965233,0.005065964471415394,63.7078742980957
1105,2016-05-25,0.7907272271665414,0.7880996839407975,0.7907272271665414,0.7865739990784973,0.03090371994172136,-0.0011018583634438972,-0.0019494466943117406,-0.0011018583634438972,-0.0018646684611717257,0.013500327483191427,63.5506706237793
1106,2016-05-26,0.7887777158053852,0.7924224038282771,0.7942023587231533,0.7887777158053852,0.029246253993289936,-0.0019495113611561754,0.004322719887479565,0.0034751315566118324,0.0022037167268879054,-0.001657465948431424,63.89926910400391
1107,2016-05-27,0.7945414069888691,0.7924224038282771,0.7948804552545853,0.791490037264269,0.009570529186104019,0.0057636911834838545,0.0,0.0006780965314320264,0.002712321458883782,-0.019675724807185917,63.89926910400391
1108,2016-05-31,0.7886082240059493,0.7929310085602734,0.7942023587231533,0.7882691757402333,0.016748426075682034,-0.005933182982919782,0.0005086047319963205,-0.0006780965314320264,-0.0032208615240357785,0.007177896889578015,63.94025039672852
1109,2016-06-01,0.7944566934225735,0.7918290855299853,0.7963213618837452,0.7905576707002611,0.0223757903038242,0.005848469416624202,-0.00110192303028811,0.0021190031605919923,0.0022884949600278093,0.005627364228142168,64.05136108398438
1110,2016-06-02,0.7908967189659772,0.7967451883826013,0.7982708732449014,0.7908967189659772,0.012885461082966863,-0.003559974456596282,0.004916102852616011,0.0019495113611561754,0.00033904826571617974,-0.009490329220857338,64.4489974975586
1111,2016-06-03,0.8034412461300935,0.8052212010249695,0.8052212010249695,0.7990336833426291,0.014409260422653817,0.012544527164116248,0.008476012642368191,0.0069503277800681,0.0081369643766519,0.0015237993396869532,65.13465118408203
1112,2016-06-06,0.8051364227918292,0.8025936577992255,0.8056450275238256,0.8018307830346534,0.019943058024674856,0.0016951766617356867,-0.002627543225743989,0.0004238264988560836,0.002797099692024241,0.005533797602021039,64.92208862304688
1113,2016-06-07,0.8051364227918292,0.8052212010249695,0.8067468858872695,0.8045431044935375,0.03711921724833919,0.0,0.002627543225743989,0.0011018583634438972,0.002712321458884115,0.017176159223664337,65.13465118408203
1114,2016-06-08,0.8075944742181375,0.8090353808472974,0.8094592073461535,0.8054754710575454,0.01005172897758411,0.002458051426308283,0.003814179822327901,0.002712321458884004,0.0009323665640078582,-0.027067488270755082,65.44317626953125
1115,2016-06-09,0.8128496253364696,0.8115782105067456,0.8134429436347617,0.8093744291130133,0.018579658615481266,0.005255151118332191,0.002542829659448187,0.003983736288608153,0.003898958055467916,0.008527929637897155,65.64883422851562
1116,2016-06-10,0.8134429436347617,0.8129344035696098,0.8161552650936457,0.8108154004090178,0.007632363359309211,0.0005933182982920115,0.0013561930628641639,0.002712321458884004,0.0014409712960045118,-0.010947295256172055,65.75856018066406
1117,2016-06-13,0.8147143584644859,0.8152228985296376,0.8170876316576537,0.8136972136673376,0.1317150762568003,0.00127141482972426,0.0022884949600278093,0.0009323665640080803,0.002881813258319821,0.12408271289749108,65.94366455078125
1118,2016-06-14,0.8183590464873777,0.8142057537324896,0.8192914130513859,0.8136972136673376,0.017938058893507813,0.003644688022891751,-0.0010171447971479841,0.0022037813937321182,0.0,-0.11377701736329247,65.86141967773438
1119,2016-06-15,0.8155619467953537,0.8179352199885216,0.8204780496479698,0.8136972136673376,0.023030756686672104,-0.0027970996920240188,0.003729466256031988,0.001186636596583912,0.0,0.005092697793164291,66.1630859375
1120,2016-06-16,0.8220037345102699,0.8207323196805457,0.8242922294702977,0.8181894900210975,0.011294828438907676,0.006441787714916214,0.0027970996920241298,0.003814179822327901,0.0044922763537599275,-0.011735928247764428,66.38934326171875
1121,2016-06-17,0.8186133165199536,0.8149686284970618,0.8198847313496779,0.8132733871684815,0.01685535936267761,-0.0033904179903162524,-0.0057636911834839655,-0.004407498120619802,-0.004916102852616011,0.005560530923769935,65.92310333251953
1122,2016-06-20,0.8116629887398858,0.8103067956770215,0.8131038953690456,0.8094592073461535,0.021787657225348537,-0.0069503277800677665,-0.00466183282004029,-0.006780835980632283,-0.003814179822328012,0.004932297862670926,65.54598999023438
1123,2016-06-21,0.8114087187073098,0.8080183007169935,0.8136972136673376,0.8080183007169935,0.020023257989921536,-0.00025427003257605385,-0.0022884949600279203,0.0005933182982920115,-0.001440906629159966,-0.0017643992354270006,65.36088562011719
1124,2016-06-22,0.8094592073461535,0.8099677474113055,0.8123410206044733,0.8081877925164295,0.04249261491986687,-0.0019495113611562864,0.0019494466943119626,-0.0013561930628642749,0.00016949179943592796,0.022469356929945332,65.51860809326172
1125,2016-06-23,0.8072554259524213,0.8057297410901214,0.8092049373135776,0.8053059792581098,0.03146511969844813,-0.0022037813937322293,-0.004238006321184096,-0.0031360832908957637,-0.00288181325831971,-0.011027495221418736,65.17575073242188
1126,2016-06-24,0.8188675865525297,0.8159857086273654,0.8200542231491137,0.8137819919004778,0.019769291433307044,0.01161216060010839,0.010255967537244004,0.010849285835536127,0.00847601264236808,-0.011695828265141088,66.00537872314453
1127,2016-06-27,0.8265807244303255,0.8287845058240577,0.8310730654509298,0.8233598629062897,0.021533690668734045,0.007713137877795817,0.012798797196692302,0.011018842301816156,0.009577871005811867,0.0017643992354270006,67.04066467285156
1128,2016-06-28,0.8312425572503658,0.8349720235063981,0.8353110717721139,0.8299711424206417,0.022763423469183162,0.00466183282004029,0.006187517682340382,0.004238006321184096,0.006611279514352031,0.0012297328004491175,67.54119110107422
1129,2016-06-29,0.8348872452732579,0.8295473805886301,0.8362434383361221,0.8284454575583415,0.0697739697646131,0.003644688022892084,-0.005424642917768008,0.0009323665640081913,-0.0015256848623002028,0.04701054629542994,67.10237884521484
1130,2016-06-30,0.8317510973155176,0.8310730654509298,0.8348024670401176,0.8285302357914818,0.026880355018512825,-0.0031361479577403095,0.0015256848622997587,-0.0014409712960045118,8.477823314023691e-05,-0.042893614746100275,67.22578430175781
1131,2016-07-01,0.8404814446573061,0.8399728399253098,0.8411594765218936,0.8320901455812338,0.025610522235440365,0.008730347341788569,0.008899774474379951,0.006357009481775977,0.0035599097897520693,-0.0012698327830724596,68.14167785644531
1132,2016-07-05,0.8481098043019619,0.84912694909911,0.8508221257608457,0.8448041645447859,0.02550358894844479,0.007628359644655802,0.009154109173800218,0.009662649238952103,0.012714018963552065,-0.00010693328699557664,68.88429260253906
1133,2016-07-06,0.852686858888862,0.8520087623574298,0.8541277655180218,0.84760126423681,0.04178418189352118,0.004577054586900053,0.002881813258319821,0.0033056397571761265,0.0027970996920241298,0.01628059294507639,69.11811065673828
1134,2016-07-07,0.850228807462554,0.8509069039939859,0.8516697787585582,0.8476860424699503,0.04107574886717549,-0.00245805142630795,-0.0011018583634438972,-0.002457986759463626,8.477823314023691e-05,-0.000708433026345684,69.02870178222656
1135,2016-07-08,0.8537887819191503,0.8581115018066299,0.8581115018066299,0.8522630970568501,0.02913932070629436,0.003559974456596282,0.007204597812643931,0.006441723048071668,0.004577054586899831,-0.011936428160881134,69.61316680908203
1136,2016-07-11,0.857263913475762,0.8548906402825941,0.8581115018066299,0.8522630970568501,0.018619758598104608,0.0034751315566117214,-0.0032208615240357785,0.0,0.0,-0.010519562108189752,69.35185241699219
1137,2016-07-12,0.8453127692767822,0.8409052064893179,0.8475164860036697,0.8392100298275822,0.6624249796158421,-0.011951144198979802,-0.013985433793276214,-0.010595015802960184,-0.013053067229267912,0.6438052210177375,68.21733093261719
1138,2016-07-13,0.8475164860036697,0.8488726790665341,0.849381219131686,0.8454822610762179,0.03183938620293265,0.0022037167268874613,0.007967472577216195,0.0018647331280162716,0.00627223124863574,-0.6305855934129094,68.8636245727539
1139,2016-07-14,0.8423461131184776,0.8420070648527617,0.8448041645447859,0.841244254755034,0.015745926510098512,-0.005170372885192065,-0.0068656142137724085,-0.004577054586900053,-0.004238006321183985,-0.016093459692834135,68.30667114257812
1140,2016-07-15,0.8405661582236019,0.8369214702007096,0.8405661582236019,0.8348872452732579,0.05142154438399743,-0.0017799548948757016,-0.00508559465205205,-0.004238006321183985,-0.006357009481776088,0.03567561787389892,67.8941421508789
1141,2016-07-18,0.8398880616921697,0.8357348336041257,0.8414137465544697,0.8340396569423899,0.026933821662010613,-0.0006780965314322485,-0.001186636596583912,0.0008475883308677323,-0.0008475883308679544,-0.024487722721986818,67.79786682128906
1142,2016-07-19,0.8392100298275822,0.8401423963915902,0.840989984722458,0.836836756634414,0.019555424859315895,-0.0006780318645874805,0.0044075627874644585,-0.00042376183201164874,0.0027970996920241298,-0.007378396802694719,68.15541076660156
1143,2016-07-20,0.8375147884990018,0.8375995667321419,0.8387862033287258,0.8348872452732579,0.014462727066151605,-0.0016952413285803436,-0.002542829659448298,-0.0022037813937322293,-0.0019495113611561754,-0.00509269779316429,67.94915008544922
1144,2016-07-21,0.8321749238143739,0.8375147884990018,0.83861671152929,0.8303101906863577,0.02992795369788673,-0.005339864684627993,-8.477823314001487e-05,-0.00016949179943581694,-0.004577054586900164,0.015465226631735126,67.94226837158203
1145,2016-07-22,0.8357348336041257,0.8401423963915902,0.8414137465544697,0.8338701004761095,0.026011522061673772,0.0035599097897518472,0.002627607892588313,0.002797035025179695,0.0035599097897518472,-0.003916431636212959,68.15541076660156
1146,2016-07-25,0.8405661582236019,0.8381081067972935,0.8414137465544697,0.8370910266669901,0.0899843610067769,0.004831324619476218,-0.0020342895942966344,0.0,0.0032209261908805464,0.06397283894510312,67.99040985107422
1147,2016-07-26,0.8420070648527617,0.838870981561866,0.8420070648527617,0.8366672001681338,0.011401761725903252,0.0014409066291597439,0.0007628747645724854,0.0005933182982920115,-0.00042382649885630563,-0.07858259928087365,68.05233001708984
1148,2016-07-27,0.8417527948201858,0.8459908011413699,0.84760126423681,0.8404814446573061,0.022242123695079732,-0.0002542700325758318,0.0071198195795039165,0.005594199384048371,0.003814244489172336,0.01084036196917648,68.62989044189453
1149,2016-07-28,0.8438717979807779,0.8454822610762179,0.847177437737954,0.8420918430859018,0.009971529012337428,0.0021190031605921034,-0.0005085400651519967,-0.0004238264988560836,0.0016103984285956718,-0.012270594682742305,68.58865356445312
1150,2016-07-29,0.845906087575074,0.851330730492842,0.851500222292278,0.8448889427779259,0.01470332696189165,0.0020342895942960793,0.005848469416624091,0.0043227845543239996,0.0027970996920241298,0.004731797949554223,69.06304931640625
1151,2016-08-01,0.8423461131184776,0.840396666424166,0.848279360768242,0.8396337916595938,0.029633887158648897,-0.003559974456596393,-0.01093406406867603,-0.0032208615240360006,-0.00525515111833208,0.014930560196757247,68.40557098388672
1152,2016-08-02,0.83259875031323,0.8324291938469498,0.8379386149978579,0.8309035089846497,0.036263750952374586,-0.009747362805247572,-0.007967472577216195,-0.010340745770384019,-0.008730282674944134,0.006629863793725689,67.75707244873047
1153,2016-08-03,0.8343787052081059,0.8317510973155176,0.8348872452732579,0.8277674256937539,0.020130191276917113,0.0017799548948758126,-0.0006780965314322485,-0.0030513697246000726,-0.0031360832908957637,-0.016133559675457473,67.70186614990234
1154,2016-08-04,0.8381081067972935,0.83861671152929,0.8403118881910259,0.8365824219349938,0.03238741929878497,0.003729401589187664,0.0068656142137724085,0.005424642917768008,0.008814996241239825,0.012257228021867857,68.26068878173828
1155,2016-08-05,0.8374300749327059,0.8325139720800899,0.8376843449652819,0.8317510973155176,0.019448491572320318,-0.0006780318645875916,-0.006102739449200034,-0.002627543225743989,-0.004831324619476218,-0.012938927726464652,67.76396179199219
1156,2016-08-08,0.8317510973155176,0.8339548787092498,0.8359043900704062,0.8297168723880657,0.023685723069520003,-0.0056789776171883855,0.001440906629159855,-0.0017799548948757016,-0.0020342249274518664,0.004237231497199685,67.8812484741211
1157,2016-08-09,0.8367519784012739,0.8403118881910259,0.840989984722458,0.8356500553709856,0.012364161308863433,0.005000881085756359,0.006357009481776088,0.005085594652051828,0.005933182982919893,-0.01132156176065657,68.398681640625
1158,2016-08-10,0.8426851613841939,0.8447194509784902,0.8453974828430777,0.8403118881910259,0.02058465774664831,0.0059331829829200045,0.0044075627874643475,0.004407498120619691,0.00466183282004029,0.008220496437784875,68.75748443603516
1159,2016-08-11,0.8451432128105019,0.8387862033287258,0.8451432128105019,0.8366672001681338,0.021841123868846325,0.00245805142630795,-0.005933247649764439,-0.0002542700325758318,-0.003644688022892084,0.0012564661221980168,68.27448272705078
1160,2016-08-12,0.8462450711739458,0.8451432128105019,0.84760126423681,0.84310898788305,0.026105088687794903,0.0011018583634438972,0.006357009481776088,0.002458051426308172,0.006441787714916214,0.004263964818948578,68.79193878173828
1161,2016-08-15,0.843956576213918,0.8401423963915902,0.8442108462464939,0.8399728399253098,0.01768409233689332,-0.0022884949600278093,-0.005000816418911702,-0.0033904179903161413,-0.0031361479577401985,-0.008420996350901582,68.38489532470703
1162,2016-08-16,0.84158330302075,0.8383624414967141,0.8420070648527617,0.8370062484338499,0.012885461082966863,-0.002373273193167935,-0.0017799548948760346,-0.0022037813937322293,-0.0029665914914599467,-0.004798631253926457,68.24003601074219
1163,2016-08-17,0.8397185698927339,0.8414137465544697,0.8429394314167699,0.8390404733613016,0.016253859623327496,-0.0018647331280161605,0.0030513050577555267,0.0009323665640081913,0.0020342249274517554,0.003368398540360633,68.48834228515625
1164,2016-08-18,0.8433632579156259,0.8443804027127743,0.8454822610762179,0.840989984722458,0.00970419579484849,0.003644688022892084,0.0029666561583046036,0.002542829659448076,0.0019495113611563974,-0.006549663828479007,68.72982788085938
1165,2016-08-19,0.8403118881910259,0.8408204282561779,0.8414137465544697,0.8377690585315777,0.024688222635103525,-0.0030513697246000726,-0.003559974456596393,-0.004068514521748279,-0.0032209261908803244,0.014984026840255035,68.44009399414062
1166,2016-08-22,0.8451432128105019,0.8447194509784902,0.8475164860036697,0.842515669584758,0.020999024233756165,0.004831324619475996,0.003899022722312351,0.006102739449200034,0.004746611053180305,-0.0036891984013473593,68.75748443603516
1167,2016-08-23,0.8488726790665341,0.847092724171658,0.8495507755979662,0.8455670393093582,0.01220376137837007,0.00372946625603221,0.002373273193167824,0.0020342895942965233,0.0030513697246001836,-0.008795262855386095,68.95061492919922
1168,2016-08-24,0.847940312502526,0.845821309341934,0.84904217086597,0.8450584345773618,0.022522823573443117,-0.0009323665640080803,-0.001271414829724038,-0.0005086047319962095,-0.0005086047319963205,0.010319062195073047,68.84712982177734
1169,2016-08-25,0.8442108462464939,0.8432784796824857,0.847262215971094,0.842515669584758,0.015237993396869529,-0.003729466256032099,-0.002542829659448298,-0.0017799548948760346,-0.002542764992603863,-0.007284830176573588,68.64017486572266
1170,2016-08-26,0.8463298494070859,0.8399728399253098,0.849720267397402,0.8384471550630099,0.029339820619411063,0.0021190031605919923,-0.0033056397571759044,0.002458051426308061,-0.004068514521748057,0.014101827222541535,68.37110900878906
1171,2016-08-29,0.8455670393093582,0.8480250907356661,0.848787900833394,0.8442108462464939,0.011388395065028804,-0.0007628100977277175,0.00805225081035632,-0.0009323665640080803,0.0057636911834839655,-0.01795142555438226,69.02654266357422
1172,2016-08-30,0.849296440898546,0.845906087575074,0.849296440898546,0.8457365311087939,0.013714194057182575,0.003729401589187775,-0.0021190031605921034,0.0005085400651519967,0.0015256848622999808,0.002325798992153771,68.85400390625
1173,2016-08-31,0.8453974828430777,0.845821309341934,0.8480250907356661,0.843702306181342,0.01558552657960515,-0.003898958055468249,-8.477823314001487e-05,-0.0012713501628798252,-0.0020342249274518664,0.0018713325224225738,68.84712982177734
1174,2016-09-01,0.83853193329615,0.8432784796824857,0.8445498945122099,0.8378538367647178,0.014890460214133908,-0.006865549546927752,-0.002542829659448298,-0.0034751962234562672,-0.005848469416624202,-0.0006950663654712412,68.84788513183594
1175,2016-09-02,0.840989984722458,0.8397185698927339,0.8414985247876098,0.8364977083686979,0.0471976795476722,0.002458051426308061,-0.0035599097897518472,-0.0030513697246000726,-0.001356128396019951,0.03230721933353829,68.55717468261719
1176,2016-09-06,0.8391252515944418,0.8436175279482019,0.845821309341934,0.83853193329615,0.019141058372208038,-0.0018647331280161605,0.003898958055468027,0.004322784554324222,0.0020342249274520885,-0.02805662117546416,68.87550354003906
1177,2016-09-07,0.84904217086597,0.844041354447058,0.84904217086597,0.8434480361487662,0.02844425434082312,0.009916919271528157,0.0004238264988560836,0.0032208615240360006,0.004916102852616233,0.00930319596861508,68.91008758544922
1178,2016-09-08,0.8414137465544697,0.8348024670401176,0.842515669584758,0.8328530203458061,0.03853608330103057,-0.007628424311500348,-0.009238887406940344,-0.006526501281212016,-0.010595015802960073,0.010091828960207449,68.15577697753906
1179,2016-09-09,0.8280216957263298,0.8225970528085618,0.8292083323229138,0.8211560815125574,0.05204977744509644,-0.013392050828139879,-0.012205414231555856,-0.013307337261844188,-0.011696938833248738,0.01351369414406587,67.15931701660156
1180,2016-09-12,0.8214951297782737,0.8225970528085618,0.8242922294702977,0.8197151748833976,0.019461858233194764,-0.006526565948056118,0.0,-0.004916102852616122,-0.0014409066291597439,-0.03258791921190167,67.15931701660156
1181,2016-09-13,0.8234446411394298,0.8164943133593616,0.8242922294702977,0.8122563070381775,0.025570422252817023,0.0019495113611561754,-0.006102739449200145,0.0,-0.007458867845220096,0.006108564019622259,66.66109466552734
1182,2016-09-14,0.8162400433267857,0.8170028534245136,0.8202237149485494,0.8147990720307813,0.020210391242163794,-0.0072045978126441534,0.0005085400651519967,-0.004068514521748279,0.002542764992603752,-0.0053600310106532295,66.70263671875
1183,2016-09-15,0.8141210401661937,0.8145448019982054,0.8170876316576537,0.8122563070381775,0.02309758999104434,-0.0021190031605919923,-0.002458051426308172,-0.0031360832908956526,-0.002542764992603752,0.002887198748880545,66.50190734863281
1184,2016-09-16,0.8185285382868136,0.8171724098907939,0.8209865897131217,0.8153923903290735,0.011481961691149933,0.004407498120619913,0.002627607892588424,0.003898958055467916,0.0031360832908959857,-0.011615628299894406,66.71643829345703
1185,2016-09-19,0.8186980300862494,0.8183590464873777,0.8204780496479698,0.8174266799233697,0.009730929116597382,0.00016949179943581694,0.001186636596583801,-0.0005085400651518857,0.0020342895942961903,-0.001751032574552551,66.81334686279297
1186,2016-09-20,0.8221732263097057,0.8212408597456976,0.8246312777360137,0.8204780496479698,0.009837862403592959,0.0034751962234562672,0.002881813258319932,0.00415322808804397,0.0030513697246000726,0.00010693328699557664,67.04861450195312
1187,2016-09-21,0.8211560815125574,0.828615014024622,0.8287845058240577,0.8198847313496779,0.05533797602021039,-0.0010171447971483172,0.007374154278924405,0.00415322808804397,-0.0005933182982919005,0.04550011361661743,67.65064239501953
1188,2016-09-22,0.8328530203458061,0.8342091487418258,0.8357348336041257,0.8319206537817979,0.142501971582479,0.011696938833248738,0.005594134717203825,0.006950327780067989,0.012035922432120039,0.08716399556226859,68.10739135742188
1189,2016-09-23,0.8346329752406819,0.8325139720800899,0.8350567370726936,0.8323444156138097,0.04163714862390226,0.0017799548948758126,-0.0016951766617359088,-0.0006780965314321374,0.00042376183201175976,-0.10086482295857672,67.96894836425781
1190,2016-09-26,0.8334463386440978,0.8350567370726936,0.8363281519024178,0.8330225121452417,0.026492721853153864,-0.0011866365965841341,0.002542764992603641,0.00127141482972426,0.0006780965314320264,-0.015144426770748398,68.17659759521484
1191,2016-09-27,0.8392100298275822,0.838870981561866,0.840396666424166,0.8367519784012739,0.0375202170745726,0.0057636911834844096,0.003814244489172447,0.004068514521748168,0.00372946625603221,0.011027495221418736,68.48795318603516
1192,2016-09-28,0.8396337916595938,0.8375995667321419,0.8414985247876098,0.8372605184664258,0.17515672409875288,0.00042376183201164874,-0.001271414829724149,0.0011018583634437862,0.0005085400651518857,0.1376365070241803,68.38420867919922
1193,2016-09-29,0.8353957853384097,0.8399728399253098,0.840735714689882,0.8348872452732579,0.018018258858754493,-0.004238006321184096,0.002373273193167935,-0.0007628100977278285,-0.002373273193167935,-0.1571384652399984,68.57794189453125
1194,2016-09-30,0.838870981561866,0.8357348336041257,0.8398880616921697,0.8322597020475139,0.10125245612393569,0.0034751962234562672,-0.004238006321184096,-0.0008476529977122782,-0.002627543225743989,0.08323419726518119,68.23191833496094
1195,2016-10-03,0.8339548787092498,0.8309035089846497,0.8350567370726936,0.8305644607189335,0.02777592129710077,-0.004916102852616233,-0.004831324619475996,-0.004831324619476107,-0.0016952413285803436,-0.07347653482683492,68.03349304199219
1196,2016-10-04,0.8301406988869218,0.8245464995028736,0.8319206537817979,0.8239531812045816,0.022001523799339687,-0.003814179822328012,-0.006357009481776088,-0.0031360832908956526,-0.00661127951435192,-0.005774397497761083,67.51295471191406
1197,2016-10-05,0.8245464995028736,0.8220884480765654,0.8245464995028736,0.8190370783519654,0.02892545413230321,-0.0055941993840481485,-0.002458051426308172,-0.007374154278924294,-0.004916102852616233,0.006923930332963523,67.31170654296875
1198,2016-10-06,0.8198847313496779,0.8192066348182457,0.8220037345102699,0.8183590464873777,0.011522061673773275,-0.0046617681531957444,-0.00288181325831971,-0.002542764992603752,-0.0006780318645877026,-0.017403392458529933,67.07574462890625
1199,2016-10-07,0.8209018114799815,0.8199694449159733,0.8215799080114137,0.8159009950610698,0.015090960127250612,0.0010170801303036603,0.0007628100977276064,-0.0004238264988561946,-0.002458051426307839,0.0035688984534773364,67.1382064819336
1200,2016-10-10,0.8175113934896655,0.8188675865525297,0.8190370783519654,0.8138667054667734,0.016521192840816434,-0.0033904179903160303,-0.0011018583634436752,-0.002542829659448298,-0.0020342895942964123,0.0014302327135658228,67.04798889160156
1201,2016-10-11,0.8175961717228055,0.8153923903290735,0.8181047117879574,0.8139514836999135,0.014329060457407136,8.477823314001487e-05,-0.003475196223456156,-0.0009323665640079692,8.477823314012589e-05,-0.0021921323834092985,66.76342010498047
1202,2016-10-12,0.8150534067302019,0.8152228985296376,0.8166638051587976,0.8133581654016215,0.018098458824001178,-0.002542764992603641,-0.00016949179943592796,-0.001440906629159855,-0.0005933182982920115,0.0037693983665940418,66.74958038330078
1203,2016-10-13,0.8202237149485494,0.8193761266176817,0.8220037345102699,0.8179352199885216,0.021079224199002846,0.005170308218347519,0.004153228088044081,0.005339929351472317,0.004577054586900053,0.0029807653750016684,67.08955383300781
1204,2016-10-14,0.8151381202964976,0.8109001139753136,0.8181047117879574,0.8109001139753136,0.02980765375001671,-0.005085594652051828,-0.00847601264236808,-0.003899022722312462,-0.0070351060132080034,0.008728429551013862,66.39561462402344
1205,2016-10-17,0.8146295802313457,0.8161552650936457,0.8166638051587976,0.8121715288050375,0.02089209094676059,-0.0005085400651518857,0.00525515111833208,-0.001440906629159855,0.001271414829723927,-0.00891556280325612,66.8259048461914
1206,2016-10-18,0.8140362619330537,0.8186980300862494,0.8191218565851056,0.8140362619330537,0.07270126849611698,-0.0005933182982920115,0.002542764992603752,0.002458051426308061,0.0018647331280161605,0.05180917754935639,67.03410339355469
1207,2016-10-19,0.8170876316576537,0.8191218565851056,0.8209018114799815,0.8164943133593616,0.014355793779156028,0.0030513697246000726,0.0004238264988561946,0.0017799548948759236,0.00245805142630795,-0.05834547471696095,67.06881713867188
1208,2016-10-20,0.82352941937257,0.8203932714148298,0.82352941937257,0.8199694449159733,0.019528691537567,0.006441787714916214,0.001271414829724149,0.002627607892588424,0.0034751315566117214,0.00517289775841097,67.17285919189453
1209,2016-10-21,0.821410416211978,0.8217493998108496,0.8237836894051458,0.8197151748833976,0.011789394891262213,-0.0021190031605919923,0.00135612839601984,0.0002542700325758318,-0.0002542700325757208,-0.007739296646304785,67.283935546875
1210,2016-10-24,0.8221732263097057,0.8184437600536736,0.8221732263097057,0.8156467250284938,0.021105957520751742,0.0007628100977277175,-0.0033056397571760154,-0.0016104630954401067,-0.004068449854903844,0.009316562629489529,67.01326751708984
1211,2016-10-25,0.8159009950610698,0.8183590464873777,0.8215799080114137,0.8159009950610698,0.011334928421531018,-0.006272231248635851,-8.471356629591309e-05,-0.0005933182982920115,0.00025427003257605385,-0.009771029099220724,67.00630187988281
1212,2016-10-26,0.8150534067302019,0.8143753101987696,0.8166638051587976,0.8131886736021856,0.019341558285324745,-0.0008475883308679544,-0.003983736288608042,-0.004916102852616122,-0.002712321458884226,0.008006629863793727,66.68013763427734
1213,2016-10-27,0.8098830338450096,0.8061535675889775,0.8098830338450096,0.8036107379295294,0.025637255557189258,-0.005170372885192287,-0.008221742609792138,-0.006780771313787959,-0.00957793567265619,0.006295697271864513,66.0069351196289
1214,2016-10-28,0.8037802943958094,0.8036107379295294,0.8055602492906856,0.8031869760975178,0.03917768302300402,-0.006102739449200145,-0.002542829659448076,-0.0043227845543239996,-0.00042376183201164874,0.013540427465814762,65.7987289428711
1215,2016-10-31,0.8068316641204095,0.8077640306844176,0.8080183007169935,0.8047973745261134,0.010319062195073048,0.0030513697246000726,0.004153292754888183,0.00245805142630795,0.0016103984285956718,-0.028858620827930972,66.13880920410156
1216,2016-11-01,0.8026783713655213,0.8020850530672291,0.8055602492906856,0.7982708732449014,0.019889591381177067,-0.004153292754888183,-0.0056789776171884965,-0.00245805142630795,-0.006526501281212016,0.009570529186104019,65.87635040283203
1217,2016-11-02,0.8052212010249695,0.8055602492906856,0.8081030142832892,0.8031021978643774,0.015906326440591877,0.002542829659448187,0.0034751962234564893,0.002542764992603641,0.004831324619475996,-0.00398326494058519,66.16177368164062
1218,2016-11-03,0.8024241013329455,0.8014917347689374,0.8044583909272417,0.8006441464380694,0.011161161830163207,-0.0027970996920240188,-0.004068514521748168,-0.0036446233560475383,-0.002458051426308061,-0.004745164610428671,65.82762908935547
1219,2016-11-04,0.8047973745261134,0.8068316641204095,0.8075944742181375,0.8037802943958094,0.021974790477590794,0.002373273193167935,0.005339929351472095,0.0031360832908957637,0.0031361479577400875,0.010813628647427588,66.26622772216797
1220,2016-11-07,0.8038650079621052,0.8038650079621052,0.8052212010249695,0.8026783713655213,0.01624049296245305,-0.0009323665640081913,-0.0029666561583042705,-0.002373273193167935,-0.00110192303028811,-0.005734297515137744,66.02254486083984
1221,2016-11-08,0.8053059792581098,0.8022546095335096,0.8065773940878337,0.7989489697763337,0.04878831219173138,0.0014409712960045118,-0.0016103984285956718,0.0013561930628641639,-0.003729401589187664,0.03254781922927833,65.89033508300781
1222,2016-11-09,0.7888624940385253,0.7769113498395454,0.7902186871013895,0.7746227902126731,0.03570235119564782,-0.016443485219584497,-0.025343259693964226,-0.01635870698644415,-0.024326179563660566,-0.013085960996083564,63.80879592895508
1223,2016-11-10,0.7729276135509372,0.7669943659011728,0.7762332533081131,0.7664858258360211,0.056113242350928315,-0.015934880487588066,-0.009916983938372592,-0.013985433793276436,-0.008136964376652012,0.020410891155280497,62.99433898925781
1224,2016-11-11,0.7675029706331691,0.7629259160462691,0.7686048289966131,0.761654501216545,0.02123962412949621,-0.005424642917768119,-0.004068449854903622,-0.007628424311500015,-0.004831324619476107,-0.034873618221432104,62.6601791381836
1225,2016-11-14,0.7645363144748649,0.7569926683965048,0.7645363144748649,0.7543651251707609,0.08498522983973374,-0.0029666561583041595,-0.005933247649764328,-0.004068514521748168,-0.007289376045784057,0.06374560571023752,62.17288589477539
1226,2016-11-15,0.7627563595799889,0.7632649643119852,0.766146777570305,0.7614849447502647,0.03534145135203775,-0.0017799548948760346,0.006272295915480397,0.0016104630954401067,0.0071198195795038055,-0.04964377848769599,62.68804931640625
1227,2016-11-16,0.7637735043771371,0.7669943659011728,0.767926732465181,0.7637735043771371,0.016654859449560907,0.0010171447971482062,0.003729401589187553,0.0017799548948759236,0.002288559626872355,-0.018686591902476842,62.99433898925781
1228,2016-11-17,0.7621630412816969,0.7584336396925092,0.764282044442289,0.7581793049930887,0.07018833625172095,-0.0016104630954402177,-0.00856072620866355,-0.003644688022891973,-0.005594199384048371,0.05353347680216004,62.29120635986328
1229,2016-11-18,0.758687909725085,0.7542803469376207,0.7611459611513932,0.7527546620753207,0.028217021105957522,-0.0034751315566118324,-0.004153292754888516,-0.0031360832908957637,-0.005424642917768008,-0.04197131514576343,61.95008087158203
1230,2016-11-21,0.7558908100330609,0.7563146365319171,0.7586031314919449,0.7549584434690528,0.014489460387900499,-0.0027970996920241298,0.0020342895942964123,-0.002542829659448298,0.0022037813937321182,-0.013727560718057023,62.11720657348633
1231,2016-11-22,0.7588574015245209,0.7566536201307887,0.7597049898553888,0.755636540000485,0.020918824268509485,0.0029665914914599467,0.0003389835988716339,0.0011018583634438972,0.0006780965314321374,0.0064293638806089855,62.14506149291992
1232,2016-11-23,0.7498728488170009,0.7539412986719047,0.7552127135016288,0.7480081156889848,0.02364562308689666,-0.008984552707519966,-0.002712321458884004,-0.0044922763537600385,-0.007628424311500126,0.0027267988183871765,61.92225646972656
1233,2016-11-25,0.7584336396925092,0.7558908100330609,0.7585183532588048,0.7544499034039011,0.006710063758972371,0.008560790875508317,0.0019495113611561754,0.0033056397571760154,0.006441787714916214,-0.01693555932792429,62.08236312866211
1234,2016-11-28,0.7569926683965048,0.7600440381211049,0.760383086386821,0.7569926683965048,0.01097402857792095,-0.0014409712960044008,0.00415322808804397,0.0018647331280161605,0.002542764992603752,0.0042639648189485785,62.42344284057617
1235,2016-11-29,0.7597049898553888,0.7625868677805531,0.7641973308759933,0.758687909725085,0.01241762795236122,0.002712321458884004,0.002542829659448187,0.003814244489172336,0.0016952413285802326,0.0014435993744402707,62.63230514526367
1236,2016-11-30,0.7540260769050449,0.7545346169701966,0.7579250349605128,0.751144263646725,0.08061433173378958,-0.005678912950343951,-0.008052250810356432,-0.006272295915480508,-0.00754364607836,0.06819670378142836,61.97098922729492
1237,2016-12-01,0.7444482058992329,0.7450415241975249,0.7458043342952526,0.7392778330140408,0.18288265408418322,-0.009577871005811978,-0.00949309277267174,-0.012120700665260165,-0.011866430632684222,0.10226832235039364,61.39751815795898
1238,2016-12-02,0.7467367008592607,0.750211897082717,0.7524156138096046,0.7467367008592607,0.060537607100370254,0.0022884949600278093,0.005170372885192065,0.006611279514352031,0.007458867845219874,-0.12234504698381296,61.8236083984375
1239,2016-12-05,0.7468214790924008,0.7508899289473046,0.7550432217021931,0.7458891125283927,0.04560704690361301,8.477823314012589e-05,0.0006780318645875916,0.002627607892588424,-0.0008475883308679544,-0.014930560196757245,61.87947082519531
1240,2016-12-06,0.7522461220101688,0.751144263646725,0.7542803469376207,0.750211897082717,0.030850253298223572,0.005424642917768008,0.0002543346994204887,-0.0007628747645723744,0.004322784554324222,-0.014756793605389437,61.90044021606445
1241,2016-12-07,0.753856585105609,0.7569926683965048,0.7580945914267931,0.753263266807317,0.03471321829093874,0.0016104630954402177,0.0058484047497797675,0.003814244489172447,0.0030513697246000726,0.0038629649927151705,62.38240432739258
1242,2016-12-08,0.7508899289473046,0.7497032923507206,0.7522461220101688,0.7486014339872767,0.03511421811717215,-0.0029666561583044926,-0.007289376045784168,-0.005848469416624313,-0.00466183282004029,0.0004009998262334072,61.78167724609375
1243,2016-12-09,0.7476690674232688,0.7444482058992329,0.7497880705838608,0.7421596462723605,0.04027374921470867,-0.0032208615240357785,-0.005255086451487756,-0.002458051426308061,-0.006441787714916214,0.0051595310975365224,61.3486328125
1244,2016-12-12,0.7418205980066446,0.7437701093678007,0.7455500642626767,0.7401254213449087,0.04783927926964565,-0.005848469416624202,-0.0006780965314321374,-0.004238006321184096,-0.0020342249274518664,0.0075655300549369794,61.29275894165039
1245,2016-12-13,0.7477538456564089,0.7468214790924008,0.7491947522855688,0.7439396011672366,0.02062475772927165,0.005933247649764328,0.0030513697246000726,0.003644688022892084,0.003814179822327901,-0.027214521540374,61.54422378540039
1246,2016-12-14,0.7530937103410368,0.7422444245055008,0.7531784885741769,0.7422444245055008,0.06557683825003675,0.005339864684627882,-0.004577054586900053,0.003983736288608153,-0.0016951766617357977,0.0449520805207651,61.1670150756836
1247,2016-12-15,0.7450415241975249,0.7424986945380766,0.7474147973906928,0.7416511062072088,0.054268643150254633,-0.008052186143511886,0.0002542700325758318,-0.0057636911834840765,-0.0005933182982920115,-0.01130819509978212,61.18796920776367
1248,2016-12-16,0.7456348424958169,0.7422444245055008,0.7471605273581169,0.7413120579414927,0.022242123695079732,0.0005933182982920115,-0.0002542700325758318,-0.00025427003257594283,-0.0003390482657160687,-0.0320265194551749,61.1670150756836
1249,2016-12-19,0.7475842891901286,0.7491947522855688,0.750550945348433,0.7466519226261206,0.020811890981513908,0.0019494466943117406,0.006950327780067989,0.0033904179903161413,0.005339864684627882,-0.0014302327135658245,61.739784240722656
1250,2016-12-20,0.7466519226261206,0.747499575623833,0.7479233374558447,0.7449567459643848,0.03749348375282371,-0.0009323665640080803,-0.0016951766617357977,-0.002627607892588313,-0.0016951766617357977,0.0166815927713098,61.6000862121582
1251,2016-12-21,0.7489404822529928,0.7508899289473046,0.7520766302107331,0.7479233374558447,0.030034886984882308,0.002288559626872244,0.0033903533234715955,0.004153292754888405,0.0029665914914599467,-0.007458596767941399,61.87947082519531
1252,2016-12-22,0.7458891125283927,0.746312939027249,0.7469909708918366,0.7444482058992329,0.02115942416424953,-0.0030513697246000726,-0.0045769899200555075,-0.005085659318896485,-0.0034751315566118324,-0.008875462820632778,61.8177375793457
1253,2016-12-23,0.747499575623833,0.748431942187841,0.7489404822529928,0.7464824308266848,0.02523625573095585,0.0016104630954402177,0.0021190031605919923,0.0019495113611561754,0.0020342249274518664,0.00407683156670632,61.99321746826172
1254,2016-12-27,0.7447024759318088,0.7458043342952526,0.7467367008592607,0.7441939358666569,0.011856228195634448,-0.0027970996920241298,-0.002627607892588424,-0.0022037813937321182,-0.0022884949600278093,-0.013380027535321403,61.77557373046875
1255,2016-12-28,0.7471605273581169,0.749618578784425,0.7522461220101688,0.7468214790924008,0.016053359710210793,0.002458051426308061,0.003814244489172336,0.005509421150908134,0.002627543225743878,0.004197131514576345,62.09153747558594
1256,2016-12-29,0.752330900243309,0.7534327586067529,0.7547889516696171,0.7514833119124411,0.01672169275393314,0.005170372885192065,0.003814179822327901,0.002542829659448298,0.00466183282004029,0.0006683330437223488,62.40743637084961
1257,2016-12-30,0.7531784885741769,0.7554669835342047,0.7573317166622208,0.7525851702758849,0.07533450068838303,0.0008475883308679544,0.0020342249274518664,0.002542764992603641,0.0011018583634437862,0.05861280793444989,62.575950622558594
1258,2017-01-03,0.750550945348433,0.7584336396925092,0.759535498055953,0.7501271188495768,0.02959378717602556,-0.002627543225743878,0.0029666561583044926,0.0022037813937322293,-0.002458051426308061,-0.04574071351235747,62.82167053222656
1259,2017-01-04,0.7588574015245209,0.761061182918253,0.761400231183969,0.7579250349605128,0.0247951559220991,0.008306456176087829,0.002627543225743767,0.0018647331280160495,0.007797916110935943,-0.004798631253926457,63.03934860229492
1260,2017-01-05,0.7623325977479771,0.769876243826337,0.7707238321572051,0.7617392794496851,0.039418282918744066,0.0034751962234562672,0.008815060908084038,0.009323600973236035,0.003814244489172336,0.014623126996644965,63.76946640014648
1261,2017-01-06,0.7664858258360211,0.7639429961765727,0.7685200507634731,0.7636887261439969,0.03232058599441274,0.00415322808804397,-0.005933247649764328,-0.002203781393732007,0.0019494466943117406,-0.007097696924331327,63.27801132202149
1262,2017-01-09,0.7680115106983211,0.767926732465181,0.7696219737937612,0.7663163340365853,0.016213759640704154,0.0015256848622999808,0.003983736288608264,0.00110192303028811,0.002627607892588424,-0.016106826353708584,63.608028411865234
1263,2017-01-10,0.7672486359337488,0.7672486359337488,0.7691981472949051,0.766146777570305,0.01364736075281034,-0.0007628747645722633,-0.0006780965314321374,-0.0004238264988560836,-0.00016955646628025178,-0.0025663988878938133,63.551849365234375
1264,2017-01-11,0.7678419542320408,0.769706687360057,0.7718256905206491,0.765468681038873,0.013914693970299279,0.0005933182982920115,0.002458051426308172,0.002627543225743989,-0.0006780965314320264,0.0002673332174889381,63.75543975830078
1265,2017-01-12,0.7722495170195052,0.7695371955606212,0.7751313302778251,0.7691981472949051,0.09736275780947161,0.0044075627874643475,-0.00016949179943581694,0.0033056397571760154,0.003729466256032099,0.08344806383917233,63.74139404296875
1266,2017-01-13,0.7665706040691611,0.765553459272013,0.768265780730897,0.7630106296125647,0.01743012578027883,-0.005678912950344062,-0.003983736288608153,-0.006865549546928085,-0.006187517682340382,-0.07993263202919278,63.4113883972168
1267,2017-01-17,0.7716561987212132,0.7711476586560613,0.7728428353177971,0.7684353371971773,0.07473300094903292,0.00508559465205205,0.0055941993840482596,0.004577054586900053,0.005424707584612554,0.05730287516875408,63.87475204467773
1268,2017-01-18,0.7685200507634731,0.7638582826102773,0.7686896072297531,0.7632649643119852,0.021921323834093006,-0.0031361479577400875,-0.007289376045783946,-0.00415322808804397,-0.005170372885192065,-0.052811677114939906,63.270992279052734
1269,2017-01-19,0.7612306747176888,0.7604678646199611,0.7621630412816969,0.7572469384290806,0.0741849678531806,-0.007289376045784279,-0.0033904179903162524,-0.006526565948056229,-0.006018025882904565,0.05226364401908759,62.99016189575195
1270,2017-01-20,0.7594507198228129,0.7590269579908011,0.7609764046851129,0.7558908100330609,0.0506730113750284,-0.0017799548948759236,-0.001440906629159966,-0.001186636596584023,-0.001356128396019729,-0.0235119564781522,62.87082290649414
1271,2017-01-23,0.7598745463216691,0.7641973308759933,0.767587684199465,0.7597049898553888,0.014489460387900499,0.0004238264988561946,0.005170372885192176,0.006611279514352142,0.003814179822327901,-0.0361835509871279,63.29908752441406
1272,2017-01-24,0.762841137813129,0.7602983081536807,0.7647058709411451,0.7581793049930887,0.023511956478152192,0.0029665914914599467,-0.003899022722312573,-0.002881813258319932,-0.0015256848623000918,0.009022496090251693,62.97613906860352
1273,2017-01-25,0.7552974917347689,0.7543651251707609,0.756823176597069,0.752330900243309,0.012404261291486774,-0.007543646078360111,-0.005933182982919782,-0.007882694344076069,-0.0058484047497797675,-0.011107695186665418,62.484710693359375
1274,2017-01-26,0.7545346169701966,0.755636540000485,0.7560603018324967,0.7516528037118769,0.01685535936267761,-0.0007628747645722633,0.001271414829724038,-0.0007628747645722633,-0.0006780965314320264,0.004451098071190837,62.58999252319336
1275,2017-01-27,0.756568906564493,0.758348861459369,0.7594507198228129,0.755636540000485,0.008247229759533771,0.0020342895942964123,0.002712321458884004,0.0033904179903161413,0.003983736288608042,-0.00860812960314384,62.81465530395508
1276,2017-01-30,0.7561450800656369,0.755975588266201,0.7591964497902369,0.7558908100330609,0.013326560891823614,-0.0004238264988561946,-0.002373273193167935,-0.00025427003257594283,0.00025427003257594283,0.0050793311322898434,62.61809158325195
1277,2017-01-31,0.7564841283313529,0.7597049898553888,0.761061182918253,0.7564841283313529,0.06742143745071044,0.0003390482657160687,0.003729401589187775,0.0018647331280160495,0.0005933182982920115,0.054094876558886826,62.92697525024414
1278,2017-02-01,0.7539412986719047,0.7543651251707609,0.7555517617673448,0.751737581945017,0.016962292649673184,-0.002542829659448187,-0.005339864684627882,-0.005509421150908134,-0.00474654638633587,-0.05045914480103726,62.68681335449219
1279,2017-02-02,0.7569079548302091,0.7539412986719047,0.7585183532588048,0.7539412986719047,0.012136928073997834,0.0029666561583043816,-0.0004238264988561946,0.0029665914914599467,0.0022037167268876834,-0.00482536457567535,62.65155792236328
1280,2017-02-03,0.7567383983639289,0.7542803469376207,0.7582640832262288,0.751144263646725,0.01755042572814885,-0.00016955646628025178,0.0003390482657159577,-0.00025427003257594283,-0.002797035025179695,0.005413497654151018,62.67975997924805
1281,2017-02-06,0.7580945914267931,0.7579250349605128,0.7594507198228129,0.7548736652359127,0.018593025276355715,0.0013561930628642749,0.003644688022892084,0.001186636596584023,0.003729401589187664,0.0010425995482068635,62.98262023925781
1282,2017-02-07,0.7585183532588048,0.7612306747176888,0.762841137813129,0.756568906564493,0.015264726718618423,0.00042376183201164874,0.0033056397571760154,0.0033904179903161413,0.0016952413285803436,-0.0033282985577372925,63.2573127746582
1283,2017-02-08,0.7612306747176888,0.7680115106983211,0.7691981472949051,0.7612306747176888,0.011294828438907676,0.002712321458884004,0.006780835980632283,0.006357009481776088,0.0046617681531957444,-0.003969898279710747,63.82078552246094
1284,2017-02-09,0.7680115106983211,0.7619935494822611,0.7680115106983211,0.761654501216545,0.028938820793177656,0.006780835980632283,-0.006017961216060019,-0.001186636596584023,0.0004238264988561946,0.01764399235426998,63.32069778442383
1285,2017-02-10,0.7593659415896727,0.7624173113142728,0.7639429961765727,0.758687909725085,0.021801023886222983,-0.008645569108648332,0.00042376183201175976,-0.00406851452174839,-0.0029665914914599467,-0.007137796906954673,63.35593795776367
1286,2017-02-13,0.7598745463216691,0.7612306747176888,0.7619087712491209,0.758942179757661,0.012390894630612328,0.0005086047319963205,-0.001186636596584023,-0.0020342249274517554,0.00025427003257594283,-0.009410129255610656,63.2573127746582
1287,2017-02-14,0.7619087712491209,0.7581793049930887,0.7623325977479771,0.7551279352684886,0.040581182414820956,0.0020342249274518664,-0.0030513697246000726,0.0004238264988561946,-0.003814244489172336,0.02819028778420863,63.00376510620117
1288,2017-02-15,0.7544499034039011,0.755975588266201,0.756568906564493,0.753517536839893,0.013847860665927044,-0.007458867845219874,-0.0022037167268876834,-0.0057636911834840765,-0.0016103984285956718,-0.02673332174889391,62.82062149047852
1289,2017-02-16,0.7566536201307887,0.7590269579908011,0.7617392794496851,0.7566536201307887,0.011268095117158783,0.0022037167268876834,0.0030513697246000726,0.005170372885192065,0.0031360832908957637,-0.0025797655487682612,63.07417678833008
1290,2017-02-17,0.7629259160462691,0.7619935494822611,0.7632649643119852,0.7613154529508289,0.011388395065028804,0.006272295915480397,0.0029665914914599467,0.0015256848623000918,0.004661832820040179,0.00012029994787002112,63.32069778442383
1291,2017-02-21,0.7597049898553888,0.7615697229834049,0.7638582826102773,0.7594507198228129,0.015157793431622846,-0.0032209261908803244,-0.0004238264988561946,0.0005933182982921226,-0.0018647331280160495,0.0037693983665940418,63.28553771972656
1292,2017-02-22,0.7657229510714488,0.763519234344561,0.765807729304589,0.7594507198228129,0.012497827917607902,0.006017961216060019,0.0019495113611561754,0.0019494466943116295,0.0,-0.0026599655140149437,63.44750213623047
1293,2017-02-23,0.7653839674725771,0.764960140973721,0.765468681038873,0.7636887261439969,0.009356662612112867,-0.0003389835988717449,0.001440906629159966,-0.0003390482657159577,0.004238006321183985,-0.003141165305495035,63.56725692749024
1294,2017-02-24,0.7691133690617648,0.7724190088189408,0.7725885652852212,0.7669096523348773,0.021333190755617338,0.003729401589187664,0.007458867845219763,0.00711988424634824,0.0032209261908804354,0.01197652814350447,64.1870346069336
1295,2017-02-27,0.772164738786365,0.7686896072297531,0.772164738786365,0.7683505589640371,0.01791132557175892,0.0030513697246002947,-0.003729401589187664,-0.0004238264988561946,0.001440906629159855,-0.0034218651838584177,63.87715911865234
1296,2017-02-28,0.7701305138589131,0.770893323956641,0.772164738786365,0.7691981472949051,0.02936655394115996,-0.0020342249274519775,0.0022037167268879054,0.0,0.0008475883308679544,0.011455228369401039,64.06024169921875
1297,2017-03-01,0.7591116715570968,0.7591116715570968,0.7605526428531012,0.7569079548302091,0.025784288826808176,-0.011018842301816267,-0.011781652399544207,-0.011612095933263844,-0.012290192464695981,-0.0035822651143517827,63.2683219909668
1298,2017-03-02,0.7585183532588048,0.7572469384290806,0.7591964497902369,0.7551279352684886,0.03427211848208199,-0.0005933182982920115,-0.0018647331280161605,-0.0013561930628642749,-0.0017800195617204695,0.008487829655273813,63.11294555664063
1299,2017-03-03,0.7588574015245209,0.758348861459369,0.7588574015245209,0.7544499034039011,0.018379158702364562,0.0003390482657160687,0.001101923030288332,-0.0003390482657160687,-0.0006780318645875916,-0.015892959779717428,63.20475769042969
1300,2017-03-06,0.7590269579908011,0.7558060317999208,0.7590269579908011,0.7550432217021931,0.025944688757301538,0.00016955646628025178,-0.002542829659448187,0.00016955646628025178,0.0005933182982920115,0.007565530054936976,62.992862701416016
1301,2017-03-07,0.7543651251707609,0.7522461220101688,0.7550432217021931,0.7522461220101688,0.01984949139855373,-0.004661832820040179,-0.0035599097897519583,-0.003983736288608042,-0.002797099692024241,-0.006095197358747809,62.6961555480957
1302,2017-03-08,0.746312939027249,0.747499575623833,0.7488557040198527,0.745973890761533,0.06104554021359924,-0.008052186143511886,-0.00474654638633587,-0.006187517682340382,-0.006272231248635851,0.04119604881504551,62.30050659179688
1303,2017-03-09,0.744787254164949,0.7415663279740686,0.745719620728957,0.7411425661420569,0.05162204429711414,-0.0015256848623000918,-0.005933247649764328,-0.0031360832908956526,-0.004831324619476107,-0.0094234959164851,61.805999755859375
1304,2017-03-10,0.7423292027386409,0.7446176976986687,0.7448719677312446,0.7412272797083526,0.04428374747704276,-0.002458051426308061,0.0030513697246000726,-0.0008476529977123892,8.471356629569105e-05,-0.00733829682007138,62.06034851074219
1305,2017-03-13,0.7425834727712168,0.7408882961094809,0.7444482058992329,0.7405492478437649,0.04488524721639287,0.00025427003257594283,-0.003729401589187775,-0.00042376183201175976,-0.0006780318645877026,0.0006014997393501142,61.74951171875
1306,2017-03-14,0.742074932706065,0.7436006175683649,0.7447024759318088,0.7410577879089167,0.03479341825618542,-0.0005085400651518857,0.002712321458884004,0.00025427003257594283,0.0005085400651518857,-0.010091828960207452,61.9755973815918
1307,2017-03-15,0.744787254164949,0.7518222955113126,0.7528394403084608,0.744787254164949,0.03718605055271143,0.002712321458884004,0.008221677942947703,0.008136964376652012,0.00372946625603221,0.0023926322965260108,62.66082000732422
1308,2017-03-16,0.7502966106490127,0.7491947522855688,0.750550945348433,0.747838623889549,0.02750858807961183,0.005509356484063699,-0.002627543225743878,-0.0022884949600278093,0.0030513697246000726,-0.009677462473099599,62.44179916381836
1309,2017-03-17,0.7497032923507206,0.7531784885741769,0.753263266807317,0.7494490223181447,0.01452956037052384,-0.0005933182982920115,0.003983736288608153,0.002712321458884004,0.0016103984285956718,-0.012979027709087992,62.773868560791016
1310,2017-03-20,0.7527546620753207,0.7555517617673448,0.7558908100330609,0.7519918519775929,0.016521192840816434,0.0030513697246000726,0.002373273193167935,0.002627543225743878,0.002542829659448187,0.001991632470292595,62.97163009643555
1311,2017-03-21,0.7558908100330609,0.7597897680885289,0.7608916264519727,0.7554669835342047,0.01724299252803657,0.0031361479577401985,0.004238006321184096,0.005000816418911813,0.0034751315566118324,0.0007217996872201371,63.32483673095703
1312,2017-03-22,0.762841137813129,0.762247819514837,0.7647906491742852,0.7608069128856771,0.038896983144640636,0.0069503277800681,0.002458051426308061,0.003899022722312462,0.005339929351472428,0.021653990616604064,63.52971649169922
1313,2017-03-23,0.764112552642853,0.7617392794496851,0.764112552642853,0.7588574015245209,0.013112694317832463,0.001271414829724038,-0.0005085400651518857,-0.0006780965314321374,-0.0019495113611562864,-0.025784288826808173,63.487335205078125
1314,2017-03-24,0.7617392794496851,0.7632649643119852,0.7647058709411451,0.7602983081536807,0.008314063063906005,-0.002373273193167935,0.0015256848623000918,0.0005933182982920115,0.001440906629159855,-0.004798631253926457,63.61448669433594
1315,2017-03-27,0.7678419542320408,0.7666553176354569,0.7693676390943408,0.764960140973721,0.011829494873885555,0.00610267478235571,0.0033903533234717065,0.0046617681531957444,0.00466183282004029,0.00351543180997955,63.89707946777344
1316,2017-03-28,0.7684353371971773,0.7629259160462691,0.7686048289966131,0.7629259160462691,0.012738427813347948,0.0005933829651364464,-0.003729401589187775,-0.0007628100977277175,-0.0020342249274518664,0.0009089329394623927,63.58628463745117
1317,2017-03-29,0.765214411006297,0.7669943659011728,0.7675029706331691,0.7646210927080049,0.00903586275112614,-0.0032209261908803244,0.004068449854903622,-0.0011018583634440082,0.0016951766617357977,-0.0037025650622218072,63.92534637451172
1318,2017-03-30,0.7652991892394371,0.7623325977479771,0.7660619993371647,0.761400231183969,0.01904749174608691,8.477823314012589e-05,-0.004661768153195633,-0.0014409712960044008,-0.0032208615240358895,0.01001162899496077,63.53678131103516
1319,2017-03-31,0.7619935494822611,0.7631801860788451,0.7637735043771371,0.7607221346525369,0.008474462994399369,-0.0033056397571760154,0.0008475883308679544,-0.0022884949600275872,-0.0006780965314321374,-0.010573028751687542,63.60747146606445
1320,2017-04-03,0.7611459611513932,0.7664858258360211,0.7681810024977568,0.7611459611513932,0.01522462673599508,-0.0008475883308678434,0.0033056397571760154,0.004407498120619691,0.00042382649885630563,0.006750163741595712,64.09007263183594
1321,2017-04-04,0.7647906491742852,0.7640277744097129,0.7664858258360211,0.7639429961765727,0.007645730020183658,0.003644688022891973,-0.002458051426308172,-0.0016951766617356867,0.002797035025179473,-0.007578896715811423,63.8845329284668
1322,2017-04-05,0.7626716460136932,0.7653839674725771,0.7664858258360211,0.7611459611513932,0.009904695707965193,-0.0021190031605919923,0.0013561930628641639,0.0,-0.002797035025179473,0.0022589656877815356,63.99797439575195
1323,2017-04-06,0.7664010476028811,0.7650449192068612,0.7664010476028811,0.7613154529508289,0.020197024581289347,0.0037294015891878862,-0.0003390482657158467,-8.477823314001487e-05,0.00016949179943570591,0.010292328873324154,63.96960067749024
1324,2017-04-07,0.7675029706331691,0.7629259160462691,0.769876243826337,0.7625020895474129,0.015171160092497294,0.001101923030287999,-0.0021190031605921034,0.003475196223455934,0.001186636596584023,-0.005025864488792053,63.792442321777344
1325,2017-04-10,0.765553459272013,0.7650449192068612,0.7669096523348773,0.7632649643119852,0.01097402857792095,-0.0019495113611560644,0.0021190031605921034,-0.0029665914914597247,0.0007628747645722633,-0.004197131514576345,63.96960067749024
1326,2017-04-11,0.767757240665745,0.7710628804229211,0.7722495170195052,0.767757240665745,0.04415008086829829,0.002203781393732007,0.006017961216059908,0.005339864684627882,0.0044922763537598165,0.03317605229037734,64.47279357910156
1327,2017-04-12,0.770893323956641,0.7745380119795329,0.7746227902126731,0.7696219737937612,0.015545426596981809,0.0031360832908959857,0.0034751315566117214,0.002373273193167935,0.0018647331280161605,-0.02860465427131648,64.76334381103516
1328,2017-04-13,0.7765723015738294,0.7761484750749731,0.777843651736709,0.7738599801149452,0.01640089289294641,0.0056789776171883855,0.0016104630954402177,0.0032208615240358895,0.004238006321183985,0.0008554662959646027,64.8980484008789
1329,2017-04-17,0.7757246485761169,0.7747075684458132,0.7771656198721212,0.7741989637138169,0.012711694491599054,-0.0008476529977125002,-0.001440906629159855,-0.0006780318645878136,0.0003389835988717449,-0.0036891984013473576,64.77755737304688
1330,2017-04-18,0.7794541148321491,0.7821664362910331,0.7839463911859089,0.7779284299698491,0.04332134789408258,0.00372946625603221,0.007458867845219874,0.006780771313787737,0.00372946625603221,0.030609653402483526,65.40120697021484
1331,2017-04-19,0.7804712596292972,0.7780979864361293,0.7804712596292972,0.7775046681378374,0.03183938620293265,0.0010171447971480951,-0.004068449854903844,-0.0034751315566117214,-0.00042376183201175976,-0.011481961691149935,65.06107330322266
1332,2017-04-20,0.7772503334384171,0.7765723015738294,0.7780979864361293,0.7748770602452492,0.015772659831847405,-0.0032209261908801023,-0.0015256848622998698,-0.002373273193167935,-0.002627607892588202,-0.016066726371085242,64.9334945678711
1333,2017-04-21,0.7783522564687052,0.7765723015738294,0.7796236712984294,0.7753856649772454,0.03852271664015612,0.00110192303028811,0.0,0.0015256848623000918,0.0005086047319962095,0.022750056808308716,64.9334945678711
1334,2017-04-24,0.7731818835835131,0.774283741946957,0.7755551567766812,0.771571420488073,0.025423388983198108,-0.005170372885192065,-0.002288559626872355,-0.004068514521748168,-0.003814244489172336,-0.013099327656958013,64.74214172363281
1335,2017-04-25,0.770978102189781,0.7672486359337488,0.7724190088189408,0.7672486359337488,0.019889591381177067,-0.0022037813937321182,-0.0070351060132082255,-0.0031361479577404205,-0.004322784554324222,-0.005533797602021041,64.15386199951172
1336,2017-04-26,0.7675029706331691,0.770893323956641,0.7710628804229211,0.7675029706331691,0.009944795690588534,-0.0034751315566119434,0.003644688022892195,-0.001356128396019618,0.00025433469942026665,-0.009944795690588534,64.45860290527344
1337,2017-04-27,0.7686896072297531,0.7717409769543532,0.7726733435183614,0.7684353371971773,0.009263095985991739,0.001186636596584023,0.0008476529977121672,0.0016104630954402177,0.0009323665640081913,-0.000681699704596795,64.529541015625
1338,2017-04-28,0.769706687360057,0.7727580570846571,0.7735209318492293,0.7690286554954693,0.02498228917434136,0.0010170801303038823,0.0010170801303038823,0.0008475883308679544,0.0005933182982920115,0.01571919318834962,64.61454772949219
1339,2017-05-01,0.7694524173274809,0.7657229510714488,0.7717409769543532,0.7647058709411451,0.018405892024113458,-0.00025427003257605385,-0.0070351060132082255,-0.0017799548948761457,-0.004322784554324222,-0.006576397150227901,64.22919464111328
1340,2017-05-02,0.765553459272013,0.7695371955606212,0.7700457356257729,0.765553459272013,0.01039926216031973,-0.003898958055467916,0.003814244489172336,-0.0016952413285802326,0.0008475883308679544,-0.008006629863793727,64.54911804199219
1341,2017-05-03,0.7725037870520811,0.7696219737937612,0.7731818835835131,0.7680962889314613,0.011268095117158783,0.0069503277800681,8.477823314001487e-05,0.0031361479577401985,0.002542829659448298,0.0008688329568390524,64.55625915527344
1342,2017-05-04,0.7662315558034452,0.7664858258360211,0.7673334141668889,0.7641973308759933,0.01005172897758411,-0.006272231248635962,-0.0031361479577400875,-0.005848469416624202,-0.003898958055468027,-0.001216366139574673,64.2931900024414
1343,2017-05-05,0.768859099029189,0.7678419542320408,0.768859099029189,0.765807729304589,0.008501196316148263,0.002627543225743878,0.001356128396019729,0.0015256848623000918,0.0016103984285956718,-0.0015505326614358474,64.40695190429688
1344,2017-05-08,0.767079144134313,0.7641973308759933,0.767079144134313,0.763434456111421,0.013420127517944741,-0.0017799548948760346,-0.0036446233560475383,-0.0017799548948760346,-0.002373273193167935,0.0049189312017964785,64.10124206542969
1345,2017-05-09,0.7633496778782808,0.7637735043771371,0.7641973308759933,0.7621630412816969,0.029246253993289936,-0.00372946625603221,-0.0004238264988561946,-0.00288181325831971,-0.001271414829724149,0.015826126475345197,64.06570434570312
1346,2017-05-10,0.7666553176354569,0.7648753627405808,0.767079144134313,0.7630106296125647,0.008434363011776028,0.0033056397571761265,0.0011018583634436752,0.00288181325831971,0.0008475883308678434,-0.020811890981513908,64.15808868408203
1347,2017-05-11,0.7625020895474129,0.764960140973721,0.7653839674725771,0.7619935494822611,0.01351369414406587,-0.00415322808804397,8.477823314023691e-05,-0.0016951766617359088,-0.0010170801303036603,0.005079331132289842,64.16524505615234
1348,2017-05-12,0.7685200507634731,0.7703000056583488,0.7708086103903451,0.7685200507634731,0.01035916217769639,0.00601796121606013,0.005339864684627771,0.005424642917768008,0.006526501281212016,-0.0031545319663694796,64.61310577392578
1349,2017-05-15,0.7703000056583488,0.7695371955606212,0.7706390539240651,0.768265780730897,0.008741796211888309,0.0017799548948757016,-0.0007628100977276064,-0.00016955646628002974,-0.00025427003257605385,-0.001617365965808082,64.54911804199219
1350,2017-05-16,0.770978102189781,0.7714866422549329,0.7739446936812411,0.7703000056583488,0.021774290564474087,0.0006780965314322485,0.0019494466943117406,0.0033056397571760154,0.0020342249274517554,0.013032494352585779,64.71266174316406
1351,2017-05-17,0.775809426809257,0.7800474331304411,0.7813188479601653,0.7756399350098214,0.022696590164810928,0.004831324619475996,0.008560790875508206,0.007374154278924183,0.00533992935147265,0.0009222996003368407,65.43073272705078
1352,2017-05-18,0.7809797996944492,0.7786065265012813,0.7814036261933053,0.7775046681378374,0.03627711761324903,0.005170372885192176,-0.001440906629159855,8.477823314001487e-05,0.0018647331280159385,0.013580527448438105,65.30985260009766
1353,2017-05-19,0.7788607965338571,0.7798779413310054,0.7817426744590215,0.7770808416389812,0.03384438533409969,-0.0021190031605921034,0.001271414829724149,0.00033904826571617974,-0.0004238264988561946,-0.0024327322791493425,65.41654968261719
1354,2017-05-22,0.779962654897301,0.779962654897301,0.7808950214613088,0.7790303530001375,0.01097402857792095,0.0011018583634438972,8.471356629558002e-05,-0.0008476529977126113,0.0019495113611562864,-0.02287035675617874,65.42362213134766
1355,2017-05-23,0.7804712596292972,0.7753856649772454,0.7804712596292972,0.7746227902126731,0.011067595204042078,0.0005086047319962095,-0.0045769899200556186,-0.00042376183201164874,-0.0044075627874643475,9.356662612112869e-05,65.03972625732422
1356,2017-05-24,0.7758942050423971,0.7782674782355652,0.7788607965338571,0.7747075684458132,0.0111878951519121,-0.004577054586900053,0.002881813258319821,-0.0016104630954401067,8.477823314012589e-05,0.00012029994787002285,65.28142547607422
1357,2017-05-25,0.7786913047344215,0.7788607965338571,0.7791150665664331,0.7760636968418331,0.008394263029152688,0.002797099692024352,0.0005933182982919005,0.00025427003257605385,0.00135612839601984,-0.0027936321227594128,65.33118438720703
1358,2017-05-26,0.779962654897301,0.7797931630978652,0.7810645779275893,0.7786913047344215,0.01268496116985016,0.001271350162879492,0.0009323665640080803,0.0019495113611561754,0.002627607892588424,0.004290698140697472,65.40941619873047
1359,2017-05-30,0.7824207063236092,0.7825902627898892,0.7837768993864733,0.7816578962258813,0.014743426944514991,0.002458051426308172,0.0027970996920240188,0.002712321458884004,0.0029665914914598357,0.002058465774664831,65.64403533935547
1360,2017-05-31,0.7840311694190493,0.7849635359830572,0.7866587126447933,0.7828445328224652,0.01039926216031973,0.0016104630954401067,0.002373273193168046,0.002881813258319932,0.001186636596583912,-0.00434416478419526,65.84309387207031
1361,2017-06-01,0.7800474331304411,0.782081658057893,0.783014024621901,0.7797931630978652,0.02689372167938727,-0.003983736288608153,-0.0028818779251642557,-0.003644688022892306,-0.0030513697246000726,0.016494459519067542,65.81027221679688
1362,2017-06-02,0.7877606356750814,0.789371034103677,0.7907272271665414,0.7872520309430849,0.029740820445644474,0.007713202544640252,0.007289376045784057,0.007713202544640474,0.007458867845219763,0.002847098766257203,66.42366027832031
1363,2017-06-05,0.7873368091762253,0.7859806807802054,0.7877606356750814,0.7857263460807852,0.015237993396869529,-0.0004238264988560836,-0.0033903533234715955,-0.0029665914914600577,-0.0015256848622997587,-0.014502827048774945,66.13838958740234
1364,2017-06-06,0.7908120053996814,0.7900491306351093,0.7916595937305494,0.7889472722716653,0.05086014462727066,0.003475196223456156,0.004068449854903844,0.003898958055468027,0.0032209261908801023,0.03562215123040113,66.48070526123047
1365,2017-06-07,0.7895405905699574,0.7875910792088012,0.7904729571339656,0.7872520309430849,0.029553687193402216,-0.001271414829724038,-0.002458051426308061,-0.001186636596583801,-0.0016952413285803436,-0.021306457433868446,66.27391052246094
1366,2017-06-08,0.7869977609105092,0.7855568542813492,0.7874215874093654,0.784200661218485,0.013446860839693636,-0.002542829659448187,-0.0020342249274519775,-0.0030513697246001836,-0.0030513697245999616,-0.01610682635370858,66.10271453857422
1367,2017-06-09,0.783014024621901,0.7847092659504813,0.7853025842487733,0.7817426744590215,0.029714087123895578,-0.003983736288608264,-0.0008475883308679544,-0.0021190031605921034,-0.002457986759463515,0.016267226284201942,66.03141784667969
1368,2017-06-12,0.7834378511207573,0.7842854394516252,0.7868282691110733,0.7832683593213214,0.018940558459091334,0.00042382649885630563,-0.0004238264988560836,0.0015256848622999808,0.0015256848622999808,-0.010773528664804244,65.99573516845703
1369,2017-06-13,0.7836073429201932,0.7853873624819135,0.7858959025470653,0.7831835810881813,0.009196262681619504,0.00016949179943592796,0.001101923030288332,-0.0009323665640079692,-8.477823314012589e-05,-0.00974429577747183,66.08843994140625
1370,2017-06-14,0.7927614520939933,0.7950500117208654,0.7970842366483174,0.7923376902619815,0.019983158007298198,0.009154109173800107,0.009662649238951881,0.011188334101252084,0.009154109173800218,0.010786895325678694,66.90152740478516
1371,2017-06-15,0.7943719151894334,0.7940328669237173,0.7945414069888691,0.7919986419962654,0.007405130124443613,0.0016104630954401067,-0.0010171447971480951,-0.002542829659448298,-0.00033904826571617974,-0.012578027882854585,66.81597137451172
1372,2017-06-16,0.7942871369562933,0.7948804552545853,0.7951347252871613,0.7932699921591451,0.011294828438907676,-8.477823314012589e-05,0.0008475883308679544,0.0005933182982922336,0.0012713501628797141,0.003889698314464063,66.88726806640625
1373,2017-06-19,0.7958976000517335,0.7939480886905773,0.7959823782848736,0.7929310085602734,0.017697458997767767,0.0016104630954402177,-0.0009323665640079692,0.0008476529977122782,-0.0003389835988716339,0.006402630558860091,66.80879974365234
1374,2017-06-20,0.7967451883826013,0.7989489697763337,0.7992032398089095,0.7959823782848736,0.012324061326240091,0.0008475883308678434,0.005000881085756359,0.0032208615240358895,0.0030513697246001836,-0.005373397671527676,67.22968292236328
1375,2017-06-21,0.7975079984803292,0.8000508281397773,0.8004746546386334,0.7972537284477533,0.014676593640142756,0.0007628100977278285,0.0011018583634436752,0.001271414829723927,0.0012713501628797141,0.002352532313902665,67.32234954833984
1376,2017-06-22,0.8011526865032212,0.8008137029043496,0.8016612912352175,0.7988641915431934,0.008594762942269392,0.003644688022892084,0.0007628747645722633,0.001186636596584023,0.0016104630954401067,-0.006081830697873365,67.38654327392578
1377,2017-06-23,0.8000508281397773,0.8013222429695015,0.8018307830346534,0.7994575098414854,0.013580527448438106,-0.0011018583634438972,0.0005085400651518857,0.00016949179943592796,0.0005933182982920115,0.004985764506168715,67.42932891845703
1378,2017-06-26,0.8048821527592535,0.8044583909272417,0.8062383458221178,0.8039497861952454,0.016561292823439776,0.004831324619476107,0.0031361479577401985,0.0044075627874644585,0.0044922763537599275,0.00298076537500167,67.69324493408203
1379,2017-06-27,0.8011526865032212,0.7977623331797496,0.8012374647363614,0.7965756965831656,0.01264486118722682,-0.00372946625603221,-0.006696057747492046,-0.00500088108575647,-0.007374089612079748,-0.003916431636212957,67.12979888916016
1380,2017-06-28,0.7968299666157417,0.7956433300191577,0.7974232849140334,0.7931005003597094,0.0739310012965661,-0.004322719887479565,-0.0021190031605919923,-0.003814179822328012,-0.0034751962234562672,0.061286140109339284,66.95150756835938
1381,2017-06-29,0.7886930022390893,0.7912357672316932,0.7925071820614173,0.7882691757402333,0.013794394022429256,-0.008136964376652345,-0.0044075627874644585,-0.004916102852616011,-0.004831324619476107,-0.06013660727413685,66.58063507080078
1382,2017-06-30,0.7907272271665414,0.7894558123368173,0.7912357672316932,0.7890319858379611,0.06329113924050633,0.0020342249274520885,-0.0017799548948759236,-0.001271414829724149,0.0007628100977278285,0.04949674521807708,66.4308090209961
1383,2017-07-03,0.7896253688030975,0.7864044426122172,0.7900491306351093,0.7847092659504813,0.0924037266250518,-0.0011018583634438972,-0.0030513697246000726,-0.001186636596583912,-0.004322719887479787,0.02911258738454546,66.3742904663086
1384,2017-07-05,0.7865739990784973,0.7865739990784973,0.7876758574419414,0.7848787577499171,0.05095371125339179,-0.0030513697246001836,0.00016955646628014076,-0.002373273193167935,0.00016949179943581694,-0.04145001537166,66.38858032226562
1385,2017-07-06,0.782674976356185,0.7815731179927411,0.783014024621901,0.7791998447995732,0.03141165305495034,-0.003899022722312351,-0.005000881085756248,-0.004661832820040401,-0.005678912950343951,-0.019542058198441452,65.96648406982422
1386,2017-07-07,0.780555973195593,0.7791150665664331,0.780555973195593,0.778521748268141,0.01935492494619919,-0.0021190031605919923,-0.00245805142630795,-0.00245805142630795,-0.0006780965314321374,-0.01205672810875115,65.75904846191406
1387,2017-07-10,0.7802169895967213,0.780555973195593,0.7814883397596011,0.7791150665664331,0.025944688757301538,-0.0003389835988717449,0.001440906629159855,0.0009323665640080803,0.0005933182982921226,0.006589763811102347,65.88066101074219
1388,2017-07-11,0.7808950214613088,0.7819121662584572,0.7822512145241732,0.7795388930652892,0.02037079117265716,0.0006780318645875916,0.0013561930628641639,0.0007628747645721523,0.0004238264988560836,-0.005573897584644379,65.9951400756836
1389,2017-07-12,0.7862349508127815,0.7859806807802054,0.7865739990784973,0.7841159476521895,0.03258791921190168,0.00533992935147265,0.004068514521748279,0.004322784554324111,0.0045770545869002754,0.012217128039244518,66.33849334716797
1390,2017-07-13,0.7856416325144893,0.7835226293538973,0.7856416325144893,0.7814036261933053,0.011695828265141085,-0.0005933182982922336,-0.002458051426308172,-0.0009323665640080803,-0.002712321458884226,-0.020892090946760592,66.13106536865234
1391,2017-07-14,0.7882691757402333,0.7848787577499171,0.7889472722716653,0.7836073429201932,0.01856629195460682,0.002627543225743989,0.00135612839601984,0.0033056397571760154,0.0022037167268879054,0.006870463689465735,66.24551391601562
1392,2017-07-17,0.7855568542813492,0.7872520309430849,0.7882691757402333,0.7840311694190493,0.015117693448999506,-0.002712321458884004,0.002373273193167824,-0.0006780965314320264,0.0004238264988560836,-0.0034485985056073136,66.44583892822266
1393,2017-07-18,0.7909814971991173,0.7925919602945576,0.7930157221265693,0.7899643524019693,0.011468595030275487,0.005424642917768008,0.00533992935147265,0.004746546386336092,0.0059331829829200045,-0.003649098418724019,66.89655303955078
1394,2017-07-19,0.7928462303271334,0.7930157221265693,0.7941176451568573,0.7917443719636895,0.011882961517383342,0.0018647331280161605,0.00042376183201175976,0.001101923030287999,0.0017800195617202474,0.00041436648710785513,66.93231964111328
1395,2017-07-20,0.7964061401168854,0.7951347252871613,0.7974232849140334,0.7940328669237173,0.030836886637349122,0.0035599097897519583,0.0021190031605919923,0.0033056397571760154,0.0022884949600278093,0.01895392511996578,67.11113739013672
1396,2017-07-21,0.7970842366483174,0.7976775549466094,0.7996270016409212,0.7970842366483174,0.02158715731223183,0.0006780965314320264,0.002542829659448076,0.0022037167268877944,0.0030513697246000726,-0.009249729325117292,67.32575225830078
1397,2017-07-24,0.7973385066808933,0.7955585517860174,0.7973385066808933,0.7951347252871613,0.012898827743841311,0.00025427003257594283,-0.0021190031605919923,-0.0022884949600278093,-0.0019495113611560644,-0.008688329568390519,67.14693450927734
1398,2017-07-25,0.790303400667685,0.7868282691110733,0.7906424489334012,0.7865739990784973,0.014850360231510566,-0.0070351060132083365,-0.008730282674944134,-0.006696057747492157,-0.008560726208663993,0.0019515324876692546,66.41009521484375
1399,2017-07-26,0.7864892208453573,0.7899643524019693,0.7910662754322573,0.7853025842487733,0.04106238220630105,-0.003814179822327679,0.0031360832908959857,0.0004238264988560836,-0.001271414829724038,0.02621202197479048,66.6747817993164
1400,2017-07-27,0.7855568542813492,0.7856416325144893,0.7868282691110733,0.7841159476521895,0.013313194230949166,-0.0009323665640080803,-0.004322719887480009,-0.004238006321183985,-0.001186636596583801,-0.02774918797535188,66.30992889404297
1401,2017-07-28,0.7868282691110733,0.7900491306351093,0.7900491306351093,0.7866587126447933,0.012310694665365645,0.001271414829724038,0.004407498120620024,0.0032208615240360006,0.002542764992603752,-0.0010024995655835214,66.6819076538086
1402,2017-07-31,0.7880996839407975,0.7901339088682494,0.7902186871013895,0.7872520309430849,0.020464357798778286,0.00127141482972426,8.477823314012589e-05,0.00016955646628025178,0.0005933182982916785,0.00815366313341264,66.68903350830078
1403,2017-08-01,0.7858111243139252,0.7920833555625613,0.7926766738608532,0.7853873624819135,0.02258965687781535,-0.002288559626872355,0.0019494466943118516,0.002457986759463626,-0.0018646684611713926,0.0021252990790370657,67.06221008300781
1404,2017-08-02,0.793609040424861,0.7927614520939933,0.7950500117208654,0.7923376902619815,0.019809391415930386,0.007797916110935832,0.0006780965314320264,0.002373337860012259,0.006950327780067989,-0.002780265461884965,67.1196517944336
1405,2017-08-03,0.7947109634551496,0.7971690148814574,0.7971690148814574,0.7945414069888691,0.01364736075281034,0.001101923030288554,0.0044075627874641254,0.0021190031605919923,0.0022037167268875724,-0.006162030663120046,67.49281311035156
1406,2017-08-04,0.7939480886905773,0.7904729571339656,0.7939480886905773,0.7892015423042413,0.01624049296245305,-0.0007628747645722633,-0.006696057747491824,-0.0032209261908801023,-0.005339864684627771,0.002593132209642709,66.92591094970703
1407,2017-08-07,0.7921681337957013,0.7917443719636895,0.7924224038282771,0.7894558123368173,0.01759052571077219,-0.0017799548948760346,0.001271414829723927,-0.0015256848623002028,0.00025427003257594283,0.0013500327483191403,67.03350830078125
1408,2017-08-08,0.7908120053996814,0.7885234457728092,0.7913205454648333,0.7868282691110733,0.017537059067274405,-0.00135612839601984,-0.0032209261908803244,-0.0011018583634437862,-0.002627543225743989,-5.346664349778485e-05,66.76083374023438
1409,2017-08-09,0.7933547703922852,0.7890319858379611,0.7943719151894334,0.7889472722716653,0.022709956825685374,0.002542764992603752,0.0005085400651518857,0.0030513697246000726,0.0021190031605919923,0.005172897758410969,66.80386352539062
1410,2017-08-10,0.7910662754322573,0.7936938186580013,0.7936938186580013,0.7887777158053852,0.018325692058866774,-0.0022884949600279203,0.004661832820040179,-0.0006780965314321374,-0.00016955646628002974,-0.0043842647668186005,67.19860076904297
1411,2017-08-11,0.7908120053996814,0.7928462303271334,0.7932699921591451,0.789371034103677,0.010372528838570837,-0.0002542700325758318,-0.0008475883308678434,-0.0004238264988561946,0.0005933182982917895,-0.007953163220295937,67.12684631347656
1412,2017-08-14,0.7908967189659772,0.7910662754322573,0.793609040424861,0.7908120053996814,0.012564661221980137,8.471356629580207e-05,-0.0017799548948761457,0.0003390482657159577,0.0014409712960044008,0.0021921323834093003,66.97608947753906
1413,2017-08-15,0.7875910792088012,0.7891167640711012,0.7908120053996814,0.7869977609105092,0.012364161308863433,-0.0033056397571760154,-0.0019495113611560644,-0.002797035025179584,-0.003814244489172225,-0.0002004999131167036,66.81101989746094
1414,2017-08-16,0.7876758574419414,0.7924224038282771,0.7942023587231533,0.7874215874093654,0.012938927726464652,8.477823314012589e-05,0.0033056397571759044,0.0033903533234718175,0.0004238264988561946,0.0005747664176012184,67.0909423828125
1415,2017-08-17,0.7916595937305494,0.7953889953197372,0.7962366483174494,0.7908120053996814,0.09236362664242846,0.003983736288608042,0.0029665914914600577,0.0020342895942961903,0.0033904179903160303,0.0794246989159638,67.34211730957031
1416,2017-08-18,0.7978470467460451,0.7948804552545853,0.7981860950117614,0.7933547703922852,0.047545212730407814,0.006187453015495725,-0.0005085400651518857,0.0019494466943119626,0.002542764992603752,-0.04481841391202065,67.29904174804688
1417,2017-08-21,0.7967451883826013,0.7972537284477533,0.7973385066808933,0.7945414069888691,0.017483592423776617,-0.0011018583634437862,0.002373273193168046,-0.0008475883308680654,0.001186636596583912,-0.030061620306631197,67.50000762939453
1418,2017-08-22,0.7958976000517335,0.7955585517860174,0.7968299666157417,0.7948804552545853,0.00982449574271851,-0.0008475883308678434,-0.0016951766617359088,-0.0005085400651516636,0.00033904826571617974,-0.007659096681058106,67.35649108886719
1419,2017-08-23,0.7978470467460451,0.7997965581072015,0.8003050981723534,0.7971690148814574,0.016053359710210793,0.0019494466943116295,0.004238006321184096,0.0034751315566117214,0.002288559626872133,0.006228863967492282,67.71527862548828
1420,2017-08-24,0.7987794133100532,0.7978470467460451,0.8002203846060577,0.7973385066808933,0.013246360926576932,0.0009323665640080803,-0.0019495113611563974,-8.471356629569105e-05,0.00016949179943592796,-0.0028069987836338607,67.55022430419922
1421,2017-08-25,0.7991184615757694,0.7997965581072015,0.8009831947037854,0.7981860950117614,0.012110194752248941,0.00033904826571617974,0.0019495113611563974,0.0007628100977277175,0.0008475883308680654,-0.0011361661743279905,67.71527862548828
1422,2017-08-28,0.7987794133100532,0.7998813363403418,0.8008984164706452,0.7975079984803292,0.00974429577747183,-0.00033904826571617974,8.477823314023691e-05,-8.477823314023691e-05,-0.0006780965314322485,-0.0023658989747771114,67.72248077392578
1423,2017-08-29,0.8053059792581098,0.8015765130020774,0.8053059792581098,0.7997117798740613,0.012056728108751153,0.006526565948056562,0.0016951766617356867,0.0044075627874645695,0.0022037813937321182,0.002312432331279323,67.86597442626953
1424,2017-08-30,0.8014070212026415,0.8017460048015133,0.8025088795660855,0.8001356063729175,0.0129522943873391,-0.003898958055468249,0.00016949179943581694,-0.002797099692024241,0.0004238264988561946,0.0008955662785879465,67.88033294677734
1425,2017-08-31,0.8029327060649417,0.8040345644283855,0.8042040562278212,0.8017460048015133,0.015892959779717428,0.0015256848623002028,0.002288559626872244,0.0016951766617356867,0.0016103984285957829,0.002940665392378328,68.0741195678711
1426,2017-09-01,0.7985251432774774,0.7958976000517335,0.7988641915431934,0.7942023587231533,0.1454159036531084,-0.0044075627874643475,-0.008136964376652012,-0.005339864684627771,-0.00754364607836,0.12952294387339097,67.59676361083984
1427,2017-09-05,0.7999660499066371,0.8042888344609614,0.8050517092255337,0.7997117798740613,0.049657145148570433,0.0014409066291597439,0.008391234409227954,0.006187517682340271,0.005509421150908023,-0.09575875850453798,68.3094711303711
1428,2017-09-06,0.8038650079621052,0.8002203846060577,0.8058992975564014,0.7994575098414854,0.018980658441714676,0.003898958055468138,-0.004068449854903733,0.0008475883308677323,-0.0002542700325758318,-0.030676486706855757,67.96395874023438
1429,2017-09-07,0.8021698313003695,0.8066621076541295,0.8082725707495696,0.8013222429695015,0.012872094422092417,-0.0016951766617357977,0.006441723048071779,0.002373273193168157,0.0018647331280160495,-0.006108564019622259,68.51106262207031
1430,2017-09-08,0.8057297410901214,0.8045431044935375,0.8060687893558374,0.8023393877666497,0.03579591782176894,0.0035599097897519583,-0.0021190031605919923,-0.0022037813937322293,0.0010171447971482062,0.022923823399676524,68.33108520507812
1431,2017-09-11,0.7998813363403418,0.7980166032123255,0.8013222429695015,0.7975927767134693,0.012150294734872282,-0.0058484047497796565,-0.006526501281212016,-0.00474654638633587,-0.004746611053180416,-0.02364562308689666,67.77677917480469
1432,2017-09-12,0.7968299666157417,0.7952195035203014,0.7973385066808933,0.7946261852220093,0.014476093727026051,-0.0030513697246000726,-0.0027970996920241298,-0.003983736288608153,-0.0029665914914599467,0.0023257989921537693,67.53919982910156
1433,2017-09-13,0.7968299666157417,0.7943719151894334,0.7968299666157417,0.7943719151894334,0.023511956478152192,0.0,-0.0008475883308679544,-0.0005085400651516636,-0.00025427003257594283,0.00903586275112614,67.4672622680664
1434,2017-09-14,0.7947956770214452,0.7971690148814574,0.7976775549466094,0.7944566934225735,0.014689960301017203,-0.0020342895942965233,0.0027970996920240188,0.0008475883308677323,8.477823314012589e-05,-0.00882199617713499,67.70477294921875
1435,2017-09-15,0.7976775549466094,0.7975927767134693,0.7984403650443374,0.7959823782848736,0.010559662090813094,0.0028818779251642557,0.0004237618320118708,0.0007628100977279395,0.0015256848623000918,-0.004130298210204109,67.74079895019531
1436,2017-09-18,0.7963213618837452,0.7952195035203014,0.7980166032123255,0.7942871369562933,0.013714194057182575,-0.0013561930628641639,-0.002373273193167935,-0.0004237618320118708,-0.0016952413285803436,0.0031545319663694813,67.53919982910156
1437,2017-09-19,0.7965756965831656,0.7957280435854531,0.7975927767134693,0.7943719151894334,0.012965661048213546,0.0002543346994203777,0.0005085400651517746,-0.0004238264988561946,8.477823314012589e-05,-0.0007485330089690295,67.58243560791016
1438,2017-09-20,0.7969146801820371,0.7952195035203014,0.7971690148814574,0.7924224038282771,0.0151444267707484,0.00033898359887152285,-0.0005085400651517746,-0.0004237618320118708,-0.0019495113611562864,0.002178765722534854,67.53919982910156
1439,2017-09-21,0.7953042817534414,0.7953042817534414,0.7987794133100532,0.7942871369562933,0.010813628647427586,-0.0016103984285957829,8.477823314001487e-05,0.0016103984285957829,0.0018647331280161605,-0.004330798123320814,67.54643249511719
1440,2017-09-22,0.7976775549466094,0.7964909183500255,0.7989489697763337,0.7954737735528773,0.008354163046529346,0.002373273193168046,0.0011866365965841341,0.00016955646628047383,0.001186636596584023,-0.00245946560089824,67.64722442626953
1441,2017-09-25,0.7971690148814574,0.8011526865032212,0.8018307830346534,0.7971690148814574,0.010172028925454133,-0.0005085400651519967,0.0046617681531957444,0.00288181325831971,0.0016952413285801216,0.0018178658789247872,68.04319763183594
1442,2017-09-26,0.8002203846060577,0.8009831947037854,0.8013222429695015,0.7985251432774774,0.010599762073436434,0.0030513697246002947,-0.00016949179943581694,-0.0005085400651518857,0.001356128396019951,0.00042773314798230135,68.02873229980469
1443,2017-09-27,0.7935243268585657,0.7931005003597094,0.7940328669237173,0.7912357672316932,0.0149171935358828,-0.006696057747492046,-0.007882694344076069,-0.007289376045784168,-0.007289376045784168,0.004317431462446366,67.35924530029297
1444,2017-09-28,0.7903881789008254,0.7917443719636895,0.7922529120288414,0.7889472722716653,0.017176159223664337,-0.0031361479577403095,-0.00135612839601984,-0.0017799548948759236,-0.0022884949600279203,0.0022589656877815365,67.24406433105469
1445,2017-09-29,0.7937785968911415,0.7947956770214452,0.7961518700843094,0.7906424489334012,0.07328940157459266,0.0033904179903161413,0.0030513050577556378,0.003898958055468027,0.0016951766617359088,0.05611324235092832,67.50321197509766
1446,2017-10-02,0.7947956770214452,0.7925071820614173,0.7952195035203014,0.7916595937305494,0.06657933781562028,0.0010170801303036603,-0.0022884949600278093,-0.0009323665640080803,0.0010171447971482062,-0.006710063758972373,67.51622772216797
1447,2017-10-03,0.7912357672316932,0.7934395486254254,0.7940328669237173,0.7907272271665414,0.04473821394677396,-0.0035599097897519583,0.0009323665640080803,-0.001186636596584023,-0.0009323665640079692,-0.021841123868846325,67.59567260742188
1448,2017-10-04,0.7949652334877254,0.7935243268585657,0.7949652334877254,0.7911509889985531,0.029553687193402216,0.00372946625603221,8.477823314023691e-05,0.0009323665640080803,0.00042376183201164874,-0.01518452675337174,67.60286712646484
1449,2017-10-05,0.7928462303271334,0.7917443719636895,0.7928462303271334,0.7900491306351093,0.02321788993891436,-0.0021190031605919923,-0.0017799548948761457,-0.0021190031605919923,-0.0011018583634437862,-0.006335797254487855,67.45125579833984
1450,2017-10-06,0.7869977609105092,0.7890319858379611,0.7905576707002611,0.7858111243139252,0.018833625172095757,-0.005848469416624202,-0.0027123861257284387,-0.002288559626872355,-0.004238006321184096,-0.004384264766818604,67.22016143798828
1451,2017-10-09,0.790303400667685,0.7906424489334012,0.7907272271665414,0.7890319858379611,0.019234624998329168,0.0033056397571757934,0.0016104630954401067,0.0001695564662803628,0.0032208615240358895,0.00040099982623341066,67.35736846923828
1452,2017-10-10,0.7922529120288414,0.7921681337957013,0.7950500117208654,0.7910662754322573,0.014636493657519414,0.0019495113611563974,0.0015256848623000918,0.0043227845543239996,0.0020342895942961903,-0.004598131340809754,67.4873275756836
1453,2017-10-11,0.7936938186580013,0.7927614520939933,0.7937785968911415,0.7917443719636895,0.02583775547030596,0.001440906629159855,0.0005933182982920115,-0.001271414829723927,0.0006780965314322485,0.011201261812786547,67.53788757324219
1454,2017-10-12,0.7931852785928494,0.7945414069888691,0.7945414069888691,0.7909814971991173,0.01616029299720637,-0.0005085400651518857,0.0017799548948758126,0.0007628100977276064,-0.0007628747645722633,-0.009677462473099592,67.68952941894531
1455,2017-10-13,0.7980166032123255,0.7994575098414854,0.7996270016409212,0.7955585517860174,0.014034993918169302,0.004831324619476107,0.004916102852616344,0.00508559465205205,0.004577054586900164,-0.0021252990790370675,68.10836791992188
1456,2017-10-16,0.7978470467460451,0.7989489697763337,0.7989489697763337,0.7970842366483174,0.01224386136099341,-0.0001695564662803628,-0.0005085400651517746,-0.0006780318645874805,0.0015256848622999808,-0.0017911325571758913,68.06505584716797
1457,2017-10-17,0.7972537284477533,0.7984403650443374,0.7996270016409212,0.7965756965831656,0.02312432331279323,-0.0005933182982917895,-0.0005086047319963205,0.0006780318645874805,-0.0005085400651517746,0.01088046195179982,68.0217056274414
1458,2017-10-18,0.7958976000517335,0.7953042817534414,0.7958976000517335,0.7933547703922852,0.01658802614518867,-0.00135612839601984,-0.0031360832908959857,-0.003729401589187664,-0.0032209261908804354,-0.006536297167604562,67.75452423095703
1459,2017-10-19,0.7986946997437576,0.7968299666157417,0.7996270016409212,0.7968299666157417,0.01264486118722682,0.0027970996920241298,0.0015256848623003139,0.003729401589187664,0.0034751962234564893,-0.0039431649579618495,67.88450622558594
1460,2017-10-20,0.7921681337957013,0.7908967189659772,0.7923376902619815,0.7892015423042413,0.012805261117720183,-0.00652656594805634,-0.005933247649764439,-0.0072893113789396224,-0.007628424311500348,0.00016039993049336322,67.37904357910156
1461,2017-10-23,0.7923376902619815,0.7926766738608532,0.7942871369562933,0.7914053236979737,0.0105329287690642,0.00016955646628025178,0.0017799548948759236,0.0019494466943117406,0.0022037813937323403,-0.0022723323486559827,67.53068542480469
1462,2017-10-24,0.7891167640711012,0.7888624940385253,0.7897948606025333,0.7882691757402333,0.010706695360432011,-0.0032209261908803244,-0.003814179822327901,-0.0044922763537599275,-0.0031361479577404205,0.00017376659136781117,67.20572662353516
1463,2017-10-25,0.7844549959179054,0.7854720760482092,0.786065394346501,0.7836073429201932,0.014369160440030476,-0.0046617681531958555,-0.0033904179903160303,-0.003729466256032321,-0.004661832820040068,0.003662465079598465,66.9168701171875
1464,2017-10-26,0.7865739990784973,0.784200661218485,0.7869977609105092,0.7836921211533332,0.01712269258016655,0.0021190031605919923,-0.00127141482972426,0.0009323665640081913,8.477823314001487e-05,0.0027535321401360724,66.80852508544922
1465,2017-10-27,0.7873368091762253,0.7890319858379611,0.7894558123368173,0.7853873624819135,0.023939689626134495,0.0007628100977279395,0.004831324619476107,0.002458051426308061,0.0016952413285803436,0.0068169970459679465,67.22016143798828
1466,2017-10-30,0.791490037264269,0.7925919602945576,0.7931005003597094,0.7902186871013895,0.0807346316816596,0.004153228088043748,0.003559974456596504,0.003644688022892084,0.004831324619475996,0.05679494205552511,67.5234375
1467,2017-10-31,0.7947109634551496,0.7925071820614173,0.7947109634551496,0.7918290855299853,0.07077646933019663,0.0032209261908805464,-8.477823314023691e-05,0.0016104630954402177,0.0016103984285957829,-0.009958162351462976,67.51622772216797
1468,2017-11-01,0.7923376902619815,0.7934395486254254,0.7949652334877254,0.7914053236979737,0.05233047732345983,-0.002373273193168046,0.0009323665640080803,0.0002542700325758318,-0.00042376183201164874,-0.0184459920067368,67.80816650390625
1469,2017-11-02,0.7942871369562933,0.7948804552545853,0.7961518700843094,0.7934395486254254,0.014957293518506143,0.0019494466943117406,0.001440906629159855,0.001186636596584023,0.0020342249274517554,-0.037373183804953684,67.93126678466797
1470,2017-11-03,0.7965756965831656,0.7969994584151773,0.7975079984803292,0.7945414069888691,0.018887091815593546,0.002288559626872355,0.0021190031605919923,0.001356128396019729,0.0011018583634436752,0.003929798297087403,68.11238098144531
1471,2017-11-06,0.7991184615757694,0.7987794133100532,0.7991184615757694,0.7968299666157417,0.015772659831847405,0.002542764992603752,0.0017799548948759236,0.0016104630954402177,0.002288559626872577,-0.003114431983746141,68.26451110839844
1472,2017-11-07,0.7979318249791854,0.7996270016409212,0.8007289246712095,0.7979318249791854,0.019809391415930386,-0.001186636596584023,0.0008475883308679544,0.0016104630954401067,0.0011018583634436752,0.004036731584082982,68.33694458007812
1473,2017-11-08,0.7999660499066371,0.7986099215106175,0.8003050981723534,0.7985251432774774,0.021747557242725195,0.0020342249274517554,-0.0010170801303036603,-0.0004238264988560836,0.0005933182982920115,0.0019381658267948083,68.25001525878906
1474,2017-11-09,0.7971690148814574,0.7959823782848736,0.7971690148814574,0.793609040424861,0.017136059241040995,-0.002797035025179695,-0.002627543225743878,-0.0031360832908959857,-0.004916102852616344,-0.0046114980016842,68.02547454833984
1475,2017-11-10,0.7904729571339656,0.7869977609105092,0.7904729571339656,0.7857263460807852,0.010292328873324154,-0.006696057747491824,-0.008984617374364401,-0.006696057747491824,-0.007882694344075847,-0.006843730367716841,67.25761413574219
1476,2017-11-13,0.790303400667685,0.7886082240059493,0.790303400667685,0.7874215874093654,0.017871225589135578,-0.00016955646628058485,0.0016104630954401067,-0.00016955646628058485,0.0016952413285802326,0.007578896715811424,67.39524841308594
1477,2017-11-14,0.7889472722716653,0.7899643524019693,0.7916595937305494,0.7887777158053852,0.016053359710210793,-0.001356128396019729,0.001356128396019951,0.001356193062864386,0.00135612839601984,-0.0018178658789247855,67.51115417480469
1478,2017-11-15,0.7938633751242816,0.7964061401168854,0.7973385066808933,0.7913205454648333,0.022536190234317566,0.004916102852616344,0.006441787714916103,0.005678912950343951,0.002542829659448076,0.006482830524106774,68.06165313720703
1479,2017-11-16,0.7951347252871613,0.7932699921591451,0.7966604101494611,0.7926766738608532,0.0182187587718712,0.0012713501628797141,-0.0031361479577403095,-0.0006780965314322485,0.00135612839601984,-0.004317431462446366,67.79365539550781
1480,2017-11-17,0.7957280435854531,0.7975079984803292,0.7975927767134693,0.7950500117208654,0.012738427813347948,0.0005933182982917895,0.004238006321184096,0.0009323665640081913,0.002373337860012259,-0.005480330958523252,68.15583038330078
1481,2017-11-20,0.7970842366483174,0.7982708732449014,0.7985251432774774,0.7958128218185934,0.018673225241602396,0.0013561930628642749,0.0007628747645722633,0.0009323665640080803,0.0007628100977279395,0.005934797428254448,68.22108459472656
1482,2017-11-21,0.8014917347689374,0.8013222429695015,0.8037802943958094,0.7997117798740613,0.012591394543729031,0.004407498120620024,0.0030513697246000726,0.00525515111833208,0.003898958055467916,-0.006081830697873365,68.4818344116211
1483,2017-11-22,0.8010679729369257,0.8042888344609614,0.8048821527592535,0.8010679729369257,0.013099327656958015,-0.00042376183201175976,0.0029665914914599467,0.0011018583634440082,0.001356193062864386,0.0005079331132289838,68.73531341552734
1484,2017-11-24,0.8043736126941016,0.8031869760975178,0.8043736126941016,0.8024241013329455,0.00793979655942149,0.0033056397571759044,-0.0011018583634436752,-0.0005085400651518857,0.00135612839601984,-0.005159531097536524,68.64116668701172
1485,2017-11-27,0.8026783713655213,0.8019155612677935,0.8034412461300935,0.8010679729369257,0.012872094422092417,-0.0016952413285802326,-0.00127141482972426,-0.0009323665640080803,-0.00135612839601984,0.004932297862670926,68.53253173828125
1486,2017-11-28,0.8033564678969534,0.8031869760975178,0.8043736126941016,0.8018307830346534,0.07279483512223811,0.0006780965314320264,0.00127141482972426,0.0009323665640080803,0.0007628100977277175,0.059922740700145694,68.64116668701172
1487,2017-11-29,0.7974232849140334,0.7974232849140334,0.7977623331797496,0.7949652334877254,0.016788526058305376,-0.0059331829829200045,-0.0057636911834844096,-0.00661127951435192,-0.006865549546927974,-0.05600630906393274,68.14859771728516
1488,2017-11-30,0.7971690148814574,0.7959823782848736,0.7978470467460451,0.7926766738608532,0.016654859449560907,-0.00025427003257594283,-0.0014409066291597439,8.4713566295469e-05,-0.002288559626872244,-0.00013366660874446906,68.02547454833984
1489,2017-12-01,0.7990336833426291,0.8013222429695015,0.8065773940878337,0.7951347252871613,0.025704088861561492,0.0018646684611717257,0.005339864684627882,0.008730347341788569,0.002458051426308172,0.009049229412000585,68.68881225585938
1490,2017-12-04,0.7988641915431934,0.8014070212026415,0.8014070212026415,0.7977623331797496,0.03388448531672303,-0.00016949179943570591,8.477823314001487e-05,-0.005170372885192176,0.002627607892588313,0.008180396455161536,68.69606018066406
1491,2017-12-05,0.8014070212026415,0.8043736126941016,0.8057297410901214,0.8011526865032212,0.01374092737893147,0.002542829659448076,0.0029665914914600577,0.004322719887479898,0.0033903533234715955,-0.02014355793779156,68.95039367675781
1492,2017-12-06,0.8088658890478615,0.8065773940878337,0.8097134773787295,0.8065773940878337,0.014248860492160453,0.007458867845219985,0.0022037813937321182,0.003983736288608042,0.005424707584612443,0.0005079331132289838,69.1392593383789
1493,2017-12-07,0.8086116190152857,0.8023393877666497,0.8087811108147215,0.8008984164706452,0.01470332696189165,-0.0002542700325758318,-0.004238006321183985,-0.0009323665640079692,-0.0056789776171884965,0.00045446646973119724,68.77597045898438
1494,2017-12-08,0.8024241013329455,0.8022546095335096,0.8027631495986614,0.7999660499066371,0.008969029446753906,-0.00618751768234016,-8.477823314012589e-05,-0.00601796121606013,-0.0009323665640080803,-0.005734297515137744,68.76873779296875
1495,2017-12-11,0.8033564678969534,0.8012374647363614,0.8047126609598175,0.8012374647363614,0.014288960474783794,0.0009323665640078582,-0.0010171447971482062,0.0019495113611561754,0.00127141482972426,0.005319931028029887,68.6815414428711
1496,2017-12-12,0.8009831947037854,0.8006441464380694,0.8014917347689374,0.7981013814454656,0.009075962733749481,-0.002373273193167935,-0.0005933182982920115,-0.0032209261908801023,-0.0031360832908957637,-0.0052129977410343125,68.63069915771484
1497,2017-12-13,0.8040345644283855,0.8066621076541295,0.8071707123861257,0.8028479278318016,0.012979027709087992,0.0030513697246000726,0.00601796121606013,0.005678977617188274,0.004746546386335981,0.003903064975338511,69.14652252197266
1498,2017-12-14,0.8056450275238256,0.8092897155467178,0.8097134773787295,0.8040345644283855,0.011816128213011107,0.0016104630954401067,0.002627607892588313,0.002542764992603752,0.001186636596583912,-0.0011628994960768847,69.37178802490234
1499,2017-12-15,0.8094592073461535,0.8116629887398858,0.8135277218679018,0.8085268407821455,0.012765161135096842,0.003814179822327901,0.002373273193168046,0.003814244489172336,0.0044922763537600385,0.0009490329220857349,69.5751724243164
1500,2017-12-18,0.8114087187073098,0.8065773940878337,0.8114087187073098,0.8054754710575454,0.016801892719179822,0.0019495113611562864,-0.005085594652052161,-0.0021190031605919923,-0.0030513697246001836,0.00403673158408298,69.1392593383789
1501,2017-12-19,0.8026783713655213,0.7984403650443374,0.8032716896638132,0.7963213618837452,0.016133559675457473,-0.008730347341788458,-0.008137029043496335,-0.008137029043496558,-0.009154109173800107,-0.0006683330437223488,68.44178009033203
1502,2017-12-20,0.7925071820614173,0.7924224038282771,0.7950500117208654,0.7911509889985531,0.019154425033082487,-0.01017118930410399,-0.006017961216060241,-0.008221677942947814,-0.005170372885192176,0.003020865357625014,67.92593383789062
1503,2017-12-21,0.7938633751242816,0.7972537284477533,0.7981013814454656,0.7931852785928494,0.02694718832288506,0.0013561930628642749,0.004831324619476218,0.0030513697246001836,0.0020342895942963013,0.007792763289802572,68.3400650024414
1504,2017-12-22,0.7965756965831656,0.7968299666157417,0.7975079984803292,0.7960670918511694,0.012591394543729031,0.002712321458884004,-0.00042376183201164874,-0.0005933829651364464,0.002881813258320043,-0.014355793779156028,68.30374145507812
1505,2017-12-26,0.7958128218185934,0.7972537284477533,0.7988641915431934,0.7957280435854531,0.03206661943779825,-0.0007628747645722633,0.00042376183201164874,0.0013561930628642749,-0.00033904826571629076,0.019475224894069214,68.55372619628906
1506,2017-12-27,0.8017460048015133,0.8053059792581098,0.8068316641204095,0.7997965581072015,0.01712269258016655,0.005933182982919893,0.008052250810356432,0.007967472577216084,0.00406851452174839,-0.014943926857631698,69.24610137939453
1507,2017-12-28,0.8042888344609614,0.8032716896638132,0.8058145193232614,0.8027631495986614,0.038308850066164975,0.002542829659448187,-0.0020342895942965233,-0.0010171447971480951,0.0029665914914598357,0.021186157485998426,69.0711898803711
1508,2017-12-29,0.8037802943958094,0.8058992975564014,0.8068316641204095,0.8037802943958094,0.012190394717495622,-0.0005085400651519967,0.002627607892588202,0.0010171447971480951,0.0010171447971480951,-0.026118455348669353,69.297119140625
1509,2018-01-02,0.8042040562278212,0.7982708732449014,0.8042040562278212,0.7953042817534414,0.049483378557202626,0.00042376183201175976,-0.007628424311500015,-0.002627607892588313,-0.00847601264236808,0.037292983839707,68.64117431640625
1510,2018-01-03,0.8004746546386334,0.8012374647363614,0.8017460048015133,0.7980166032123255,0.01964899148543702,-0.003729401589187775,0.0029665914914599467,-0.00245805142630795,0.002712321458884115,-0.029834387071765604,68.89627075195312
1511,2018-01-04,0.7999660499066371,0.8020003395009337,0.8026783713655213,0.7982708732449014,0.015986526405838558,-0.0005086047319963205,0.0007628747645723744,0.0009323665640080803,0.00025427003257594283,-0.0036624650795984634,68.96184539794922
1512,2018-01-05,0.8014070212026415,0.8001356063729175,0.8021698313003695,0.7979318249791854,0.015117693448999506,0.0014409712960044008,-0.0018647331280162716,-0.0005085400651518857,-0.0003390482657160687,-0.0008688329568390524,68.8014907836914
1513,2018-01-08,0.8018307830346534,0.7999660499066371,0.8018307830346534,0.7976775549466094,0.017015759293170972,0.0004237618320118708,-0.0001695564662803628,-0.0003390482657160687,-0.00025427003257594283,0.0018980658441714662,68.7869644165039
1514,2018-01-09,0.7967451883826013,0.7922529120288414,0.7967451883826013,0.7920833555625613,0.021961423816716345,-0.00508559465205205,-0.007713137877795706,-0.00508559465205205,-0.0055941993840481485,0.004945664523545373,68.12374114990234
1515,2018-01-10,0.7876758574419414,0.7931005003597094,0.7938633751242816,0.7862349508127815,0.06665953778086696,-0.009069330940659981,0.0008475883308679544,-0.00288181325831971,-0.0058484047497797675,0.04469811396415062,68.19657897949219
1516,2018-01-11,0.7925071820614173,0.7967451883826013,0.7975927767134693,0.791490037264269,0.05548500928982931,0.004831324619475996,0.003644688022891973,0.003729401589187664,0.005255086451487534,-0.011174528491037651,68.5099868774414
1517,2018-01-12,0.7943719151894334,0.7981860950117614,0.7986946997437576,0.7939480886905773,0.01685535936267761,0.0018647331280160495,0.001440906629160077,0.001101923030288332,0.002458051426308283,-0.0386296499271517,68.63387298583984
1518,2018-01-16,0.8009831947037854,0.7996270016409212,0.8009831947037854,0.7975079984803292,0.019635624824562575,0.006611279514352031,0.0014409066291597439,0.0022884949600278093,0.0035599097897518472,0.002780265461884965,68.75779724121094
1519,2018-01-17,0.8003050981723534,0.7981013814454656,0.8014070212026415,0.7964061401168854,0.018633125258979054,-0.0006780965314320264,-0.001525620195455546,0.0004238264988560836,-0.0011018583634437862,-0.0010024995655835214,68.6265869140625
1520,2018-01-18,0.7926766738608532,0.7927614520939933,0.7944566934225735,0.7916595937305494,0.01829895873711788,-0.007628424311500237,-0.005339929351472317,-0.006950327780067989,-0.004746546386335981,-0.00033416652186117266,68.16744995117188
1521,2018-01-19,0.7905576707002611,0.7882691757402333,0.7908120053996814,0.7880996839407975,0.02510258912221138,-0.0021190031605921034,-0.0044922763537600385,-0.003644688022892084,-0.0035599097897518472,0.0068036303850935,67.78114318847656
1522,2018-01-22,0.7897100823693933,0.7886930022390893,0.7912357672316932,0.7878453492413772,0.017136059241040995,-0.0008475883308677323,0.0004238264988560836,0.00042376183201175976,-0.0002543346994203777,-0.007966529881170387,67.81761932373047
1523,2018-01-23,0.7919986419962654,0.7925919602945576,0.7941176451568573,0.7895405905699574,0.02659965514014944,0.002288559626872022,0.003898958055468249,0.0028818779251641446,0.0016952413285802326,0.009463595899108446,68.15286254882812
1524,2018-01-24,0.7888624940385253,0.7891167640711012,0.7894558123368173,0.7864892208453573,0.018004892197880047,-0.0031361479577400875,-0.0034751962234563782,-0.004661832820040068,-0.0030513697246000726,-0.008594762942269393,67.85408020019531
1525,2018-01-25,0.7902186871013895,0.7960670918511694,0.7962366483174494,0.7889472722716653,0.0223757903038242,0.0013561930628642749,0.006950327780068211,0.006780835980632172,0.00245805142630795,0.004370898105944154,68.45165252685547
1526,2018-01-26,0.7953889953197372,0.793609040424861,0.7953889953197372,0.7909814971991173,0.02168072393835296,0.00517030821834763,-0.002458051426308394,-0.0008476529977122782,0.0020342249274519775,-0.0006950663654712412,68.24032592773438
1527,2018-01-29,0.7904729571339656,0.7902186871013895,0.7908120053996814,0.7871673173767896,0.023418389852031065,-0.004916038185771576,-0.0033903533234714844,-0.00457698992005573,-0.003814179822327679,0.0017376659136781047,67.94878387451172
1528,2018-01-30,0.7870825391436493,0.7858959025470653,0.7873368091762253,0.7835226293538973,0.018151925467498962,-0.0033904179903162524,-0.004322784554324222,-0.003475196223456156,-0.003644688022892306,-0.0052664643845321026,67.57707977294922
1529,2018-01-31,0.789371034103677,0.7884386675396691,0.7911509889985531,0.7853025842487733,0.09988905671474209,0.0022884949600276983,0.002542764992603752,0.00381417982232779,0.0017799548948760346,0.08173713124724313,67.79570770263672
1530,2018-02-01,0.7853025842487733,0.7781827000024252,0.7859806807802054,0.7777589381704134,0.1352706080494032,-0.004068449854903733,-0.010255967537243893,-0.00517030821834763,-0.007543646078359889,0.0353815513346611,67.11372375488281
1531,2018-02-02,0.7736056454155249,0.7725885652852212,0.775809426809257,0.770384783891489,0.11401761725903252,-0.011696938833248405,-0.005594134717203936,-0.010171253970948424,-0.007374154278924405,-0.02125299079037067,66.63123321533203
1532,2018-02-05,0.7681810024977568,0.7761484750749731,0.7814036261933053,0.7658925075377291,0.07602956705385427,-0.005424642917768119,0.0035599097897518472,0.0055941993840482596,-0.0044922763537599275,-0.037988050205178245,66.9382553100586
1533,2018-02-06,0.7718256905206491,0.770978102189781,0.7747923466789534,0.7691133690617648,0.1819336211620975,0.003644688022892306,-0.005170372885192065,-0.00661127951435192,0.0032208615240356675,0.10590405410824322,66.49231719970703
1534,2018-02-07,0.7712323722223569,0.7663163340365853,0.7741989637138169,0.7647906491742852,0.036303850934997925,-0.0005933182982922336,-0.0046617681531957444,-0.0005933829651364464,-0.004322719887479565,-0.14562977022709955,66.09027862548828
1535,2018-02-08,0.7620783277154012,0.7636039479108567,0.7663163340365853,0.7607221346525369,0.02615855533129269,-0.009154044506955672,-0.0027123861257285498,-0.007882629677231634,-0.004068514521748279,-0.010145295603705234,65.85638427734375
1536,2018-02-09,0.7602983081536807,0.7575012731285011,0.7617392794496851,0.7564841283313529,0.046596179808322084,-0.0017800195617204695,-0.006102674782355599,-0.004577054586900164,-0.004238006321183985,0.020437624477029393,65.33006286621094
1537,2018-02-12,0.7607221346525369,0.7599593245548092,0.764282044442289,0.758687909725085,0.11951131487843022,0.0004238264988561946,0.002458051426308061,0.002542764992603863,0.0022037813937321182,0.07291513507010813,65.54202270507812
1538,2018-02-13,0.7599593245548092,0.7604678646199611,0.7611459611513932,0.7579250349605128,0.019916324702925963,-0.0007628100977277175,0.0005085400651518857,-0.0031360832908957637,-0.0007628747645722633,-0.09959499017550426,65.58592224121094
1539,2018-02-14,0.7578403213942172,0.755975588266201,0.7597897680885289,0.7548736652359127,0.019421758250571425,-0.0021190031605919923,-0.0044922763537600385,-0.0013561930628642749,-0.0030513697246000726,-0.0004945664523545376,65.19845581054688
1540,2018-02-15,0.758687909725085,0.7597897680885289,0.7627563595799889,0.758687909725085,0.01531819336211621,0.0008475883308678434,0.003814179822327901,0.0029665914914599467,0.003814244489172336,-0.004103564888455216,65.52739715576172
1541,2018-02-16,0.762841137813129,0.7626716460136932,0.764960140973721,0.7608916264519727,0.0682368037640517,0.00415322808804397,0.0028818779251642557,0.0022037813937321182,0.0022037167268876834,0.05291861040193549,65.7759780883789
1542,2018-02-20,0.760128816354245,0.7591116715570968,0.7611459611513932,0.7578403213942172,0.012163661395746728,-0.002712321458884004,-0.003559974456596393,-0.00381417982232779,-0.0030513050577555267,-0.05607314236830497,65.46895599365234
1543,2018-02-21,0.760383086386821,0.7530937103410368,0.7609764046851129,0.751737581945017,0.014302327135658242,0.00025427003257594283,-0.006017961216060019,-0.0001695564662803628,-0.006102739449200145,0.0021386657399115137,64.94993591308594
1544,2018-02-22,0.7543651251707609,0.7533479803736127,0.757416494895361,0.7531784885741769,0.012457727934984562,-0.006017961216060019,0.00025427003257594283,-0.0035599097897518472,0.001440906629159855,-0.0018445992006736796,64.97186279296875
1545,2018-02-23,0.7570774466296449,0.758942179757661,0.7600440381211049,0.7570774466296449,0.01255129456110569,0.002712321458884004,0.0055941993840482596,0.002627543225743878,0.003898958055468027,9.356662612112869e-05,65.45431518554688
1546,2018-02-26,0.7612306747176888,0.7599593245548092,0.7630106296125647,0.7591964497902369,0.015344926683865103,0.004153228088043859,0.0010171447971482062,0.0029665914914598357,0.0021190031605919923,0.0027936321227594128,65.54202270507812
1547,2018-02-27,0.7619087712491209,0.758942179757661,0.7629259160462691,0.7544499034039011,0.04365551441594375,0.0006780965314321374,-0.0010171447971482062,-8.471356629558002e-05,-0.00474654638633587,0.028310587732078646,65.45431518554688
1548,2018-02-28,0.7599593245548092,0.761400231183969,0.7620783277154012,0.7598745463216691,0.014248860492160453,-0.0019494466943117406,0.002458051426308061,-0.0008475883308679544,0.005424642917768008,-0.029406653923783298,65.66633605957031
1549,2018-03-01,0.7575859866947967,0.7607221346525369,0.7619087712491209,0.7558908100330609,0.016427626214695307,-0.002373337860012481,-0.0006780965314321374,-0.00016955646628025178,-0.003983736288608153,0.002178765722534854,65.80709838867188
1550,2018-03-02,0.756823176597069,0.7552127135016288,0.7580945914267931,0.7536870286393288,0.012578027882854585,-0.0007628100977277175,-0.005509421150908134,-0.00381417982232779,-0.0022037813937321182,-0.0038495983318407225,65.33051300048828
1551,2018-03-05,0.7577555431610771,0.7560603018324967,0.7585183532588048,0.7531784885741769,0.015598893240479595,0.0009323665640080803,0.0008475883308679544,0.00042376183201164874,-0.0005085400651518857,0.0030208653576250105,65.40381622314453
1552,2018-03-06,0.7591116715570968,0.7575859866947967,0.760128816354245,0.7563146365319171,0.011562161656396616,0.001356128396019729,0.0015256848622999808,0.0016104630954402177,0.0031361479577401985,-0.00403673158408298,65.53577423095703
1553,2018-03-07,0.7580945914267931,0.7558060317999208,0.758942179757661,0.7551279352684886,0.012257228021867857,-0.0010170801303036603,-0.0017799548948759236,-0.001186636596584023,-0.001186701263428458,0.0006950663654712412,65.38184356689453
1554,2018-03-08,0.7569926683965048,0.7582640832262288,0.7604678646199611,0.7569926683965048,0.031946319489928224,-0.001101923030288332,0.002458051426308061,0.0015256848623000918,0.0018647331280161605,0.019689091468060367,65.5944595336914
1555,2018-03-09,0.7557213182336251,0.7542803469376207,0.756229858298777,0.7534327586067529,0.01162899496076885,-0.0012713501628797141,-0.003983736288608153,-0.004238006321184096,-0.0035599097897519583,-0.020317324529159374,65.24983978271484
1556,2018-03-12,0.7558060317999208,0.756568906564493,0.757416494895361,0.7552127135016288,0.03439241842995201,8.471356629569105e-05,0.002288559626872355,0.001186636596584023,0.0017799548948759236,0.022763423469183162,65.44779968261719
1557,2018-03-13,0.7586031314919449,0.7588574015245209,0.759535498055953,0.7566536201307887,0.016561292823439776,0.0027970996920241298,0.0022884949600278093,0.0021190031605919923,0.001440906629159966,-0.017831125606512236,65.64582061767578
1558,2018-03-14,0.7602983081536807,0.7630106296125647,0.7645363144748649,0.7602983081536807,0.029112587384545467,0.0016951766617357977,0.004153228088043859,0.005000816418911924,0.003644688022891973,0.01255129456110569,66.00505828857422
1559,2018-03-15,0.764112552642853,0.764451600908569,0.7653839674725771,0.7630106296125647,0.08589416277919613,0.003814244489172336,0.0014409712960042897,0.0008476529977121672,0.002712321458884004,0.05678157539465067,66.12968444824219
1560,2018-03-16,0.7618239930159808,0.7625020895474129,0.763519234344561,0.7612306747176888,0.011722561586889979,-0.002288559626872244,-0.0019495113611560644,-0.0018647331280160495,-0.0017799548948759236,-0.07417160119230616,65.96107482910156
1561,2018-03-19,0.759535498055953,0.7602983081536807,0.762841137813129,0.759535498055953,0.011856228195634448,-0.0022884949600278093,-0.0022037813937322293,-0.0006780965314320264,-0.0016951766617357977,0.00013366660874446906,65.77043151855469
1562,2018-03-20,0.7573317166622208,0.7580945914267931,0.758687909725085,0.7571622248627851,0.01097402857792095,-0.0022037813937322293,-0.0022037167268875724,-0.00415322808804397,-0.002373273193167935,-0.0008821996177134986,65.57976531982422
1563,2018-03-21,0.755975588266201,0.7563993500982128,0.757416494895361,0.7525851702758849,0.01618702631895526,-0.001356128396019729,-0.0016952413285803436,-0.001271414829724038,-0.004577054586900164,0.0052129977410343125,65.43315124511719
1564,2018-03-22,0.7608069128856771,0.7597897680885289,0.7641973308759933,0.7580945914267931,0.040808415649686555,0.004831324619476107,0.0033904179903161413,0.006780835980632283,0.005509421150908245,0.024621389330731294,65.72640991210938
1565,2018-03-23,0.7567383983639289,0.7572469384290806,0.7584336396925092,0.756229858298777,0.13424137516207077,-0.004068514521748279,-0.002542829659448298,-0.0057636911834840765,-0.0018647331280161605,0.09343295951238421,65.5064468383789
1566,2018-03-26,0.758942179757661,0.7575859866947967,0.7609764046851129,0.7575859866947967,0.009049229412000589,0.0022037813937321182,0.0003390482657160687,0.002542764992603641,0.001356128396019729,-0.12519214575007018,65.53577423095703
1567,2018-03-27,0.7590269579908011,0.7653839674725771,0.7653839674725771,0.7590269579908011,0.014730060283640543,8.477823314012589e-05,0.007797980777780378,0.0044075627874642365,0.0014409712960044008,0.005680830871639954,66.21035766601562
1568,2018-03-28,0.7669943659011728,0.7663163340365853,0.767757240665745,0.7641973308759933,0.012845361100343523,0.007967407910371649,0.0009323665640081913,0.002373273193167935,0.005170372885192176,-0.00188469918329702,66.29100799560547
1569,2018-03-29,0.7680115106983211,0.7705543403577693,0.773012327117233,0.7680115106983211,0.02154705732960849,0.0010171447971483172,0.004238006321183985,0.005255086451487978,0.00381417982232779,0.008701696229264968,66.65760040283203
1570,2018-04-02,0.7669096523348773,0.7686896072297531,0.7710628804229211,0.7651296327731568,0.017136059241040995,-0.0011018583634437862,-0.0018647331280161605,-0.0019494466943118516,-0.0028818779251642557,-0.004410998088567496,66.8197250366211
1571,2018-04-03,0.7665706040691611,0.7648753627405808,0.7665706040691611,0.7636887261439969,0.06330450590138077,-0.00033904826571617974,-0.003814244489172336,-0.0044922763537600385,-0.001440906629159966,0.04616844666033978,66.48815155029297
1572,2018-04-04,0.7659772857708693,0.7645363144748649,0.767757240665745,0.7638582826102773,0.016334059588574177,-0.0005933182982917895,-0.0003390482657158467,0.001186636596583912,0.00016955646628047383,-0.0469704463128066,66.45867156982422
1573,2018-04-05,0.7619935494822611,0.7613154529508289,0.7633496778782808,0.7608069128856771,0.015024126822878377,-0.003983736288608264,-0.0032208615240360006,-0.0044075627874642365,-0.0030513697246001836,-0.0013099327656958,66.17874145507812
1574,2018-04-06,0.764282044442289,0.7664010476028811,0.7664010476028811,0.7627563595799889,0.011000761899669843,0.0022884949600279203,0.005085594652052161,0.0030513697246002947,0.0019494466943117406,-0.004023364923208534,66.62080383300781
1575,2018-04-09,0.7640277744097129,0.7675029706331691,0.7675029706331691,0.762841137813129,0.015572159918730701,-0.00025427003257605385,0.001101923030287999,0.001101923030287999,8.477823314012589e-05,0.004571398019060858,66.71653747558594
1576,2018-04-10,0.7684353371971773,0.7673334141668889,0.7684353371971773,0.765468681038873,0.013727560718057022,0.0044075627874643475,-0.00016955646628014076,0.0009323665640081913,0.002627543225743989,-0.0018445992006736796,66.70187377929688
1577,2018-04-11,0.770384783891489,0.7689438772623292,0.7741989637138169,0.7672486359337488,0.010065095638458556,0.0019494466943117406,0.0016104630954402177,0.005763626516639642,0.0017799548948758126,-0.003662465079598465,66.84182739257812
1578,2018-04-12,0.7668248741017372,0.7650449192068612,0.7668248741017372,0.7638582826102773,0.008969029446753906,-0.0035599097897518472,-0.003898958055467916,-0.007374089612079748,-0.0033903533234714844,-0.0010960661917046501,66.50291442871094
1579,2018-04-13,0.764112552642853,0.7662315558034452,0.7666553176354569,0.763519234344561,0.010519562108189754,-0.002712321458884115,0.001186636596583912,-0.00016955646628025178,-0.00033904826571629076,0.0015505326614358474,66.6060791015625
1580,2018-04-16,0.762841137813129,0.7659772857708693,0.7662315558034452,0.7619087712491209,0.00759226337668587,-0.001271414829724038,-0.0002542700325758318,-0.00042376183201175976,-0.0016104630954401067,-0.0029272987315038836,66.58393859863281
1581,2018-04-17,0.7669943659011728,0.7678419542320408,0.7694524173274809,0.765468681038873,0.012711694491599054,0.004153228088043748,0.0018646684611715036,0.0032208615240357785,0.0035599097897520693,0.005119431114913184,66.74603271484375
1582,2018-04-18,0.767079144134313,0.7620783277154012,0.7683505589640371,0.7612306747176888,0.010826995308302034,8.477823314023691e-05,-0.005763626516639642,-0.0011018583634437862,-0.004238006321184207,-0.00188469918329702,66.24500274658203
1583,2018-04-19,0.7577555431610771,0.7563146365319171,0.7577555431610771,0.7540260769050449,0.01456966035314718,-0.009323600973235924,-0.0057636911834840765,-0.010595015802960073,-0.007204597812643931,0.003742665044845146,65.7440185546875
1584,2018-04-20,0.7544499034039011,0.7509747071804448,0.7546193952033368,0.7509747071804448,0.00978439576009517,-0.0033056397571760154,-0.005339929351472317,-0.0031361479577403095,-0.0030513697246000726,-0.004785264593052009,65.27981567382812
1585,2018-04-23,0.750550945348433,0.7506356589147287,0.7514833119124411,0.749025260486133,0.011562161656396616,-0.003898958055468027,-0.0003390482657160687,-0.0031360832908956526,-0.0019494466943117406,0.0017777658963014451,65.25037384033203
1586,2018-04-24,0.749957627050141,0.747245305591257,0.750211897082717,0.7466519226261206,0.009383395933861761,-0.0005933182982920115,-0.0033903533234717065,-0.001271414829724149,-0.002373337860012481,-0.002178765722534854,64.95563507080078
1587,2018-04-25,0.744787254164949,0.7433462828689446,0.7458891125283927,0.7413120579414927,0.011575528317271062,-0.005170372885192065,-0.003899022722312462,-0.004322784554324222,-0.005339864684627882,0.0021921323834093003,64.6167221069336
1588,2018-04-26,0.7452957942301008,0.7466519226261206,0.7476690674232688,0.7448719677312446,0.014930560196757248,0.0005085400651518857,0.0033056397571760154,0.0017799548948760346,0.0035599097897519583,0.0033550318794861866,64.90406799316406
1589,2018-04-27,0.750211897082717,0.7510594854135849,0.7512289772130206,0.7488557040198527,0.011989894804378919,0.004916102852616122,0.0044075627874643475,0.0035599097897518472,0.003983736288608042,-0.0029406653923783298,65.28718566894531
1590,2018-04-30,0.752669948509025,0.751144263646725,0.7533479803736127,0.7510594854135849,0.010065095638458556,0.002458051426308061,8.477823314012589e-05,0.0021190031605921034,0.0022037813937322293,-0.0019247991659203621,65.29457092285156
1591,2018-05-01,0.748092893922125,0.745719620728957,0.7494490223181447,0.7449567459643848,0.011762661569513319,-0.004577054586900053,-0.005424642917768008,-0.003898958055468027,-0.006102739449200145,0.0016975659310547626,65.03292846679688
1592,2018-05-02,0.7461433825609687,0.744787254164949,0.7476690674232688,0.7445329194655286,0.009971529012337428,-0.0019495113611562864,-0.0009323665640080803,-0.0017799548948759236,-0.0004238264988561946,-0.0017911325571758913,64.95158386230469
1593,2018-05-03,0.7471605273581169,0.745973890761533,0.7489404822529928,0.745973890761533,0.008220496437784877,0.0010171447971482062,0.001186636596584023,0.001271414829724038,0.0014409712960044008,-0.001751032574552551,65.05509185791016
1594,2018-05-04,0.7475842891901286,0.7463976525935446,0.7483471639547009,0.7441939358666569,0.011776028230387767,0.00042376183201175976,0.00042376183201164874,-0.0005933182982919005,-0.0017799548948760346,0.0035555317926028902,65.0920181274414
1595,2018-05-07,0.745973890761533,0.7452957942301008,0.7467367008592607,0.7447024759318088,0.04257281488511355,-0.0016103984285956718,-0.0011018583634437862,-0.0016104630954402177,0.0005085400651518857,0.030796786654725787,64.99592590332031
1596,2018-05-08,0.7441939358666569,0.7440243794003767,0.7450415241975249,0.7422444245055008,0.01768409233689332,-0.0017799548948760346,-0.001271414829724149,-0.0016951766617357977,-0.002458051426308061,-0.02488872254822023,64.88505554199219
1597,2018-05-09,0.742074932706065,0.7421596462723605,0.7436006175683649,0.7417358844403489,0.011134428508414312,-0.0021190031605919923,-0.0018647331280161605,-0.001440906629159966,-0.0005085400651518857,-0.006549663828479008,64.72241973876953
1598,2018-05-10,0.7446176976986687,0.7477538456564089,0.7477538456564089,0.7442786494329526,0.012791894456845735,0.002542764992603752,0.005594199384048371,0.00415322808804397,0.002542764992603752,0.0016574659484314223,65.21029663085938
1599,2018-05-11,0.7503813888821528,0.7493643087518491,0.7503813888821528,0.748092893922125,0.005787764158635531,0.0057636911834840765,0.0016104630954402177,0.002627543225743878,0.003814244489172336,-0.007004130298210204,65.35073852539062
1600,2018-05-14,0.7482623857215608,0.747245305591257,0.7493643087518491,0.7469909708918366,0.014369160440030476,-0.0021190031605919923,-0.0021190031605921034,-0.0010170801303036603,-0.001101923030288332,0.008581396281394945,65.16595458984375
1601,2018-05-15,0.742668251004357,0.7391930547809007,0.742668251004357,0.7365655115551568,0.013406760857070295,-0.005594134717203825,-0.00805225081035632,-0.006696057747492157,-0.010425459336679821,-0.0009623995829601811,64.46372985839844
1602,2018-05-16,0.7396168812797569,0.7368197815877326,0.7404644696106247,0.7365655115551568,0.01672169275393314,-0.0030513697246000726,-0.002373273193168046,-0.0022037813937322293,0.0,0.0033149318968628463,64.25676727294922
1603,2018-05-17,0.7355483667580086,0.7341074601288486,0.7359721932568648,0.7332598717979808,0.015010760162003929,-0.004068514521748279,-0.002712321458884004,-0.0044922763537599275,-0.0033056397571760154,-0.0017109325919292123,64.02022552490234
1604,2018-05-18,0.7344465083945647,0.7375825916854605,0.7381759099837525,0.7344465083945647,0.009877962386216299,-0.0011018583634438972,0.0034751315566118324,0.0022037167268876834,0.001186636596583912,-0.00513279777578763,64.32327270507812
1605,2018-05-21,0.7379216399511765,0.7381759099837525,0.7387692929488889,0.7365655115551568,0.009958162351462982,0.0034751315566118324,0.0005933182982920115,0.0005933829651364464,0.0021190031605921034,8.019996524668248e-05,64.375
1606,2018-05-22,0.7381759099837525,0.7376673699186006,0.7388540065151846,0.7366502897882969,0.013380027535321401,0.00025427003257594283,-0.0005085400651518857,8.471356629569105e-05,8.477823314012589e-05,0.0034218651838584194,64.33065032958984
1607,2018-05-23,0.739955929545473,0.7417358844403489,0.7424139163049365,0.739955929545473,0.009650729151350701,0.0017800195617204695,0.004068514521748279,0.0035599097897518472,0.0033056397571760154,-0.0037292983839706997,64.68550872802734
1608,2018-05-24,0.745719620728957,0.7463976525935446,0.7469909708918366,0.7452110159969607,0.011762661569513319,0.0057636911834840765,0.0046617681531957444,0.004577054586900164,0.005255086451487756,0.0021119324181626178,65.0920181274414
1609,2018-05-25,0.750211897082717,0.7504661671152929,0.7508899289473046,0.7492795305187089,0.015652359883977382,0.0044922763537599275,0.004068514521748279,0.003898958055467916,0.004068514521748168,0.003889698314464063,65.44685363769531
1610,2018-05-29,0.7543651251707609,0.7618239930159808,0.7626716460136932,0.7534327586067529,0.012591394543729031,0.00415322808804397,0.011357825900687901,0.011781717066388642,0.00415322808804397,-0.003060965340248351,66.43733978271484
1611,2018-05-30,0.755975588266201,0.756229858298777,0.7571622248627851,0.753263266807317,0.020664857711894993,0.0016104630954401067,-0.005594134717203825,-0.005509421150908134,-0.00016949179943581694,0.008073463168165962,65.9494857788086
1612,2018-05-31,0.757416494895361,0.7582640832262288,0.760128816354245,0.7551279352684886,0.25467498964083785,0.001440906629159966,0.0020342249274518664,0.0029665914914599467,0.0018646684611716147,0.23401013192894285,66.12687683105469
1613,2018-06-01,0.7502966106490127,0.7513137554461609,0.753517536839893,0.748431942187841,0.02408672289575341,-0.007119884246348351,-0.006950327780067989,-0.006611279514352031,-0.006695993080647611,-0.23058826674508442,65.73751831054688
1614,2018-06-04,0.7509747071804448,0.7452110159969607,0.7509747071804448,0.7450415241975249,0.22341036985550639,0.0006780965314321374,-0.006102739449200145,-0.002542829659448187,-0.0033904179903161413,0.19932364695975296,65.20355987548828
1615,2018-06-05,0.748092893922125,0.7475842891901286,0.7489404822529928,0.7463976525935446,0.016708326093058692,-0.002881813258319821,0.002373273193167935,-0.0020342249274519775,0.001356128396019729,-0.2067020437624477,65.41121673583984
1616,2018-06-06,0.7441091576335168,0.742668251004357,0.7443634276660928,0.7402101995780488,0.014008260596420408,-0.003983736288608153,-0.004916038185771687,-0.004577054586900053,-0.006187453015495836,-0.002700065496638284,64.98107147216797
1617,2018-06-07,0.7422444245055008,0.747245305591257,0.7498728488170009,0.7417358844403489,0.038509349979281675,-0.0018647331280160495,0.004577054586900053,0.005509421150908134,0.0015256848623000918,0.024501089382861267,65.38154602050781
1618,2018-06-08,0.7467367008592607,0.7443634276660928,0.7467367008592607,0.7442786494329526,0.01039926216031973,0.0044922763537599275,-0.0028818779251642557,-0.0031361479577401985,0.002542764992603752,-0.028110087818961946,65.1293716430664
1619,2018-06-11,0.7424139163049365,0.7434310611020847,0.7441091576335168,0.7416511062072088,0.00939676259473621,-0.004322784554324222,-0.0009323665640080803,-0.002627543225743878,-0.002627543225743878,-0.0010024995655835214,65.04783630371094
1620,2018-06-12,0.7416511062072088,0.7436853311346606,0.7449567459643848,0.7416511062072088,0.014716693622766097,-0.0007628100977277175,0.00025427003257594283,0.0008475883308679544,0.0,0.005319931028029887,65.07003784179688
1621,2018-06-13,0.7445329194655286,0.7437701093678007,0.7458891125283927,0.7412272797083526,0.026719955088019463,0.002881813258319821,8.477823314012589e-05,0.0009323665640079692,-0.0004238264988561946,0.012003261465253367,65.07745361328125
1622,2018-06-14,0.7469909708918366,0.748686212220417,0.7491947522855688,0.7458043342952526,0.01935492494619919,0.002458051426308061,0.004916102852616233,0.0033056397571760154,0.004577054586900053,-0.007365030141820272,65.50763702392578
1623,2018-06-15,0.7512289772130206,0.7487709257867126,0.752924218541601,0.7487709257867126,0.008969029446753906,0.004238006321183985,8.471356629558002e-05,0.00372946625603221,0.0029665914914599467,-0.010385895499445285,65.5150375366211
1624,2018-06-18,0.7485166557541366,0.747499575623833,0.7489404822529928,0.7462281607941088,0.011054228543167632,-0.002712321458884004,-0.0012713501628796031,-0.003983736288608153,-0.002542764992603752,0.0020851990964137253,65.40380096435547
1625,2018-06-19,0.750211897082717,0.7491099740524286,0.7513137554461609,0.7482623857215608,0.009517062542606232,0.0016952413285803436,0.0016103984285956718,0.002373273193168046,0.0020342249274519775,-0.0015371660005613994,65.54473876953125
1626,2018-06-20,0.7493643087518491,0.7435158393352248,0.7493643087518491,0.7435158393352248,0.01640089289294641,-0.0008475883308678434,-0.005594134717203825,-0.0019494466943117406,-0.004746546386335981,0.006883830350340179,65.05522918701172
1627,2018-06-21,0.7444482058992329,0.7441939358666569,0.7460586043278286,0.7432615693026489,0.012123561413123388,-0.004916102852616233,0.0006780965314321374,-0.0033057044240205613,-0.00025427003257594283,-0.004277331479823024,65.11459350585938
1628,2018-06-22,0.7434310611020847,0.7448719677312446,0.7455500642626767,0.7430920128363686,0.00903586275112614,-0.0010171447971482062,0.0006780318645877026,-0.0005085400651518857,-0.00016955646628025178,-0.0030876986619972468,65.17388153076172
1629,2018-06-25,0.7468214790924008,0.744787254164949,0.7477538456564089,0.7445329194655286,0.0120700947696256,0.0033904179903161413,-8.471356629569105e-05,0.0022037813937322293,0.001440906629159966,0.0030342320184994585,65.16645812988281
1630,2018-06-26,0.7450415241975249,0.7464824308266848,0.7470757491249768,0.7448719677312446,0.016280592945076392,-0.0017799548948759236,0.0016951766617357977,-0.0006780965314321374,0.0003390482657160687,0.004210498175450793,65.3148193359375
1631,2018-06-27,0.7504661671152929,0.7519070737444528,0.752669948509025,0.7502966106490127,0.018058358841377836,0.005424642917768008,0.005424642917768008,0.0055941993840482596,0.005424642917768008,0.0017777658963014434,65.7894515991211
1632,2018-06-28,0.7537718068724689,0.752669948509025,0.7537718068724689,0.750550945348433,0.014730060283640543,0.0033056397571760154,0.0007628747645722633,0.0011018583634438972,0.0002543346994203777,-0.0033282985577372925,65.85618591308594
1633,2018-06-29,0.7531784885741769,0.7513137554461609,0.7547889516696171,0.750805215381009,0.016975659310547633,-0.0005933182982920115,-0.0013561930628641639,0.0010171447971482062,0.00025427003257594283,0.0022455990269070903,65.73751831054688
1634,2018-07-02,0.749618578784425,0.747499575623833,0.7500423406164367,0.7473300191575527,0.008314063063906005,-0.0035599097897519583,-0.003814179822327901,-0.004746611053180416,-0.0034751962234562672,-0.008661596246641628,65.61695098876953
1635,2018-07-03,0.7493643087518491,0.7522461220101688,0.752669948509025,0.7492795305187089,0.007872963255049256,-0.0002542700325758318,0.00474654638633587,0.002627607892588313,0.0019495113611561754,-0.0004410998088567493,66.03365325927734
1636,2018-07-05,0.7528394403084608,0.7549584434690528,0.755975588266201,0.7528394403084608,0.011562161656396616,0.0034751315566117214,0.002712321458884004,0.0033056397571760154,0.0035599097897519583,0.0036891984013473593,66.27173614501953
1637,2018-07-06,0.7582640832262288,0.758687909725085,0.7591116715570968,0.7563146365319171,0.027882854584096346,0.005424642917768008,0.00372946625603221,0.0031360832908957637,0.0034751962234562672,0.01632069292769973,66.59915161132812
1638,2018-07-09,0.7552974917347689,0.756823176597069,0.7570774466296449,0.754704173436477,0.011602261639019956,-0.0029665914914599467,-0.0018647331280160495,-0.0020342249274518664,-0.0016104630954401067,-0.01628059294507639,66.43544006347656
1639,2018-07-10,0.7566536201307887,0.7566536201307887,0.7573317166622208,0.7555517617673448,0.009623995829601807,0.00135612839601984,-0.00016955646628025178,0.0002542700325758318,0.0008475883308678434,-0.0019782658094181487,66.42054748535156
1640,2018-07-11,0.758942179757661,0.758348861459369,0.758942179757661,0.756568906564493,0.00947696255998289,0.002288559626872244,0.0016952413285802326,0.0016104630954402177,0.0010171447971482062,-0.000147033269618917,66.56934356689453
1641,2018-07-12,0.7580945914267931,0.7587726232913807,0.7593659415896727,0.7577555431610771,0.01080026198655314,-0.0008475883308678434,0.00042376183201175976,0.00042376183201175976,0.001186636596584023,0.0013232994265702496,66.6065673828125
1642,2018-07-13,0.7602135945873851,0.7615697229834049,0.7619087712491209,0.7597049898553888,0.00759226337668587,0.0021190031605919923,0.0027970996920241298,0.002542829659448187,0.0019494466943117406,-0.0032079986098672696,66.85210418701172
1643,2018-07-16,0.7599593245548092,0.7591116715570968,0.7607221346525369,0.755975588266201,0.008367529707403794,-0.00025427003257594283,-0.002458051426308061,-0.001186636596584023,-0.003729401589187775,0.0007752663307179237,66.63633728027344
1644,2018-07-17,0.7586031314919449,0.7575859866947967,0.7600440381211049,0.7569926683965048,0.009597262507852913,-0.0013561930628642749,-0.0015256848623000918,-0.0006780965314320264,0.0010170801303037713,0.0012297328004491192,66.5024185180664
1645,2018-07-18,0.7584336396925092,0.7552127135016288,0.7584336396925092,0.754704173436477,0.009116062716372823,-0.00016949179943570591,-0.002373273193167935,-0.0016103984285956718,-0.0022884949600278093,-0.00048119979148008966,66.2940673828125
1646,2018-07-19,0.7558908100330609,0.758942179757661,0.759535498055953,0.7558908100330609,0.008741796211888309,-0.002542829659448298,0.00372946625603221,0.0011018583634437862,0.001186636596583912,-0.00037426650448451476,66.62147521972656
1647,2018-07-20,0.7558060317999208,0.7519070737444528,0.7558060317999208,0.751398533679301,0.012457727934984562,-8.477823314012589e-05,-0.0070351060132082255,-0.00372946625603221,-0.0044922763537599275,0.0037159317230962535,66.00392150878906
1648,2018-07-23,0.7500423406164367,0.7452110159969607,0.7507204371478688,0.7448719677312446,0.007271463515699143,-0.0057636911834840765,-0.006696057747492046,-0.005085594652051939,-0.00652656594805634,-0.005186264419285419,65.41609191894531
1649,2018-07-24,0.7460586043278286,0.7488557040198527,0.7497880705838608,0.7458043342952526,0.01303249435258578,-0.003983736288608153,0.003644688022891973,-0.0009323665640080803,0.0009323665640079692,0.0057610308368866376,65.73602294921875
1650,2018-07-25,0.7510594854135849,0.748686212220417,0.752330900243309,0.7485166557541366,0.009664095812225148,0.005000881085756359,-0.00016949179943570591,0.002542829659448187,0.002712321458884004,-0.003368398540360633,65.72116088867188
1651,2018-07-26,0.7508899289473046,0.749957627050141,0.752330900243309,0.749025260486133,0.008247229759533771,-0.0001695564662803628,0.001271414829724038,0.0,0.0005086047319964315,-0.0014168660526913766,65.83275604248047
1652,2018-07-27,0.7527546620753207,0.7509747071804448,0.7527546620753207,0.7506356589147287,0.0070843302634568854,0.0018647331280161605,0.0010170801303037713,0.00042376183201175976,0.0016103984285956718,-0.0011628994960768855,65.92205047607422
1653,2018-07-30,0.7491947522855688,0.748686212220417,0.7502966106490127,0.7479233374558447,0.018151925467498962,-0.0035599097897519583,-0.0022884949600278093,-0.002458051426308061,-0.002712321458884004,0.011067595204042078,65.72116088867188
1654,2018-07-31,0.7525851702758849,0.7519918519775929,0.753263266807317,0.751737581945017,0.012698327830724606,0.0033904179903161413,0.0033056397571759044,0.0029666561583043816,0.003814244489172336,-0.0054535976367743565,66.01133728027344
1655,2018-08-01,0.7441939358666569,0.7446176976986687,0.7466519226261206,0.7437701093678007,0.010947295256172055,-0.008391234409227954,-0.007374154278924183,-0.006611344181196466,-0.007967472577216306,-0.001751032574552551,65.58060455322266
1656,2018-08-02,0.7441939358666569,0.7455500642626767,0.7462281607941088,0.7427529645706525,0.019301458302701403,0.0,0.0009323665640079692,-0.00042376183201175976,-0.0010171447971482062,0.008354163046529348,65.66270446777344
1657,2018-08-03,0.7441939358666569,0.7489404822529928,0.7497032923507206,0.7427529645706525,0.008287329742157111,0.0,0.0033904179903161413,0.0034751315566118324,0.0,-0.011014128560544291,65.96131896972656
1658,2018-08-06,0.7503813888821528,0.749957627050141,0.7525851702758849,0.7497880705838608,0.008661596246641626,0.006187453015495836,0.0010171447971482062,0.0028818779251642557,0.0070351060132082255,0.00037426650448451476,66.0509033203125
1659,2018-08-07,0.7503813888821528,0.7473300191575527,0.7525851702758849,0.7465672090598249,0.008273963081282665,0.0,-0.002627607892588313,0.0,-0.0032208615240358895,-0.000387633165358961,65.81946563720703
1660,2018-08-08,0.7464824308266848,0.746312939027249,0.747499575623833,0.745380572463241,0.025075855800462486,-0.003898958055468027,-0.0010170801303036603,-0.005085594652051939,-0.001186636596583912,0.01680189271917982,65.72991180419922
1661,2018-08-09,0.7481776074884205,0.7491099740524286,0.749618578784425,0.747245305591257,0.007431863446192507,0.0016951766617357977,0.002797035025179584,0.0021190031605919923,0.0018647331280160495,-0.01764399235426998,65.97624206542969
1662,2018-08-10,0.7501271188495768,0.7520766302107331,0.7533479803736127,0.7493643087518491,0.012083461430500047,0.0019495113611562864,0.0029666561583044926,0.003729401589187775,0.0021190031605921034,0.00465159798430754,66.23750305175781
1663,2018-08-13,0.749957627050141,0.7502966106490127,0.7513137554461609,0.7495338005512848,0.00895566278587946,-0.00016949179943581694,-0.0017800195617204695,-0.0020342249274518664,0.00016949179943570591,-0.003127798644620587,66.08075714111328
1664,2018-08-14,0.751398533679301,0.7506356589147287,0.7514833119124411,0.7498728488170009,0.013059227674334675,0.001440906629159966,0.0003390482657160687,0.00016955646628025178,0.0003390482657160687,0.004103564888455214,66.11062622070312
1665,2018-08-15,0.753263266807317,0.7536870286393288,0.754110855138185,0.7521613437770287,0.010024995655835216,0.0018647331280160495,0.0030513697246000726,0.002627543225743878,0.0022884949600278093,-0.0030342320184994585,66.37935638427734
1666,2018-08-16,0.7537718068724689,0.7549584434690528,0.7549584434690528,0.752330900243309,0.008461096333524923,0.0005085400651518857,0.001271414829724038,0.0008475883308678434,0.00016955646628025178,-0.0015638993223102936,66.4913330078125
1667,2018-08-17,0.7558908100330609,0.755975588266201,0.7576707649279368,0.754704173436477,0.0077660299680536804,0.0021190031605919923,0.0010171447971482062,0.002712321458884004,0.002373273193168046,-0.0006950663654712421,66.58091735839844
1668,2018-08-20,0.7587726232913807,0.7591964497902369,0.7602983081536807,0.7581793049930887,0.007311563498322484,0.002881813258319821,0.0032208615240358895,0.002627543225743878,0.0034751315566117214,-0.00045446646973119637,66.86460876464844
1669,2018-08-21,0.758687909725085,0.7577555431610771,0.7602983081536807,0.7573317166622208,0.019381658267948083,-8.471356629569105e-05,-0.001440906629159855,0.0,-0.0008475883308679544,0.0120700947696256,66.73770141601562
1670,2018-08-22,0.7602135945873851,0.759535498055953,0.760383086386821,0.7576707649279368,0.009610629168727361,0.0015256848623000918,0.0017799548948759236,8.477823314023691e-05,0.0003390482657160687,-0.009771029099220722,66.89443969726562
1671,2018-08-23,0.760383086386821,0.759281228023377,0.760383086386821,0.7585183532588048,0.00974429577747183,0.00016949179943581694,-0.00025427003257594283,0.0,0.0008475883308679544,0.00013366660874446906,66.87203979492188
1672,2018-08-24,0.7575859866947967,0.7609764046851129,0.7609764046851129,0.756823176597069,0.01018539558632858,-0.002797099692024241,0.0016951766617357977,0.0005933182982919005,-0.0016951766617357977,0.0004410998088567493,67.0213623046875
1673,2018-08-27,0.7585183532588048,0.7573317166622208,0.7591964497902369,0.7573317166622208,0.00807346316816596,0.0009323665640080803,-0.003644688022892084,-0.0017799548948759236,0.0005085400651517746,-0.0021119324181626195,66.7003173828125
1674,2018-08-28,0.7555517617673448,0.7540260769050449,0.7567383983639289,0.7536023150730331,0.012711694491599054,-0.0029665914914599467,-0.0033056397571759044,-0.002458051426308061,-0.003729401589187664,0.004638231323433094,66.40922546386719
1675,2018-08-29,0.7554669835342047,0.7546193952033368,0.7558908100330609,0.753263266807317,0.008621496264018286,-8.477823314012589e-05,0.0005933182982919005,-0.0008475883308679544,-0.0003390482657160687,-0.004090198227580768,66.46146392822266
1676,2018-08-30,0.7569079548302091,0.7550432217021931,0.7569079548302091,0.7544499034039011,0.006750163741595712,0.0014409712960044008,0.00042382649885630563,0.0010171447971482062,0.001186636596584023,-0.0018713325224225738,66.4988021850586
1677,2018-08-31,0.7576707649279368,0.7530937103410368,0.7577555431610771,0.7530937103410368,0.00970419579484849,0.0007628100977277175,-0.0019495113611562864,0.0008475883308679544,-0.0013561930628642749,0.0029540320532527777,66.32709503173828
1678,2018-09-04,0.7488557040198527,0.7475842891901286,0.7488557040198527,0.7460586043278286,0.017309825832408806,-0.008815060908084149,-0.005509421150908134,-0.008899839141224386,-0.0070351060132082255,0.007605630037560316,66.0589828491211
1679,2018-09-05,0.746312939027249,0.7460586043278286,0.7471605273581169,0.7454652860295365,0.018245492093620093,-0.002542764992603641,-0.0015256848623000918,-0.0016951766617357977,-0.0005933182982920115,0.0009356662612112869,65.92414093017578
1680,2018-09-06,0.747499575623833,0.748686212220417,0.7498728488170009,0.7467367008592607,0.019234624998329168,0.001186636596583912,0.002627607892588424,0.002712321458884004,0.001271414829724149,0.0009891329047090752,66.15632629394531
1681,2018-09-07,0.745126302430665,0.7445329194655286,0.7454652860295365,0.7436006175683649,0.009664095812225148,-0.002373273193167935,-0.004153292754888405,-0.0044075627874643475,-0.0031360832908957637,-0.00957052918610402,65.78934478759766
1682,2018-09-10,0.7446176976986687,0.7465672090598249,0.7474147973906928,0.7446176976986687,0.012925561065590205,-0.0005086047319963205,0.0020342895942963013,0.0019495113611562864,0.0010170801303037713,0.003261465253365058,65.9690933227539
1683,2018-09-11,0.7447024759318088,0.7431767910695087,0.7452957942301008,0.7428377428037927,0.013446860839693636,8.477823314012589e-05,-0.0033904179903161413,-0.0021190031605919923,-0.0017799548948760346,0.00052129977410343,65.66951751708984
1684,2018-09-12,0.744787254164949,0.7461433825609687,0.7466519226261206,0.744787254164949,0.016093459692834135,8.477823314012589e-05,0.0029665914914599467,0.001356128396019729,0.0019495113611562864,0.0026465988531404992,65.93162536621094
1685,2018-09-13,0.7483471639547009,0.7471605273581169,0.7491947522855688,0.7464824308266848,0.008541296298771603,0.0035599097897519583,0.0010171447971482062,0.002542829659448187,0.0016951766617357977,-0.0075521633940625315,66.02153015136719
1686,2018-09-14,0.7441939358666569,0.7449567459643848,0.7460586043278286,0.7437701093678007,0.008314063063906005,-0.00415322808804397,-0.0022037813937321182,-0.0031361479577401985,-0.002712321458884004,-0.00022723323486559775,65.8267593383789
1687,2018-09-17,0.7434310611020847,0.744787254164949,0.7464824308266848,0.7433462828689446,0.04060791573656985,-0.0007628747645722633,-0.00016949179943581694,0.0004238264988561946,-0.0004238264988561946,0.03229385267266384,65.81181335449219
1688,2018-09-18,0.7424986945380766,0.7379216399511765,0.7429225210369329,0.7375825916854605,0.015598893240479595,-0.0009323665640080803,-0.0068656142137724085,-0.0035599097897518472,-0.0057636911834840765,-0.02500902249609025,65.20513916015625
1689,2018-09-19,0.7385149582494686,0.7350398266928567,0.7385149582494686,0.7335141418305567,0.01522462673599508,-0.003983736288608042,-0.002881813258319821,-0.0044075627874643475,-0.004068449854903733,-0.00037426650448451476,64.95052337646484
1690,2018-09-20,0.7358874150237247,0.7391082765477605,0.7402101995780488,0.7358874150237247,0.011495328352024381,-0.002627543225743878,0.004068449854903733,0.0016952413285802326,0.002373273193167935,-0.0037292983839706997,65.31002044677734
1691,2018-09-21,0.7374978781191648,0.7391930547809007,0.7401254213449087,0.7374978781191648,0.009316562629489527,0.0016104630954401067,8.477823314023691e-05,-8.477823314012589e-05,0.0016104630954401067,-0.002178765722534854,65.3174819946289
1692,2018-09-24,0.7374978781191648,0.7375825916854605,0.7400406431117685,0.7368197815877326,0.010586395412561988,0.0,-0.0016104630954402177,-8.477823314012589e-05,-0.0006780965314321374,0.0012698327830724613,65.17522430419922
1693,2018-09-25,0.7367350033545925,0.7358874150237247,0.7367350033545925,0.7350398266928567,0.012364161308863433,-0.0007628747645722633,-0.0016951766617357977,-0.0033056397571760154,-0.0017799548948759236,0.0017777658963014451,65.02540588378906
1694,2018-09-26,0.7380911964174568,0.7411425661420569,0.7423292027386409,0.7375825916854605,0.014623126996644968,0.0013561930628642749,0.005255151118332191,0.005594199384048371,0.002542764992603752,0.0022589656877815348,65.48976135253906
1695,2018-09-27,0.7406339614100605,0.742668251004357,0.7433462828689446,0.7406339614100605,0.011201261812786547,0.002542764992603752,0.0015256848623000918,0.0010170801303036603,0.0030513697246000726,-0.003421865183858421,65.62455749511719
1696,2018-09-28,0.7438548876009409,0.7410577879089167,0.7442786494329526,0.7409730096757766,0.010853728630050926,0.0032209261908803244,-0.0016104630954402177,0.0009323665640080803,0.0003390482657160687,-0.0003475331827356206,65.48230743408203
1697,2018-10-01,0.7383454664500327,0.7359721932568648,0.7388540065151846,0.7359721932568648,0.021105957520751742,-0.005509421150908134,-0.005085594652051939,-0.005424642917768008,-0.005000816418911813,0.010252228890700816,65.2425765991211
1698,2018-10-02,0.7376673699186006,0.7386845147157488,0.7396168812797569,0.7374130998860247,0.010412628821194177,-0.0006780965314321374,0.002712321458884004,0.0007628747645722633,0.001440906629159855,-0.010693328699557565,65.4830322265625
1699,2018-10-03,0.7352940967254327,0.7296151837750887,0.7367350033545925,0.7269028623162047,0.03280178578589282,-0.002373273193167935,-0.009069330940660092,-0.0028818779251643667,-0.010510237569819947,0.022389156964698648,64.67903137207031
1700,2018-10-04,0.7261399875516324,0.7252923992207645,0.7267333058499245,0.7236819361253244,0.016841992701803164,-0.009154109173800218,-0.004322784554324222,-0.010001697504668061,-0.0032209261908803244,-0.01595979308408966,64.29582977294922
1701,2018-10-05,0.7219867594635885,0.7195287080372804,0.7230039042607367,0.7175792613429687,0.019328191624450295,-0.00415322808804397,-0.0057636911834840765,-0.003729401589187775,-0.00610267478235571,0.002486198922647131,63.784912109375
1702,2018-10-08,0.7188506115058483,0.7170706566109724,0.7196134862704205,0.7168163865783964,0.015291460040367315,-0.0031361479577401985,-0.002458051426308061,-0.0033904179903161413,-0.0007628747645722633,-0.00403673158408298,63.566993713378906
1703,2018-10-09,0.7196982645035607,0.7224952995287404,0.7224952995287404,0.7190201679721286,0.016614759466937565,0.0008476529977123892,0.005424642917768008,0.002881813258319821,0.0022037813937322293,0.0013232994265702496,64.04788970947266
1704,2018-10-10,0.7188506115058483,0.7196982645035607,0.7210543928995805,0.7169011648115365,0.01702912595404542,-0.0008476529977123892,-0.002797035025179695,-0.001440906629159855,-0.0021190031605921034,0.00041436648710785687,63.799930572509766
1705,2018-10-11,0.7224105859624448,0.7258009392859164,0.7276656724139324,0.7211391711327206,0.013232994265702486,0.003559974456596504,0.00610267478235571,0.00661127951435192,0.004238006321184096,-0.003796131688342936,64.34091186523438
1706,2018-10-12,0.7257162257196207,0.7253771774539046,0.7280047206796485,0.7244448108898967,0.008233863098659325,0.0033056397571759044,-0.00042376183201175976,0.0003390482657160687,0.0033056397571760154,-0.004999131167043161,64.3033447265625
1707,2018-10-15,0.7246990809224725,0.7237667143584645,0.7262247657847726,0.7235972225590287,0.007552163394062529,-0.0010171447971482062,-0.0016104630954401067,-0.0017799548948759236,-0.0008475883308679544,-0.0006816997045967959,64.16056823730469
1708,2018-10-16,0.7249533509550484,0.7257162257196207,0.7257162257196207,0.7235124443258886,0.008407629690027134,0.00025427003257594283,0.0019495113611561754,-0.0005085400651518857,-8.477823314012589e-05,0.0008554662959646053,64.3333969116211
1709,2018-10-17,0.7250381291881886,0.7213934411652966,0.7258009392859164,0.7213086629321563,0.008167029794287088,8.477823314012589e-05,-0.004322784554324111,8.471356629569105e-05,-0.0022037813937322293,-0.0002405998957400457,63.95021438598633
1710,2018-10-18,0.7205458528344286,0.7202915828018527,0.7231733960601725,0.7193592162378446,0.01224386136099341,-0.0044922763537599275,-0.0011018583634438972,-0.002627543225743878,-0.0019494466943117406,0.004076831566706322,63.85251235961914
1711,2018-10-19,0.7196134862704205,0.7187658979395527,0.7204610746012885,0.7176639749092644,0.02115942416424953,-0.0009323665640080803,-0.0015256848622999808,-0.002712321458884004,-0.0016952413285802326,0.00891556280325612,63.71725082397461
1712,2018-10-22,0.7208849011001447,0.7177487531424045,0.7209696146664404,0.7176639749092644,0.007177896889578014,0.001271414829724149,-0.0010171447971482062,0.0005085400651518857,0.0,-0.013981527274671515,63.62709426879883
1713,2018-10-23,0.7230886178270324,0.7183420714406965,0.7231733960601725,0.7183420714406965,0.014182027187788219,0.0022037167268876834,0.0005933182982920115,0.0022037813937321182,0.0006780965314321374,0.007004130298210205,63.67971420288086
1714,2018-10-24,0.7208849011001447,0.7217324894310126,0.7223258077293045,0.7201220263355724,0.013847860665927044,-0.0022037167268876834,0.0033904179903161413,-0.0008475883308679544,0.0017799548948759236,-0.0003341665218611744,63.98028564453125
1715,2018-10-25,0.7206305664007243,0.7200372481024323,0.7216477111978724,0.7196134862704205,0.0069773969764613105,-0.0002543346994203777,-0.0016952413285803436,-0.0006780965314321374,-0.0005085400651518857,-0.006870463689465734,63.82997894287109
1716,2018-10-26,0.7214782193984367,0.7219019812304484,0.7237667143584645,0.7214782193984367,0.013219627604828038,0.0008476529977123892,0.0018647331280160495,0.0021190031605921034,0.0018647331280161605,0.006242230628366727,63.99528121948242
1717,2018-10-29,0.7219867594635885,0.7204610746012885,0.7219867594635885,0.7187658979395527,0.014288960474783794,0.0005085400651517746,-0.001440906629159855,-0.0017799548948760346,-0.002712321458884004,0.001069332869955756,63.8675537109375
1718,2018-10-30,0.7184268496738366,0.7174097048766884,0.7191048815384242,0.7168163865783964,0.010145295603705239,-0.0035599097897518472,-0.0030513697246000726,-0.0028818779251642557,-0.0019495113611562864,-0.004143664871078555,63.59706115722656
1719,2018-10-31,0.7158840200143883,0.7148668752172401,0.7167316083452563,0.7137650168537963,0.02712095491425287,-0.002542829659448298,-0.002542829659448298,-0.002373273193167935,-0.0030513697246000726,0.016975659310547633,63.37165451049805
1720,2018-11-01,0.7100355505977641,0.7133412550217847,0.7141888433526525,0.7090184704674605,0.014342427118281582,-0.005848469416624202,-0.001525620195455435,-0.002542764992603752,-0.00474654638633587,-0.012778527795971288,63.45458984375
1721,2018-11-02,0.7113069654274883,0.7080013256703123,0.7133412550217847,0.7074080073720203,0.013567160787563658,0.001271414829724149,-0.005339929351472428,-0.0008475883308678434,-0.0016104630954402177,-0.0007752663307179237,62.97956466674805
1722,2018-11-05,0.7106288688960561,0.7102051070640444,0.7111374736280525,0.7089336922343203,0.01522462673599508,-0.0006780965314321374,0.0022037813937321182,-0.0022037813937322293,0.0015256848623000918,0.0016574659484314223,63.17559814453125
1723,2018-11-06,0.7117307919263445,0.7116460136932043,0.7118155701594846,0.7105441553297605,0.021226257468621765,0.001101923030288332,0.001440906629159966,0.0006780965314321374,0.0016104630954401067,0.006001630732626684,63.30380630493164
1724,2018-11-07,0.7151212099166606,0.7145278916183686,0.7186811197064126,0.7139345733200766,0.013714194057182575,0.0033904179903161413,0.0028818779251642557,0.006865549546927974,0.0033904179903161413,-0.007512063411439189,63.56013107299805
1725,2018-11-08,0.7162230682801044,0.7122393319914964,0.7162230682801044,0.7119002837257803,0.01264486118722682,0.0011018583634437862,-0.002288559626872244,-0.002458051426308172,-0.0020342895942963013,-0.001069332869955756,63.35652923583984
1726,2018-11-09,0.7135107468212204,0.7150364316835205,0.7159687982475285,0.7127478720566481,0.01768409233689332,-0.002712321458884004,0.0027970996920241298,-0.00025427003257594283,0.0008475883308678434,0.005039231149666501,63.60537338256836
1727,2018-11-12,0.7169858783778322,0.7162230682801044,0.7180878014081206,0.7153754799492366,0.02998142034138452,0.0034751315566118324,0.001186636596583912,0.0021190031605921034,0.002627607892588424,0.012297328004491199,63.710933685302734
1728,2018-11-13,0.7146973834178044,0.7146973834178044,0.7155449717486723,0.7131716985555043,0.009570529186104019,-0.0022884949600278093,-0.0015256848622999808,-0.002542829659448298,-0.0022037813937322293,-0.0204108911552805,63.575233459472656
1729,2018-11-14,0.7119002837257803,0.7124088884577766,0.7155449717486723,0.7107984253623364,0.012925561065590205,-0.0027970996920241298,-0.0022884949600278093,0.0,-0.002373273193167935,0.0033550318794861866,63.37163925170898
1730,2018-11-15,0.7125783802572124,0.7121545537583561,0.7129174285229284,0.7089336922343203,0.058706374560571026,0.0006780965314321374,-0.0002543346994204887,-0.002627543225743878,-0.0018647331280160495,0.045780813494980824,63.3489875793457
1731,2018-11-16,0.7125783802572124,0.7124088884577766,0.7145278916183686,0.7106288688960561,0.023779289695641134,0.0,0.0002543346994204887,0.0016104630954402177,0.0016951766617357977,-0.03492708486492989,63.37163925170898
1732,2018-11-19,0.7125783802572124,0.7139345733200766,0.7140192868863723,0.7119002837257803,0.01162899496076885,0.0,0.0015256848622999808,-0.0005086047319963205,0.001271414829724149,-0.012150294734872284,63.50735092163086
1733,2018-11-20,0.7143583351520884,0.7134259685880803,0.7151212099166606,0.7130022067560686,0.015291460040367315,0.0017799548948759236,-0.0005086047319963205,0.001101923030288332,0.001101923030288332,0.003662465079598465,63.46213150024414
1734,2018-11-21,0.7152907017160964,0.7149516534503804,0.7152907017160964,0.7129174285229284,0.03375081870797856,0.0009323665640080803,0.0015256848623000918,0.00016949179943581694,-8.477823314023691e-05,0.018459358667611246,63.59782028198242
1735,2018-11-23,0.7178335313755446,0.7151212099166606,0.7178335313755446,0.7151212099166606,0.006162030663120046,0.002542829659448187,0.00016955646628025178,0.002542829659448187,0.0022037813937322293,-0.027588788044858516,63.612918853759766
1736,2018-11-26,0.7146973834178044,0.7153754799492366,0.7154602581823767,0.7136802386206562,0.011268095117158783,-0.0031361479577401985,0.00025427003257594283,-0.002373273193167935,-0.0014409712960044008,0.005106064454038738,63.635528564453125
1737,2018-11-27,0.7142735569189482,0.7141888433526525,0.7153754799492366,0.7136802386206562,0.03059628674160908,-0.0004238264988561946,-0.001186636596584023,-8.477823314012589e-05,0.0,0.0193281916244503,63.52996444702149
1738,2018-11-28,0.7141888433526525,0.7126631584903526,0.7149516534503804,0.7119850619589204,0.01737665913678104,-8.471356629569105e-05,-0.0015256848622999808,-0.0004238264988561946,-0.0016951766617357977,-0.01321962760482804,63.39424514770508
1739,2018-11-29,0.7136802386206562,0.7141040651195124,0.7151212099166606,0.7121545537583561,0.01618702631895526,-0.0005086047319963205,0.001440906629159855,0.00016955646628025178,0.00016949179943570591,-0.0011896328178257788,63.52239608764648
1740,2018-11-30,0.7146126051846643,0.7152907017160964,0.7152907017160964,0.7135107468212204,0.012430994613235668,0.0009323665640080803,0.001186636596584023,0.00016949179943581694,0.0013561930628642749,-0.003756031705719594,63.62798690795898
1741,2018-12-03,0.7133412550217847,0.7185115632401322,0.7185115632401322,0.7133412550217847,0.01954205819844145,-0.0012713501628796031,0.0032208615240357785,0.0032208615240357785,-0.00016949179943570591,0.0071110635852057805,64.13109588623047
1742,2018-12-04,0.7222410294961644,0.7249533509550484,0.7278352288802128,0.7212238846990162,0.02835068771470199,0.008899774474379729,0.006441787714916214,0.00932366564008058,0.007882629677231523,0.008808629516260543,64.70606994628906
1743,2018-12-06,0.7271571323487807,0.7261399875516324,0.7293609137425128,0.7260552739853368,0.02426048948712122,0.004916102852616233,0.001186636596584023,0.0015256848622999808,0.004831389286320542,-0.00409019822758077,64.81194305419922
1744,2018-12-07,0.7264790358173485,0.7273266241482164,0.7273266241482164,0.7245295891230368,0.05196957747984976,-0.0006780965314321374,0.001186636596583912,-0.0020342895942964123,-0.0015256848622999808,0.02770908799272854,64.91787719726562
1745,2018-12-10,0.7291913572762325,0.7292761355093726,0.7309713121711084,0.7273266241482164,0.021867857190595218,0.002712321458884004,0.0019495113611562864,0.003644688022892084,0.002797035025179584,-0.030101720289254542,65.09188842773438
1746,2018-12-11,0.7308018203716727,0.7306322639053924,0.7324969970334085,0.7301237238402406,0.045299613703500725,0.0016104630954402177,0.001356128396019729,0.0015256848623000918,0.002797099692024241,0.023431756512905508,65.21287536621094
1747,2018-12-12,0.7308018203716727,0.7305475503390968,0.7326665534996888,0.7300389456071004,0.017924692232633366,0.0,-8.471356629558002e-05,0.00016955646628025178,-8.477823314023691e-05,-0.02737492147086736,65.2053451538086
1748,2018-12-13,0.7302932803065209,0.7310560904042486,0.7329208235322647,0.7302932803065209,0.030623020063357972,-0.0005085400651518857,0.0005085400651517746,0.00025427003257594283,0.0002543346994204887,0.012698327830724606,65.25076293945312
1749,2018-12-14,0.7332598717979808,0.7319036787351165,0.7335989200636969,0.7310560904042486,0.012257228021867857,0.0029665914914599467,0.0008475883308679544,0.0006780965314321374,0.0007628100977277175,-0.018365792041490116,65.3263931274414
1750,2018-12-17,0.7308865986048129,0.7347855566602808,0.7363112415225809,0.7308865986048129,0.2293050673011375,-0.002373273193167935,0.0028818779251642557,0.002712321458884004,-0.00016949179943570591,0.21704783927926966,65.58364868164062
1751,2018-12-18,0.7359721932568648,0.7382606882168926,0.739955929545473,0.7357179232242889,0.7833130605643405,0.005085594652051939,0.0034751315566118324,0.003644688022892084,0.004831324619475996,0.5540079932632029,65.89380645751953
1752,2018-12-19,0.7412272797083526,0.7428377428037927,0.7458043342952526,0.7406339614100605,0.02098565757288172,0.005255086451487756,0.004577054586900053,0.0058484047497796565,0.004916038185771687,-0.7623274029914587,66.30232238769531
1753,2018-12-20,0.7456348424958169,0.7391082765477605,0.7480081156889848,0.7387692929488889,0.03312258564687955,0.0044075627874643475,-0.00372946625603221,0.0022037813937322293,-0.0018646684611716147,0.012136928073997834,65.96943664550781
1754,2018-12-21,0.7412272797083526,0.7390235629814649,0.7414816144077729,0.7377521481517407,0.02304412334754655,-0.0044075627874643475,-8.471356629558002e-05,-0.006526501281211905,-0.0010171447971482062,-0.010078462299333003,65.96186828613281
1755,2018-12-24,0.7383454664500327,0.7374978781191648,0.7389387847483248,0.7364807333220167,0.02835068771470199,-0.002881813258319821,-0.0015256848623000918,-0.002542829659448187,-0.001271414829724038,0.005306564367155441,66.02486419677734
1756,2018-12-26,0.737243608086589,0.7324122834671128,0.737243608086589,0.7314799169031048,0.03611671768275567,-0.0011018583634437862,-0.005085594652051939,-0.0016951766617357977,-0.005000816418911924,0.00776602996805368,65.56957244873047
1757,2018-12-27,0.7365655115551568,0.7308865986048129,0.7380911964174568,0.7308018203716727,0.05376071003702565,-0.0006780965314321374,-0.0015256848622999808,0.0008475883308678434,-0.0006780965314320264,0.01764399235426998,65.4329605102539
1758,2018-12-28,0.7328360452991246,0.7367350033545925,0.7367350033545925,0.7324969970334085,0.025089222461336932,-0.00372946625603221,0.0058484047497796565,-0.0013561930628642749,0.0016951766617357977,-0.028671487575688718,65.95657348632812
1759,2018-12-31,0.7354635885248685,0.7417358844403489,0.7417358844403489,0.7353788749585728,0.14144600537339766,0.002627543225743878,0.005000881085756359,0.005000881085756359,0.0028818779251642557,0.11635678291206072,66.40425872802734
1760,2019-01-02,0.7424139163049365,0.7441939358666569,0.7441939358666569,0.7402101995780488,0.11203935144961437,0.006950327780067989,0.002458051426308061,0.002458051426308061,0.004831324619475996,-0.02940665392378329,66.62432861328125
1761,2019-01-03,0.7445329194655286,0.7480081156889848,0.7491947522855688,0.7434310611020847,0.10782885327416358,0.0021190031605921034,0.003814179822327901,0.005000816418911813,0.0032208615240358895,-0.004210498175450786,66.96580505371094
1762,2019-01-04,0.7436853311346606,0.7436853311346606,0.7445329194655286,0.7412272797083526,0.06505553847593333,-0.0008475883308679544,-0.004322784554324222,-0.004661832820040179,-0.0022037813937321182,-0.04277331479823025,66.57880401611328
1763,2019-01-07,0.746312939027249,0.7432615693026489,0.7464824308266848,0.7424986945380766,0.03404488524721639,0.002627607892588424,-0.00042376183201175976,0.0019495113611561754,0.001271414829724038,-0.03101065322871694,66.54084777832031
1764,2019-01-08,0.7439396011672366,0.7441091576335168,0.7448719677312446,0.7434310611020847,0.046008046729846416,-0.002373337860012481,0.0008475883308679544,-0.0016104630954401067,0.0009323665640080803,0.011963161482630026,66.61670684814453
1765,2019-01-09,0.7441939358666569,0.7443634276660928,0.7452110159969607,0.7428377428037927,0.05382754334139789,0.0002543346994203777,0.00025427003257594283,0.0003390482657160687,-0.0005933182982920115,0.007819496611551471,66.63951873779297
1766,2019-01-10,0.7450415241975249,0.7401254213449087,0.7450415241975249,0.739362611247181,0.042800048119979145,0.0008475883308679544,-0.004238006321184096,-0.00016949179943581694,-0.0034751315566117214,-0.011027495221418743,66.2601089477539
1767,2019-01-11,0.7424139163049365,0.7418205980066446,0.7433462828689446,0.7406339614100605,0.024514456043735713,-0.002627607892588424,0.0016951766617359088,-0.0016952413285803436,0.0012713501628796031,-0.01828559207624343,66.41182708740234
1768,2019-01-14,0.7412272797083526,0.7390235629814649,0.7419901544729248,0.7380911964174568,0.02536992233970032,-0.001186636596583912,-0.002797035025179695,-0.001356128396019729,-0.002542764992603752,0.0008554662959646062,66.16143798828125
1769,2019-01-15,0.7398711513123328,0.7376673699186006,0.7398711513123328,0.7369892733871685,0.032467619264031654,-0.001356128396019729,-0.0013561930628642749,-0.0021190031605919923,-0.001101923030288332,0.007097696924331334,66.04004669189453
1770,2019-01-16,0.7368197815877326,0.7385149582494686,0.7394473248134765,0.7354635885248685,0.02915268736716881,-0.0030513697246001836,0.0008475883308679544,-0.00042382649885630563,-0.0015256848622999808,-0.0033149318968628445,66.11593627929688
1771,2019-01-17,0.739362611247181,0.7395321030466168,0.7402949131443445,0.7376673699186006,0.0390841163968829,0.002542829659448298,0.0010171447971482062,0.0008475883308679544,0.0022037813937321182,0.009931429029714087,66.20702362060547
1772,2019-01-18,0.7391930547809007,0.7384302446831729,0.7407187396432007,0.7375825916854605,0.0697739697646131,-0.00016955646628025178,-0.0011018583634438972,0.0004238264988561946,-8.477823314012589e-05,0.030689853367730204,66.10829162597656
1773,2019-01-22,0.7413968361746328,0.7409730096757766,0.7430920128363686,0.7397015948460525,0.057182575220884074,0.0022037813937321182,0.002542764992603752,0.002373273193167935,0.0021190031605919923,-0.012591394543729026,66.33598327636719
1774,2019-01-23,0.7397015948460525,0.742074932706065,0.7428377428037927,0.7394473248134765,0.032146819403044924,-0.0016952413285803436,0.001101923030288332,-0.00025427003257594283,-0.00025427003257594283,-0.02503575581783915,66.43462371826172
1775,2019-01-24,0.7446176976986687,0.7455500642626767,0.746312939027249,0.7441091576335168,0.08783232860599094,0.004916102852616233,0.0034751315566117214,0.0034751962234563782,0.00466183282004029,0.055685509202946015,66.74573516845703
1776,2019-01-25,0.744787254164949,0.7447024759318088,0.7450415241975249,0.7432615693026489,0.016574659484314223,0.00016955646628025178,-0.0008475883308678434,-0.001271414829724149,-0.0008475883308679544,-0.07125766912167672,66.66985321044922
1777,2019-01-28,0.7447024759318088,0.7440243794003767,0.7458043342952526,0.7437701093678007,0.016507826179941988,-8.477823314012589e-05,-0.0006780965314321374,0.0007628100977277175,0.0005085400651518857,-6.683330437223453e-05,66.60914611816406
1778,2019-01-29,0.7441939358666569,0.7464824308266848,0.7468214790924008,0.7441939358666569,0.01237752796973788,-0.0005085400651518857,0.002458051426308061,0.0010171447971482062,0.0004238264988561946,-0.004130298210204109,66.82923126220703
1779,2019-01-30,0.7469909708918366,0.7483471639547009,0.7486014339872767,0.7450415241975249,0.02123962412949621,0.002797035025179695,0.0018647331280161605,0.0017799548948759236,0.0008475883308679544,0.008862096159758331,66.99616241455078
1780,2019-01-31,0.7516528037118769,0.7555517617673448,0.7567383983639289,0.7516528037118769,0.014984026840255037,0.00466183282004029,0.007204597812643931,0.008136964376652123,0.006611279514352031,-0.006255597289241174,67.6411361694336
1781,2019-02-01,0.7524156138096046,0.7501271188495768,0.7531784885741769,0.7491099740524286,0.04551348027749188,0.0007628100977277175,-0.005424642917768008,-0.0035599097897519583,-0.002542829659448298,0.030529453437236842,67.37092590332031
1782,2019-02-04,0.7480081156889848,0.7481776074884205,0.7492795305187089,0.7454652860295365,0.24372769438466577,-0.004407498120619802,-0.0019495113611562864,-0.003898958055468027,-0.003644688022892084,0.19821421410717388,67.19578552246094
1783,2019-02-05,0.750211897082717,0.752669948509025,0.7543651251707609,0.750211897082717,0.030302220202371246,0.0022037813937321182,0.004492341020604473,0.00508559465205205,0.004746611053180416,-0.21342547418229452,67.59930419921875
1784,2019-02-06,0.7543651251707609,0.7515680254787367,0.7543651251707609,0.7501271188495768,0.029433387245532194,0.00415322808804397,-0.001101923030288332,0.0,-8.477823314012589e-05,-0.0008688329568390524,67.50028228759766
1785,2019-02-07,0.7534327586067529,0.7534327586067529,0.7536870286393288,0.751144263646725,0.04856107895686579,-0.0009323665640080803,0.0018647331280161605,-0.0006780965314321374,0.0010171447971482062,0.019127691711333595,67.66779327392578
1786,2019-02-08,0.755636540000485,0.755636540000485,0.7563993500982128,0.7542803469376207,0.045326347025249625,0.0022037813937321182,0.0022037813937321182,0.002712321458884004,0.0031360832908956526,-0.003234731931616164,67.86570739746094
1787,2019-02-11,0.7543651251707609,0.7544499034039011,0.755636540000485,0.7539412986719047,0.10590405410824322,-0.001271414829724038,-0.001186636596583912,-0.0007628100977278285,-0.0003390482657159577,0.06057770708299359,67.75914764404297
1788,2019-02-12,0.754704173436477,0.7531784885741769,0.754704173436477,0.7519070737444528,0.029821020410891155,0.0003390482657160687,-0.001271414829724149,-0.0009323665640079692,-0.0020342249274519775,-0.07608303369735206,67.64496612548828
1789,2019-02-13,0.7518222955113126,0.7512289772130206,0.752330900243309,0.750550945348433,0.018673225241602396,-0.0028818779251643667,-0.0019495113611562864,-0.002373273193168046,-0.001356128396019729,-0.011147795169288759,67.46986389160156
1790,2019-02-14,0.7554669835342047,0.7524156138096046,0.7554669835342047,0.7521613437770287,0.021293090772994,0.003644688022892084,0.001186636596584023,0.0031360832908957637,0.0016103984285956718,0.0026198655313916033,67.5764389038086
1791,2019-02-15,0.7530937103410368,0.754704173436477,0.7549584434690528,0.7522461220101688,0.03826875008354163,-0.002373273193167935,0.002288559626872355,-0.0005085400651518857,8.477823314012589e-05,0.01697565931054763,67.78199768066406
1792,2019-02-19,0.756823176597069,0.7552127135016288,0.7572469384290806,0.7528394403084608,0.909534439201743,0.00372946625603221,0.0005085400651517746,0.0022884949600278093,0.0005933182982920115,0.8712656891182015,67.82760620117188
1793,2019-02-20,0.7542803469376207,0.7539412986719047,0.7544499034039011,0.7521613437770287,0.05199631080159865,-0.002542829659448298,-0.001271414829724038,-0.002797035025179584,-0.0006780965314321374,-0.8575381284001444,67.71348571777344
1794,2019-02-21,0.7501271188495768,0.7488557040198527,0.750211897082717,0.7482623857215608,0.043254514589710344,-0.004153228088043859,-0.00508559465205205,-0.004238006321184096,-0.003898958055467916,-0.008741796211888309,67.2567138671875
1795,2019-02-22,0.752330900243309,0.752924218541601,0.7545346169701966,0.7519070737444528,0.038469249996658336,0.0022037813937321182,0.004068514521748279,0.004322719887479676,0.003644688022891973,-0.004785264593052008,67.62210845947266
1796,2019-02-25,0.751398533679301,0.7521613437770287,0.7525003920427448,0.7507204371478688,0.042800048119979145,-0.0009323665640079692,-0.0007628747645722633,-0.0020342249274518664,-0.001186636596583912,0.004330798123320809,67.5536117553711
1797,2019-02-26,0.7548736652359127,0.7543651251707609,0.7552127135016288,0.752924218541601,0.026171921992167137,0.0034751315566117214,0.0022037813937322293,0.002712321458884004,0.0022037813937321182,-0.016628126127812008,67.75154876708984
1798,2019-02-27,0.7515680254787367,0.7482623857215608,0.7519070737444528,0.7470757491249768,0.026265488618288264,-0.0033056397571760154,-0.006102739449200145,-0.0033056397571760154,-0.005848469416624202,9.356662612112696e-05,67.20342254638672
1799,2019-02-28,0.7494490223181447,0.7471605273581169,0.7495338005512848,0.7456348424958169,0.03015518693275233,-0.0021190031605919923,-0.0011018583634438972,-0.002373273193167935,-0.001440906629159855,0.0038896983144640664,67.10445404052734
1800,2019-03-01,0.7436853311346606,0.7409730096757766,0.7446176976986687,0.7407187396432007,0.04447088072928502,-0.0057636911834840765,-0.006187517682340271,-0.004916102852616122,-0.004916102852616233,0.014315693796532688,66.77067565917969
1801,2019-03-04,0.7429225210369329,0.744787254164949,0.745126302430665,0.7424986945380766,0.024434256078489033,-0.0007628100977277175,0.003814244489172336,0.0005086047319963205,0.0017799548948759236,-0.020036624650795986,67.11439514160156
1802,2019-03-05,0.7431767910695087,0.7449567459643848,0.7449567459643848,0.7423292027386409,0.031264619785331425,0.0002542700325758318,0.00016949179943581694,-0.00016955646628025178,-0.00016949179943570591,0.006830363706842393,67.12969970703125
1803,2019-03-06,0.7455500642626767,0.7474147973906928,0.7481776074884205,0.7452957942301008,0.05035221151404168,0.002373273193167935,0.002458051426308061,0.0032208615240357785,0.0029665914914599467,0.019087591728710253,67.35118865966797
1804,2019-03-07,0.7495338005512848,0.750805215381009,0.7512289772130206,0.7495338005512848,0.015331560022990657,0.003983736288608153,0.0033904179903161413,0.0030513697246000726,0.004238006321183985,-0.03502065149105102,67.65670013427734
1805,2019-03-08,0.7503813888821528,0.7520766302107331,0.7521613437770287,0.7483471639547009,0.013593894109312553,0.0008475883308679544,0.001271414829724149,0.0009323665640080803,-0.001186636596583912,-0.0017376659136781047,67.77127838134766
1806,2019-03-11,0.7520766302107331,0.7525851702758849,0.7528394403084608,0.751144263646725,0.04771897932177563,0.0016952413285803436,0.0005085400651517746,0.0006780965314321374,0.0027970996920241298,0.034125085212463074,67.81707000732422
1807,2019-03-12,0.753517536839893,0.7563146365319171,0.7575012731285011,0.7531784885741769,0.0204108911552805,0.001440906629159855,0.00372946625603221,0.00466183282004029,0.0020342249274518664,-0.027308088166495128,68.15313720703125
1808,2019-03-13,0.7548736652359127,0.7551279352684886,0.7557213182336251,0.7536870286393288,0.02365898974777111,0.001356128396019729,-0.001186701263428458,-0.0017799548948760346,0.0005085400651518857,0.00324809859249061,68.04622650146484
1809,2019-03-14,0.754704173436477,0.7510594854135849,0.754704173436477,0.749618578784425,0.14300990469570796,-0.00016949179943570591,-0.004068449854903733,-0.0010171447971480951,-0.004068449854903844,0.11935091494793684,67.67957305908203
1810,2019-03-15,0.7548736652359127,0.7551279352684886,0.7558060317999208,0.7536023150730331,0.028430887679948672,0.00016949179943570591,0.004068449854903733,0.0011018583634437862,0.003983736288608153,-0.11457901701575929,68.04622650146484
1811,2019-03-18,0.7545346169701966,0.7551279352684886,0.7557213182336251,0.7544499034039011,0.019448491572320318,-0.0003390482657160687,0.0,-8.471356629569105e-05,0.0008475883308679544,-0.008982396107628354,68.04622650146484
1812,2019-03-19,0.7525003920427448,0.7548736652359127,0.7551279352684886,0.7522461220101688,0.028684854236563164,-0.0020342249274518664,-0.00025427003257594283,-0.0005933829651364464,-0.0022037813937322293,0.009236362664242846,68.02335357666016
1813,2019-03-20,0.7558908100330609,0.7604678646199611,0.762247819514837,0.7554669835342047,0.02331145656503549,0.0033904179903161413,0.005594199384048371,0.007119884246348351,0.0032208615240358895,-0.005373397671527676,68.52741241455078
1814,2019-03-21,0.7619087712491209,0.763434456111421,0.7636039479108567,0.7615697229834049,0.016053359710210793,0.006017961216060019,0.0029665914914599467,0.001356128396019729,0.006102739449200145,-0.007258096854824696,68.79472351074219
1815,2019-03-22,0.7684353371971773,0.7725037870520811,0.7735209318492293,0.767926732465181,0.01908759172871025,0.00652656594805634,0.009069330940660092,0.009916983938372592,0.006357009481776088,0.0030342320184994567,69.612060546875
1816,2019-03-25,0.7719952469869291,0.7739446936812411,0.7776741599372732,0.7704695621246291,0.01616029299720637,0.0035599097897518472,0.001440906629159966,0.004153228088043859,0.002542829659448187,-0.00292729873150388,69.74181365966797
1817,2019-03-26,0.773097105350373,0.7738599801149452,0.7753856649772454,0.7722495170195052,0.021827757207971876,0.0011018583634438972,-8.471356629591309e-05,-0.0022884949600278093,0.0017799548948760346,0.005667464210765506,69.73419189453125
1818,2019-03-27,0.7756399350098214,0.7792846230327132,0.7800474331304411,0.7756399350098214,0.04953684520070041,0.002542829659448409,0.005424642917768008,0.0046617681531957444,0.0033904179903162524,0.027709087992728535,70.22301483154297
1819,2019-03-28,0.7800474331304411,0.7813188479601653,0.7815731179927411,0.7788607965338571,0.012110194752248941,0.004407498120619691,0.0020342249274520885,0.0015256848622999808,0.0032208615240356675,-0.03742665044845147,70.40631866455078
1820,2019-03-29,0.7776741599372732,0.7809797996944492,0.7812340697270252,0.7776741599372732,0.03273495248152059,-0.002373273193167935,-0.0003390482657160687,-0.0003390482657158467,-0.001186636596583912,0.02062475772927165,70.37580108642578
1821,2019-04-01,0.7748770602452492,0.7710628804229211,0.776402745107549,0.7699609573926328,0.06260943953590953,-0.0027970996920240188,-0.009916919271528046,-0.004831324619476218,-0.007713202544640363,0.029874487054388936,69.70760345458984
1822,2019-04-02,0.7719104687537891,0.7716561987212132,0.7725885652852212,0.770384783891489,0.04715757956504885,-0.0029665914914600577,0.0005933182982920115,-0.00381417982232779,0.0004238264988561946,-0.015451859970860675,69.76123809814453
1823,2019-04-03,0.7680115106983211,0.767757240665745,0.7691133690617648,0.767079144134313,0.022282223677703075,-0.003898958055468027,-0.003898958055468138,-0.0034751962234564893,-0.0033056397571760154,-0.02487535588734578,69.40875244140625
1824,2019-04-04,0.7681810024977568,0.7692829255280453,0.769706687360057,0.767672462432605,0.023271356582412146,0.00016949179943570591,0.0015256848623003139,0.0005933182982922336,0.0005933182982920115,0.0009891329047090718,69.54667663574219
1825,2019-04-05,0.7690286554954693,0.7707238321572051,0.7717409769543532,0.7689438772623292,0.0682368037640517,0.0008476529977125002,0.0014409066291597439,0.0020342895942961903,0.001271414829724149,0.04496544718163955,69.67697143554688
1826,2019-04-08,0.7700457356257729,0.769706687360057,0.7706390539240651,0.7684353371971773,0.024581289348107948,0.0010170801303036603,-0.0010171447971480951,-0.00110192303028811,-0.0005085400651518857,-0.043655514415943744,69.58497619628906
1827,2019-04-09,0.7725037870520811,0.7729276135509372,0.774283741946957,0.7714866422549329,0.7923756566372154,0.002458051426308172,0.0032209261908802134,0.003644688022891973,0.0030513050577556378,0.7677943672891074,69.87619018554688
1828,2019-04-10,0.7745380119795329,0.7756399350098214,0.7759789832755373,0.7738599801149452,0.032628019194525015,0.0020342249274517554,0.002712321458884226,0.0016952413285802326,0.002373337860012259,-0.7597476374426904,70.12142181396484
1829,2019-04-11,0.7745380119795329,0.7723342952526454,0.7747075684458132,0.771571420488073,0.06117920682234371,0.0,-0.0033056397571760154,-0.001271414829724038,-0.002288559626872133,0.02855118762781869,69.82254791259766
1830,2019-04-12,0.7705543403577693,0.7702152920920534,0.7718256905206491,0.769706687360057,0.03586275112614118,-0.003983671621763607,-0.0021190031605919923,-0.0028818779251641446,-0.0018647331280160495,-0.025316455696202528,69.6309585571289
1831,2019-04-15,0.7707238321572051,0.7699609573926328,0.7716561987212132,0.769876243826337,0.037947950222554906,0.00016949179943581694,-0.0002543346994205997,-0.00016949179943592796,0.00016955646628002974,0.002085199096413727,69.60800170898438
1832,2019-04-16,0.768265780730897,0.7664010476028811,0.7685200507634731,0.7662315558034452,0.039966316014596395,-0.002458051426308061,-0.0035599097897517362,-0.0031361479577400875,-0.003644688022891862,0.002018365792041489,69.28614044189453
1833,2019-04-17,0.767079144134313,0.766146777570305,0.7680115106983211,0.766146777570305,0.029821020410891155,-0.001186636596584023,-0.00025427003257605385,-0.0005085400651519967,-8.477823314012589e-05,-0.01014529560370524,69.26317596435547
1834,2019-04-18,0.7691981472949051,0.7684353371971773,0.7691981472949051,0.767757240665745,0.023592156443398876,0.0021190031605921034,0.002288559626872244,0.001186636596584023,0.0016104630954399957,-0.006228863967492278,69.47003173828125
1835,2019-04-22,0.7669943659011728,0.7652991892394371,0.7669943659011728,0.765214411006297,0.03373745204710411,-0.0022037813937323403,-0.0031361479577401985,-0.0022037813937323403,-0.002542829659448076,0.010145295603705237,69.18653869628906
1836,2019-04-23,0.7674181924000291,0.768265780730897,0.768265780730897,0.7667400958685969,0.01954205819844145,0.00042382649885630563,0.0029665914914599467,0.00127141482972426,0.0015256848622999808,-0.014195393848662665,69.45470428466797
1837,2019-04-24,0.7706390539240651,0.7741989637138169,0.7741989637138169,0.7706390539240651,0.018445992006736796,0.0032208615240360006,0.005933182982919893,0.005933182982919893,0.003898958055468138,-0.0010960661917046519,69.99110412597656
1838,2019-04-25,0.7737752018818052,0.7728428353177971,0.7737752018818052,0.7714019286886373,0.029740820445644474,0.0031361479577400875,-0.00135612839601984,-0.00042376183201175976,0.0007628747645722633,0.011294828438907677,69.86849212646484
1839,2019-04-26,0.7761484750749731,0.7760636968418331,0.7769113498395454,0.7752161085109651,0.022522823573443117,0.002373273193167935,0.0032208615240360006,0.0031361479577401985,0.00381417982232779,-0.007217996872201357,70.15970611572266
1840,2019-04-29,0.7733513753829488,0.7716561987212132,0.7734361536160891,0.7705543403577693,0.049229412000588134,-0.002797099692024241,-0.004407498120619913,-0.0034751962234562672,-0.0046617681531958555,0.026706588427145017,69.76123809814453
1841,2019-04-30,0.771571420488073,0.7737752018818052,0.7743685201800972,0.7713171504554971,0.029901220376137835,-0.0017799548948758126,0.0021190031605919923,0.0009323665640080803,0.0007628100977278285,-0.0193281916244503,69.95278930664062
1842,2019-05-01,0.7737752018818052,0.7741142501475211,0.7775893817041329,0.7723342952526454,0.07157846898266344,0.0022037813937321182,0.0003390482657159577,0.0032208615240357785,0.0010171447971483172,0.04167724860652561,70.19490051269531
1843,2019-05-02,0.7736056454155249,0.7694524173274809,0.7736056454155249,0.7683505589640371,0.025744188844184834,-0.00016955646628025178,-0.004661832820040179,-0.003983736288608042,-0.003983736288608264,-0.04583428013847861,69.77220153808594
1844,2019-05-03,0.7717409769543532,0.7719952469869291,0.7737752018818052,0.7713171504554971,0.0219480571558419,-0.0018646684611717257,0.002542829659448187,0.00016955646628025178,0.0029665914914599467,-0.003796131688342936,70.00276947021484
1845,2019-05-06,0.7747923466789534,0.7746227902126731,0.7752161085109651,0.7732666618166534,0.027014021627257294,0.0030513697246001836,0.002627543225743989,0.001440906629159966,0.0019495113611562864,0.0050659644714153955,70.24101257324219
1846,2019-05-07,0.7752161085109651,0.7773351116715571,0.7780132082029892,0.7749618384783892,0.030302220202371246,0.00042376183201175976,0.002712321458884004,0.0027970996920241298,0.0016951766617357977,0.003288198575113952,70.48698425292969
1847,2019-05-08,0.778521748268141,0.7731818835835131,0.778521748268141,0.773097105350373,0.02839078769732533,0.0033056397571759044,-0.00415322808804397,0.0005085400651517746,-0.0018647331280161605,-0.001911432505045916,70.1103744506836
1848,2019-05-09,0.7766570151401249,0.7748770602452492,0.7770808416389812,0.7725037870520811,0.033015652359883976,-0.0018647331280161605,0.0016951766617360198,-0.001440906629159855,-0.0005933182982919005,0.004624864662558646,70.26408386230469
1849,2019-05-10,0.774283741946957,0.7747075684458132,0.775809426809257,0.773690423648665,0.03133145308970366,-0.002373273193167824,-0.00016949179943592796,-0.001271414829724149,0.001186636596583912,-0.001684199270180313,70.24871063232422
1850,2019-05-13,0.7759789832755373,0.7780979864361293,0.7781827000024252,0.7753856649772454,0.026265488618288264,0.0016952413285802326,0.0033904179903160303,0.002373273193168157,0.0016952413285803436,-0.005065964471415399,70.55614471435547
1851,2019-05-14,0.7779284299698491,0.7774198899046972,0.7780979864361293,0.7761484750749731,0.017109325919292102,0.0019494466943118516,-0.0006780965314320264,-8.471356629591309e-05,0.0007628100977277175,-0.009156162698996162,70.49465942382812
1852,2019-05-15,0.7813188479601653,0.7808103078950135,0.7814036261933053,0.7786065265012813,0.040821782310561,0.0033904179903161413,0.0033904179903162524,0.0033056397571760154,0.002458051426308172,0.0237124563912689,70.80209350585938
1853,2019-05-16,0.779962654897301,0.7786913047344215,0.779962654897301,0.7783522564687052,0.018860358493844653,-0.0013561930628642749,-0.0021190031605919923,-0.0014409712960042897,-0.00025427003257605385,-0.021961423816716348,70.60995483398438
1854,2019-05-17,0.7816578962258813,0.7803864813961572,0.7816578962258813,0.7790303530001375,0.018459358667611243,0.0016952413285803436,0.0016951766617356867,0.0016952413285803436,0.0006780965314322485,-0.00040099982623341066,70.76366424560547
1855,2019-05-20,0.7798779413310054,0.7782674782355652,0.7814883397596011,0.7779284299698491,0.018325692058866774,-0.0017799548948759236,-0.0021190031605919923,-0.00016955646628025178,-0.001101923030288332,-0.00013366660874446906,70.57152557373047
1856,2019-05-21,0.7786065265012813,0.7782674782355652,0.7787760183007169,0.7773351116715571,0.01606672637108524,-0.001271414829724149,0.0,-0.002712321458884226,-0.0005933182982920115,-0.0022589656877815348,70.57152557373047
1857,2019-05-22,0.7784369700350009,0.7808950214613088,0.7810645779275893,0.7781827000024252,0.012898827743841311,-0.0001695564662803628,0.002627543225743656,0.002288559626872466,0.0008475883308680654,-0.0031678986272439275,70.80978393554688
1858,2019-05-23,0.7829293110556055,0.7859806807802054,0.7885234457728092,0.7829293110556055,0.16791199390480263,0.004492341020604584,0.005085659318896596,0.007458867845219874,0.004746611053180305,0.1550131661609613,71.27095794677734
1859,2019-05-24,0.7872520309430849,0.7878453492413772,0.7878453492413772,0.7856416325144893,0.020571291085773862,0.004322719887479454,0.0018646684611717257,-0.0006780965314320264,0.002712321458883782,-0.14734070281902878,71.44001770019531
1860,2019-05-28,0.7897100823693933,0.7922529120288414,0.7935243268585657,0.7897100823693933,0.08458423001350032,0.002458051426308394,0.0044075627874642365,0.0056789776171884965,0.004068449854904066,0.06401293892772646,71.83967590332031
1861,2019-05-29,0.7951347252871613,0.7932699921591451,0.7960670918511694,0.7930157221265693,0.06000294066539238,0.005424642917768008,0.0010170801303036603,0.002542764992603752,0.0033056397571760154,-0.024581289348107944,71.93194580078125
1862,2019-05-30,0.7953042817534414,0.7985251432774774,0.7988641915431934,0.7933547703922852,0.05671474209027843,0.00016955646628002974,0.005255151118332302,0.0027970996920240188,0.0003390482657158467,-0.0032881985751139486,72.4084701538086
1863,2019-05-31,0.7988641915431934,0.8035260243632335,0.8036955161626694,0.7988641915431934,0.11429831713739591,0.0035599097897520693,0.005000881085756137,0.004831324619475996,0.005509421150908245,0.05758357504711748,72.86186218261719
1864,2019-06-03,0.8036107379295294,0.8055602492906856,0.8062383458221178,0.8012374647363614,0.06244903960541617,0.004746546386335981,0.0020342249274520885,0.002542829659448409,0.002373273193167935,-0.05184927753197974,73.26585388183594
1865,2019-06-04,0.8032716896638132,0.8013222429695015,0.8035260243632335,0.7989489697763337,0.09563845855666796,-0.00033904826571617974,-0.004238006321184096,-0.002712321458884337,-0.0022884949600276983,0.033189418951251784,72.88037872314453
1866,2019-06-05,0.8003898764054934,0.7980166032123255,0.8014917347689374,0.7972537284477533,0.20070041302982103,-0.002881813258319821,-0.0033056397571760154,-0.0020342895942960793,-0.0016952413285803436,0.10506195447315307,72.57974243164062
1867,2019-06-06,0.8014917347689374,0.8009831947037854,0.8036107379295294,0.7985251432774774,0.058679641238822126,0.0011018583634440082,0.0029665914914599467,0.0021190031605919923,0.001271414829724038,-0.1420207717909989,72.84954833984375
1868,2019-06-07,0.8064078376215534,0.8067468858872695,0.8087811108147215,0.8055602492906856,0.03391121863847192,0.004916102852616011,0.0057636911834840765,0.005170372885192065,0.0070351060132082255,-0.024768422600350205,73.37376403808594
1869,2019-06-10,0.8029327060649417,0.8020850530672291,0.8030174196312372,0.8010679729369257,0.04940317859195594,-0.0034751315566117214,-0.004661832820040401,-0.0057636911834842985,-0.0044922763537599275,0.01549195995348402,72.94979095458984
1870,2019-06-11,0.8020850530672291,0.8015765130020774,0.8022546095335096,0.8003898764054934,0.054616176332990256,-0.0008476529977126113,-0.0005085400651516636,-0.0007628100977276064,-0.0006780965314322485,0.005212997741034314,72.90352630615234
1871,2019-06-12,0.8012374647363614,0.8022546095335096,0.8023393877666497,0.8000508281397773,0.025222889070081404,-0.0008475883308677323,0.0006780965314321374,8.477823314012589e-05,-0.0003390482657160687,-0.02939328726290885,72.96519470214844
1872,2019-06-13,0.8034412461300935,0.8052212010249695,0.8054754710575454,0.8030174196312372,0.01918115835483138,0.0022037813937321182,0.0029665914914599467,0.0031360832908956526,0.0029665914914598357,-0.0060417307152500245,73.23501586914062
1873,2019-06-14,0.8044583909272417,0.8054754710575454,0.8070011559198454,0.8039497861952454,0.02361888976514777,0.0010171447971482062,0.0002542700325758318,0.0015256848623000918,0.0009323665640081913,0.004437731410316389,73.25816345214844
1874,2019-06-17,0.8059840111226972,0.8071707123861257,0.8071707123861257,0.8046278827266775,0.06877147019902959,0.001525620195455546,0.0016952413285803436,0.00016955646628025178,0.0006780965314321374,0.04515258043388182,73.41230773925781
1875,2019-06-18,0.8143753101987696,0.8125953553038938,0.8156467250284938,0.8111543840078895,0.03594295109138786,0.00839129907607239,0.005424642917768119,0.00847601264236808,0.006526501281212016,-0.03282851910764172,73.90568542480469
1876,2019-06-19,0.8110696704415936,0.8176809499559458,0.8176809499559458,0.8091201590804374,0.053292876906420004,-0.0033056397571760154,0.005085594652051939,0.0020342249274519775,-0.0020342249274520885,0.01734992581503214,74.36824798583984
1877,2019-06-20,0.8213256379788377,0.8239531812045816,0.8239531812045816,0.8198847313496779,0.049095745391843665,0.010255967537244115,0.006272231248635851,0.006272231248635851,0.010764572269240436,-0.00419713151457634,74.9386978149414
1878,2019-06-21,0.821071367946262,0.8157314385947894,0.8213256379788377,0.8147990720307813,0.039445016240492965,-0.0002542700325757208,-0.008221742609792249,-0.002627543225743878,-0.005085659318896596,-0.0096507291513507,74.19093322753906
1879,2019-06-24,0.8184437600536736,0.8201390013822539,0.8208170332468414,0.8177657281890859,0.03169235293331373,-0.002627607892588424,0.0044075627874645695,-0.0005086047319963205,0.0029666561583046036,-0.007752663307179233,74.59178924560547
1880,2019-06-25,0.8211560815125574,0.8192066348182457,0.8217493998108496,0.8191218565851056,0.038896983144640636,0.002712321458883782,-0.0009323665640081913,0.0009323665640081913,0.001356128396019729,0.007204630211326904,74.50697326660156
1881,2019-06-26,0.8193761266176817,0.8159009950610698,0.8198847313496779,0.8151381202964976,0.04243914827636908,-0.0017799548948757016,-0.0033056397571759044,-0.0018646684611717257,-0.003983736288608042,0.0035421651317284475,74.2063217163086
1882,2019-06-27,0.8186133165199536,0.8222580045428459,0.8228513228411377,0.8171724098907939,0.03429885180383088,-0.0007628100977280505,0.006357009481776088,0.0029665914914598357,0.0020342895942963013,-0.008140296472538201,74.78453063964844
1883,2019-06-28,0.8220037345102699,0.8226817663748577,0.8238684029714416,0.8206475414474056,0.06420007217996872,0.0033904179903162524,0.00042376183201175976,0.0010170801303038823,0.0034751315566117214,0.029901220376137835,74.82305908203125
1884,2019-07-01,0.8228513228411377,0.8226817663748577,0.8242922294702977,0.8186980300862494,0.08233863098659323,0.0008475883308678434,0.0,0.0004238264988560836,-0.0019495113611561754,0.018138558806624516,75.04186248779297
1885,2019-07-02,0.8236141329388657,0.8269197726960417,0.8274283774280381,0.8228513228411377,0.06968040313849197,0.0007628100977279395,0.004238006321183985,0.0031361479577404205,0.004153292754888294,-0.012658227848101264,75.42842864990234
1886,2019-07-03,0.8285302357914818,0.8309882872177898,0.8309882872177898,0.8279369174931898,0.057570208386243035,0.004916102852616122,0.004068514521748168,0.0035599097897517362,0.00508559465205205,-0.012110194752248934,75.79957580566406
1887,2019-07-05,0.8232750846731494,0.8224274963422816,0.8232750846731494,0.8163247568930816,0.09839199069680403,-0.005255151118332413,-0.008560790875508206,-0.007713202544640474,-0.011612160600108168,0.040821782310560994,75.0186767578125
1888,2019-07-08,0.8247160559691538,0.8221732263097057,0.8249703260017297,0.8221732263097057,0.028110087818961946,0.0014409712960044008,-0.00025427003257594283,0.0016952413285803436,0.005848469416624091,-0.07028190287784208,74.99547576904297
1889,2019-07-09,0.8222580045428459,0.8211560815125574,0.8222580045428459,0.8187828083193895,0.03457955168219427,-0.002458051426307839,-0.0010171447971483172,-0.002712321458883782,-0.0033904179903161413,0.006469463863232328,74.90266418457031
1890,2019-07-10,0.8211560815125574,0.8175113934896655,0.8212408597456976,0.8164943133593616,0.02804325451458971,-0.001101923030288554,-0.003644688022891862,-0.0010171447971483172,-0.0022884949600279203,-0.006536297167604562,74.57022857666016
1891,2019-07-11,0.8168333616250779,0.8103067956770215,0.8168333616250779,0.8075096959849973,0.05622017563792389,-0.004322719887479454,-0.007204597812644042,-0.004407498120619691,-0.00898461737436429,0.02817692112333418,73.9130859375
1892,2019-07-12,0.8089506672810016,0.8111543840078895,0.8116629887398858,0.8076792524512776,0.02708085493162953,-0.007882694344076291,0.0008475883308680654,-0.005170372885192065,0.00016955646628025178,-0.029139320706294363,73.99037170410156
1893,2019-07-15,0.8117477023061813,0.8142057537324896,0.8145448019982054,0.8115782105067456,0.030970553246093595,0.002797035025179695,0.0030513697246000726,0.0028818132583195988,0.003898958055468027,0.0038896983144640664,74.26871490478516
1894,2019-07-16,0.8104763521433018,0.8113239404741697,0.8113239404741697,0.8086963972484258,0.03036905350674348,-0.001271350162879492,-0.002881813258319932,-0.0032208615240357785,-0.002881813258319821,-0.0006014997393501142,74.00582122802734
1895,2019-07-17,0.8140362619330537,0.8183590464873777,0.8192914130513859,0.8138667054667734,0.03939154959699517,0.0035599097897518472,0.0070351060132080034,0.007967472577216195,0.00517030821834763,0.009022496090251693,74.6475601196289
1896,2019-07-18,0.8176809499559458,0.8207323196805457,0.8214951297782737,0.8153076767627776,0.027575421383984066,0.003644688022892084,0.002373273193168046,0.0022037167268877944,0.0014409712960041787,-0.011816128213011107,74.86402893066406
1897,2019-07-19,0.8191218565851056,0.8183590464873777,0.8198847313496779,0.8173419016902297,0.024193656182748987,0.001440906629159855,-0.002373273193168046,-0.0016103984285957829,0.0020342249274520885,-0.003381765201235079,74.6475601196289
1898,2019-07-22,0.8230208146405736,0.8207323196805457,0.8230208146405736,0.8203932714148298,0.03825538342266718,0.003898958055468027,0.002373273193168046,0.0031360832908957637,0.0030513697246000726,0.014061727239918196,74.86402893066406
1899,2019-07-23,0.8208170332468414,0.8194609048508217,0.8208170332468414,0.8171724098907939,0.021266357451245103,-0.0022037813937322293,-0.001271414829724038,-0.0022037813937322293,-0.0032208615240358895,-0.01698902597142208,74.74805450439453
1900,2019-07-24,0.821410416211978,0.8216646862445537,0.8225122745754218,0.8201390013822539,0.025262989052704743,0.0005933829651365574,0.002203781393732007,0.0016952413285803436,0.0029665914914600577,0.0039966316014596395,74.94906616210938
1901,2019-07-25,0.8200542231491137,0.8192914130513859,0.8208170332468414,0.8150534067302019,0.07124430246080227,-0.0013561930628642749,-0.002373273193167824,-0.0016952413285803436,-0.00508559465205205,0.045981313408097524,74.73259735107422
1902,2019-07-26,0.8225122745754218,0.8208170332468414,0.8225122745754218,0.8198847313496779,0.02750858807961183,0.002458051426308061,0.001525620195455546,0.0016952413285803436,0.004831324619475996,-0.043735714381190435,74.87174224853516
1903,2019-07-29,0.8227665446079977,0.8209865897131217,0.8230208146405736,0.8204780496479698,0.028805154184433187,0.00025427003257594283,0.00016955646628025178,0.0005085400651518857,0.0005933182982919005,0.0012965661048213555,74.8872299194336
1904,2019-07-30,0.8222580045428459,0.8216646862445537,0.8223427181091415,0.8197151748833976,0.08069453169903626,-0.0005085400651517746,0.0006780965314320264,-0.0006780965314321374,-0.0007628747645721523,0.05188937751460307,74.94906616210938
1905,2019-07-31,0.8217493998108496,0.8244617212697335,0.8281064092926257,0.8217493998108496,0.05719594188175852,-0.0005086047319963205,0.002797035025179806,0.0057636911834841875,0.0020342249274519775,-0.02349858981727774,75.20423889160156
1906,2019-08-01,0.8298016506212059,0.8353110717721139,0.8358196118372659,0.8270893291623217,0.04390948097255824,0.00805225081035632,0.01084935050238045,0.007713202544640252,0.005339929351472095,-0.013286460909200278,76.42009735107422
1907,2019-08-02,0.8370062484338499,0.8411594765218936,0.8411594765218936,0.8352262935389739,0.03699891730046917,0.007204597812643931,0.0058484047497796565,0.00533986468462766,0.008136964376652234,-0.006910563672089073,76.95518493652344
1908,2019-08-05,0.84607557937451,0.8483640743345378,0.8483640743345378,0.842854717850474,0.066900137676607,0.009069330940660092,0.0072045978126441534,0.0072045978126441534,0.007628424311500015,0.029901220376137835,77.61430358886719
1909,2019-08-06,0.846923167705378,0.8540430519517264,0.8543821002174421,0.8455670393093582,0.05394784328926791,0.0008475883308680654,0.0056789776171886075,0.006018025882904343,0.002712321458884226,-0.012952294387339094,78.13384246826172
1910,2019-08-07,0.8637904794238184,0.8554839585808861,0.8669265627147141,0.8542973219843021,0.06119257348321816,0.01686731171844036,0.0014409066291597439,0.012544462497272035,0.008730282674943912,0.0072447301939502495,78.26568603515625
1911,2019-08-08,0.85209354059057,0.8582810582729103,0.8594676948694943,0.8473469942042341,0.04709074626067662,-0.011696938833248405,0.002797099692024241,-0.007458867845219874,-0.006950327780067989,-0.014101827222541538,78.52156829833984
1912,2019-08-09,0.8598067431352102,0.8552296885483102,0.8615866980300863,0.854636370250018,0.046074880034218654,0.007713202544640252,-0.0030513697246001836,0.0021190031605919923,0.007289376045783946,-0.0010158662264579676,78.24242401123047
1913,2019-08-12,0.8625190645940944,0.8676894374792865,0.8692998359078822,0.8612476497643702,0.0608049403178592,0.002712321458884226,0.012459748930976344,0.007713137877795928,0.006611279514352142,0.014730060283640545,79.38230895996094
1914,2019-08-13,0.8713341255021784,0.8658247043512703,0.8713341255021784,0.8648075595541221,0.02984775373264005,0.008815060908083927,-0.0018647331280161605,0.0020342895942961903,0.0035599097897519583,-0.03095718658521915,79.21171569824219
1915,2019-08-14,0.8766739901868064,0.8781996750491063,0.8781996750491063,0.8737921122616421,0.04713084624329996,0.005339864684627993,0.012374970697835996,0.006865549546927974,0.008984552707519966,0.01728309251065991,80.3438720703125
1916,2019-08-15,0.8802338999765583,0.8862518611926185,0.8922698224086782,0.878369166848542,0.07939796559421491,0.0035599097897519583,0.008052186143512108,0.014070147359571905,0.004577054586899942,0.032267119350914954,81.0805435180664
1917,2019-08-16,0.8811662665405663,0.8831157779017225,0.8837090962000147,0.8752330835576466,0.04051434911044872,0.0009323665640079692,-0.0031360832908959857,-0.00856072620866355,-0.0031360832908954306,-0.0388836164837662,80.79362487792969
1918,2019-08-19,0.8726902538981982,0.8743007169936384,0.8765892119536663,0.8704017589381703,0.054455776402496894,-0.00847601264236808,-0.008815060908084038,-0.007119884246348351,-0.004831324619476329,0.013941427292048177,79.98719787597656
1919,2019-08-20,0.878369166848542,0.8818443630719984,0.8821834113377144,0.8760806718885144,0.07951826554208494,0.00567891295034384,0.00754364607836,0.0055941993840480375,0.005678912950344062,0.025062489139588043,80.67730712890625
1920,2019-08-21,0.8799796299439824,0.8807425047085546,0.8863366394257585,0.8790472633799743,0.03963214949273522,0.0016104630954403287,-0.0011018583634437862,0.004153228088044081,0.0029665914914599467,-0.03988611604934972,80.57649230957031
1921,2019-08-22,0.8788777715805384,0.8755721318233624,0.8820986331045744,0.8748940352919304,0.0553112426984615,-0.0011018583634440082,-0.005170372885192287,-0.004238006321184096,-0.004153228088043859,0.01567909320572628,80.10350799560547
1922,2019-08-23,0.8738768904947822,0.8843024144983064,0.8861671476263225,0.8734531286627704,0.035421651317284426,-0.005000881085756137,0.008730282674944023,0.004068514521748168,-0.001440906629160077,-0.019889591381177074,80.9021987915039
1923,2019-08-26,0.8851500028291744,0.8815900930394226,0.8864214176588985,0.8812510447737064,0.02589122211380375,0.01127311233439221,-0.002712321458883782,0.00025427003257594283,0.007797916110936054,-0.009530429203480677,80.654052734375
1924,2019-08-27,0.8877775460549182,0.8924393788749586,0.8931174754063909,0.8858280993606067,0.02291045673880208,0.002627543225743767,0.010849285835536016,0.006696057747492379,0.0045770545869002754,-0.0029807653750016684,81.6466293334961
1925,2019-08-28,0.8987116101235945,0.8941345555366943,0.8990506583893105,0.8932869672058265,0.13238340930052264,0.010934064068676252,0.0016951766617356867,0.005933182982919671,0.007458867845219763,0.10947295256172056,81.8017349243164
1926,2019-08-29,0.8922698224086782,0.8918460605766666,0.8922698224086782,0.8853194946286104,0.04345501450282705,-0.006441787714916214,-0.0022884949600276983,-0.006780835980632283,-0.007967472577216084,-0.0889283947976956,81.59233856201172
1927,2019-08-30,0.8898118356492147,0.8898965492155102,0.8908289157795184,0.8856585428943262,0.032668119177148354,-0.002457986759463515,-0.0019495113611563974,-0.001440906629159855,0.0003390482657158467,-0.010786895325678697,81.41400909423828
1928,2019-09-03,0.8882013725537745,0.8884556425863505,0.8939650637372586,0.8845566845308824,0.06661943779824363,-0.0016104630954402177,-0.0014409066291597439,0.0031361479577401985,-0.0011018583634437862,0.033951318621095274,81.50418853759766
1929,2019-09-04,0.8855738293280306,0.8896422791829344,0.8912527422783746,0.8855738293280306,0.04501891382513734,-0.002627543225743878,0.001186636596583912,-0.002712321458884004,0.0010171447971482062,-0.021600523973106286,81.613037109375
1930,2019-09-05,0.8814205365731421,0.8791320416131144,0.8820986331045744,0.8738768904947822,0.05787764158635531,-0.004153292754888516,-0.010510237569819947,-0.009154109173800218,-0.011696938833248405,0.012858727761217971,80.64885711669922
1931,2019-09-06,0.8795558034451262,0.8826071731697261,0.8832004914680184,0.8793015334125501,0.0632243059361341,-0.0018647331280159385,0.0034751315566117214,0.0011018583634440082,0.005424642917767897,0.005346664349778783,80.96766662597656
1932,2019-09-09,0.8743854952267786,0.8702322024718903,0.8744702087930744,0.8699779324393142,0.022937190060550974,-0.00517030821834763,-0.012374970697835885,-0.008730282674944023,-0.009323600973235924,-0.04028711587558312,79.83242797851562
1933,2019-09-10,0.8681979775444383,0.8576029617414781,0.869554105940458,0.856924865210046,0.026385788566158287,-0.006187517682340271,-0.012629240730412161,-0.004916102852616344,-0.013053067229268245,0.0034485985056073136,78.67384338378906
1934,2019-09-11,0.8552296885483102,0.8561620551123184,0.8591286466037782,0.8552296885483102,0.03611671768275567,-0.012968288996128119,-0.0014409066291597439,-0.010425459336679821,-0.0016951766617357977,0.009730929116597384,78.54165649414062
1935,2019-09-12,0.8614171415638059,0.853958273718586,0.8630276046592461,0.8503983639288341,0.05449587638512023,0.006187453015495725,-0.0022037813937323403,0.003898958055467916,-0.004831324619476107,0.018379158702364562,78.3395004272461
1936,2019-09-13,0.8464994058733663,0.8384471550630099,0.8481945825351019,0.8376843449652819,0.055177576089717024,-0.014917735690439637,-0.015511118655576084,-0.014833022124144168,-0.012714018963552176,0.0006816997045967915,76.91656494140625
1937,2019-09-16,0.8433632579156259,0.845906087575074,0.8474317724373742,0.8409052064893179,0.03157205298544371,-0.0031361479577403095,0.007458932512064087,-0.0007628100977277175,0.0032208615240360006,-0.023605523104273315,77.60081481933594
1938,2019-09-17,0.84607557937451,0.8503983639288341,0.8519240487911343,0.8447194509784902,0.026546188496651652,0.002712321458884004,0.0044922763537600385,0.0044922763537600385,0.003814244489172336,-0.005025864488792057,78.01292419433594
1939,2019-09-18,0.8553991803477461,0.8537887819191503,0.8587048201049221,0.851839270557994,0.03622365096975125,0.009323600973236146,0.0033904179903162524,0.006780771313787848,0.0071198195795038055,0.009677462473099595,78.32393646240234
1940,2019-09-19,0.859891456701506,0.8565011033780342,0.8614171415638059,0.8563315469117541,0.02765562134923075,0.0044922763537599275,0.002712321458883893,0.002712321458883782,0.0044922763537600385,-0.008568029620520497,78.57273864746094
1941,2019-09-20,0.8608238232655141,0.8667570709152784,0.866841784481574,0.8589590901374978,0.026051622044297115,0.0009323665640080803,0.010255967537244226,0.005424642917768119,0.002627543225743767,-0.0016039993049336357,79.51360321044922
1942,2019-09-23,0.8685370258101544,0.8665028008827024,0.8719274438004706,0.8653160996192739,0.029460120567281086,0.007713202544640252,-0.00025427003257605385,0.005085659318896596,0.006357009481776088,0.0034084985229839715,79.49024963378906
1943,2019-09-24,0.8688760740758705,0.8737921122616421,0.8746397652593544,0.86870651760959,0.030850253298223572,0.00033904826571617974,0.0072893113789397335,0.002712321458883782,0.0033904179903160303,0.0013901327309424859,80.15898132324219
1944,2019-09-25,0.8719274438004706,0.8634514311581025,0.8726054756650582,0.8619257462958022,0.029192787349792148,0.0030513697246000726,-0.010340681103539584,-0.0020342895942961903,-0.006780771313787737,-0.001657465948431424,79.2103500366211
1945,2019-09-26,0.8675198810130061,0.8671808327472902,0.8701474889055945,0.8659941961507062,0.018472725328485692,-0.0044075627874644585,0.003729401589187664,-0.0024579867594637372,0.004068449854903955,-0.010720062021306456,79.5525131225586
1946,2019-09-27,0.8666722926821382,0.8682827557775783,0.8687912958427302,0.8655704343186945,0.028016521192840815,-0.0008475883308679544,0.00110192303028811,-0.0013561930628642749,-0.00042376183201164874,0.009543795864355123,79.6535873413086
1947,2019-09-30,0.8646380677546864,0.8702322024718903,0.8706560289707463,0.8646380677546864,0.05349337681953671,-0.0020342249274517554,0.0019494466943119626,0.0018647331280161605,-0.0009323665640080803,0.025476855626695896,79.83242797851562
1948,2019-10-01,0.8612476497643702,0.8706560289707463,0.8737921122616421,0.8607391096992182,0.06939970326012859,-0.0033904179903162524,0.0004238264988560836,0.0031360832908957637,-0.003898958055468249,0.01590632644059188,80.08969116210938
1949,2019-10-02,0.8709950772364625,0.8713341255021784,0.8732835721964902,0.8687912958427302,0.05130124443612741,0.00974742747209234,0.0006780965314320264,-0.0005085400651518857,0.008052186143511997,-0.018098458824001185,80.15210723876953
1950,2019-10-03,0.8731987939633501,0.8773520867182386,0.8815053148062824,0.8727750321313383,0.08142969804713085,0.0022037167268875724,0.006017961216060241,0.008221742609792138,0.003983736288608153,0.030128453611003442,80.7056884765625
1951,2019-10-04,0.8797253599114064,0.8823529031371503,0.8830309996685825,0.8791320416131144,0.04304064801571919,0.00652656594805634,0.005000816418911702,0.0015256848623000918,0.006357009481776088,-0.03838905003141166,81.16570281982422
1952,2019-10-07,0.8787082151142583,0.8768434819862423,0.8801491217434181,0.8761654501216546,0.03316268562950289,-0.0010171447971480951,-0.005509421150908023,-0.0028818779251643667,-0.0029665914914598357,-0.009877962386216299,80.65888977050781
1953,2019-10-08,0.8813358230068467,0.8753177971239421,0.8813358230068467,0.874131160527358,0.040915348936682125,0.002627607892588313,-0.0015256848623002028,0.001186701263428569,-0.0020342895942966344,0.007752663307179233,80.51851654052734
1954,2019-10-09,0.8756568453896583,0.8736226204622063,0.8756568453896583,0.8707408072038865,0.042278748345875715,-0.0056789776171883855,-0.0016951766617357977,-0.0056789776171883855,-0.0033903533234714844,0.00136339940919359,80.36262512207031
1955,2019-10-10,0.8678589292787222,0.8641294630226901,0.8678589292787222,0.8626037781603899,0.029660620480397793,-0.007797916110936054,-0.009493157439516176,-0.007797916110936054,-0.008137029043496558,-0.012618127865477922,79.48936462402344
1956,2019-10-11,0.859976234934646,0.857263913475762,0.8602305049672219,0.854805862049454,0.04370898105944154,-0.00788269434407618,-0.006865549546928085,-0.007628424311500348,-0.007797916110935943,0.01404836057904375,78.8578109741211
1957,2019-10-14,0.8630276046592461,0.8630276046592461,0.8636209229575381,0.8609933797317941,0.024514456043735713,0.0030513697246000726,0.0057636911834840765,0.0033904179903162524,0.00618751768234016,-0.01919452501570583,79.38801574707031
1958,2019-10-15,0.8608238232655141,0.8567553734106101,0.8615866980300863,0.855738228613462,0.02738828813174181,-0.002203781393732007,-0.006272231248635962,-0.0020342249274518664,-0.00525515111833208,0.0028738320880060952,78.81105041503906
1959,2019-10-16,0.8570944216763264,0.8574334699420424,0.8589590901374978,0.855738228613462,0.04155694865865558,-0.003729401589187664,0.0006780965314322485,-0.002627607892588424,0.0,0.01416866052691377,78.87342834472656
1960,2019-10-17,0.8562467686786138,0.8570096434431861,0.8607391096992182,0.8553991803477461,0.048119979148009036,-0.0008476529977126113,-0.00042382649885630563,0.0017800195617203585,-0.0003390482657159577,0.006563030489353458,78.83442687988281
1961,2019-10-18,0.8591286466037782,0.8583657718392059,0.8608238232655141,0.8576877399746181,0.02681352171414059,0.0028818779251643667,0.00135612839601984,8.471356629591309e-05,0.002288559626872022,-0.021306457433868446,78.95915222167969
1962,2019-10-21,0.85361922545287,0.8534497336534341,0.8553991803477461,0.852517367089426,0.0294066539237833,-0.005509421150908245,-0.004916038185771798,-0.005424642917768008,-0.005170372885192065,0.002593132209642711,78.50695037841797
1963,2019-10-22,0.857772453540914,0.856924865210046,0.8587048201049221,0.8542973219843021,0.10244208894176146,0.004153228088044081,0.0034751315566118324,0.0033056397571760154,0.0017799548948760346,0.07303543501797816,78.82662200927734
1964,2019-10-23,0.8607391096992182,0.8582810582729103,0.8621800163283783,0.8576877399746181,0.09386069266036651,0.0029666561583041595,0.001356193062864386,0.003475196223456156,0.0033904179903160303,-0.008581396281394954,78.95137023925781
1965,2019-10-24,0.8592981384032138,0.8587048201049221,0.8623495081278139,0.8575181835083381,0.037533583735447046,-0.0014409712960044008,0.00042376183201175976,0.0001694917994355949,-0.00016955646628002974,-0.05632710892491946,78.99037170410156
1966,2019-10-25,0.8597219649020702,0.855738228613462,0.8597219649020702,0.8543821002174421,0.05239731062783206,0.00042382649885641666,-0.0029665914914600577,-0.002627543225743656,-0.0031360832908959857,0.014863726892385014,78.71749114990234
1967,2019-10-28,0.851330730492842,0.849720267397402,0.853025907154578,0.8487031226002537,0.03853608330103057,-0.008391234409228177,-0.006017961216060019,-0.006696057747492157,-0.0056789776171883855,-0.013861227326801492,78.16387939453125
1968,2019-10-29,0.8510764604602663,0.8484488525676779,0.8510764604602663,0.8481098043019619,0.04424364749441942,-0.0002542700325757208,-0.001271414829724149,-0.0019494466943117406,-0.0005933182982917895,0.005707564193388852,78.04690551757812
1969,2019-10-30,0.8496354891642618,0.8559077850797423,0.8570944216763264,0.8496354891642618,0.04098218224105436,-0.0014409712960045118,0.00745893251206442,0.00601796121606013,0.0015256848622998698,-0.003261465253365056,78.73307037353516
1970,2019-10-31,0.8614171415638059,0.8653160996192739,0.8675198810130061,0.860569553232938,0.03638405090024461,0.011781652399544096,0.009408314539531615,0.01042545933667971,0.010934064068676252,-0.004598131340809754,79.5985336303711
1971,2019-11-01,0.8640447494563942,0.8636209229575381,0.8664180226495622,0.8608238232655141,0.051047277879512916,0.002627607892588313,-0.0016951766617357977,-0.0011018583634438972,0.00025427003257605385,0.014663226979268307,79.66259002685547
1972,2019-11-04,0.8567553734106101,0.8542973219843021,0.8570944216763264,0.8542973219843021,0.042693114832983575,-0.007289376045784057,-0.009323600973236035,-0.009323600973235813,-0.006526501281212016,-0.00835416304652934,78.80259704589844
1973,2019-11-05,0.8476860424699503,0.8467536759059421,0.8484488525676779,0.8446346727453501,0.06771550398994827,-0.00906933094065987,-0.00754364607836,-0.008645569108648554,-0.009662649238951992,0.025022389156964697,78.10675811767578
1974,2019-11-06,0.851500222292278,0.851161174026562,0.8533649554202941,0.8488726790665341,0.04120941547591996,0.003814179822327679,0.004407498120619913,0.004916102852616233,0.004238006321183985,-0.02650608851402831,78.5133056640625
1975,2019-11-07,0.8459908011413699,0.8411594765218936,0.8462450711739458,0.8360738818698418,0.07403793458356168,-0.005509421150908023,-0.010001697504668394,-0.007119884246348351,-0.012798797196692302,0.03282851910764172,77.5907211303711
1976,2019-11-08,0.8387862033287258,0.8376843449652819,0.842854717850474,0.836836756634414,0.026853621696763932,-0.0072045978126441534,-0.0034751315566117214,-0.0033903533234718175,0.0007628747645722633,-0.04718431288679775,77.27017974853516
1977,2019-11-11,0.8399728399253098,0.838277663263574,0.8399728399253098,0.8364129301355578,0.021400024059989572,0.001186636596584023,0.0005933182982921226,-0.0028818779251641446,-0.0004238264988561946,-0.00545359763677436,77.32492065429688
1978,2019-11-12,0.8395490780932979,0.8402271099578856,0.8417527948201858,0.8371757402332857,0.02603825538342267,-0.0004237618320118708,0.0019494466943116295,0.0017799548948760346,0.0007628100977278285,0.004638231323433096,77.50471496582031
1979,2019-11-13,0.8463298494070859,0.844041354447058,0.847092724171658,0.8432784796824857,0.13251707590926712,0.006780771313787959,0.003814244489172336,0.005339929351472206,0.006102739449200034,0.10647882052584445,77.85655975341797
1980,2019-11-14,0.851330730492842,0.851500222292278,0.85361922545287,0.850313585695694,0.040059882640717526,0.005000881085756137,0.007458867845219985,0.006526501281211905,0.0070351060132083365,-0.09245719326854959,78.5445785522461
1981,2019-11-15,0.8505678557282699,0.851245952259702,0.853025907154578,0.8498050456305423,0.028992287436675444,-0.0007628747645721523,-0.00025427003257594283,-0.0005933182982919005,-0.0005085400651517746,-0.011067595204042081,78.5211181640625
1982,2019-11-18,0.8538734954854458,0.85361922545287,0.8554839585808861,0.8529411289214377,0.1511635678291206,0.0033056397571759044,0.002373273193167935,0.002458051426308061,0.0031360832908954306,0.12217128039244515,78.74004364013672
1983,2019-11-19,0.8553144667814503,0.857263913475762,0.858450550072346,0.8548906402825941,0.022576290216940905,0.0014409712960045118,0.003644688022892084,0.0029665914914599467,0.0019495113611563974,-0.1285872776121797,79.07624053955078
1984,2019-11-20,0.8609086014986541,0.8630276046592461,0.863281874691822,0.859976234934646,0.039217783005627366,0.005594134717203825,0.0057636911834840765,0.004831324619475996,0.005085594652051939,0.01664149278868646,79.60791015625
1985,2019-11-21,0.8590438683706381,0.8595524731026344,0.859976234934646,0.8564163251448942,0.049296245304960365,-0.0018647331280160495,-0.0034751315566117214,-0.0033056397571760154,-0.0035599097897518472,0.010078462299333,79.287353515625
1986,2019-11-22,0.8622647945615184,0.8608238232655141,0.8624342863609542,0.8596371866689301,0.07784743293277906,0.0032209261908803244,0.0012713501628797141,0.002458051426308172,0.0032208615240358895,0.02855118762781869,79.40459442138672
1987,2019-11-25,0.864468511288406,0.865400877852414,0.8663332444164221,0.8637904794238184,0.19778648095919157,0.0022037167268875724,0.004577054586899942,0.003898958055467916,0.004153292754888294,0.11993904802641252,79.82682037353516
1988,2019-11-26,0.8692998359078822,0.869554105940458,0.8701474889055945,0.8682827557775783,0.027468488096988493,0.004831324619476218,0.00415322808804397,0.003814244489172336,0.0044922763537599275,-0.1703179928622031,80.20990753173828
1989,2019-11-27,0.8676894374792865,0.8683674693438741,0.8693846141410222,0.8663332444164221,0.03699891730046917,-0.0016103984285956718,-0.001186636596583912,-0.0007628747645722633,-0.0019495113611561754,0.009530429203480677,80.1004409790039
1990,2019-11-29,0.8679437075118623,0.8656551478849899,0.8679437075118623,0.8631123828923861,0.030021520324007858,0.0002542700325758318,-0.002712321458884226,-0.001440906629159855,-0.0032208615240360006,-0.006977396976461311,79.85025787353516
1991,2019-12-02,0.854466813783738,0.854551592016878,0.8554839585808861,0.85209354059057,0.1997513801077353,-0.013476893728124328,-0.011103555868111847,-0.012459748930976233,-0.011018842301816156,0.16972985978372745,79.03265380859375
1992,2019-12-03,0.8619257462958022,0.8667570709152784,0.869893154206174,0.8608238232655141,0.08312726397818561,0.007458932512064198,0.012205478898400401,0.014409195625287863,0.008730282674944134,-0.11662411612954969,80.16146087646484
1993,2019-12-04,0.8645532895215462,0.8634514311581025,0.8652313860529782,0.8590438683706381,0.03631721759587238,0.002627543225743989,-0.0033056397571759044,-0.0046617681531957444,-0.0017799548948760346,-0.04681004638231323,79.85576629638672
1994,2019-12-05,0.8588743765712021,0.8610780932980899,0.8620104598620981,0.8580267882403343,0.031077486533089168,-0.005678912950344062,-0.002373337860012592,-0.0032209261908801023,-0.0010170801303037713,-0.00523973106278321,79.63626098632812
1995,2019-12-06,0.8562467686786138,0.8580267882403343,0.8619257462958022,0.8559924986460378,0.04336144787670592,-0.002627607892588313,-0.0030513050577556378,-8.471356629591309e-05,-0.0020342895942965233,0.012283961343616753,79.35408782958984
1996,2019-12-09,0.8620104598620981,0.8592981384032138,0.8625190645940944,0.8583657718392059,0.03520778474329328,0.0057636911834842985,0.001271350162879492,0.0005933182982922336,0.002373273193168157,-0.00815366313341264,79.47166442871094
1997,2019-12-10,0.8616714762632264,0.8597219649020702,0.8631970964586819,0.857772453540914,0.02962052049777445,-0.0003389835988717449,0.00042382649885641666,0.0006780318645874805,-0.0005933182982919005,-0.005587264245518829,79.51083374023438
1998,2019-12-11,0.863281874691822,0.864468511288406,0.866841784481574,0.8623495081278139,0.03014182027187788,0.0016103984285956718,0.004746546386335759,0.003644688022892084,0.004577054586899831,0.00052129977410343,79.94982147216797
1999,2019-12-12,0.8621800163283783,0.8562467686786138,0.8635361447243979,0.851245952259702,0.13064574338684454,-0.0011018583634437862,-0.008221742609792138,-0.0033056397571761265,-0.011103555868111847,0.10050392311496666,79.1894302368164
2000,2019-12-13,0.8601457914009264,0.8637057011906782,0.8664180226495622,0.8567553734106101,0.03772071698768931,-0.0020342249274518664,0.00745893251206442,0.0028818779251643667,0.005509421150908134,-0.09292502639915523,79.8792953491211
2001,2019-12-16,0.8621800163283783,0.8597219649020702,0.8624342863609542,0.857772453540914,0.058091508160346465,0.0020342249274518664,-0.003983736288608042,-0.003983736288608042,0.0010170801303038823,0.02037079117265716,79.51083374023438
2002,2019-12-17,0.8612476497643702,0.8586201065386262,0.8626037781603899,0.8571791352426218,0.09566519187841685,-0.0009323665640080803,-0.0011018583634440082,0.00016949179943570591,-0.0005933182982922336,0.037573683718070384,79.40894317626953
2003,2019-12-18,0.8571791352426218,0.8552296885483102,0.8581962800397701,0.853958273718586,0.03669148410035689,-0.00406851452174839,-0.0033904179903160303,-0.004407498120619802,-0.0032208615240357785,-0.05897370777805996,79.09538269042969
2004,2019-12-19,0.854466813783738,0.8555687368140261,0.8576029617414781,0.853025907154578,0.052905243741061043,-0.002712321458883782,0.0003390482657159577,-0.0005933182982920115,-0.0009323665640079692,0.01621375964070415,79.12675476074219
2005,2019-12-20,0.854466813783738,0.85658581694433,0.85667059517747,0.8531954636208583,0.035876117787015625,0.0,0.0010170801303038823,-0.0009323665640080803,0.00016955646628025178,-0.017029125954045418,79.22077178955078
2006,2019-12-23,0.854551592016878,0.8529411289214377,0.8550601320820298,0.8500593156631181,0.050592811409781724,8.477823314001487e-05,-0.003644688022892306,-0.0016104630954402177,-0.0031361479577401985,0.014716693622766099,79.24516296386719
2007,2019-12-24,0.849720267397402,0.854636370250018,0.8560772768791781,0.8494659973648261,0.01760389237164664,-0.004831324619475996,0.0016952413285803436,0.0010171447971483172,-0.0005933182982920115,-0.032988919038135084,79.40270233154297
2008,2019-12-26,0.854466813783738,0.8553991803477461,0.8558230068466022,0.8527716371220021,0.03518105142154438,0.004746546386335981,0.0007628100977280505,-0.00025427003257594283,0.0033056397571760154,0.01757715904989774,79.47361755371094
2009,2019-12-27,0.8580267882403343,0.8576029617414781,0.8586201065386262,0.8570944216763264,0.03635731757849572,0.003559974456596282,0.002203781393732007,0.0027970996920240188,0.004322784554324333,0.001176266156951336,79.67833709716797
2010,2019-12-30,0.8508221257608457,0.856924865210046,0.856924865210046,0.849974537429978,0.04928287864408592,-0.007204662479488588,-0.0006780965314321374,-0.0016952413285802326,-0.007119884246348462,0.012925561065590202,79.61532592773438
2011,2019-12-31,0.854212543751162,0.8504830774951297,0.8547210838163138,0.8495507755979662,0.0247951559220991,0.0033904179903162524,-0.006441787714916214,-0.0022037813937321182,-0.00042376183201175976,-0.024487722721986818,79.01683807373047
2012,2020-01-02,0.8532801771871541,0.8548906402825941,0.8581962800397701,0.8532801771871541,0.28675497573951053,-0.0009323665640078582,0.0044075627874643475,0.0034751962234562672,0.0037294015891878862,0.26195981981741145,79.42633056640625
2013,2020-01-03,0.858450550072346,0.8640447494563942,0.8645532895215462,0.8580267882403343,0.25053132476975926,0.005170372885191954,0.009154109173800107,0.006357009481776088,0.004746611053180194,-0.036223650969751275,80.27680206298828
2014,2020-01-06,0.865400877852414,0.8595524731026344,0.8678589292787222,0.8586201065386262,0.08745806210150642,0.006950327780067989,-0.0044922763537598165,0.0033056397571760154,0.0005933182982919005,-0.16307326266825284,79.8594741821289
2015,2020-01-07,0.858450550072346,0.8561620551123184,0.8593829166363541,0.855653450380322,0.08499859650060819,-0.006950327780067989,-0.0033904179903160303,-0.00847601264236808,-0.0029666561583041595,-0.002459465600898228,79.5444564819336
2016,2020-01-08,0.8568400869769058,0.852432588856286,0.8594676948694943,0.851245952259702,0.07685830002806998,-0.0016104630954402177,-0.003729466256032321,8.477823314012589e-05,-0.004407498120620024,-0.008140296472538208,79.19796752929688
2017,2020-01-09,0.8495507755979662,0.8559924986460378,0.8570944216763264,0.849296440898546,0.0734765348268349,-0.0072893113789396224,0.0035599097897517362,-0.002373273193167824,-0.0019495113611560644,-0.003381765201235079,79.52869415283203
2018,2020-01-10,0.8581962800397701,0.8620104598620981,0.8627733346266703,0.8581115018066299,0.10864421958750485,0.008645504441803897,0.006017961216060352,0.00567891295034384,0.008815060908083927,0.03516768476066995,80.0877914428711
2019,2020-01-13,0.8596371866689301,0.8596371866689301,0.8601457914009264,0.8571791352426218,0.04349511448545039,0.001440906629159966,-0.002373273193168046,-0.002627543225743878,-0.0009323665640080803,-0.06514910510205446,79.86731719970703
2020,2020-01-14,0.8603152832003621,0.8612476497643702,0.8618409680626622,0.8596371866689301,0.033510218812238514,0.0006780965314320264,0.0016104630954401067,0.0016951766617357977,0.002458051426308283,-0.009984895673211876,80.0169677734375
2021,2020-01-15,0.8656551478849899,0.8661637526169862,0.8676894374792865,0.8636209229575381,0.0379746835443038,0.005339864684627771,0.004916102852616011,0.005848469416624313,0.003983736288608042,0.004464464732065285,80.47369384765625
2022,2020-01-16,0.8662484661832821,0.8665028008827024,0.867774151045582,0.8638751929901142,0.04239904829374574,0.0005933182982922336,0.00033904826571617974,8.4713566295469e-05,0.00025427003257605385,0.004424364749441939,80.50521850585938
2023,2020-01-17,0.8609933797317941,0.8640447494563942,0.8642142412558301,0.8603152832003621,0.05970887412615455,-0.005255086451487978,-0.002458051426308172,-0.0035599097897518472,-0.0035599097897520693,0.01730982583240881,80.27680206298828
2024,2020-01-21,0.866587514448998,0.8694693923741622,0.8711645690358982,0.8653160996192739,0.04098218224105436,0.005594134717203825,0.005424642917768008,0.0069503277800681,0.005000816418911813,-0.018726691885100184,80.78081512451172
2025,2020-01-22,0.8721817138330463,0.8725207620987623,0.8739616687279224,0.871079790802758,0.033055752342507315,0.005594199384048371,0.0030513697246000726,0.0027970996920241298,0.0057636911834840765,-0.007926429898547048,81.0643310546875
2026,2020-01-23,0.8759958936553742,0.8765892119536663,0.8776911349839545,0.8748092570587902,0.03618355098712791,0.003814179822327901,0.004068449854904066,0.003729466256032099,0.00372946625603221,0.003127798644620594,81.44231414794922
2027,2020-01-24,0.8788777715805384,0.8802338999765583,0.8826919514028664,0.8779454050165303,0.04143664871078556,0.0028818779251641446,0.003644688022891973,0.005000816418911924,0.0031361479577400875,0.005253097723657653,81.78094482421875
2028,2020-01-27,0.8862518611926185,0.8896422791829344,0.8896422791829344,0.8848957327965985,0.03706575060484141,0.007374089612080081,0.00940837920637605,0.006950327780067989,0.006950327780068211,-0.004370898105944154,82.65504455566406
2029,2020-01-28,0.8883708643532104,0.8846414627640227,0.8884556425863505,0.8831157779017225,0.04022028257121089,0.0021190031605919923,-0.005000816418911702,-0.001186636596583912,-0.0017799548948760346,0.0031545319663694796,82.1904296875
2030,2020-01-29,0.8867604659246148,0.8907441375463783,0.8916765041103865,0.8867604659246148,0.050886877949019554,-0.0016103984285956718,0.006102674782355599,0.0032208615240360006,0.003644688022892306,0.010666595377808667,82.75741577148438
2031,2020-01-30,0.8918460605766666,0.8904051539475065,0.8942193337698345,0.8893880091503585,0.05678157539465066,0.005085594652051828,-0.0003389835988717449,0.002542829659448076,0.002627543225743767,0.005894697445631106,82.72592163085938
2032,2020-01-31,0.8931174754063909,0.8957450186321346,0.8973554817275748,0.8925241571080986,0.25415368986673437,0.00127141482972426,0.005339864684628104,0.0031361479577403095,0.0031361479577400875,0.1973721144720837,83.22200012207031
2033,2020-02-03,0.8920155523761022,0.8942193337698345,0.8955755268326988,0.8886251343857863,0.14955956852418698,-0.0011019230302886651,-0.0015256848623000918,-0.0017799548948760346,-0.003899022722312351,-0.10459412134254739,83.30097961425781
2034,2020-02-04,0.8893880091503585,0.8860823693931825,0.8893880091503585,0.8827767296360065,0.10780211995241469,-0.002627543225743656,-0.008136964376652012,-0.006187517682340271,-0.0058484047497797675,-0.041757448571772285,82.54300689697266
2035,2020-02-05,0.8820986331045744,0.8809119965079903,0.8832004914680184,0.8799796299439824,0.07701869995856335,-0.007289376045784168,-0.005170372885192176,-0.00618751768234016,-0.0027970996920241298,-0.03078341999385134,82.06134033203125
2036,2020-02-06,0.8817595848388583,0.8830309996685825,0.8842176362651664,0.8806577264754145,0.05781080828198308,-0.0003390482657160687,0.0021190031605921034,0.0010171447971479841,0.0006780965314321374,-0.01920789167658027,82.25874328613281
2037,2020-02-07,0.8893032309172185,0.8901508192480863,0.8917612823435265,0.8878623242880584,0.05583254247256493,0.007543646078360222,0.0071198195795038055,0.007543646078360111,0.007204597812643931,-0.0019782658094181504,82.9219741821289
2038,2020-02-10,0.8938802855041185,0.8921003306092425,0.8938802855041185,0.8912527422783746,0.04749174608691003,0.004577054586899942,0.0019495113611562864,0.0021190031605919923,0.0033904179903161413,-0.008340796385654901,83.10360717773438
2039,2020-02-11,0.8923546006418185,0.8898118356492147,0.8927784271406746,0.8893880091503585,0.05647414219453838,-0.0015256848622999808,-0.0022884949600278093,-0.0011018583634438972,-0.0018647331280160495,0.008982396107628354,82.89044189453125
2040,2020-02-12,0.8881165943206344,0.8876080542554825,0.8882861507869145,0.8854042728617504,0.037333083822330346,-0.004238006321184096,-0.0022037813937322293,-0.0044922763537600385,-0.003983736288608153,-0.019141058372208038,82.68515014648438
2041,2020-02-13,0.8876928324886226,0.8885404208194905,0.8906594239800825,0.8865909094583343,0.04086188229318434,-0.00042376183201175976,0.0009323665640079692,0.002373273193167935,0.001186636596583912,0.0035287984708539943,82.77198028564453
2042,2020-02-14,0.8938802855041185,0.8923546006418185,0.8948126520681265,0.8915917905440905,0.04582091347760416,0.006187453015495836,0.003814179822328012,0.004153228088044081,0.005000881085756248,0.004959031184419822,83.12726593017578
2043,2020-02-18,0.8962535586972863,0.8961688451309908,0.8984573400910186,0.8936260154715425,0.05208987742771978,0.002373273193167824,0.003814244489172336,0.003644688022892084,0.0020342249274519775,0.0062689639501156205,83.48259735107422
2044,2020-02-19,0.8959992886647105,0.8959992886647105,0.8976945299932908,0.8945583820355506,0.050659644714153955,-0.0002542700325758318,-0.0001695564662803628,-0.0007628100977278285,0.0009323665640080803,-0.001430232713565828,83.4668197631836
2045,2020-02-20,0.8985421183241589,0.9010848833167626,0.9016782016150543,0.8982030700584427,0.06275647280552846,0.002542829659448409,0.005085594652052161,0.003983671621763496,0.003644688022892084,0.012096828091374502,83.94055938720703
2046,2020-02-21,0.9069333527333867,0.9072724009991028,0.9117646773528627,0.9040515394750669,0.09344632617325865,0.008391234409227843,0.00618751768234016,0.010086475737808409,0.005848469416624202,0.030689853367730197,84.51695251464844
2047,2020-02-24,0.9170198284711948,0.9135446322477386,0.9170198284711948,0.9126970439168708,0.05421517650675685,0.010086475737808076,0.006272231248635851,0.00525515111833208,0.008645504441803897,-0.039231149666501805,85.10124206542969
2048,2020-02-25,0.9144769988117467,0.9166807802054789,0.9193083234312228,0.9139684587465947,0.07386416799219386,-0.002542829659448076,0.0031361479577403095,0.0022884949600280313,0.001271414829723927,0.019648991485437015,85.39339447021484
2049,2020-02-26,0.9122732174180145,0.9109170890219949,0.9170198284711948,0.9088828640945429,0.07478646759253071,-0.0022037813937322293,-0.0057636911834840765,-0.0022884949600280313,-0.005085594652051828,0.0009222996003368511,84.85649108886719
2050,2020-02-27,0.9171045420374907,0.9116798991197227,0.9179521950352029,0.9093066259265546,0.08038709849892399,0.004831324619476218,0.0007628100977278285,0.0009323665640080803,0.00042376183201175976,0.005600630906393275,84.92753601074219
2051,2020-02-28,0.9199016417295147,0.9245634745495549,0.928462432605023,0.9156636354083307,0.6848542365631641,0.0027970996920240188,0.012883575429832206,0.010510237569820169,0.006357009481776088,0.6044671380642401,86.127685546875
2052,2020-03-02,0.927614844274155,0.9224444713889629,0.932361390660491,0.920071198195795,0.670284576210017,0.007713202544640252,-0.0021190031605919923,0.003898958055467916,0.0044075627874642365,-0.014569660353147107,86.13561248779297
2053,2020-03-03,0.9222749149226829,0.9322766124273507,0.9477029528497871,0.9209187865266629,0.43408231189766483,-0.005339929351472095,0.00983214103838781,0.015341562189296165,0.0008475883308679544,-0.2362022643123522,87.05370330810547
2054,2020-03-04,0.9357518086508071,0.930920484031331,0.9424478663982991,0.9295642909684669,0.0737305013834494,0.013476893728124217,-0.001356128396019729,-0.005255086451487978,0.008645504441804008,-0.36035181051421544,86.92711639404297
2055,2020-03-05,0.9391422266411231,0.9399050367388511,0.9442278212931752,0.9357518086508071,0.08314063063906006,0.0033904179903160303,0.008984552707520077,0.0017799548948760346,0.00618751768234016,0.00941012925561066,87.76604461669922
2056,2020-03-06,0.9727072289448797,0.9691472544882832,0.9791489519929513,0.9583827468858873,0.17962118883081818,0.033565002303756586,0.029242217749432142,0.03492113069977609,0.022630938235080222,0.09648055819175812,90.4966049194336
2057,2020-03-09,0.9966942955759795,0.9704186693180071,0.9966942955759795,0.9695710809871394,0.1404301391469397,0.02398706663109984,0.001271414829723927,0.017545343583028283,0.011188334101252084,-0.03919104968387849,90.61534881591795
2058,2020-03-10,0.9674520778265474,0.932954708958783,0.9705034475511475,0.9247329663489908,0.10653228716934222,-0.029242217749432142,-0.03746396035922417,-0.02619084802483207,-0.044838114638148574,-0.03389785197759747,87.11705017089844
2059,2020-03-11,0.935158490352515,0.9031191729110587,0.9390574484079831,0.9010848833167626,0.1517249675858474,-0.03229358747403244,-0.029835536047724265,-0.03144599914316437,-0.023648083032228207,0.04519268041650516,84.33108520507812
2060,2020-03-12,0.8893032309172185,0.8535344472197299,0.9154093653757548,0.8035260243632335,0.19313488297488404,-0.04585525943529645,-0.04958472569132877,-0.023648083032228318,-0.09755885895352912,0.041409915389036656,79.7009506225586
2061,2020-03-13,0.8667570709152784,0.8799796299439824,0.8905746457469425,0.8392100298275822,0.2117412749121142,-0.022546160001940097,0.026445182724252447,-0.02483471962881234,0.03568400546434869,0.018606391937230154,82.17035675048828
2062,2020-03-16,0.8761654501216546,0.8984573400910186,0.9015087098156187,0.845227991043642,0.18883081817331213,0.00940837920637616,0.018477710147036253,0.010934064068676252,0.006017961216059797,-0.02291045673880207,83.895751953125
2063,2020-03-17,0.8865909094583343,0.851330730492842,0.8950669221007025,0.8420918430859018,0.07629690027134321,0.01042545933667971,-0.047126609598176605,-0.006441787714916214,-0.0031361479577401985,-0.11253391790196891,79.49520111083984
2064,2020-03-18,0.8272588209617576,0.7873368091762253,0.8398880616921697,0.768774320796049,0.14969323513293145,-0.059332088496576674,-0.06399392131661674,-0.055178860408532815,-0.07331752228985278,0.07339633486158824,73.51957702636719
2065,2020-03-19,0.7798779413310054,0.7759789832755373,0.8061535675889775,0.7759789832755373,0.3329367890607247,-0.047380879630752215,-0.011357825900688012,-0.03373449410319218,0.007204662479488255,0.18324355392779326,72.45905303955078
2066,2020-03-20,0.7883539539733736,0.8020850530672291,0.8196303966502576,0.7763179668744089,1.0,0.008476012642368191,0.026106069791691833,0.013476829061280116,0.0003389835988716339,0.6670632109392753,74.89677429199219
2067,2020-03-23,0.8024241013329455,0.8414985247876098,0.8600610131677862,0.8016612912352175,0.15624289896141044,0.014070147359571905,0.03941347172038068,0.04043061651752855,0.02534332436080855,-0.8437571010385896,78.57705688476562
2068,2020-03-24,0.8473469942042341,0.8645532895215462,0.872012157366766,0.843956576213918,0.09710879125285712,0.04492289287128859,0.023054764733936417,0.011951144198979802,0.0422952849787005,-0.05913410770855332,80.72991943359375
2069,2020-03-25,0.8660789743838462,0.8861671476263225,0.9012544397830426,0.8660789743838462,0.1518720008554663,0.018731980179612084,0.02161385810477634,0.029242282416276688,0.022122398169928226,0.054763209602609164,82.74813842773438
2070,2020-03-26,0.8953211921332782,0.8926088706743944,0.8993049284218865,0.8872690059897664,0.054910242872228086,0.02924221774943203,0.00644172304807189,-0.0019495113611561754,0.021190031605920256,-0.0969617579832382,83.34962463378906
2071,2020-03-27,0.8970164334618586,0.9060009861693786,0.9098151659917065,0.8889641826515021,0.05372061005440231,0.0016952413285803436,0.013392115494984203,0.010510237569820058,0.0016951766617356867,-0.0011896328178257753,84.60015869140625
2072,2020-03-30,0.9115951855534268,0.9060857644025188,0.923037789687255,0.8980335135921625,0.05278494379319102,0.014578752091568226,8.477823314012589e-05,0.013222623695548497,0.009069330940660425,-0.0009356662612112904,84.60804748535156
2073,2020-03-31,0.9042210312745027,0.9045600795402188,0.9126970439168708,0.9000678031864586,0.07172550225228236,-0.007374154278924072,-0.0015256848622999808,-0.010340745770384241,0.0020342895942960793,0.018940558459091338,84.46558380126953
2074,2020-04-01,0.9099847224579868,0.8914222340778105,0.9099847224579868,0.8894727873834986,0.09096012725061152,0.0057636911834840765,-0.01313784546240826,-0.002712321458884004,-0.010595015802960073,0.01923462499832916,83.71424102783203
2075,2020-04-02,0.9008306132841866,0.8928631407069703,0.9043058095076427,0.8928631407069703,0.08545306297033937,-0.009154109173800218,0.0014409066291597439,-0.005678912950344062,0.0033903533234717065,-0.005507064280272145,83.84952545166016
2076,2020-04-03,0.8985421183241589,0.8938802855041185,0.9020172498807706,0.8914222340778105,0.06461443866707657,-0.0022884949600276983,0.0010171447971482062,-0.002288559626872133,-0.0014409066291597439,-0.020838624303262804,83.94503021240234
2077,2020-04-06,0.9008306132841866,0.9017629798481945,0.9050686196053706,0.8950669221007025,0.04588774678197639,0.0022884949600276983,0.007882694344076069,0.0030513697245999616,0.003644688022891973,-0.018726691885100177,84.68531799316406
2078,2020-04-07,0.9019325363144749,0.9039667612419268,0.9054076678710866,0.8922698224086782,0.11820138211273441,0.001101923030288332,0.0022037813937322293,0.0003390482657160687,-0.002797099692024241,0.07231363533075802,84.89225769042969
2079,2020-04-08,0.8995591984544623,0.9068485745002465,0.9098151659917065,0.8987963883567347,0.0932324595992675,-0.002373337860012592,0.00288181325831971,0.004407498120619913,0.006526565948056451,-0.024968922513466912,85.16291809082031
2080,2020-04-09,0.9154093653757548,0.9320223423947749,0.9343956155879427,0.9149855388768987,0.08630852926630399,0.015850166921292486,0.02517376789452841,0.024580449596236176,0.01618915052016401,-0.006923930332963513,87.5269775390625
2081,2020-04-13,0.9320223423947749,0.9299033392341829,0.9343956155879427,0.9250720146147069,0.0405945490756954,0.016612977019020092,-0.0021190031605919923,0.0,0.010086475737808187,-0.045713980190608586,87.3280029296875
2082,2020-04-14,0.934480393821083,0.9249025228152712,0.934480393821083,0.9214273265918148,0.05175571090585861,0.002458051426308172,-0.005000816418911702,8.477823314034794e-05,-0.003644688022892084,0.011161161830163205,86.85838317871094
2083,2020-04-15,0.9299033392341829,0.938040303610835,0.9394812102399949,0.9267671912764427,0.09700185796586155,-0.004577054586900164,0.013137780795563825,0.005000816418911813,0.005339864684627882,0.04524614706000295,88.09215545654297
2084,2020-04-16,0.940837403302859,0.9428716282303109,0.9477029528497871,0.940837403302859,0.18095785491826286,0.010934064068676141,0.004831324619475885,0.008221742609792249,0.01407021202641634,0.0839559969524013,88.5458755493164
2085,2020-04-17,0.9492286377120869,0.9373622070794028,0.9501610042760951,0.9325308824599268,0.04098218224105436,0.008391234409227843,-0.005509421150908134,0.00245805142630795,-0.008306520842932263,-0.1399756726772085,88.02845764160156
2086,2020-04-20,0.936006078683383,0.938718400142267,0.9391422266411231,0.932361390660491,0.10198762247203026,-0.01322255902870384,0.0013561930628642749,-0.011018777634971944,-0.00016949179943581694,0.0610054402309759,88.15582275390625
2087,2020-04-21,0.946770586285779,0.943464946528603,0.9487200976469352,0.937107937046827,0.23501263149452636,0.010764507602396,0.004746546386335981,0.009577871005812089,0.004746546386336092,0.1330250090224961,88.60159301757812
2088,2020-04-22,0.9428716282303109,0.9374469853125429,0.9430411846965914,0.9332089789913589,0.047438279443412244,-0.003898958055468138,-0.00601796121606013,-0.00567891295034384,-0.003898958055468138,-0.1875743520511141,88.03640747070312
2089,2020-04-23,0.941091673335435,0.9423630881651591,0.9450754096240431,0.9400745932051313,0.04326788125058479,-0.0017799548948759236,0.004916102852616233,0.0020342249274517554,0.0068656142137724085,-0.004170398192827454,88.49810791015625
2090,2020-04-24,0.941345943368011,0.9435497247617431,0.9435497247617431,0.936175570482819,0.06791600390306497,0.00025427003257605385,0.001186636596584023,-0.0015256848622999808,-0.003899022722312351,0.024648122652480182,88.60954284667969
2091,2020-04-27,0.940498355037143,0.930581435765615,0.9421088181325832,0.9288861944370347,0.059227674334674456,-0.0008475883308680654,-0.012968288996128119,-0.001440906629159966,-0.007289376045784279,-0.008688329568390517,87.39163970947266
2092,2020-04-28,0.936006078683383,0.9370232234805311,0.938125081843975,0.9331242007582188,0.03754695039632149,-0.0044922763537599275,0.006441787714916103,-0.003983736288608153,0.004238006321184096,-0.021680723938352964,87.99664306640625
2093,2020-04-29,0.940837403302859,0.9398202585057107,0.9430411846965914,0.9349042203199391,0.0724205686177536,0.004831324619475996,0.002797035025179584,0.004916102852616344,0.0017800195617203585,0.03487361822143211,88.25930786132812
2094,2020-04-30,0.938379351876551,0.9295642909684669,0.940837403302859,0.9282928761387427,0.0781682327937658,-0.002458051426308061,-0.010255967537243782,-0.0022037813937323403,-0.006611344181196466,0.0057476641760121905,87.29618072509766
2095,2020-05-01,0.9267671912764427,0.927869114306731,0.931429024096483,0.9214273265918148,0.07125766912167672,-0.011612160600108279,-0.0016951766617359088,-0.00940837920637605,-0.006865549546927863,-0.006910563672089073,87.34404754638672
2096,2020-05-04,0.9279538925398712,0.9255805546798588,0.9298185610010429,0.922698741421539,0.05694197532514403,0.001186701263428458,-0.002288559626872244,-0.0016104630954401067,0.001271414829724149,-0.014315693796532691,87.12860870361328
2097,2020-05-05,0.9210882783260989,0.9225291849552586,0.9249025228152712,0.9198168634963746,0.049710611792068225,-0.0068656142137722975,-0.0030513697246001836,-0.004916038185771687,-0.0028818779251643667,-0.007231363533075803,86.84140014648438
2098,2020-05-06,0.9137141887140189,0.9077809410642546,0.9137141887140189,0.9037124912093509,0.03956531618836299,-0.00737408961207997,-0.014748243891004043,-0.011188334101252306,-0.01610437228702366,-0.010145295603705237,85.45304870605469
2099,2020-05-07,0.910069500691127,0.9153245871426146,0.9167655584386191,0.9063400344350947,0.026078355366046007,-0.003644688022891862,0.00754364607836,0.0030513697246001836,0.002627543225743767,-0.013486960822316981,86.16316986083984
2100,2020-05-08,0.9091371341271189,0.907018130966527,0.9111713590545707,0.9040515394750669,0.060016307326266824,-0.0009323665640080803,-0.008306456176087607,-0.005594199384048371,-0.0022884949600278093,0.033937951960220814,85.38125610351562
2101,2020-05-11,0.9034581565099304,0.8993897066550266,0.904899127805935,0.8966773851961426,0.14818280245411894,-0.0056789776171884965,-0.007628424311500348,-0.00627223124863574,-0.007374154278924294,0.08816649512785212,84.66315460205078
2102,2020-05-12,0.9039667612419268,0.9076114492648187,0.910408548956843,0.9021868063470506,0.050071511635678294,0.0005086047319963205,0.008221742609792138,0.005509421150908023,0.005509421150908023,-0.09811129081844064,85.43711853027344
2103,2020-05-13,0.913120870415727,0.9122732174180145,0.9149008253106028,0.9098151659917065,0.041369815406413324,0.009154109173800218,0.0046617681531957444,0.0044922763537598165,0.007628359644655913,-0.00870169622926497,85.87592315673828
2104,2020-05-14,0.9172740985037708,0.920071198195795,0.9209187865266629,0.9145617770448868,0.03932471629262294,0.004153228088043859,0.007797980777780489,0.00601796121606013,0.004746611053180305,-0.0020450991137903815,86.61000061035156
2105,2020-05-15,0.9247329663489908,0.9233768379529709,0.9260891594118552,0.9190540533986469,0.05628700894229612,0.007458867845219985,0.0033056397571759044,0.005170372885192287,0.0044922763537600385,0.01696229264967318,86.9211654663086
2106,2020-05-18,0.922190201356387,0.9159179054409068,0.922190201356387,0.9141379505460306,0.04318768128533811,-0.002542764992603863,-0.007458932512064087,-0.003898958055468249,-0.004916102852616233,-0.01309932765695801,86.218994140625
2107,2020-05-19,0.9144769988117467,0.9175283685363468,0.9190540533986469,0.9143075070123111,0.038643016588026144,-0.007713202544640252,0.0016104630954399957,-0.0031361479577400875,0.00016955646628047383,-0.004544664697311969,86.37063598632812
2108,2020-05-20,0.9182911786340746,0.925750111146139,0.928462432605023,0.9176978603357826,0.049229412000588134,0.003814179822327901,0.008221742609792249,0.00940837920637616,0.0033903533234714844,0.01058639541256199,87.14456939697266
2109,2020-05-21,0.9303271657330392,0.9274452878078749,0.9316832941290589,0.925411062880423,0.06089850694398032,0.012035987098964585,0.0016951766617359088,0.0032208615240358895,0.007713202544640363,0.011669094943392189,87.30413055419922
2110,2020-05-22,0.9290557509033149,0.929649069201607,0.930920484031331,0.927275796008439,0.023057490008420996,-0.00127141482972426,0.002203781393732007,-0.0007628100977279395,0.0018647331280160495,-0.03784101693555933,87.51158142089844
2111,2020-05-26,0.9261738729781507,0.9244786963164149,0.9288861944370347,0.924309204516979,0.03296218571638619,-0.0028818779251642557,-0.005170372885192065,-0.0020342895942963013,-0.0029665914914600577,0.009904695707965195,87.02490234375
2112,2020-05-27,0.9263434294444309,0.9267671912764427,0.928123384339307,0.9246481881158507,0.029339820619411063,0.00016955646628025178,0.0022884949600278093,-0.0007628100977277175,0.0003389835988717449,-0.0036223650969751282,87.24032592773438
2113,2020-05-28,0.9228682332209746,0.924817744582131,0.9260043811787149,0.9210882783260989,0.029647253819523343,-0.0034751962234563782,-0.0019494466943117406,-0.0021190031605921034,-0.0035599097897518472,0.00030743320011228023,87.05677032470703
2114,2020-05-29,0.927530066041015,0.932785217159347,0.9336328054902151,0.9250720146147069,0.05103391121863847,0.004661832820040401,0.007967472577216084,0.007628424311500237,0.003983736288608042,0.021386657399115126,87.80675506591797
2115,2020-06-01,0.923715886218687,0.9270215259758632,0.9276995578404509,0.9235463297524068,0.043802547685562666,-0.003814179822327901,-0.0057636911834838545,-0.005933247649764217,-0.0015256848623000918,-0.007231363533075803,87.48442077636719
2116,2020-06-02,0.9260891594118552,0.927869114306731,0.9288861944370347,0.925326284647283,0.025262989052704743,0.002373273193168157,0.0008475883308678434,0.001186636596583801,0.0017799548948761457,-0.018539558632857923,87.564453125
2117,2020-06-03,0.9232920597198309,0.9198168634963746,0.9267671912764427,0.9165112237391985,0.3153328966890781,-0.002797099692024352,-0.008052250810356432,-0.0021190031605919923,-0.008815060908084482,0.29006990763637336,86.80451965332031
2118,2020-06-04,0.920071198195795,0.9138836805134547,0.9214273265918148,0.9118494555860027,0.04149011535428335,-0.0032208615240358895,-0.005933182982919893,-0.005339864684627882,-0.0046617681531957444,-0.2738427813347948,86.2446060180664
2119,2020-06-05,0.9084590375956867,0.9137141887140189,0.9149855388768987,0.9023562981464865,0.04388274765080935,-0.011612160600108279,-0.00016949179943581694,-0.006441787714916103,-0.009493157439516176,0.002392632296526004,86.22863006591797
2120,2020-06-08,0.9109170890219949,0.9187997833660709,0.9201559117620908,0.9109170890219949,0.17674735674281208,0.002458051426308172,0.00508559465205205,0.005170372885192065,0.008560790875508317,0.13286460909200273,86.70857238769531
2121,2020-06-09,0.925495841113563,0.9210882783260989,0.9255805546798588,0.9202406899952308,0.0842634301525136,0.014578752091568115,0.0022884949600279203,0.005424642917768008,0.009323600973235924,-0.09248392659029848,86.92453002929688
2122,2020-06-10,0.9242244262838389,0.9310899758307669,0.9321918988610552,0.9209187865266629,0.028711587558312057,-0.001271414829724038,0.010001697504668061,0.006611344181196466,0.0006780965314321374,-0.05555184259420154,87.86842346191406
2123,2020-06-11,0.936175570482819,0.931174754063907,0.936175570482819,0.927530066041015,0.03258791921190168,0.011951144198980024,8.477823314012589e-05,0.003983671621763718,0.006611279514352031,0.00387633165358962,87.87639617919922
2124,2020-06-12,0.9334632490239347,0.9315985805627632,0.9355822521845267,0.9294795774021712,0.041757448571772285,-0.002712321458884226,0.0004238264988561946,-0.0005933182982922336,0.0019495113611562864,0.009169529359870608,87.91638946533203
2125,2020-06-15,0.9349889338862349,0.9394812102399949,0.9407526250697188,0.932785217159347,0.08343469717829789,0.0015256848623002028,0.007882629677231634,0.005170372885192065,0.0033056397571757934,0.04167724860652561,88.66029357910156
2126,2020-06-16,0.9348194420867991,0.9310899758307669,0.9354975386182314,0.928547210838163,0.0480798791653857,-0.00016949179943581694,-0.008391234409227954,-0.005255086451487423,-0.004238006321183985,-0.035354818012912195,87.86842346191406
2127,2020-06-17,0.9315985805627632,0.932954708958783,0.9337175837233552,0.9238853780181229,0.03407161856896529,-0.0032208615240358895,0.0018647331280160495,-0.0017799548948761457,-0.004661832820040179,-0.014008260596420408,88.04438018798828
2128,2020-06-18,0.9348194420867991,0.9374469853125429,0.9391422266411231,0.932954708958783,0.02742838811436515,0.0032208615240358895,0.0044922763537599275,0.005424642917767897,0.009069330940660092,-0.006643230454600139,88.46831512451172
2129,2020-06-19,0.9369384452473911,0.938972670174843,0.9390574484079831,0.9363451269490991,0.07099033590418777,0.0021190031605919923,0.0015256848623000918,-8.477823314001487e-05,0.0033904179903161413,0.043561947789822614,88.61229705810547
2130,2020-06-22,0.940837403302859,0.939311718440559,0.9435497247617431,0.938294573643411,0.04996457834868272,0.003898958055467916,0.0003390482657160687,0.0044922763537600385,0.0019494466943118516,-0.02102575755550505,88.64432525634766
2131,2020-06-23,0.9379555900445393,0.935412760385091,0.9396507667062751,0.934480393821083,0.04040741582345314,-0.00288181325831971,-0.003898958055468027,-0.003898958055468027,-0.003814179822327901,-0.009557162525229576,88.2763671875
2132,2020-06-24,0.9363451269490991,0.9384641301096911,0.938718400142267,0.933802297289651,0.04254608156336465,-0.0016104630954402177,0.0030513697246000726,-0.0009323665640080803,-0.0006780965314320264,0.002138665739911512,88.56430053710938
2133,2020-06-25,0.9428716282303109,0.9412612298017151,0.9428716282303109,0.939565988473135,0.025717455522435942,0.006526501281211794,0.0027970996920240188,0.004153228088043859,0.0057636911834839655,-0.01682862604092871,88.82827758789062
2134,2020-06-26,0.9435497247617431,0.9447363613583271,0.9450754096240431,0.9417697698668671,0.06220843970967613,0.0006780965314322485,0.0034751315566119434,0.0022037813937322293,0.0022037813937321182,0.036490984187240186,89.15624237060547
2135,2020-06-29,0.9466010944863432,0.945244901423479,0.9473639045840709,0.9442278212931752,0.04118268215417107,0.0030513697246000726,0.0005085400651518857,0.0022884949600278093,0.002458051426308061,-0.021025757555505058,89.2042236328125
2136,2020-06-30,0.9484658276143593,0.9463468244537673,0.9510085926069631,0.9437192165611789,0.06207477310093166,0.0018647331280160495,0.001101923030288332,0.003644688022892195,-0.0005086047319963205,0.02089209094676059,89.3082046508789
2137,2020-07-01,0.9442278212931752,0.9476182392834912,0.9476182392834912,0.941345943368011,0.08657586248379293,-0.004238006321184096,0.001271414829723927,-0.0033903533234719285,-0.002373273193167824,0.024501089382861267,89.6425552368164
2138,2020-07-02,0.9476182392834912,0.9491439241457914,0.9511781490732433,0.9462620462206272,0.04007324930159197,0.0033904179903160303,0.0015256848623002028,0.0035599097897520693,0.004916102852616122,-0.046502613182200954,89.78689575195312
2139,2020-07-06,0.9492286377120869,0.9514324191058192,0.9514324191058192,0.946770586285779,0.07157846898266344,0.0016103984285956718,0.0022884949600278093,0.00025427003257594283,0.0005085400651518857,0.03150521968107147,90.00336456298828
2140,2020-07-07,0.9525342774692629,0.9577894285875953,0.9577894285875953,0.9506696090080914,0.05696870864689292,0.0033056397571760154,0.006357009481776088,0.006357009481776088,0.003899022722312351,-0.014609760335770522,90.604736328125
2141,2020-07-08,0.9560942519258594,0.9568570620235872,0.9577046503544551,0.954314232364139,0.04297381471134696,0.003559974456596504,-0.0009323665640080803,-8.477823314023691e-05,0.0036446233560476493,-0.013994893935545961,90.51654052734376
2142,2020-07-09,0.9586370169184631,0.9677911260922634,0.9687234926562714,0.9577894285875953,0.03749348375282371,0.002542764992603752,0.010934064068676141,0.011018842301816378,0.0034751962234562672,-0.005480330958523252,91.55088806152344
2143,2020-07-10,0.9720291324134475,0.9644007081019473,0.9724529589123037,0.9632988497385034,0.025329822357076977,0.013392115494984314,-0.0033904179903160303,0.00372946625603221,0.005509421150908134,-0.01216366139574673,91.23014831542967
2144,2020-07-13,0.9631292932722231,0.9650788046333794,0.9653330746659553,0.9620274349087793,0.10345795516821943,-0.008899839141224386,0.0006780965314320264,-0.007119884246348351,-0.001271414829724149,0.07812813281114245,91.2942886352539
2145,2020-07-14,0.9678759043254035,0.9688929844557074,0.9716900841477314,0.9663502194631036,0.05028537820966944,0.004746611053180416,0.003814179822328012,0.006357009481776088,0.004322784554324333,-0.05317257695854999,91.65511322021484
2146,2020-07-15,0.9679606178916993,0.9677911260922634,0.9701643992854314,0.9666044894956795,0.03967224947535856,8.471356629580207e-05,-0.0011018583634440082,-0.0015256848622999808,0.0002542700325758318,-0.010613128734310882,91.55088806152344
2147,2020-07-16,0.9721139106465875,0.9726224507117395,0.9741481355740395,0.9705034475511475,0.029460120567281086,0.004153292754888183,0.004831324619476107,0.003983736288608042,0.003898958055468027,-0.010212128908077472,92.00791931152344
2148,2020-07-17,0.9751652803711875,0.9735548172757476,0.9758433122357751,0.9711815440825794,0.03371071872535522,0.0030513697246000726,0.0009323665640080803,0.0016951766617356867,0.0006780965314319154,0.004250598158074135,92.09612274169922
2149,2020-07-20,0.9770299488323593,0.9761823605014915,0.9787251901609396,0.9750805021380475,0.050619544731530616,0.0018646684611717257,0.002627543225743989,0.0028818779251644777,0.003898958055468138,0.016908826006175395,92.34466552734376
2150,2020-07-21,0.9796575567249476,0.9783861418952235,0.9808441933215316,0.9778776018300718,0.05096707791426624,0.002627607892588313,0.002203781393732007,0.0021190031605919923,0.002797099692024241,0.00034753318273562234,92.55310821533205
2151,2020-07-22,0.9833022447478399,0.9829631964821237,0.9848279296101397,0.9815222898529636,0.07490676754040074,0.003644688022892306,0.004577054586900164,0.003983736288608042,0.003644688022891862,0.0239396896261345,92.98609161376952
2152,2020-07-23,0.9869469327707316,0.988472617633032,0.9895744759964756,0.9849974214095756,0.06608477136326574,0.003644688022891751,0.005509421150908245,0.004746546386335981,0.0034751315566119434,-0.008821996177135,93.5072784423828
2153,2020-07-24,0.9883878393998917,0.9882182829336114,0.9895744759964756,0.9853364696752916,0.03329635223824736,0.001440906629160077,-0.0002543346994205997,0.0,0.0003390482657160687,-0.03278841912501838,93.48324584960938
2154,2020-07-27,0.9906763343599194,0.9834717365472755,0.9921173056559238,0.9833869583141354,0.02528972237445364,0.0022884949600276983,-0.00474654638633587,0.002542829659448187,-0.0019495113611562864,-0.008006629863793722,93.0342025756836
2155,2020-07-28,0.9850821996427157,0.9860145662067236,0.9888963794650436,0.9849126431764356,0.028511087645195353,-0.005594134717203714,0.002542829659448076,-0.0032209261908802134,0.0015256848623002028,0.003221365270741714,93.27477264404295
2156,2020-07-29,0.9866078845050157,0.9881335693673157,0.9883030611667516,0.9840650548455675,0.04878831219173138,0.0015256848622999808,0.0021190031605921034,-0.0005933182982920115,-0.0008475883308680654,0.020277224546536028,93.47521209716795
2157,2020-07-30,0.9927953375205114,0.9915239873576319,0.9927953375205114,0.9898287460290516,0.05126114445350407,0.006187453015495725,0.0033904179903162524,0.0044922763537598165,0.0057636911834840765,0.002472832261772688,93.7959442138672
2158,2020-07-31,0.9895744759964756,0.9922867974553596,0.9935582122850838,0.9870316463370276,0.0447515806076484,-0.0032208615240357785,0.0007628100977277175,0.0007628747645723744,-0.0027970996920240188,-0.006509563845855666,93.86808776855467
2159,2020-08-03,0.9853364696752916,0.9877097428684596,0.9887268876656078,0.9836412930135556,0.06131287343108818,-0.004238006321183985,-0.004577054586900053,-0.004831324619475996,-0.0033903533234719285,0.01656129282343978,93.6455078125
2160,2020-08-04,0.991778257390208,0.9953381671799597,0.9953381671799597,0.9907611125930597,0.16819269378316604,0.006441787714916325,0.007628424311500126,0.00661127951435192,0.0071198195795040276,0.10687982035207785,94.36873626708984
2161,2020-08-05,0.9906763343599194,0.9896592542296159,0.9932191640193677,0.9894896977633354,0.08277973079545,-0.001101923030288554,-0.00567891295034384,-0.0021190031605919923,-0.00127141482972426,-0.08541296298771604,93.83033752441406
2162,2020-08-06,0.9966942955759795,0.9961857555108277,1.0,0.9942363088165158,0.05806477483859757,0.00601796121606013,0.006526501281211794,0.006780835980632283,0.004746611053180416,-0.02471495595685242,94.44912719726562
2163,2020-08-07,0.9969486302754,0.9907611125930597,0.9988980769697117,0.9902525725279077,0.07450576771416732,0.0002543346994204887,-0.005424642917768008,-0.001101923030288332,-0.003983736288608153,0.01644099287556975,93.93479919433594
2164,2020-08-10,0.9934734340519437,0.9870316463370276,0.995168675380524,0.9866926627381558,0.04479168059027174,-0.0034751962234563782,-0.003729466256032099,-0.003729401589187664,-0.0035599097897518472,-0.02971408712389558,93.58120727539062
2165,2020-08-11,0.9794032866923716,0.9773689970980755,0.9802508750232396,0.9731309907768915,0.08835362838009436,-0.014070147359572016,-0.009662649238952103,-0.014917800357284405,-0.013561671961264343,0.04356194778982262,92.66509246826172
2166,2020-08-12,0.9725376724785992,0.9713510358820153,0.9744871838397555,0.9692320327214233,0.0436956143985671,-0.0068656142137724085,-0.00601796121606013,-0.0057636911834840765,-0.003898958055468138,-0.044658013981527266,92.09451293945312
2167,2020-08-13,0.9702491775185715,0.9582132550864514,0.9702491775185715,0.9565180137578712,0.07163193562616123,-0.0022884949600276983,-0.013137780795563936,-0.004238006321183985,-0.012714018963552176,0.02793632122759413,90.84893798828124
2168,2020-08-14,0.9572808885224433,0.9535514222664112,0.9599084317481873,0.9532971522338353,0.04667637977356876,-0.01296828899612823,-0.004661832820040179,-0.010340745770384241,-0.0032208615240358895,-0.024955555852592466,90.40690612792967
2169,2020-08-17,0.9571961102893033,0.9560942519258594,0.9598236535150471,0.9548228370961354,0.03207998609867269,-8.477823314001487e-05,0.002542829659448187,-8.477823314023691e-05,0.0015256848623000918,-0.014596393674896069,90.64800262451172
2170,2020-08-18,0.9596541617156114,0.9618579431093436,0.9623664831744954,0.9576199367881595,0.056861775359897344,0.002458051426308061,0.0057636911834841875,0.002542829659448298,0.0027970996920241298,0.02478178926122465,91.19446563720705
2171,2020-08-19,0.9645702645682275,0.9572808885224433,0.9659263929642473,0.9549076153292755,0.0436688810768182,0.004916102852616122,-0.0045770545869002754,0.0035599097897519583,-0.002712321458884004,-0.013192894283079147,90.76053619384766
2172,2020-08-20,0.9649092481670991,0.9632988497385034,0.9649092481670991,0.9620274349087793,0.04095544891930547,0.0003389835988716339,0.00601796121606013,-0.0010171447971482062,0.0071198195795038055,-0.002713432157512727,91.3310775756836
2173,2020-08-21,0.9651635828665197,0.9666892677288195,0.9680453961248393,0.9613493383773474,0.04088861561493323,0.0002543346994205997,0.0033904179903160303,0.0031361479577401985,-0.0006780965314319154,-6.6833304372238e-05,91.65252685546876
2174,2020-08-24,0.9682149525911197,0.9652482964328151,0.9705034475511475,0.9646549781345233,0.03375081870797856,0.0030513697245999616,-0.0014409712960044008,0.002458051426308172,0.0033056397571759044,-0.007137796906954673,91.5159149169922
2175,2020-08-25,0.9582132550864514,0.9581284768533114,0.9598236535150471,0.9535514222664112,0.05647414219453838,-0.010001697504668283,-0.0071198195795036945,-0.01067979403610042,-0.01110355586811207,0.022723323486559824,90.8408660888672
2176,2020-08-26,0.955839917226439,0.9571113320561633,0.9575351585550194,0.9517714673715353,0.06329113924050633,-0.00237333786001237,-0.0010171447971480951,-0.0022884949600276983,-0.0017799548948759236,0.00681699704596795,90.74441528320312
2177,2020-08-27,0.9590608434173195,0.9429564064634511,0.9590608434173195,0.9426173581977351,0.08771202865812092,0.0032209261908804354,-0.014154925592712142,0.0015256848623000918,-0.009154109173800218,0.024420889417614583,89.40240478515625
2178,2020-08-28,0.9457535061554752,0.9443125995263154,0.9466010944863432,0.940837403302859,0.07822169943726358,-0.013307337261844299,0.0013561930628642749,-0.012459748930976233,-0.0017799548948760346,-0.009490329220857338,89.5309829711914
2179,2020-08-31,0.9463468244537673,0.9492286377120869,0.9533819304669755,0.944651583125187,0.27028724954219185,0.0005933182982921226,0.004916038185771465,0.006780835980632283,0.003814179822328012,0.19206555010492826,89.9970703125
2180,2020-09-01,0.9448211395914672,0.9570266184898675,0.9572808885224433,0.943803994794319,0.17238982529774238,-0.0015256848623000918,0.0077979807777806,0.003898958055467805,-0.0008475883308680654,-0.09789742424444947,90.95486450195312
2181,2020-09-02,0.9550771071287113,0.9642312163025116,0.9649940264002392,0.9538904705321273,0.06906553673826742,0.010255967537244115,0.0072045978126441534,0.007713137877795928,0.010086475737808298,-0.10332428855947497,91.63959503173828
2182,2020-09-03,0.9653330746659553,0.9644007081019473,0.9682996661574151,0.9631292932722231,0.06970713646024086,0.010255967537244004,0.00016949179943570591,0.0033056397571759044,0.009238822740095798,0.000641599721973446,91.65570831298828
2183,2020-09-04,0.9593998916830353,0.9474486828172111,0.9593998916830353,0.9472791910177755,0.06457433868445324,-0.0059331829829200045,-0.016952025284736272,-0.00889977447437984,-0.015850102254447607,-0.005132797775787623,90.04458618164062
2184,2020-09-08,0.9524495639029675,0.9533819304669755,0.9572808885224433,0.9501610042760951,0.029914587037012285,-0.0069503277800677665,0.005933247649764439,-0.0021190031605919923,0.0028818132583195988,-0.03465975164744095,90.60852813720705
2185,2020-09-09,0.9526190557024031,0.9503305607423755,0.9548228370961354,0.9484658276143593,0.04511248045125847,0.0001694917994355949,-0.0030513697245999616,-0.00245805142630795,-0.0016951766617357977,0.015197893414246186,90.3184814453125
2186,2020-09-10,0.9491439241457914,0.953466644033271,0.9539752487652673,0.9465163162532032,0.0436688810768182,-0.0034751315566117214,0.0031360832908954306,-0.0008475883308680654,-0.0019495113611560644,-0.0014435993744402742,90.6165542602539
2187,2020-09-11,0.9556704254270033,0.955839917226439,0.9562637437252952,0.9527038339355434,0.0625693395532862,0.006526501281211905,0.002373273193168046,0.0022884949600279203,0.00618751768234016,0.018900458476468,90.84209442138672
2188,2020-09-14,0.9577046503544551,0.9578742068207355,0.9592303352167553,0.9556704254270033,0.05297207704543328,0.0020342249274517554,0.0020342895942965233,0.0029665914914600577,0.0029665914914599467,-0.009597262507852915,91.03543853759766
2189,2020-09-15,0.9571961102893033,0.9573656020887392,0.9587217951516034,0.955839917226439,0.035448384639033326,-0.0005085400651517746,-0.0005086047319963205,-0.0005085400651518857,0.00016949179943570591,-0.017523692406399956,90.9871063232422
2190,2020-09-16,0.9610950683447713,0.956433235524731,0.9627902450065071,0.9541447405647032,0.028992287436675444,0.003898958055468027,-0.0009323665640081913,0.004068449854903733,-0.0016951766617357977,-0.006456097202357881,90.89847564697266
2191,2020-09-17,0.9605017500464793,0.9572808885224433,0.9621122131419196,0.9556704254270033,0.1630064293638806,-0.0005933182982920115,0.0008476529977122782,-0.0006780318645874805,0.0015256848623000918,0.13401414192720515,90.97909545898438
2192,2020-09-18,0.9586370169184631,0.954653280629855,0.9595693834824712,0.9542295187978432,0.024821889243847994,-0.0018647331280161605,-0.002627607892588313,-0.002542829659448409,-0.001440906629160077,-0.13818454012003262,90.7293472290039
2193,2020-09-21,0.9599084317481873,0.956433235524731,0.9599084317481873,0.954653280629855,0.04001978265809418,0.001271414829724149,0.0017799548948760346,0.0003390482657160687,0.00042376183201175976,0.015197893414246186,90.89847564697266
2194,2020-09-22,0.9566027919910113,0.9557552036601435,0.9590608434173195,0.9543990105972792,0.026412521887907183,-0.0033056397571760154,-0.0006780318645874805,-0.0008475883308678434,-0.0002542700325758318,-0.013607260770186997,90.83406066894533
2195,2020-09-23,0.9563485219584352,0.9501610042760951,0.9563485219584352,0.9501610042760951,0.3189418951251788,-0.00025427003257605385,-0.005594199384048482,-0.002712321458884226,-0.004238006321184096,0.29252937323727163,90.30236053466795
2196,2020-09-24,0.9518562456046753,0.9515171973389595,0.9526190557024031,0.9501610042760951,0.03833558338791387,-0.0044922763537599275,0.001356193062864386,-0.003729466256032099,0.0,-0.2806063117372649,90.43126678466795
2197,2020-09-25,0.9509238790406672,0.9514324191058192,0.9519409591709712,0.9488895894463711,0.02658628847927499,-0.0009323665640080803,-8.477823314023691e-05,-0.0006780965314319154,-0.001271414829723927,-0.011749294908638876,90.4232177734375
2198,2020-09-28,0.9507543225743872,0.9533819304669755,0.9533819304669755,0.9505848307749513,0.0364375175437424,-0.00016955646628002974,0.0019495113611562864,0.0014409712960042897,0.0016952413285801216,0.00985122906446741,90.60852813720705
2199,2020-09-29,0.9549076153292755,0.9526190557024031,0.9561789654921552,0.951601910905255,0.036624650795984655,0.004153292754888294,-0.0007628747645723744,0.002797035025179695,0.0010170801303037713,0.0001871332522422539,90.53599548339844
2200,2020-09-30,0.9493981941783675,0.947957222882363,0.9518562456046753,0.9444820913257511,0.06303717268389183,-0.005509421150908023,-0.004661832820040179,-0.004322719887479898,-0.0071198195795039165,0.02641252188790718,90.09295654296876
2201,2020-10-01,0.9421935963657233,0.9481267793486432,0.949567685977803,0.9421935963657233,0.05631374226404502,-0.0072045978126441534,0.00016955646628025178,-0.002288559626872244,-0.0022884949600278093,-0.0067234304198468126,90.32630920410156
2202,2020-10-02,0.9481267793486432,0.9471944127846351,0.9481267793486432,0.9428716282303109,0.048119979148009036,0.005933182982919893,-0.0009323665640080803,-0.001440906629159855,0.0006780318645875916,-0.008193763116035986,90.23749542236328
2203,2020-10-05,0.9406679115034233,0.9365146187485348,0.940837403302859,0.9352432039188108,0.08928929464130565,-0.007458867845219874,-0.01067979403610031,-0.007289376045784168,-0.007628424311500126,0.04116931549329662,89.22006225585938
2204,2020-10-06,0.9367688887811109,0.9403288632377071,0.944651583125187,0.9333785354576393,0.09406119257348322,-0.003899022722312462,0.003814244489172336,0.003814179822328012,-0.0018646684611715036,0.004771897932177568,89.58342742919922
2205,2020-10-07,0.936599396981675,0.9337175837233552,0.9397355449394154,0.932361390660491,0.052825043775814366,-0.00016949179943581694,-0.00661127951435192,-0.004916038185771687,-0.0010171447971483172,-0.041236148797668855,88.95358276367188
2206,2020-10-08,0.938294573643411,0.938209860077115,0.9399898149719912,0.9367688887811109,0.05358694344565784,0.0016951766617359088,0.0044922763537598165,0.0002542700325758318,0.004407498120619913,0.0007618996698434757,89.38154602050781
2207,2020-10-09,0.936853667014251,0.9406679115034233,0.9411764515685751,0.9346498856205188,0.047050646278053276,-0.001440906629159966,0.002458051426308283,0.001186636596583912,-0.0021190031605921034,-0.006536297167604566,89.61573028564453
2208,2020-10-12,0.9424478663982991,0.9454992361228992,0.9463468244537673,0.9416002134005869,0.02959378717602556,0.0055941993840481485,0.004831324619475885,0.005170372885192176,0.0069503277800681,-0.017456859102027718,90.0760269165039
2209,2020-10-13,0.9482115575817834,0.9489743676795112,0.9496524642109433,0.9461772679874868,0.27588788044858514,0.0057636911834842985,0.0034751315566119434,0.0033056397571760154,0.004577054586899942,0.24629409327255958,90.40706634521484
2210,2020-10-14,0.9511781490732433,0.9494829077446629,0.9522800074366872,0.9491439241457914,0.16916846002700064,0.0029665914914598357,0.0005085400651517746,0.002627543225743878,0.0029666561583046036,-0.1067194204215845,90.45548248291016
2211,2020-10-15,0.9533819304669755,0.949567685977803,0.954314232364139,0.9485506058474994,0.04127624878029219,0.0022037813937322293,8.477823314012589e-05,0.0020342249274518664,-0.0005933182982920115,-0.12789221124670846,90.4636001586914
2212,2020-10-16,0.9498219560103791,0.9471944127846351,0.951601910905255,0.9460925544211914,0.04150348201515779,-0.003559974456596393,-0.002373273193167935,-0.002712321458884004,-0.00245805142630795,0.0002272332348655995,90.23749542236328
2213,2020-10-19,0.9445668695588911,0.9437192165611789,0.9454144578897592,0.9418545481000073,0.0667263710852392,-0.005255086451487978,-0.0034751962234562672,-0.006187453015495836,-0.004238006321184096,0.025222889070081404,89.90640258789062
2214,2020-10-20,0.9421935963657233,0.9371927152799671,0.9421935963657233,0.9366841752148153,0.04040741582345314,-0.002373273193167824,-0.006526501281211794,-0.0032208615240358895,-0.005170372885192065,-0.026318955261786056,89.28463745117188
2215,2020-10-21,0.936260348715959,0.9348194420867991,0.938718400142267,0.9345651720542233,0.03876331653589617,-0.005933247649764328,-0.002373273193167935,-0.0034751962234562672,-0.0021190031605919923,-0.0016440992875569743,89.05854797363281
2216,2020-10-22,0.933802297289651,0.928123384339307,0.934480393821083,0.928123384339307,0.03475331827356208,-0.00245805142630795,-0.006696057747492157,-0.004238006321183985,-0.006441787714916325,-0.004009998262334086,88.42063903808594
2217,2020-10-23,0.9283776543718829,0.933039487191923,0.934056567322227,0.9282928761387427,0.03502065149105102,-0.005424642917768119,0.004916102852616011,-0.0004238264988560836,0.00016949179943570591,0.0002673332174889381,88.88898468017578
2218,2020-10-26,0.936853667014251,0.9388031783754073,0.939565988473135,0.9349042203199391,0.03877668319677061,0.00847601264236808,0.0057636911834842985,0.005509421150908023,0.006611344181196466,0.003756031705719594,89.43806457519531
2219,2020-10-27,0.942024039899443,0.9450754096240431,0.9450754096240431,0.940837403302859,0.044257014155293865,0.005170372885192065,0.006272231248635851,0.005509421150908134,0.005933182982919893,0.005480330958523252,90.03562927246094
2220,2020-10-28,0.9469401427520593,0.9411764515685751,0.9474486828172111,0.9398202585057107,0.049296245304960365,0.004916102852616233,-0.003898958055468027,0.002373273193167935,-0.0010171447971483172,0.0050392311496665,89.6641845703125
2221,2020-10-29,0.9411764515685751,0.934480393821083,0.9418545481000073,0.9318528505953391,0.05623354229879834,-0.0057636911834841875,-0.006696057747492046,-0.005594134717203714,-0.007967407910371649,0.006937296993837973,89.0262451171875
2222,2020-10-30,0.934056567322227,0.9280386061061666,0.936599396981675,0.9276995578404509,0.2395840295135872,-0.007119884246348129,-0.006441787714916436,-0.005255151118332302,-0.004153292754888183,0.18335048721478886,88.41256713867188
2223,2020-11-02,0.9326156606930669,0.9304118792993348,0.933802297289651,0.9303271657330392,0.16864716025289722,-0.001440906629160077,0.002373273193168157,-0.0027970996920240188,0.002627607892588313,-0.07093686926068998,88.85205078125
2224,2020-11-03,0.929649069201607,0.9289709726701748,0.930920484031331,0.9265976994770069,0.2967131380909735,-0.0029665914914599467,-0.001440906629159966,-0.002881813258320043,-0.003729466256032321,0.12806597783807627,88.71444702148438
2225,2020-11-04,0.9506696090080914,0.9493134159452272,0.9528733257349792,0.9470249209851994,0.09268442650341518,0.02102053980648444,0.020342443275052413,0.021952841703648196,0.02042722150819254,-0.2040287115875583,90.6571273803711
2226,2020-11-05,0.9548228370961354,0.9542295187978432,0.9560942519258594,0.9505000525418111,0.05560530923769933,0.00415322808804397,0.004916102852616011,0.0032209261908802134,0.0034751315566117214,-0.037079117265715854,91.12657165527344
2227,2020-11-06,0.9471944127846351,0.9466858727194832,0.9484658276143593,0.9439735512605995,0.05421517650675685,-0.007628424311500237,-0.00754364607836,-0.007628424311500126,-0.006526501281211683,-0.0013901327309424824,90.40621185302734
2228,2020-11-09,0.938125081843975,0.931768072362199,0.939565988473135,0.929394799169031,0.07989253204656944,-0.009069330940660092,-0.014917800357284183,-0.008899839141224275,-0.014578752091568448,0.025677355539812596,88.9815673828125
2229,2020-11-10,0.9293100209358909,0.9282928761387427,0.9324461688936313,0.9271062395421586,0.06051087377862136,-0.008815060908084149,-0.0034751962234563782,-0.0071198195795036945,-0.002288559626872355,-0.019381658267948083,88.64970397949219
2230,2020-11-11,0.9287167026375989,0.931429024096483,0.931429024096483,0.9270215259758632,0.056153342333551653,-0.0005933182982920115,0.0031361479577403095,-0.0010171447971483172,-8.4713566295469e-05,-0.004357531445069708,88.94918060302734
2231,2020-11-12,0.934480393821083,0.940837403302859,0.940837403302859,0.9339718537559311,0.04329461457233368,0.0057636911834841875,0.00940837920637605,0.00940837920637605,0.0069503277800678775,-0.012858727761217971,89.8476791381836
2232,2020-11-13,0.9419392616663028,0.9416002134005869,0.9436345029948832,0.940498355037143,0.025824388809431515,0.007458867845219763,0.0007628100977278285,0.0027970996920241298,0.006526501281211905,-0.017470225762902167,89.92053985595703
2233,2020-11-16,0.9419392616663028,0.9435497247617431,0.944651583125187,0.9416002134005869,0.08261933086495662,0.0,0.0019495113611562864,0.0010170801303038823,0.0011018583634438972,0.05679494205552511,90.10670471191406
2234,2020-11-17,0.9463468244537673,0.9484658276143593,0.9488048758800752,0.9463468244537673,0.032173552724793816,0.0044075627874644585,0.004916102852616122,0.004153292754888183,0.004746611053180416,-0.05044577814016281,90.57617950439452
2235,2020-11-18,0.9515171973389595,0.951347640872679,0.9519409591709712,0.9486353194137952,0.06804967051180945,0.005170372885192176,0.00288181325831971,0.0031360832908959857,0.0022884949600279203,0.03587611778701563,90.85137176513672
2236,2020-11-19,0.9556704254270033,0.9584675251190273,0.9601627017807632,0.9545685670635595,0.042987181372221406,0.004153228088043859,0.007119884246348351,0.008221742609792027,0.005933247649764328,-0.025062489139588043,91.53132629394533
2237,2020-11-20,0.9598236535150471,0.961942656675639,0.9635531197710794,0.9572808885224433,0.03364388542098298,0.004153228088043748,0.0034751315566117214,0.0033904179903161413,0.002712321458883782,-0.009343295951238423,91.86317443847656
2238,2020-11-23,0.9610950683447713,0.9610950683447713,0.9617731648762035,0.9581284768533114,0.03965888281448411,0.00127141482972426,-0.0008475883308677323,-0.0017799548948759236,0.0008475883308680654,0.006014997393501129,91.78224182128906
2239,2020-11-24,0.9588065733847436,0.9554161553944274,0.9594846052493312,0.9544837888304193,0.0375202170745726,-0.0022884949600276983,-0.005678912950343951,-0.002288559626872244,-0.003644688022892084,-0.002138665739911512,91.23992919921876
2240,2020-11-25,0.9560942519258594,0.9539752487652673,0.9584675251190273,0.9530428822012592,0.18416585352813014,-0.002712321458884226,-0.001440906629160077,-0.0010170801303038823,-0.001440906629160077,0.14664563645355755,91.1023178100586
2241,2020-11-27,0.9581284768533114,0.9609255765453356,0.9609255765453356,0.9557552036601435,0.015866226457968535,0.0020342249274519775,0.006950327780068322,0.002458051426308283,0.002712321458884337,-0.1682996270701616,91.7660675048828
2242,2020-11-30,0.9603322582470434,0.9632140715053633,0.9644854863350875,0.9594846052493312,0.0317992862203093,0.002203781393732007,0.0022884949600276983,0.0035599097897518472,0.003729401589187664,0.015933059762340766,91.984619140625
2243,2020-12-01,0.9571113320561633,0.9521105156372512,0.9584675251190273,0.9494829077446629,0.08364856375228905,-0.0032209261908801023,-0.01110355586811207,-0.00601796121606013,-0.010001697504668283,0.051849277531979744,91.12712860107422
2244,2020-12-02,0.9494829077446629,0.945838219721771,0.951347640872679,0.9431258982628868,0.05323941026292222,-0.007628424311500348,-0.006272295915480286,-0.007119884246348351,-0.006357009481776088,-0.030409153489366826,90.52677154541016
2245,2020-12-03,0.9499915124766591,0.9529581039681192,0.9547380588629952,0.9484658276143593,0.08411639688289468,0.0005086047319962095,0.00711988424634824,0.0033904179903162524,0.005339929351472428,0.030876986619972464,91.20822143554688
2246,2020-12-04,0.9451601878571834,0.9417697698668671,0.9477877310829271,0.9398202585057107,0.10466095464691966,-0.004831324619475774,-0.011188334101252084,-0.0069503277800681,-0.008645569108648554,0.020544557764024973,90.13743591308594
2247,2020-12-07,0.9460077761880512,0.9462620462206272,0.9490591459126513,0.9439735512605995,0.08104206488177189,0.0008475883308678434,0.0044922763537600385,0.001271414829724149,0.004153292754888738,-0.02361888976514777,90.56734466552734
2248,2020-12-08,0.9509238790406672,0.9477029528497871,0.9522800074366872,0.9470249209851994,0.03103738655046583,0.004916102852616011,0.001440906629159966,0.0032208615240358895,0.0030513697245999616,-0.05000467833130606,90.70528411865234
2249,2020-12-09,0.944651583125187,0.9444820913257511,0.9449059178246073,0.9406679115034233,0.07120420247817892,-0.006272295915480175,-0.0032208615240360006,-0.007374089612079859,-0.006357009481776088,0.040166815927713095,90.39701080322266
2250,2020-12-10,0.9460077761880512,0.9512629273063834,0.9525342774692629,0.9460077761880512,0.022536190234317566,0.0013561930628641639,0.006780835980632283,0.00762835964465558,0.005339864684627882,-0.04866801224386136,91.0459976196289
2251,2020-12-11,0.9520257374041112,0.9533819304669755,0.9552465989281472,0.9505000525418111,0.03824201676179274,0.006017961216060019,0.0021190031605921034,0.002712321458884337,0.0044922763537599275,0.01570582652747517,91.2488021850586
2252,2020-12-14,0.9490591459126513,0.9514324191058192,0.953466644033271,0.946770586285779,0.025383289000574766,-0.0029665914914599467,-0.0019495113611562864,-0.0017799548948762567,-0.003729466256032099,-0.012858727761217971,91.06221771240234
2253,2020-12-15,0.9510085926069631,0.9516866891383952,0.9530428822012592,0.9497372424440833,0.026078355366046007,0.0019494466943118516,0.00025427003257594283,-0.00042376183201175976,0.0029666561583042705,0.0006950663654712412,91.08656311035156
2254,2020-12-16,0.9470249209851994,0.9523647856698273,0.9529581039681192,0.9459229979549111,0.029727453784770028,-0.003983671621763718,0.0006780965314321374,-8.477823314001487e-05,-0.003814244489172225,0.0036490984187240207,91.15145874023438
2255,2020-12-17,0.9541447405647032,0.9508391008075272,0.956433235524731,0.9480420011155031,0.0333631855426196,0.0071198195795038055,-0.0015256848623000918,0.0034751315566118324,0.0021190031605919923,0.003635731757849571,91.00544738769533
2256,2020-12-18,0.9526190557024031,0.9482962711480789,0.9531275957675551,0.9477877310829271,0.024554556026359056,-0.0015256848623000918,-0.002542829659448298,-0.0033056397571759044,-0.00025427003257594283,-0.008808629516260543,90.76206970214844
2257,2020-12-21,0.9505000525418111,0.949567685977803,0.9507543225743872,0.9471096345514949,0.03125125312445698,-0.0021190031605919923,0.001271414829724149,-0.002373273193167935,-0.0006780965314322485,0.006696697098097924,90.88375091552734
2258,2020-12-22,0.951347640872679,0.9532123740006951,0.9536362004995514,0.9499915124766591,0.03602315105663454,0.0008475883308678434,0.003644688022892084,0.0028818779251642557,0.0028818779251642557,0.0047718979321775615,91.23258209228516
2259,2020-12-23,0.9220206448901068,0.923037789687255,0.9238005997849826,0.9165960019723387,0.04733134615641667,-0.029326995982572157,-0.03017458431344011,-0.02983560071456881,-0.033395510504320436,0.011308195099782127,90.87543487548828
2260,2020-12-24,0.925326284647283,0.9265976994770069,0.928462432605023,0.925326284647283,0.023859489660887814,0.0033056397571761265,0.0035599097897518472,0.004661832820040401,0.008730282674944245,-0.023471856495528853,91.2258758544922
2261,2020-12-28,0.9238853780181229,0.9271910177752989,0.928547210838163,0.9228682332209746,0.06337133920575301,-0.001440906629160077,0.0005933182982920115,8.477823314001487e-05,-0.002458051426308394,0.039511849544865196,91.2843246459961
2262,2020-12-29,0.9246481881158507,0.9282081625724472,0.928462432605023,0.9239701562512631,0.0601232406132624,0.0007628100977278285,0.0010171447971483172,-8.477823314001487e-05,0.001101923030288554,-0.00324809859249061,91.38448333740234
2263,2020-12-30,0.9271062395421586,0.9301576092667587,0.9301576092667587,0.9260891594118552,0.05652760883803617,0.00245805142630795,0.0019494466943115185,0.0016951766617356867,0.0021190031605921034,-0.0035956317752262323,91.5763702392578
2264,2020-12-31,0.9294795774021712,0.9293100209358909,0.930920484031331,0.928547210838163,0.2509189579351182,0.002373337860012592,-0.0008475883308678434,0.0007628747645722633,0.002458051426307839,0.19439134909708203,91.49295043945312
2265,2021-01-04,0.9244786963164149,0.9260043811787149,0.928123384339307,0.924309204516979,0.19788004758531272,-0.005000881085756359,-0.0033056397571760154,-0.0027970996920240188,-0.004238006321184096,-0.053038910349805485,91.16749572753906
2266,2021-01-05,0.9215121048249549,0.9188845615992111,0.9225291849552586,0.9155788571751906,0.12663574512451045,-0.0029665914914599467,-0.0071198195795038055,-0.005594199384048371,-0.008730347341788347,-0.07124430246080227,90.46651458740234
2267,2021-01-06,0.9056619379036626,0.9048143495727946,0.9089675776608385,0.8989658801561705,0.20298611203935146,-0.015850166921292375,-0.014070212026416451,-0.01356160729442013,-0.016612977019020092,0.07635036691484101,89.08125305175781
2268,2021-01-07,0.8991354366224505,0.9011696615499026,0.9028648382116384,0.8987963883567347,0.0871105289187708,-0.006526501281212016,-0.003644688022891973,-0.006102739449200034,-0.00016949179943581694,-0.11587558312058066,88.72245788574219
2269,2021-01-08,0.9004068514521748,0.9000678031864586,0.9010001697504667,0.8963383369304265,0.10709368692606899,0.00127141482972426,-0.0011018583634440082,-0.0018646684611717257,-0.002458051426308172,0.01998315800729819,88.61394500732422
2270,2021-01-11,0.8975249735270106,0.8971859252612945,0.8984573400910186,0.8952364785669829,0.07524093406226191,-0.0028818779251642557,-0.0028818779251641446,-0.002542829659448076,-0.0011018583634436752,-0.03185275286380708,88.33024597167969
2271,2021-01-12,0.8951517003338426,0.8981182918253026,0.8984573400910186,0.8912527422783746,0.0548567762287303,-0.002373273193167935,0.0009323665640080803,0.0,-0.003983736288608264,-0.020384157833531612,88.42201232910156
2272,2021-01-13,0.9011696615499026,0.9084590375956867,0.911001867255135,0.8984573400910186,0.33678638739256544,0.006017961216060019,0.01034074577038413,0.01254452716411636,0.007204597812644042,0.28192961116383514,89.44011688232422
2273,2021-01-14,0.9084590375956867,0.9006611214847509,0.9098151659917065,0.9000678031864586,0.03972571611885635,0.007289376045784057,-0.007797916110935832,-0.001186701263428458,0.0016104630954399957,-0.2970606712737091,88.6723861694336
2274,2021-01-15,0.9038819830087866,0.9037972047756464,0.907018130966527,0.9026953464122026,0.050846777966396216,-0.004577054586900053,0.0031360832908955416,-0.002797035025179584,0.002627543225743989,0.011121061847539866,88.98115539550781
2275,2021-01-19,0.9037972047756464,0.9067638609339509,0.9076114492648187,0.9027801246453429,0.04158368198040448,-8.477823314023691e-05,0.0029666561583044926,0.0005933182982917895,8.477823314023691e-05,-0.009263095985991739,89.27324676513672
2276,2021-01-20,0.9066790827008108,0.9078657192973947,0.9087133076282626,0.9045600795402188,0.03552858460428,0.0028818779251643667,0.0011018583634437862,0.0011018583634438972,0.0017799548948759236,-0.006055097376124474,89.3817138671875
2277,2021-01-21,0.9025258546127668,0.9010001697504667,0.9072724009991028,0.9004068514521748,0.07217996872201356,-0.00415322808804397,-0.006865549546927974,-0.001440906629159855,-0.00415322808804397,0.036651384117733554,88.70577239990234
2278,2021-01-22,0.9018477580813348,0.9018477580813348,0.9036277129762107,0.9004068514521748,0.039739082779730796,-0.0006780965314320264,0.0008475883308680654,-0.003644688022892084,0.0,-0.03244088594228276,88.78924560546875
2279,2021-01-25,0.9062552562019547,0.9093066259265546,0.911001867255135,0.9053228896379466,0.042465881598117976,0.004407498120619913,0.007458867845219874,0.007374154278924294,0.004916038185771798,0.00272679881838718,89.5235366821289
2280,2021-01-26,0.9078657192973947,0.9102389924905627,0.9111713590545707,0.9073571792322428,0.039912849371098603,0.0016104630954399957,0.0009323665640080803,0.00016949179943570591,0.0020342895942961903,-0.0025530322270193723,89.61534118652344
2281,2021-01-27,0.9116798991197227,0.9103237707237029,0.9129513139494467,0.9082047675631107,0.03423201849945865,0.003814179822328012,8.477823314012589e-05,0.0017799548948760346,0.0008475883308679544,-0.0056808308716399525,89.6236801147461
2282,2021-01-28,0.9082047675631107,0.9068485745002465,0.9098999442248467,0.9040515394750669,0.02646598853140497,-0.0034751315566119434,-0.0034751962234563782,-0.0030513697246000726,-0.004153228088043859,-0.00776602996805368,89.28157043457031
2283,2021-01-29,0.9010848833167626,0.9021868063470506,0.9054924461042266,0.8990506583893105,0.06369213906673973,-0.007119884246348129,-0.0046617681531958555,-0.004407498120620024,-0.005000881085756359,0.03722615053533476,88.82256317138672
2284,2021-02-01,0.9001525167527545,0.9019325363144749,0.9031191729110587,0.8987116101235945,0.037105850587464746,-0.0009323665640080803,-0.0002542700325757208,-0.002373273193167935,-0.0003390482657160687,-0.026586288479274987,89.01415252685547
2285,2021-02-02,0.8966773851961426,0.8973554817275748,0.8987116101235945,0.8959145104315704,0.04417681419004718,-0.0034751315566119434,-0.004577054586900053,-0.0044075627874642365,-0.0027970996920240188,0.007070963602582435,88.56244659423828
2286,2021-02-03,0.8947278738349865,0.8928631407069703,0.8956602403989945,0.8914222340778105,0.06708727092884927,-0.0019495113611560644,-0.004492341020604584,-0.0030513697245999616,-0.0044922763537599275,0.022910456738802085,88.11907196044922
2287,2021-02-04,0.8901508192480863,0.8920155523761022,0.8926088706743944,0.8887099126189264,0.10701348696082232,-0.0045770545869002754,-0.0008475883308680654,-0.0030513697246000726,-0.002712321458884115,0.03992621603197305,88.03543853759766
2288,2021-02-05,0.8909136940126585,0.8863366394257585,0.8937955072709785,0.8857433211274665,0.0368652506917247,0.0007628747645722633,-0.0056789129503437286,0.001186636596584023,-0.0029665914914599467,-0.07014823626909761,87.47496032714844
2289,2021-02-08,0.8865909094583343,0.8909136940126585,0.8925241571080986,0.8865909094583343,0.04753184606953337,-0.004322784554324222,0.004577054586900053,-0.0012713501628798252,0.0008475883308678434,0.010666595377808667,87.92669677734375
2290,2021-02-09,0.8931174754063909,0.8899813274486504,0.8941345555366943,0.8896422791829344,0.04618181332121423,0.006526565948056562,-0.0009323665640080803,0.0016103984285956718,0.0030513697246000726,-0.0013500327483191368,87.83464813232422
2291,2021-02-10,0.8926936489075344,0.8934565236721068,0.8948126520681265,0.8916765041103865,0.06799620386831166,-0.00042382649885641666,0.0034751962234563782,0.0006780965314322485,0.0020342249274520885,0.021814390547097433,88.17762756347656
2292,2021-02-11,0.8948974303012666,0.8908289157795184,0.8958297968652746,0.8895575009497944,0.06444067207570876,0.0022037813937321182,-0.002627607892588424,0.0010171447971480951,-0.0021190031605921034,-0.0035555317926029006,87.9183120727539
2293,2021-02-12,0.8849805110297386,0.8834548261674386,0.8870147359571906,0.8827767296360065,0.05622017563792389,-0.009916919271527935,-0.007374089612079748,-0.008815060908084038,-0.006780771313787848,-0.008220496437784872,87.19055938720703
2294,2021-02-16,0.8752330835576466,0.8730293021639143,0.8767587684199464,0.8717578873341901,0.06318420595351075,-0.009747427472092007,-0.010425524003524367,-0.010255967537244226,-0.011018842301816378,0.006964030315586858,86.16160583496094
2295,2021-02-17,0.8782844532822467,0.8778606267833903,0.8793015334125501,0.8748092570587902,0.10506195447315306,0.0030513697246000726,0.004831324619475996,0.002542764992603752,0.0030513697246000726,0.04187774851964231,86.63842010498047
2296,2021-02-18,0.8743854952267786,0.8756568453896583,0.8778606267833903,0.8722664920661866,0.06298370604039405,-0.003898958055468138,-0.002203781393732007,-0.001440906629159855,-0.002542764992603641,-0.04207824843275901,86.42095947265625
2297,2021-02-19,0.8711645690358982,0.8648075595541221,0.8722664920661866,0.863281874691822,0.16788526058305375,-0.0032209261908803244,-0.010849285835536127,-0.005594134717203714,-0.008984617374364512,0.1049015545426597,85.35021209716797
2298,2021-02-22,0.8633666529249622,0.8571791352426218,0.8661637526169862,0.8552296885483102,0.04018018258858754,-0.007797916110936054,-0.007628424311500348,-0.006102739449200367,-0.008052186143511886,-0.1277050779944662,84.5973129272461
2299,2021-02-23,0.8540430519517264,0.8568400869769058,0.8581115018066299,0.8508221257608457,0.0653629716760456,-0.009323600973235813,-0.0003390482657159577,-0.00805225081035632,-0.0044075627874644585,0.02518278908745806,84.56387329101562
2300,2021-02-24,0.8455670393093582,0.8554839585808861,0.8558230068466022,0.8436175279482019,0.07415823453143171,-0.008476012642368191,-0.001356128396019729,-0.0022884949600276983,-0.00720459781264382,0.008795262855386107,84.4300308227539
2301,2021-02-25,0.847177437737954,0.8381081067972935,0.848787900833394,0.825309374267446,0.06227527301404836,0.0016103984285957829,-0.017375851783592577,-0.0070351060132082255,-0.01830815368075589,-0.011882961517383349,82.71517181396484
2302,2021-02-26,0.8504830774951297,0.8620952380952381,0.8620952380952381,0.845227991043642,0.08813976180610322,0.0033056397571757934,0.02398713129794461,0.013307337261844188,0.019918616776195996,0.025864488792054864,85.08251190185547
2303,2021-03-01,0.8507374121945503,0.8529411289214377,0.855738228613462,0.8495507755979662,0.06313073931001296,0.0002543346994205997,-0.00915410917380044,-0.006357009481776088,0.004322784554324222,-0.025009022496090258,84.37484741210938
2304,2021-03-02,0.8521783188237101,0.8532801771871541,0.8538734954854458,0.84921172733225,0.03236068597703608,0.0014409066291597439,0.0003390482657164018,-0.0018647331280162716,-0.00033904826571617974,-0.030770053332976888,84.40839385986328
2305,2021-03-03,0.8453127692767822,0.8444651162790696,0.847940312502526,0.8417527948201858,0.05249087725395319,-0.006865549546927863,-0.008815060908084482,-0.005933182982919782,-0.007458932512064198,0.020130191276917113,83.5363540649414
2306,2021-03-04,0.8443804027127743,0.8377690585315777,0.8459908011413699,0.8337006086766738,0.07387753465306832,-0.0009323665640079692,-0.006696057747491935,-0.0019495113611560644,-0.008052186143511997,0.021386657399115126,82.87399291992188
2307,2021-03-05,0.8329377339121016,0.8361586601029819,0.8375147884990018,0.8319206537817979,0.042693114832983575,-0.011442668800672684,-0.0016103984285957829,-0.00847601264236808,-0.0017799548948759236,-0.03118441982008474,82.71466827392578
2308,2021-03-08,0.8345481970075418,0.8270893291623217,0.8348024670401176,0.8268350591297459,0.04846751233074466,0.0016104630954402177,-0.009069330940660203,-0.002712321458884226,-0.00508559465205205,0.005774397497761083,81.81752014160156
2309,2021-03-09,0.8346329752406819,0.838277663263574,0.8387014250955858,0.8339548787092498,0.06105890687447369,8.477823314012589e-05,0.011188334101252306,0.003898958055468138,0.0071198195795039165,0.012591394543729033,82.92431640625
2310,2021-03-10,0.8391252515944418,0.8419223512864659,0.8429394314167699,0.8387014250955858,0.03199978613342601,0.0044922763537599275,0.003644688022891862,0.004238006321184096,0.004746546386335981,-0.029059120741047682,83.28482055664062
2311,2021-03-11,0.8394642998601579,0.8394642998601579,0.8419223512864659,0.8375995667321419,0.05749000842099635,0.0003390482657160687,-0.00245805142630795,-0.0010170801303039934,-0.0011018583634438972,0.025490222287570342,83.04167938232422
2312,2021-03-12,0.8271740427286175,0.8245464995028736,0.8281064092926257,0.8216646862445537,0.07466616764466069,-0.012290257131540416,-0.014917800357284294,-0.013815941993840175,-0.015934880487588177,0.01717615922366434,81.56598663330078
2313,2021-03-15,0.8253940878337415,0.8284454575583415,0.8293778241223496,0.8253940878337415,0.03486025156055766,-0.0017799548948760346,0.003898958055467916,0.001271414829723927,0.003729401589187775,-0.039805916084103034,81.95165252685547
2314,2021-03-16,0.8290387758566338,0.8239531812045816,0.8303949689194978,0.8234446411394298,0.05116757782738294,0.003644688022892306,-0.0044922763537599275,0.0010171447971482062,-0.0019494466943116295,0.01630732626682528,81.5073013305664
2315,2021-03-17,0.8199694449159733,0.824122737670862,0.8254788660668817,0.8167485833919377,0.08160346463849866,-0.009069330940660425,0.0001695564662803628,-0.004916102852616122,-0.006696057747492157,0.03043588681111572,81.52405548095703
2316,2021-03-18,0.8136972136673376,0.8154771685622135,0.8185285382868136,0.8120020370056017,0.057289508507879644,-0.00627223124863574,-0.008645569108648443,-0.0069503277800681,-0.004746546386335981,-0.024313956130619013,80.66881561279297
2317,2021-03-19,0.8169180751913733,0.8206475414474056,0.8206475414474056,0.8159009950610698,0.03631721759587238,0.0032208615240356675,0.005170372885192065,0.0021190031605919923,0.003898958055468138,-0.020972290912007266,81.18028259277344
2318,2021-03-22,0.8247160559691538,0.8275978692274737,0.8285302357914818,0.8231055928737138,0.047438279443412244,0.007797980777780489,0.0069503277800681,0.00788269434407618,0.007204597812643931,0.011121061847539866,81.86783599853516
2319,2021-03-23,0.8284454575583415,0.8321749238143739,0.8321749238143739,0.8265807244303255,0.0340181519254675,0.003729401589187775,0.004577054586900164,0.003644688022892084,0.0034751315566117214,-0.013420127517944747,82.32058715820312
2320,2021-03-24,0.8300559206537818,0.8365824219349938,0.8369214702007096,0.8297168723880657,0.025262989052704743,0.0016104630954402177,0.004407498120619913,0.004746546386335759,0.0031361479577401985,-0.008755162872762755,82.75660705566406
2321,2021-03-25,0.8367519784012739,0.8324291938469498,0.8387862033287258,0.8313273354835058,0.03770735032681486,0.006696057747492157,-0.00415322808804397,0.0018647331280161605,0.0016104630954401067,0.012444361274110118,82.34577178955078
2322,2021-03-26,0.8289540622903379,0.8308187307515096,0.8331920686115218,0.8281911875257657,0.023725823052143345,-0.007797916110936054,-0.0016104630954402177,-0.005594134717203936,-0.0031361479577400875,-0.013981527274671515,82.18644714355469
2323,2021-03-29,0.8312425572503658,0.8254788660668817,0.8312425572503658,0.8231055928737138,0.04368224773769265,0.0022884949600279203,-0.005339864684627882,-0.0019495113611560644,-0.005085594652051939,0.019956424685549305,81.65823364257812
2324,2021-03-30,0.8263264543977494,0.8308187307515096,0.8313273354835058,0.824122737670862,0.030689853367730207,-0.004916102852616344,0.005339864684627882,8.477823314001487e-05,0.0010171447971482062,-0.012992394369962443,82.18644714355469
2325,2021-03-31,0.8319206537817979,0.8318358755486578,0.8354805635715499,0.8284454575583415,0.03915094970125513,0.005594199384048482,0.0010171447971482062,0.004153228088044081,0.004322719887479565,0.00846109633352492,82.28705596923828
2326,2021-04-01,0.8336158304435337,0.8358196118372659,0.836836756634414,0.8315816055160818,0.08368866373491238,0.0016951766617357977,0.003983736288608153,0.0013561930628641639,0.0031361479577403095,0.04453771403365725,83.15392303466797
2327,2021-04-05,0.83259875031323,0.832005432014938,0.8335310522103936,0.8292083323229138,0.04332134789408258,-0.0010170801303036603,-0.003814179822327901,-0.0033057044240204503,-0.002373273193168046,-0.040367315840829796,82.77447509765625
2328,2021-04-06,0.8337006086766738,0.8391252515944418,0.8396337916595938,0.8333615604109578,0.07902369908973039,0.0011018583634437862,0.0071198195795038055,0.006102739449200256,0.00415322808804397,0.03570235119564781,83.4828109741211
2329,2021-04-07,0.8374300749327059,0.8342939269749658,0.8394642998601579,0.8338701004761095,0.06244903960541617,0.003729466256032099,-0.004831324619475996,-0.00016949179943592796,0.0005085400651517746,-0.01657465948431422,83.00214385986328
2330,2021-04-08,0.8364977083686979,0.8398880616921697,0.8400576181584499,0.8359891036367015,0.07446566773154398,-0.0009323665640080803,0.005594134717203825,0.0005933182982920115,0.0021190031605919923,0.012016628126127804,83.5586929321289
2331,2021-04-09,0.8370910266669901,0.8378538367647178,0.8405661582236019,0.8348872452732579,0.07089676927806665,0.0005933182982922336,-0.0020342249274518664,0.0005085400651519967,-0.0011018583634436752,-0.003568898453477326,83.35630798339844
2332,2021-04-12,0.836836756634414,0.8370910266669901,0.8375147884990018,0.8352262935389739,0.04790611257401788,-0.00025427003257605385,-0.0007628100977277175,-0.0030513697246000726,0.0003390482657160687,-0.02299065670404877,83.28044891357422
2333,2021-04-13,0.8363281519024178,0.8419223512864659,0.842515669584758,0.8358196118372659,0.05626027562054723,-0.0005086047319962095,0.004831324619475774,0.005000881085756137,0.0005933182982920115,0.008354163046529348,83.76107025146484
2334,2021-04-14,0.8408204282561779,0.8413290329881742,0.8422613995521823,0.838870981561866,0.03816181679654605,0.0044922763537600385,-0.0005933182982916785,-0.0002542700325757208,0.0030513697246000726,-0.018098458824001178,83.70204162597656
2335,2021-04-15,0.8459908011413699,0.851161174026562,0.854805862049454,0.8450584345773618,0.0469704463128066,0.005170372885192065,0.00983214103838781,0.012544462497271702,0.006187453015495836,0.008808629516260547,84.68022155761719
2336,2021-04-16,0.8441260680133537,0.843787084414482,0.8474317724373742,0.8436175279482019,0.08709716225789635,-0.0018647331280162716,-0.00737408961207997,-0.007374089612079748,-0.001440906629159966,0.04012671594508975,83.94660949707031
2337,2021-04-19,0.8404814446573061,0.8406509364567419,0.8423461131184776,0.8391252515944418,0.0419044818413912,-0.0036446233560475383,-0.0031361479577400875,-0.005085659318896596,-0.0044922763537600385,-0.04519268041650515,83.63459777832031
2338,2021-04-20,0.8389557597950061,0.843702306181342,0.845227991043642,0.8389557597950061,0.03706575060484141,-0.0015256848622999808,0.0030513697246000726,0.0028818779251643667,-0.00016949179943570591,-0.0048387312365497925,83.93817901611328
2339,2021-04-21,0.8436175279482019,0.8462450711739458,0.8465841194396617,0.8419223512864659,0.02295055672142542,0.0046617681531957444,0.002542764992603752,0.001356128396019729,0.0029665914914597247,-0.014115193883415988,84.19115447998047
2340,2021-04-22,0.8476860424699503,0.848279360768242,0.849381219131686,0.8442108462464939,0.02792295456671969,0.00406851452174839,0.0020342895942961903,0.002797099692024241,0.0022884949600280313,0.0049723978452942685,84.39354705810547
2341,2021-04-23,0.848787900833394,0.848533630800818,0.8495507755979662,0.84607557937451,0.031090853193963618,0.0011018583634436752,0.00025427003257605385,0.00016955646628025178,0.0018647331280160495,0.0031678986272439293,84.41880798339844
2342,2021-04-26,0.84921172733225,0.8476860424699503,0.8506526339614101,0.8476860424699503,0.02185449052972077,0.0004238264988560836,-0.0008475883308677323,0.0011018583634438972,0.0016104630954403287,-0.009236362664242846,84.3344955444336
2343,2021-04-27,0.846668897672802,0.8410747629555981,0.8474317724373742,0.8410747629555981,0.03637068423937016,-0.002542829659448076,-0.006611279514352142,-0.0032208615240358895,-0.006611279514352142,0.014516193709649391,83.6767578125
2344,2021-04-28,0.8402271099578856,0.8418375730533258,0.845227991043642,0.8378538367647178,0.026185288653041584,-0.006441787714916325,0.0007628100977277175,-0.0022037813937322293,-0.0032209261908803244,-0.01018539558632858,83.75267028808594
2345,2021-04-29,0.8365824219349938,0.8392947433938777,0.8398033481258739,0.8342939269749658,0.05525777605496371,-0.003644688022891862,-0.002542829659448187,-0.005424642917768119,-0.0035599097897519583,0.029072487401922125,83.49967193603516
2346,2021-04-30,0.8404814446573061,0.8422613995521823,0.8423461131184776,0.8390404733613016,0.0364375175437424,0.003899022722312351,0.0029666561583046036,0.002542764992603752,0.004746546386335759,-0.018820258511221308,83.79481506347656
2347,2021-05-03,0.84166808125389,0.8414137465544697,0.845821309341934,0.8394642998601579,0.0377474503094382,0.001186636596583912,-0.0008476529977126113,0.0034751962234563782,0.00042382649885630563,0.0013099327656957982,83.91655731201172
2348,2021-05-04,0.8453974828430777,0.8438717979807779,0.8477707560362457,0.8429394314167699,0.04468474730327617,0.003729401589187664,0.002458051426308283,0.0019494466943117406,0.0034751315566119434,0.006937296993837973,84.16165924072266
2349,2021-05-05,0.8414985247876098,0.845821309341934,0.8463298494070859,0.8414985247876098,0.03468648496918985,-0.003898958055467916,0.0019495113611560644,-0.001440906629159855,-0.001440906629160077,-0.009998262334086322,84.35611724853516
2350,2021-05-06,0.8441260680133537,0.847262215971094,0.8484488525676779,0.8441260680133537,0.07041556948658656,0.002627543225743878,0.001440906629159966,0.0021190031605919923,0.002627543225743878,0.03572908451739671,84.49979400634766
2351,2021-05-07,0.849296440898546,0.8457365311087939,0.8522630970568501,0.8436175279482019,0.04626201328646091,0.005170372885192287,-0.0015256848623000918,0.003814244489172225,-0.0005085400651517746,-0.024153556200125652,84.3476791381836
2352,2021-05-10,0.8434480361487662,0.8381928850304339,0.8455670393093582,0.8381081067972935,0.039124216379506235,-0.0058484047497797675,-0.00754364607836,-0.006696057747491935,-0.005509421150908356,-0.007137796906954673,83.59532165527344
2353,2021-05-11,0.8344634187744018,0.8329377339121016,0.8348024670401176,0.8315816055160818,0.028110087818961946,-0.008984617374364401,-0.005255151118332302,-0.010764572269240547,-0.006526501281211683,-0.01101412856054429,83.07119750976562
2354,2021-05-12,0.8303101906863577,0.8267502808966058,0.8319206537817979,0.8251398178011656,0.0388568831620173,-0.004153228088044081,-0.006187453015495725,-0.00288181325831971,-0.006441787714916214,0.010746795343055351,82.45410919189453
2355,2021-05-13,0.8289540622903379,0.8293778241223496,0.8315816055160818,0.8278521392600497,0.028631387593065376,-0.00135612839601984,0.002627543225743767,-0.0003390482657160687,0.002712321458884115,-0.010225495568951921,82.71614837646484
2356,2021-05-14,0.8330225121452417,0.8356500553709856,0.8359043900704062,0.8305644607189335,0.027882854584096346,0.004068449854903844,0.006272231248635962,0.004322784554324333,0.002712321458883782,-0.0007485330089690295,83.34171295166016
2357,2021-05-17,0.8352262935389739,0.8338701004761095,0.8360738818698418,0.8322597020475139,0.02637242190528384,0.0022037813937322293,-0.0017799548948760346,0.0001694917994355949,0.0016952413285803436,-0.0015104326788125053,83.16419982910156
2358,2021-05-18,0.8318358755486578,0.8310730654509298,0.8322597020475139,0.8302254124532177,0.026706588427145014,-0.0033904179903161413,-0.002797035025179695,-0.003814179822327901,-0.0020342895942961903,0.00033416652186117266,82.88523864746094
2359,2021-05-19,0.830479747152638,0.8288692840571978,0.8336158304435337,0.8259874061320337,0.02426048948712122,-0.00135612839601984,-0.002203781393732007,0.00135612839601984,-0.004238006321183985,-0.002446098940023792,82.66544342041016
2360,2021-05-20,0.83259875031323,0.8362434383361221,0.8375147884990018,0.83259875031323,0.031585419646318155,0.0021190031605921034,0.007374154278924294,0.003898958055468138,0.006611344181196355,0.007324930159196934,83.40087890625
2361,2021-05-21,0.838277663263574,0.8387014250955858,0.8389557597950061,0.8361586601029819,0.03592958443051341,0.005678912950343951,0.002457986759463626,0.0014409712960042897,0.0035599097897518472,0.004344164784195255,83.64604187011719
2362,2021-05-24,0.8397185698927339,0.8411594765218936,0.8429394314167699,0.8397185698927339,0.11206608477136326,0.001440906629159855,0.002458051426307839,0.003983671621763718,0.0035599097897519583,0.07613650034084984,83.89116668701172
2363,2021-05-25,0.8431937661161901,0.847262215971094,0.8474317724373742,0.8413290329881742,0.025663988878938154,0.0034751962234562672,0.006102739449200367,0.004492341020604362,0.0016104630954403287,-0.0864020958924251,84.49979400634766
2364,2021-05-26,0.847007945938518,0.8463298494070859,0.84912694909911,0.8448041645447859,0.33769532033202787,0.003814179822327901,-0.0009323665640080803,0.0016951766617357977,0.0034751315566117214,0.3120313314530897,84.40685272216797
2365,2021-05-27,0.84310898788305,0.84310898788305,0.844295624479634,0.840989984722458,0.03494045152580434,-0.003898958055468027,-0.0032208615240358895,-0.004831324619475996,-0.003814179822327901,-0.30275486880622354,84.08560943603516
2366,2021-05-28,0.8430242096499099,0.8429394314167699,0.8468384541390822,0.8429394314167699,0.02439415609586569,-8.477823314012589e-05,-0.00016955646628014076,0.002542829659448187,0.0019494466943118516,-0.010546295429938651,84.06866455078125
2367,2021-06-01,0.8399728399253098,0.8399728399253098,0.840735714689882,0.8364129301355578,0.06009650729151351,-0.0030513697246000726,-0.0029665914914600577,-0.006102739449200256,-0.006526501281212016,0.03570235119564782,83.98226165771484
2368,2021-06-02,0.8420070648527617,0.8423461131184776,0.8442108462464939,0.8414985247876098,0.05095371125339179,0.0020342249274518664,0.002373273193167824,0.0034751315566119434,0.005085594652051939,-0.009142796038121716,84.21954345703125
2369,2021-06-03,0.840989984722458,0.8387862033287258,0.8411594765218936,0.838277663263574,0.0643070054669643,-0.0010170801303036603,-0.0035599097897518472,-0.0030513697246002947,-0.0032208615240357785,0.013353294213572509,83.86361694335938
2370,2021-06-04,0.8424308913516179,0.84904217086597,0.84904217086597,0.8417527948201858,0.035809284482643394,0.001440906629159855,0.010255967537244226,0.007882694344076402,0.0034751315566118324,-0.028497720984320907,84.8890380859375
2371,2021-06-07,0.8477707560362457,0.8467536759059421,0.8486184090339582,0.84616035760765,0.035782551160894495,0.005339864684627882,-0.0022884949600279203,-0.00042376183201175976,0.0044075627874641254,-2.6733321748899364e-05,84.66021728515625
2372,2021-06-08,0.8521783188237101,0.85209354059057,0.8531106853877182,0.8476860424699503,0.05191611083635197,0.0044075627874643475,0.005339864684627882,0.0044922763537599275,0.0015256848623003139,0.016133559675457473,85.19410705566406
2373,2021-06-09,0.8580267882403343,0.8581962800397701,0.8603152832003621,0.8561620551123184,0.03234731931616163,0.005848469416624202,0.006102739449200145,0.007204597812643931,0.00847601264236808,-0.019568791520190337,85.80430603027344
2374,2021-06-10,0.8543821002174421,0.863281874691822,0.8635361447243979,0.8543821002174421,0.0392846163099996,-0.003644688022892195,0.005085594652051939,0.0032208615240357785,-0.0017799548948762567,0.006937296993837966,86.312744140625
2375,2021-06-11,0.8636209229575381,0.8634514311581025,0.8640447494563942,0.8609086014986541,0.027762554636226323,0.00923882274009602,0.00016955646628047383,0.0005086047319963205,0.006526501281212016,-0.011522061673773273,86.32970428466797
2376,2021-06-14,0.8620104598620981,0.8579420100071942,0.8624342863609542,0.85667059517747,0.02712095491425287,-0.0016104630954399957,-0.005509421150908356,-0.0016104630954399957,-0.004238006321184096,-0.0006415997219734529,85.77887725830078
2377,2021-06-15,0.8562467686786138,0.858450550072346,0.858450550072346,0.85514491031517,0.05826527475171427,-0.0057636911834842985,0.0005085400651518857,-0.003983736288608153,-0.0015256848622999808,0.031144319837461402,85.82970428466797
2378,2021-06-16,0.8590438683706381,0.8570096434431861,0.8619257462958022,0.8531106853877182,0.02189459051234411,0.002797099692024241,-0.001440906629159966,0.003475196223456156,-0.0020342249274518664,-0.03637068423937016,85.68563079833984
2379,2021-06-17,0.8613324279975104,0.8663332444164221,0.8756568453896583,0.8611628715312301,0.028323954392953096,0.002288559626872355,0.009323600973236035,0.013731099093856058,0.008052186143511886,0.0064293638806089855,86.61786651611328
2380,2021-06-18,0.8717578873341901,0.8787929933473984,0.8810814883074263,0.8701474889055945,0.3055752342507318,0.01042545933667971,0.012459748930976233,0.005424642917768008,0.008984617374364401,0.2772512798577787,87.86357879638672
2381,2021-06-21,0.8736226204622063,0.8679437075118623,0.8736226204622063,0.8653160996192739,0.5559194257682488,0.0018647331280161605,-0.010849285835536016,-0.007458867845219985,-0.004831389286320542,0.250344191517517,86.7788314819336
2382,2021-06-22,0.8619257462958022,0.8693846141410222,0.869893154206174,0.8617561898295222,0.04131634876291554,-0.011696874166404081,0.001440906629159855,-0.003729466256032321,-0.0035599097897517362,-0.5146030770053333,86.92292785644531
2383,2021-06-23,0.8673503892135702,0.8675198810130061,0.8692151223415863,0.8654856560855543,0.37929236897330676,0.005424642917768008,-0.0018647331280160495,-0.0006780318645877026,0.003729466256032099,0.3379760202103912,86.7364730834961
2384,2021-06-24,0.8682827557775783,0.8690455658753061,0.870825520770182,0.8681131993112983,0.039551949527488535,0.0009323665640080803,0.0015256848622999808,0.0016103984285957829,0.002627543225743989,-0.33974041944581823,86.88902282714844
2385,2021-06-25,0.8691303441084463,0.8638751929901142,0.8707408072038865,0.8601457914009264,0.0419044818413912,0.0008475883308679544,-0.005170372885191954,-8.471356629558002e-05,-0.007967407910371871,0.002352532313902665,86.3720703125
2386,2021-06-28,0.8673503892135702,0.8696388841735981,0.8721817138330463,0.8673503892135702,0.032240386029166054,-0.0017799548948760346,0.0057636911834839655,0.001440906629159855,0.00720459781264382,-0.009664095812225146,86.9483413696289
2387,2021-06-29,0.8681979775444383,0.8715883955347543,0.8719274438004706,0.8681979775444383,0.043575314450697074,0.0008475883308680654,0.0019495113611561754,-0.0002542700325757208,0.0008475883308680654,0.01133492842153102,87.14325714111328
2388,2021-06-30,0.8736226204622063,0.8732835721964902,0.8773520867182386,0.8731140803970545,0.027682354670979643,0.005424642917768008,0.0016951766617359088,0.005424642917768008,0.004916102852616233,-0.01589295977971743,87.3127670288086
2389,2021-07-01,0.872012157366766,0.872944523930774,0.8743007169936384,0.8688760740758705,0.21422747383476134,-0.0016104630954403287,-0.00033904826571617974,-0.0030513697246001836,-0.004238006321183985,0.1865451191637817,87.48348999023438
2390,2021-07-02,0.8721817138330463,0.8760806718885144,0.8762501636879501,0.8711645690358982,0.10678625372595672,0.0001695564662803628,0.0031361479577403095,0.0019494466943116295,0.0022884949600276983,-0.10744122010880462,87.79776763916016
2391,2021-07-06,0.8792168198462545,0.8832852697011584,0.8853194946286104,0.8791320416131144,0.0853461296833438,0.0070351060132082255,0.007204597812644042,0.009069330940660314,0.007967472577216195,-0.021440124042612918,88.51979064941406
2392,2021-07-07,0.8870995141903307,0.8890489608846425,0.8915917905440905,0.8846414627640227,0.06198120647481053,0.00788269434407618,0.0057636911834840765,0.006272295915480175,0.005509421150908245,-0.023364923208533277,89.09741973876953
2393,2021-07-08,0.8910831858120942,0.8913375205115147,0.8933717454389666,0.8882861507869145,0.08677636239690963,0.003983671621763496,0.002288559626872244,0.0017799548948760346,0.003644688022891862,0.024795155922099098,89.32676696777344
2394,2021-07-09,0.8844719062977423,0.8826919514028664,0.8844719062977423,0.8815053148062824,0.13998903933808296,-0.00661127951435192,-0.008645569108648332,-0.008899839141224275,-0.006780835980632172,0.053212676941173334,88.46033477783203
2395,2021-07-12,0.8840481444657305,0.8819291413051384,0.8854042728617504,0.8811662665405663,0.0359830510740112,-0.00042376183201175976,-0.0007628100977279395,0.0009323665640080803,-0.0003390482657160687,-0.10400598826407176,88.3839111328125
2396,2021-07-13,0.8838785879994503,0.8753177971239421,0.8870995141903307,0.8731140803970545,0.5024661489313355,-0.00016955646628025178,-0.006611344181196355,0.0016952413285803436,-0.008052186143511775,0.4664830978573242,87.72129821777344
2397,2021-07-14,0.8800644081771224,0.8849805110297386,0.8849805110297386,0.8786235015479625,0.0926309598599174,-0.003814179822327901,0.009662713905796538,-0.0021190031605921034,0.005509421150908023,-0.409835189071418,88.6896743774414
2398,2021-07-15,0.8891337391177826,0.8903203757143665,0.8906594239800825,0.8831157779017225,0.03396468528196971,0.009069330940660203,0.005339864684627882,0.00567891295034384,0.0044922763537599275,-0.05866627457794769,89.22486114501953
2399,2021-07-16,0.8852347810623145,0.8891337391177826,0.8893880091503585,0.8852347810623145,0.04794621255664123,-0.003898958055468138,-0.001186636596583912,-0.001271414829723927,0.0021190031605919923,0.013981527274671515,89.10589599609375
2400,2021-07-19,0.8987963883567347,0.9013391533493383,0.9034581565099304,0.8969316552287185,0.06613823800676354,0.013561607294420241,0.012205414231555745,0.014070147359571905,0.011696874166404081,0.018192025450122308,90.32907104492188
2401,2021-07-20,0.9065943044676706,0.8973554817275748,0.9078657192973947,0.8945583820355506,0.03312258564687955,0.007797916110935943,-0.003983671621763496,0.0044075627874642365,-0.002373273193167935,-0.03301565235988398,89.92987060546875
2402,2021-07-21,0.8897270574160746,0.8893032309172185,0.8908289157795184,0.8861671476263225,0.04481841391202064,-0.016867247051596035,-0.00805225081035632,-0.017036803517876287,-0.008391234409228066,0.011695828265141088,89.12287139892578
2403,2021-07-22,0.8891337391177826,0.8954907485995587,0.8974401952938703,0.8891337391177826,0.03500728483017657,-0.0005933182982920115,0.00618751768234016,0.00661127951435192,0.0029665914914600577,-0.009811129081844068,89.74297332763672
2404,2021-07-23,0.8895575009497944,0.8924393788749586,0.8973554817275748,0.8883708643532104,0.04023364923208533,0.00042376183201175976,-0.0030513697246000726,-8.4713566295469e-05,-0.0007628747645721523,0.0052263644019087604,89.43717956542969
2405,2021-07-26,0.8944736038024105,0.8898965492155102,0.8948974303012666,0.8888794690852068,0.03552858460428,0.004916102852616122,-0.002542829659448409,-0.002458051426308283,0.0005086047319963205,-0.00470506462780533,89.18236541748047
2406,2021-07-27,0.8952364785669829,0.8967621634292826,0.8969316552287185,0.8934565236721068,0.09001109432852579,0.0007628747645723744,0.0068656142137724085,0.0020342249274519775,0.004577054586900053,0.05448250972424579,89.87039184570312
2407,2021-07-28,0.8929479189401104,0.8982878482915828,0.8982878482915828,0.8915917905440905,0.024327322791493456,-0.002288559626872466,0.0015256848623002028,0.0013561930628642749,-0.0018647331280162716,-0.06568377153703234,90.0232925415039
2408,2021-07-29,0.8935412372384025,0.8946431602686906,0.8951517003338426,0.8911679640452345,0.027802654618849666,0.0005933182982921226,-0.003644688022892195,-0.0031361479577401985,-0.0004238264988560836,0.0034753318273562095,89.65804290771484
2409,2021-07-30,0.8944736038024105,0.8972707034944346,0.8976097517601507,0.8944736038024105,0.023525323139026638,0.0009323665640079692,0.002627543225743989,0.002458051426308061,0.0033056397571760154,-0.004277331479823027,89.92134094238281
2410,2021-08-02,0.8948974303012666,0.8991354366224505,0.9032038864773546,0.8943888255692704,0.031090853193963618,0.0004238264988560836,0.0018647331280159385,0.005594134717203936,-8.477823314012589e-05,0.0075655300549369794,90.32067108154295
2411,2021-08-03,0.9003220732190347,0.9006611214847509,0.9026105681790624,0.8991354366224505,0.03198641947255156,0.005424642917768119,0.0015256848623003139,-0.0005933182982922336,0.004746611053180194,0.0008955662785879448,90.47395324707033
2412,2021-08-04,0.9043905230739385,0.9023562981464865,0.9055771596705224,0.8955755268326988,0.03395131862109527,0.004068449854903844,0.0016951766617356867,0.0029665914914600577,-0.0035599097897517362,0.0019648991485437042,90.6442413330078
2413,2021-08-05,0.9010848833167626,0.8972707034944346,0.9013391533493383,0.8971011470281544,0.02778928795797522,-0.0033056397571759044,-0.005085594652051939,-0.004238006321184096,0.001525620195455546,-0.006162030663120047,90.13335418701172
2414,2021-08-06,0.8890489608846425,0.8857433211274665,0.8902355974812264,0.8849805110297386,0.03252108590752944,-0.01203592243212015,-0.011527382366968153,-0.011103555868111958,-0.01212063599841573,0.004731797949554219,88.97541046142578
2415,2021-08-09,0.8856585428943262,0.8802338999765583,0.8872690059897664,0.8802338999765583,0.03559541790865224,-0.0033904179903162524,-0.005509421150908134,-0.0029665914914599467,-0.004746611053180305,0.0030743320011228023,88.42198944091797
2416,2021-08-10,0.8824376813702904,0.8772673084850984,0.8824376813702904,0.8772673084850984,0.027361554809992916,-0.0032208615240357785,-0.0029665914914599467,-0.004831324619475996,-0.0029665914914599467,-0.008233863098659325,88.12400817871094
2417,2021-08-11,0.8766739901868064,0.8781996750491063,0.8815053148062824,0.8744702087930744,0.02773582131447743,-0.0057636911834840765,0.0009323665640079692,-0.0009323665640080803,-0.0027970996920240188,0.00037426650448451476,88.21763610839844
2418,2021-08-12,0.877182530251958,0.8793863116456904,0.8793863116456904,0.875063527091366,0.02909922072367102,0.0005085400651516636,0.001186636596584023,-0.0021190031605919923,0.0005933182982916785,0.00136339940919359,88.33683013916016
2419,2021-08-13,0.8811662665405663,0.8889641826515021,0.8893880091503585,0.8811662665405663,0.04012671594508976,0.003983736288608264,0.009577871005811756,0.010001697504668172,0.006102739449200256,0.011027495221418736,89.29895782470703
2420,2021-08-16,0.8926088706743944,0.8909984722457988,0.8962535586972863,0.8902355974812264,0.045620413564487455,0.011442604133828138,0.0020342895942966344,0.006865549546927752,0.009069330940660092,0.005493697619397699,89.5033187866211
2421,2021-08-17,0.8890489608846425,0.8898118356492147,0.8919308388098067,0.8879471025211987,0.01912769171133359,-0.0035599097897519583,-0.001186636596584023,-0.004322719887479565,-0.0022884949600276983,-0.026492721853153864,89.38410949707031
2422,2021-08-18,0.8887099126189264,0.8903203757143665,0.8919308388098067,0.8872690059897664,0.03515431809979549,-0.0003390482657160687,0.0005085400651517746,0.0,-0.0006780965314322485,0.016026626388461897,89.43522644042969
2423,2021-08-19,0.8939650637372586,0.8949821438675623,0.8959992886647105,0.8916765041103865,0.023993156269632283,0.005255151118332191,0.0046617681531957444,0.004068449854903733,0.004407498120620024,-0.011161161830163205,89.90347290039062
2424,2021-08-20,0.8959992886647105,0.8964231151635669,0.8976945299932908,0.8947278738349865,0.0344726183951987,0.0020342249274518664,0.0014409712960046228,0.0016952413285803436,0.0030513697246000726,0.010479462125566413,90.04822540283203
2425,2021-08-23,0.8959992886647105,0.8965078287298623,0.8971011470281544,0.8942193337698345,0.028765054201809845,0.0,8.4713566295469e-05,-0.0005933829651364464,-0.0005085400651519967,-0.005707564193388852,90.05673217773438
2426,2021-08-24,0.8932869672058265,0.8914222340778105,0.8941345555366943,0.8903203757143665,0.03173245291593707,-0.002712321458884004,-0.005085594652051828,-0.0029665914914600577,-0.003898958055468027,0.0029673987141272257,89.54588317871094
2427,2021-08-25,0.8914222340778105,0.8868451794909101,0.8919308388098067,0.8841328580320263,0.03154531966369481,-0.0018647331280159385,-0.0045770545869003865,-0.0022037167268875724,-0.00618751768234016,-0.00018713325224226085,89.08607482910156
2428,2021-08-26,0.8864214176588985,0.8874384977892024,0.8877775460549182,0.8834548261674386,0.01935492494619919,-0.005000816418912035,0.0005933182982922336,-0.004153292754888516,-0.0006780318645877026,-0.012190394717495619,89.1457290649414
2429,2021-08-27,0.8868451794909101,0.8934565236721068,0.8937107937046825,0.8858280993606067,0.02176092390359964,0.00042376183201164874,0.006018025882904454,0.005933247649764328,0.002373273193168046,0.00240599895740045,89.75022888183594
2430,2021-08-30,0.8915917905440905,0.8959145104315704,0.8959145104315704,0.8915070123109505,0.03852271664015612,0.004746611053180416,0.002457986759463626,0.0022037167268879054,0.00567891295034384,0.01676179273655648,89.99712371826172
2431,2021-08-31,0.8938802855041185,0.8919308388098067,0.8969316552287185,0.8894727873834986,0.06966703647761753,0.0022884949600279203,-0.003983671621763718,0.0010171447971480951,-0.0020342249274519775,0.03114431983746141,89.59695434570312
2432,2021-09-01,0.8927784271406746,0.8904051539475065,0.8937107937046825,0.8880318160874943,0.022937190060550974,-0.0011018583634438972,-0.0015256848623002028,-0.0032208615240360006,-0.0014409712960042897,-0.04672984641706655,89.6558837890625
2433,2021-09-02,0.8921851088423828,0.8931174754063909,0.8933717454389666,0.8889641826515021,0.03277505246414393,-0.0005933182982917895,0.002712321458884337,-0.0003390482657159577,0.0009323665640078582,0.009837862403592957,89.92896270751953
2434,2021-09-03,0.8872690059897664,0.8876928324886226,0.8887099126189264,0.8858280993606067,0.08163019796024755,-0.004916102852616344,-0.00542464291776823,-0.004661832820040179,-0.0031360832908954306,0.04885514549610362,89.38275146484375
2435,2021-09-07,0.8831157779017225,0.8804034564428387,0.8840481444657305,0.878369166848542,0.072821568443987,-0.00415322808804397,-0.007289376045783946,-0.0046617681531958555,-0.007458932512064642,-0.008808629516260547,88.64875030517578
2436,2021-09-08,0.8837938097663102,0.8857433211274665,0.8870995141903307,0.8823529031371503,0.028604654271316483,0.0006780318645877026,0.005339864684627771,0.0030513697246001836,0.003983736288608264,-0.04421691417267052,89.18644714355469
2437,2021-09-09,0.8875232760223424,0.8954907485995587,0.8956602403989945,0.8858280993606067,0.06698033764185368,0.00372946625603221,0.00974742747209223,0.008560726208663771,0.0034751962234563782,0.0383756833705372,90.16793823242188
2438,2021-09-10,0.8928631407069703,0.8900661056817908,0.8938802855041185,0.8879471025211987,0.04229211500675016,0.005339864684627882,-0.005424642917767897,-0.0017799548948760346,0.0021190031605919923,-0.02468822263510352,89.62171936035156
2439,2021-09-13,0.8925241571080986,0.8938802855041185,0.8951517003338426,0.8909136940126585,0.032534452568403885,-0.0003389835988716339,0.003814179822327679,0.001271414829724149,0.0029665914914598357,-0.009757662438346276,90.00574493408203
2440,2021-09-14,0.8953211921332782,0.9010848833167626,0.9035429347430706,0.8945583820355506,0.03900391643163621,0.002797035025179584,0.0072045978126441534,0.008391234409227954,0.003644688022892084,0.006469463863232328,90.731201171875
2441,2021-09-15,0.9004915650184704,0.8984573400910186,0.9006611214847509,0.8957450186321346,0.023298089904161042,0.005170372885192176,-0.002627543225743989,-0.00288181325831971,0.001186636596584023,-0.01570582652747517,90.46662139892578
2442,2021-09-16,0.8941345555366943,0.8965078287298623,0.8979488000258666,0.8932869672058265,0.051408177723122984,-0.006357009481776088,-0.0019495113611562864,-0.002712321458884226,-0.002458051426308172,0.028110087818961942,90.27033996582033
2443,2021-09-17,0.8932869672058265,0.8928631407069703,0.8932869672058265,0.8903203757143665,0.03642415088286795,-0.0008475883308678434,-0.003644688022892084,-0.004661832820040179,-0.0029665914914599467,-0.014984026840255037,89.90335083007812
2444,2021-09-20,0.8965926069630025,0.8987116101235945,0.9003220732190347,0.8951517003338426,0.03396468528196971,0.0033056397571760154,0.005848469416624202,0.0070351060132082255,0.004831324619476107,-0.002459465600898235,90.49224853515624
2445,2021-09-21,0.8984573400910186,0.8993897066550266,0.8993897066550266,0.8968468769955785,0.03409835189071418,0.0018647331280161605,0.0006780965314321374,-0.0009323665640080803,0.0016951766617359088,0.00013366660874446906,90.56051635742188
2446,2021-09-22,0.8993049284218865,0.9040515394750669,0.9040515394750669,0.8979488000258666,0.030382420167617927,0.0008475883308678434,0.00466183282004029,0.00466183282004029,0.00110192303028811,-0.003715931723096255,91.02989196777344
2447,2021-09-23,0.8981182918253026,0.8900661056817908,0.8982878482915828,0.8883708643532104,0.04103564888455215,-0.001186636596583912,-0.013985433793276103,-0.0057636911834840765,-0.00957793567265619,0.010653228716934221,89.62171936035156
2448,2021-09-24,0.8872690059897664,0.8846414627640227,0.8883708643532104,0.8832852697011584,0.029941320358761177,-0.010849285835536127,-0.005424642917768119,-0.00991698393837237,-0.00508559465205205,-0.01109432852579097,89.07550048828125
2449,2021-09-27,0.8804034564428387,0.8827767296360065,0.8842176362651664,0.8795558034451262,0.04574071351235748,-0.006865549546927752,-0.0018647331280161605,-0.004153228088044081,-0.00372946625603221,0.0157993931535963,88.88774108886719
2450,2021-09-28,0.8735378422290663,0.8680284857450025,0.8738768904947822,0.8676894374792865,0.03702565062221806,-0.0068656142137724085,-0.014748243891004043,-0.01034074577038413,-0.011866365965839676,-0.008715062890139416,87.40275573730469
2451,2021-09-29,0.8712493472690384,0.8688760740758705,0.8748940352919304,0.8666722926821382,0.031919586168179324,-0.0022884949600279203,0.0008475883308680654,0.0010171447971482062,-0.0010171447971483172,-0.005106064454038738,87.48807525634766
2452,2021-09-30,0.8684522475770142,0.8673503892135702,0.8685370258101544,0.8646380677546864,0.06956010319062195,-0.0027970996920241298,-0.0015256848623003139,-0.006357009481776088,-0.0020342249274517554,0.03764051702244262,87.33447265625
2453,2021-10-01,0.8685370258101544,0.8726902538981982,0.8739616687279224,0.8667570709152784,0.06681993771136033,8.477823314012589e-05,0.005339864684627993,0.005424642917768008,0.0021190031605919923,-0.0027401654792616192,88.07781982421875
2454,2021-10-04,0.8693846141410222,0.870825520770182,0.8724359838656223,0.8666722926821382,0.04063464905831874,0.0008475883308678434,-0.0018647331280161605,-0.0015256848623000918,-8.477823314023691e-05,-0.026185288653041587,87.8896255493164
2455,2021-10-05,0.8692151223415863,0.8642142412558301,0.8697236624067383,0.8633666529249622,0.03216018606391937,-0.00016949179943592796,-0.00661127951435192,-0.002712321458884004,-0.0033056397571760154,-0.00847446299439937,87.2223892211914
2456,2021-10-06,0.8660789743838462,0.8667570709152784,0.8676046592461463,0.8642990194889703,0.04257281488511355,-0.0031361479577400875,0.002542829659448298,-0.0021190031605919923,0.0009323665640080803,0.010412628821194182,87.47901916503906
2457,2021-10-07,0.8619257462958022,0.859976234934646,0.8630276046592461,0.8587895983380621,0.05623354229879834,-0.00415322808804397,-0.006780835980632394,-0.004577054586900164,-0.005509421150908134,0.013660727413684785,86.79463958740234
2458,2021-10-08,0.8574334699420424,0.8532801771871541,0.8592981384032138,0.85209354059057,0.07250076858300028,-0.0044922763537598165,-0.006696057747491935,-0.003729466256032321,-0.006696057747492157,0.016267226284201942,86.1188735961914
2459,2021-10-11,0.852686858888862,0.8519240487911343,0.853958273718586,0.851500222292278,0.04096881558017992,-0.004746611053180416,-0.00135612839601984,-0.005339864684627771,-0.0005933182982920115,-0.03153195300282036,85.98198699951172
2460,2021-10-12,0.8552296885483102,0.8625190645940944,0.8628581128598103,0.8552296885483102,0.055204309411465924,0.002542829659448187,0.010595015802960184,0.008899839141224275,0.00372946625603221,0.014235493831286007,87.05126953125
2461,2021-10-13,0.8656551478849899,0.8712493472690384,0.8712493472690384,0.8656551478849899,0.03967224947535856,0.01042545933667971,0.008730282674943912,0.008391234409228066,0.01042545933667971,-0.015532059936107366,87.93243408203125
2462,2021-10-14,0.8714188390684742,0.8748092570587902,0.8751483053245063,0.8701474889055945,0.03719941721358588,0.0057636911834842985,0.0035599097897518472,0.003898958055467916,0.004492341020604584,-0.002472832261772681,88.2917251586914
2463,2021-10-15,0.870825520770182,0.8715036173016143,0.8715883955347543,0.8683674693438741,0.016641492788686457,-0.0005933182982921226,-0.0033056397571759044,-0.0035599097897519583,-0.0017800195617203585,-0.02055792442489942,87.95806121826172
2464,2021-10-18,0.8690455658753061,0.8726902538981982,0.8742159387604983,0.8682827557775783,0.024019889591381176,-0.0017799548948759236,0.001186636596583912,0.002627543225743989,-8.471356629580207e-05,0.007378396802694719,88.07781982421875
2465,2021-10-19,0.8682827557775783,0.8633666529249622,0.86870651760959,0.8633666529249622,0.029379920602034405,-0.0007628100977278285,-0.009323600973236035,-0.005509421150908356,-0.004916102852616122,0.0053600310106532295,87.13682556152344
2466,2021-10-20,0.8617561898295222,0.8583657718392059,0.8637057011906782,0.8583657718392059,0.03393795196022082,-0.006526565948056118,-0.005000881085756248,-0.005000816418911702,-0.005000881085756248,0.004558031358186415,86.63211059570312
2467,2021-10-21,0.8594676948694943,0.8574334699420424,0.8603152832003621,0.8565011033780342,0.022750056808308716,-0.0022884949600279203,-0.0009323018971635344,-0.0033904179903161413,-0.0018646684611717257,-0.011187895151912104,86.53800964355469
2468,2021-10-22,0.860569553232938,0.8648923377872623,0.8657399261181301,0.860569553232938,0.032200286046542716,0.0011018583634437862,0.007458867845219874,0.005424642917768008,0.004068449854903844,0.009450229238234,87.2907943725586
2469,2021-10-25,0.8629428264261061,0.8641294630226901,0.8667570709152784,0.8628581128598103,0.0208386243032628,0.002373273193168046,-0.0007628747645721523,0.0010171447971483172,0.002288559626872244,-0.011361661743279915,87.21382141113281
2470,2021-10-26,0.8681131993112983,0.8711645690358982,0.8711645690358982,0.8645532895215462,0.020598024407522758,0.005170372885192176,0.0070351060132081145,0.004407498120619802,0.0016951766617359088,-0.00024059989574004223,87.9238510131836
2471,2021-10-27,0.8774368002845341,0.8824376813702904,0.8852347810623145,0.8754873535902223,0.027575421383984066,0.009323600973235813,0.01127311233439221,0.014070212026416229,0.010934064068676141,0.006977396976461308,89.06161499023438
2472,2021-10-28,0.8816748066057182,0.8796405816782663,0.8844719062977423,0.8775215785176742,0.02998142034138452,0.004238006321184096,-0.0027970996920241298,-0.0007628747645721523,0.0020342249274518664,0.0024059989574004535,88.77931213378906
2473,2021-10-29,0.8749788135250706,0.8802338999765583,0.8820138548714344,0.8749788135250706,0.03507411813454881,-0.006695993080647611,0.0005933182982920115,-0.00245805142630795,-0.002542764992603641,0.005092697793164291,88.83918762207031
2474,2021-11-01,0.871079790802758,0.8754873535902223,0.8757416236227983,0.8704864725044662,0.03166561961156483,-0.003899022722312573,-0.004746546386335981,-0.006272231248636073,-0.004492341020604362,-0.0034084985229839784,88.57079315185547
2475,2021-11-02,0.8743007169936384,0.8789624851468343,0.8798948517108424,0.8743007169936384,0.02915268736716881,0.0032209261908804354,0.0034751315566119434,0.004153228088044081,0.003814244489172225,-0.0025129322443960232,88.92237854003906
2476,2021-11-03,0.8815900930394226,0.8723512056324823,0.8826071731697261,0.8723512056324823,0.03222701936829161,0.007289376045784168,-0.006611279514352031,0.002712321458883782,-0.0019495113611561754,0.003074332001122799,88.2535171508789
2477,2021-11-04,0.8744702087930744,0.8796405816782663,0.8820986331045744,0.8744702087930744,0.061673773274698244,-0.00711988424634824,0.007289376045784057,-0.0005085400651517746,0.0021190031605921034,0.029446753906406636,88.9909896850586
2478,2021-11-05,0.8857433211274665,0.8909984722457988,0.8929479189401104,0.8847261763303181,0.03449935171694759,0.0112731123343921,0.011357890567532447,0.010849285835536016,0.010255967537243782,-0.027174421557750655,90.14000701904295
2479,2021-11-08,0.8893880091503585,0.8887946908520665,0.8900661056817908,0.8869299577240504,0.03059628674160908,0.003644688022892084,-0.0022037813937322293,-0.0028818132583195988,0.0022037813937322293,-0.003903064975338509,89.91705322265625
2480,2021-11-09,0.8971011470281544,0.8959145104315704,0.9000678031864586,0.8950669221007025,0.05021854490529721,0.007713137877795817,0.0071198195795039165,0.01000169750466784,0.008136964376652123,0.01962225816368813,90.6373519897461
2481,2021-11-10,0.8953211921332782,0.8829462214354424,0.8953211921332782,0.8777758485502503,0.0344726183951987,-0.0017799548948761457,-0.012968288996128008,-0.004746611053180416,-0.01729107355045223,-0.015745926510098512,89.32536315917969
2482,2021-11-11,0.8832852697011584,0.880488170009134,0.8843024144983064,0.8796405816782663,0.017095959258417656,-0.012035922432119817,-0.002458051426308394,-0.011018777634971832,0.0018647331280160495,-0.01737665913678104,89.07670593261719
2483,2021-11-12,0.8807425047085546,0.8775215785176742,0.8827767296360065,0.8744702087930744,0.015892959779717428,-0.002542764992603752,-0.0029665914914598357,-0.0015256848622998698,-0.005170372885191954,-0.0012029994787002285,88.77660369873047
2484,2021-11-15,0.8754025753570822,0.8667570709152784,0.8767587684199464,0.8667570709152784,0.024113456217502306,-0.005339929351472428,-0.010764507602395779,-0.00601796121606013,-0.007713137877795928,0.008220496437784879,87.68758392333984
2485,2021-11-16,0.8672656109804302,0.864468511288406,0.8711645690358982,0.8641294630226901,0.032013152794300455,-0.008136964376652012,-0.002288559626872466,-0.0055941993840481485,-0.002627607892588313,0.007899696576798149,87.45603942871094
2486,2021-11-17,0.8626037781603899,0.8703169807050303,0.8706560289707463,0.8622647945615184,0.01935492494619919,-0.00466183282004029,0.005848469416624313,-0.0005085400651518857,-0.0018646684611717257,-0.012658227848101264,88.04773712158203
2487,2021-11-18,0.8690455658753061,0.8731987939633501,0.874131160527358,0.8690455658753061,0.016788526058305376,0.006441787714916214,0.002881813258319821,0.0034751315566116103,0.006780771313787737,-0.002566398887893815,88.33928680419922
2488,2021-11-19,0.8774368002845341,0.8806577264754145,0.8816748066057182,0.8774368002845341,0.5528049937845027,0.008391234409227954,0.00745893251206442,0.007543646078360222,0.008391234409227954,0.5360164677261973,89.09386444091797
2489,2021-11-22,0.8759958936553742,0.871079790802758,0.8772673084850984,0.8691303441084463,0.06097870690922701,-0.001440906629159855,-0.009577935672656523,-0.004407498120619802,-0.008306456176087829,-0.49182628687527563,88.12486267089844
2490,2021-11-23,0.867774151045582,0.8603152832003621,0.867774151045582,0.8598067431352102,0.018192025450122305,-0.008221742609792249,-0.01076450760239589,-0.009493157439516398,-0.009323600973236035,-0.042786681459104706,87.03589630126953
2491,2021-11-24,0.8609086014986541,0.8698084406398785,0.8699779324393142,0.8601457914009264,0.06091187360485477,-0.006865549546927863,0.009493157439516398,0.0022037813937322293,0.00033904826571617974,0.04271984815473247,87.99628448486328
2492,2021-11-26,0.8758264018559383,0.8829462214354424,0.8839633662325904,0.8748092570587902,0.016481092858193096,0.014917800357284183,0.013137780795563936,0.013985433793276214,0.014663465657863806,-0.04443078074666167,89.32536315917969
2493,2021-11-29,0.8743854952267786,0.8815900930394226,0.8820138548714344,0.8743854952267786,0.024380789434991244,-0.0014409066291597439,-0.00135612839601984,-0.0019495113611560644,-0.00042376183201164874,0.007899696576798149,89.18820190429688
2494,2021-11-30,0.8884556425863505,0.8877775460549182,0.8925241571080986,0.8850652245960344,0.0812158314731397,0.014070147359571905,0.006187453015495614,0.01051030223666427,0.010679729369255875,0.05683504203814845,89.81416320800781
2495,2021-12-01,0.8833700479342985,0.8895575009497944,0.8898965492155102,0.8805729482422743,0.24668172643791855,-0.005085594652051939,0.0017799548948761457,-0.002627607892588424,-0.0044922763537601496,0.16546589496477887,90.20264434814452
2496,2021-12-02,0.8925241571080986,0.8918460605766666,0.8928631407069703,0.8875232760223424,0.13797067354604145,0.009154109173800107,0.002288559626872244,0.0029665914914600577,0.0069503277800681,-0.1087110528918771,90.43470001220705
2497,2021-12-03,0.8909136940126585,0.9019325363144749,0.9049838413722304,0.8894727873834986,0.19185168353093715,-0.0016104630954401067,0.010086475737808298,0.012120700665260165,0.0019495113611561754,0.0538810099848957,91.4574966430664
2498,2021-12-06,0.9016782016150543,0.8936260154715425,0.9021868063470506,0.8929479189401104,0.06390600564073089,0.010764507602395779,-0.008306520842932374,-0.002797035025179806,0.0034751315566118324,-0.12794567789020628,90.6151885986328
2499,2021-12-07,0.8927784271406746,0.8905746457469425,0.8965926069630025,0.8894727873834986,0.05970887412615455,-0.008899774474379729,-0.0030513697246000726,-0.0055941993840481485,-0.0034751315566118324,-0.00419713151457634,90.3057861328125
2500,2021-12-08,0.8876928324886226,0.8795558034451262,0.8878623242880584,0.8788777715805384,0.0478526459305201,-0.005085594652051939,-0.011018842301816267,-0.008730282674944023,-0.010595015802960184,-0.01185622819563445,89.18842315673828
2501,2021-12-09,0.8823529031371503,0.8802338999765583,0.8847261763303181,0.8792168198462545,0.06752837073770601,-0.005339929351472317,0.0006780965314321374,-0.0031361479577403095,0.00033904826571617974,0.019675724807185914,89.25723266601562
2502,2021-12-10,0.8843871280646022,0.8807425047085546,0.8865061312251942,0.8798948517108424,0.02663975512277278,0.0020342249274518664,0.0005086047319963205,0.0017799548948760346,0.0006780318645878136,-0.04088861561493323,89.30879974365234
2503,2021-12-13,0.8868451794909101,0.8884556425863505,0.8910831858120942,0.8855738293280306,0.0320265194551749,0.00245805142630795,0.007713137877795817,0.004577054586900053,0.005678977617188274,0.005386764332402122,90.09093475341795
2504,2021-12-14,0.8858280993606067,0.8853194946286104,0.8877775460549182,0.8807425047085546,0.023725823052143345,-0.0010170801303034382,-0.0031361479577400875,-0.0033056397571760154,-0.004831324619475996,-0.008300696403031556,89.77291107177734
2505,2021-12-15,0.8803186782096984,0.8837938097663102,0.8856585428943262,0.8799796299439824,0.02423375616537233,-0.005509421150908245,-0.0015256848623002028,-0.0021190031605919923,-0.0007628747645722633,0.0005079331132289838,89.61820220947266
2506,2021-12-16,0.8818443630719984,0.8805729482422743,0.8857433211274665,0.8793863116456904,0.02778928795797522,0.0015256848622999808,-0.0032208615240358895,8.477823314023691e-05,-0.0005933182982920115,0.0035555317926028902,89.29158782958984
2507,2021-12-17,0.8850652245960344,0.8866756876914745,0.8887099126189264,0.8846414627640227,0.018004892197880047,0.0032208615240360006,0.006102739449200256,0.0029665914914599467,0.005255151118332302,-0.009784395760095172,89.91043090820312
2508,2021-12-20,0.8866756876914745,0.8830309996685825,0.8868451794909101,0.8799796299439824,0.023471856495528853,0.0016104630954401067,-0.003644688022892084,-0.0018647331280162716,-0.00466183282004029,0.005466964297648806,89.54085540771484
2509,2021-12-21,0.8765044983873705,0.8793863116456904,0.8811662665405663,0.8730293021639143,0.025249622391830297,-0.01017118930410399,-0.003644688022892084,-0.00567891295034384,-0.0069503277800681,0.0017777658963014434,89.1712875366211
2510,2021-12-22,0.8833700479342985,0.8839633662325904,0.8845566845308824,0.8804034564428387,0.022282223677703075,0.006865549546927974,0.004577054586900053,0.0033904179903161413,0.007374154278924405,-0.002967398714127222,89.6353988647461
2511,2021-12-23,0.8795558034451262,0.8763349419210903,0.8796405816782663,0.8730293021639143,0.02114605750337508,-0.003814244489172336,-0.007628424311500126,-0.004916102852616122,-0.007374154278924405,-0.001136166174327994,89.25209045410156
2512,2021-12-27,0.8760806718885144,0.8773520867182386,0.8800644081771224,0.8759958936553742,0.022455990269070882,-0.0034751315566118324,0.0010171447971483172,0.0004238264988560836,0.0029665914914599467,0.0013099327656958017,89.355712890625
2513,2021-12-28,0.8815053148062824,0.8758264018559383,0.8829462214354424,0.874131160527358,0.020571291085773862,0.005424642917768008,-0.0015256848623003139,0.002881813258320043,-0.0018647331280162716,-0.00188469918329702,89.2002944946289
2514,2021-12-29,0.8702322024718903,0.86870651760959,0.8712493472690384,0.8665028008827024,0.04178418189352118,-0.0112731123343921,-0.007119884246348351,-0.011696874166404081,-0.00762835964465558,0.021212890807747315,88.47517395019531
2515,2021-12-30,0.8707408072038865,0.8720969355999062,0.8738768904947822,0.8670113409478543,0.021881223851469664,0.0005086047319962095,0.0033904179903162524,0.002627543225743878,0.0005085400651518857,-0.019902958042051513,88.82046508789062
2516,2021-12-31,0.8735378422290663,0.8723512056324823,0.8781148968159662,0.8719274438004706,0.2565195888415115,0.002797035025179806,0.00025427003257605385,0.004238006321183985,0.004916102852616344,0.23463836499004181,88.84636688232422
2517,2022-01-03,0.8645532895215462,0.857263913475762,0.865400877852414,0.8565011033780342,0.12533917901968908,-0.008984552707520077,-0.015087292156720222,-0.012714018963552176,-0.015426340422436402,-0.1311804098218224,87.3097915649414
2518,2022-01-04,0.8538734954854458,0.854466813783738,0.8553991803477461,0.850228807462554,0.05698207530776737,-0.01067979403610042,-0.0027970996920240188,-0.01000169750466795,-0.006272295915480175,-0.06835710371192172,87.02488708496094
2519,2022-01-05,0.8570944216763264,0.850313585695694,0.8575181835083381,0.848533630800818,0.08723082886664082,0.0032209261908806575,-0.00415322808804397,0.0021190031605919923,-0.0016951766617360198,0.030248753558873458,86.60189819335938
2520,2022-01-06,0.847177437737954,0.8498050456305423,0.8510764604602663,0.8455670393093582,0.042759948137355806,-0.009916983938372481,-0.0005085400651517746,-0.006441723048071779,-0.0029665914914598357,-0.04447088072928502,86.55010986328125
2521,2022-01-07,0.8481945825351019,0.8442108462464939,0.84921172733225,0.840735714689882,0.03216018606391937,0.0010171447971479841,-0.005594199384048371,-0.0018647331280162716,-0.004831324619476218,-0.010599762073436436,85.98036193847656
2522,2022-01-10,0.8411594765218936,0.8451432128105019,0.8453974828430777,0.8391252515944418,0.07741969978479676,-0.0070351060132083365,0.0009323665640079692,-0.003814244489172336,-0.0016104630954401067,0.045259513720877394,86.07530975341797
2523,2022-01-11,0.8457365311087939,0.84904217086597,0.8496354891642618,0.844295624479634,0.04472484728589951,0.0045770545869002754,0.003898958055468138,0.004238006321184096,0.005170372885192176,-0.03269485249889725,86.4723892211914
2524,2022-01-12,0.8505678557282699,0.848279360768242,0.8527716371220021,0.8476860424699503,0.210030342320185,0.004831324619475996,-0.0007628100977280505,0.0031361479577403095,0.0033904179903162524,0.1653054950342855,86.39472961425781
2525,2022-01-13,0.8481945825351019,0.852517367089426,0.8526020806557219,0.8464994058733663,0.03961878283186077,-0.002373273193167935,0.004238006321184096,-0.00016955646628025178,-0.001186636596584023,-0.17041155948832423,86.82636260986328
2526,2022-01-14,0.8476860424699503,0.840989984722458,0.8477707560362457,0.8403118881910259,0.04615507999946533,-0.0005085400651516636,-0.011527382366968042,-0.004831324619476107,-0.006187517682340382,0.006536297167604559,85.65230560302734
2527,2022-01-18,0.8349720235063981,0.8292930458892095,0.8361586601029819,0.8292930458892095,0.0614599067007071,-0.012714018963552176,-0.011696938833248516,-0.011612095933263844,-0.011018842301816378,0.015304826701241767,84.46102905273438
2528,2022-01-19,0.8331072903783818,0.8343787052081059,0.8375147884990018,0.8314120490498016,0.182307887666582,-0.0018647331280162716,0.005085659318896374,0.001356128396019951,0.0021190031605921034,0.12084798096587492,84.9789810180664
2529,2022-01-20,0.8352262935389739,0.8346329752406819,0.8366672001681338,0.8338701004761095,0.022108457086335263,0.0021190031605921034,0.00025427003257605385,-0.0008475883308680654,0.00245805142630795,-0.16019943058024674,85.0049057006836
2530,2022-01-21,0.8418375730533258,0.8448889427779259,0.84607557937451,0.8398033481258739,0.028938820793177656,0.00661127951435192,0.010255967537244004,0.00940837920637616,0.005933247649764328,0.006830363706842393,86.04943084716797
2531,2022-01-24,0.8474317724373742,0.8384471550630099,0.8474317724373742,0.8383624414967141,0.09602609172202692,0.005594199384048371,-0.006441787714915992,0.0013561930628642749,-0.0014409066291597439,0.06708727092884927,85.39335632324219
2532,2022-01-25,0.840989984722458,0.8353110717721139,0.84310898788305,0.8348872452732579,0.03282851910764172,-0.006441787714916214,-0.0031360832908959857,-0.004322784554324222,-0.0034751962234562672,-0.06319757261438519,85.07393646240234
2533,2022-01-26,0.8379386149978579,0.8286997275909176,0.8392947433938777,0.8281911875257657,0.5215804739817946,-0.0030513697246000726,-0.006611344181196355,-0.003814244489172336,-0.006696057747492157,0.4887519548741529,84.40058135986328
2534,2022-01-27,0.8352262935389739,0.8357348336041257,0.8397185698927339,0.8340396569423899,0.08878136152807667,-0.002712321458884004,0.0070351060132081145,0.0004238264988561946,0.005848469416624202,-0.43279911245371794,85.11711883544922
2535,2022-01-28,0.8303101906863577,0.836836756634414,0.8374300749327059,0.8299711424206417,0.0359830510740112,-0.004916102852616233,0.001101923030288332,-0.0022884949600279203,-0.004068514521748168,-0.05279831045406547,85.22933959960938
2536,2022-01-31,0.8351415153058338,0.8351415153058338,0.8371757402332857,0.8317510973155176,0.05364041008915563,0.004831324619476107,-0.0016952413285802326,-0.00025433469942026665,0.0017799548948758126,0.017657359015144425,85.05668640136719
2537,2022-02-01,0.8327682421126658,0.8321749238143739,0.8337853869098141,0.8281064092926257,0.07446566773154398,-0.002373273193168046,-0.0029665914914599467,-0.0033903533234715955,-0.003644688022891862,0.02082525764238835,84.96578216552734
2538,2022-02-02,0.8337853869098141,0.8333615604109578,0.840396666424166,0.8326834638795255,0.046502613182200954,0.0010171447971483172,0.001186636596583912,0.00661127951435192,0.004577054586899831,-0.027963054549343024,85.08696746826172
2539,2022-02-03,0.8245464995028736,0.8265807244303255,0.8282759657589058,0.8226817663748577,0.06151337334420488,-0.009238887406940455,-0.006780835980632283,-0.012120700665260165,-0.01000169750466784,0.015010760162003929,84.3946304321289
2540,2022-02-04,0.8200542231491137,0.8155619467953537,0.8215799080114137,0.8125105770707536,0.04806651250451125,-0.0044922763537599275,-0.011018777634971832,-0.006696057747492157,-0.0101711893041041,-0.013446860839693632,83.26960754394531
2541,2022-02-07,0.8137819919004778,0.8159857086273654,0.8170876316576537,0.8120867505718975,0.05251761057570208,-0.006272231248635851,0.00042376183201175976,-0.0044922763537599275,-0.0004238264988560836,0.0044510980711908316,83.3128662109375
2542,2022-02-08,0.8127648471033295,0.8107306221758777,0.8142057537324896,0.8107306221758777,0.3821929343830618,-0.0010171447971483172,-0.005255086451487756,-0.0028818779251641446,-0.00135612839601984,0.3296753238073597,82.77632904052734
2543,2022-02-09,0.8136124354341974,0.8125953553038938,0.8183590464873777,0.8125953553038938,0.03269485249889725,0.0008475883308678434,0.0018647331280161605,0.004153292754888072,0.0018647331280161605,-0.34949808188416454,82.96673583984375
2544,2022-02-10,0.8096286991455893,0.8008984164706452,0.8103067956770215,0.8004746546386334,0.0335904187774852,-0.003983736288608042,-0.011696938833248627,-0.00805225081035621,-0.012120700665260387,0.0008955662785879448,81.77243041992188
2545,2022-02-11,0.8033564678969534,0.8071707123861257,0.8106458439427375,0.7969146801820371,0.038215283440043844,-0.006272231248635962,0.006272295915480508,0.0003390482657160687,-0.003559974456596282,0.004624864662558646,82.41287231445312
2546,2022-02-14,0.8040345644283855,0.8003050981723534,0.8047973745261134,0.7985251432774774,0.028604654271316483,0.0006780965314321374,-0.0068656142137722975,-0.005848469416624091,0.0016104630954402177,-0.009610629168727361,81.71186065673828
2547,2022-02-15,0.7978470467460451,0.7932699921591451,0.7986946997437576,0.7925071820614173,0.03744001710932592,-0.006187517682340382,-0.0070351060132083365,-0.006102674782355821,-0.006017961216060019,0.008835362838009439,80.99359130859375
2548,2022-02-16,0.7978470467460451,0.7946261852220093,0.7978470467460451,0.7891167640711012,0.04537981366874741,0.0,0.0013561930628642749,-0.0008476529977125002,-0.0033904179903161413,0.007939796559421487,81.13204956054688
2549,2022-02-17,0.7967451883826013,0.7976775549466094,0.8017460048015133,0.7944566934225735,0.024247122826246775,-0.0011018583634437862,0.0030513697246000726,0.003898958055468138,0.005339929351472317,-0.021132690842500634,81.4436264038086
2550,2022-02-18,0.8015765130020774,0.8026783713655213,0.8036107379295294,0.7986946997437576,0.023458489834654404,0.004831324619476107,0.005000816418911924,0.0018647331280161605,0.004238006321184096,-0.0007886329915923716,81.9542007446289
2551,2022-02-22,0.8002203846060577,0.8032716896638132,0.8042040562278212,0.7992880180420495,0.020531191103150524,-0.001356128396019729,0.0005933182982919005,0.0005933182982917895,0.0005933182982919005,-0.00292729873150388,82.01477813720703
2552,2022-02-23,0.8002203846060577,0.7931005003597094,0.8008137029043496,0.7925919602945576,0.032240386029166054,0.0,-0.010171189304103878,-0.0033903533234715955,-0.006696057747491935,0.01170919492601553,80.97628021240234
2553,2022-02-24,0.7984403650443374,0.7954737735528773,0.8012374647363614,0.7925919602945576,0.0480531458436368,-0.0017800195617203585,0.002373273193167935,0.00042376183201175976,0.0,0.015812759814470743,81.21858978271484
2554,2022-02-25,0.7970842366483174,0.7988641915431934,0.7992880180420495,0.7953889953197372,0.027936321227594135,-0.001356128396019951,0.0033904179903161413,-0.0019494466943118516,0.002797035025179584,-0.020116824616042663,81.56473541259766
2555,2022-02-28,0.8035260243632335,0.8113239404741697,0.8130191171359056,0.8035260243632335,0.03897718310988732,0.006441787714916103,0.012459748930976233,0.013731099093856058,0.008137029043496335,0.011040861882293185,82.83690643310547
2556,2022-03-01,0.8114934322736053,0.8157314385947894,0.8228513228411377,0.8109848922084536,0.07831526606338471,0.00796740791037176,0.004407498120619691,0.009832205705232133,0.007458867845220096,0.03933808295349739,83.48402404785156
2557,2022-03-02,0.8081877925164295,0.7944566934225735,0.8094592073461535,0.7936938186580013,0.0550840094635959,-0.0033056397571757934,-0.021274745172215836,-0.013392115494984203,-0.01729107355045234,-0.023231256599788808,81.30673217773438
2558,2022-03-03,0.7965756965831656,0.7992032398089095,0.8038650079621052,0.7965756965831656,0.08784569526686538,-0.011612095933263844,0.004746546386335981,-0.0055941993840482596,0.0028818779251643667,0.03276168580326948,81.79247283935547
2559,2022-03-04,0.8106458439427375,0.8075096959849973,0.8113239404741697,0.8047126609598175,0.0259045887746782,0.014070147359571905,0.008306456176087829,0.00745893251206442,0.0081369643766519,-0.061941106492187176,82.64257049560547
2560,2022-03-07,0.8000508281397773,0.7984403650443374,0.8054754710575454,0.7956433300191577,0.10417975485543957,-0.010595015802960184,-0.009069330940659981,-0.005848469416624313,-0.00906933094065987,0.07827516608076136,81.71441650390625
2561,2022-03-08,0.790303400667685,0.791490037264269,0.7940328669237173,0.7866587126447933,0.07812813281114245,-0.00974742747209234,-0.006950327780068322,-0.011442604133828027,-0.008984617374364401,-0.026051622044297118,81.00310516357422
2562,2022-03-09,0.7880149057076573,0.7871673173767896,0.7925919602945576,0.7869977609105092,0.047077379599802176,-0.0022884949600276983,-0.004322719887479454,-0.0014409066291597439,0.0003390482657159577,-0.031050753211340272,80.56070709228516
2563,2022-03-10,0.7802169895967213,0.7763179668744089,0.7810645779275893,0.7725885652852212,0.07715236656730783,-0.007797916110936054,-0.010849350502380672,-0.011527382366968264,-0.014409195625287974,0.03007498696750565,79.45036315917969
2564,2022-03-11,0.7748770602452492,0.7768265716064052,0.7803017031630172,0.7748770602452492,0.020531191103150524,-0.005339929351472095,0.0005086047319963205,-0.0007628747645721523,0.0022884949600279203,-0.056621175464157306,79.5024185180664
2565,2022-03-14,0.7672486359337488,0.7613154529508289,0.768265780730897,0.7608916264519727,0.0498175450790638,-0.007628424311500348,-0.015511118655576306,-0.01203592243212015,-0.013985433793276436,0.02928635397591328,77.91497802734375
2566,2022-03-15,0.7665706040691611,0.765807729304589,0.7692829255280453,0.7620783277154012,0.23037440017109326,-0.0006780318645877026,0.0044922763537600385,0.0010171447971483172,0.001186701263428458,0.18055685509202946,78.37471008300781
2567,2022-03-16,0.7667400958685969,0.7732666618166534,0.7737752018818052,0.7602135945873851,0.10304358868111158,0.00016949179943581694,0.00745893251206442,0.0044922763537598165,-0.0018647331280160495,-0.12733081148998168,79.13806915283203
2568,2022-03-17,0.7751313302778251,0.7766570151401249,0.7812340697270252,0.7745380119795329,0.04064801571919319,0.008391234409228177,0.0033903533234714844,0.007458867845220096,0.014324417392147737,-0.06239557296191839,79.48503875732422
2569,2022-03-18,0.7769113498395454,0.7832683593213214,0.7834378511207573,0.7769113498395454,0.05670137542940398,0.0017800195617202474,0.006611344181196577,0.002203781393732007,0.002373337860012481,0.016053359710210796,80.1616439819336
2570,2022-03-21,0.7759789832755373,0.7669096523348773,0.7759789832755373,0.7645363144748649,0.05723604186438186,-0.0009323665640080803,-0.01635870698644415,-0.007458867845219985,-0.012375035364680431,0.0005346664349778762,78.48745727539062
2571,2022-03-22,0.761061182918253,0.7600440381211049,0.7626716460136932,0.7591116715570968,0.22009543795864356,-0.014917800357284294,-0.0068656142137724085,-0.013307337261844077,-0.005424642917768119,0.1628593960942617,77.78483581542969
2572,2022-03-23,0.7620783277154012,0.7692829255280453,0.769706687360057,0.759535498055953,0.03551521794340556,0.0010171447971482062,0.009238887406940455,0.007035041346363791,0.0004238264988561946,-0.184580220015238,78.7303695678711
2573,2022-03-24,0.762841137813129,0.7680115106983211,0.769791465593197,0.7594507198228129,0.0370924839265903,0.0007628100977278285,-0.00127141482972426,8.477823314001487e-05,-8.477823314012589e-05,0.0015772659831847433,78.60025024414062
2574,2022-03-25,0.7640277744097129,0.758687909725085,0.7646210927080049,0.7555517617673448,0.022228757034205286,0.001186636596583912,-0.009323600973236035,-0.005170372885192065,-0.003898958055468027,-0.014863726892385014,77.64604949951172
2575,2022-03-28,0.762841137813129,0.7664858258360211,0.768774320796049,0.7611459611513932,0.03711921724833919,-0.001186636596583912,0.007797916110936054,0.004153228088044081,0.005594199384048371,0.014890460214133906,78.44412994384766
2576,2022-03-29,0.7707238321572051,0.7727580570846571,0.7749618384783892,0.7665706040691611,0.523358239878096,0.007882694344076069,0.006272231248635962,0.00618751768234016,0.005424642917767897,0.4862390226297568,79.08600616455078
2577,2022-03-30,0.7686048289966131,0.7755551567766812,0.7779284299698491,0.7685200507634731,0.07383743467044497,-0.0021190031605919923,0.0027970996920241298,0.0029665914914599467,0.0019494466943119626,-0.4495208052076511,79.37227630615234
2578,2022-03-31,0.7758942050423971,0.7771656198721212,0.7803864813961572,0.7751313302778251,0.03615681766537901,0.007289376045784057,0.0016104630954399957,0.002458051426308061,0.006611279514352031,-0.03768061700506596,79.537109375
2579,2022-04-01,0.7659772857708693,0.7790303530001375,0.7803017031630172,0.7646210927080049,0.051822544210230845,-0.009916919271527824,0.0018647331280162716,-8.477823314001487e-05,-0.010510237569820169,0.015665726544851835,80.04132843017578
2580,2022-04-04,0.776402745107549,0.7767417933732651,0.7780979864361293,0.7714866422549329,0.050940344592517346,0.01042545933667971,-0.002288559626872355,-0.0022037167268879054,0.006865549546927974,-0.0008821996177134986,79.80621337890625
2581,2022-04-05,0.7729276135509372,0.7598745463216691,0.7740294719143811,0.7587726232913807,0.06839720369454506,-0.0034751315566118324,-0.016867247051596035,-0.004068514521748168,-0.012714018963552176,0.017456859102027718,78.07317352294922
2582,2022-04-06,0.7504661671152929,0.7536870286393288,0.7580945914267931,0.7465672090598249,0.07982569874219721,-0.022461446435644294,-0.006187517682340271,-0.015934880487587955,-0.012205414231555856,0.011428495047652143,77.43744659423828
2583,2022-04-07,0.748092893922125,0.7479233374558447,0.749957627050141,0.7435158393352248,0.09833852405330624,-0.002373273193167935,-0.0057636911834840765,-0.008136964376652123,-0.0030513697246000726,0.018512825311109038,76.84525299072266
2584,2022-04-08,0.7413968361746328,0.7381759099837525,0.7424986945380766,0.7350398266928567,0.039445016240492965,-0.006696057747492157,-0.00974742747209223,-0.00745893251206442,-0.00847601264236808,-0.05889350781281328,75.84376525878906
2585,2022-04-11,0.7322427270008326,0.7276656724139324,0.7340226818957085,0.7246990809224725,0.09720235787897825,-0.009154109173800218,-0.010510237569820058,-0.00847601264236808,-0.010340745770384241,0.05775734163848529,74.76387023925781
2586,2022-04-12,0.7331750935648407,0.7264790358173485,0.7353788749585728,0.7260552739853368,0.09353989279937978,0.0009323665640080803,-0.001186636596583912,0.0013561930628642749,0.0013561930628642749,-0.0036624650795984703,74.64197540283203
2587,2022-04-13,0.7281742771459289,0.7301237238402406,0.7335141418305567,0.7269875758825003,0.06386590565810754,-0.005000816418911813,0.003644688022892084,-0.0018647331280160495,0.0009323018971635344,-0.029673987141272243,75.01641845703125
2588,2022-04-14,0.7298694538076647,0.7185115632401322,0.7306322639053924,0.7173249266435483,0.03131808642882922,0.0016951766617357977,-0.01161216060010839,-0.0028818779251643667,-0.009662649238951992,-0.032547819229278324,73.82333374023438
2589,2022-04-18,0.7172402130772526,0.7110526953949123,0.7179182449418403,0.7106288688960561,0.06925266999050968,-0.01262924073041205,-0.007458867845219874,-0.012714018963552065,-0.006696057747492157,0.03793458356168046,73.05699157714844
2590,2022-04-19,0.7080861039034524,0.7059671007428604,0.7093575187331765,0.7038480975822684,0.0706829027040755,-0.009154109173800218,-0.005085594652051939,-0.008560726208663771,-0.006780771313787737,0.001430232713565821,72.53446960449219
2591,2022-04-20,0.7109679171617722,0.7171554348441125,0.7195287080372804,0.7102898852971846,0.06927940331225857,0.002881813258319821,0.011188334101252084,0.010171189304103878,0.006441787714916214,-0.0014034993918169286,73.68399810791016
2592,2022-04-21,0.7154602581823767,0.7091879622668963,0.7154602581823767,0.7039328758154085,0.0783687327068825,0.004492341020604473,-0.007967472577216195,-0.004068449854903733,-0.006357009481776088,0.009089329394623924,72.86538696289062
2593,2022-04-22,0.7067299108405881,0.7068994673068685,0.7123241102246365,0.7051195124119924,0.0324809859249061,-0.008730347341788569,-0.0022884949600278093,-0.0031361479577401985,0.001186636596583912,-0.04588774678197639,72.6302719116211
2594,2022-04-25,0.7130869203223642,0.7159687982475285,0.7187658979395527,0.7130869203223642,0.0594682742304145,0.006357009481776088,0.009069330940659981,0.006441787714916214,0.00796740791037176,0.0269872883055084,73.56206512451172
2595,2022-04-26,0.7202068045687126,0.7183420714406965,0.7225800777618805,0.7159687982475285,0.07435873444454841,0.007119884246348351,0.002373273193168046,0.00381417982232779,0.0028818779251642557,0.014890460214133906,73.80591583251953
2596,2022-04-27,0.7174944831098286,0.7096965669988926,0.7189353897389884,0.7096965669988926,0.3918971301779103,-0.002712321458884004,-0.008645504441803897,-0.003644688022892084,-0.006272231248635851,0.31753839573336184,72.91763305664062
2597,2022-04-28,0.7082555957028882,0.7112222518611926,0.7130022067560686,0.7052890042114283,0.03721278387446032,-0.009238887406940344,0.0015256848622999808,-0.005933182982919782,-0.0044075627874643475,-0.35468434630344997,73.07440185546875
2598,2022-04-29,0.70427185941428,0.7005424578250924,0.7103745988634802,0.7004576795919523,0.022803523451806505,-0.003983736288608153,-0.010679794036100199,-0.002627607892588424,-0.004831324619475996,-0.014409260422653818,71.97708892822266
2599,2022-05-02,0.6929988117467323,0.6902864902878483,0.6945244966090324,0.687404612362684,0.07959846550733161,-0.011273047667547775,-0.010255967537244115,-0.01585010225444783,-0.013053067229268245,0.05679494205552511,71.12644958496094
2600,2022-05-03,0.6985082328976404,0.6959654032381922,0.7024919045194041,0.6951178149073244,0.05261117720182321,0.005509421150908134,0.005678912950343951,0.00796740791037176,0.007713202544640363,-0.0269872883055084,71.71161651611328
2601,2022-05-04,0.697321531634212,0.7030005092514005,0.7032547792839764,0.6918121751501484,0.257522088407095,-0.001186701263428458,0.0070351060132082255,0.0007628747645722633,-0.0033056397571760154,0.2049109112052718,72.43650817871094
2602,2022-05-05,0.6919816669495841,0.6846922909038,0.6919816669495841,0.67867432968774,0.07006803630385093,-0.005339864684627882,-0.018308218347600436,-0.011273112334392321,-0.01313784546240837,-0.18745405210324406,70.550048828125
2603,2022-05-06,0.6781657896225881,0.6755381817299998,0.6822342394774918,0.6738430050682639,0.03534145135203775,-0.013815877326995962,-0.009154109173800218,-0.00974742747209223,-0.004831324619476107,-0.03472658495181318,69.6068115234375
2604,2022-05-09,0.6724868120053997,0.6783352814220239,0.6801152363168999,0.6694355069476441,0.06700707096360259,-0.0056789776171883855,0.0027970996920241298,-0.0021190031605919923,-0.004407498120619802,0.03166561961156484,69.89501190185547
2605,2022-05-10,0.6854551656683723,0.6835904325403561,0.6910493003855761,0.6828275577757839,0.06981406974723645,0.012968353662972554,0.005255151118332191,0.010934064068676252,0.013392050828139768,0.0028069987836338572,70.43651580810547
2606,2022-05-11,0.679945744517464,0.6924054934484403,0.6933378600124483,0.6788438214871757,0.06075147367436141,-0.005509421150908245,0.008815060908084149,0.002288559626872244,-0.003983736288608153,-0.009062596072875038,71.34479522705078
2607,2022-05-12,0.695541576739336,0.6925749852478761,0.69825389819822,0.6924054934484403,0.07659096681058104,0.015595832221871997,0.00016949179943581694,0.004916038185771687,0.013561671961264565,0.015839493136219636,71.36225891113281
2608,2022-05-13,0.6875741688289643,0.6845227991043642,0.6900322202552723,0.682912336008924,0.031358186411452556,-0.00796740791037176,-0.008052186143511886,-0.008221677942947703,-0.009493157439516287,-0.04523278039912849,70.53255462646484
2609,2022-05-16,0.6861331975329599,0.6848618473700803,0.6905407603204242,0.6845227991043642,0.03777418363118709,-0.0014409712960044008,0.0003390482657160687,0.0005085400651518857,0.0016104630954402177,0.006415997219734536,70.56751251220703
2610,2022-05-17,0.6797761880511838,0.6791828697528918,0.6828275577757839,0.6781657896225881,0.0608049403178592,-0.006357009481776088,-0.0056789776171884965,-0.007713202544640363,-0.006357009481776088,0.023030756686672108,69.98235321044922
2611,2022-05-18,0.6794372044523123,0.6878284388615402,0.6879132170946803,0.6789285997203159,0.10499512116878083,-0.00033898359887152285,0.008645569108648443,0.005085659318896485,0.0007628100977278285,0.044190180850921634,70.87318420410156
2612,2022-05-19,0.695541576739336,0.689777885555852,0.6968977698022003,0.6881674871272563,0.07072300268669883,0.01610437228702377,0.0019494466943117406,0.008984552707519966,0.009238887406940344,-0.034272118482082004,71.07405090332031
2613,2022-05-20,0.6893541237238402,0.6960501814713324,0.69672821333592,0.6893541237238402,0.047023912956304384,-0.006187453015495836,0.006272295915480397,-0.00016955646628025178,0.001186636596583912,-0.023699089730394446,71.72032165527344
2614,2022-05-23,0.6953720849399002,0.6894388372901359,0.6963044515039083,0.6883369789266921,0.06263617285765843,0.006017961216060019,-0.006611344181196466,-0.00042376183201175976,-0.0010171447971480951,0.01561225990135405,71.03911590576172
2615,2022-05-24,0.6939311783107404,0.703085222817696,0.7038480975822684,0.6939311783107404,0.06184753986606606,-0.001440906629159855,0.013646385527560145,0.007543646078360111,0.0055941993840482596,-0.0007886329915923751,72.44523620605469
2616,2022-05-25,0.7057975442765801,0.7077470556377363,0.7089336922343203,0.7035090493165523,0.06851750364241509,0.011866365965839787,0.00466183282004029,0.005085594652051939,0.009577871005811978,0.006669963776349028,72.92556762695312
2617,2022-05-26,0.7075775638383005,0.7062213707754363,0.7099508370314686,0.7040175893817041,0.033897851977597475,0.0017800195617203585,-0.0015256848622999808,0.0010171447971482062,0.0005085400651517746,-0.03461965166481761,72.76837158203125
2618,2022-05-27,0.7093575187331765,0.7096117887657525,0.7135955250543605,0.7070689591063042,0.038830149840268405,0.0017799548948760346,0.0033904179903161413,0.003644688022891973,0.0030513697246000726,0.00493229786267093,73.11771392822266
2619,2022-05-31,0.7024071909531084,0.7001186313262362,0.7026614609856844,0.6968977698022003,0.03757368371807039,-0.0069503277800681,-0.009493157439516287,-0.010934064068676141,-0.010171189304103878,-0.0012564661221980133,72.13957214355469
2620,2022-06-01,0.7025766827525443,0.6962196732707682,0.7051195124119924,0.6923207152153001,0.037079117265715854,0.00016949179943581694,-0.003898958055468027,0.002458051426308061,-0.004577054586900164,-0.0004945664523545376,71.95296478271484
2621,2022-06-02,0.6980844063987842,0.6956263549724762,0.6991015511959324,0.6912188568518564,0.04018018258858754,-0.0044922763537600385,-0.0005933182982920115,-0.006017961216060019,-0.0011018583634437862,0.003101065322871688,71.89167022705078
2622,2022-06-03,0.6900322202552723,0.6935073518118842,0.6935073518118842,0.6887608054255483,0.03515431809979549,-0.008052186143511886,-0.0021190031605919923,-0.0055941993840482596,-0.002458051426308061,-0.005025864488792053,71.67266845703125
2623,2022-06-06,0.6920664451827242,0.6839294808060722,0.6927445417141563,0.68325138427464,0.03750685041369815,0.0020342249274518664,-0.009577871005811978,-0.0007628100977278285,-0.005509421150908245,0.002352532313902665,70.68280029296875
2624,2022-06-07,0.6866418022649562,0.6902017120547081,0.69367684361132,0.6866418022649562,0.04251934824161576,-0.005424642917768008,0.006272231248635962,0.0009323018971636454,0.0033904179903161413,0.005012497827917607,71.33101654052734
2625,2022-06-08,0.687997930660976,0.684098972605508,0.6908798085861403,0.684098972605508,0.047638779356528944,0.00135612839601984,-0.006102739449200145,-0.002797035025179695,-0.002542829659448187,0.005119431114913184,70.70030212402344
2626,2022-06-09,0.6824037959437722,0.6824037959437722,0.685963705733524,0.6814714293797641,0.030208653576250116,-0.005594134717203825,-0.0016951766617357977,-0.004916102852616233,-0.002627543225743878,-0.01743012578027883,70.52511596679688
2627,2022-06-10,0.6802847927831801,0.6767248183265837,0.6816409211791999,0.6713849536419558,0.05349337681953671,-0.0021190031605921034,-0.0056789776171884965,-0.004322784554324111,-0.010086475737808298,0.023284723243286596,69.938232421875
2628,2022-06-13,0.663926085796736,0.6564671532846715,0.663926085796736,0.6504491920686115,0.07338296820071379,-0.01635870698644415,-0.020257665041912176,-0.01771483538246399,-0.020935761573344314,0.019889591381177074,67.84461212158203
2629,2022-06-14,0.6574842980818197,0.6511272886000437,0.661807082636144,0.6493473337051677,0.06771550398994827,-0.006441787714916214,-0.005339864684627882,-0.0021190031605919923,-0.0011018583634437862,-0.005667464210765513,67.29277038574219
2630,2022-06-15,0.6591794747435555,0.6617223044030037,0.6629089409995877,0.6534157835600715,0.05982917407402457,0.0016951766617357977,0.010595015802960073,0.0011018583634437862,0.004068449854903733,-0.007886329915923702,68.3877182006836
2631,2022-06-16,0.6502797002691757,0.6665536290224798,0.6667231854887601,0.6470587740782954,0.04024701589295978,-0.00889977447437984,0.004831324619476107,0.003814244489172336,-0.006357009481776088,-0.01958215818106479,68.88704681396484
2632,2022-06-17,0.6676554873859236,0.6677402656190637,0.6709611918099442,0.6626546709670118,0.033336452220870706,0.01737578711674792,0.001186636596583912,0.004238006321184096,0.015595896888716432,-0.006910563672089073,69.00969696044922
2633,2022-06-21,0.6598575712749877,0.6567214879840919,0.6640107993630315,0.6553652949212277,0.05053934476628393,-0.007797916110935943,-0.011018777634971832,-0.0069503924469126455,-0.007289376045784057,0.017202892545413226,67.87089538574219
2634,2022-06-22,0.6681640921179199,0.6684183621504959,0.6722325419728238,0.6668926772881959,0.06635210458075468,0.008306520842932263,0.01169687416640397,0.008221742609792249,0.011527382366968153,0.015812759814470743,69.07977294921875
2635,2022-06-23,0.672063050173388,0.6740972751008398,0.6807085546151919,0.6713849536419558,0.07656423348883215,0.003898958055468027,0.005678912950343951,0.00847601264236808,0.0044922763537599275,0.010212128908077475,69.66668701171875
2636,2022-06-24,0.6729106385042559,0.6711306836093799,0.677487693091156,0.66968977698022,0.040915348936682125,0.0008475883308679544,-0.0029665914914599467,-0.0032208615240358895,-0.0016951766617357977,-0.035648884552150026,69.36006164550781
2637,2022-06-27,0.6646041823281681,0.6638413075635958,0.6680793138847798,0.6629089409995877,0.06037720716987689,-0.008306456176087829,-0.007289376045784057,-0.00940837920637616,-0.006780835980632283,0.019461858233194768,68.60671997070312
2638,2022-06-28,0.661552812603568,0.6646888958944637,0.6651127223933199,0.6593490312098358,0.027241254862122893,-0.0030513697246000726,0.0008475883308678434,-0.0029665914914599467,-0.0035599097897519583,-0.033135952307754,68.69432067871094
2639,2022-06-29,0.6653669924258958,0.6717240019076719,0.672402098439104,0.6651127223933199,0.0623421063184206,0.00381417982232779,0.0070351060132082255,0.007289376045784168,0.0057636911834840765,0.0351008514562977,69.42137908935547
2640,2022-06-30,0.675114419897988,0.67570773819628,0.6802847927831801,0.6746058151659917,0.03856281662277947,0.00974742747209223,0.003983736288608153,0.007882694344076069,0.009493092772671852,-0.02377928969564113,69.83309936523438
2641,2022-07-01,0.6807085546151919,0.6822342394774918,0.689523615523276,0.677826741356872,0.06377233903198642,0.005594134717203825,0.006526501281211794,0.009238822740095909,0.0032209261908803244,0.025209522409206958,70.7196044921875
2642,2022-07-05,0.6848618473700803,0.684353242638084,0.6881674871272563,0.6823190177106321,0.055070642802721455,0.004153292754888405,0.0021190031605921034,-0.001356128396019729,0.0044922763537600385,-0.00870169622926497,70.93927764892578
2643,2022-07-06,0.687997930660976,0.6776571848905918,0.6886760271924081,0.677487693091156,0.03741328378757702,0.0031360832908957637,-0.006696057747492157,0.0005085400651517746,-0.004831324619476107,-0.017657359015144432,70.24516296386719
2644,2022-07-07,0.6804542845826159,0.6740972751008398,0.681386651146624,0.6739277833014041,0.053426543515164474,-0.007543646078360111,-0.0035599097897519583,-0.007289376045784057,-0.0035599097897518472,0.01601325972758745,69.87617492675781
2645,2022-07-08,0.67121546184252,0.66968977698022,0.6724868120053997,0.6682488056842156,0.0294066539237833,-0.009238822740095909,-0.004407498120619802,-0.008899839141224275,-0.0056789776171884965,-0.024019889591381172,69.41925811767578
2646,2022-07-11,0.675114419897988,0.6771486448254399,0.6802847927831801,0.6746058151659917,0.0423589483111224,0.003898958055468027,0.007458867845219874,0.007797980777780378,0.006357009481776088,0.012952294387339098,70.19245147705078
2647,2022-07-12,0.6822342394774918,0.6797761880511838,0.6857942139340883,0.6788438214871757,0.04533971368612407,0.0071198195795038055,0.002627543225743878,0.005509421150908245,0.004238006321183985,0.002980765375001672,70.4648208618164
2648,2022-07-13,0.67265636847168,0.6871503423301081,0.68765888239526,0.6710459053762398,0.07407803456618502,-0.009577871005811867,0.007374154278924294,0.0018646684611716147,-0.007797916110935943,0.028738320880060945,71.22921752929688
2649,2022-07-14,0.678081011389448,0.680539062815756,0.6837599243397919,0.6750296416648479,0.027495221418737385,0.005424642917768008,-0.006611279514352031,-0.003898958055468027,0.003983736288608153,-0.04658281314744763,70.54389953613281
2650,2022-07-15,0.6831666060414999,0.685624657467808,0.690371203854144,0.6826580659763481,0.021774290564474087,0.005085594652051939,0.005085594652051939,0.006611279514352031,0.007628424311500237,-0.005720930854263298,71.07106018066406
2651,2022-07-18,0.6826580659763481,0.6801152363168999,0.684098972605508,0.678081011389448,0.04503228048601179,-0.0005085400651517746,-0.005509421150908134,-0.006272231248635962,-0.004577054586900164,0.0232579899215377,70.49995422363281
2652,2022-07-19,0.680793332848332,0.6798609662843239,0.6828275577757839,0.67570773819628,0.09729592450509938,-0.0018647331280161605,-0.00025427003257594283,-0.001271414829724149,-0.002373273193167935,0.0522636440190876,70.4736099243164
2653,2022-07-20,0.6846922909038,0.6818104776454802,0.6857942139340883,0.6790133779534561,0.06512237178030557,0.003898958055468027,0.0019495113611562864,0.0029666561583044926,0.0033056397571760154,-0.032173552724793816,70.67570495605469
2654,2022-07-21,0.6840141943723679,0.6915578404507279,0.693083525313028,0.6840141943723679,0.04820017911325572,-0.0006780965314321374,0.009747362805247684,0.0072893113789396224,0.005000816418911813,-0.01692219266704985,71.68609619140625
2655,2022-07-22,0.7002881877925164,0.7008815060908085,0.7064756408080122,0.697914849932504,0.03090371994172136,0.01627399342014857,0.00932366564008058,0.013392115494984203,0.013900655560136088,-0.01729645917153436,72.65257263183594
2656,2022-07-25,0.6948635448747484,0.6935073518118842,0.6958806250050521,0.6913883486512922,0.02988785371526339,-0.005424642917768008,-0.007374154278924294,-0.010595015802960073,-0.006526501281211794,-0.0010158662264579711,71.88818359375
2657,2022-07-26,0.6987625029302164,0.6946939884084681,0.7004576795919523,0.6938464000776002,0.035448384639033326,0.003898958055467916,0.001186636596583912,0.004577054586900164,0.002458051426308061,0.005560530923769937,72.01117706298828
2658,2022-07-27,0.6977453581330681,0.6952873067067601,0.7027462392188245,0.694609210175328,0.05262454386269766,-0.0010171447971482062,0.0005933182982920115,0.002288559626872244,0.0007628100977277175,0.017176159223664333,72.07269287109375
2659,2022-07-28,0.7008815060908085,0.7007967278576682,0.7052042259782881,0.6985929464639361,0.05298544370630773,0.0031361479577403095,0.005509421150908134,0.002457986759463626,0.003983736288608153,0.00036089984361006855,72.64376831054688
2660,2022-07-29,0.7018985862211121,0.7035938275496925,0.7096117887657525,0.6991862647622281,0.0443238474596661,0.0010170801303036603,0.002797099692024241,0.0044075627874643475,0.0005933182982920115,-0.008661596246641624,72.93373107910156
2661,2022-08-01,0.7035938275496925,0.7079165474371721,0.7096965669988926,0.7018138726548164,0.040006415997219734,0.0016952413285803436,0.004322719887479676,8.477823314012589e-05,0.002627607892588313,-0.0043174314624463694,73.59903717041016
2662,2022-08-02,0.7088489140011802,0.6964739433033441,0.7111374736280525,0.6953720849399002,0.03579591782176894,0.005255086451487756,-0.011442604133828027,0.001440906629159855,-0.006441787714916214,-0.004210498175450793,72.40941619873047
2663,2022-08-03,0.6963892297370484,0.7069842455400086,0.7072385155725844,0.6929140335135922,0.03245425260315721,-0.012459684264131798,0.010510302236664493,-0.003898958055468027,-0.002458051426308061,-0.0033416652186117335,73.50210571289062
2664,2022-08-04,0.7067299108405881,0.7071537373394443,0.7076622774045962,0.7020681426873924,0.047638779356528944,0.010340681103539695,0.00016949179943570591,0.00042376183201175976,0.009154109173800218,0.015184526753371737,73.51973724365234
2665,2022-08-05,0.6950330366741841,0.6941854483433163,0.6952873067067601,0.6886760271924081,0.013874593987675939,-0.01169687416640397,-0.012968288996128008,-0.012374970697836107,-0.013392115494984314,-0.033764185368853006,72.17145538330078
2666,2022-08-08,0.6994405347948041,0.6993558212285084,0.7024919045194041,0.69825389819822,0.06311737264913853,0.004407498120619913,0.005170372885192065,0.007204597812644042,0.009577871005811978,0.04924277866146259,72.70903015136719
2667,2022-08-09,0.697914849932504,0.6969825480353404,0.6994405347948041,0.6957111332056163,0.02277679013005761,-0.0015256848623000918,-0.002373273193167935,-0.0030513697246000726,-0.002542764992603752,-0.04034058251908092,72.46226501464844
2668,2022-08-10,0.6985082328976404,0.6995253130279442,0.7050347341788523,0.6958806250050521,0.08221833103872321,0.0005933829651364464,0.002542764992603752,0.0055941993840482596,0.00016949179943581694,0.0594415409086656,72.72663116455078
2669,2022-08-11,0.6986777246970762,0.6861331975329599,0.7026614609856844,0.6857942139340883,0.03792121690080601,0.00016949179943581694,-0.013392115494984314,-0.002373273193167935,-0.010086411070963752,-0.044297114137917204,71.33431243896484
2670,2022-08-12,0.6909645221524359,0.6956263549724762,0.6958806250050521,0.6888455189918439,0.02900565409754989,-0.007713202544640363,0.009493157439516287,-0.006780835980632283,0.0030513050577555267,-0.008915562803256116,72.32131958007812
2671,2022-08-15,0.6981691846319245,0.694609210175328,0.7008815060908085,0.6941854483433163,0.044123347546549396,0.007204662479488588,-0.0010171447971482062,0.005000881085756359,0.005339929351472428,0.015117693448999506,72.21554565429688
2672,2022-08-16,0.6925749852478761,0.6941006701101762,0.6946939884084681,0.6861331975329599,0.058973707778059964,-0.005594199384048371,-0.0005085400651517746,-0.006187517682340382,-0.008052250810356432,0.014850360231510568,72.16265869140625
2673,2022-08-17,0.6885065353929724,0.685624657467808,0.6891845672575599,0.6847770691369401,0.06529613837167338,-0.004068449854903733,-0.008476012642368191,-0.005509421150908134,-0.001356128396019729,0.006322430593613412,71.28144836425781
2674,2022-08-18,0.6882522006935519,0.6875741688289643,0.6923207152153001,0.687404612362684,0.02470158929597797,-0.0002543346994204887,0.0019495113611562864,0.0031361479577401985,0.002627543225743878,-0.0405945490756954,71.48414611816406
2675,2022-08-19,0.6800305227506043,0.6769791530260042,0.6800305227506043,0.675114419897988,0.039057383075134,-0.008221677942947592,-0.010595015802960073,-0.01229019246469587,-0.012290192464695981,0.014355793779156027,70.38261413574219
2676,2022-08-22,0.6769791530260042,0.6723173202059639,0.6769791530260042,0.6716392236745318,0.0386296499271517,-0.0030513697246000726,-0.00466183282004029,-0.0030513697246000726,-0.0034751962234562672,-0.0004277331479822996,69.89793395996094
2677,2022-08-23,0.672063050173388,0.6723173202059639,0.677826741356872,0.66968977698022,0.05830537473433762,-0.004916102852616233,0.0,0.0008475883308678434,-0.0019494466943117406,0.01967572480718592,69.89793395996094
2678,2022-08-24,0.6696049987470799,0.6684183621504959,0.6709611918099442,0.6665536290224798,0.03344338550786628,-0.002458051426308061,-0.003898958055468027,-0.006865549546927863,-0.0031361479577401985,-0.024861989226471336,69.49259185791016
2679,2022-08-25,0.6692659504813638,0.677826741356872,0.6794372044523123,0.6679945356516397,0.03131808642882922,-0.0003390482657160687,0.00940837920637616,0.00847601264236808,0.001440906629159855,-0.0021252990790370657,70.47073364257812
2680,2022-08-26,0.6746905933991318,0.677487693091156,0.6808781110814721,0.6725715902385399,0.04771897932177563,0.005424642917768008,-0.0003390482657160687,0.001440906629159855,0.004577054586900164,0.01640089289294641,70.43550109863281
2681,2022-08-29,0.67265636847168,0.670537365311088,0.67265636847168,0.668757410416212,0.02581102214855707,-0.0020342249274518664,-0.006950327780067989,-0.008221742609792138,-0.003814179822327901,-0.02190795717321856,69.712890625
2682,2022-08-30,0.6704525870779477,0.6716392236745318,0.6755381817299998,0.6674859955864879,0.03411171855158863,-0.0022037813937322293,0.0011018583634437862,0.002881813258319821,-0.001271414829724038,0.00830069640303156,69.82744598388672
2683,2022-08-31,0.6700288252459361,0.6644346258618878,0.6733344650031121,0.6638413075635958,0.04706401293892773,-0.00042376183201164874,-0.007204597812643931,-0.0022037167268876834,-0.003644688022892084,0.012952294387339101,69.07843780517578
2684,2022-09-01,0.6548567548560759,0.6540091665252079,0.6557891214200839,0.6476521570434318,0.05632710892491947,-0.015172070389860237,-0.010425459336679932,-0.017545343583028172,-0.01618915052016401,0.009263095985991739,68.20682525634766
2685,2022-09-02,0.6540091665252079,0.6552805166880875,0.6594338094429759,0.6540091665252079,0.03151858634194592,-0.0008475883308679544,0.0012713501628796031,0.003644688022891973,0.006357009481776088,-0.02480852258297355,68.33941650390625
2686,2022-09-06,0.6501101438028954,0.6421427358925237,0.6503644785023159,0.6414646393610915,0.07465280098378624,-0.003899022722312462,-0.013137780795563825,-0.009069330940659981,-0.01254452716411636,0.04313421464184032,66.96928405761719
2687,2022-09-07,0.6465502340131435,0.6524834816629079,0.6539243882920678,0.6459569157148516,0.025744188844184834,-0.0035599097897519583,0.010340745770384241,0.0035599097897518472,0.0044922763537600385,-0.048908612139601404,68.04768371582031
2688,2022-09-08,0.6524834816629079,0.6493473337051677,0.6551110248886518,0.6488387936400158,0.03282851910764172,0.005933247649764439,-0.0031361479577401985,0.001186636596584023,0.0028818779251642557,0.007084330263456888,67.72066497802734
2689,2022-09-09,0.6510425103669035,0.6509577968006078,0.6539243882920678,0.6490930636725918,0.025490222287570342,-0.0014409712960044008,0.0016104630954401067,-0.001186636596584023,0.00025427003257594283,-0.00733829682007138,67.8885726928711
2690,2022-09-12,0.6535853400263517,0.6473131087777158,0.6546024848234999,0.6451093273839836,0.07517410075788968,0.002542829659448187,-0.003644688022892084,0.0006780965314321374,-0.003983736288608153,0.04968387847031933,67.50849151611328
2691,2022-09-13,0.6403627809976478,0.6443464526194114,0.6457026456822756,0.6389218097016434,0.08606792937056394,-0.01322255902870395,-0.0029666561583043816,-0.008899839141224275,-0.006187517682340271,0.010893828612674267,67.19908905029297
2692,2022-09-14,0.6430751024565318,0.6479064270760078,0.6494321119383079,0.6430751024565318,0.05265127718444655,0.002712321458884004,0.003559974456596393,0.00372946625603221,0.004153292754888405,-0.03341665218611739,67.57035064697266
2693,2022-09-15,0.6464654557800034,0.6451941056171238,0.6473978223440114,0.6439226907873997,0.03332308555999626,0.0033903533234715955,-0.002712321458884004,-0.0020342895942964123,0.0008475883308679544,-0.01932819162445029,67.28748321533203
2694,2022-09-16,0.6403627809976478,0.6420579576593836,0.6453635974165596,0.6393456362004996,0.032240386029166054,-0.006102674782355599,-0.0031361479577401985,-0.0020342249274518664,-0.004577054586900164,-0.0010826995308302056,66.96041107177734
2695,2022-09-19,0.6394304144336397,0.6435836425216837,0.6450245491508435,0.6389218097016434,0.024808522582973547,-0.0009323665640080803,0.0015256848623000918,-0.0003390482657160687,-0.0004238264988561946,-0.007431863446192507,67.1195068359375
2696,2022-09-20,0.6357009481776075,0.6360399964433235,0.6392608579673594,0.6331581185181593,0.038148450135671606,-0.00372946625603221,-0.007543646078360111,-0.0057636911834840765,-0.0057636911834840765,0.013339927552698059,66.33280944824219
2697,2022-09-21,0.6381589996039155,0.6415494175942317,0.6433293724891077,0.6335819450170155,0.052865143758437705,0.002458051426308061,0.005509421150908134,0.004068514521748279,0.0004238264988561946,0.014716693622766099,66.90739440917969
2698,2022-09-22,0.6333276749844395,0.6289201121969752,0.6337514368164513,0.6260382989386554,0.06099207357010145,-0.004831324619475996,-0.012629305397256485,-0.009577935672656412,-0.007543646078360111,0.008126929811663748,65.59026336669922
2699,2022-09-23,0.6281573020992475,0.6298524787609833,0.6323953084204315,0.6246821058757912,0.1194177482523091,-0.005170372885192065,0.0009323665640080803,-0.00135612839601984,-0.0013561930628641639,0.05842567468220764,65.68750762939453
2700,2022-09-26,0.6259535207055152,0.6162908714665633,0.6273097137683795,0.6145109165716872,0.11232005132797776,-0.0022037813937322293,-0.01356160729442002,-0.005085594652051939,-0.01017118930410399,-0.007097696924331334,64.27314758300781
2701,2022-09-27,0.6128157399099514,0.6016274058086993,0.6149347430705434,0.600779752810987,0.10682635370858005,-0.013137780795563825,-0.014663465657863917,-0.012374970697836107,-0.013731163760700271,-0.0054936976193977055,62.74391555786133
2702,2022-09-28,0.6096795919522112,0.6177317780957231,0.6183250963940151,0.6076453670247594,0.09319235961664417,-0.0031361479577401985,0.01610437228702377,0.0033903533234717065,0.0068656142137724085,-0.013633994091935886,64.42343139648438
2703,2022-09-29,0.6105271802830791,0.6134090582082434,0.614680408371123,0.6068824922601871,0.04664964645181987,0.0008475883308678434,-0.004322719887479676,-0.003644688022892084,-0.0007628747645722633,-0.0465427131648243,63.97261428833008
2704,2022-09-30,0.6160366014339873,0.609849083751647,0.6200203377225953,0.6081539070899111,0.07443893440979509,0.005509421150908245,-0.003559974456596393,0.005339929351472317,0.001271414829724038,0.027789287957975216,63.60135269165039
2705,2022-10-03,0.6151042348699792,0.6179861127951435,0.6241735658106393,0.6149347430705434,0.09406119257348322,-0.0009323665640080803,0.008137029043496447,0.00415322808804397,0.006780835980632283,0.019622258163688136,64.6611557006836
2706,2022-10-04,0.6223088326826232,0.6197660676900195,0.6256992506729393,0.6190031929254473,0.11535428334647721,0.007204597812643931,0.0017799548948760346,0.0015256848622999808,0.004068449854903844,0.02129309077299399,64.84740447998047
2707,2022-10-05,0.6137481064739595,0.6126461834436712,0.6149347430705434,0.6081539070899111,0.07953163220295938,-0.00856072620866366,-0.007119884246348351,-0.01076450760239589,-0.010849285835536127,-0.035822651143517834,64.10243225097656
2708,2022-10-06,0.6149347430705434,0.6117985951128032,0.6157823314014114,0.6090862736539192,0.08934276128480344,0.001186636596583912,-0.0008475883308679544,0.0008475883308679544,0.0009323665640080803,0.009811129081844061,64.01374816894531
2709,2022-10-07,0.6056110774304629,0.6039159007687271,0.6079844152904754,0.6028987559715789,0.08122919813401414,-0.00932366564008047,-0.007882694344076069,-0.007797916110935943,-0.006187517682340271,-0.008113563150789302,63.18897247314453
2710,2022-10-10,0.6023054376732869,0.594253251529775,0.6039159007687271,0.5925580748680392,0.03625038429150014,-0.0033056397571760154,-0.009662649238952103,-0.004068514521748279,-0.010340681103539695,-0.044978813842513996,62.17793273925781
2711,2022-10-11,0.5956093799257948,0.5967960811892232,0.6039159007687271,0.5922190266023232,0.08453076337000254,-0.006696057747492157,0.002542829659448187,0.0,-0.0003390482657160687,0.0482803790785024,62.44401168823242
2712,2022-10-12,0.5941684732966349,0.5965417464898028,0.5985760360840993,0.593066614933191,0.1542913664737412,-0.001440906629159855,-0.0002543346994203777,-0.005339864684627882,0.0008475883308678434,0.06976060310373866,62.417388916015625
2713,2022-10-13,0.5862010653862632,0.596033206424651,0.599338846181827,0.5850991423559748,0.09623995829601807,-0.00796740791037176,-0.0005085400651518857,0.0007628100977277175,-0.007967472577216195,-0.05805140817772313,62.36419296264648
2714,2022-10-14,0.6002712127458351,0.588828608612007,0.6006102610115511,0.5879810202811391,0.06605803804151684,0.014070147359571905,-0.007204597812643931,0.001271414829724149,0.0028818779251642557,-0.030181920254501227,61.61035537719727
2715,2022-10-17,0.593320884965767,0.5908628335394589,0.5974741130538109,0.589082878644583,0.06060444040474249,-0.0069503277800681,0.0020342249274518664,-0.0031361479577401985,0.0011018583634438972,-0.005453597636774353,61.82316970825195
2716,2022-10-18,0.5923037401686188,0.5920494701360429,0.594507521562351,0.585183920589115,0.08279309745632443,-0.0010171447971482062,0.001186636596584023,-0.0029665914914599467,-0.003898958055468027,0.02218865705158194,61.94736862182617
2717,2022-10-19,0.5865400489851347,0.5823868208970908,0.5883200685468551,0.5815392325662229,0.07025516955609319,-0.0057636911834840765,-0.009662649238952103,-0.006187453015495836,-0.003644688022892084,-0.012537927900231241,60.93631362915039
2718,2022-10-20,0.5797592776713469,0.5739108082547227,0.583064917428523,0.5736565382221468,0.08923582799780787,-0.006780771313787737,-0.00847601264236808,-0.005255151118332191,-0.007882694344076069,0.018980658441714676,60.04947662353516
2719,2022-10-21,0.5664519404095028,0.5691642618683868,0.5716223132946949,0.5640786672163348,0.0649619718498122,-0.013307337261844188,-0.004746546386335981,-0.011442604133828027,-0.009577871005811978,-0.024273856147995668,59.552833557128906
2720,2022-10-24,0.5693337536678226,0.5666214322089386,0.5720460751267066,0.5631463006523268,0.09058586074612701,0.002881813258319821,-0.002542829659448187,0.00042376183201164874,-0.0009323665640079692,0.02562388889631481,59.28675842285156
2721,2022-10-25,0.5760298114153147,0.5801830395033586,0.5819630590650791,0.5760298114153147,0.06069800703086362,0.006696057747492157,0.01356160729442002,0.009916983938372481,0.012883510762987882,-0.02988785371526339,60.70574188232422
2722,2022-10-26,0.5834886792605346,0.5853534123885508,0.5889133868451472,0.5823868208970908,0.07304880167885261,0.007458867845219874,0.005170372885192176,0.0069503277800681,0.006357009481776088,0.012350794647988987,61.24673461914063
2723,2022-10-27,0.5883200685468551,0.590354293474307,0.5929818367000509,0.5848448723233989,0.06127277344846484,0.004831389286320542,0.005000881085756248,0.004068449854903733,0.002458051426308061,-0.011776028230387772,61.76998901367188
2724,2022-10-28,0.586370557185699,0.5889981004114428,0.5919646919029027,0.586370557185699,0.036063251039257886,-0.0019495113611561754,-0.0013561930628641639,-0.0010171447971482062,0.0015256848623000918,-0.02520952240920695,61.628074645996094
2725,2022-10-31,0.586709605451415,0.5848448723233989,0.5879810202811391,0.5807763578016506,0.0368652506917247,0.0003390482657160687,-0.00415322808804397,-0.003983671621763607,-0.005594199384048371,0.0008019996524668144,61.19352340698242
2726,2022-11-01,0.5920494701360429,0.5889133868451472,0.5923037401686188,0.5852686988222551,0.1707189926884365,0.005339864684627882,0.004068514521748279,0.004322719887479676,0.004492341020604473,0.1338537419967118,61.84419631958008
2727,2022-11-02,0.5895914187097347,0.585777238887407,0.5950160616275028,0.584336332258247,0.1103685188403085,-0.002458051426308172,-0.0031361479577401985,0.002712321458884004,-0.0009323665640080803,-0.060350473848127986,61.51486206054688
2728,2022-11-03,0.5785726410747629,0.5831496956616631,0.5854381906216909,0.577386004478179,0.04086188229318434,-0.011018777634971832,-0.002627543225743878,-0.009577871005811867,-0.006950327780067989,-0.06950663654712416,61.23890686035156
2729,2022-11-04,0.5825563773633711,0.5788269111073389,0.5845058240576828,0.5782335928090468,0.05862617459532434,0.003983736288608153,-0.004322784554324222,-0.0009323665640080803,0.0008475883308678434,0.01776429230214,60.78494644165039
2730,2022-11-07,0.5811154060673667,0.5744193483198745,0.5811154060673667,0.5742498565204388,0.03726625051795811,-0.0014409712960044008,-0.0044075627874643475,-0.0033904179903161413,-0.003983736288608042,-0.021359924077366234,60.322113037109375
2731,2022-11-08,0.5763688596810308,0.5786573546410586,0.5819630590650791,0.5763688596810308,0.07911726571585152,-0.00474654638633587,0.004238006321184096,0.0008476529977123892,0.0021190031605919923,0.041851015197893415,60.76715087890625
2732,2022-11-09,0.5758603196158789,0.5777250527438951,0.5814544543330827,0.5745041265530146,0.04723777953029554,-0.0005085400651518857,-0.0009323018971635344,-0.0005086047319963205,-0.0018647331280161605,-0.031879486185555986,60.66926193237305
2733,2022-11-10,0.5916257083040312,0.6021359458738511,0.6029835342047191,0.5916257083040312,0.09614639166989694,0.01576538868815225,0.024410893129956035,0.021529079871636325,0.017121581751016524,0.048908612139601404,63.23274993896485
2734,2022-11-11,0.6010340875104073,0.6034073607035753,0.605356807397887,0.6003559909789752,0.040621282397444294,0.00940837920637616,0.001271414829724149,0.002373273193167935,0.008730282674944023,-0.05552510927245265,63.366241455078125
2735,2022-11-14,0.602644485939003,0.6001864345126949,0.6033225824704351,0.5984064796178189,0.03550185128253111,0.0016103984285956718,-0.0032209261908803244,-0.0020342249274518664,-0.0019495113611562864,-0.005119431114913184,63.02801132202149
2736,2022-11-15,0.605102537365311,0.6103576884836434,0.6112900550476513,0.6049330455658753,0.08303369735206448,0.002458051426308061,0.010171253970948424,0.007967472577216195,0.006526565948056451,0.04753184606953337,64.09613800048828
2737,2022-11-16,0.6143414247722515,0.6207831478203232,0.6215460225848954,0.6131547235088229,0.06947990322537527,0.009238887406940455,0.010425459336679821,0.010255967537244115,0.008221677942947592,-0.013553794126689209,65.19097137451172
2738,2022-11-17,0.6151042348699792,0.6169689679979953,0.6170537462311355,0.6123071351779551,0.05343991017603893,0.0007628100977277175,-0.003814179822327901,-0.0044922763537599275,-0.0008475883308678434,-0.016039993049336343,64.7904281616211
2739,2022-11-18,0.6184946528602954,0.6149347430705434,0.6212069743191794,0.6136633282408194,0.041797548554395623,0.0033904179903161413,-0.0020342249274518664,0.004153228088043859,0.0013561930628642749,-0.011642361621643303,64.5768051147461
2740,2022-11-21,0.6193422411911633,0.6150194566368391,0.6207831478203232,0.614680408371123,0.06203467311830831,0.0008475883308679544,8.471356629569105e-05,-0.0004238264988561946,0.0010170801303036603,0.02023712456391269,64.58570861816406
2741,2022-11-22,0.6180708263614392,0.6234954692792072,0.6250211541415073,0.6180708263614392,0.047825912608771205,-0.001271414829724149,0.00847601264236808,0.004238006321184096,0.0033904179903161413,-0.014208760509537108,65.47579956054688
2742,2022-11-23,0.6273944273346752,0.6327343566861475,0.6335819450170155,0.6273944273346752,0.0629703393795196,0.009323600973236035,0.009238887406940344,0.008560790875508206,0.009323600973236035,0.015144426770748391,66.44601440429688
2743,2022-11-25,0.6318867683552797,0.6329038484855833,0.6334124532175797,0.6311238935907074,0.01610682635370858,0.004492341020604473,0.00016949179943581694,-0.00016949179943581694,0.00372946625603221,-0.046863513025811016,66.46380615234375
2744,2022-11-28,0.6361247746764637,0.6311238935907074,0.6361247746764637,0.6282420803323876,0.0511274778447596,0.004238006321183985,-0.0017799548948759236,0.002712321458884004,-0.002881813258319821,0.03502065149105102,66.27688598632812
2745,2022-11-29,0.6272249355352394,0.6257840289060795,0.6293439386958314,0.6247668841089313,0.0548567762287303,-0.008899839141224275,-0.005339864684627882,-0.006780835980632283,-0.0034751962234562672,0.0037292983839707014,65.71611022949219
2746,2022-11-30,0.6238345175449233,0.6325648002198673,0.6326495784530074,0.6224783891489035,0.0895031612152968,-0.0033904179903161413,0.006780771313787737,0.0033056397571760154,-0.0022884949600278093,0.034646384986566504,66.42821502685547
2747,2022-12-01,0.6354466781450315,0.6452788191834194,0.6457874239154158,0.6332428967512994,0.07624343362784543,0.011612160600108279,0.012714018963552176,0.01313784546240837,0.01076450760239589,-0.013259727587451378,67.98197174072266
2748,2022-12-02,0.6413798611279514,0.6518053851314758,0.6522291469634874,0.6391761444010637,0.02729472150562068,0.005933182982919893,0.00652656594805634,0.006441723048071668,0.005933247649764328,-0.04894871212222475,68.66956329345703
2749,2022-12-05,0.6457026456822756,0.6444312308525515,0.6462959639805677,0.6407017645965193,0.16535896167778327,0.004322784554324222,-0.007374154278924294,-0.005933182982919782,0.001525620195455546,0.1380642401721626,67.89266967773438
2750,2022-12-06,0.6492625554720276,0.6503644785023159,0.6518053851314758,0.6468892822788596,0.051274511114378515,0.0035599097897519583,0.005933247649764439,0.005509421150908134,0.006187517682340271,-0.11408445056340476,68.51777648925781
2751,2022-12-07,0.6551958031217919,0.6616375261698636,0.6625698927338717,0.6551958031217919,0.07721919987168005,0.005933247649764328,0.011273047667547664,0.01076450760239589,0.008306520842932374,0.025944688757301534,69.70539093017578
2752,2022-12-08,0.6585861564452635,0.660366176006984,0.6624004009344359,0.6571452498161037,0.03868311657064949,0.0033903533234715955,-0.0012713501628796031,-0.00016949179943581694,0.0019494466943117406,-0.03853608330103056,69.57147979736328
2753,2022-12-09,0.6551110248886518,0.6492625554720276,0.6557043431869438,0.6486692371737356,0.05902717442155775,-0.0034751315566117214,-0.011103620534956393,-0.006696057747492046,-0.00847601264236808,0.02034405785090826,68.40168762207031
2754,2022-12-12,0.6564671532846715,0.6489235072063115,0.6574842980818197,0.6476521570434318,0.0684907703206662,0.001356128396019729,-0.0003390482657160687,0.0017799548948759236,-0.0010170801303037713,0.009463595899108446,68.36593627929688
2755,2022-12-13,0.6605356678064198,0.6553652949212277,0.6643498476287476,0.6541786583246437,0.042987181372221406,0.004068514521748279,0.006441787714916214,0.006865549546927863,0.006526501281211905,-0.02550358894844479,69.04460144042969
2756,2022-12-14,0.6553652949212277,0.6579928381469716,0.6585861564452635,0.6503644785023159,0.061018806891850345,-0.005170372885192065,0.002627543225743878,-0.0057636911834840765,-0.00381417982232779,0.01803162551962894,69.3214340209961
2757,2022-12-15,0.6594338094429759,0.6596033012424117,0.6620613526687198,0.6570604715829635,0.07041556948658656,0.004068514521748168,0.0016104630954401067,0.0034751962234562672,0.006695993080647611,0.009396762594736215,69.49107360839844
2758,2022-12-16,0.6506187485348918,0.6536701182594918,0.6557891214200839,0.6490930636725918,0.06174060657907048,-0.008815060908084149,-0.005933182982919893,-0.006272231248635851,-0.00796740791037176,-0.008674962907516078,68.86602783203125
2759,2022-12-19,0.6468892822788596,0.6434988642885434,0.6473978223440114,0.6414646393610915,0.08809966182347988,-0.00372946625603221,-0.010171253970948424,-0.0083912990760725,-0.007628424311500237,0.026359055244409395,67.79444885253906
2760,2022-12-20,0.6340057715158717,0.6323105301872913,0.6345143115810236,0.6307848453249914,0.09090666060711373,-0.012883510762987882,-0.011188334101252084,-0.012883510762987882,-0.010679794036100199,0.0028069987836338572,66.61573791503906
2761,2022-12-21,0.6378199513381995,0.6364637582753353,0.6391761444010637,0.6326495784530074,0.045165947094756256,0.00381417982232779,0.00415322808804397,0.004661832820040179,0.0018647331280160495,-0.04574071351235748,67.05326843261719
2762,2022-12-22,0.6357009481776075,0.6368875847741915,0.6382437778370558,0.6345990898141637,0.07354336813120714,-0.0021190031605919923,0.0004238264988561946,-0.0009323665640079692,0.0019495113611562864,0.028377421036450884,67.09793853759766
2763,2022-12-23,0.6296829869615475,0.6288353986306796,0.6316324336558592,0.6274792055678153,0.05483004290698141,-0.006017961216060019,-0.008052186143511886,-0.006611344181196577,-0.007119884246348351,-0.01871332522422573,66.47342681884766
2764,2022-12-27,0.6206136560208874,0.6169689679979953,0.6228174374146196,0.6167146979654194,0.04793284589576678,-0.009069330940660092,-0.011866430632684333,-0.008814996241239603,-0.01076450760239589,-0.006897197011214627,65.21903991699219
2765,2022-12-28,0.6190031929254473,0.6140023765065354,0.6210374178528991,0.6137481064739595,0.06379907235373532,-0.0016104630954401067,-0.0029665914914598357,-0.0017800195617204695,-0.0029665914914599467,0.015866226457968535,64.90544891357422
2766,2022-12-29,0.616206093233423,0.6199355594894552,0.6212069743191794,0.6159518232008472,0.03236068597703608,-0.002797099692024241,0.005933182982919782,0.00016955646628025178,0.0022037167268876834,-0.03143838637669924,65.53263854980469
2767,2022-12-30,0.6165451414991391,0.6140023765065354,0.6181556045945793,0.6132395017419632,0.04447088072928502,0.0003390482657160687,-0.005933182982919782,-0.0030513697246000726,-0.002712321458884004,0.012110194752248941,64.90544891357422
