,date,open,close,high,low,volume,dopen,dclose,dhigh,dlow,dvolume,price
0,2012-01-03,0.37605900411428755,0.3809639727060107,0.38554460930350054,0.37605900411428755,0.2974590298113825,0.37605900411428755,0.3809639727060107,0.38554460930350054,0.37605900411428755,0.2974590298113825,66.31673431396484
1,2012-01-04,0.3786533817246854,0.3844906462986875,0.3871660837123547,0.3786533817246854,0.2668364284545008,0.0025943776103978244,0.0035266735926768322,0.0016214744088541844,0.0025943776103978244,-0.030622601356881718,66.93061828613281
2,2012-01-05,0.3844501009335269,0.3872065981504633,0.38980097576086115,0.38063967163882945,0.20210989650593864,0.005796719208841505,0.0027159518517758108,0.002634892048506421,0.001986289914144068,-0.06472653194856215,67.4034423828125
3,2012-01-06,0.38927397879492864,0.3881795013520071,0.3899630953673998,0.38639587640956224,0.19913421488204588,0.00482387786140176,0.0009729032015437511,0.00016211960653866875,0.005756204770732798,-0.002975681623892751,67.5727767944336
4,2012-01-09,0.38951718913178857,0.3936114050555586,0.39486806395912283,0.3891523736264987,0.2377744229614944,0.00024321033685992255,0.0054319037035515105,0.0049049685917230135,0.0027564972169364377,0.03864020807944851,68.51835632324219
5,2012-01-10,0.3990838541242709,0.40520490532734554,0.40528599605766685,0.3983947375517997,0.34722348533076264,0.009566664992482321,0.01159350027178696,0.010417932098544025,0.009242363925301034,0.10944906236926824,70.53651428222656
6,2012-01-11,0.40467793928846496,0.4039077319856726,0.4071911952414896,0.4029348597111809,0.2628821913821641,0.005594085164194074,-0.0012971733416729525,0.0019051991838227589,0.00454012215938121,-0.08434129394859852,70.31072235107422
7,2012-01-12,0.40532651049577545,0.4132311866412949,0.4136365475117455,0.39993515215738457,0.3809381763946234,0.0006485712073104888,0.009323454655622287,0.0064453522702558885,-0.0029997075537963602,0.11805598501245929,71.93368530273438
8,2012-01-13,0.4082857036114632,0.4154201724541902,0.4163119539983607,0.40759658703899204,0.36065770566943745,0.0029591931156877638,0.0021889858128953388,0.002675406486615184,0.007661434881607476,-0.02028047072518596,72.3147201538086
9,2012-01-17,0.42085207615774184,0.41902793677718847,0.42482468691308184,0.41882524087843714,0.3224758544171411,0.012566372546278626,0.0036077643229982526,0.008512732914721155,0.011228653839445102,-0.03818185125229634,72.94274139404297
10,2012-01-18,0.416149834391822,0.4226357011001866,0.4236085733746783,0.41550123225745955,0.2471634624129213,-0.0047022417659198235,0.0036077643229981415,-0.0012161135384035626,-0.003324008620977592,-0.0753123920042198,73.8996353149414
11,2012-01-19,0.42421663014388006,0.42867566157293996,0.4287162069381007,0.42008186885494936,0.344306007748413,0.008066795752058042,0.006039960472753347,0.00510763356342242,0.004580636597489807,0.09714254533549171,74.95577239990234
12,2012-01-20,0.42705418716408583,0.42822975533732877,0.42936477814541113,0.4249868065196205,0.24013168664399134,0.002837557020205772,-0.00044590623561119314,0.0006485712073104333,0.0049049376646711496,-0.10417432110442168,74.87779998779297
13,2012-01-23,0.4293242637073024,0.43118894845301653,0.4347156220456933,0.42822975533732877,0.25478091634987904,0.0022700765432165926,0.0029591931156877638,0.005350843900282176,0.0032429488177082577,0.014649229705887695,75.39522552490234
14,2012-01-24,0.42737848823126706,0.43086464738583524,0.4329320280303005,0.42624346542318475,0.20288837556157804,-0.0019457754760353607,-0.00032430106718128737,-0.0017835940153927976,-0.0019862899141440127,-0.051892540788300995,75.33851623535156
15,2012-01-25,0.4296890792125923,0.4420527867871716,0.4429851136965027,0.4296485338474316,0.38739882500591133,0.0023105909813252445,0.011188139401336339,0.010053085666202166,0.003405068424246871,0.18451044944433329,77.2947769165039
16,2012-01-26,0.4548623696703102,0.4512140599821514,0.4621184436814672,0.4487413184672356,0.6744029538551083,0.02517329045771788,0.009161273194979835,0.01913332998496453,0.01909278461980396,0.28700412884919696,78.89667510986328
17,2012-01-27,0.4480522018947644,0.4510924548137214,0.45393004276097915,0.44456604274019623,0.28502155368413395,-0.006810167775545772,-0.00012160516843001679,-0.00818840092048806,-0.0041752757270393515,-0.38938140017097433,78.87540435791016
18,2012-01-30,0.4459848212502991,0.44756578122104457,0.4489440143659868,0.42340587747592706,0.21711562596627804,-0.002067380644465322,-0.0035266735926768322,-0.004986028394992348,-0.02116016526426917,-0.06790592771785592,78.2587890625
19,2012-01-31,0.4511330001788821,0.4423365424891923,0.4540111025642485,0.44067452271517743,0.2767711307953946,0.0051481789285829915,-0.00522923873185227,0.005067088198261682,0.01726864523925037,0.05965550482911658,77.34442138671875
20,2012-02-01,0.4489440143659868,0.44801165652960373,0.4515383610493326,0.4456605511101698,0.24510813219592936,-0.0021889858128952833,0.005675114040411433,-0.0024727415149158882,0.004986028394992348,-0.03166299859946525,78.33672332763672
21,2012-02-02,0.44914671026473796,0.4472414801538633,0.4500384918089084,0.4453362500429886,0.18644937157823896,0.00020269589875115956,-0.0007701763757404501,-0.0014998692404241676,-0.00032430106718117635,-0.0586587606176904,78.20207977294922
22,2012-02-03,0.45470021913671965,0.46187523334460723,0.4647533357299737,0.4536057416937979,0.3719783917495771,0.005553508871981694,0.014633753190743948,0.014714843921065257,0.008269491650809313,0.18552902017133813,80.76084899902344
23,2012-02-06,0.4590376453973495,0.4612266312102448,0.46313186132111955,0.4572540513819567,0.1829644045908438,0.004337426260629829,-0.0006486021343624082,-0.0016214744088541289,0.0036483096881587684,-0.1890139871587333,80.6474380493164
24,2012-02-07,0.45826746902160903,0.46134823637867484,0.4625238045519177,0.45599739247839244,0.1869513814365485,-0.0007701763757404501,0.00012160516843001679,-0.0006080567692018368,-0.001256658903564245,0.003986976845704704,80.66870880126953
25,2012-02-08,0.4613887817438354,0.4622805942150578,0.46345616238830073,0.4589565855940802,0.15001364157223668,0.003121312722226377,0.0009323578363829577,0.0009323578363830132,0.0029591931156877638,-0.036937739864311814,80.83171844482422
26,2012-02-09,0.4636993727251607,0.45737565655038664,0.46471279036481306,0.45640275334884306,0.27523963695229087,0.0023105909813253,-0.0049049376646711496,0.0012566279765123256,-0.002553832245237142,0.1252259953800542,79.97408294677734
27,2012-02-10,0.44999797737079983,0.45299768492459613,0.4531192900930261,0.4472414801538633,0.23105913166845524,-0.013701395354360879,-0.004377971625790511,-0.01159350027178696,-0.00916127319497978,-0.04418050528383563,79.20854949951172
28,2012-02-13,0.4568486595844543,0.46090233014306364,0.46155093227742605,0.4527139292225756,0.2074392040597319,0.00685068221365448,0.00790464521846751,0.008431642184399957,0.005472449068712304,-0.023619927608723335,80.59071350097656
29,2012-02-14,0.45936194646453077,0.4639425830620207,0.46406421915750257,0.4589160402289196,0.23372560432165007,0.0025132868800764596,0.0030402529189570426,0.002513286880076515,0.006202111006343991,0.02628640026191817,81.12234497070312
30,2012-02-15,0.46410473359561116,0.45615954301198314,0.46495600070167303,0.4537678922273885,0.29836483020789756,0.004742787131080395,-0.0077830400500375485,0.0008917815441704668,-0.005148148001531072,0.06463922588624749,79.76142883300781
31,2012-02-16,0.45692975031477556,0.46195629314787656,0.4623211395802184,0.455592031607942,0.19850852143545716,-0.007174983280835601,0.005796750135893425,-0.0026348611214546125,0.00182413938055348,-0.0998563087724404,80.77501678466797
32,2012-02-17,0.46365882735999997,0.461915747782716,0.4641452789607719,0.4581863782912878,0.15627785154331653,0.0067290770452244075,-4.054536516057139e-05,0.00182413938055348,0.002594346683345794,-0.04223066989214064,80.7679443359375
33,2012-02-21,0.4641452789607719,0.46617211424007654,0.47200940974113065,0.4636993727251607,0.2735662707579258,0.00048645160077193106,0.00425636645736055,0.007864130780358747,0.005512994433872931,0.11728841921460925,81.5121841430664
34,2012-02-22,0.46519924196558493,0.46945557749589356,0.4720499241792394,0.4641452789607719,0.1820622419469252,0.00105396300481303,0.0032834632558170207,4.0514438108762985e-05,0.00044590623561119314,-0.09150402881100059,82.08629608154297
35,2012-02-23,0.469739333197914,0.47103650653958706,0.4720499241792394,0.46617211424007654,0.1842485312573892,0.004540091232329069,0.001580929043693502,0.0,0.0020268352793046396,0.0021862893104639958,82.36273193359375
36,2012-02-24,0.47140135297192887,0.47022578479868593,0.47407675945854405,0.4688880660918524,0.16273486240200805,0.0016620197740148668,-0.0008107217409011325,0.0020268352793046396,0.0027159518517758663,-0.02151366885538114,82.22095489501953
37,2012-02-27,0.46552351210571413,0.4687259155582617,0.4722526200779906,0.46434797485952306,0.17859910147510868,-0.005877840866214734,-0.001499869240424223,-0.0018241393805534245,-0.004540091232329346,0.01586423907310064,81.9587173461914
38,2012-02-28,0.46945557749589356,0.46925291252419427,0.4711175972699083,0.4669828359809777,0.14599028720056748,0.003932065390179429,0.000526996965932558,-0.0011350228080823088,0.0026348611214546125,-0.03260881427454121,82.05087280273438
39,2012-02-29,0.47075275083756635,0.4629697107875289,0.47184725920754006,0.4608212703397943,0.24665053929682243,0.001297173341672786,-0.006283201736665356,0.0007296619376317426,-0.006161565641183364,0.10066025209625495,80.95220184326172
40,2012-03-01,0.46483439553324307,0.4596457021665513,0.46771249791860936,0.45810531848801855,0.2715582313246876,-0.005918355304323275,-0.003324008620977592,-0.0041347612889306995,-0.0027159518517757553,0.024907692027865164,80.37103271484375
41,2012-03-02,0.4587133752572203,0.45599739247839244,0.46187523334460723,0.45320038082334735,0.19661325233270885,-0.006121020276022793,-0.0036483096881588795,-0.005837264574002132,-0.004904937664671205,-0.07494497899197874,79.73307800292969
42,2012-03-05,0.452186963183695,0.44626857695231964,0.4536057416937979,0.4439579859709944,0.30528747339893414,-0.006526412073525278,-0.009728815526072798,-0.008269491650809313,-0.009242394852352953,0.10867422106622529,78.03194427490234
43,2012-03-06,0.43199967019391755,0.42940532351057176,0.4343913519055641,0.4264461303948841,0.45947725495189073,-0.02018729298977745,-0.016863253441747883,-0.01921438978823381,-0.01751185557611029,0.1541897815529566,75.0833511352539
44,2012-03-07,0.43236451662625947,0.43893144313789334,0.4403097072098876,0.4309862525542652,0.26867713126830245,0.0003648464323419143,0.009526119627321583,0.005918355304323497,0.004540122159381099,-0.19080012368358829,76.74903869628906
45,2012-03-08,0.44424174167301494,0.44703878425511206,0.44817380706319443,0.4404718577434782,0.22449298823187036,0.01187722504675548,0.008107341117218725,0.007864099853306827,0.009485605189212987,-0.04418414303643209,78.16661071777344
46,2012-03-09,0.4494709804048672,0.44679557391825214,0.450322247510929,0.4450930397061286,0.2374179232070427,0.00522923873185227,-0.00024321033685992255,0.0021484404477345453,0.004621181962650434,0.01292493497517233,78.12411499023438
47,2012-03-12,0.44634966768264095,0.4416068805515604,0.44975473610688793,0.44055291754674747,0.23642481674821295,-0.003121312722226266,-0.0051886933666917545,-0.0005675114040410434,-0.004540122159381155,-0.0009931064588297456,77.21683502197266
48,2012-03-13,0.44480928400410813,0.4592808866612614,0.45960515680139064,0.4431067188649327,0.2938431037305153,-0.0015403836785328195,0.01767400610970099,0.009850420694502704,0.0025538013181852226,0.05741828698230236,80.30721282958984
49,2012-03-14,0.4589160402289196,0.4551055800071701,0.4598889125034113,0.4510113950104522,0.22484948798632204,0.014106756224811445,-0.004175306654091271,0.00028375570202066047,0.007904676145519485,-0.06899361574419327,79.57716369628906
50,2012-03-15,0.45757832152208594,0.4598889125034113,0.46001054859889323,0.4515383610493326,0.19340839229524,-0.001337718706833635,0.004783332496241188,0.00012163609548193621,0.0005269660388804165,-0.03144109569108203,80.41355895996094
51,2012-03-16,0.4621995034847365,0.4604159094693437,0.46313186132111955,0.45822692365644846,0.21011658997071608,0.004621181962650545,0.0005269969659323914,0.0031213127222263215,0.006688562607115867,0.016708197675476072,80.50565338134766
52,2012-03-19,0.4600916084021625,0.4610239662385455,0.4624832591867571,0.4571729606516355,0.1723021517306608,-0.002107895082573974,0.0006080567692018368,-0.0006486021343624637,-0.0010539630048129744,-0.03781443824005529,80.61200714111328
53,2012-03-20,0.45397055719908774,0.4489845597311475,0.4540111025642485,0.44797114209149513,0.2941814147219848,-0.006121051203074768,-0.012039406507398043,-0.008472156622508609,-0.009201818560140351,0.12187926299132398,78.50686645507812
54,2012-03-21,0.4493493752364373,0.44185009088842037,0.451376210515742,0.44185009088842037,0.2882918932683388,-0.004621181962650434,-0.007134468842727115,-0.0026348920485064764,-0.006121051203074768,-0.005889521453645963,77.25935363769531
55,2012-03-22,0.43487777257928395,0.4314321587898764,0.43755320999295105,0.42847296567418874,0.3437567071063497,-0.01447160265715336,-0.01041793209854397,-0.013823000522790951,-0.013377125214231622,0.055464813838010885,75.43772888183594
56,2012-03-23,0.4320807299971869,0.43710730375733986,0.4402691618447269,0.4288783574716912,0.2191745939358664,-0.0027970425820970646,0.0056751449674634635,0.0027159518517758663,0.00040539179750243015,-0.12458211317048329,76.43006134033203
57,2012-03-26,0.44103936914751923,0.4408366732487681,0.4446876479086262,0.4382828719305829,0.16627439567834992,0.008958639150332348,0.003729369491428214,0.004418486063899274,0.009404514458891733,-0.05290019825751649,77.08216094970703
58,2012-03-27,0.44055291754674747,0.438039630666671,0.44416068186974567,0.43730996872903916,0.1532003128467233,-0.0004864516007717645,-0.0027970425820970646,-0.0005269660388805275,-0.0009729032015437511,-0.013074082831626616,76.59308624267578
59,2012-03-28,0.43763426979622044,0.4226357011001866,0.43767481516138107,0.4197575987148201,0.37268411575328764,-0.002918647750527026,-0.015403929566484398,-0.006485866708364596,-0.017552370014219054,0.21948380290656433,73.8996353149414
60,2012-03-29,0.4200413544168408,0.42977013901586164,0.43078355665551393,0.4194738430127996,0.3025446079412139,-0.017592915379379626,0.007134437915675029,-0.006891258505867137,-0.00028375570202049394,-0.07013950781207373,75.14717102050781
61,2012-03-30,0.43252663623279813,0.4317969742951663,0.4334589940691811,0.4279865450004688,0.1738954873679041,0.012485281815957316,0.0020268352793046396,0.002675437413667159,0.00851270198766918,-0.1286491205733098,75.50152587890625
62,2012-04-02,0.4296485338474316,0.434756167410854,0.43755320999295105,0.42579755918757356,0.1895887520689718,-0.00287810238536651,0.0029591931156877083,0.004094215923769962,-0.0021889858128952278,0.01569326470106769,76.01898193359375
63,2012-04-03,0.4363370964545475,0.430540346318654,0.4381612358351009,0.42895941727496056,0.21200822132086797,0.006688562607115867,-0.004215821092199978,0.0006080258421498619,0.003161858087387004,0.022419469251896168,75.28182983398438
64,2012-04-04,0.4247030508175999,0.43074304221740534,0.43309414763683923,0.4229599712403158,0.20310300296476835,-0.011634045636947588,0.0002026958987513261,-0.005067088198261682,-0.005999446034644751,-0.008905218356099615,75.31725311279297
65,2012-04-05,0.42851351103934937,0.4291621131737119,0.4343102611752428,0.4272974284279977,0.16648538532894377,0.0038104602217494676,-0.0015809290436934464,0.0012161135384035626,0.004337457187681915,-0.03661761763582458,75.04082489013672
66,2012-04-09,0.4198386585180895,0.4198386585180895,0.4227573062686165,0.4167173457958631,0.23047709125302387,-0.00867485252125988,-0.009323454655622399,-0.011552954906626278,-0.010580082632134613,0.0639917059240801,73.41057586669922
67,2012-04-10,0.41971705334965953,0.4071101354382202,0.42020350495043135,0.404556334120035,0.33330180614416416,-0.00012160516842996127,-0.01272852307986927,-0.002553801318185167,-0.012161011675828115,0.10282471489114028,71.18494415283203
68,2012-04-11,0.41254203914177184,0.4124609793385025,0.41550123225745955,0.4073938911402408,0.2247439931610251,-0.007175014207887687,0.005350843900282287,-0.004702272692971798,0.0028375570202058276,-0.10855781298313905,72.12053680419922
69,2012-04-12,0.41416351355062603,0.431472704155037,0.431715914491897,0.41400136301703533,0.3264228159842849,0.0016214744088541844,0.019011724816534514,0.01621468223443745,0.006607471876794502,0.1016788228232598,75.44485473632812
70,2012-04-13,0.43033768134695477,0.4292431729769811,0.4334184487040205,0.4266082809284746,0.229964168136925,0.016174167796328742,-0.00222953117805591,0.0017025342121235187,0.012606917911439253,-0.09645864784735991,75.05496215820312
71,2012-04-16,0.43747211926262985,0.4326887867663886,0.4416879403548298,0.43033768134695477,0.24785827315884246,0.007134437915675085,0.003445613789407498,0.008269491650809258,0.0037294004184801888,0.01789410502191746,75.65747833251953
72,2012-04-17,0.4373910594593605,0.43945844010382584,0.4426608126293215,0.4326077269631194,0.19356481565688718,-8.105980326933437e-05,0.006769653337437231,0.0009728722744917206,0.0022700456161646176,-0.05429345750195527,76.8411636352539
73,2012-04-18,0.4363776418197082,0.4427013579944821,0.44480928400410813,0.4363776418197082,0.17722039324105568,-0.0010134176396523475,0.0032429178906562828,0.0021484713747866313,0.0037699148565887852,-0.016344422415831505,77.4081802368164
74,2012-04-19,0.4427013579944821,0.4352020736464652,0.44497140361064674,0.43118894845301653,0.20475090489095837,0.006323716174773952,-0.0074992843480169435,0.00016211960653861324,-0.0051886933666916435,0.027530511649902695,76.41879272460938
75,2012-04-20,0.436864062493428,0.4367019428868894,0.4403097072098876,0.43621549128611753,0.14604121573691772,-0.005837295501054107,0.001499869240424223,-0.004661696400759141,0.005026542833101,-0.05870968915404065,76.68217468261719
76,2012-04-23,0.43102679791942583,0.43333738890075113,0.4339049003047923,0.42612186025475485,0.19871587333345458,-0.005837264574002188,-0.0033645539861382745,-0.006404806905095317,-0.010093631031362682,0.05267465759653686,76.09139251708984
77,2012-04-24,0.434756167410854,0.43941789473866516,0.44099882378235866,0.4341481106416522,0.20746830608050346,0.0037293694914281583,0.00608050583791403,0.007093923477566377,0.00802625038689736,0.008752432747048872,77.15909576416016
78,2012-04-25,0.43313469300199986,0.4193116924792089,0.43418865600681283,0.4146905105165584,0.580159697338984,-0.0016214744088541289,-0.02010620225945625,-0.006810167775545828,-0.019457600125093788,0.3726913912584805,73.62857055664062
79,2012-04-26,0.4214601329269436,0.4231626671390671,0.4238112692734295,0.41752806753676425,0.26618163298714054,-0.01167456007505624,0.003850974659858175,-0.010377386733383342,0.0028375570202058276,-0.31397806435184344,74.30477905273438
80,2012-04-27,0.42559486328882223,0.42385178371153825,0.42583810455273413,0.4220276443309848,0.17050873970061295,0.0041347303618786135,0.0006891165724711712,0.0020268352793046396,0.004499576794220528,-0.09567289328652759,74.42577362060547
81,2012-04-30,0.4215411927302129,0.4165957097003812,0.42206818969614546,0.41570392815621077,0.19373215227632368,-0.004053670558609335,-0.0072560740111570765,-0.003769914856588674,-0.006323716174774008,0.023223412575710728,73.15164184570312
82,2012-05-01,0.4167578602339719,0.41392030321376605,0.4195549028160689,0.4124204339733418,0.20854508084905146,-0.004783332496241022,-0.0026754064866151284,-0.0025132868800765706,-0.00328349418286894,0.014812928572727785,72.68186950683594
83,2012-05-02,0.41177186276603134,0.41602819829633997,0.41639304472868194,0.4080019479094426,0.20444897142545335,-0.0049859974679405394,0.0021078950825739184,-0.0031618580873869484,-0.0044184860638992185,-0.0040961094235981155,73.052001953125
84,2012-05-03,0.4171227066663137,0.408083007712712,0.419068451215297,0.4073938911402408,0.22197566343512978,0.005350843900282343,-0.00794519058362797,0.002675406486615073,-0.0006080567692017813,0.017526692009676437,71.65689086914062
85,2012-05-04,0.40536705586093613,0.3990433396861621,0.4058940218998166,0.3972597147437174,0.3293984976081777,-0.011755650805377549,-0.009039668026549874,-0.013174429315480407,-0.01013417639652342,0.1074228341730479,70.06956481933594
86,2012-05-07,0.3959219960368839,0.3939762514879004,0.39807043648461854,0.39332764935353803,0.2635806398806817,-0.009445059824052249,-0.005067088198261738,-0.007823585415198064,-0.003932065390179373,-0.06581785772749599,69.17980194091797
87,2012-05-08,0.3925574420507456,0.39113866354064264,0.39300334828635686,0.3807207314420988,0.378748249331563,-0.0033645539861382745,-0.002837587947257747,-0.005067088198261682,-0.012606917911439253,0.11516760945088128,68.6815414428711
88,2012-05-09,0.3844501009335269,0.389111828261338,0.3944221577235116,0.38136933357646113,0.2813255970461449,-0.008107341117218725,-0.0020268352793046396,0.0014188094371547222,0.0006486021343623527,-0.09742265228541808,68.32566833496094
89,2012-05-10,0.39381410095430985,0.386882328010334,0.3947869732288016,0.3858283650055211,0.1812328343549355,0.00936400002078297,-0.0022295002510039907,0.00036481550528999485,0.004459031429059956,-0.1000927626912094,67.9341812133789
90,2012-05-11,0.38307186778858465,0.387125538347194,0.39194941620859575,0.3822611460476835,0.16485930991833245,-0.010742233165725201,0.00024321033685997806,-0.0028375570202058276,-0.00356721895783757,-0.01637352443660306,67.97686004638672
91,2012-05-14,0.3823827512161135,0.37942355810042583,0.3841663452315063,0.3788155013312241,0.18964695611051494,-0.0006891165724711712,-0.007701980246768159,-0.007783070977089468,-0.0034456447164594173,0.02478764619218249,66.62443542480469
92,2012-05-15,0.3804369757400782,0.37569418860899767,0.3837204699229471,0.3741132595653042,0.19297549973626293,-0.0019457754760353052,-0.0037293694914281583,-0.0004458753085591627,-0.004702241765919879,0.0033285436257479983,65.9695816040039
93,2012-05-16,0.3787344415279547,0.3723701799880201,0.38136933357646113,0.3717621232188183,0.21111333418214226,-0.0017025342121234632,-0.003324008620977592,-0.0023511363464859825,-0.002351136346485927,0.018137834445879325,65.38594055175781
94,2012-05-17,0.3689650806367212,0.3559122874167227,0.3714783675167977,0.35510153474876965,0.4618163298714055,-0.009769360891233536,-0.016457892571297372,-0.009890966059663442,-0.016660588470048643,0.25070299568926324,62.49600982666016
95,2012-05-18,0.3577769721624368,0.3594795063745603,0.3640601429720501,0.3568040689608931,0.314880226995762,-0.011188108474284364,0.00356721895783757,-0.007418224544747609,0.0017025342121234632,-0.14693610287564346,63.12239074707031
96,2012-05-21,0.36292512016396783,0.37285663158879195,0.3741538049304648,0.36207385305790607,0.24777824260172066,0.005148148001531017,0.013377125214231678,0.010093661958414712,0.005269784097012953,-0.06710198439404136,65.47134399414062
97,2012-05-22,0.37601848967617896,0.37087031074759585,0.3769103021474013,0.3684381145978407,0.26230015096673276,0.013093369512211128,-0.0019863208411960986,0.002756497216936493,0.006364261539934635,0.014521908365012104,65.12255096435547
98,2012-05-23,0.36689773091930794,0.37484292150293597,0.37614009484460886,0.36426283887080135,0.24258716964659233,-0.009120758756871017,0.003972610755340111,-0.000770207302792425,-0.0041752757270393515,-0.019712981320140432,65.82011413574219
99,2012-05-24,0.3767886660519194,0.3705865550455754,0.37682921141708,0.3655194668473137,0.2336019207333709,0.009890935132611467,-0.00425636645736055,0.0006891165724711157,0.0012566279765123256,-0.008985248913221416,65.07270812988281
100,2012-05-25,0.3704649498771454,0.3645871399379826,0.37159997268522776,0.36333048103441834,0.1686971389075829,-0.006323716174774008,-0.0059994151075928315,-0.005229238731852215,-0.0021889858128953388,-0.06490478182578802,64.01924896240234
101,2012-05-29,0.36969474257435303,0.37504558647463526,0.3807612768072594,0.3684381145978407,0.2997071609159861,-0.0007702073027923695,0.010458446536652677,0.009161304122031644,0.005107633563422365,0.1310100220084032,65.85570526123047
102,2012-05-30,0.36884347546829116,0.3655600122124743,0.3688840208334519,0.36280351499553787,0.23102639189508722,-0.0008512671060618704,-0.009485574262160956,-0.01187725597380751,-0.005634599602302837,-0.06868076902089887,64.19009399414062
103,2012-05-31,0.35842554336974725,0.35518262547909096,0.3587498444369285,0.34865621340556574,0.45000454719074556,-0.010417932098543914,-0.010377386733383342,-0.01013417639652342,-0.014147301589972128,0.21897815529565834,62.36788177490234
104,2012-06-01,0.34488629854897696,0.3466698925643697,0.35185861685811337,0.3434269746737134,0.34822386729478527,-0.013539244820770291,-0.008512732914721266,-0.006891227578815107,-0.005229238731852326,-0.10178067989596029,60.87311553955078
105,2012-06-04,0.34837245770354514,0.33750861936939,0.34841297214165384,0.33536017892165537,0.3569581112788519,0.0034861591545681803,-0.009161273194979724,-0.0034456447164595283,-0.008066795752058042,0.008734243984066636,59.26445007324219
106,2012-06-05,0.33653571616784633,0.3390895484130835,0.34375127574089465,0.33653571616784633,0.33514250895796577,-0.011836741535698803,0.001580929043693502,-0.0046616964007591966,0.0011755372461909608,-0.02181560232088614,59.54204177856445
107,2012-06-06,0.3434269746737134,0.3512911054540722,0.3512911054540722,0.34261622200576036,0.3078993797631823,0.006891258505867082,0.012201557040988742,0.0075398297131775704,0.00608050583791403,-0.027243129194783444,61.6845588684082
108,2012-06-07,0.3600470177786014,0.3532368500030556,0.36430338423596204,0.3523450375318332,0.28277342257953036,0.01662004310488796,0.0019457445489833858,0.013012278781889819,0.009728815526072854,-0.02512595718365196,62.02622985839844
109,2012-06-08,0.35198022202654333,0.35510153474876965,0.35538529045079026,0.3458997161886293,0.16002837447025228,-0.008066795752058042,0.0018646847457140514,-0.008918093785171777,-0.006445321343203914,-0.12274504810927808,62.35363006591797
110,2012-06-11,0.36158740145713425,0.34533220478458815,0.3626413644619472,0.3449268129870856,0.2341403081176449,0.009607179430590918,-0.009769329964181506,0.0072560740111569655,-0.0009729032015436956,0.07411193364739263,60.63819885253906
111,2012-06-12,0.3478860061027733,0.3528720344977657,0.3528720344977657,0.343589125207304,0.1917131995852962,-0.013701395354360935,0.0075398297131775704,-0.009769329964181506,-0.0013376877797816045,-0.04242710853234871,61.9621467590332
112,2012-06-13,0.3496290856800574,0.34573756565503866,0.35266933859901445,0.3432648241401228,0.302235398970516,0.0017430795772840901,-0.00713446884272706,-0.0002026958987512706,-0.00032430106718117635,0.11052219938521979,60.70939254760742
113,2012-06-14,0.345818625458308,0.34816976180479386,0.3496290856800574,0.34253516220249103,0.2227868822641372,-0.003810460221749412,0.002432196149755206,-0.0030402529189570426,-0.0007296619376317981,-0.07944851670637879,61.13647079467773
114,2012-06-15,0.35023714244925924,0.35238558289699384,0.3524666427002632,0.3473590400638928,0.23906582513323268,0.004418516990951249,0.004215821092199978,0.002837557020205772,0.00482387786140176,0.01627894286909548,61.87675476074219
115,2012-06-18,0.35003444655050797,0.3516153755942015,0.35303415410430433,0.34727794933357153,0.1717965041197548,-0.0002026958987512706,-0.0007702073027923695,0.0005675114040411544,-8.10907303212538e-05,-0.06726932101347788,61.74151611328125
116,2012-06-19,0.3549799295803397,0.3601280775818707,0.3639790831687808,0.3534800603399155,0.22753051164990268,0.004945483029831721,0.008512701987669236,0.010944929064476472,0.006202111006343991,0.05573400753014787,63.23628616333008
117,2012-06-20,0.35729052056166494,0.35335845517148556,0.35964165690815086,0.35064250331970975,0.34244711617162915,0.0023105909813252445,-0.0067696224103851455,-0.00433742626062994,-0.002837557020205772,0.11491660452172647,62.04758071899414
118,2012-06-21,0.35303415410430433,0.3444809376785264,0.3544934779795679,0.34391339534743326,0.3120609687335164,-0.004256366457360605,-0.008877517492959175,-0.0051481789285829915,-0.0067291079722764935,-0.030386147438112743,60.488731384277344
119,2012-06-22,0.3465888327611004,0.3443998469482051,0.34881836393915633,0.34395394071259394,0.23311446188544718,-0.006445321343203914,-8.109073032130931e-05,-0.005675114040411544,4.054536516068241e-05,-0.07894650684806923,60.47450256347656
120,2012-06-25,0.3403056310244351,0.3360087501289658,0.34042726711991705,0.3328874374067395,0.2688553811455283,-0.0062832017366653,-0.008391096819239274,-0.008391096819239274,-0.011066503305854458,0.03574091926008113,59.00109100341797
121,2012-06-26,0.33771128434108927,0.33536017892165537,0.338562551447151,0.33159026406506653,0.20336128339911602,-0.0025943466833458495,-0.0006485712073104333,-0.0018647156727660819,-0.0012971733416729525,-0.0654940977464123,58.88720703125
122,2012-06-27,0.33495478712415283,0.33341440344561996,0.33592769032569647,0.3312254176327247,0.26947016133432766,-0.0027564972169364377,-0.0019457754760354162,-0.0026348611214545015,-0.00036484643234185876,0.06610887793521164,58.545528411865234
123,2012-06-28,0.33102275266102543,0.33495478712415283,0.3352385428261734,0.3281851647137677,0.35344768002328164,-0.0039320344631273985,0.001540383678532875,-0.0006891474995230906,-0.003040252918956987,0.08397751868895398,58.81599426269531
124,2012-06-29,0.3418055002648593,0.34419718197650584,0.3443187871449358,0.33973811962039396,0.25658524163771623,0.010782747603833853,0.009242394852353009,0.00908024431876242,0.011552954906626278,-0.09686243838556541,60.43892288208008
125,2012-07-02,0.3459807759918986,0.33921115358151344,0.3465077729578311,0.3366168068981676,0.23356554320740647,0.004175275727039296,-0.004986028394992403,0.0021889858128952833,-0.003121312722226377,-0.023019698430309765,59.56339263916016
126,2012-07-03,0.3401029660527358,0.35048035278611916,0.35145322506061083,0.3400218753224145,0.15852598264792012,-0.005877809939162759,0.011269199204605729,0.004945452102779746,0.0034050684242469265,-0.07503956055948635,61.54220962524414
127,2012-07-05,0.3511694693585903,0.3518180714929527,0.35493938421517907,0.3471157987999809,0.2018079630404336,0.011066503305854458,0.001337718706833524,0.0034861591545682358,0.007093923477566377,0.04328198039251349,61.77708053588867
128,2012-07-06,0.34557541512144807,0.3429810684381022,0.34557541512144807,0.3398192103507152,0.25289656050492004,-0.00559405423714221,-0.008837003054850467,-0.009363969093730995,-0.007296588449265673,0.051088597464486435,60.225345611572266
129,2012-07-09,0.3402651165863264,0.33702216776861815,0.34192710543328925,0.3362925058309864,0.22885829134760544,-0.00531029853512166,-0.0059589006694840685,-0.003648309688158824,-0.003526704519728807,-0.024038269157314607,59.17901611328125
130,2012-07-10,0.3387247019807416,0.32538812213167057,0.34172444046158995,0.32072642573091137,0.5512904927335892,-0.0015404146055847945,-0.011634045636947588,-0.00020266497169929565,-0.015566080100075042,0.3224322013859838,57.13614273071289
131,2012-07-11,0.3264015397713229,0.3232396816839359,0.3272933522425453,0.3212533917697919,0.29771731024573017,-0.012323162209418703,-0.0021484404477346564,-0.014431088219044652,0.0005269660388805275,-0.25357318248785904,56.758914947509766
132,2012-07-12,0.3201589143268702,0.3228343208134854,0.32563136339558246,0.3171997212111825,0.3180705360228451,-0.0062426254444526985,-0.0004053608704505107,-0.0016619888469628363,-0.00405367055860939,0.020353225777114903,56.687747955322266
133,2012-07-13,0.32409094878999767,0.3326847415079882,0.33296849721000876,0.3224695053081955,0.27717855908619654,0.003932034463127454,0.009850420694502815,0.0073371338144263,0.005269784097013008,-0.04089197693664853,58.41740417480469
134,2012-07-16,0.3317929290367658,0.32895537201656005,0.3317929290367658,0.32510436642964996,0.1815165790574583,0.007701980246768159,-0.0037293694914281583,-0.0011755681732429357,0.002634861121454446,-0.09566198002873824,57.76253128051758
135,2012-07-17,0.33195507957035647,0.3320361703006777,0.3335765539792106,0.32409094878999767,0.2350970370505102,0.00016215053359064369,0.0030807982841176695,0.0017836249424447725,-0.001013417639652292,0.05358045799305189,58.30350112915039
136,2012-07-18,0.32644208513648354,0.33450888088854164,0.33787343487467986,0.3246584601940388,0.2712963131377435,-0.005512994433872931,0.0024727105878639133,0.004296880895469257,0.0005675114040411544,0.036199276087233306,59.11297225952149
137,2012-07-19,0.3362925058309864,0.33495478712415283,0.3380761307734311,0.3326036817047189,0.20429982356899906,0.00985042069450287,0.00044590623561119314,0.0002026958987512706,0.007945221510680056,-0.06699648956874443,59.1917610168457
138,2012-07-20,0.33211723010394706,0.328144619348607,0.3347115767872929,0.32696908210241604,0.21451827061241566,-0.0041752757270393515,-0.006810167775545828,-0.003364553986138219,-0.005634599602302837,0.010218447043416595,57.98831558227539
139,2012-07-23,0.3229154115438067,0.3306984515938442,0.33483318195572287,0.31938870702407784,0.27529420324123755,-0.009201818560140351,0.0025538322452371975,0.00012160516842996127,-0.007580375078338197,0.06077593262882189,58.43961334228516
140,2012-07-24,0.33544123872492465,0.33009039482464236,0.3376707699029806,0.32538812213167057,0.3194128667309336,0.012525827181117943,-0.0006080567692018368,0.002837587947257747,0.0059994151075927205,0.044118663489696064,58.33218002319336
141,2012-07-25,0.3450889635206762,0.33483318195572287,0.34638613686234915,0.3254692128619919,0.723086996853344,0.009647724795751544,0.004742787131080506,0.008715366959368531,8.109073032130931e-05,0.4036741301224104,59.17030334472656
142,2012-07-26,0.3398597247888239,0.3376707699029806,0.34314321897169286,0.3328063466764182,0.3688026337328798,-0.00522923873185227,0.002837587947257747,-0.0032429178906562828,0.0073371338144263,-0.3542843631204642,59.6717643737793
143,2012-07-27,0.33718431830220874,0.3492642701747675,0.3510478641901603,0.33252259097439757,0.40848323905491185,-0.002675406486615184,0.011593500271786905,0.007904645218467454,-0.00028375570202060496,0.03968060532203205,61.720481872558594
144,2012-07-30,0.35112895492048163,0.3473590400638928,0.3525477334305845,0.3445619974817957,0.23662125538842102,0.013944636618272888,-0.0019052301108747338,0.0014998692404241676,0.012039406507398154,-0.17186198366649083,61.38380432128906
145,2012-07-31,0.34768331020402204,0.3413595940292481,0.3500749919156686,0.3410758383272275,0.3344004074282908,-0.003445644716459584,-0.005999446034644695,-0.0024727415149158882,-0.0034861591545682358,0.09777915203986978,60.32358932495117
146,2012-08-01,0.3445619974817957,0.33503587785447414,0.3448457531838163,0.3344278210852723,0.3407191836883174,-0.0031213127222263215,-0.006323716174773952,-0.005229238731852326,-0.006648017241955184,0.006318776260026582,59.20613479614258
147,2012-08-02,0.3342656705516817,0.3369411079653488,0.34172444046158995,0.3328063466764182,0.29455974099201515,-0.010296326930114008,0.0019052301108746783,-0.0031213127222263215,-0.0016214744088541289,-0.04615944269630223,59.54280471801758
148,2012-08-03,0.342656767370921,0.344643057285065,0.34861566804040506,0.34079208262520694,0.2525073209771003,0.008391096819239274,0.007701949319716184,0.006891227578815107,0.007985735948788764,-0.042052420014914826,60.9038314819336
149,2012-08-06,0.34752119059748343,0.35003444655050797,0.35266933859901445,0.3465077729578311,0.23226322777787883,0.004864423226562442,0.00539138926544297,0.00405367055860939,0.005715690332624146,-0.02024409319922149,61.85657501220703
150,2012-08-07,0.35266933859901445,0.35356115107023683,0.35802018249929674,0.3516559209593621,0.220076756579785,0.005148148001531017,0.0035267045197288627,0.005350843900282287,0.005148148001531017,-0.012186471198093823,62.47980880737305
151,2012-08-08,0.3506019579545491,0.35356115107023683,0.35623655755685196,0.35003444655050797,0.22334345841139344,-0.002067380644465322,0.0,-0.0017836249424447725,-0.0016214744088541289,0.0032667018316084317,62.47980880737305
152,2012-08-09,0.35433135837302926,0.35834448356647797,0.3599254126101714,0.3536827562386668,0.24375125047745502,0.0037294004184801333,0.004783332496241133,0.003688855053319451,0.003648309688158824,0.02040779206606158,63.32509231567383
153,2012-08-10,0.3577769721624368,0.36053346937937325,0.36061452918264253,0.3552636852823603,0.2000873060623147,0.0034456137894075534,0.0021889858128952833,0.0006891165724711157,0.001580929043693502,-0.04366394441514032,63.71193313598633
154,2012-08-13,0.3601280775818707,0.35919575067253967,0.3618711571591548,0.35510153474876965,0.1965623237963586,0.0023511054194338965,-0.0013377187068335794,0.00125662797651227,-0.00016215053359064369,-0.0035249822659561003,63.475528717041016
155,2012-08-14,0.3627629696303772,0.3561960431187433,0.36341157176473965,0.3557501368831321,0.19955255643063716,0.0026348920485064764,-0.0029997075537963602,0.00154041460558485,0.0006486021343624637,0.0029902326342785557,62.9454460144043
156,2012-08-15,0.3536827562386668,0.35514208011393034,0.35562853171470216,0.3492642701747675,0.23082267774968623,-0.00908021339171039,-0.0010539630048129744,-0.007783040050037493,-0.006485866708364596,0.03127012131904908,62.75920486450195
157,2012-08-16,0.3556690461528108,0.35911465994221836,0.36008756314376206,0.35360169643539746,0.18113097728223504,0.0019862899141440127,0.003972579828288025,0.004459031429059901,0.00433742626062994,-0.049691700467451194,63.461204528808594
158,2012-08-17,0.36426283887080135,0.3648708956400032,0.3652357111452931,0.3611820405866837,0.2855090125320577,0.008593792717990545,0.005756235697784828,0.005148148001531017,0.007580344151286222,0.10437803524982264,64.4784164428711
159,2012-08-20,0.36377638727002953,0.3666139752172872,0.36677612575087787,0.3617090375526162,0.1926553775077757,-0.00048645160077182004,0.0017430795772840346,0.0015404146055847945,0.0005269969659325024,-0.09285363502428198,64.78643035888672
160,2012-08-21,0.3688840208334519,0.3660059184480855,0.3732619924592424,0.36462765437609124,0.26045217264773823,0.005107633563422365,-0.0006080567692017258,0.0064858667083645405,0.002918616823475051,0.06779679513996253,64.67902374267578
161,2012-08-22,0.36499250080843315,0.35964165690815086,0.3659653730829248,0.3552231399171996,0.32170465086669453,-0.0038915200250187465,-0.006364261539934635,-0.007296619376317592,-0.009404514458891622,0.0612524782189563,63.55432891845703
162,2012-08-23,0.35931735584096963,0.3552231399171996,0.35964165690815086,0.3532368500030556,0.1989632405100129,-0.005675144967463519,-0.004418516990951249,-0.006323716174773952,-0.0019862899141440127,-0.12274141035668162,62.77350997924805
163,2012-08-24,0.3523450375318332,0.3545745687098892,0.35570959151797144,0.35023714244925924,0.18112370177704215,-0.006972318309136416,-0.0006485712073104333,-0.003932065390179429,-0.0029997075537963602,-0.017839538732970756,62.65889358520508
164,2012-08-27,0.3553042306475209,0.3511694693585903,0.3567230091576238,0.3508046538533004,0.15545571945651976,0.0029591931156877083,-0.0034050993512989014,0.0010134176396523475,0.0005675114040411544,-0.025667982320522392,62.057167053222656
165,2012-08-28,0.3501155372808293,0.34865621340556574,0.35262879323385377,0.34812921643963324,0.17087251496025754,-0.0051886933666916435,-0.00251325595302454,-0.004094215923770017,-0.002675437413667159,0.015416795503737785,61.61301803588867
166,2012-08-29,0.34691313382828165,0.34898048354569494,0.34995338674723864,0.34233246630373976,0.31764491896906094,-0.003202403452547631,0.0003242701401292014,-0.0026754064866151284,-0.00579675013589348,0.1467724040088034,61.67034530639648
167,2012-08-30,0.34683204309796034,0.34241355703406107,0.3478860061027733,0.34237301166890044,0.1880754469888503,-8.109073032130931e-05,-0.006566926511633875,-0.002067380644465322,4.054536516068241e-05,-0.12956947198021065,60.50988006591797
168,2012-08-31,0.34529165941942747,0.3458997161886293,0.34837245770354514,0.3415217445628387,0.19939613306898998,-0.001540383678532875,0.0034861591545682358,0.00048645160077182004,-0.0008512671060617594,0.011320686080139697,61.12593460083008
169,2012-09-04,0.3446836026502257,0.33507642321963477,0.3450889635206762,0.33325225291202937,0.41061496207642917,-0.0006080567692017813,-0.010823292968994536,-0.00328349418286894,-0.008269491650809313,0.21121882900743918,59.21328353881836
170,2012-09-05,0.33483318195572287,0.33544123872492465,0.33677895743175823,0.3315091733347453,0.22680296113061352,-0.009850420694502815,0.0003648155052898838,-0.008310006088917965,-0.0017430795772840901,-0.18381200094581565,59.27774429321289
171,2012-09-06,0.33868418754263296,0.343710730375734,0.3442782417797751,0.33787343487467986,0.2540097127994325,0.0038510055869100945,0.008269491650809369,0.007499284348016888,0.006364261539934579,0.027206751668819,60.73908615112305
172,2012-09-07,0.3537233016038274,0.35712837002807435,0.35850663410006856,0.3516559209593621,0.38916677276778405,0.015039114061194458,0.01341763965234033,0.014228392320293437,0.013782486084682244,0.13515705996835153,63.1102180480957
173,2012-09-10,0.35647979882076386,0.35307469946946496,0.359276810475809,0.3529936396661957,0.2034085741828698,0.0027564972169364377,-0.00405367055860939,0.0007701763757404501,0.0013377187068335794,-0.18575819858491424,62.39387130737305
174,2012-09-11,0.3555068956192202,0.35915520530737904,0.361263131317005,0.35433135837302926,0.21381982211389802,-0.0009729032015436401,0.006080505837914085,0.0019863208411959876,0.0013377187068335794,0.010411247931028211,63.4683723449707
175,2012-09-12,0.3627629696303772,0.361263131317005,0.3658032225493342,0.35939844657129094,0.21886174721257207,0.0072560740111569655,0.002107926009625949,0.00454009123232918,0.005067088198261682,0.005041925098674044,63.84088516235352
176,2012-09-13,0.359276810475809,0.36758684749177895,0.36876241566502194,0.3579391226960274,0.28507611997308063,-0.0034861591545681803,0.006323716174773952,0.0029591931156877638,-0.0014593238752635407,0.06621437276050857,64.9583740234375
177,2012-09-14,0.373788958498123,0.3776804785231418,0.38218005531736227,0.37285663158879195,0.41381982211389806,0.014512148022313986,0.010093631031362849,0.01341763965234033,0.014917508892764553,0.12874370214081743,66.74205780029297
178,2012-09-17,0.37674815161381064,0.37289714602690055,0.3790181972299753,0.3718432139491396,0.29089288637479765,0.0029591931156876528,-0.004783332496241244,-0.0031618580873869484,-0.0010134176396523475,-0.12292693573910041,65.89681243896484
179,2012-09-18,0.3720053335556782,0.37727511765269117,0.37727511765269117,0.3720053335556782,0.23996435002455482,-0.004742818058132425,0.004377971625790622,-0.0017430795772841456,0.00016211960653861324,-0.05092853635024283,66.67047119140625
180,2012-09-19,0.37820747548907413,0.38080182217242,0.381977390345663,0.37622115464787825,0.24682878917404827,0.0062021419333959105,0.003526704519728807,0.004702272692971854,0.004215821092200034,0.006864439149493445,67.2936782836914
181,2012-09-20,0.3769508165855099,0.3751266772049565,0.3769508165855099,0.36989743847310425,0.25806580694446973,-0.001256658903564245,-0.0056751449674634635,-0.005026573760153141,-0.006323716174774008,0.011237017770421465,66.29080200195312
182,2012-09-21,0.37869389616279414,0.3718026685839789,0.37869389616279414,0.3703838900738761,0.3923789083104458,0.0017430795772842567,-0.003324008620977592,0.0017430795772842567,0.00048645160077187555,0.13431310136597607,65.70339965820312
183,2012-09-24,0.366654489655396,0.3683570547945714,0.37204587892083885,0.366654489655396,0.3130176976663817,-0.012039406507398154,-0.003445613789407498,-0.006648017241955295,-0.0037294004184801333,-0.0793612106440641,65.09447479248047
184,2012-09-25,0.35939844657129094,0.3527098839641751,0.3630062108942891,0.35266933859901445,0.5069681150984922,-0.007256043084105046,-0.01564717083039635,-0.009039668026549763,-0.01398515105638154,0.19395041743211044,62.32939147949219
185,2012-09-26,0.3522639777285639,0.3524666427002632,0.35643925345560323,0.347804946299504,0.32247949216973754,-0.00713446884272706,-0.0002432412639118975,-0.00656695743868585,-0.004864392299510467,-0.18448862292875462,62.28641128540039
186,2012-09-27,0.3560744070232614,0.3523450375318332,0.3565203132588725,0.3516559209593621,0.27593444769821207,0.0038104292946974927,-0.00012160516842996127,8.105980326927886e-05,0.0038509746598581196,-0.046545044471525465,62.26491165161133
187,2012-09-28,0.3500749919156686,0.3487778185739957,0.35100731882499964,0.3463050770590798,0.27353353098455774,-0.005999415107592776,-0.0035672189578375146,-0.005512994433872875,-0.005350843900282287,-0.002400916713654333,61.63455581665039
188,2012-10-01,0.35153431579093214,0.34646722759267046,0.35327739536821623,0.3455348697562874,0.2686480292475309,0.0014593238752635407,-0.0023105909813252445,0.0022700765432165926,-0.000770207302792425,-0.004885501737026843,61.226200103759766
189,2012-10-02,0.3471157987999809,0.34646722759267046,0.3483319123383845,0.34192710543328925,0.3208134014805653,-0.004418516990951249,0.0,-0.004945483029831721,-0.0036077643229981415,0.05216537223303441,61.226200103759766
190,2012-10-03,0.34662937812626105,0.34569702028987803,0.3471563441651416,0.3427378581012423,0.20315029374852217,-0.0004864206737198451,-0.000770207302792425,-0.0011755681732429357,0.0008107526679530519,-0.11766310773204314,61.090087890625
191,2012-10-04,0.3466698925643697,0.34845351750681447,0.35064250331970975,0.3453727192226968,0.1846850615689627,4.051443810865196e-05,0.0027564972169364377,0.0034861591545681803,0.0026348611214545015,-0.018465232179559476,61.57719802856445
192,2012-10-05,0.35206128182981267,0.3463050770590798,0.3540475717439567,0.34460254284695635,0.2381891267574892,0.00539138926544297,-0.0021484404477346564,0.0034050684242469265,-0.0007701763757404501,0.05350406518852652,61.19753646850586
193,2012-10-08,0.3443187871449358,0.3463456224242405,0.3478454607376127,0.3422514065004705,0.16488477418650757,-0.007742494684876866,4.054536516068241e-05,-0.006202111006343991,-0.0023511363464858714,-0.07330435257098164,61.2047004699707
194,2012-10-09,0.3474806452323228,0.3435485798421434,0.3492237248096069,0.34253516220249103,0.21137525236908639,0.003161858087387004,-0.00279704258209712,0.0013782640719942063,0.00028375570202054945,0.046490478182578815,60.710445404052734
195,2012-10-10,0.3400624206875752,0.33710325849893946,0.34200819616361056,0.33483318195572287,0.3868713508794267,-0.007418224544747609,-0.006445321343203914,-0.007215528645996339,-0.007701980246768159,0.17549609851034031,59.57144546508789
196,2012-10-11,0.3380355854082705,0.3358465995953752,0.33929221338478277,0.33341440344561996,0.2780625329671329,-0.002026835279304695,-0.001256658903564245,-0.0027159827788277857,-0.0014187785101029138,-0.1088088179122938,59.34936141967773
197,2012-10-12,0.336454656364577,0.33572499442694526,0.3409136877936369,0.3342656705516817,0.21871623710871424,-0.001580929043693502,-0.00012160516842996127,0.0016214744088541289,0.0008512671060617594,-0.05934629585841866,59.32789993286133
198,2012-10-15,0.3360898408592871,0.3356844490617846,0.3372653781054781,0.3328063466764182,0.2312628458138562,-0.0003648155052898838,-4.054536516068241e-05,-0.003648309688158824,-0.0014593238752635407,0.01254660870514196,59.32073211669922
199,2012-10-16,0.3388463071491716,0.3443998469482051,0.3447241480153863,0.3373059234706387,0.2525691627712399,0.0027564662898844627,0.008715397886420506,0.007458769909908236,0.004499576794220528,0.02130631695738372,60.860870361328125
200,2012-10-17,0.34707528436187224,0.3511694693585903,0.35173698076263143,0.3454132645878574,0.26697466305316575,0.008228977212700661,0.006769622410385201,0.0070128327472451235,0.008107341117218725,0.014405500281925832,62.057167053222656
201,2012-10-18,0.35015605171893793,0.35112895492048163,0.3548177790467491,0.34792655146793394,0.24786191091143892,0.0030807673570656946,-4.051443810865196e-05,0.0030807982841176695,0.002513286880076515,-0.019112752141726835,62.42472839355469
202,2012-10-19,0.3458997161886293,0.3399408155191452,0.3465077729578311,0.338440946278721,0.35920260463085907,-0.00425633553030863,-0.01118813940133645,-0.00831000608891802,-0.009485605189212931,0.11134069371942015,60.43564987182617
203,2012-10-22,0.3362114460277171,0.34488629854897696,0.3487778185739957,0.3335765539792106,0.6241765037559796,-0.009688270160912227,0.0049454830298317765,0.0022700456161646176,-0.004864392299510412,0.2649738991251205,61.31487655639648
204,2012-10-23,0.3401029660527358,0.3388057927110629,0.3410758383272275,0.33637359656130766,0.2726895723821823,0.0038915200250187465,-0.00608050583791403,-0.007701980246768214,0.0027970425820970646,-0.3514869313737973,60.2338752746582
205,2012-10-24,0.34079208262520694,0.33536017892165537,0.3410758383272275,0.33450888088854164,0.2004037905382055,0.0006891165724711157,-0.0034456137894075534,0.0,-0.0018647156727660263,-0.07228578184397677,59.6213264465332
206,2012-10-25,0.3380355854082705,0.33860309681231165,0.3386436421774723,0.33386030968123115,0.21765765110314847,-0.0027564972169364377,0.0032429178906562828,-0.002432196149755206,-0.0006485712073104888,0.017253860564942963,60.19782257080078
207,2012-10-26,0.33840043184061236,0.3415217445628387,0.3418055002648593,0.33742752863906866,0.2606558867931392,0.00036484643234185876,0.002918647750527026,0.003161858087387004,0.0035672189578375146,0.042998235689990755,60.71671676635742
208,2012-10-31,0.3467104379295304,0.3437917901790033,0.3482913669732238,0.34233246630373976,0.21515851506939013,0.00831000608891802,0.0022700456161646176,0.0064858667083645405,0.004904937664671094,-0.0454973717237491,61.12030792236328
209,2012-11-01,0.3454538099530181,0.3553042306475209,0.35615549775358263,0.3445619974817957,0.3110278469961258,-0.00125662797651227,0.011512440468517626,0.007864130780358802,0.0022295311780559657,0.09586933192673566,63.16701126098633
210,2012-11-02,0.35870929907176785,0.34776440093434335,0.3587498444369285,0.3473995545020015,0.2539878862838538,0.013255489118749741,-0.0075398297131775704,0.0025943466833458495,0.002837557020205772,-0.057039960712271964,61.8265495300293
211,2012-11-05,0.3480076112712033,0.35173698076263143,0.35177752612779206,0.3469536482663903,0.1471325415158515,-0.010701687800564574,0.003972579828288081,-0.006972318309136416,-0.00044590623561119314,-0.10685534476800232,62.53280258178711
212,2012-11-06,0.3540881171091173,0.357047310224805,0.35915520530737904,0.35388545213741807,0.25642154277087614,0.00608050583791403,0.00531032946217358,0.007377679179586982,0.006931803871027764,0.10928900125502464,63.47690200805664
213,2012-11-07,0.35157486115609277,0.344643057285065,0.35360169643539746,0.34391339534743326,0.2986303861474381,-0.00251325595302454,-0.012404252939740013,-0.005553508871981583,-0.009972056789984807,0.042208843376561944,61.27165222167969
214,2012-11-08,0.3452105996161582,0.33913009377824416,0.3455348697562874,0.338562551447151,0.22701758853380383,-0.006364261539934579,-0.005512963506820845,-0.008066826679110073,-0.005350843900282287,-0.07161279761363426,60.29153823852539
215,2012-11-09,0.336454656364577,0.34435930158304445,0.34573756565503866,0.33604929549412643,0.26490841957838446,-0.008755943251581189,0.0052292078048002955,0.0002026958987512706,-0.00251325595302454,0.03789083104458063,61.22117233276367
216,2012-11-12,0.3422919518656311,0.34529165941942747,0.34687258846312097,0.3414406847595694,0.21100783935684533,0.005837295501054107,0.0009323578363830132,0.0011350228080823088,0.00539138926544297,-0.053900580221539124,61.38694763183594
217,2012-11-13,0.3434269746737134,0.33750861936939,0.34529165941942747,0.3371437729370481,0.27993597555430255,0.0011350228080823088,-0.007783040050037493,-0.001580929043693502,-0.004296911822521288,0.06892813619745722,60.00323867797852
218,2012-11-14,0.3401029660527358,0.3287526761178088,0.3401029660527358,0.32786086364658645,0.30909983812000946,-0.003324008620977592,-0.008755943251581189,-0.0051886933666916435,-0.00928290929046166,0.02916386256570691,58.44660186767578
219,2012-11-15,0.32976609375746113,0.3295634287857619,0.3347115767872929,0.3263204799680536,0.28354826388257337,-0.01033687229527469,0.0008107526679531074,-0.005391389265442914,-0.001540383678532875,-0.025551574237436092,58.59074020385742
220,2012-11-16,0.32984718448778244,0.33211723010394706,0.33325225291202937,0.32494224682311135,0.29287182378726423,8.109073032130931e-05,0.002553801318185167,-0.0014593238752635407,-0.0013782331449422314,0.009323559904690859,59.04477310180664
221,2012-11-19,0.33795452560500117,0.3389679432446535,0.3398597247888239,0.3370627131337788,0.20643518434311284,0.008107341117218725,0.006850713140706455,0.006607471876794557,0.012120466310667433,-0.08643663944415139,60.262691497802734
222,2012-11-20,0.33929221338478277,0.3377923750714106,0.3395759690868033,0.3347926365905622,0.20138234598664945,0.0013376877797816045,-0.0011755681732429357,-0.00028375570202060496,-0.0022700765432165926,-0.0050528383564633905,60.0537223815918
223,2012-11-21,0.3362519604658257,0.33665735226332827,0.33945436391837336,0.33503587785447414,0.16432092253405847,-0.0030402529189570426,-0.0011350228080823088,-0.00012160516842996127,0.000243241263911953,-0.037061423452590975,59.85190582275391
224,2012-11-23,0.3389679432446535,0.3411569290575488,0.34127853422597876,0.33746807400422935,0.09689881591152985,0.0027159827788277857,0.004499576794220528,0.0018241703076053994,0.002432196149755206,-0.06742210662252862,60.6518669128418
225,2012-11-26,0.33973811962039396,0.34314321897169286,0.3437917901790033,0.33973811962039396,0.1542698121100784,0.0007701763757404501,0.001986289914144068,0.00251325595302454,0.0022700456161646176,0.057370996198548546,61.00498580932617
226,2012-11-27,0.34253516220249103,0.340548872288347,0.34504844908256754,0.3401029660527358,0.15262554793648483,0.0027970425820970646,-0.0025943466833458495,0.001256658903564245,0.00036484643234185876,-0.0016442641735935626,60.54376602172852
227,2012-11-28,0.33900845768276217,0.3443187871449358,0.3449268129870856,0.336454656364577,0.17769330107859366,-0.0035267045197288627,0.0037699148565887852,-0.00012163609548193621,-0.003648309688158824,0.025067753142108823,61.2140007019043
228,2012-11-29,0.3467915286598517,0.3496290856800574,0.3505614435164405,0.3465077729578311,0.2854289819749359,0.0077830709770895234,0.005310298535121605,0.005634630529354867,0.010053116593254086,0.10773568089634222,62.15806198120117
229,2012-11-30,0.34995338674723864,0.3455348697562874,0.35003444655050797,0.3446836026502257,0.206020480547118,0.0031618580873869484,-0.004094215923770017,-0.0005269969659325024,-0.0018241703076053994,-0.07940850142781788,61.430206298828125
230,2012-12-03,0.3482913669732238,0.3424946168373304,0.3482913669732238,0.3422514065004705,0.17148729514905692,-0.0016620197740148113,-0.003040252918956987,-0.0017430795772841456,-0.002432196149755206,-0.03453318539806108,60.88967514038086
231,2012-12-04,0.3407110228219376,0.3411569290575488,0.3443998469482051,0.33949490928353404,0.1625493370195893,-0.007580344151286222,-0.0013376877797816045,-0.0038915200250187465,-0.0027564972169364377,-0.008937958129467627,60.6518669128418
232,2012-12-05,0.3430216138032629,0.34881836393915633,0.35092625902173036,0.34281891790451163,0.31300678440859236,0.0023105909813253,0.007661434881607532,0.006526412073525278,0.003324008620977592,0.15045744738900307,62.013916015625
233,2012-12-06,0.34792655146793394,0.34841297214165384,0.34995338674723864,0.34488629854897696,0.15032285054293457,0.0049049376646710385,-0.00040539179750248566,-0.0009728722744917206,0.002067380644465322,-0.1626839338656578,61.941871643066406
234,2012-12-07,0.35145322506061083,0.35262879323385377,0.3548988697770704,0.3507235631229791,0.2669091835064297,0.0035266735926768877,0.004215821092199923,0.0049454830298317765,0.005837264574002132,0.11658633296349516,62.691349029541016
235,2012-12-10,0.351899131296222,0.35360169643539746,0.3544934779795679,0.35015605171893793,0.15775477909747357,0.00044590623561119314,0.0009729032015436956,-0.0004053917975025412,-0.0005675114040411544,-0.10915440440895616,62.86432647705078
236,2012-12-11,0.35510153474876965,0.354007057305848,0.35737161129198625,0.35283148913260504,0.19540551847068882,0.003202403452547631,0.00040536087045056624,0.002878133312418374,0.0026754374136671033,0.03765073937321525,62.9363899230957
237,2012-12-12,0.3562771029220126,0.3565203132588725,0.35984432187985016,0.3545340233447285,0.2580367049236981,0.0011755681732429357,0.0025132559530244847,0.0024727105878639133,0.0017025342121234632,0.0626311864530093,63.38322067260742
238,2012-12-13,0.356114952388422,0.3581823330328873,0.36203330769274544,0.35599334721999204,0.22190290838320087,-0.00016215053359058818,0.0016620197740148113,0.0021889858128952833,0.0014593238752635407,-0.036133796540497254,63.67869186401367
239,2012-12-14,0.3581417876677267,0.3607766797162332,0.36280351499553787,0.35802018249929674,0.2134051183179032,0.002026835279304695,0.0025943466833458495,0.000770207302792425,0.002026835279304695,-0.008497790065297661,64.1399154663086
240,2012-12-17,0.3617900973558855,0.363371026399579,0.36357372229833024,0.3603713188457826,0.22164099019625674,0.003648309688158824,0.0025943466833458495,0.0007702073027923695,0.0023511363464858714,0.008235871878353535,64.60115814208984
241,2012-12-18,0.363492631568009,0.3679516629970689,0.3692488363387418,0.363492631568009,0.24203059349933612,0.0017025342121234632,0.004580636597489862,0.005675114040411544,0.003121312722226377,0.020389603303079373,65.4155044555664
242,2012-12-19,0.368519205328162,0.36803275372739014,0.37224857481959006,0.3678300578286388,0.2570363229596755,0.00502657376015303,8.10907303212538e-05,0.0029997384808482797,0.004337426260629829,0.015005729460339373,65.42993927001953
243,2012-12-20,0.364424989404392,0.36280351499553787,0.365357316313723,0.35931735584096963,0.25077211298859564,-0.004094215923770017,-0.00522923873185227,-0.006891258505867082,-0.00851270198766918,-0.006264209971079848,64.87179565429688
244,2012-12-21,0.35469617387831914,0.35631764828717327,0.3574526710952556,0.3505614435164405,0.3902508230415249,-0.009728815526072854,-0.006485866708364596,-0.007904645218467399,-0.008755912324529158,0.13947871005292928,63.712100982666016
245,2012-12-24,0.35473671924347977,0.3546151140750498,0.35603389258515267,0.3533179407333769,0.08463958966150711,4.05453651606269e-05,-0.0017025342121234632,-0.0014187785101029138,0.0027564972169364377,-0.30561123338001783,63.40767288208008
246,2012-12-26,0.35538529045079026,0.35538529045079026,0.3594795063745603,0.3549799295803397,0.11772131177358627,0.0006485712073104888,0.0007701763757404501,0.003445613789407609,0.0016619888469627808,0.03308172211207916,63.54538345336914
247,2012-12-27,0.3561960431187433,0.35534477601268155,0.3583850289316386,0.350845199218461,0.1438294621582786,0.0008107526679530519,-4.0514438108707473e-05,-0.001094477442921682,-0.004134730361878669,0.02610815038469233,63.53812789916992
248,2012-12-28,0.35303415410430433,0.351899131296222,0.35510153474876965,0.3514127106225022,0.12038050892158825,-0.003161889014438979,-0.0034456447164595283,-0.00328349418286894,0.0005675114040411544,-0.023448953236690356,62.92202758789063
249,2012-12-31,0.351899131296222,0.36324942123114906,0.36401962853394143,0.35133161989218087,0.2623910947816439,-0.0011350228080823088,0.011350289934927038,0.008918093785171777,-8.109073032130931e-05,0.14201058586005566,64.9515151977539
250,2013-01-02,0.3767886660519194,0.3790181972299753,0.3828286574517247,0.3767886660519194,0.42161552592808166,0.024889534755697384,0.015768775998826257,0.018809028917783244,0.02545704615973854,0.15922443114643775,67.77111053466797
251,2013-01-03,0.377883174421893,0.38266650691813414,0.3850581577027286,0.37654545571505943,0.3393659397224395,0.0010945083699736013,0.003648309688158824,0.0022295002510039352,-0.00024321033685997806,-0.08224958620564216,68.4234619140625
252,2013-01-04,0.3833556234906052,0.38477440200070817,0.38477440200070817,0.3812071830428706,0.2058458684224886,0.005472449068712193,0.0021078950825740295,-0.00028375570202043843,0.0046617273278111715,-0.13352007129995092,68.80034637451172
253,2013-01-07,0.3833556234906052,0.38594997017395105,0.38781465491966516,0.38266650691813414,0.19530366139798833,0.0,0.0011755681732428802,0.003040252918956987,0.0014593238752635407,-0.01054220702450026,69.01057434082031
254,2013-01-08,0.3837609843610558,0.38104503250927996,0.3858689103706817,0.37930195293199587,0.20429982356899906,0.00040536087045062175,-0.004904937664671094,-0.0019457445489834413,-0.0033645539861382745,0.008996162171010735,68.13349151611328
255,2013-01-09,0.3814503933797305,0.3828286574517247,0.3841663452315063,0.3814503933797305,0.1289983448225686,-0.0023105909813253,0.001783624942444717,-0.0017025651391754382,0.0021484404477346564,-0.07530147874643045,68.45242309570312
256,2013-01-10,0.38554460930350054,0.3854230041350705,0.3858689103706817,0.381977390345663,0.16720566034304007,0.004094215923770017,0.0025943466833458495,0.0017025651391754382,0.0005269969659325024,0.03820731552047146,68.91632843017578
257,2013-01-11,0.38331507812544463,0.3858689103706817,0.38667963211158285,0.3815314841100519,0.1560050200985831,-0.00222953117805591,0.00044590623561119314,0.0008107217409011325,-0.0004459062356111376,-0.011200640244456966,68.9960708618164
258,2013-01-14,0.38639587640956224,0.38359883382746507,0.3870444785439247,0.3816530892784818,0.13408028519980356,0.003080798284117614,-0.002270076543216648,0.00036484643234185876,0.00012160516842990576,-0.021924734898779552,68.59014892578125
259,2013-01-15,0.3818962996153417,0.38781465491966516,0.3884632570540275,0.38177469444691176,0.17424107386456647,-0.004499576794220528,0.004215821092200089,0.0014187785101028028,0.00012160516842996127,0.040160788664762914,69.34395599365234
260,2013-01-16,0.38550406393833986,0.3858689103706817,0.38781465491966516,0.3844095864954182,0.13858746066680006,0.0036077643229981415,-0.0019457445489834413,-0.0006486021343623527,0.002634892048506421,-0.035653613197766415,68.9960708618164
261,2013-01-17,0.38797680545325575,0.3879362600880951,0.3903279417997417,0.38546351857317923,0.17548882300514743,0.0024727415149158882,0.0020673497174134026,0.002513286880076515,0.001053932077761055,0.03690136233834737,69.36573028564453
262,2013-01-18,0.3908954532037828,0.39571933106518464,0.39571933106518464,0.38951718913178857,0.3030575310573128,0.002918647750527026,0.0077830709770895234,0.00539138926544297,0.004053670558609335,0.12756870805216539,70.75739288330078
263,2013-01-22,0.3907333026701922,0.3961246919356351,0.3961652373007958,0.3893550695252499,0.3030284290365412,-0.00016215053359058818,0.0004053608704504552,0.0004459062356111376,-0.00016211960653866875,-2.9102020771609727e-05,70.82987213134766
264,2013-01-23,0.39515181966114343,0.39259798741590624,0.3961246919356351,0.3915845697762539,0.18083268156932647,0.004418516990951249,-0.0035267045197288627,-4.054536516068241e-05,0.0022295002510039907,-0.12219574746721473,70.1992416381836
265,2013-01-24,0.3891523736264987,0.3915845697762539,0.3962057517389044,0.3891523736264987,0.2115826042670838,-0.005999446034644751,-0.0010134176396523475,8.105980326927886e-05,-0.002432196149755206,0.030749922697757337,70.01806640625
266,2013-01-25,0.3888280725593175,0.38744983941437516,0.390287396434581,0.3837204699229471,0.32385820040379054,-0.00032430106718117635,-0.0041347303618787246,-0.005918355304323386,-0.005431903703551566,0.11227559613670673,69.27873229980469
267,2013-01-28,0.3975029250805774,0.39503018356566155,0.4002594222975137,0.3908954532037828,0.5819494716164354,0.00867485252125988,0.007580344151286389,0.00997202586293272,0.007174983280835656,0.25809127121264486,70.63416290283203
268,2013-01-29,0.39693541367653623,0.3996919108934726,0.40212410704322793,0.3961246919356351,0.2532566980119682,-0.0005675114040411544,0.0046617273278110605,0.001864684745714218,0.005229238731852326,-0.3286927736044672,71.46770477294922
269,2013-01-30,0.4006242687298556,0.3998946067922239,0.40115123476873615,0.39827313238336975,0.20666072500409247,0.0036888550533193953,0.0002026958987512706,-0.0009728722744917762,0.0021484404477346564,-0.04659597300787574,71.50396728515625
270,2013-01-31,0.3972191693785567,0.3988406437874109,0.4001378171290838,0.3968543538732669,0.260263009512723,-0.0034050993512989014,-0.0010539630048129744,-0.0010134176396523475,-0.0014187785101028583,0.053602284508630554,71.31550598144531
271,2013-02-01,0.4013133853023268,0.40329967521647075,0.40415094232253257,0.4011106894035756,0.22330344313283254,0.004094215923770073,0.004459031429059845,0.004013125193448763,0.004256335530308686,-0.03695956637989048,72.1128158569336
272,2013-02-04,0.40034051302783513,0.3983136777485305,0.4007864192634463,0.3968948992384275,0.20971643718510705,-0.0009728722744916651,-0.004985997467940262,-0.003364523059086244,-0.004215790165148059,-0.013587005947725495,71.22127532958984
273,2013-02-05,0.3996108510902033,0.3990433396861621,0.4017187461727773,0.39855688808539036,0.15198530347951036,-0.0007296619376318536,0.0007296619376316316,0.0009323269093309827,0.0016619888469628363,-0.05773113370559668,71.35176086425781
274,2013-02-06,0.396732748704837,0.39604360120531384,0.40029996766267445,0.39466536806037156,0.16332054057003584,-0.002878102385366288,-0.0029997384808482797,-0.0014187785101028583,-0.003891520025018802,0.011335237090525474,70.81537628173828
275,2013-02-07,0.3949085783972316,0.3895982798621099,0.39790831687807987,0.38594997017395105,0.2259080739918878,-0.0018241703076053994,-0.006445321343203969,-0.002391650784594579,-0.008715397886420506,0.06258753342185197,69.66289520263672
276,2013-02-08,0.38955773449694925,0.39259798741590624,0.3952328794644127,0.38955773449694925,0.14311646264937522,-0.005350843900282343,0.0029997075537963602,-0.002675437413667159,0.003607764322998197,-0.08279161134251259,70.1992416381836
277,2013-02-11,0.39304389365151743,0.3915845697762539,0.39316549881994733,0.39036848716490224,0.09964531912184653,0.0034861591545681803,-0.0010134176396523475,-0.0020673806444653775,0.0008107526679529964,-0.04347114352752869,70.01806640625
278,2013-02-12,0.39186832547827455,0.39409785665633046,0.39486806395912283,0.39186832547827455,0.15093035522654105,-0.0011755681732428802,0.0025132868800765706,0.0017025651391754937,0.0014998383133723037,0.05128503610469452,70.46746063232422
279,2013-02-13,0.39357085969039796,0.3906927573050315,0.3952328794644127,0.389233433429768,0.13526983029884138,0.0017025342121234077,-0.003405099351298957,0.0003648155052898838,-0.002634892048506532,-0.015660524927699676,69.85858917236328
280,2013-02-14,0.38939558396335866,0.3894361293285193,0.3919088708434351,0.3878552002848258,0.13046072136633988,-0.004175275727039296,-0.0012566279765122146,-0.003324008620977592,-0.0013782331449422314,-0.004809108932501499,69.63389587402344
281,2013-02-15,0.39020633663131177,0.3875714445828052,0.3908549078386222,0.3862742712411323,0.1592317066516306,0.0008107526679531074,-0.001864684745714107,-0.001053963004812919,-0.001580929043693502,0.028770985285290734,69.30048370361328
282,2013-02-19,0.38809841062168565,0.38753089921764455,0.3906522428669229,0.38562566910676976,0.15892613543352915,-0.0021079260096261154,-4.05453651606269e-05,-0.00020266497169929565,-0.0006486021343625192,-0.00030557121810145804,69.2932357788086
283,2013-02-20,0.38509870306788935,0.377883174421893,0.38550406393833986,0.37719405784942184,0.31178449953618653,-0.0029997075537963047,-0.009647724795751544,-0.005148178928583047,-0.008431611257347926,0.15285836410265738,67.56816864013672
284,2013-02-21,0.37601848967617896,0.37103246128118655,0.37614009484460886,0.3671409412561678,0.2616780952727405,-0.00908021339171039,-0.006850713140706455,-0.009363969093730995,-0.01005311659325403,-0.050106404263446036,66.34320068359375
285,2013-02-22,0.37289714602690055,0.3710730066463472,0.37492398130620525,0.3690867167322031,0.2128740064388221,-0.0031213436492784075,4.05453651606269e-05,-0.0012161135384036181,0.0019457754760353052,-0.0488040888339184,66.35043334960938
286,2013-02-25,0.37216748408926886,0.36142528185059564,0.3738295038632836,0.3611009807834144,0.2742974590298114,-0.0007296619376316871,-0.009647724795751544,-0.0010944774429216264,-0.007985735948788708,0.0614234525909893,64.6253662109375
287,2013-02-26,0.36316833050082775,0.36462765437609124,0.36564107201574364,0.3587498444369285,0.25879699521635535,-0.008999153588441111,0.0032023725254956004,-0.008188431847539979,-0.002351136346485927,-0.015500463813456045,65.19798278808594
288,2013-02-27,0.36507356061170243,0.3739511090317136,0.3743970152673248,0.36507356061170243,0.22362356536131978,0.0019052301108746783,0.009323454655622343,0.008755943251581133,0.006323716174773952,-0.035173429855035576,66.86503601074219
289,2013-02-28,0.37492398130620525,0.3744375606324855,0.3776399640850331,0.3738700492284443,0.1981301951654268,0.009850420694502815,0.00048645160077193106,0.0032429488177083132,0.008796488616741871,-0.025493370195892984,66.9520492553711
290,2013-03-01,0.3710730066463472,0.37034334470871544,0.37277554085847064,0.365357316313723,0.17913748885938266,-0.003850974659858064,-0.004094215923770073,-0.004864423226562442,-0.008512732914721322,-0.018992706306044133,66.219970703125
291,2013-03-04,0.3673030917897584,0.36381693263519016,0.36787060319379955,0.3615468870190256,0.23101547863729788,-0.0037699148565887852,-0.006526412073525278,-0.004904937664671094,-0.0038104292946973817,0.05187798977791522,65.05300903320312
292,2013-03-05,0.3668166401889865,0.36568161738090427,0.3700190436415342,0.3647898049096819,0.19471070772476765,-0.00048645160077187555,0.001864684745714107,0.0021484404477346564,0.0032429178906562828,-0.03630477091253023,65.38642883300781
293,2013-03-06,0.36876241566502194,0.363371026399579,0.3690867167322031,0.362438699490248,0.2595863875297841,0.0019457754760354162,-0.0023105909813252445,-0.0009323269093310937,-0.0023511054194338965,0.06487567980501643,64.97329711914062
294,2013-03-07,0.364424989404392,0.36341157176473965,0.3664518246836967,0.3618711571591548,0.1723639935248004,-0.00433742626062994,4.05453651606269e-05,-0.002634892048506421,-0.0005675423310931849,-0.08722239400498369,64.98052978515625
295,2013-03-08,0.36657342985212665,0.36689773091930794,0.3677489980253696,0.3648708956400032,0.18497608177667837,0.0021484404477346564,0.0034861591545682913,0.001297173341672897,0.0029997384808483907,0.012612088251877984,65.60388946533203
296,2013-03-11,0.3668166401889865,0.36961368277108364,0.37099191591602587,0.3652357111452931,0.17629640408155842,0.00024321033685986704,0.0027159518517756998,0.0032429178906562828,0.0003648155052898838,-0.008679677695119958,66.08949279785156
297,2013-03-12,0.36953262296781436,0.36377638727002953,0.36953262296781436,0.3623981541250873,0.23984794194146855,0.0027159827788278412,-0.005837295501054107,-0.0014592929482115102,-0.002837557020205772,0.06355153785991013,65.04576110839844
298,2013-03-13,0.36401962853394143,0.3619117025243155,0.3644655347695526,0.36130364575511364,0.21230287928118008,-0.005512994433872931,-0.0018646847457140514,-0.005067088198261738,-0.0010945083699736569,-0.027545062660288472,64.71235656738281
299,2013-03-14,0.3626819098271079,0.35956056617782955,0.3630062108942891,0.3574121257300949,0.26659269903053895,-0.001337718706833524,-0.002351136346485927,-0.0014593238752635407,-0.0038915200250187465,0.05428981974935887,64.29194641113281
300,2013-03-15,0.35919575067253967,0.36008756314376206,0.3617900973558855,0.357168915393235,0.2684443151021299,-0.0034861591545682358,0.0005269969659325024,-0.0012161135384035626,-0.00024321033685992255,0.0018516160715909558,64.38616943359375
301,2013-03-18,0.3562771029220126,0.3622360035914967,0.36491141007811184,0.35538529045079026,0.26045581040033466,-0.0029186477505270814,0.0021484404477346564,0.0031213127222263215,-0.001783624942444717,-0.00798850470179524,64.77030181884766
302,2013-03-19,0.3623981541250873,0.35781748660054546,0.3623981541250873,0.3544529635414592,0.27316975572491314,0.006121051203074712,-0.004418516990951249,-0.00251325595302454,-0.0009323269093310382,0.01271394532457848,63.980281829833984
303,2013-03-20,0.35514208011393034,0.3524261282621545,0.35623655755685196,0.3503182022525285,0.341548591280307,-0.0072560740111569655,-0.005391358338390939,-0.006161596568235339,-0.0041347612889306995,0.06837883555539387,63.01626586914063
304,2013-03-21,0.3503587476176892,0.35198022202654333,0.35396651194068735,0.3503587476176892,0.19824296549591663,-0.004783332496241133,-0.00044590623561119314,-0.0022700456161646176,4.054536516068241e-05,-0.14330562578439038,62.93650817871094
305,2013-03-22,0.3527098839641751,0.3546151140750498,0.3552231399171996,0.3525477334305845,0.18608923407119082,0.0023511363464858714,0.0026348920485064764,0.00125662797651227,0.0021889858128952833,-0.012153731424725811,63.40767288208008
306,2013-03-25,0.35643925345560323,0.3512100147237509,0.3565608586240332,0.34881836393915633,0.2431946743301988,0.0037293694914281583,-0.0034050993512989014,0.0013377187068335794,-0.0037293694914281583,0.05710544025900799,62.79882049560547
307,2013-03-26,0.35291254893587437,0.35266933859901445,0.35425026764270795,0.3512911054540722,0.15180341584968807,-0.0035267045197288627,0.0014593238752635407,-0.0023105909813252445,0.0024727415149158882,-0.09139125848051075,63.05976867675781
308,2013-03-27,0.3503587476176892,0.3522639777285639,0.3533179407333769,0.347804946299504,0.1760199348842285,-0.002553801318185167,-0.00040536087045056624,-0.0009323269093310382,-0.0034861591545682358,0.024216519034540446,62.98727798461914
309,2013-03-28,0.3528720344977657,0.3525477334305845,0.3566419493543545,0.3512505600889116,0.22602811982757054,0.002513286880076515,0.00028375570202060496,0.003324008620977592,0.003445613789407609,0.05000818494334203,63.03800201416016
310,2013-04-01,0.3521018271949733,0.3471563441651416,0.3524261282621545,0.34622401725581053,0.2061478018879936,-0.000770207302792425,-0.005391389265442914,-0.004215821092199978,-0.005026542833101055,-0.019880317939576952,62.07397079467773
311,2013-04-02,0.3486967278436744,0.3440755458810239,0.3486967278436744,0.34241355703406107,0.2369741173902763,-0.0034050993512989014,-0.0030807982841176695,-0.0037294004184801333,-0.0038104602217494676,0.03082631550228271,61.52311706542969
312,2013-04-03,0.34014351141789645,0.3409947785239582,0.3430216138032629,0.3388868525143322,0.33548809545462815,-0.008553216425777943,-0.0030807673570656946,-0.005675114040411489,-0.0035267045197288627,0.09851397806435186,60.97225570678711
313,2013-04-04,0.34119744349565745,0.34306212824137156,0.34346752003887404,0.3398597247888239,0.2781498390294476,0.0010539320777609995,0.002067349717413347,0.0004459062356111376,0.0009728722744917206,-0.057338256425180534,61.341888427734375
314,2013-04-05,0.3381166761385918,0.3429405230729416,0.34602132135705926,0.33665735226332827,0.3268738973062442,-0.003080767357065639,-0.00012160516842996127,0.0025538013181852226,-0.003202372525495656,0.0487240582767966,61.32015228271485
315,2013-04-08,0.34330536950528345,0.34127853422597876,0.3459807759918986,0.3393327587499434,0.24452972953309446,0.0051886933666916435,-0.0016619888469628363,-4.054536516068241e-05,0.0026754064866151284,-0.08234416777314976,61.02299118041992
316,2013-04-09,0.3420487106017192,0.34821030716995455,0.3512505600889116,0.3407110228219376,0.3831899452518234,-0.001256658903564245,0.006931772943975789,0.005269784097013008,0.0013782640719942063,0.13866021571872897,62.26244354248047
317,2013-04-10,0.35015605171893793,0.35092625902173036,0.35218288699824263,0.34821030716995455,0.22767602175376053,0.008107341117218725,0.0027159518517758108,0.0009323269093310382,0.0074992843480169435,-0.1555139234980629,62.74808883666992
318,2013-04-11,0.35222343236340325,0.3473995545020015,0.35266933859901445,0.34577811102019934,0.2517324796740574,0.002067380644465322,-0.0035267045197288627,0.00048645160077182004,-0.002432196149755206,0.024056457920296842,62.11746597290039
319,2013-04-12,0.34452145211663504,0.344764693380547,0.3458997161886293,0.34172444046158995,0.1795049018716237,-0.007701980246768214,-0.0026348611214545015,-0.0067696224103851455,-0.00405367055860939,-0.07222757780243366,61.6463508605957
320,2013-04-15,0.34148119919767805,0.3334954632488893,0.3418460456300199,0.3320361703006777,0.3763400571127158,-0.003040252918956987,-0.011269230131657704,-0.00405367055860939,-0.009688270160912227,0.19683515524109207,59.63133239746094
321,2013-04-16,0.33900845768276217,0.3348737273208835,0.3394138494802647,0.3328874374067395,0.23887302424562107,-0.0024727415149158882,0.0013782640719942063,-0.002432196149755206,0.0008512671060617594,-0.13746703286709472,59.87776565551758
322,2013-04-17,0.33053630106025356,0.330252545358233,0.3308606021274348,0.32680693156882545,0.3421415449535277,-0.008472156622508609,-0.004621181962650489,-0.008553247352829918,-0.00608050583791403,0.10326852070790665,59.051456451416016
323,2013-04-18,0.3297255483923005,0.326158329434463,0.3297255483923005,0.32449634058750015,0.25052838356463375,-0.0008107526679530519,-0.004094215923770017,-0.0011350537351342838,-0.0023105909813253,-0.09161316138889397,58.69401550292969
324,2013-04-19,0.328144619348607,0.32603672426603303,0.32899591738172074,0.32433419005390957,0.25498826824787646,-0.001580929043693502,-0.00012160516842996127,-0.0007296310105797676,-0.00016215053359058818,0.00445988468324271,58.672119140625
325,2013-04-22,0.32932018752184994,0.33527908819133406,0.33698162240345747,0.32222626404428356,0.6711508030338856,0.0011755681732429357,0.009242363925301034,0.007985705021736733,-0.0021079260096260044,0.4161625347860092,60.33535385131836
326,2013-04-23,0.34014351141789645,0.3409136877936369,0.3434269746737134,0.335400693359764,0.47045235453536804,0.01082332389604651,0.005634599602302837,0.006445352270255944,0.013174429315480463,-0.2006984484985176,61.34934616088867
327,2013-04-24,0.34164334973126864,0.339616514451964,0.34314321897169286,0.33763022453781993,0.2554429873224322,0.0014998383133721926,-0.001297173341672897,-0.00028375570202054945,0.00222953117805591,-0.21500936721293584,61.11589050292969
328,2013-04-25,0.3433458839433921,0.3425757075676517,0.344643057285065,0.34058938672645567,0.23849469797559067,0.0017025342121234632,0.0029591931156877083,0.0014998383133721371,0.0029591621886357333,-0.016948289346841533,61.64841842651367
329,2013-04-26,0.34192710543328925,0.3432648241401228,0.34488629854897696,0.3415217445628387,0.22411102420924353,-0.0014187785101028583,0.0006891165724711157,0.000243241263911953,0.0009323578363830132,-0.014383673766347138,61.772438049316406
330,2013-04-29,0.3450079037174069,0.34375127574089465,0.3465888327611004,0.34079208262520694,0.22063333272704122,0.0030807982841176695,0.00048645160077182004,0.0017025342121234632,-0.0007296619376317426,-0.003477691482202311,61.8599739074707
331,2013-04-30,0.3437917901790033,0.34322427877496214,0.34610238116032854,0.33791398023984054,0.25298022881463833,-0.0012161135384036181,-0.0005269969659325024,-0.00048645160077187555,-0.002878102385366399,0.03234689608759711,61.765132904052734
332,2013-05-01,0.34079208262520694,0.33677895743175823,0.34192710543328925,0.33507642321963477,0.42223394386947743,-0.0029997075537963602,-0.006445321343203914,-0.004175275727039296,-0.002837557020205772,0.1692537150548391,60.60527038574219
333,2013-05-02,0.33783288950951923,0.34156228992799936,0.34277837253935095,0.3368600172350275,0.21093872205751288,-0.0029591931156877083,0.004783332496241133,0.0008512671060617039,0.001783594015392742,-0.21129522181196456,61.46603012084961
334,2013-05-03,0.3469536482663903,0.3525882787957451,0.3546151140750498,0.3465077729578311,0.4325287837174194,0.009120758756871072,0.01102598886774575,0.011836741535698858,0.009647755722803575,0.2215900616599065,63.45024490356445
335,2013-05-06,0.3531963046378949,0.355060989383609,0.3565203132588725,0.35218288699824263,0.2321249931792139,0.006242656371504618,0.0024727105878639133,0.0019051991838227034,0.005675114040411544,-0.20040379053820548,63.89522171020508
336,2013-05-07,0.357168915393235,0.3639790831687808,0.3640601429720501,0.3563581936523339,0.37857727495953,0.003972610755340056,0.008918093785171777,0.0075398297131775704,0.004175306654091271,0.14645228178031608,65.50006103515625
337,2013-05-08,0.36385747800035084,0.36608697825135483,0.3664518246836967,0.3615063416538649,0.270321395441896,0.006688562607115867,0.0021078950825740295,0.0023916817116466094,0.005148148001531017,-0.10825587951763399,65.87939453125
338,2013-05-09,0.36474929047157323,0.36462765437609124,0.36762739285693957,0.3630062108942891,0.18792993688499246,0.0008918124712223863,-0.0014593238752635962,0.0011755681732428802,0.0014998692404241676,-0.08239145855690352,65.6167984008789
339,2013-05-10,0.3646681997412519,0.3592362960377003,0.36584376791449486,0.35631764828717327,0.2534604121573692,-8.109073032130931e-05,-0.005391358338390939,-0.001783624942444717,-0.006688562607115811,0.06553047527237674,64.6465835571289
340,2013-05-13,0.3574932164604162,0.3570067648596444,0.35870929907176785,0.35570959151797144,0.19947980137870824,-0.007174983280835712,-0.00222953117805591,-0.007134468842727004,-0.0006080567692018368,-0.053980610778660953,64.24535369873047
341,2013-05-14,0.35599334721999204,0.3548988697770704,0.3567230091576238,0.3521018271949733,0.2494370577857,-0.0014998692404241676,-0.002107895082573974,-0.001986289914144068,-0.0036077643229981415,0.04995725640699175,63.86602783203125
342,2013-05-15,0.3525477334305845,0.35266933859901445,0.3533990005366462,0.35039929298284983,0.25192891831426545,-0.0034456137894075534,-0.0022295311780559657,-0.003324008620977592,-0.0017025342121234632,0.002491860528565454,63.464839935302734
343,2013-05-16,0.350845199218461,0.35177752612779206,0.3553042306475209,0.3490210289108556,0.2980119682060423,-0.0017025342121234632,-0.0008918124712223863,0.0019052301108747338,-0.0013782640719942063,0.04608304989177686,63.30431365966797
344,2013-05-17,0.35425026764270795,0.35538529045079026,0.35615549775358263,0.35307469946946496,0.24339475072300332,0.0034050684242469265,0.003607764322998197,0.0008512671060617039,0.004053670558609335,-0.05461721748303899,63.953575134277344
345,2013-05-20,0.3549799295803397,0.35806072786445736,0.3597632620765808,0.3537638160419361,0.20383055348405754,0.0007296619376317426,0.0026754374136671033,0.003607764322998197,0.0006891165724711157,-0.039564197238945775,64.43502044677734
346,2013-05-21,0.35935790120613026,0.35712837002807435,0.36069561991296384,0.35562853171470216,0.17206569781189182,0.0043779716257905665,-0.0009323578363830132,0.0009323578363830132,0.0018647156727660819,-0.03176485567216572,64.26726531982422
347,2013-05-22,0.35708782466291367,0.3555068956192202,0.36114149522152306,0.35327739536821623,0.23569362847632733,-0.0022700765432165926,-0.0016214744088541289,0.0004458753085592182,-0.002351136346485927,0.0636279306644355,63.97544479370117
348,2013-05-23,0.348737273208835,0.3524666427002632,0.35420972227754727,0.3477238555691827,0.21924007348260244,-0.008350551454078647,-0.0030402529189570426,-0.006931772943975789,-0.005553539799033502,-0.01645355499372489,63.42832946777344
349,2013-05-24,0.3496696310452181,0.3494669351464668,0.35153431579093214,0.34768331020402204,0.1686971389075829,0.0009323578363830687,-0.0029997075537963602,-0.0026754064866151284,-4.054536516068241e-05,-0.050542934575019544,62.88856887817383
350,2013-05-28,0.35283148913260504,0.3493858753431975,0.35425026764270795,0.34821030716995455,0.2110042016042489,0.0031618580873869484,-8.105980326933437e-05,0.0027159518517758108,0.0005269969659325024,0.04230706269666601,62.87393569946289
351,2013-05-29,0.34752119059748343,0.3506019579545491,0.3512911054540722,0.3458997161886293,0.18590734644136853,-0.005310298535121605,0.0012160826113516432,-0.0029591621886357333,-0.0023105909813252445,-0.025096855162880377,63.09278106689453
352,2013-05-30,0.3505208981512798,0.35027768781441987,0.35266933859901445,0.34857512267524443,0.12979501264119028,0.0029997075537963602,-0.0003242701401292569,0.0013782331449422314,0.0026754064866151284,-0.05611233380017824,63.0344123840332
353,2013-05-31,0.3495480258767881,0.347804946299504,0.3524666427002632,0.347804946299504,0.2008876116335328,-0.0009728722744916651,-0.0024727415149158882,-0.0002026958987512706,-0.0007701763757404501,0.07109259899234252,62.589447021484375
354,2013-06-03,0.3482508525351152,0.3491426340792856,0.3498317815788087,0.3475617050355921,0.2216373524436603,-0.0012971733416729525,0.0013376877797816045,-0.0026348611214545015,-0.0002432412639118975,0.02074974081012751,62.83017349243164
355,2013-06-04,0.34841297214165384,0.3482913669732238,0.3505208981512798,0.3463456224242405,0.18572545881154623,0.00016211960653866875,-0.0008512671060617594,0.0006891165724711157,-0.0012160826113515877,-0.035911893632114084,62.677001953125
356,2013-06-05,0.34646722759267046,0.3422108611353098,0.34752119059748343,0.3414406847595694,0.26770221357245494,-0.0019457445489833858,-0.00608050583791403,-0.0029997075537963602,-0.004904937664671094,0.08197675476090871,61.5827522277832
357,2013-06-06,0.34172444046158995,0.34050832692318633,0.3417649548996986,0.3376707699029806,0.25498463049528003,-0.004742787131080506,-0.0017025342121234632,-0.005756235697784828,-0.0037699148565887852,-0.01271758307717491,61.276397705078125
358,2013-06-07,0.34314321897169286,0.34314321897169286,0.3460618667222199,0.33904900304792285,0.19913421488204588,0.0014187785101029138,0.002634892048506532,0.004296911822521288,0.0013782331449422314,-0.055850415613234144,61.75057220458984
359,2013-06-10,0.3433864293085528,0.33969760518228526,0.3436296396454127,0.33900845768276217,0.18062169191873262,0.00024321033685992255,-0.003445613789407609,-0.0024322270768071808,-4.054536516068241e-05,-0.018512522963313266,61.130496978759766
360,2013-06-11,0.33657626153300696,0.338562551447151,0.34038672175475637,0.33495478712415283,0.19192418923589008,-0.006810167775545828,-0.0011350537351342838,-0.0032429178906563383,-0.004053670558609335,0.011302497317157462,60.926246643066406
361,2013-06-12,0.34119744349565745,0.3373059234706387,0.3420487106017192,0.3364952017297376,0.17272413103184853,0.004621181962650489,-0.00125662797651227,0.0016619888469628363,0.0015404146055847945,-0.019200058204041554,60.70009231567383
362,2013-06-13,0.3377518297062499,0.3451295088858369,0.34569702028987803,0.3372248636673694,0.231073682678841,-0.0034456137894075534,0.007823585415198175,0.003648309688158824,0.0007296619376317981,0.05834955164699249,62.108001708984375
363,2013-06-14,0.34460254284695635,0.33998136088430586,0.3451295088858369,0.3380761307734311,0.18725331490205352,0.006850713140706455,-0.005148148001531017,-0.0005675114040411544,0.0008512671060617039,-0.043820367776787494,61.18153762817383
364,2013-06-17,0.33868418754263296,0.34018402585600516,0.3422514065004705,0.33815719057670046,0.15967915022099347,-0.005918355304323386,0.00020266497169929565,-0.002878102385366399,8.105980326933437e-05,-0.027574164681060054,61.21800994873047
365,2013-06-18,0.3408731424284762,0.3427378581012423,0.3440350314429152,0.34034617638959574,0.13546626893904945,0.002188954885843253,0.002553832245237142,0.001783624942444717,0.0021889858128952833,-0.024212881281944015,61.6776008605957
366,2013-06-19,0.34253516220249103,0.3415217445628387,0.34573756565503866,0.3415217445628387,0.1713999890867422,0.0016620197740148113,-0.0012161135384036181,0.0017025342121234632,0.0011755681732429357,0.03593372014769275,61.45874786376953
367,2013-06-20,0.3372248636673694,0.3372653781054781,0.33921115358151344,0.3338197643160705,0.2774914058094909,-0.005310298535121605,-0.004256366457360605,-0.006526412073525223,-0.007701980246768159,0.10609141672274869,60.692779541015625
368,2013-06-21,0.34058938672645567,0.3369411079653488,0.34058938672645567,0.33211723010394706,0.3541897815529566,0.003364523059086244,-0.0003242701401292569,0.0013782331449422314,-0.0017025342121234632,0.07669837574346572,60.634464263916016
369,2013-06-24,0.3326441961428276,0.33045521032993225,0.33341440344561996,0.3277798038433171,0.27376270939813385,-0.007945190583628081,-0.006485897635416571,-0.007174983280835712,-0.00433742626062994,-0.08042707215482275,59.4672737121582
370,2013-06-25,0.33377921895090984,0.3337387045128012,0.3351574830229041,0.33227938063753765,0.22732315975190528,0.0011350228080822533,0.00328349418286894,0.0017430795772841456,0.004499576794220528,-0.04643954964622857,60.05815505981445
371,2013-06-26,0.33613035529739577,0.3328063466764182,0.3381977359418611,0.33118487226756405,0.2528456319685698,0.002351136346485927,-0.0009323578363830132,0.003040252918956987,-0.0010945083699736013,0.02552247221666451,59.89037322998047
372,2013-06-27,0.3346305169840236,0.3362925058309864,0.3371437729370481,0.3346305169840236,0.16944651594245075,-0.0014998383133721926,0.0034861591545682358,-0.0010539630048129744,0.0034456447164595283,-0.08339911602611905,60.5177116394043
373,2013-06-28,0.33548178409008533,0.3343872757201117,0.3372248636673694,0.3336576137824799,0.3073464413685225,0.0008512671060617594,-0.0019052301108747338,8.109073032130931e-05,-0.0009729032015436956,0.13789992542607177,60.17486190795898
374,2013-07-01,0.3366168068981676,0.3353196335564947,0.33746807400422935,0.3334954632488893,0.17011222466760037,0.0011350228080822533,0.0009323578363830132,0.00024321033685992255,-0.00016215053359058818,-0.13723421670092215,60.34263610839844
375,2013-07-02,0.335522298528194,0.334346761282003,0.3388463071491716,0.33256313633955825,0.13313810727732406,-0.0010945083699736013,-0.0009728722744916651,0.0013782331449422314,-0.0009323269093310382,-0.03697411739027631,60.16756820678711
376,2013-07-03,0.33300904257516944,0.3317929290367658,0.3344278210852723,0.3306173608635229,0.10652067152912931,-0.00251325595302454,-0.0025538322452371975,-0.004418486063899274,-0.0019457754760353607,-0.02661743574819475,59.70800018310547
377,2013-07-05,0.33454942625370226,0.33296849721000876,0.33495478712415283,0.3299687896562124,0.1753214863857109,0.0015403836785328195,0.0011755681732429357,0.0005269660388805275,-0.0006485712073104888,0.0688008148565816,59.91954803466797
378,2013-07-08,0.3340224602148218,0.3372653781054781,0.3372653781054781,0.33341440344561996,0.17748958693319267,-0.000526966038880472,0.004296880895469313,0.0023105909813252445,0.0034456137894075534,0.0021681005474817605,60.692779541015625
379,2013-07-09,0.34079208262520694,0.3458997161886293,0.3496290856800574,0.3393733041151041,0.2867312974044635,0.0067696224103851455,0.008634338083151227,0.01236370757457933,0.005958900669484124,0.10924171047127085,62.24658966064453
380,2013-07-10,0.3462645316939192,0.3443998469482051,0.34768331020402204,0.343710730375734,0.15339675148693138,0.0054724490687122485,-0.001499869240424223,-0.0019457754760353607,0.00433742626062994,-0.13333454591753213,61.9766731262207
381,2013-07-11,0.35048035278611916,0.35145322506061083,0.35222343236340325,0.3490210289108556,0.19769366485385328,0.004215821092199978,0.00705337811240575,0.00454012215938121,0.005310298535121605,0.0442969133669219,63.24600601196289
382,2013-07-12,0.3511694693585903,0.35335845517148556,0.3537638160419361,0.3508046538533004,0.17738045435529928,0.0006891165724711157,0.0019052301108747338,0.0015403836785328195,0.0017836249424447725,-0.020313210498554002,63.588844299316406
383,2013-07-15,0.3536422108735061,0.3542908130078686,0.35684461432605374,0.3534395459018069,0.1513959875588861,0.0024727415149158327,0.0009323578363830132,0.0030807982841176695,0.0026348920485064764,-0.02598446679641317,63.75659942626953
384,2013-07-16,0.3555879863495415,0.3574121257300949,0.35887144960535844,0.3543718728111379,0.1976063587915386,0.0019457754760353607,0.0031213127222263215,0.002026835279304695,0.0009323269093310382,0.04621037123265248,64.31830596923828
385,2013-07-17,0.3585471485381772,0.35133161989218087,0.3607766797162332,0.34812921643963324,0.5484785099765365,0.0029591621886357333,-0.00608050583791403,0.0019052301108747338,-0.0062426563715046735,0.35087215118499787,63.22412109375
386,2013-07-18,0.34812921643963324,0.3474806452323228,0.3510478641901603,0.3462645316939192,0.2563124101929828,-0.01041793209854397,-0.003850974659858064,-0.009728815526072854,-0.0018646847457140514,-0.2921660997835537,62.96701049804688
387,2013-07-19,0.34638613686234915,0.3471968895303022,0.34816976180479386,0.3451700542509975,0.18502337256043216,-0.0017430795772840901,-0.00028375570202060496,-0.0028781023853664545,-0.001094477442921682,-0.07128903763255062,62.91558074951172
388,2013-07-22,0.34610238116032854,0.34861566804040506,0.350845199218461,0.34610238116032854,0.17588533803816003,-0.00028375570202060496,0.0014187785101028583,0.002675437413667159,0.0009323269093310382,-0.009138034522272132,63.172698974609375
389,2013-07-23,0.34654828739593974,0.3466698925643697,0.35015605171893793,0.34504844908256754,0.2507066334418596,0.00044590623561119314,-0.0019457754760353607,-0.0006891474995230906,-0.0010539320777609995,0.07482129540369958,62.82008361816406
390,2013-07-24,0.34285946326967226,0.33823828130702177,0.34569702028987803,0.33499533248931346,0.6039433238145474,-0.003688824126267476,-0.008431611257347926,-0.004459031429059901,-0.010053116593254086,0.3532366903726878,61.29219436645508
391,2013-07-25,0.3326036817047189,0.33296849721000876,0.33475212215245354,0.32976609375746113,0.3616398988704778,-0.010255781564953381,-0.005269784097013008,-0.010944898137424497,-0.005229238731852326,-0.2423034249440696,60.33726119995117
392,2013-07-26,0.3319145342051958,0.3326441961428276,0.33272528687314884,0.33009039482464236,0.20833409119845758,-0.0006891474995230906,-0.00032430106718117635,-0.002026835279304695,0.00032430106718123186,-0.15330580767202023,60.27849578857422
393,2013-07-29,0.33410352001809107,0.33653571616784633,0.33787343487467986,0.3324009858059676,0.3299005074664872,0.0021889858128952833,0.0038915200250187465,0.005148148001531017,0.0023105909813252445,0.12156641626802961,60.983680725097656
394,2013-07-30,0.33835988647545173,0.3372248636673694,0.33949490928353404,0.33507642321963477,0.19156405172884192,0.004256366457360661,0.0006891474995230906,0.0016214744088541844,0.002675437413667159,-0.13833645573764528,61.10856246948242
395,2013-07-31,0.3388057927110629,0.3360898408592871,0.3401029660527358,0.33580605423021453,0.25511195183615565,0.00044590623561119314,-0.0011350228080823088,0.0006080567692017813,0.0007296310105797676,0.06354790010731373,60.90284729003906
396,2013-08-01,0.3389679432446535,0.3422919518656311,0.3437917901790033,0.3369005626001882,0.23901489659688244,0.00016215053359058818,0.006202111006343991,0.003688824126267476,0.0010945083699736569,-0.01609705523927321,62.026763916015625
397,2013-08-02,0.3416838950964293,0.34172444046158995,0.3432648241401228,0.3384814916438817,0.17696575055930447,0.0027159518517758108,-0.0005675114040411544,-0.000526966038880472,0.001580929043693502,-0.06204914603757797,61.923927307128906
398,2013-08-05,0.3409542331587975,0.3387247019807416,0.3416838950964293,0.3384814916438817,0.1367212935848233,-0.0007296619376317981,-0.002999738480848335,-0.001580929043693502,0.0,-0.040244456974481174,61.38034057617188
399,2013-08-06,0.33771128434108927,0.33454942625370226,0.3377518297062499,0.33300904257516944,0.26277669655686714,-0.0032429488177082577,-0.0041752757270393515,-0.003932065390179429,-0.0054724490687122485,0.12605540297204385,60.62373733520508
400,2013-08-07,0.3339413694845005,0.33414406538325175,0.335522298528194,0.33159026406506653,0.15614689244984448,-0.0037699148565887852,-0.0004053608704505107,-0.00222953117805591,-0.0014187785101029138,-0.10662980410702266,60.55025863647461
401,2013-08-08,0.3362519604658257,0.34034617638959574,0.3428999777077809,0.33613035529739577,0.23283799268811728,0.0023105909813252445,0.006202111006343991,0.007377679179586927,0.004540091232329235,0.0766911002382728,61.674163818359375
402,2013-08-09,0.33969760518228526,0.3425757075676517,0.343710730375734,0.3384814916438817,0.19929791374888595,0.0034456447164595283,0.0022295311780559657,0.0008107526679531074,0.002351136346485927,-0.03354007893923133,62.07817459106445
403,2013-08-12,0.34127853422597876,0.349912841382078,0.3504398074209585,0.34075153726004626,0.31314865675985376,0.001580929043693502,0.0073371338144263,0.006729077045224463,0.002270045616164562,0.11385074301096781,63.40774917602539
404,2013-08-13,0.35112895492048163,0.35092625902173036,0.35441241817629854,0.3504398074209585,0.24410411247931027,0.00985042069450287,0.0010134176396523475,0.003972610755340056,0.009688270160912227,-0.06904454428054349,63.59136581420898
405,2013-08-14,0.3521018271949733,0.3478860061027733,0.35266933859901445,0.3474400998671621,0.16234926062678479,0.0009728722744916651,-0.0030402529189570426,-0.0017430795772840901,-0.0029997075537963602,-0.08175485185252548,63.04044342041016
406,2013-08-15,0.3443998469482051,0.3480481566363639,0.3507641084881397,0.3440755458810239,0.18694046817875917,-0.007701980246768214,0.00016215053359058818,-0.0019052301108747338,-0.003364553986138219,0.024591207551974387,63.069854736328125
407,2013-08-16,0.3480076112712033,0.3452105996161582,0.35023714244925924,0.3451295088858369,0.171210825951727,0.003607764322998197,-0.0028375570202057165,-0.000526966038880472,0.0010539630048129744,-0.01572964222703216,62.55564880371094
408,2013-08-19,0.3451700542509975,0.3413190486640874,0.3465888327611004,0.3403056310244351,0.1369977627821532,-0.002837557020205772,-0.003891550952070777,-0.003648309688158824,-0.00482387786140176,-0.034213063169573815,61.850433349609375
409,2013-08-20,0.33969760518228526,0.3399408155191452,0.34237301166890044,0.3375491338074986,0.17061059677331344,-0.0054724490687122485,-0.0013782331449422314,-0.004215821092199978,-0.002756497216936493,0.033612833991160246,61.60071563720703
410,2013-08-21,0.338562551447151,0.3362114460277171,0.33990027015398455,0.3357655397921059,0.2023536259299005,-0.0011350537351342838,-0.003729369491428103,-0.0024727415149158882,-0.001783594015392742,0.031743029156587055,60.92490005493164
411,2013-08-22,0.33771128434108927,0.34119744349565745,0.3424946168373304,0.3366978667014369,0.17242583531893996,-0.0008512671060617039,0.004985997467940373,0.0025943466833458495,0.0009323269093310382,-0.029927790610960542,61.82843399047852
412,2013-08-23,0.3420487106017192,0.3400624206875752,0.3421298013320405,0.3380761307734311,0.16323323450772112,0.00433742626062994,-0.0011350228080822533,-0.0003648155052898838,0.0013782640719942063,-0.009192600811218837,61.62273025512695
413,2013-08-26,0.34042726711991705,0.3387247019807416,0.34367018501057334,0.338562551447151,0.14999545280925444,-0.001621443481802154,-0.0013377187068335794,0.0015403836785328195,0.0004864206737198451,-0.013237781698466677,61.38034057617188
414,2013-08-27,0.3359682047638052,0.3352385428261734,0.3386436421774723,0.334346761282003,0.20261918186944106,-0.004459062356111876,-0.0034861591545682358,-0.005026542833101055,-0.004215790165147948,0.052623729060186614,60.74859619140625
415,2013-08-28,0.33163077850317524,0.33422512518652103,0.33507642321963477,0.3302119999930723,0.24601757034504082,-0.00433742626062994,-0.0010134176396523475,-0.0035672189578375146,-0.0041347612889306995,0.043398388475599764,60.56495666503906
416,2013-08-29,0.3344278210852723,0.33454942625370226,0.3366978667014369,0.33248204560923694,0.1348296622346714,0.0027970425820970646,0.00032430106718123186,0.001621443481802154,0.0022700456161646176,-0.11118790811036941,60.62373733520508
417,2013-08-30,0.3347926365905622,0.33458997161886295,0.33548178409008533,0.33325225291202937,0.1609960166609069,0.0003648155052898838,4.054536516068241e-05,-0.0012160826113515877,0.000770207302792425,0.026166354426235494,60.63105392456055
418,2013-09-03,0.3370627131337788,0.334468366450433,0.3386436421774723,0.33126596299788535,0.2744393313810728,0.0022700765432165926,-0.00012160516842996127,0.0031618580873869484,-0.0019862899141440127,0.11344331472016589,60.60902404785156
419,2013-09-04,0.33544123872492465,0.3386436421774723,0.33945436391837336,0.3336170993443712,0.16305134687789882,-0.0016214744088541289,0.004175275727039296,0.000810721740901077,0.0023511363464858714,-0.11138798450317397,61.36565399169922
420,2013-09-05,0.33795452560500117,0.3362519604658257,0.338562551447151,0.33527908819133406,0.1356299678058895,0.002513286880076515,-0.002391681711646554,-0.0008918124712223863,0.0016619888469628363,-0.02742137907200931,60.932254791259766
421,2013-09-06,0.3373464688357994,0.3380355854082705,0.3414001393944087,0.3340224602148218,0.2024954982811619,-0.0006080567692017813,0.0017836249424447725,0.002837587947257747,-0.00125662797651227,0.06686553047527238,61.25545501708984
422,2013-09-09,0.340670477456777,0.3469536482663903,0.348737273208835,0.34058938672645567,0.24380945451899816,0.003324008620977592,0.008918062858119802,0.0073371338144263,0.006566926511633875,0.041313956237836263,62.87152099609375
423,2013-09-10,0.351899131296222,0.35108840955532095,0.35222343236340325,0.34934532997803686,0.22912020953454956,0.011228653839445046,0.004134761288930644,0.0034861591545682358,0.008755943251581189,-0.014689244984448596,63.62076187133789
424,2013-09-11,0.35064250331970975,0.3531963046378949,0.3531963046378949,0.3496696310452181,0.15943905854962803,-0.00125662797651227,0.002107895082573974,0.0009728722744916651,0.00032430106718123186,-0.06968115098492153,64.0027084350586
425,2013-09-12,0.3524261282621545,0.352020736464652,0.35356115107023683,0.35112895492048163,0.14480437985412611,0.0017836249424447725,-0.0011755681732429357,0.0003648464323419143,0.0014593238752635407,-0.014634678695501918,63.78970336914063
426,2013-09-13,0.35307469946946496,0.3527098839641751,0.3534800603399155,0.35015605171893793,0.11917277505956819,0.0006485712073104333,0.0006891474995230906,-8.109073032130931e-05,-0.0009729032015436956,-0.02563160479455792,63.91461944580078
427,2013-09-16,0.3565608586240332,0.3533990005366462,0.35761482162884617,0.3527909437674444,0.17703486785863692,0.0034861591545682358,0.0006891165724711157,0.004134761288930644,0.0026348920485064764,0.05786209279906873,64.03947448730469
428,2013-09-17,0.354128662474278,0.352953094301035,0.3544934779795679,0.35133161989218087,0.1242438021790138,-0.002432196149755206,-0.00044590623561119314,-0.0031213436492782964,-0.0014593238752635407,-0.05279106567962312,63.95866775512695
429,2013-09-18,0.34987229601691733,0.3560744070232614,0.35676355452278447,0.34942638978130613,0.20243001873442587,-0.004256366457360661,0.003121312722226377,0.0022700765432165926,-0.0019052301108747338,0.07818621655541207,64.52426147460938
430,2013-09-19,0.3568851596912144,0.35570959151797144,0.35773642679727613,0.3539259665755267,0.17334618672584076,0.0070128636742970984,-0.00036481550528993933,0.0009728722744916651,0.004499576794220583,-0.02908383200858511,64.4581527709961
431,2013-09-20,0.35514208011393034,0.3435485798421434,0.3553042306475209,0.3435485798421434,0.48873933683770165,-0.0017430795772840901,-0.01216101167582806,-0.002432196149755206,-0.010377386733383342,0.31539315011186086,62.25445938110352
432,2013-09-23,0.3445619974817957,0.3446836026502257,0.3461429265254892,0.3420487106017192,0.22002582804343476,-0.010580082632134613,0.0011350228080823088,-0.0091613041220317,-0.0014998692404241676,-0.2687135087942669,62.46016311645508
433,2013-09-24,0.3450889635206762,0.3450079037174069,0.3463456224242405,0.342656767370921,0.13535713636115607,0.000526966038880472,0.00032430106718123186,0.0002026958987512706,0.0006080567692017813,-0.0846686916822787,62.51889801025391
434,2013-09-25,0.3451295088858369,0.34253516220249103,0.3467915286598517,0.3422514065004705,0.13913312355626695,4.054536516068241e-05,-0.0024727415149158882,0.00044590623561119314,-0.0004053608704505107,0.0037759871951108803,62.07082748413086
435,2013-09-26,0.3428999777077809,0.3413190486640874,0.34395394071259394,0.3401029660527358,0.126415540479092,-0.0022295311780559657,-0.0012161135384036181,-0.002837587947257747,-0.0021484404477346564,-0.012717583077174938,61.850433349609375
436,2013-09-27,0.3389679432446535,0.33969760518228526,0.34018402585600516,0.3379950400431098,0.10977282235035195,-0.0039320344631273985,-0.001621443481802154,-0.0037699148565887852,-0.0021079260096260044,-0.01664271812874006,61.55664825439453
437,2013-09-30,0.3362519604658257,0.3380761307734311,0.3398192103507152,0.3357655397921059,0.19649320649702615,-0.0027159827788277857,-0.0016214744088541289,-0.00036481550528993933,-0.0022295002510039352,0.0867203841466742,61.262813568115234
438,2013-10-01,0.3387247019807416,0.33953545464869467,0.34172444046158995,0.33677895743175823,0.1406355153785991,0.0024727415149158882,0.0014593238752635407,0.0019052301108747338,0.0010134176396523475,-0.05585769111842703,61.52725601196289
439,2013-10-02,0.338562551447151,0.34079208262520694,0.3415217445628387,0.3377923750714106,0.12095163607923025,-0.00016215053359064369,0.00125662797651227,-0.0002026958987512706,0.0010134176396523475,-0.019683879299368864,61.75495910644531
440,2013-10-03,0.3400624206875752,0.34038672175475637,0.341602804366108,0.33815719057670046,0.15364048091089325,0.001499869240424223,-0.00040536087045056624,8.105980326933437e-05,0.0003648155052898838,0.032688844831663,61.68149185180664
441,2013-10-04,0.34038672175475637,0.3413190486640874,0.34192710543328925,0.3386436421774723,0.11684461339784281,0.00032430106718117635,0.0009323269093310382,0.00032430106718123186,0.00048645160077182004,-0.03679586751305043,61.850433349609375
442,2013-10-07,0.33831934111029105,0.33860309681231165,0.3411569290575488,0.3376707699029806,0.12238491060222995,-0.002067380644465322,-0.0027159518517757553,-0.0007701763757404501,-0.0009728722744916651,0.005540297204387132,61.358306884765625
443,2013-10-08,0.3386436421774723,0.3358465995953752,0.3400624206875752,0.33495478712415283,0.20630786300223722,0.00032430106718123186,-0.0027564972169364377,-0.0010945083699736013,-0.0027159827788277857,0.08392295240000727,60.85877990722656
444,2013-10-09,0.33665735226332827,0.338562551447151,0.3400624206875752,0.33422512518652103,0.1665181251023118,-0.0019862899141440127,0.0027159518517757553,0.0,-0.0007296619376317981,-0.03978973789992543,61.3509521484375
445,2013-10-10,0.3422919518656311,0.34346752003887404,0.34435930158304445,0.34079208262520694,0.15704541734116662,0.005634599602302837,0.004904968591723069,0.004296880895469257,0.006566957438685905,-0.009472707761145172,62.23978805541992
446,2013-10-11,0.3431026736065322,0.3470347389967116,0.3480076112712033,0.34192710543328925,0.14952254497171646,0.000810721740901077,0.00356721895783757,0.003648309688158824,0.0011350228080823088,-0.007522872369450151,62.88618850708008
447,2013-10-14,0.34480520781865565,0.3495885403148968,0.3503182022525285,0.34399448607775457,0.17059604576292767,0.0017025342121234632,0.002553801318185167,0.0023105909813252445,0.002067380644465322,0.021073500791211203,63.3489875793457
448,2013-10-15,0.3495885403148968,0.34760225040075277,0.3516559209593621,0.3473590400638928,0.17812255588497428,0.004783332496241133,-0.0019862899141440127,0.0013377187068335794,0.003364553986138219,0.007526510122046609,62.989036560058594
449,2013-10-16,0.348858878377265,0.34971014548332674,0.3506019579545491,0.34699419363155093,0.12912202841084777,-0.0007296619376317981,0.002107895082573974,-0.0010539630048129744,-0.00036484643234185876,-0.049000527474126504,63.371002197265625
450,2013-10-17,0.3458997161886293,0.3480076112712033,0.34857512267524443,0.34435930158304445,0.14007893923134287,-0.002959162188635678,-0.0017025342121234632,-0.002026835279304695,-0.0026348920485064764,0.010956910820495103,63.50414657592773
451,2013-10-18,0.34987229601691733,0.3540475717439567,0.3557501368831321,0.34971014548332674,0.24564651958020334,0.003972579828288025,0.006039960472753403,0.007175014207887687,0.005350843900282287,0.10556758034886046,64.6063232421875
452,2013-10-21,0.3555879863495415,0.3555068956192202,0.3559122874167227,0.3534395459018069,0.14127212208297713,0.005715690332624146,0.0014593238752635407,0.00016215053359058818,0.0037294004184801333,-0.10437439749722621,64.87264251708984
453,2013-10-22,0.35623655755685196,0.3614657962887043,0.3614657962887043,0.35485832441190973,0.3329598574000982,0.0006485712073104888,0.0059589006694840685,0.005553508871981583,0.0014187785101028583,0.19168773531712108,65.95996856689453
454,2013-10-23,0.34111638369238817,0.33953545464869467,0.34314321897169286,0.33665735226332827,0.7627930664435512,-0.015120173864463793,-0.02193034164000962,-0.018322577317011424,-0.018200972148581462,0.42983320904345296,61.95816040039063
455,2013-10-24,0.3377518297062499,0.342656767370921,0.3445619974817957,0.33698162240345747,0.30443260153876933,-0.0033645539861382745,0.0031213127222263215,0.0014187785101028583,0.0003242701401292014,-0.45836046490478183,62.52774810791016
456,2013-10-25,0.3418055002648593,0.3436296396454127,0.34367018501057334,0.3389273978794929,0.17775514287273322,0.00405367055860939,0.0009728722744917206,-0.0008918124712223863,0.0019457754760354162,-0.1266774586660361,62.70526123046875
457,2013-10-28,0.34253516220249103,0.34164334973126864,0.34346752003887404,0.34111638369238817,0.14475345131777587,0.0007296619376317426,-0.001986289914144068,-0.00020266497169929565,0.0021889858128952833,-0.03300169155495736,62.34282302856445
458,2013-10-29,0.34014351141789645,0.34079208262520694,0.3409136877936369,0.33763022453781993,0.193677585987377,-0.002391650784594579,-0.0008512671060617039,-0.002553832245237142,-0.0034861591545682358,0.04892413466960113,62.18745422363281
459,2013-10-30,0.34119744349565745,0.338440946278721,0.34192710543328925,0.3373059234706387,0.1694101384164863,0.0010539320777609995,-0.002351136346485927,0.0010134176396523475,-0.00032430106718123186,-0.024267447570890693,61.75843048095703
460,2013-10-31,0.33823828130702177,0.33791398023984054,0.341602804366108,0.33791398023984054,0.16920278651848888,-0.002959162188635678,-0.000526966038880472,-0.00032430106718123186,0.0006080567692018368,-0.00020735189799742093,61.66226959228516
461,2013-11-01,0.339616514451964,0.3388463071491716,0.33969760518228526,0.3356439346236759,0.21390712817621274,0.0013782331449422314,0.0009323269093310382,-0.0019051991838227589,-0.0022700456161646176,0.044704341657723856,61.8324089050293
462,2013-11-04,0.33973811962039396,0.3400624206875752,0.3404677815580257,0.3382787957451304,0.14159951981665728,0.00012160516842996127,0.0012161135384036181,0.0007701763757404501,0.0026348611214545015,-0.07230760835955546,62.05432891845703
463,2013-11-05,0.3389273978794929,0.3407110228219376,0.34127853422597876,0.33791398023984054,0.14590661889084924,-0.000810721740901077,0.0006486021343624082,0.0008107526679530519,-0.0003648155052898838,0.004307099074191967,62.17267227172852
464,2013-11-06,0.34172444046158995,0.3414001393944087,0.3419676507984499,0.33990027015398455,0.1332908928863748,0.0027970425820970646,0.0006891165724711157,0.0006891165724711157,0.0019862899141440127,-0.012615726004474442,62.29843521118164
465,2013-11-07,0.3403056310244351,0.3390895484130835,0.3422514065004705,0.3384814916438817,0.19758817002855636,-0.0014188094371548332,-0.0023105909813252445,0.00028375570202060496,-0.0014187785101028583,0.06429727714218156,61.87678146362305
466,2013-11-08,0.338562551447151,0.34148119919767805,0.3418055002648593,0.3384814916438817,0.1657832990778297,-0.0017430795772841456,0.002391650784594579,-0.00044590623561119314,0.0,-0.03180487095072665,62.31321334838867
467,2013-11-11,0.34127853422597876,0.34111638369238817,0.34241355703406107,0.3397786649855546,0.09176230924534823,0.0027159827788277857,-0.0003648155052898838,0.0006080567692017813,0.001297173341672897,-0.07402098983248148,62.24664306640625
468,2013-11-12,0.34042726711991705,0.33990027015398455,0.34164334973126864,0.3386436421774723,0.12670292293421123,-0.0008512671060617039,-0.0012161135384036181,-0.000770207302792425,-0.0011350228080823088,0.034940613688863004,62.02473068237305
469,2013-11-13,0.33831934111029105,0.3413190486640874,0.3415217445628387,0.336454656364577,0.14379308463231416,-0.0021079260096260044,0.0014187785101028583,-0.00012160516842996127,-0.0021889858128952833,0.01709016169810293,62.28361129760742
470,2013-11-14,0.34050832692318633,0.33953545464869467,0.3413190486640874,0.3387247019807416,0.1635642699939977,0.0021889858128952833,-0.001783594015392742,-0.0002026958987512706,0.0022700456161646176,0.01977118536168354,61.95816040039063
471,2013-11-15,0.34050832692318633,0.33945436391837336,0.3409542331587975,0.3384814916438817,0.17257134542279778,0.0,-8.109073032130931e-05,-0.0003648155052898838,-0.00024321033685992255,0.009007075428800082,61.94338607788086
472,2013-11-18,0.3407110228219376,0.340670477456777,0.34444039231336576,0.33945436391837336,0.17472489495989377,0.0002026958987512706,0.0012161135384036181,0.0034861591545682358,0.0009728722744916651,0.0021535495370959834,62.1652946472168
473,2013-11-19,0.3409542331587975,0.3391706082163528,0.34253516220249103,0.33840043184061236,0.18226231833972972,0.00024321033685992255,-0.0014998692404241676,-0.0019052301108747338,-0.0010539320777609995,0.007537423379835956,61.8916015625
474,2013-11-20,0.33718431830220874,0.3351574830229041,0.3393327587499434,0.3342656705516817,0.2707579257534695,-0.0037699148565887852,-0.004013125193448708,-0.003202403452547631,-0.004134761288930644,0.0884956074137398,61.15925979614258
475,2013-11-21,0.33665735226332827,0.3328874374067395,0.3368194718698669,0.33187401976708714,0.22584986995034467,-0.000526966038880472,-0.0022700456161646176,-0.002513286880076515,-0.002391650784594579,-0.04490805580312485,60.74504470825195
476,2013-11-22,0.33329279827719,0.3359682047638052,0.3362519604658257,0.3324009858059676,0.16019934884228523,-0.0033645539861382745,0.0030807673570656946,-0.0005675114040411544,0.000526966038880472,-0.06565052110805944,61.30721664428711
477,2013-11-25,0.3421298013320405,0.3421298013320405,0.3443187871449358,0.33998136088430586,0.295072664108114,0.008837003054850523,0.006161596568235339,0.008066826679110073,0.007580375078338253,0.13487331526582877,62.43157958984375
478,2013-11-26,0.34375127574089465,0.3419676507984499,0.3438728809093246,0.340548872288347,0.13950417432110443,0.0016214744088541289,-0.00016215053359064369,-0.00044590623561119314,0.0005675114040411544,-0.15556848978700957,62.40200424194336
479,2013-11-27,0.3422514065004705,0.34322427877496214,0.3442782417797751,0.3418460456300199,0.11108241328507248,-0.0014998692404241676,0.00125662797651227,0.0004053608704505107,0.001297173341672897,-0.028421761036031945,62.63130569458008
480,2013-11-29,0.3431026736065322,0.3429405230729416,0.34529165941942747,0.342656767370921,0.0831008203132105,0.0008512671060617039,-0.00028375570202054945,0.0010134176396523475,0.000810721740901077,-0.02798159297186198,62.57952117919922
481,2013-12-02,0.3433458839433921,0.3415217445628387,0.3449268129870856,0.3406299320916163,0.1758744247803707,0.00024321033685992255,-0.0014187785101029138,-0.00036484643234185876,-0.002026835279304695,0.09277360446716018,62.32062530517578
482,2013-12-03,0.33969760518228526,0.33998136088430586,0.3403056310244351,0.3375491338074986,0.14275632514232708,-0.003648278761106849,-0.0015403836785328195,-0.004621181962650489,-0.0030807982841176695,-0.0331180996380436,62.03955459594727
483,2013-12-04,0.33949490928353404,0.34038672175475637,0.3420487106017192,0.3369005626001882,0.19086196547772785,-0.00020269589875121508,0.0004053608704505107,0.0017430795772840901,-0.0006485712073104333,0.04810564033540077,62.113502502441406
484,2013-12-05,0.34018402585600516,0.34217034669720114,0.34285946326967226,0.33929221338478277,0.19250622965132141,0.0006891165724711157,0.0017836249424447725,0.0008107526679530519,0.002391650784594579,0.0016442641735935626,62.43896484375
485,2013-12-06,0.34480520781865565,0.3465888327611004,0.34691313382828165,0.3442782417797751,0.20950908528710963,0.004621181962650489,0.004418486063899274,0.00405367055860939,0.004986028394992348,0.01700285563578821,63.24527359008789
486,2013-12-09,0.3473995545020015,0.34898048354569494,0.3507641084881397,0.34683204309796034,0.21911638989432328,0.0025943466833458495,0.0023916507845945234,0.003850974659858064,0.0025538013181852226,0.009607304607213651,63.68169784545898
487,2013-12-10,0.3484940628719751,0.3503182022525285,0.3521423725601339,0.3482913669732238,0.1814147219847578,0.0010945083699736013,0.0013377187068335794,0.0013782640719942063,0.0014593238752634852,-0.03770166790956547,63.92578506469727
488,2013-12-11,0.348737273208835,0.34569702028987803,0.34950748051162744,0.34504844908256754,0.20459084377671474,0.00024321033685992255,-0.004621181962650489,-0.0026348920485064764,-0.0032429178906562828,0.02317612179195694,63.0825309753418
489,2013-12-12,0.3460618667222199,0.34687258846312097,0.3473995545020015,0.34391339534743326,0.16557958493242875,-0.0026754064866151284,0.0011755681732429357,-0.002107926009625949,-0.0011350537351342838,-0.039011258844285995,63.29705810546875
490,2013-12-13,0.34727794933357153,0.34881836393915633,0.3495480258767881,0.34687258846312097,0.15373870023099728,0.0012160826113516432,0.0019457754760353607,0.0021484713747866313,0.0029591931156877083,-0.011840884701431464,63.652103424072266
491,2013-12-16,0.35064250331970975,0.35420972227754727,0.356114952388422,0.35039929298284983,0.25377689663326,0.003364553986138219,0.005391358338390939,0.006566926511633875,0.0035267045197288627,0.10003819640226269,64.63591003417969
492,2013-12-17,0.35356115107023683,0.3523450375318332,0.3553042306475209,0.35015605171893793,0.1733170847050692,0.0029186477505270814,-0.0018646847457140514,-0.000810721740901077,-0.0002432412639118975,-0.08045981192819077,64.29566192626953
493,2013-12-18,0.3527098839641751,0.3574121257300949,0.3585876939033379,0.3512505600889116,0.253303988795722,-0.0008512671060617594,0.005067088198261682,0.003283463255816965,0.0010945083699736569,0.07998690409065282,65.22026824951172
494,2013-12-19,0.35469617387831914,0.35485832441190973,0.3560744070232614,0.3537233016038274,0.15641244838938503,0.001986289914144068,-0.002553801318185167,-0.002513286880076515,0.0024727415149158327,-0.09689154040633699,64.75425720214844
495,2013-12-20,0.356114952388422,0.36049292401421257,0.36122258595184437,0.3559528018548314,0.26881900361956385,0.0014187785101028583,0.005634599602302837,0.0051481789285829915,0.0022295002510039907,0.11240655523017881,65.7824478149414
496,2013-12-23,0.36203330769274544,0.3646681997412519,0.3651141059768631,0.3618711571591548,0.2085632696120337,0.005918355304323442,0.0041752757270393515,0.0038915200250187465,0.005918355304323386,-0.06025573400753015,66.54437255859375
497,2013-12-24,0.3648303502748425,0.368519205328162,0.36880296103018256,0.3647898049096819,0.09733534622310337,0.0027970425820970646,0.0038510055869100945,0.003688855053319451,0.0029186477505270814,-0.11122792338893032,67.24708557128906
498,2013-12-26,0.36884347546829116,0.3694920776026537,0.37159997268522776,0.36766790729504834,0.17427745139053094,0.004013125193448652,0.0009728722744916651,0.0027970116550452007,0.0028781023853664545,0.07694210516742757,67.42461395263672
499,2013-12-27,0.36945153223749305,0.3683570547945714,0.370627100410736,0.3671003958910072,0.1227304970988923,0.0006080567692018923,-0.0011350228080822533,-0.0009728722744917762,-0.0005675114040411544,-0.051546954291638636,67.21749114990234
500,2013-12-30,0.36827596406425006,0.3683570547945714,0.36900562600188186,0.3659653730829248,0.09549100565670529,-0.0011755681732429912,0.0,-0.0016214744088541289,-0.0011350228080823643,-0.027239491442187014,67.21749114990234
501,2013-12-31,0.3688840208334519,0.36811381353065953,0.36961368277108364,0.3666950350205566,0.11273031521126248,0.0006080567692018368,-0.0002432412639118975,0.0006080567692017813,0.0007296619376317981,0.017239309554557186,67.173095703125
502,2014-01-02,0.3664923700488573,0.36430338423596204,0.366654489655396,0.36211439842306675,0.17817712217392095,-0.002391650784594579,-0.0038104292946974927,-0.0029591931156876528,-0.004580636597489862,0.06544680696265848,66.47779846191406
503,2014-01-03,0.3648303502748425,0.36410068833721076,0.36584376791449486,0.36316833050082775,0.135397151639717,-0.0016620197740148113,-0.0002026958987512706,-0.0008107217409011325,0.0010539320777609995,-0.04277997053420396,66.4408187866211
504,2014-01-06,0.3656005575776349,0.35931735584096963,0.36604646381324607,0.35826339283615666,0.1903963331453828,0.0007702073027923695,-0.004783332496241133,0.00020269589875121508,-0.004904937664671094,0.054999181505665795,65.56794738769531
505,2014-01-07,0.35984432187985016,0.36049292401421257,0.3617090375526162,0.3597632620765808,0.127761508939777,-0.005756235697784717,0.0011755681732429357,-0.004337426260629884,0.0014998692404241676,-0.06263482420560579,65.7824478149414
506,2014-01-08,0.3598848672450108,0.3613441911202743,0.36410068833721076,0.3594389610093996,0.16084686880445262,4.05453651606269e-05,0.0008512671060617594,0.002391650784594579,-0.00032430106718123186,0.03308535986467562,65.93782806396484
507,2014-01-09,0.36183064272104615,0.36365478210159957,0.36401962853394143,0.3595200517397209,0.16247658196766038,0.0019457754760353607,0.0023105909813252445,-8.105980326933437e-05,8.109073032130931e-05,0.0016297131632077577,66.35945129394531
508,2014-01-10,0.362438699490248,0.36689773091930794,0.36726254642459777,0.3619522478894761,0.1970206806235108,0.0006080567692018368,0.0032429488177083687,0.0032429178906563383,0.002432196149755206,0.034544098655850425,66.95122528076172
509,2014-01-13,0.3658843132796556,0.3643844440392313,0.3699379838382649,0.36410068833721076,0.18965786936830425,0.003445613789407609,-0.002513286880076626,0.002675437413667159,0.0021484404477346564,-0.007362811255206547,66.49258422851562
510,2014-01-14,0.36426283887080135,0.3671003958910072,0.3677084526602089,0.36426283887080135,0.13503701413266883,-0.0016214744088542399,0.0027159518517758663,-0.002229531178056021,0.00016215053359058818,-0.054620855235635424,66.98819732666016
511,2014-01-15,0.36839756923267997,0.37459971116607604,0.37780208369157176,0.36839756923267997,0.36820968005965915,0.0041347303618786135,0.007499315275068863,0.010093631031362849,0.0041347303618786135,0.23317266592699032,68.35668182373047
512,2014-01-16,0.37249178515645004,0.37297823675722197,0.37642385054662947,0.3717215778536577,0.17355717637643464,0.004094215923770073,-0.0016214744088540733,-0.0013782331449422869,0.0033240086209777586,-0.1946525036832245,68.50554656982422
513,2014-01-17,0.37354574816126307,0.37066764577589656,0.3739916543968743,0.3689245661986126,0.24858218592553522,0.00105396300481303,-0.002310590981325411,-0.0024321961497551503,-0.002797011655045145,0.07502500954910057,68.08119201660156
514,2014-01-21,0.3713162169832071,0.36726254642459777,0.37232963462285945,0.363371026399579,0.20170974372032957,-0.0022295311780559657,-0.0034050993512987904,-0.0016620197740148668,-0.005553539799033558,-0.046872442205205644,67.45573425292969
515,2014-01-22,0.3672220010594371,0.363371026399579,0.3681543588958201,0.36219545822633603,0.17415013004965532,-0.004094215923770017,-0.0038915200250187465,-0.0041752757270393515,-0.0011755681732429912,-0.02755961367067425,66.74101257324219
516,2014-01-23,0.35956056617782955,0.3586687846336592,0.3611009807834144,0.35692570505637505,0.18242601720656978,-0.007661434881607532,-0.0047022417659198235,-0.007053378112405695,-0.005269753169960978,0.008275887156914463,65.87733459472656
517,2014-01-24,0.3566419493543545,0.3493047846128762,0.35668246379246316,0.34812921643963324,0.294199603484967,-0.002918616823475051,-0.009364000020783025,-0.004418516990951249,-0.008796488616741815,0.1117735862783972,64.15745544433594
518,2014-01-27,0.3720053335556782,0.37005958900669483,0.37419431936857356,0.3610604354182537,0.8076647447207116,0.015363384201323715,0.02075480439381866,0.017511855576110402,0.012931218978620485,0.5134651412357446,67.96949005126953
519,2014-01-28,0.370505495242306,0.37484292150293597,0.3756536432438371,0.37030279934355476,0.3422979683151749,-0.0014998383133721926,0.004783332496241133,0.0014593238752635407,0.009242363925301034,-0.4653667764055367,68.84805297851562
520,2014-01-29,0.3701406488099642,0.3673436371549191,0.37277554085847064,0.3660059184480855,0.2963276887538879,-0.00036484643234180325,-0.007499284348016888,-0.0028781023853664545,-0.004296880895469257,-0.04597027956128702,67.47064208984375
521,2014-01-30,0.37103246128118655,0.37780208369157176,0.3804369757400782,0.3677895433905302,0.5371032576074501,0.0008918124712223308,0.010458446536652677,0.007661434881607532,0.001783624942444717,0.24077556885356227,69.39159393310547
522,2014-01-31,0.3735862935264237,0.3806802170039901,0.383842075091377,0.37297823675722197,0.3527637825351498,0.002553832245237142,0.0028781333124183184,0.003405099351298846,0.0051886933666917545,-0.18433947507230036,69.9201889038086
523,2014-02-03,0.3799910695044669,0.37464022560418475,0.38080182217242,0.37273499549331,0.33045708361374343,0.006404775978043231,-0.006039991399805322,-0.0030402529189570426,-0.000243241263911953,-0.022306698921406354,68.81082916259766
524,2014-02-04,0.3748834668680966,0.3749645266713659,0.3755725834405677,0.37087031074759585,0.2488113643391113,-0.005107602636370334,0.00032430106718117635,-0.00522923873185227,-0.0018646847457141624,-0.08164571927463213,68.87041473388672
525,2014-02-05,0.3739105636665529,0.37277554085847064,0.37500507203652667,0.3691272311703119,0.18678040706451554,-0.0009729032015436956,-0.0021889858128952833,-0.0005675114040410434,-0.0017430795772839791,-0.06203095727459576,68.46834564208984
526,2014-02-06,0.37269448105520125,0.3803559159368088,0.381977390345663,0.37208642428599953,0.24897506320595136,-0.0012160826113516432,0.007580375078338142,0.0069723183091363605,0.0029591931156876528,0.06219465614143582,69.86063385009766
527,2014-02-07,0.38173414908175113,0.3845717370290089,0.38607157534238096,0.3805585809085081,0.3324978628203496,0.009039668026549874,0.004215821092200089,0.004094184996717931,0.008472156622508553,0.08352279961439824,70.63496398925781
528,2014-02-10,0.3849770978994594,0.38307186778858465,0.38501764326462,0.37954516326885573,0.21584241255752196,0.0032429488177082577,-0.001499869240424223,-0.001053932077760944,-0.0010134176396523475,-0.11665545026282764,70.3594741821289
529,2014-02-11,0.38355831938935653,0.3849365525342987,0.3864769362128316,0.38218005531736227,0.21848705869513815,-0.0014187785101028583,0.0018646847457140514,0.0014592929482115657,0.002634892048506532,0.0026446461376161967,70.70197296142578
530,2014-02-12,0.3863553310444017,0.38984149019896985,0.39174672030984453,0.3857878196403605,0.29109296276760216,0.002797011655045145,0.0049049376646711496,0.005269784097012953,0.0036077643229982526,0.072605904072464,71.60287475585938
531,2014-02-13,0.3862742712411323,0.3895982798621099,0.3908143934005135,0.38554460930350054,0.15958820640608232,-8.105980326938989e-05,-0.00024321033685997806,-0.0009323269093310382,-0.00024321033685997806,-0.13150475636151984,71.5582046508789
532,2014-02-14,0.3885848622224575,0.3913819048045546,0.3919088708434351,0.3885037714921362,0.15079575838047254,0.0023105909813252445,0.001783624942444717,0.0010944774429216264,0.002959162188635678,-0.008792448025609773,71.88579559326172
533,2014-02-18,0.3885443168572969,0.39142241924266336,0.3929628338482481,0.3885443168572969,0.17722039324105568,-4.05453651606269e-05,4.0514438108762985e-05,0.0010539630048129744,4.054536516068241e-05,0.026424634860583135,71.89324951171875
534,2014-02-19,0.38992258092929105,0.39000364073256044,0.3959219960368839,0.3895982798621099,0.21336146528674585,0.0013782640719941508,-0.0014187785101029138,0.002959162188635789,0.0010539630048129744,0.03614107204569017,71.63264465332031
535,2014-02-20,0.39121975427096406,0.3928817431179269,0.39531393926768205,0.38631481660629285,0.2807762964040816,0.001297173341673008,0.0028781023853664545,-0.0006080567692018368,-0.0032834632558170207,0.06741483111733573,72.16128540039062
536,2014-02-21,0.39365195042071927,0.3952328794644127,0.3970570188449662,0.3928817431179269,0.20206260572218485,0.002432196149755206,0.002351136346485816,0.0017430795772841456,0.006566926511634041,-0.07871369068189674,72.5931167602539
537,2014-02-24,0.3954355753631639,0.39450321752678097,0.39823258701820907,0.3939357061227398,0.17780607140908347,0.0017836249424446615,-0.0007296619376317426,0.0011755681732428802,0.001053963004812919,-0.024256534313101374,72.45909881591797
538,2014-02-25,0.3925574420507456,0.3908143934005135,0.39312498438183874,0.38842271168886694,0.21787227850633878,-0.0028781333124183184,-0.003688824126267476,-0.005107602636370334,-0.005512994433872875,0.04006620709725531,71.78158569335938
539,2014-02-26,0.39182781104016584,0.3940167659260092,0.3968948992384275,0.3905306067714409,0.17293512068244238,-0.0007296310105797676,0.0032023725254957114,0.0037699148565887852,0.002107895082573974,-0.0449371578238964,72.3697509765625
540,2014-02-27,0.3940573112911698,0.3919899306467045,0.39580039086845387,0.3912602687090727,0.1577947943760345,0.0022295002510039352,-0.002026835279304695,-0.0010945083699736569,0.0007296619376317981,-0.01514032630640788,71.99749755859375
541,2014-02-28,0.3917061749446838,0.3930844390166781,0.39531393926768205,0.39036848716490224,0.19684243074628494,-0.0023511363464859825,0.0010945083699736013,-0.00048645160077182004,-0.0008917815441704668,0.03904763637025044,72.19851684570312
542,2014-03-03,0.39044954696817163,0.390409001603011,0.39186832547827455,0.38753089921764455,0.17676567416649994,-0.001256627976512159,-0.0026754374136671033,-0.003445613789407498,-0.0028375879472576915,-0.020076756579785,71.70709991455078
543,2014-03-04,0.3940167659260092,0.39328710398837735,0.3950707289308221,0.39142241924266336,0.2277706033212681,0.00356721895783757,0.0028781023853663434,0.0032024034525475753,0.003891520025018802,0.051004929154768175,72.23573303222656
544,2014-03-05,0.39134135943939397,0.3906522428669229,0.3928006833146575,0.3886659220257268,0.19588570181341966,-0.0026754064866152394,-0.002634861121454446,-0.0022700456161646176,-0.0027564972169365487,-0.03188490150784845,71.75181579589844
545,2014-03-06,0.39300334828635686,0.3956382403348633,0.39786777151291924,0.39182781104016584,0.24424962258316812,0.0016619888469628918,0.004985997467940373,0.005067088198261738,0.0031618890144390344,0.048363920769748464,72.66759490966797
546,2014-03-07,0.396367902272495,0.3934087400838593,0.396732748704837,0.3911792089058034,0.1913166845522836,0.0033645539861381635,-0.0022295002510039907,-0.0011350228080822533,-0.0006486021343624637,-0.05293293803088453,72.25806427001953
547,2014-03-10,0.39174672030984453,0.3921926265454557,0.39239532244420694,0.3885848622224575,0.16880263373287982,-0.004621181962650489,-0.0012161135384035626,-0.004337426260630051,-0.0025943466833458495,-0.022514050819403775,72.03472900390625
548,2014-03-11,0.39357085969039796,0.3925574420507456,0.3968948992384275,0.39166566050657525,0.20848687680750833,0.0018241393805534245,0.0003648155052898838,0.004499576794220583,0.003080798284117725,0.039684243074628506,72.10172271728516
549,2014-03-12,0.39036848716490224,0.3924763822474763,0.3941789164595997,0.39036848716490224,0.16182906200549302,-0.0032023725254957114,-8.105980326933437e-05,-0.0027159827788278412,-0.001297173341673008,-0.04665781480201531,72.08682250976562
550,2014-03-13,0.3940167659260092,0.3875714445828052,0.3961652373007958,0.3853419134047493,0.30682988049982723,0.00364827876110696,-0.004904937664671094,0.0019863208411960986,-0.005026573760152919,0.14500081849433422,71.1859130859375
551,2014-03-14,0.3869228424484428,0.38667963211158285,0.39016579126615103,0.3859094248087905,0.1819603848742247,-0.007093923477566377,-0.0008918124712223308,-0.005999446034644751,0.0005675114040411544,-0.12486949562560254,71.02214050292969
552,2014-03-17,0.389111828261338,0.38781465491966516,0.39097651300705216,0.3873282342459452,0.17087251496025754,0.0021889858128951722,0.0011350228080823088,0.0008107217409011325,0.0014188094371547222,-0.011087869913967152,71.2305908203125
553,2014-03-18,0.3896388252272706,0.3908143934005135,0.39178726567500516,0.3879362600880951,0.17902471852889285,0.0005269969659326135,0.002999738480848335,0.0008107526679529964,0.0006080258421499174,0.008152203568635302,71.78158569335938
554,2014-03-19,0.38951718913178857,0.3893145241600893,0.39207102137702576,0.3861121207075417,0.18586005565761474,-0.00012163609548204724,-0.0014998692404241676,0.00028375570202060496,-0.0018241393805534245,0.006835337128721891,71.50607299804688
555,2014-03-20,0.38797680545325575,0.39000364073256044,0.39012524590099035,0.38550406393833986,0.15991560413976247,-0.0015403836785328195,0.0006891165724711157,-0.0019457754760354162,-0.0006080567692018368,-0.02594445151785227,71.63264465332031
556,2014-03-21,0.3934897998871286,0.3947869732288016,0.3957598455032932,0.39186832547827455,0.3033776532858,0.005512994433872875,0.004783332496241133,0.005634599602302837,0.00636426153993469,0.14346204914603755,72.51121520996094
557,2014-03-24,0.3956382403348633,0.39259798741590624,0.3956382403348633,0.3908549078386222,0.1749249713526983,0.0021484404477346564,-0.0021889858128953388,-0.00012160516842990576,-0.0010134176396523475,-0.12845268193310172,72.10916900634766
558,2014-03-25,0.39466536806037156,0.399651365528312,0.40269161844726903,0.39381410095430985,0.32995871150803036,-0.0009728722744917206,0.00705337811240575,0.00705337811240575,0.0029591931156876528,0.15503374015533206,73.40467071533203
559,2014-03-26,0.4024484081104091,0.3964489930028163,0.403745581452082,0.3964489930028163,0.20408519616580875,0.0077830400500375485,-0.0032023725254957114,0.0010539630048129744,0.002634892048506421,-0.1258735153422216,72.81648254394531
560,2014-03-27,0.39653005280608566,0.3990838541242709,0.4008674790667156,0.394381612358351,0.17998508521435458,-0.005918355304323442,0.0026348611214546125,-0.002878102385366399,-0.0020673806444652665,-0.024100110951454173,73.30044555664062
561,2014-03-28,0.4009485697970369,0.40289431434602024,0.40382667218240337,0.4004215728311044,0.211771767402099,0.004418516990951249,0.0038104602217493566,0.0029591931156877638,0.006039960472753403,0.031786682187744414,74.00032043457031
562,2014-03-31,0.40536705586093613,0.402813254542751,0.40792085717912124,0.401516081201078,0.20999290638243692,0.0044184860638992185,-8.105980326922335e-05,0.004094184996717876,0.0010945083699736013,-0.0017788610196620702,73.98542022705078
563,2014-04-01,0.4010701749654668,0.40459684855814376,0.4056913569281173,0.4010701749654668,0.17513232325069572,-0.004296880895469313,0.001783594015392742,-0.0022295002510039352,-0.00044590623561119314,-0.0348605831317412,74.31303405761719
564,2014-04-02,0.4055292063945268,0.41602819829633997,0.4165551952622726,0.40488060426016426,0.3404318012331981,0.004459031429059956,0.011431349738196206,0.010863838334155274,0.003810429294697437,0.16529947798250239,76.41264343261719
565,2014-04-03,0.4131500959109737,0.41570392815621077,0.4183387892776654,0.41189346793446135,0.29939431419269175,0.007620889516446905,-0.0003242701401292014,0.0017835940153927976,0.0070128636742970984,-0.04103748704050636,76.35305786132812
566,2014-04-04,0.41708216130115305,0.41416351355062603,0.419068451215297,0.413109581472865,0.17785699994543372,0.003932065390179373,-0.001540414605584739,0.0007296619376316316,0.0012161135384036181,-0.12153731424725803,76.07013702392578
567,2014-04-07,0.41189346793446135,0.4098666326551567,0.41375815268017546,0.40702907563495094,0.18971243565725096,-0.005188693366691699,-0.004296880895469313,-0.005310298535121549,-0.00608050583791403,0.011855435711817242,75.28092193603516
568,2014-04-08,0.4093396666162762,0.41505532602184836,0.41854148517641654,0.4092585758859549,0.24107022681387438,-0.002553801318185167,0.0051886933666916435,0.004783332496241077,0.0022295002510039352,0.05135779115662342,76.23394012451172
569,2014-04-09,0.41610928902666133,0.4174875221716035,0.4183387892776654,0.4128663402089531,0.1477655104676331,0.0067696224103851455,0.0024321961497551503,-0.00020269589875115956,0.003607764322998197,-0.0933047163462413,76.68063354492188
570,2014-04-10,0.41716325203147436,0.4145283599829679,0.4204467152872913,0.4134338516129942,0.16511395260008366,0.00105396300481303,-0.0029591621886356223,0.0021079260096258934,0.0005675114040410989,0.01734844213245057,76.13715362548828
571,2014-04-11,0.40982608728999603,0.411244865800099,0.4138797578486054,0.40929912125111556,0.19512541152076246,-0.00733716474147833,-0.0032834941828688846,-0.00656695743868585,-0.0041347303618786135,0.030011458920678802,75.53404998779297
572,2014-04-14,0.41420405891578665,0.41663625506554186,0.4168389509642931,0.4092180305207943,0.14966077957038143,0.004377971625790622,0.005391389265442859,0.0029591931156876528,-8.10907303212538e-05,-0.04546463195038103,76.52430725097656
573,2014-04-15,0.41602819829633997,0.41550123225745955,0.41789288304205413,0.41047468942435855,0.22982957129085652,0.0018241393805533135,-0.0011350228080823088,0.001053932077761055,0.001256658903564245,0.08016879172047509,76.31583404541016
574,2014-04-16,0.4159876838582314,0.41724431183474364,0.41813612430596603,0.4143256640842166,0.13828552720129503,-4.051443810854094e-05,0.0017430795772840901,0.0002432412639118975,0.003850974659858064,-0.09154404408956149,77.08724975585938
575,2014-04-17,0.4177307634355154,0.4168389509642931,0.4193116924792089,0.41590659312791006,0.12938758435038833,0.0017430795772839791,-0.00040536087045056624,0.0011755681732428802,0.0015809290436934464,-0.008897942850906698,77.01232147216797
576,2014-04-21,0.4171227066663137,0.4160687436615007,0.4174470077334949,0.4116502575976014,0.13901307772058422,-0.0006080567692017258,-0.0007702073027923695,-0.001864684745713996,-0.004256335530308686,0.009625493370195887,76.87004089355469
577,2014-04-22,0.41663625506554186,0.42032511011886126,0.42214924949941474,0.4165551952622726,0.1647356263300533,-0.00048645160077182004,0.00425636645736055,0.0047022417659198235,0.004904937664671205,0.02572254860946907,77.65641021728516
578,2014-04-23,0.41979811315292886,0.419068451215297,0.42409502497545015,0.418257729474396,0.2338129103839648,0.003161858087387004,-0.001256658903564245,0.0019457754760354162,0.0017025342121234077,0.0690772840539115,77.42428588867188
579,2014-04-24,0.42977013901586164,0.4267704314620652,0.4353642241800558,0.4247841415479212,0.32191200276469195,0.009972025862932776,0.007701980246768214,0.011269199204605673,0.006526412073525223,0.08809909238072716,78.84721374511719
580,2014-04-25,0.42575701382241293,0.42437878067747065,0.4267704314620652,0.4187036357100072,0.208508703323087,-0.004013125193448708,-0.002391650784594579,-0.0085937927179906,-0.00608050583791403,-0.11340329944160496,78.40533447265625
581,2014-04-28,0.42559486328882223,0.4226357011001866,0.42733794286610643,0.41854148517641654,0.14682697029775005,-0.0001621505335906992,-0.0017430795772840346,0.0005675114040412099,-0.00016215053359064369,-0.06168173302533694,78.08332061767578
582,2014-04-29,0.4247841415479212,0.4268515221923865,0.4276622439332876,0.4208926215229024,0.18100729369395588,-0.0008107217409010214,0.004215821092199867,0.00032430106718117635,0.0023511363464858714,0.03418032339620583,78.8622055053711
583,2014-04-30,0.426567766490366,0.4272568830628371,0.4306619514870839,0.42559486328882223,0.1891376707470125,0.0017836249424447725,0.00040536087045062175,0.0029997075537963047,0.0047022417659198235,0.008130377053056609,78.93708801269531
584,2014-05-01,0.4264461303948841,0.4259191643560035,0.4288378121065306,0.4241355394135587,0.10807035413521526,-0.0001216360954818807,-0.0013377187068335794,-0.0018241393805533135,-0.0014593238752635407,-0.08106731661179722,78.68994140625
585,2014-05-02,0.42535165295196237,0.42567595401914365,0.4279865450004688,0.4245409312110613,0.09738263700685716,-0.0010944774429217374,-0.00024321033685986704,-0.0008512671060618149,0.0004053917975025967,-0.010687717128358101,78.64500427246094
586,2014-05-05,0.42425717550904074,0.42368963317794756,0.42482468691308184,0.4208115307925812,0.11518579821386347,-0.0010944774429216264,-0.0019863208411960986,-0.0031618580873869484,-0.0037294004184800778,0.017803161207006313,78.27801513671875
587,2014-05-06,0.4224330052014353,0.42105477205649317,0.4234869682062483,0.41996026368651945,0.1031775768929955,-0.001824170307605455,-0.0026348611214543904,-0.001337718706833524,-0.0008512671060617594,-0.01200822132086797,77.79124450683594
588,2014-05-07,0.42198709896582415,0.42409502497545015,0.42425717550904074,0.41927114711404834,0.12367631277396825,-0.0004459062356111376,0.003040252918956987,0.000770207302792425,-0.0006891165724711157,0.020498735880972743,78.35291290283203
589,2014-05-08,0.4238112692734295,0.42539219831712294,0.42571646845725225,0.42218979486457536,0.11343967696756943,0.001824170307605344,0.001297173341672786,0.0014592929482115102,0.002918647750527026,-0.010236635806398817,78.59259033203125
590,2014-05-09,0.42547325812039233,0.42587861899084295,0.4268515221923865,0.42279785163377714,0.1004674512086433,0.0016619888469628363,0.00048642067372001163,0.0011350537351342282,0.0006080567692017813,-0.012972225758926134,78.68244934082031
591,2014-05-12,0.42851351103934937,0.43049980095349344,0.431715914491897,0.42827030070248945,0.13329453063897123,0.0030402529189570426,0.004621181962650489,0.004864392299510523,0.005472449068712304,0.032827079430327935,79.5362319946289
592,2014-05-13,0.431715914491897,0.4343508065404035,0.43864768743587274,0.42895941727496056,0.14374579384856037,0.003202403452547631,0.003851005586910039,0.006931772943975734,0.0006891165724711157,0.01045126320958914,80.24771881103516
593,2014-05-14,0.43313469300199986,0.43183751966032696,0.4339049003047923,0.43090519275099587,0.11212644828025246,0.0014187785101028583,-0.002513286880076515,-0.00474278713108045,0.0019457754760353052,-0.03161934556830791,79.78337097167969
594,2014-05-15,0.43167536912673626,0.42559486328882223,0.4326887867663886,0.4217438886289642,0.1873806362429291,-0.0014593238752635962,-0.006242656371504729,-0.0012161135384036736,-0.009161304122031644,0.07525418796267665,78.63004302978516
595,2014-05-16,0.42583810455273413,0.42981068438102227,0.4298917751113435,0.42227085466784475,0.160181160079303,-0.005837264574002132,0.004215821092200034,-0.0027970116550450896,0.0005269660388805275,-0.027199476163626113,79.40894317626953
596,2014-05-19,0.42733794286610643,0.4272163376976764,0.4277838491017176,0.42450038584590066,0.14275632514232708,0.0014998383133723037,-0.0025943466833458495,-0.002107926009625949,0.00222953117805591,-0.017424834936975914,78.9295883178711
597,2014-05-20,0.4247841415479212,0.41169077203571014,0.4248652013511906,0.4082857036114632,0.3374961348878663,-0.0025538013181852226,-0.015525565661966279,-0.0029186477505269703,-0.01621468223443745,0.1947398097455392,76.06120300292969
598,2014-05-21,0.4113665018955809,0.4170416159359923,0.41752806753676425,0.4113665018955809,0.1986285672711399,-0.01341763965234033,0.005350843900282176,-0.007337133814426355,0.0030807982841176695,-0.1388675676167264,77.04979705810547
599,2014-05-22,0.4171227066663137,0.41785236860394537,0.4210952864946017,0.41554177762262023,0.11321777405918623,0.005756204770732798,0.0008107526679530519,0.003567218957837459,0.0041752757270393515,-0.08541079321195366,77.1995849609375
600,2014-05-23,0.41813612430596603,0.42170334326380354,0.42218979486457536,0.41813612430596603,0.10508012150093672,0.0010134176396523475,0.003850974659858175,0.0010945083699736569,0.002594346683345794,-0.008137652558249511,77.91106414794922
601,2014-05-27,0.4223924598362747,0.4202845647537007,0.42352751357140894,0.4193927522824783,0.12526237290601866,0.004256335530308686,-0.0014187785101028583,0.0013377187068335794,0.00125662797651227,0.02018225140508194,77.64891815185547
602,2014-05-28,0.41967650798449885,0.41716325203147436,0.4210142266913324,0.4169200107675624,0.1219847578166209,-0.0027159518517758663,-0.0031213127222263215,-0.002513286880076515,-0.0024727415149158882,-0.0032776150893977646,77.07228088378906
603,2014-05-29,0.4186630903448465,0.41996026368651945,0.42024401938854006,0.41574444259431953,0.11172265774204697,-0.0010134176396523475,0.0027970116550450896,-0.0007702073027923695,-0.0011755681732428802,-0.010262100074573927,77.58904266357422
604,2014-05-30,0.4171227066663137,0.41440675481453787,0.4174470077334949,0.4116502575976014,0.21605703996071227,-0.0015403836785328195,-0.005553508871981583,-0.002797011655045145,-0.004094184996718153,0.1043343822186653,76.56299591064453
605,2014-06-02,0.4151769311902784,0.42060886582088197,0.4213385277585136,0.4135149423433156,0.13630658978882845,-0.0019457754760353052,0.006202111006344102,0.003891520025018691,0.001864684745714218,-0.07975045017188381,77.70886993408203
606,2014-06-03,0.4192306017488877,0.42356802800951754,0.4238923290766988,0.4177307634355154,0.13254515360410338,0.004053670558609335,0.002959162188635567,0.0025538013181852226,0.004215821092199812,-0.0037614361847250755,78.25557708740234
607,2014-06-04,0.4232842723074971,0.4228383660718859,0.4260407695244335,0.4218654937973942,0.10476363702504593,0.00405367055860939,-0.0007296619376316316,0.0021484404477346564,0.00413473036187878,-0.027781516579057447,78.12077331542969
608,2014-06-05,0.42482468691308184,0.43358059923761105,0.43422920137197357,0.4247030508175999,0.1960457629276633,0.001540414605584739,0.010742233165725146,0.00818843184754009,0.0028375570202057165,0.09128212590261736,80.10542297363281
609,2014-06-06,0.4340670508383828,0.4385260822674428,0.43925574420507457,0.43366168996793236,0.1564088106367886,0.009242363925300978,0.004945483029831721,0.005026542833101,0.00895863915033246,-0.03963695229087469,81.01911926269531
610,2014-06-09,0.436742457324998,0.4408366732487681,0.44306620442682393,0.4364181871848688,0.1418869022717765,0.002675406486615184,0.0023105909813253,0.0038104602217493566,0.0027564972169364377,-0.014521908365012104,81.44602966308594
611,2014-06-10,0.4398232556091157,0.4431067188649327,0.44387692616772506,0.43941789473866516,0.17289146765128505,0.003080798284117725,0.0022700456161646176,0.0008107217409011325,0.0029997075537963602,0.031004565379508547,81.86541748046875
612,2014-06-11,0.4415663351863998,0.4405934629119081,0.4417690310851511,0.43913413903664456,0.09963076811146074,0.0017430795772840901,-0.0025132559530245957,-0.002107895082573974,-0.00028375570202060496,-0.07326069953982431,81.40107727050781
613,2014-06-12,0.43970165044068577,0.4323239712610988,0.4398232556091157,0.431472704155037,0.12399643500245548,-0.0018646847457140514,-0.008269491650809313,-0.0019457754760353607,-0.007661434881607532,0.024365666890994744,79.87326049804688
614,2014-06-13,0.4319186103906482,0.43281039193481863,0.4346751076075847,0.42997283491461286,0.07308608741519489,-0.0077830400500375485,0.0004864206737198451,-0.005148148001531017,-0.0014998692404241676,-0.050910347587260596,79.96312713623047
615,2014-06-16,0.431715914491897,0.4329725424684093,0.43325629817042977,0.4285946017696707,0.07774604849124211,-0.00020269589875121508,0.0001621505335906992,-0.0014188094371549442,-0.0013782331449421759,0.004659961076047228,79.99308776855469
616,2014-06-17,0.4317564598570577,0.4324050310643682,0.4337427497712017,0.4296890792125923,0.07778970152239946,4.054536516068241e-05,-0.0005675114040411544,0.00048645160077193106,0.0010944774429216264,4.36530311573452e-05,79.88823699951172
617,2014-06-18,0.4322428805307774,0.43568852524723706,0.4361749459209569,0.4298917751113435,0.08071081685734553,0.0004864206737197341,0.0032834941828688846,0.002432196149755206,0.00020269589875121508,0.002921115334946073,80.494873046875
618,2014-06-19,0.43370220440604096,0.434756167410854,0.43544528398332516,0.43248612179468937,0.09430509831026392,0.0014593238752635407,-0.0009323578363830687,-0.0007296619376317426,0.0025943466833458495,0.013594281452918383,80.32260131835938
619,2014-06-20,0.43799911622856225,0.4433904745669532,0.443998531336155,0.4363370964545475,0.2823950963095,0.004296911822521288,0.008634307156099197,0.008553247352829862,0.0038509746598581196,0.1880899979992361,81.91783142089844
620,2014-06-23,0.4428635085280727,0.44095827841719804,0.445295704677828,0.43897198850305397,0.10329398497608178,0.004864392299510467,-0.0024321961497551503,0.0012971733416729525,0.0026348920485064764,-0.17910111133341822,81.46849060058594
621,2014-06-24,0.4400664659459757,0.43702621302701866,0.4432283240333626,0.4337427497712017,0.10419250986740392,-0.002797042582097009,-0.003932065390179373,-0.0020673806444653775,-0.00522923873185227,0.0008985248913221389,80.74201202392578
622,2014-06-25,0.43568852524723706,0.43958004527225575,0.4413636392876485,0.43516152828130455,0.07916477200385602,-0.004377940698738647,0.0025538322452370865,-0.001864684745714107,0.0014187785101028583,-0.025027737863547894,81.21382141113281
623,2014-06-26,0.44002595150786694,0.439904315412385,0.44103936914751923,0.43718836356060925,0.05539933429127485,0.004337426260629884,0.0003242701401292569,-0.0003242701401292569,0.002026835279304695,-0.023765437712581168,81.27374267578125
624,2014-06-27,0.43917465347475326,0.44095827841719804,0.4413636392876485,0.4367019428868894,0.1321268120555121,-0.0008512980331136788,0.00105396300481303,0.0003242701401292569,-0.0004864206737198451,0.07672747776423725,81.46849060058594
625,2014-06-30,0.44055291754674747,0.4405123721815869,0.4419716960568503,0.43767481516138107,0.08182033139926154,0.0013782640719942063,-0.0004459062356111376,0.0006080567692018368,0.0009728722744916651,-0.05030648065625057,81.38610076904297
626,2014-07-01,0.44217439195560154,0.44253920746089154,0.4448903438073774,0.4418906362535811,0.08535258917041053,0.0016214744088540733,0.0020268352793046396,0.0029186477505270814,0.004215821092200034,0.003532257771148989,81.76056671142578
627,2014-07-02,0.4431472642300933,0.44412013650458504,0.44570106554827854,0.44306620442682393,0.06726204550828498,0.0009728722744917762,0.001580929043693502,0.0008107217409011325,0.0011755681732428247,-0.01809054366212555,82.05264282226562
628,2014-07-03,0.4454984005765792,0.45028173307282027,0.45060603414000155,0.44464713347051743,0.10462904017897742,0.0023511363464858714,0.006161596568235228,0.0049049685917230135,0.001580929043693502,0.03736699467069245,83.19100952148438
629,2014-07-07,0.4466334233846615,0.4465523635813922,0.44772790082758324,0.44416068186974567,0.0981138252787428,0.0011350228080823088,-0.0037293694914280473,-0.0028781333124183184,-0.0004864516007717645,-0.006515214900234628,82.50201416015625
630,2014-07-08,0.44675502855309146,0.4437147756341345,0.4474441451255625,0.44347156529727455,0.08914676512850361,0.00012160516842996127,-0.002837587947257747,-0.000283755702020716,-0.0006891165724711157,-0.008967060150239181,81.97773742675781
631,2014-07-09,0.44505249434096805,0.4464712728510709,0.4470793296202727,0.4435526251005439,0.08259881045490096,-0.0017025342121234077,0.0027564972169364377,-0.0003648155052898283,8.105980326933437e-05,-0.0065479546736026545,82.48702239990234
632,2014-07-10,0.4383639317338522,0.4433094147636839,0.44416068186974567,0.4369856985889099,0.08379926881172811,-0.006688562607115867,-0.003161858087387004,-0.002918647750527026,-0.006566926511633986,0.0012004583568271526,81.90286254882812
633,2014-07-11,0.44387692616772506,0.4457416109134391,0.445863216081869,0.4404313123783175,0.07247494497899198,0.005512994433872875,0.002432196149755206,0.0017025342121233522,0.003445613789407609,-0.011324323832736127,82.3521957397461
634,2014-07-14,0.44764684102431385,0.44626857695231964,0.45011958253922973,0.44626857695231964,0.08640026191818695,0.0037699148565887852,0.0005269660388805275,0.004256366457360716,0.005837264574002132,0.013925316939194965,82.44956970214844
635,2014-07-15,0.4469171790866821,0.445295704677828,0.4476062956591533,0.44347156529727455,0.11687735317121083,-0.0007296619376317426,-0.0009728722744916651,-0.0025132868800764596,-0.0027970116550450896,0.030477091253023877,82.26982879638672
636,2014-07-16,0.4466334233846615,0.4515789064144933,0.4518221167513532,0.4455794603798486,0.14456792593535714,-0.00028375570202060496,0.0062832017366653,0.004215821092199923,0.0021078950825740295,0.027690572764146312,83.43065643310547
637,2014-07-17,0.4475252358558839,0.44213384659044097,0.4486197132988056,0.4415663351863998,0.1151239564197239,0.0008918124712223863,-0.009445059824052304,-0.0032024034525475753,-0.004013125193448763,-0.029443969515633245,82.20219421386719
638,2014-07-18,0.4435931704657045,0.4465928780195009,0.4465928780195009,0.4420527867871716,0.088211862711217,-0.003932065390179373,0.004459031429059956,-0.002026835279304695,0.0004864516007717645,-0.02691209370850689,83.03121185302734
639,2014-07-21,0.44590376144702976,0.44683611928341277,0.44813329262508567,0.44367423026897385,0.07551610614962076,0.0023105909813252445,0.00024324126391184198,0.001540414605584739,0.001621443481802265,-0.012695756561596244,83.07642364501953
640,2014-07-22,0.4493088298712767,0.44614697178388973,0.4510924548137214,0.4450930397061286,0.1047454482620637,0.0034050684242469265,-0.0006891474995230351,0.0029591621886357333,0.0014188094371547777,0.029229342112442935,82.94830322265625
641,2014-07-23,0.44505249434096805,0.4393368040083438,0.4458227016437604,0.43864768743587274,0.16265846959748267,-0.00425633553030863,-0.006810167775545939,-0.005269753169960978,-0.0064453522702558885,0.05791302133541898,81.68215942382812
642,2014-07-24,0.4280676048037382,0.42579755918757356,0.4306214370489753,0.42194655360066347,0.3161316138889394,-0.016984889537229875,-0.013539244820770235,-0.015201264594785102,-0.01670113383520927,0.15347314429145673,79.1649169921875
643,2014-07-25,0.42214924949941474,0.42502735188478113,0.42705418716408583,0.42198709896582415,0.15010094763455137,-0.005918355304323442,-0.000770207302792425,-0.0035672498848894896,4.054536516068241e-05,-0.16603066625438803,79.02172088623047
644,2014-07-28,0.4247435961827606,0.42218979486457536,0.4252300477835324,0.4182171841092354,0.1627639644227796,0.0025943466833458495,-0.002837557020205772,-0.0018241393805534245,-0.0037699148565887297,0.012663016788228232,78.4941635131836
645,2014-07-29,0.42563540865398297,0.42437878067747065,0.431472704155037,0.42437878067747065,0.2890958365921534,0.0008918124712223863,0.0021889858128952833,0.006242656371504618,0.006161596568235228,0.12633187216937378,78.9011459350586
646,2014-07-30,0.4259597097211641,0.419068451215297,0.42693258199565587,0.4176496727051942,0.21305953182124085,0.00032430106718112084,-0.005310329462173635,-0.004540122159381155,-0.006729107972276438,-0.07603630477091253,77.91384887695312
647,2014-07-31,0.41444726925264647,0.4084073087798932,0.4162714395602519,0.40836676341473244,0.2441441277578712,-0.011512440468517626,-0.010661142435403836,-0.010661142435403947,-0.009282909290461772,0.03108459593663035,75.93168640136719
648,2014-08-01,0.4074749509435101,0.4074749509435101,0.4088126696503437,0.401759291537938,0.218698048345732,-0.0069723183091363605,-0.0009323578363830687,-0.007458769909908236,-0.006607471876794446,-0.025446079412139194,75.75833892822266
649,2014-08-04,0.4068263797361997,0.4127041896753625,0.41367709287690607,0.4057724167313867,0.18857745684715982,-0.0006485712073104333,0.005229238731852381,0.004864423226562387,0.004013125193448708,-0.030120591498572186,76.7305908203125
650,2014-08-05,0.4098666326551567,0.41144756169885016,0.4153796270890296,0.40917751608268554,0.2068207861183361,0.0030402529189570426,-0.0012566279765123256,0.0017025342121235187,0.003405099351298846,0.01824332927117628,76.4969482421875
651,2014-08-06,0.40844785414505386,0.4114070163336895,0.4128663402089531,0.407839797375852,0.20105494825296932,-0.0014187785101028583,-4.054536516068241e-05,-0.002513286880076515,-0.001337718706833524,-0.005765837865366774,76.48938751220703
652,2014-08-07,0.416149834391822,0.4132311866412949,0.4194332976476389,0.412987945377383,0.20927263136834065,0.007701980246768159,0.0018241703076053994,0.00656695743868585,0.005148148001530961,0.008217683115371327,76.82857513427734
653,2014-08-08,0.4135149423433156,0.4186630903448465,0.4193116924792089,0.41258258450693247,0.17061787227850633,-0.002634892048506421,0.0054319037035516216,-0.00012160516843001679,-0.0004053608704505107,-0.03865475908983432,77.83847045898438
654,2014-08-11,0.42405447961028947,0.4236085733746783,0.42502735188478113,0.42129798239335303,0.18908674221066224,0.010539537266973875,0.0049454830298317765,0.0057156594055722265,0.008715397886420562,0.018468869932155907,78.75792694091797
655,2014-08-12,0.42397338887996816,0.4229194568022071,0.4262840107883454,0.42210870413425405,0.15281834882409648,-8.109073032130931e-05,-0.0006891165724711712,0.001256658903564245,0.0008107217409010214,-0.03626839338656576,78.62982940673828
656,2014-08-13,0.4229194568022071,0.4262840107883454,0.4276622439332876,0.4229194568022071,0.16969752087160553,-0.001053932077761055,0.0033645539861382745,0.0013782331449422314,0.0008107526679530519,0.01687917204750905,79.25535583496094
657,2014-08-14,0.42770278929844835,0.4283108460676501,0.4296890792125923,0.42559486328882223,0.15201440550028192,0.004783332496241244,0.002026835279304695,0.002026835279304695,0.0026754064866151284,-0.01768311537132361,79.63218688964844
658,2014-08-15,0.42972962457775304,0.4286351162077793,0.4313916134247158,0.4261623746928634,0.14911875443351097,0.002026835279304695,0.0003242701401292014,0.0017025342121235187,0.0005675114040411544,-0.002895651066770949,79.6925048828125
659,2014-08-18,0.43248612179468937,0.43366168996793236,0.4341481106416522,0.4308241020206746,0.12654286181996763,0.0027564972169363267,0.005026573760153086,0.002756497216936382,0.004661727327811227,-0.02257589261354334,80.62703704833984
660,2014-08-19,0.4347967127760147,0.4349588633096052,0.43658030679140747,0.4332157837323212,0.13238509248985977,0.0023105909813253556,0.0012971733416728415,0.0024321961497552613,0.0023916817116466094,0.005842230669892146,80.86820220947266
661,2014-08-20,0.43532367881489514,0.43658030679140747,0.4384044770990128,0.43455347151210283,0.19431419269175504,0.0005269660388804165,0.001621443481802265,0.001824170307605344,0.0013376877797816045,0.061929100201895265,81.16966247558594
662,2014-08-21,0.4384855369022822,0.43767481516138107,0.4401070113111363,0.435931735584097,0.14980628967423926,0.0031618580873870594,0.0010945083699736013,0.0017025342121234632,0.0013782640719941508,-0.04450790301751578,81.37316131591797
663,2014-08-22,0.4360938861176875,0.43499937774771397,0.4370667583921793,0.4318780650254876,0.16747121628258063,-0.00239165078459469,-0.0026754374136671033,-0.003040252918956987,-0.00405367055860939,0.017664926608341375,80.87574768066406
664,2014-08-25,0.43763426979622044,0.43767481516138107,0.43913413903664456,0.4367019428868894,0.10964550100947634,0.0015403836785329306,0.0026754374136671033,0.0020673806444652665,0.004823877861401815,-0.05782571527310429,81.37316131591797
665,2014-08-26,0.43799911622856225,0.438039630666671,0.4403907670131569,0.4377153605265417,0.10425071390894705,0.00036484643234180325,0.00036481550528993933,0.0012566279765123256,0.001013417639652292,-0.005394787100529291,81.44098663330078
666,2014-08-27,0.43832338636869145,0.44002595150786694,0.44152578982123925,0.4381207213969922,0.1193874024627585,0.0003242701401292014,0.001986320841195932,0.0011350228080823643,0.0004053608704505107,0.01513668855381145,81.8102798461914
667,2014-08-28,0.43787748013308037,0.4404313123783175,0.4411204289507886,0.4369856985889099,0.11741937830808127,-0.0004459062356110821,0.00040536087045056624,-0.00040536087045062175,-0.0011350228080823088,-0.001968024154677228,81.88562774658203
668,2014-08-29,0.44144473001796986,0.44213384659044097,0.44225545175887093,0.4388098379694634,0.16141435820949818,0.0035672498848894896,0.0017025342121234632,0.0011350228080823088,0.00182413938055348,0.0439949799014169,82.20219421386719
669,2014-09-02,0.4419716960568503,0.44152578982123925,0.44480928400410813,0.4411609743159492,0.14697248040160787,0.000526966038880472,-0.0006080567692017258,0.0025538322452371975,0.002351136346485816,-0.014441877807890302,82.08914947509766
670,2014-09-03,0.44367423026897385,0.4396611050755251,0.4445255283020875,0.43799911622856225,0.1698466687280598,0.0017025342121235187,-0.0018646847457141624,-0.00028375570202060496,-0.0031618580873869484,0.02287418832645194,81.74243927001953
671,2014-09-04,0.4390125338682146,0.4411204289507886,0.4438363808025644,0.4384450224641735,0.16748212954036995,-0.004661696400759252,0.0014593238752635407,-0.0006891474995231461,0.00044590623561124865,-0.0023645391876898625,82.01377868652344
672,2014-09-05,0.44185009088842037,0.4399854061427063,0.44257975282605216,0.4385666276326034,0.15660524927699668,0.002837557020205772,-0.0011350228080823088,-0.0012566279765122146,0.00012160516842990576,-0.010876880263373273,81.8027572631836
673,2014-09-08,0.43872877816619404,0.43743160482452115,0.4396611050755251,0.43585064485377567,0.12720857054511722,-0.0031213127222263215,-0.002553801318185167,-0.0029186477505270814,-0.00271598277882773,-0.029396678731879455,81.32796478271484
674,2014-09-09,0.4370667583921793,0.4353642241800558,0.43860714207071216,0.434512957073994,0.13017697666381708,-0.0016620197740147558,-0.002067380644465322,-0.001053963004812919,-0.00133768777978166,0.0029684061186998623,80.94358825683594
675,2014-09-10,0.4281081501688988,0.42940532351057176,0.4301755308133642,0.42717579233251574,0.2966478109823751,-0.008958608223280484,-0.0059589006694840685,-0.008431611257347982,-0.007337164741478275,0.166470834318558,79.835693359375
676,2014-09-11,0.4283108460676501,0.4280270594385775,0.4283108460676501,0.42397338887996816,0.19862492951854344,0.0002026958987512706,-0.0013782640719942618,-0.001864684745714107,-0.0032024034525475753,-0.09802288146383165,79.5794448852539
677,2014-09-12,0.425513803485553,0.42571646845725225,0.42600022415927286,0.4232032125042277,0.25115771476381893,-0.0027970425820970646,-0.0023105909813252445,-0.0023106219083772195,-0.0007701763757404501,0.05253278524527549,79.14984893798828
678,2014-09-15,0.4228789114370465,0.4250678972499418,0.4252300477835324,0.4184198800079866,0.25653067534876955,-0.002634892048506532,-0.0006485712073104333,-0.0007701763757404501,-0.004783332496241133,0.005372960584950626,79.02926635742188
679,2014-09-16,0.4224330052014353,0.4250678972499418,0.42899996264012114,0.42064938025899057,0.1924261990941996,-0.00044590623561119314,0.0,0.0037699148565887297,0.0022295002510039907,-0.06410447625456994,79.02926635742188
680,2014-09-17,0.4263650705916147,0.4215411927302129,0.4272974284279977,0.4210952864946017,0.1863329634951527,0.003932065390179429,-0.003526704519728918,-0.0017025342121234077,0.0004459062356111376,-0.006093235599046926,78.37358093261719
681,2014-09-18,0.42279785163377714,0.4229599712403158,0.4238112692734295,0.4191495419456184,0.14244711617162917,-0.00356721895783757,0.0014187785101029138,-0.0034861591545682358,-0.0019457445489833303,-0.04388584732352352,78.63738250732422
682,2014-09-19,0.42502735188478113,0.41554177762262023,0.42563540865398297,0.41379869804533603,0.3014023536259299,0.0022295002510039907,-0.007418193617695579,0.00182413938055348,-0.005350843900282343,0.1589552374543007,77.25816345214844
683,2014-09-22,0.4138797578486054,0.40901536554909496,0.4145283599829679,0.4086910644819137,0.18527801524218337,-0.011147594036175712,-0.006526412073525278,-0.011107048671015085,-0.005107633563422309,-0.1161243383837465,76.04475402832031
684,2014-09-23,0.40885321501550437,0.40532651049577545,0.4097855419248354,0.40488060426016426,0.20772658651485112,-0.005026542833101055,-0.0036888550533195064,-0.004742818058132481,-0.0038104602217494676,0.02244857127266775,75.35891723632812
685,2014-09-24,0.4055292063945268,0.41023144816044665,0.4114070163336895,0.40492114962532494,0.21088051801596974,-0.003324008620977592,0.004904937664671205,0.0016214744088540733,4.054536516068241e-05,0.0031539315011186175,76.27083587646484
686,2014-09-25,0.4094207264195455,0.4033807659467922,0.41023144816044665,0.4020835926051191,0.180461630804489,0.0038915200250187465,-0.00685068221365448,-0.0011755681732428247,-0.0028375570202058276,-0.030418887211480755,74.99717712402344
687,2014-09-26,0.40309701024477146,0.4069074395394689,0.407961402544282,0.4022862575768184,0.10680077847905564,-0.006323716174774063,0.003526673592676721,-0.002270045616164673,0.00020266497169929565,-0.07366085232543335,75.65283966064453
688,2014-09-29,0.40273216381242966,0.40467793928846496,0.4057724167313867,0.3983136777485305,0.11482202295421888,-0.00036484643234180325,-0.0022295002510039352,-0.0021889858128952833,-0.003972579828287914,0.008021244475163239,75.23831939697266
689,2014-09-30,0.4054886610293661,0.40143499047075676,0.4057724167313867,0.40050266356142566,0.13627385001546044,0.0027564972169364377,-0.003242948817708202,0.0,0.0021889858128951722,0.02145182706124156,74.63540649414062
690,2014-10-01,0.39985406142706326,0.3956787857000239,0.4013133853023268,0.3943005216280297,0.1756052310882337,-0.005634599602302837,-0.005756204770732853,-0.004459031429059901,-0.006202141933395966,0.03933138107277326,73.565185546875
691,2014-10-02,0.39584093623361455,0.39486806395912283,0.39717865494044813,0.3897604303957005,0.16227286782225941,-0.004013125193448708,-0.000810721740901077,-0.004134730361878669,-0.00454009123232918,-0.013332363265974284,73.41445922851562
692,2014-10-03,0.39742186527730805,0.3947869732288016,0.39863794788865964,0.39332764935353803,0.14266901908001237,0.001580929043693502,-8.10907303212538e-05,0.0014592929482115102,0.0035672189578375146,-0.01960384874224705,73.39939880371094
693,2014-10-06,0.39648950744092504,0.3972597147437174,0.3977866807825979,0.3928412286798182,0.14486985940086214,-0.0009323578363830132,0.0024727415149158327,-0.0008512671060617594,-0.0004864206737198451,0.002200840320849773,73.859130859375
694,2014-10-07,0.39357085969039796,0.3838825895294858,0.39527342482957345,0.383842075091377,0.2357081794867131,-0.0029186477505270814,-0.013377125214231622,-0.002513255953024429,-0.008999153588441167,0.09083832008585097,71.37201690673828
695,2014-10-08,0.38339616885576583,0.39178726567500516,0.3926385327810669,0.3795857086340164,0.2260572218483421,-0.010174690834632127,0.007904676145519374,-0.002634892048506532,-0.004256366457360605,-0.00965095763837101,72.84169006347656
696,2014-10-09,0.39000364073256044,0.3790181972299753,0.3912602687090727,0.37796423422516223,0.23334364029902327,0.006607471876794613,-0.01276906844502984,-0.0013782640719942063,-0.0016214744088541844,0.007286418450681176,70.4676284790039
697,2014-10-10,0.37796423422516223,0.37751832798955104,0.3833556234906052,0.37135676234836773,0.22478037068698958,-0.01203940650739821,-0.0014998692404242786,-0.00790464521846751,-0.006607471876794502,-0.008563269612033686,70.18878173828125
698,2014-10-13,0.37816693012391356,0.37164051805038834,0.38128824284613994,0.37139730771352847,0.21289583295440076,0.0002026958987513261,-0.005877809939162704,-0.0020673806444652665,4.054536516073792e-05,-0.011884537732588824,69.09598541259766
699,2014-10-14,0.37500507203652667,0.3761806402097695,0.38513924843305003,0.37451862043575473,0.24705069208243147,-0.003161858087386893,0.004540122159381155,0.0038510055869100945,0.003121312722226266,0.03415485912803071,69.94007873535156
700,2014-10-15,0.370627100410736,0.3753293421766558,0.3759779443110183,0.3650330461735938,0.34113388748431217,-0.0043779716257906776,-0.0008512980331136788,-0.009161304122031755,-0.009485574262160956,0.0940831954018807,69.78178405761719
701,2014-10-16,0.3659248277177642,0.37796423422516223,0.3816530892784818,0.3659248277177642,0.27062696665999747,-0.004702272692971798,0.002634892048506421,0.005675144967463519,0.0008917815441704113,-0.0705069208243147,70.80699157714844
702,2014-10-17,0.3818557542501811,0.38530139896664056,0.38753089921764455,0.3809639727060107,0.27074337474308374,0.0159309265324169,0.00733716474147833,0.005877809939162759,0.015039144988246489,0.00011640808308627237,72.18151092529297
703,2014-10-20,0.3831934729570146,0.3811666376777099,0.38631481660629285,0.37808583939359225,0.15536113788901218,0.001337718706833524,-0.004134761288930644,-0.0012160826113516987,-0.0028781333124184294,-0.11538223685407156,71.40693664550781
704,2014-10-21,0.38526085360147994,0.3887064673908875,0.39044954696817163,0.38526085360147994,0.14516451736117428,0.002067380644465322,0.0075398297131775704,0.00413473036187878,0.007175014207887687,-0.010196620527837902,72.81941986083984
705,2014-10-22,0.38724714351562395,0.3833556234906052,0.3890713138232294,0.3812477284080312,0.22595172702304517,0.0019862899141440127,-0.005350843900282287,-0.0013782331449422314,-0.004013125193448763,0.08078720966187089,71.8170166015625
706,2014-10-23,0.3956382403348633,0.4024078627452484,0.40512384552407615,0.3945842773300503,0.4245293657578348,0.00839109681923933,0.019052239254643222,0.01605253170084675,0.013336548922019131,0.19857763873478962,75.3862075805664
707,2014-10-24,0.4033807659467922,0.40309701024477146,0.40406988251926323,0.39875958398414163,0.15037741683188127,0.0077425256119288965,0.0006891474995230351,-0.001053963004812919,0.004175306654091326,-0.2741519489259535,75.51531219482422
708,2014-10-27,0.40001621196065384,0.3994487005566127,0.40038102746594373,0.39381410095430985,0.15810036559413596,-0.00336455398613833,-0.0036483096881587684,-0.0036888550533195064,-0.0049454830298317765,0.007722948762254683,74.83187103271484
709,2014-10-28,0.40309701024477146,0.41006932855390793,0.41006932855390793,0.40143499047075676,0.18441950562942214,0.003080798284117614,0.01062062799729524,0.009688301087964202,0.007620889516446905,0.02631914003528618,76.82151794433594
710,2014-10-29,0.4115691668672801,0.4061372631637285,0.4128257948437924,0.40471845372657367,0.161021480929082,0.008472156622508664,-0.003932065390179429,0.0027564662898844627,0.0032834632558169097,-0.023398024700340136,76.08486938476562
711,2014-10-30,0.4038671866205119,0.4060156579952986,0.407718192207422,0.4015565956391868,0.09643318357918478,-0.007701980246768214,-0.00012160516842990576,-0.00510760263637039,-0.003161858087386893,-0.06458829734989723,76.06205749511719
712,2014-10-31,0.4108395049296484,0.4110827461935603,0.4149742662185791,0.40877212428518306,0.19526364611942743,0.0069723183091364715,0.005067088198261682,0.0072560740111570765,0.007215528645996283,0.09883046254024265,77.01134490966797
713,2014-11-03,0.41189346793446135,0.4062588683321585,0.41250152470366325,0.4044346980245531,0.16130886338420125,0.0010539630048129744,-0.00482387786140176,-0.0024727415149158327,-0.00433742626062994,-0.033954782735226174,76.1076431274414
714,2014-11-04,0.4043536382212838,0.3997324562586333,0.40536705586093613,0.39742186527730805,0.17639462340166245,-0.0075398297131775704,-0.006526412073525223,-0.007134468842727115,-0.007012832747245068,0.015085760017461203,74.88499450683594
715,2014-11-05,0.4031375246828803,0.40297540507634155,0.4039077319856726,0.3990838541242709,0.12788883028065262,-0.0012161135384035071,0.0032429488177082577,-0.0014593238752635407,0.0016619888469628363,-0.04850579312100983,75.49251556396484
716,2014-11-06,0.4033807659467922,0.40905591091425564,0.4093801810543848,0.4022862575768184,0.12469124574837666,0.0002432412639118975,0.006080505837914085,0.005472449068712193,0.00320240345254752,-0.0031975845322759627,76.63162994384766
717,2014-11-07,0.41047468942435855,0.41250152470366325,0.4127852804056837,0.40901536554909496,0.09851761581694829,0.007093923477566377,0.003445613789407609,0.0034050993512989014,0.006729107972276549,-0.02617362993142837,77.27713775634766
718,2014-11-10,0.4129068855741137,0.4143256640842166,0.41570392815621077,0.4129068855741137,0.12034049364302733,0.0024321961497551503,0.001824139380553369,0.0029186477505270814,0.0038915200250187465,0.021822877826079043,77.61885833740234
719,2014-11-11,0.4147310249546672,0.4156228374258895,0.4167173457958631,0.41185292256930073,0.08964877498681315,0.00182413938055348,0.001297173341672897,0.0010134176396523475,-0.0010539630048129744,-0.030691718656214187,77.86186981201172
720,2014-11-12,0.41416351355062603,0.4174875221716035,0.4184198800079866,0.4115286215021195,0.10217355717637644,-0.0005675114040411544,0.001864684745713996,0.0017025342121234632,-0.00032430106718123186,0.012524782189563294,78.21121215820312
721,2014-11-13,0.4177712778736242,0.4098666326551567,0.418257729474396,0.40812355307787257,0.14274904963713417,0.003607764322998197,-0.007620889516446794,-0.00016215053359058818,-0.0034050684242469265,0.04057549246075773,76.78350830078125
722,2014-11-14,0.4094207264195455,0.41079895956448775,0.4122582834397513,0.4080019479094426,0.09678240782844359,-0.008350551454078703,0.0009323269093310382,-0.005999446034644695,-0.00012160516842996127,-0.045966641808690575,76.95816802978516
723,2014-11-17,0.4104341440591978,0.4122582834397513,0.41379869804533603,0.4071911952414896,0.09010713181396533,0.001013417639652292,0.0014593238752635407,0.001540414605584739,-0.0008107526679529964,-0.00667527601447826,77.23157501220703
724,2014-11-18,0.4122582834397513,0.4136365475117455,0.41529853635870834,0.41067735439605785,0.10044562469306463,0.00182413938055348,0.0013782640719942063,0.0014998383133723037,0.0034861591545682358,0.010338492879099298,77.48974609375
725,2014-11-19,0.4129068855741137,0.41063683995794903,0.4146905105165584,0.40897482018393433,0.17021408174030084,0.0006486021343624082,-0.0029997075537964712,-0.0006080258421499174,-0.0017025342121235187,0.06976845704723621,76.92782592773438
726,2014-11-20,0.40670477456776966,0.41383921248344474,0.414041908382196,0.40565081156295674,0.11104603575910803,-0.0062021110063440466,0.0032023725254957114,-0.0006486021343624082,-0.003324008620977592,-0.05916804598119281,77.52771759033203
727,2014-11-21,0.42279785163377714,0.4315132185931458,0.43422920137197357,0.4223924598362747,0.31786682187744414,0.01609307706600749,0.017674006109701046,0.02018729298977756,0.016741648273317977,0.2068207861183361,80.83875274658203
728,2014-11-24,0.43131055362144644,0.4295269286790017,0.43159430932346704,0.4260407695244335,0.1494607031775769,0.008512701987669291,-0.001986289914144068,-0.002634892048506532,0.0036483096881587684,-0.16840611869986724,80.46665954589844
729,2014-11-25,0.4300944400830429,0.4306619514870839,0.4322428805307774,0.42697312736081644,0.12082795249095109,-0.0012161135384035626,0.0011350228080821978,0.0006485712073103778,0.0009323578363829577,-0.02863275068662581,80.67926025390625
730,2014-11-26,0.43086464738583524,0.4288378121065306,0.431472704155037,0.4274595480345364,0.08962694847123447,0.0007702073027923695,-0.0018241393805533135,-0.0007701763757403945,0.0004864206737199561,-0.03120100401971662,80.33753204345703
731,2014-11-28,0.4231626671390671,0.40779925201069134,0.42405447961028947,0.40585350746170806,0.21029483984794195,-0.007701980246768159,-0.021038560095839265,-0.007418224544747554,-0.021606040572828333,0.12066789137670748,76.39620971679688
732,2014-12-01,0.4063399281354278,0.4013133853023268,0.40727228597181087,0.3964084476376557,0.27035049746266754,-0.016822739003639287,-0.0064858667083645405,-0.016782193638478604,-0.00944505982405236,0.06005565761472559,75.18116760253906
733,2014-12-02,0.40325916077836216,0.4033807659467922,0.40520490532734554,0.4001783624942445,0.1418869022717765,-0.003080767357065639,0.0020673806444653775,-0.002067380644465322,0.0037699148565887852,-0.12846359519089104,75.5684814453125
734,2014-12-03,0.4055292063945268,0.40609671779856793,0.4112854111652596,0.40520490532734554,0.2521217192018771,0.0022700456161646176,0.0027159518517757553,0.00608050583791403,0.005026542833101055,0.1102348169301006,76.07728576660156
735,2014-12-04,0.4041104278844238,0.4040293371541026,0.40889376038066505,0.4033807659467922,0.12332345077211299,-0.0014187785101029693,-0.002067380644465322,-0.0023916507845945234,-0.001824139380553369,-0.1287982684297641,75.68997955322266
736,2014-12-05,0.40459684855814376,0.4004215728311044,0.40520490532734554,0.4001378171290838,0.13114098110187525,0.0004864206737199561,-0.003607764322998197,-0.0036888550533195064,-0.0032429488177083687,0.007817530329762262,75.01409912109375
737,2014-12-08,0.39993515215738457,0.3861121207075417,0.40034051302783513,0.3859094248087905,0.2616308044889867,-0.0046616964007591966,-0.014309452123562716,-0.004864392299510412,-0.014228392320293326,0.13048982338711143,72.33341217041016
738,2014-12-09,0.38173414908175113,0.3869228424484428,0.38984149019896985,0.3802343107683788,0.238742065152149,-0.018201003075633437,0.0008107217409011325,-0.010499022828865279,-0.005675114040411655,-0.022888739336837688,72.48526000976562
739,2014-12-10,0.38473388756259946,0.3770724217539399,0.3851797628711586,0.3759779443110183,0.24553374924971352,0.002999738480848335,-0.009850420694502926,-0.004661727327811227,-0.00425636645736055,0.006791684097564532,70.63993072509766
740,2014-12-11,0.37974785916760706,0.3757347339741583,0.38222060068252295,0.3750861318397959,0.16969752087160553,-0.004986028394992403,-0.0013376877797816045,-0.002959162188635678,-0.0008918124712223863,-0.075836228378108,70.38931274414062
741,2014-12-12,0.37293769139206123,0.3668571855541472,0.37293769139206123,0.3646681997412519,0.3756779861401626,-0.006810167775545828,-0.008877548420011094,-0.009282909290461716,-0.01041793209854397,0.2059804652685571,68.72623443603516
742,2014-12-15,0.36989743847310425,0.36381693263519016,0.37005958900669483,0.3623576087599267,0.25188162753051163,-0.003040252918956987,-0.0030402529189570426,-0.002878102385366399,-0.0023105909813252445,-0.12379635860965099,68.15666961669922
743,2014-12-16,0.3617090375526162,0.3621549128611754,0.3739511090317136,0.36138473648543495,0.2782698848651303,-0.00818840092048806,-0.0016620197740147558,0.0038915200250187465,-0.0009728722744917206,0.026388257334618692,67.84529113769531
744,2014-12-17,0.3623981541250873,0.36381693263519016,0.36539786167888366,0.35684461432605374,0.31545135415340403,0.0006891165724711157,0.0016620197740147558,-0.008553247352829918,-0.00454012215938121,0.037181469288273705,68.15666961669922
745,2014-12-18,0.37249178515645004,0.3716810634155489,0.37249178515645004,0.3670598814528984,0.30354862765783297,0.010093631031362738,0.007864130780358747,0.007093923477566377,0.010215267126844674,-0.011902726495571059,69.62992095947266
746,2014-12-19,0.3712351571799377,0.3717621232188183,0.37285663158879195,0.36839756923267997,0.35246912457483764,-0.0012566279765123256,8.105980326938989e-05,0.0003648464323419143,0.001337687779781549,0.048920496917004674,69.64509582519531
747,2014-12-22,0.37480237613777534,0.3742348647337342,0.37622115464787825,0.37232963462285945,0.16650721184452244,0.0035672189578376257,0.0024727415149158882,0.0033645230590862996,0.003932065390179484,-0.1859619127303152,70.10834503173828
748,2014-12-23,0.3769508165855099,0.3790181972299753,0.38080182217242,0.3755725834405677,0.12929300278288072,0.0021484404477345453,0.004783332496241133,0.004580667524541726,0.0032429488177082577,-0.03721420906164172,71.00444030761719
749,2014-12-24,0.3795857086340164,0.37991000970119765,0.3809639727060107,0.37808583939359225,0.06017570345040834,0.002634892048506532,0.0008918124712223308,0.0001621505335906992,0.00251325595302454,-0.06911729933247238,71.17151641845703
750,2014-12-26,0.38084233661052874,0.381977390345663,0.3837204699229471,0.37991000970119765,0.11378162571163535,0.0012566279765123256,0.0020673806444653775,0.0027564972169364377,0.0018241703076053994,0.053605922261227006,71.55880737304688
751,2014-12-29,0.3818557542501811,0.379869464336037,0.38218005531736227,0.3793830127352652,0.08696047581803962,0.0010134176396523475,-0.0021079260096260044,-0.00154041460558485,-0.0005269969659324469,-0.026821149893595728,71.16390991210938
752,2014-12-30,0.37942355810042583,0.3753293421766558,0.37954516326885573,0.37500507203652667,0.11631350151876171,-0.0024321961497552613,-0.00454012215938121,-0.002634892048506532,-0.004377940698738536,0.029353025700722096,70.31336212158203
753,2014-12-31,0.37654545571505943,0.37103246128118655,0.37930195293199587,0.3707081602140054,0.11826697466305316,-0.002878102385366399,-0.004296880895469257,-0.00024321033685986704,-0.004296911822521288,0.001953473144291451,69.50839233398438
754,2015-01-02,0.3720053335556782,0.37245123979128936,0.3744375606324855,0.36750578768850967,0.13706688008148565,-0.00454012215938121,0.0014187785101028028,-0.004864392299510356,-0.0032023725254957114,0.01879990541843249,69.77421569824219
755,2015-01-05,0.3662491287849454,0.3527909437674444,0.366532884486966,0.3510478641901603,0.41111697193473873,-0.005756204770732798,-0.019660296023844948,-0.007904676145519485,-0.016457923498349347,0.2740500918532531,66.09110260009766
756,2015-01-06,0.35380436140709676,0.3505208981512798,0.3554258358159509,0.34525111405426684,0.31505120136779496,-0.012444767377848664,-0.0022700456161646176,-0.01110704867101514,-0.00579675013589348,-0.09606577056694376,65.66581726074219
757,2015-01-07,0.3541692078394386,0.3559528018548314,0.35729052056166494,0.3503182022525285,0.23685770930719002,0.00036484643234185876,0.0054319037035516216,0.0018646847457140514,0.005067088198261682,-0.07819349206060494,66.68340301513672
758,2015-01-08,0.3615063416538649,0.35960111154299024,0.3619117025243155,0.3560744070232614,0.27711671729205695,0.0073371338144263,0.003648309688158824,0.004621181962650545,0.005756204770732853,0.040259007984866924,67.36690521240234
759,2015-01-09,0.35980380744174145,0.3553042306475209,0.360330773480622,0.3527503984022837,0.17668928136197457,-0.0017025342121234632,-0.004296880895469313,-0.001580929043693502,-0.0033240086209776476,-0.10042743593008238,66.5619125366211
760,2015-01-12,0.35562853171470216,0.35222343236340325,0.35579065132124077,0.34889942374242566,0.15830044198694046,-0.004175275727039296,-0.0030807982841176695,-0.00454012215938121,-0.003850974659858064,-0.018388839375034105,65.98475646972656
761,2015-01-13,0.3554258358159509,0.3501155372808293,0.35631764828717327,0.3453727192226968,0.18472871460012005,-0.0002026958987512706,-0.002107895082573974,0.0005269969659325024,-0.0035267045197288627,0.026428272613179593,65.58985900878906
762,2015-01-14,0.34411609124618453,0.34889942374242566,0.34950748051162744,0.341602804366108,0.37711489841575874,-0.011309744569766356,-0.0012161135384036181,-0.006810167775545828,-0.0037699148565887852,0.19238618381563868,65.3620834350586
763,2015-01-15,0.348737273208835,0.3418055002648593,0.3493047846128762,0.34172444046158995,0.24314374579384856,0.004621181962650489,-0.007093923477566377,-0.0002026958987512706,0.00012163609548193621,-0.13397115262191017,64.55814361572266
764,2015-01-16,0.34148119919767805,0.3399408155191452,0.3418055002648593,0.33665735226332827,0.37922843267429385,-0.0072560740111569655,-0.001864684745714107,-0.007499284348016888,-0.005067088198261682,0.13608468688044528,64.20597076416016
765,2015-01-20,0.3422108611353098,0.34038672175475637,0.34253516220249103,0.3372248636673694,0.21598428490878335,0.0007296619376317426,0.00044590623561119314,0.0007296619376317426,0.0005675114040411544,-0.1632441477655105,64.29016876220703
766,2015-01-21,0.3388463071491716,0.3460618667222199,0.34618347189064985,0.3388463071491716,0.24056821695556485,-0.003364553986138219,0.005675144967463519,0.003648309688158824,0.001621443481802154,0.024583932046781498,65.3620834350586
767,2015-01-22,0.34881836393915633,0.35193967666138265,0.354128662474278,0.3463050770590798,0.20254278906491568,0.009972056789984751,0.005877809939162759,0.007945190583628137,0.007458769909908236,-0.038025427890649166,66.47223663330078
768,2015-01-23,0.3518180714929527,0.3470347389967116,0.35266933859901445,0.3453727192226968,0.18288801178631842,0.0029997075537963602,-0.0049049376646710385,-0.0014593238752635407,-0.0009323578363830132,-0.01965477727859727,65.54580688476562
769,2015-01-26,0.34602132135705926,0.348737273208835,0.3496696310452181,0.34415663661134516,0.29613125011367974,-0.005796750135893425,0.0017025342121234077,-0.0029997075537963602,-0.0012160826113516432,0.11324323832736133,65.86738586425781
770,2015-01-27,0.3232396816839359,0.3236855879195471,0.32976609375746113,0.3206453350005901,1.0,-0.022781639673123355,-0.025051685289287917,-0.019903537287756956,-0.023511301610755042,0.7038687498863203,61.13574981689453
771,2015-01-28,0.32591511909760307,0.32433419005390957,0.32915803698825935,0.3241314941551583,0.519081831244657,0.002675437413667159,0.0006486021343624637,-0.0006080567692017813,0.0034861591545681803,-0.480918168755343,61.258277893066406
772,2015-01-29,0.323928829183459,0.32429364468874894,0.3250233066263807,0.3194697668273471,0.3331090052565525,-0.001986289914144068,-4.05453651606269e-05,-0.004134730361878669,-0.0046617273278111715,-0.1859728259881045,61.25062561035156
773,2015-01-30,0.32230735477460487,0.3241720395203189,0.32761765330972653,0.321942508342263,0.29650230087851726,-0.0016214744088541289,-0.00012160516843001679,0.0025943466833458495,0.0024727415149158882,-0.03660670437803526,61.227630615234375
774,2015-02-02,0.3246179457559301,0.3276987131129958,0.32786086364658645,0.32222626404428356,0.2600629331199185,0.0023105909813252445,0.0035266735926768877,0.00024321033685992255,0.00028375570202054945,-0.03643936775859874,61.89375686645508
775,2015-02-03,0.32923912771858066,0.34018402585600516,0.3409542331587975,0.32895537201656005,0.3963440586405719,0.004621181962650545,0.012485312743009347,0.013093369512211073,0.0067291079722764935,0.13628112552065336,64.25189971923828
776,2015-02-04,0.3355628438933546,0.3321982899072164,0.3377518297062499,0.33102275266102543,0.32035868240600957,0.006323716174773952,-0.007985735948788764,-0.003202403452547631,0.0020673806444653775,-0.07598537623456231,62.74359893798828
777,2015-02-05,0.3340224602148218,0.33876524734590224,0.33900845768276217,0.33187401976708714,0.2415540479092017,-0.0015403836785328195,0.00656695743868585,0.00125662797651227,0.0008512671060617039,-0.07880463449680786,63.98393249511719
778,2015-02-06,0.3388868525143322,0.3373059234706387,0.3410758383272275,0.3356439346236759,0.2030411611706288,0.004864392299510412,-0.0014593238752635407,0.002067380644465322,0.0037699148565887852,-0.03851288673857292,63.70830535888672
779,2015-02-09,0.33665735226332827,0.34322427877496214,0.3440350314429152,0.3362519604658257,0.2798814092653559,-0.0022295002510039352,0.005918355304323442,0.0029591931156877083,0.0006080258421498064,0.07684024809472709,64.82611846923828
780,2015-02-10,0.3445619974817957,0.3401029660527358,0.3445619974817957,0.33831934111029105,0.23896760581312865,0.007904645218467454,-0.0031213127222263215,0.0005269660388805275,0.002067380644465322,-0.040913803452227226,64.23657989501953
781,2015-02-11,0.3387247019807416,0.3381166761385918,0.3391706082163528,0.33337385808045933,0.20817403008421398,-0.005837295501054107,-0.0019862899141440127,-0.005391389265442914,-0.004945483029831721,-0.03079357572891467,63.86144256591797
782,2015-02-12,0.34083262799036756,0.33860309681231165,0.3415217445628387,0.33771128434108927,0.1681733025336947,0.002107926009625949,0.0004864206737198451,0.0023511363464858714,0.00433742626062994,-0.04000072755051928,63.95329284667969
783,2015-02-13,0.3409542331587975,0.3450889635206762,0.34654828739593974,0.3406299320916163,0.20536932283235418,0.00012160516842996127,0.0064858667083645405,0.005026542833101055,0.002918647750527026,0.03719602029865948,65.17829895019531
784,2015-02-17,0.34399448607775457,0.34610238116032854,0.34691313382828165,0.3413190486640874,0.14275996289492351,0.0030402529189570426,0.0010134176396523475,0.0003648464323419143,0.0006891165724711157,-0.06260935993743066,65.36970520019531
785,2015-02-18,0.3442376964146145,0.34375127574089465,0.3478454607376127,0.34285946326967226,0.12981683915676895,0.00024321033685992255,-0.0023511054194338965,0.0009323269093310382,0.00154041460558485,-0.012943123738154566,64.92564392089844
786,2015-02-19,0.33973811962039396,0.3376707699029806,0.34050832692318633,0.33325225291202937,0.20857054511722659,-0.004499576794220528,-0.00608050583791403,-0.007337133814426355,-0.009607210357642892,0.07875370596045764,63.77721786499024
787,2015-02-20,0.3376707699029806,0.3422919518656311,0.3430216138032629,0.3340224602148218,0.21933465505011004,-0.002067349717413347,0.004621181962650489,0.0025132868800765706,0.000770207302792425,0.010764109932883459,64.6500244140625
788,2015-02-23,0.3401029660527358,0.338440946278721,0.34042726711991705,0.33702216776861815,0.18843558449589842,0.002432196149755206,-0.0038510055869100945,-0.0025943466833458495,0.0029997075537963602,-0.030899070554211622,63.92264938354492
789,2015-02-24,0.3395759690868033,0.34253516220249103,0.34330536950528345,0.3388868525143322,0.1338220047654559,-0.0005269969659325024,0.004094215923770017,0.002878102385366399,0.0018646847457140514,-0.054613579730442535,64.6959457397461
790,2015-02-25,0.34261622200576036,0.3451700542509975,0.34602132135705926,0.34119744349565745,0.12548427581440186,0.0030402529189570426,0.0026348920485064764,0.0027159518517758108,0.0023105909813252445,-0.00833772895105403,65.19363403320312
791,2015-02-26,0.34496735835224623,0.33969760518228526,0.34496735835224623,0.3387247019807416,0.16213463322359448,0.0023511363464858714,-0.0054724490687122485,-0.00105396300481303,-0.0024727415149158327,0.03665035740919262,64.1600112915039
792,2015-02-27,0.34123798886081813,0.33604929549412643,0.34123798886081813,0.3360087501289658,0.15898797722766875,-0.003729369491428103,-0.003648309688158824,-0.003729369491428103,-0.0027159518517758108,-0.003146655995925729,63.470951080322266
793,2015-03-02,0.33604929549412643,0.336454656364577,0.33673841206659755,0.33337385808045933,0.1511486203823278,-0.005188693366691699,0.00040536087045056624,-0.004499576794220583,-0.0026348920485064764,-0.007839356845340956,63.54752349853516
794,2015-03-03,0.33527908819133406,0.33580605423021453,0.33965705981712463,0.33503587785447414,0.15757652922024773,-0.0007702073027923695,-0.0006486021343624637,0.0029186477505270814,0.0016620197740148113,0.006427908837919938,63.42501068115234
795,2015-03-04,0.3347115767872929,0.331306508363046,0.3348737273208835,0.32765819867488716,0.24968078720966186,-0.0005675114040411544,-0.004499545867168553,-0.004783332496241133,-0.007377679179586982,0.09210425798941413,62.575172424316406
796,2015-03-05,0.331306508363046,0.3304146958918236,0.331306508363046,0.32453685502560886,0.2591353062078248,-0.0034050684242469265,-0.0008918124712223863,-0.0035672189578375146,-0.0031213436492782964,0.009454518998162964,62.40672302246094
797,2015-03-06,0.3257935139291731,0.32453685502560886,0.32919858235342,0.3224695053081955,0.2878844649775369,-0.005512994433872875,-0.005877840866214734,-0.0021079260096260044,-0.002067349717413347,0.02874915876971207,61.29653930664063
798,2015-03-09,0.32498276126122,0.32757710794456585,0.3297255483923005,0.32469900555919945,0.17244766183451862,-0.0008107526679531074,0.003040252918956987,0.0005269660388805275,0.0022295002510039352,-0.11543680314301827,61.87078094482422
799,2015-03-10,0.3243747044920182,0.323928829183459,0.3273744429728666,0.3232396816839359,0.17644918969060913,-0.0006080567692017813,-0.003648278761106849,-0.0023511054194338965,-0.0014593238752635407,0.004001527856090509,61.18171691894531
800,2015-03-11,0.3249017014579507,0.3230775311503453,0.3249017014579507,0.3212939371349525,0.16778042525327852,0.0005269969659325024,-0.0008512980331136788,-0.0024727415149158882,-0.0019457445489833858,-0.008668764437330612,61.020904541015625
801,2015-03-12,0.32538812213167057,0.3250638519915413,0.3262394201647843,0.32348292294784786,0.1314138125466087,0.0004864206737198451,0.0019863208411959876,0.0013377187068335794,0.0021889858128953388,-0.036366612706669826,61.39606475830078
802,2015-03-13,0.3238882838182984,0.32117233196652256,0.323928829183459,0.3169565108743226,0.2645628330817221,-0.0014998383133721926,-0.0038915200250187465,-0.0023105909813253,-0.006526412073525278,0.13314902053511343,60.66108322143555
803,2015-03-16,0.3225505651114648,0.3241720395203189,0.32429364468874894,0.32048318446699947,0.13090452718310627,-0.0013377187068335794,0.0029997075537963602,0.00036481550528993933,0.0035266735926768877,-0.13365830589861585,61.227630615234375
804,2015-03-17,0.3216587526402424,0.3180104429520836,0.3216587526402424,0.3171997212111825,0.25391149347932845,-0.0008918124712223863,-0.006161596568235339,-0.002634892048506532,-0.003283463255816965,0.12300696629622218,60.06388092041016
805,2015-03-18,0.3171997212111825,0.32968503395419185,0.33013094018980305,0.3171997212111825,0.44214336382982594,-0.004459031429059901,0.01167459100210827,0.008472187549560639,0.0,0.1882318703504975,62.26888275146485
806,2015-03-19,0.3263204799680536,0.3246584601940388,0.3263204799680536,0.32251001974630417,0.19048000145510105,0.009120758756871072,-0.00502657376015303,-0.0038104602217494676,0.00531029853512166,-0.25166336237472486,61.31953430175781
807,2015-03-20,0.32680693156882545,0.3291175225501507,0.3293607328870106,0.3250638519915413,0.2988995798395751,0.00048645160077187555,0.004459062356111876,0.0030402529189570426,0.002553832245237142,0.10841957838447405,62.16171646118164
808,2015-03-23,0.3291175225501507,0.32871213075264816,0.33207668473878643,0.3284283750506276,0.17111988213681587,0.0023105909813252445,-0.0004053917975025412,0.0027159518517758108,0.0033645230590862996,-0.12777969770275924,62.08514022827149
809,2015-03-24,0.32895537201656005,0.3262394201647843,0.32915803698825935,0.32510436642964996,0.14473526255479366,-0.00016215053359064369,-0.0024727105878638578,-0.0029186477505270814,-0.0033240086209776476,-0.026384619582022206,61.61810302734375
810,2015-03-25,0.32846892041578823,0.3237261332847078,0.32850946578094886,0.3236045281162778,0.17472125720729734,-0.00048645160077182004,-0.002513286880076515,-0.0006485712073104888,-0.0014998383133721371,0.029985994652503678,61.14342880249024
811,2015-03-26,0.3228343208134854,0.32380719308797706,0.3275365935064572,0.32230735477460487,0.15418614380036014,-0.005634599602302837,8.105980326927886e-05,-0.0009728722744916651,-0.0012971733416729525,-0.0205351134069372,61.158721923828125
812,2015-03-27,0.3221046588758536,0.32295592598191536,0.32380719308797706,0.3192671018556479,0.23052074428418123,-0.0007296619376317981,-0.0008512671060617039,-0.0037294004184801333,-0.003040252918956987,0.0763346004838211,60.99795150756836
813,2015-03-30,0.32433419005390957,0.32984718448778244,0.33045521032993225,0.32429364468874894,0.16810782298695864,0.0022295311780559657,0.006891258505867082,0.006648017241955184,0.005026542833101055,-0.06241292129722259,62.29954147338867
814,2015-03-31,0.32636102533321426,0.3244152498571789,0.3269285367372554,0.3235234373859565,0.17638007239127668,0.002026835279304695,-0.005431934630603541,-0.0035266735926768322,-0.000770207302792425,0.008272249404318033,61.27357864379883
815,2015-04-01,0.3244152498571789,0.3228343208134854,0.3264015397713229,0.32182090317383305,0.1617417559431783,-0.0019457754760353607,-0.001580929043693502,-0.0005269969659325024,-0.0017025342121234632,-0.014638316448098376,60.9749870300293
816,2015-04-02,0.32267217027989475,0.3252665169632406,0.3263204799680536,0.3218614485389937,0.12933301806144165,-0.0017430795772841456,0.002432196149755206,-8.105980326933437e-05,4.05453651606269e-05,-0.03240873788173665,61.43436813354492
817,2015-04-06,0.3257124231988518,0.3303336051615023,0.3324009858059676,0.3242125848854796,0.1635315302206297,0.0030402529189570426,0.005067088198261682,0.00608050583791403,0.002351136346485927,0.03419851215918804,62.39141845703125
818,2015-04-07,0.32923912771858066,0.3264826305016442,0.33009039482464236,0.3263204799680536,0.12827806980847234,0.0035267045197288627,-0.003850974659858064,-0.0023105909813252445,0.002107895082573974,-0.03525346041215735,61.664039611816406
819,2015-04-08,0.3276987131129958,0.32607726963119366,0.32932018752184994,0.3239693436215677,0.15264737445206353,-0.00154041460558485,-0.00040536087045056624,-0.000770207302792425,-0.0023511363464858714,0.02436930464359119,61.58749771118164
820,2015-04-09,0.3263204799680536,0.3270501419056854,0.32919858235342,0.3254286674968312,0.15612870368686227,-0.0013782331449422314,0.0009728722744917206,-0.00012160516842996127,0.0014593238752634852,0.0034813292347987412,61.77124786376953
821,2015-04-10,0.3287526761178088,0.33483318195572287,0.3356439346236759,0.3272933522425453,0.2485276196365885,0.002432196149755206,0.007783040050037493,0.006445352270255944,0.001864684745714107,0.09239891594972624,63.24126434326172
822,2015-04-13,0.33483318195572287,0.33296849721000876,0.3348737273208835,0.3307795113971135,0.19257898470325033,0.006080505837914085,-0.001864684745714107,-0.000770207302792425,0.0034861591545681803,-0.05594863493333818,62.88907623291016
823,2015-04-14,0.3346305169840236,0.336454656364577,0.33742752863906866,0.33053630106025356,0.21458011240655522,-0.00020266497169929565,0.0034861591545682358,0.002553801318185167,-0.00024321033685992255,0.022001127703304896,63.54752349853516
824,2015-04-15,0.33763022453781993,0.3452105996161582,0.34752119059748343,0.336454656364577,0.3508175848960512,0.0029997075537963602,0.008755943251581189,0.010093661958414768,0.005918355304323442,0.13623747248949597,65.20127868652344
825,2015-04-16,0.3421298013320405,0.34188656006812856,0.34415663661134516,0.34050832692318633,0.20707179104749085,0.004499576794220583,-0.0033240395480296225,-0.0033645539861382745,0.004053670558609335,-0.14374579384856034,65.108642578125
826,2015-04-17,0.3384814916438817,0.3375896791726593,0.3388463071491716,0.33507642321963477,0.19331017297513597,-0.003648309688158824,-0.004296880895469257,-0.00531032946217358,-0.005431903703551566,-0.013761618072354875,64.29034423828125
827,2015-04-20,0.34034617638959574,0.3429405230729416,0.3435485798421434,0.3400218753224145,0.1424034631404718,0.0018646847457140514,0.005350843900282287,0.004702272692971798,0.004945452102779746,-0.050906709834664166,65.30935668945312
828,2015-04-21,0.3431837643368535,0.34018402585600516,0.34444039231336576,0.3389273978794929,0.20447443569362847,0.002837587947257747,-0.0027564972169364377,0.0008918124712223863,-0.0010944774429216264,0.06207097255315666,64.78440856933594
829,2015-04-22,0.34103529296206686,0.3440350314429152,0.3443187871449358,0.3368194718698669,0.2372069335564488,-0.0021484713747866313,0.003851005586910039,-0.00012160516842996127,-0.0021079260096260044,0.03273249786282034,65.51779174804688
830,2015-04-23,0.35206128182981267,0.343710730375734,0.35469617387831914,0.33990027015398455,0.6881754851852525,0.011025988867745806,-0.00032430106718117635,0.010377386733383342,0.0030807982841176695,0.45096855162880367,65.45603942871094
831,2015-04-24,0.3433458839433921,0.3429405230729416,0.34525111405426684,0.34058938672645567,0.2127394095927536,-0.008715397886420562,-0.000770207302792425,-0.009445059824052304,0.0006891165724711157,-0.4754360755924989,65.30935668945312
832,2015-04-27,0.3436296396454127,0.3458997161886293,0.34837245770354514,0.3421298013320405,0.21506393350188255,0.00028375570202060496,0.0029591931156877083,0.0031213436492782964,0.00154041460558485,0.0023245239091289616,65.87287902832031
833,2015-04-28,0.3462645316939192,0.34942638978130613,0.34950748051162744,0.34253516220249103,0.20867967769511994,0.0026348920485064764,0.0035266735926768322,0.0011350228080823088,0.0004053608704505107,-0.0063842558067626065,66.54450988769531
834,2015-04-29,0.3473590400638928,0.35469617387831914,0.35639870809044255,0.3464266822275098,0.2554357118172393,0.0010945083699736013,0.005269784097013008,0.006891227578815107,0.0038915200250187465,0.046756034122119344,67.54808807373047
835,2015-04-30,0.35206128182981267,0.35218288699824263,0.35388545213741807,0.3495480258767881,0.19862492951854344,0.004702241765919879,-0.002513286880076515,-0.0025132559530244847,0.003121343649278352,-0.05681078229869585,67.06946563720703
836,2015-05-01,0.3554663811811115,0.3541692078394386,0.3578580319657061,0.3516964663245227,0.17643463868022335,0.003405099351298846,0.0019863208411959876,0.003972579828288025,0.002148440447734601,-0.02219029083832008,67.44774627685547
837,2015-05-04,0.35562853171470216,0.35388545213741807,0.3565608586240332,0.35335845517148556,0.10020189526910275,0.00016215053359064369,-0.00028375570202054945,-0.001297173341672897,0.0016619888469628363,-0.0762327434111206,67.39371490478516
838,2015-05-05,0.3549799295803397,0.35266933859901445,0.35761482162884617,0.35145322506061083,0.1681987668018698,-0.0006486021343624637,-0.0012161135384036181,0.0010539630048129744,-0.0019052301108747338,0.06799687153276704,67.16209411621094
839,2015-05-06,0.35570959151797144,0.35262879323385377,0.35647979882076386,0.3503182022525285,0.1624147401735208,0.0007296619376317426,-4.054536516068241e-05,-0.0011350228080823088,-0.0011350228080823088,-0.005784026628348982,67.15438079833984
840,2015-05-07,0.3512505600889116,0.3503587476176892,0.35218288699824263,0.34816976180479386,0.1416104330744466,-0.004459031429059845,-0.002270045616164562,-0.004296911822521232,-0.0021484404477346564,-0.020804307099074215,66.72208404541016
841,2015-05-08,0.35583119668640145,0.3539259665755267,0.3560744070232614,0.35145322506061083,0.13012604812746686,0.004580636597489862,0.0035672189578375146,0.0038915200250187465,0.003283463255816965,-0.011484384946979731,67.40141296386719
842,2015-05-11,0.35834448356647797,0.35984432187985016,0.36256030465867795,0.35708782466291367,0.2503719602029866,0.002513286880076515,0.005918355304323442,0.006485897635416571,0.005634599602302837,0.12024591207551971,68.52849578857422
843,2015-05-12,0.3574932164604162,0.35737161129198625,0.358101242302566,0.3537233016038274,0.14792557158187672,-0.0008512671060617594,-0.0024727105878639133,-0.004459062356111931,-0.003364523059086244,-0.10244638862110986,68.0576171875
844,2015-05-13,0.35911465994221836,0.35850663410006856,0.3610604354182537,0.35757427626368554,0.11561869077284054,0.001621443481802154,0.0011350228080823088,0.0029591931156877083,0.0038509746598581196,-0.03230688080903618,68.27374267578125
845,2015-05-14,0.3598848672450108,0.3597227167114202,0.36316833050082775,0.35935790120613026,0.11744120482365994,0.000770207302792425,0.0012160826113516432,0.0021078950825740295,0.001783624942444717,0.0018225140508194015,68.50534057617188
846,2015-05-15,0.3587498444369285,0.35846608873490793,0.3589930547737884,0.35510153474876965,0.1165899707160916,-0.0011350228080823088,-0.00125662797651227,-0.0041752757270393515,-0.004256366457360605,-0.0008512341075683355,68.2660140991211
847,2015-05-18,0.3583039382013173,0.3578985773308668,0.3587498444369285,0.3553042306475209,0.11183906582513323,-0.00044590623561119314,-0.0005675114040411544,-0.00024321033685992255,0.0002026958987512706,-0.004750904890958377,68.1579360961914
848,2015-05-19,0.3562771029220126,0.3536422108735061,0.3563581936523339,0.35068304868487044,0.20650793939504175,-0.002026835279304695,-0.004256366457360661,-0.002391650784594579,-0.004621181962650489,0.09466887356990852,67.34735870361328
849,2015-05-20,0.3552231399171996,0.35643925345560323,0.3572499751965043,0.3531963046378949,0.13974426599246986,-0.0010539630048129744,0.00279704258209712,0.0008917815441704113,0.0025132559530244847,-0.06676367340257189,67.88005828857422
850,2015-05-21,0.35765536699400685,0.36211439842306675,0.3632899665963097,0.35647979882076386,0.29667691300314664,0.0024322270768072363,0.005675144967463519,0.006039991399805378,0.00328349418286894,0.15693264701067677,68.9608154296875
851,2015-05-22,0.3615063416538649,0.359276810475809,0.36280351499553787,0.359276810475809,0.1267320249549828,0.003850974659858064,-0.002837587947257747,-0.00048645160077182004,0.002797011655045145,-0.16994488804816382,68.42041015625
852,2015-05-26,0.3572499751965043,0.3560744070232614,0.3573310659268256,0.3538449067722574,0.11457465577766056,-0.004256366457360605,-0.003202403452547631,-0.0054724490687122485,-0.0054319037035516216,-0.012157369177322255,67.810546875
853,2015-05-27,0.35668246379246316,0.35639870809044255,0.3600470177786014,0.3553042306475209,0.16432092253405847,-0.0005675114040411544,0.00032430106718117635,0.0027159518517757553,0.0014593238752635407,0.049746266756397914,67.87230682373047
854,2015-05-28,0.354007057305848,0.34865621340556574,0.3544934779795679,0.34752119059748343,0.214594663416941,-0.0026754064866151284,-0.007742494684876811,-0.005553539799033502,-0.007783040050037493,0.05027374088288253,66.39784240722656
855,2015-05-29,0.3475617050355921,0.3458591708234686,0.34995338674723864,0.3450079037174069,0.17045417341166627,-0.006445352270255944,-0.00279704258209712,-0.004540091232329235,-0.002513286880076515,-0.04414049000527473,65.86516571044922
856,2015-06-01,0.348858878377265,0.3467104379295304,0.3501155372808293,0.3433458839433921,0.14466978300805763,0.001297173341672897,0.0008512671060617594,0.00016215053359064369,-0.0016620197740148113,-0.025784390403608637,66.02728271484375
857,2015-06-02,0.3454132645878574,0.3493047846128762,0.35137216525734155,0.3448457531838163,0.10250459266265301,-0.0034456137894075534,0.002594346683345794,0.00125662797651227,0.0014998692404241676,-0.04216519034540463,66.52135467529297
858,2015-06-03,0.3510478641901603,0.3495480258767881,0.35291254893587437,0.3478454607376127,0.10337765328580004,0.005634599602302892,0.000243241263911953,0.0015403836785328195,0.0029997075537964157,0.0008730606231470289,66.56768035888672
859,2015-06-04,0.3465888327611004,0.34646722759267046,0.35023714244925924,0.3458591708234686,0.1373324360210262,-0.004459031429059901,-0.0030807982841176695,-0.0026754064866151284,-0.001986289914144068,0.033954782735226174,65.98099517822266
860,2015-06-05,0.34460254284695635,0.34881836393915633,0.35064250331970975,0.34419718197650584,0.14324014623765438,-0.001986289914144068,0.0023511363464858714,0.0004053608704505107,-0.0016619888469627808,0.00590771021662817,66.42871856689453
861,2015-06-08,0.347804946299504,0.3492237248096069,0.3505614435164405,0.3477238555691827,0.12207570163153204,0.003202403452547631,0.00040536087045056624,-8.105980326927886e-05,0.0035266735926768877,-0.021164444606122337,66.50592803955078
862,2015-06-09,0.35048035278611916,0.35157486115609277,0.35518262547909096,0.3503182022525285,0.1449608032157733,0.002675406486615184,0.0023511363464858714,0.004621181962650489,0.002594346683345794,0.022885101584241244,66.95365905761719
863,2015-06-10,0.3544934779795679,0.3586687846336592,0.35960111154299024,0.354128662474278,0.1715964277269503,0.004013125193448708,0.007093923477566433,0.004418486063899274,0.0038104602217494676,0.026635624511177014,68.30464172363281
864,2015-06-11,0.3592362960377003,0.3574121257300949,0.35980380744174145,0.35639870809044255,0.1045089943432947,0.004742818058132425,-0.0012566589035643005,0.00020269589875121508,0.002270045616164562,-0.0670874333836556,68.06531524658203
865,2015-06-12,0.3565203132588725,0.356114952388422,0.3583850289316386,0.3549799295803397,0.08049618945415522,-0.0027159827788277857,-0.001297173341672897,-0.0014187785101028583,-0.0014187785101028583,-0.024012804889139483,67.81829071044922
866,2015-06-15,0.3532368500030556,0.3531963046378949,0.35425026764270795,0.35003444655050797,0.09898324814929337,-0.0032834632558169097,-0.0029186477505270814,-0.004134761288930644,-0.004945483029831721,0.018487058695138142,67.26246643066406
867,2015-06-16,0.3518180714929527,0.35100731882499964,0.3527503984022837,0.3495885403148968,0.10531293766710927,-0.0014187785101029138,-0.0021889858128952833,-0.001499869240424223,-0.00044590623561119314,0.006329689517815901,66.84559631347656
868,2015-06-17,0.35222343236340325,0.3536827562386668,0.3548988697770704,0.349912841382078,0.12378544535186162,0.00040536087045056624,0.002675437413667159,0.002148471374786687,0.00032430106718123186,0.01847250768475235,67.35508728027344
869,2015-06-18,0.35198022202654333,0.3544529635414592,0.3556690461528108,0.35198022202654333,0.12268684406773496,-0.00024321033685992255,0.000770207302792425,0.0007701763757403945,0.002067380644465322,-0.0010986012841266574,67.50177001953125
870,2015-06-19,0.3537638160419361,0.3547772336815884,0.3565608586240332,0.35327739536821623,0.14226886629440333,0.001783594015392742,0.0003242701401292014,0.0008918124712223863,0.001297173341672897,0.01958202222666837,67.56352996826172
871,2015-06-22,0.3566014039891938,0.35781748660054546,0.35802018249929674,0.35554744098438085,0.13272704123392567,0.002837587947257747,0.0030402529189570426,0.0014593238752635407,0.0022700456161646176,-0.009541825060477654,68.14250946044922
872,2015-06-23,0.35842554336974725,0.3585471485381772,0.3592362960377003,0.35676355452278447,0.0923625384237618,0.0018241393805534245,0.0007296619376317426,0.0012161135384035626,0.0012161135384036181,-0.04036450281016388,68.28146362304688
873,2015-06-24,0.3599254126101714,0.3574121257300949,0.36000647241344075,0.3570067648596444,0.12417832263227778,0.0014998692404241676,-0.0011350228080823088,0.0007701763757404501,0.00024321033685992255,0.03181578420851598,68.06531524658203
874,2015-06-25,0.35761482162884617,0.35153431579093214,0.35806072786445736,0.3512911054540722,0.11783044435147966,-0.0023105909813252445,-0.005877809939162759,-0.0019457445489833858,-0.005715659405572171,-0.006347878280798122,66.9459457397461
875,2015-06-26,0.35064250331970975,0.35193967666138265,0.3524666427002632,0.3478454607376127,0.15959911966387166,-0.006972318309136416,0.0004053608704505107,-0.005594085164194185,-0.0034456447164595283,0.041768675312392006,67.02313232421875
876,2015-06-29,0.34950748051162744,0.34577811102019934,0.3516153755942015,0.34496735835224623,0.17269502901107694,-0.0011350228080823088,-0.006161565641183309,-0.0008512671060617039,-0.0028781023853664545,0.013095909347205281,65.8497543334961
877,2015-06-30,0.34898048354569494,0.343832335544164,0.3496290856800574,0.34375127574089465,0.148343913130468,-0.0005269969659325024,-0.0019457754760353607,-0.001986289914144068,-0.0012160826113515877,-0.024351115880608953,65.47918701171875
878,2015-07-01,0.3461429265254892,0.3403056310244351,0.34638613686234915,0.3386436421774723,0.1926626530129686,-0.0028375570202057165,-0.0035267045197288627,-0.0032429488177082577,-0.005107633563422365,0.044318739882500596,64.80756378173828
879,2015-07-02,0.342656767370921,0.3420487106017192,0.34367018501057334,0.33990027015398455,0.09393404754542643,-0.0034861591545682358,0.0017430795772840901,-0.0027159518517758108,0.00125662797651227,-0.09872860546754215,65.13951110839844
880,2015-07-06,0.3390895484130835,0.3370627131337788,0.34111638369238817,0.33536017892165537,0.1781261936375707,-0.0035672189578375146,-0.004985997467940428,-0.002553801318185167,-0.00454009123232918,0.08419214609214427,64.18998718261719
881,2015-07-07,0.33641411099941637,0.3404677815580257,0.3409947785239582,0.3317929290367658,0.18887211480747193,-0.0026754374136671033,0.0034050684242469265,-0.00012160516842996127,-0.003567249884889545,0.010745921169901224,64.83843231201172
882,2015-07-08,0.33665735226332827,0.3334954632488893,0.33738701420096,0.33142811353147594,0.1573364375488823,0.0002432412639118975,-0.006972318309136416,-0.003607764322998197,-0.0003648155052898838,-0.031535677258589634,63.51063919067383
883,2015-07-09,0.3381977359418611,0.3311443578294554,0.33929221338478277,0.3302119999930723,0.16627075792575347,0.0015403836785328195,-0.0023511054194338965,0.0019051991838227589,-0.0012161135384036181,0.008934320376871169,63.062896728515625
884,2015-07-10,0.33499533248931346,0.33300904257516944,0.3360898408592871,0.33187401976708714,0.12713945324578477,-0.003202403452547631,0.0018646847457140514,-0.003202372525495656,0.0016620197740148113,-0.0391313046799687,63.4179916381836
885,2015-07-13,0.33592769032569647,0.33904900304792285,0.3406299320916163,0.3351574830229041,0.15382236854071554,0.0009323578363830132,0.006039960472753403,0.00454009123232918,0.003283463255816965,0.026682915294930776,64.5682373046875
886,2015-07-14,0.33860309681231165,0.34237301166890044,0.3432648241401228,0.338562551447151,0.13815093035522655,0.002675406486615184,0.003324008620977592,0.002634892048506532,0.003405068424246871,-0.015671438185488995,65.20126342773438
887,2015-07-15,0.3427378581012423,0.3411569290575488,0.34399448607775457,0.33949490928353404,0.13320358682406008,0.004134761288930644,-0.0012160826113516432,0.0007296619376317426,0.0009323578363830687,-0.004947343531166465,64.96968078613281
888,2015-07-16,0.3435485798421434,0.33953545464869467,0.34411609124618453,0.3381166761385918,0.13408756070499644,0.000810721740901077,-0.0016214744088541289,0.00012160516842996127,-0.0013782331449422314,0.0008839738809363618,65.25794219970703
889,2015-07-17,0.33868418754263296,0.33710325849893946,0.3390895484130835,0.33548178409008533,0.10664071736481202,-0.004864392299510412,-0.002432196149755206,-0.005026542833101055,-0.0026348920485064764,-0.02744684334018442,64.79049682617188
890,2015-07-20,0.3366978667014369,0.33341440344561996,0.33763022453781993,0.33296849721000876,0.15611051492388003,-0.001986320841196043,-0.0036888550533195064,-0.0014593238752635407,-0.0025132868800765706,0.04946979755906801,64.08148956298828
891,2015-07-21,0.33159026406506653,0.33329279827719,0.3360087501289658,0.3293607328870106,0.17067971407264593,-0.00510760263637039,-0.00012160516842996127,-0.0016214744088541289,-0.0036077643229981415,0.014569199148765893,64.05814361572266
892,2015-07-22,0.3283473152473583,0.3233207724142572,0.3288337668481301,0.32084803089934133,0.37034867858636933,-0.0032429488177082577,-0.009972025862932776,-0.007174983280835712,-0.008512701987669291,0.1996689645137234,62.14151763916016
893,2015-07-23,0.3149701900331266,0.311646181412149,0.32040212466373014,0.31071385450281797,0.5060077484130304,-0.013377125214231678,-0.011674591002108214,-0.008431642184399957,-0.010134176396523364,0.1356590698266611,59.89770126342773
894,2015-07-24,0.31176781750763094,0.308484323324762,0.3124974485182107,0.30747090568510965,0.3337965404972808,-0.003202372525495656,-0.003161858087387004,-0.00790467614551943,-0.0032429488177083132,-0.17221120791574962,59.28999328613281
895,2015-07-27,0.3047549538333339,0.305322465237375,0.3069439396462292,0.3030929340593191,0.3735826406446098,-0.007012863674297043,-0.003161858087387004,-0.005553508871981527,-0.0043779716257905665,0.03978610014732897,58.68230438232422
896,2015-07-28,0.30775466138713026,0.3152944911003078,0.316794360340732,0.30722769534824973,0.5710907801160443,0.0029997075537963602,0.009972025862932832,0.009850420694502815,0.004134761288930644,0.19750813947143453,60.59888458251953
897,2015-07-29,0.31334874655132444,0.3134703517197544,0.3139973177586349,0.3101463430987768,0.5018206951745212,0.005594085164194185,-0.0018241393805534245,-0.00279704258209712,0.0029186477505270814,-0.06927008494152309,60.24830627441406
898,2015-07-30,0.3120515732096515,0.31760508208163307,0.3176861728119544,0.3108354596712479,0.2686916822786882,-0.0012971733416729525,0.004134730361878669,0.0036888550533195064,0.0006891165724711157,-0.233129012895833,61.042999267578125
899,2015-07-31,0.3186184997212854,0.3187401048897154,0.32040212466373014,0.316794360340732,0.22567162007311883,0.00656692651163393,0.0011350228080823088,0.0027159518517757553,0.0059589006694840685,-0.04302006220556939,61.26112365722656
900,2015-08-03,0.3178888377836536,0.3131865960177338,0.3179293831488143,0.3111192153732685,0.2343913130467997,-0.0007296619376317981,-0.005553508871981583,-0.0024727415149158327,-0.005675144967463519,0.00871969297368086,60.193756103515625
901,2015-08-04,0.3134703517197544,0.3105111586040667,0.31561879216748906,0.3093761357959844,0.21180086942287055,-0.0044184860638992185,-0.0026754374136671033,-0.0023105909813252445,-0.0017430795772840901,-0.022590443623929146,59.67955780029297
902,2015-08-05,0.3141594682922255,0.311646181412149,0.315862002504349,0.3109976102048385,0.16667818621655542,0.0006891165724711157,0.0011350228080823088,0.00024321033685992255,0.0016214744088541289,-0.04512268320631513,59.89770126342773
903,2015-08-06,0.3120515732096515,0.3139973177586349,0.3147675250614273,0.30880862439194323,0.20405973189763363,-0.0021078950825740295,0.0023511363464858714,-0.001094477442921682,-0.0021889858128952833,0.03738154568107821,60.34959030151367
904,2015-08-07,0.3142405280954948,0.31330820118616376,0.316794360340732,0.3118894226760609,0.2856108696047582,0.0021889548858433083,-0.0006891165724711157,0.002026835279304695,0.0030807982841176695,0.08155113770712455,60.21714782714844
905,2015-08-10,0.3163484541051208,0.32494224682311135,0.32555027266526115,0.31578094270107965,0.3289110387602539,0.0021079260096260044,0.011634045636947588,0.008755912324529158,0.0038915200250187465,0.04330016915549573,62.45317840576172
906,2015-08-11,0.3191454966872179,0.3163484541051208,0.319956218428119,0.31306499084930384,0.327124902235399,0.00279704258209712,-0.008593792717990545,-0.005594054237142154,-0.0027159518517758108,-0.001786136524854931,60.80147933959961
907,2015-08-12,0.3133892609894331,0.3199156730629583,0.32072642573091137,0.3118083319457396,0.263256879899598,-0.005756235697784828,0.0035672189578375146,0.0007702073027923695,-0.001256658903564245,-0.06386802233580097,61.487083435058594
908,2015-08-13,0.3184158347495861,0.3152134312970385,0.3185374399180161,0.3149701900331266,0.20598774077374998,0.00502657376015303,-0.0047022417659198235,-0.0021889858128952833,0.003161858087387004,-0.05726913912584802,60.58333969116211
909,2015-08-14,0.314808070426588,0.3181725934856742,0.3191454966872179,0.31456482916267603,0.13865294021353608,-0.0036077643229981415,0.0029591621886357333,0.0006080567692018368,-0.00040536087045056624,-0.0673348005602139,61.15206146240234
910,2015-08-17,0.3167132696104107,0.3183752893844255,0.318780650254876,0.3129839001189825,0.19013805271103512,0.0019051991838227034,0.0002026958987512706,-0.0003648464323419143,-0.001580929043693502,0.05148511249749904,61.19102478027344
911,2015-08-18,0.31825368421599554,0.3195103121925078,0.32023997413013955,0.31691596550916196,0.18721329962349262,0.00154041460558485,0.0011350228080823088,0.0014593238752635407,0.003932065390179429,-0.002924753087542503,61.409156799316406
912,2015-08-19,0.3171997212111825,0.31379465278693564,0.3183752893844255,0.3123353289116721,0.2132705214718347,-0.00105396300481303,-0.005715659405572171,-0.0018646847457140514,-0.004580636597489862,0.026057221848342083,60.310646057128906
913,2015-08-20,0.31326765582100313,0.30974098222832624,0.3154971869990591,0.30974098222832624,0.2825551574237436,-0.003932065390179373,-0.00405367055860939,-0.002878102385366399,-0.0025943466833458495,0.0692846359519089,59.53150939941406
914,2015-08-21,0.30783575211745157,0.3040252918957021,0.30929507599271505,0.3038631413621115,0.4294548827734226,-0.005431903703551566,-0.005715690332624146,-0.0062021110063440466,-0.005877840866214734,0.146899725349679,58.43299865722656
915,2015-08-24,0.29113461828224224,0.29518828884085163,0.3035388402949303,0.2846892969390383,0.5532767056512486,-0.016701133835209325,-0.008837003054850467,-0.005756235697784773,-0.019173844423073183,0.12382182287782606,56.73453521728516
916,2015-08-25,0.3049171043669245,0.29210749055673396,0.3060115818098461,0.291985885388304,0.34293821277214936,0.013782486084682244,-0.0030807982841176695,0.0024727415149158327,0.007296588449265673,-0.21033849287909928,56.14240646362305
917,2015-08-26,0.29924195939946097,0.29944465529821224,0.300295922404274,0.29401272066760864,0.30150057294603394,-0.005675144967463519,0.007337164741478275,-0.0057156594055721155,0.0020268352793046396,-0.041437639826115424,57.55258941650391
918,2015-08-27,0.30418744242929274,0.30670072930936926,0.3089707749255338,0.3009039791734758,0.31058040342676296,0.0049454830298317765,0.007256074011157021,0.008674852521259824,0.006891258505867137,0.009079830480729023,58.947208404541016
919,2015-08-28,0.3047954991984945,0.3078762665555602,0.30816002225758077,0.30252542265527793,0.24189235890067118,0.0006080567692017813,0.0011755372461909608,-0.0008107526679530519,0.001621443481802154,-0.06868804452609178,59.17313766479492
920,2015-08-31,0.305322465237375,0.3098625873967562,0.3112002751765378,0.3036199310252516,0.2553556812601175,0.000526966038880472,0.0019863208411959876,0.0030402529189570426,0.0010945083699736569,0.013463322359446306,59.55490493774414
921,2015-09-01,0.3019984566163974,0.3036199310252516,0.30783575211745157,0.3018363060828068,0.3293293803088452,-0.003324008620977592,-0.006242656371504618,-0.003364523059086244,-0.0017836249424447725,0.07397369904872769,58.35506057739258
922,2015-09-02,0.3076736015838609,0.308484323324762,0.3087275645886739,0.30382259599695083,0.19374306553411302,0.005675144967463519,0.004864392299510412,0.0008918124712223308,0.0019862899141440127,-0.13558631477473215,59.28999328613281
923,2015-09-03,0.3078762665555602,0.30179576071764613,0.3081195078194721,0.2990798088658704,0.40295749286091054,0.00020266497169929565,-0.006688562607115867,-0.0006080567692017813,-0.00474278713108045,0.20921442732679751,58.00445938110352
924,2015-09-04,0.2959179507784834,0.29632331164893394,0.29859338819215053,0.2932830587299769,0.43679586751305044,-0.011958315777076844,-0.005472449068712193,-0.009526119627321583,-0.00579675013589348,0.0338383746521399,56.95268630981445
925,2015-09-08,0.30232275768357864,0.3011877348754963,0.3024849082171693,0.298187996394648,0.20545299114207244,0.006404806905095262,0.004864423226562387,0.0038915200250187465,0.004904937664671094,-0.231342876370978,57.88762283325195
926,2015-09-09,0.3040252918957021,0.2957558002448928,0.3048360136366032,0.295026138307261,0.21314320013095908,0.0017025342121234632,-0.005431934630603541,0.0023511054194338965,-0.003161858087387004,0.007690208988886643,56.84361267089844
927,2015-09-10,0.2954720445428722,0.29356681443199745,0.29717457875499564,0.291985885388304,0.22223394386947742,-0.008553247352829918,-0.0021889858128953388,-0.007661434881607532,-0.003040252918956987,0.009090743738518342,56.42288589477539
928,2015-09-11,0.29279663805625705,0.2944180815380592,0.29559364971130214,0.29137782861910216,0.16056312410192983,-0.0026754064866151284,0.0008512671060617594,-0.001580929043693502,-0.0006080567692018368,-0.0616708197675476,56.58650207519531
929,2015-09-14,0.2932830587299769,0.29498559294210036,0.2954720445428722,0.29190482558503467,0.15394241437639827,0.0004864206737198451,0.0005675114040411544,-0.00012160516842996127,0.0005269969659325024,-0.006620709725531554,56.69556427001953
930,2015-09-15,0.2959990105817527,0.30232275768357864,0.3029713288908891,0.2944991722683805,0.18586733116280763,0.0027159518517758108,0.007337164741478275,0.0074992843480169435,0.0025943466833458495,0.03192491678640935,58.10575485229492
931,2015-09-16,0.3034172351265003,0.30661963857904795,0.30755199641543096,0.30232275768357864,0.19010167518507065,0.007418224544747609,0.004296880895469313,0.004580667524541837,0.00782358541519812,0.004234344022263026,58.93160629272461
932,2015-09-17,0.3056467663045562,0.3002148316739527,0.30678178911263854,0.2996068058318029,0.2817439385947362,0.00222953117805591,-0.006404806905095262,-0.000770207302792425,-0.0027159518517757553,0.09164226340966553,57.70062255859375
933,2015-09-18,0.29725566948531695,0.2912967688158329,0.29794478605778807,0.29028335117618054,0.33685952818348824,-0.008391096819239274,-0.008918062858119802,-0.008837003054850467,-0.009323454655622343,0.05511558958875207,55.986576080322266
934,2015-09-21,0.2930803937582776,0.29251288235423645,0.2952693486441209,0.29149946471458416,0.27628367194747083,-0.0041752757270393515,0.0012161135384035626,-0.002675437413667159,0.0012161135384036181,-0.06057585623601741,56.22032928466797
935,2015-09-22,0.2882970612620365,0.2905671068782011,0.29105355847897296,0.2863512857860011,0.20798122919660234,-0.004783332496241077,-0.0019457754760353607,-0.004215790165147948,-0.005148178928583047,-0.0683024427508685,55.84634399414063
936,2015-09-23,0.29052656151304046,0.2845676608435564,0.2910940729170816,0.2844055412370178,0.17294967169282818,0.0022295002510039352,-0.005999446034644695,4.051443810865196e-05,-0.0019457445489833303,-0.03503155750377415,54.69327163696289
937,2015-09-24,0.26835297860911894,0.2667315351273168,0.2703798138884236,0.2620698077995056,0.8217537605267465,-0.022173582903921518,-0.017836125716239604,-0.020714259028658033,-0.022335733437512162,0.6488040888339184,51.26519775390625
938,2015-09-25,0.2634885863096085,0.2634075265063392,0.2666098990318348,0.2624346233047955,0.4498117463031339,-0.004864392299510467,-0.003324008620977592,-0.0037699148565887852,0.0003648155052898838,-0.3719420142236126,50.626346588134766
939,2015-09-28,0.2604077880254908,0.2585836486449374,0.26073208909267204,0.25534071529075514,0.4573382564251805,-0.0030807982841176695,-0.004823877861401815,-0.005877809939162759,-0.007093908014040362,0.007526510122046581,49.69919967651367
940,2015-09-29,0.2580161372408962,0.2606915437275114,0.265069515353302,0.25781344134214496,0.319554739082195,-0.002391650784594579,0.0021078950825740295,0.00433742626062994,0.0024727260513898175,-0.1377835173429855,50.10433197021485
941,2015-09-30,0.2632858904108572,0.264947910184872,0.2660829329929543,0.2600429725202009,0.2855744920787937,0.005269753169960978,0.004256366457360605,0.0010134176396523475,0.0022295311780559657,-0.0339802470034013,50.92240524291992
942,2015-10-01,0.2660423876277937,0.26101584479469264,0.2679476177386684,0.25785398670730564,0.28858291347605447,0.002756497216936493,-0.003932065390179373,0.0018646847457140514,-0.0021889858128952833,0.003008421397260763,50.16665649414063
943,2015-10-02,0.2585836486449374,0.26632614332981425,0.2664477794252962,0.25578660606284026,0.31949289728805547,-0.007458738982856317,0.005310298535121605,-0.0014998383133721926,-0.0020673806444653775,0.030909983812000996,51.18729019165039
944,2015-10-05,0.27033929945031493,0.2804329304816777,0.2816490440200813,0.26965015195079184,0.38785354408046707,0.011755650805377549,0.014106787151863476,0.015201264594785102,0.013863545887951578,0.0683606467924116,53.898582458496094
945,2015-10-06,0.2818922543569412,0.2870809477236329,0.2884186664304665,0.28002756961122716,0.35155604867312973,0.011552954906626278,0.006648017241955184,0.006769622410385201,0.010377417660435317,-0.036297495407337343,55.17630386352539
946,2015-10-07,0.2892699335365282,0.28529732278118813,0.29474238260524044,0.28031132531324776,0.30221357245493735,0.007377679179586982,-0.0017836249424447725,0.006323716174773952,0.00028375570202060496,-0.04934247621819238,54.83350372314453
947,2015-10-08,0.2850541124443282,0.2912156780855116,0.2925939421575058,0.2831488823334535,0.2215973371650994,-0.004215821092199978,0.005918355304323442,-0.0021484404477346564,0.0028375570202057165,-0.08061623528983794,55.971004486083984
948,2015-10-09,0.2912156780855116,0.28902672319966827,0.29385057013401805,0.2872430982572235,0.2027501409629131,0.006161565641183364,-0.0021889548858433083,0.00125662797651227,0.004094215923770017,-0.018847196202186306,55.5502815246582
949,2015-10-12,0.28987799030572997,0.28578377438195995,0.2899590501089993,0.2850541124443282,0.1689190418159661,-0.0013376877797816045,-0.0032429488177083132,-0.0038915200250187465,-0.0021889858128952833,-0.033831099146947013,54.92700958251953
950,2015-10-13,0.28359478856906467,0.28444605567512643,0.2879322148296946,0.28075723154885895,0.17187653467687664,-0.0062832017366653,-0.001337718706833524,-0.002026835279304695,-0.004296880895469257,0.0029574928609105433,54.66987991333008
951,2015-10-14,0.2842028453382665,0.2866350414880217,0.28805381999812457,0.28201385952537117,0.14706342421651902,0.0006080567692018368,0.0021889858128952833,0.00012160516842996127,0.0012566279765122146,-0.024813110460357612,55.09061050415039
952,2015-10-15,0.28566216921353,0.28712149308879353,0.2874863085940834,0.2827840668281636,0.1654413503337638,0.0014593238752634852,0.00048645160077182004,-0.0005675114040411544,0.000770207302792425,0.018377926117244786,55.1841049194336
953,2015-10-16,0.28627022598273183,0.28245976576098236,0.28712149308879353,0.2801491747796571,0.3022972407646556,0.0006080567692018368,-0.0046617273278111715,-0.0003648155052898838,-0.0026348920485064764,0.13685589043089177,54.28814697265625
954,2015-10-19,0.28071668618369827,0.2807977459869676,0.28160849865492066,0.27889254680314485,0.20778842830899072,-0.005553539799033558,-0.0016620197740147558,-0.005512994433872875,-0.00125662797651227,-0.09450881245566486,53.96868896484375
955,2015-10-20,0.27913575714000477,0.28485141654557694,0.2885808169640571,0.2777169786299019,0.23229960530384328,-0.001580929043693502,0.004053670558609335,0.006972318309136416,-0.0011755681732429357,0.024511176994852557,54.747802734375
956,2015-10-21,0.28614858988724984,0.28241922039582174,0.2914589193494235,0.28205440489053185,0.3157350988559268,0.007012832747245068,-0.002432196149755206,0.002878102385366399,0.00433742626062994,0.08343549355208355,54.28034591674805
957,2015-10-22,0.27532529691825536,0.28732415806049283,0.29522883420601226,0.27487939068264416,0.5059822841448554,-0.01082329296899448,0.004904937664671094,0.0037699148565887852,-0.007175014207887687,0.19024718528892853,55.84020233154297
958,2015-10-23,0.29068871204663105,0.2908508625802217,0.29360735979715813,0.2864323765163224,0.28892849997271686,0.01536341512837569,0.0035267045197288627,-0.0016214744088541289,0.011552985833678253,-0.2170537841721385,56.52560043334961
959,2015-10-26,0.2910130131138123,0.2899185047438386,0.2930803937582776,0.2895131438733881,0.2275232361447098,0.00032430106718123186,-0.0009323578363830687,-0.0005269660388805275,0.0030807673570656946,-0.06140526382800707,56.34440231323242
960,2015-10-27,0.28448660104028706,0.2853378681463488,0.2881349107284459,0.2770278311303788,0.30122410374870406,-0.006526412073525223,-0.004580636597489807,-0.004945483029831721,-0.012485312743009291,0.07370086760399427,55.45419692993164
961,2015-10-28,0.2867971920216123,0.2917426750514441,0.29231018645548523,0.2857027145786907,0.19959984721439095,0.0023105909813252445,0.006404806905095262,0.0041752757270393515,0.008674883448311854,-0.10162425653431312,56.69892883300781
962,2015-10-29,0.28979689957540866,0.2917426750514441,0.2941748712011993,0.28894563246934696,0.15719820295021736,0.0029997075537963602,0.0,0.0018646847457140514,0.0032429178906562828,-0.04240164426417359,56.69892883300781
963,2015-10-30,0.29295875766279567,0.29587740541332275,0.2970529735865657,0.2903644109794498,0.2687826260935994,0.003161858087387004,0.004134730361878669,0.002878102385366399,0.0014187785101028583,0.11158442314338202,57.50248718261719
964,2015-11-02,0.2959179507784834,0.301349854482035,0.30256596802043856,0.29522883420601226,0.21377253133014423,0.0029591931156877083,0.0054724490687122485,0.005512994433872875,0.004864423226562442,-0.05501009476345514,58.566062927246094
965,2015-11-03,0.3017552462795375,0.30301187425604975,0.305322465237375,0.30078234307799384,0.18210953273067898,0.005837295501054107,0.0016620197740147558,0.0027564972169364377,0.005553508871981583,-0.03166299859946525,58.88907241821289
966,2015-11-04,0.30540352504064433,0.3022011525151487,0.3077952067522909,0.3013093400439263,0.19926881172811436,0.003648278761106849,-0.000810721740901077,0.0024727415149158882,0.0005269969659324469,0.017159278997435384,58.73149871826172
967,2015-11-05,0.30260651338559924,0.3008634338083151,0.3062953375118667,0.29676921788454513,0.22695574673966423,-0.0027970116550450896,-0.0013377187068335794,-0.0014998692404241676,-0.004540122159381155,0.027686935011549868,58.47153091430664
968,2015-11-06,0.29762048499060684,0.2993230192027303,0.2993635645678909,0.29320199892670756,0.20148056530675348,-0.004986028394992403,-0.0015404146055847945,-0.006931772943975789,-0.00356721895783757,-0.02547518143291075,58.17216873168945
969,2015-11-09,0.29766103035576746,0.29141837398426285,0.29839069229339926,0.2897563851373,0.21516579057458302,4.05453651606269e-05,-0.007904645218467454,-0.0009728722744916651,-0.0034456137894075534,0.013685225267829532,56.63589477539063
970,2015-11-10,0.2910130131138123,0.29360735979715813,0.2942154165663599,0.2903644109794498,0.15910802306335145,-0.006648017241955184,0.0021889858128952833,-0.0041752757270393515,0.0006080258421498064,-0.056057767511231565,57.06131362915039
971,2015-11-11,0.2940532660327693,0.29149946471458416,0.2953098940092816,0.29113461828224224,0.152447298059259,0.0030402529189570426,-0.002107895082573974,0.001094477442921682,0.000770207302792425,-0.006660725004092455,56.65166473388672
972,2015-11-12,0.2870809477236329,0.2783250353991037,0.287770064296104,0.27731161775945135,0.317637643463868,-0.006972318309136416,-0.013174429315480463,-0.0075398297131775704,-0.013823000522790896,0.16519034540460903,54.091285705566406
973,2015-11-13,0.2784871550056423,0.2822570698622311,0.2842839051415358,0.27767643326474123,0.2338929409410866,-0.0085937927179906,0.0039320344631273985,-0.0034861591545682358,0.0003648155052898838,-0.08374470252278143,54.855445861816406
974,2015-11-16,0.2816490440200813,0.2853378681463488,0.28627022598273183,0.280635626380429,0.18798450317393914,0.003161889014438979,0.003080798284117725,0.001986320841196043,0.0029591931156877638,-0.04590843776714745,55.45419692993164
975,2015-11-17,0.2842839051415358,0.2812841975877394,0.2852162629779188,0.2799059644427972,0.17504865494097746,0.0026348611214545015,-0.00405367055860939,-0.00105396300481303,-0.0007296619376317981,-0.012935848232961678,54.66637802124024
976,2015-11-18,0.28335157823220475,0.2850541124443282,0.28558107848320874,0.2812436522225788,0.13780898161116062,-0.0009323269093310382,0.0037699148565887852,0.00036481550528993933,0.0013376877797816045,-0.03723967332981684,55.3990364074707
977,2015-11-19,0.2817301038233506,0.2838379989059246,0.2842028453382665,0.2780817941351918,0.22903290347223484,-0.0016214744088541289,-0.0012161135384036181,-0.0013782331449422314,-0.003161858087387004,0.09122392186107423,55.1627082824707
978,2015-11-20,0.2857027145786907,0.2883781210653058,0.2886618767673264,0.2844055412370178,0.23627566889175866,0.003972610755340056,0.00454012215938121,0.004459031429059901,0.006323747101825983,0.007242765419523817,56.0450553894043
979,2015-11-23,0.28772954985799537,0.287891669464534,0.2914589193494235,0.28736470342565346,0.13996616890085306,0.002026835279304695,-0.00048645160077182004,0.0027970425820970646,0.002959162188635678,-0.0963094999909056,55.95050811767578
980,2015-11-24,0.28691879719004226,0.2894320840701188,0.29068871204663105,0.28554056404510003,0.13992615362229216,-0.0008107526679531074,0.0015404146055847945,-0.000770207302792425,-0.0018241393805534245,-4.0015278560900924e-05,56.24987030029297
981,2015-11-25,0.290810317215061,0.28979689957540866,0.29141837398426285,0.28667558685318234,0.12706669819385583,0.0038915200250187465,0.0003648155052898838,0.0007296619376317981,0.0011350228080823088,-0.012859455428436334,56.32077026367188
982,2015-11-27,0.28854027159889645,0.28870242213248704,0.2899590501089993,0.28659449612286103,0.05973553538623838,-0.002270045616164562,-0.0010944774429216264,-0.0014593238752635407,-8.109073032130931e-05,-0.06733116280761745,56.10807800292969
983,2015-11-30,0.28914832836809823,0.2944991722683805,0.29506668367242167,0.2884186664304665,0.20491096600520198,0.0006080567692017813,0.00579675013589348,0.005107633563422365,0.001824170307605455,0.1451754306189636,57.23465347290039
984,2015-12-01,0.29320199892670756,0.29008065527742927,0.29445862690321983,0.28720255289206287,0.23930591680459812,0.004053670558609335,-0.004418516990951249,-0.0006080567692018368,-0.0012161135384036181,0.03439495079939614,56.37593078613281
985,2015-12-02,0.2886213314021657,0.2879322148296946,0.2923912462587545,0.28627022598273183,0.1843685770930719,-0.004580667524541837,-0.0021484404477346564,-0.002067380644465322,-0.0009323269093310382,-0.05493733971152623,55.9583854675293
986,2015-12-03,0.2884186664304665,0.2822976152273918,0.28870242213248704,0.2812031377844701,0.2957783881118245,-0.00020266497169924014,-0.005634599602302837,-0.003688824126267476,-0.005067088198261738,0.11140981101875261,54.86333084106445
987,2015-12-04,0.28116259241930946,0.283675879299386,0.2838785442710853,0.27889254680314485,0.1910547663653395,-0.007256074011157021,0.0013782640719942063,-0.00482387786140176,-0.0023105909813252445,-0.104723621746485,55.13118743896485
988,2015-12-07,0.278406095202373,0.27710892186070013,0.2786087911011243,0.2745145751773543,0.24758180396151258,-0.0027564972169364377,-0.00656695743868585,-0.005269753169960978,-0.0043779716257905665,0.056527037596173085,53.85493850708008
989,2015-12-08,0.2715553820616666,0.26973124268111315,0.27224452956118966,0.2682719188058496,0.24977900652976592,-0.006850713140706455,-0.007377679179586982,-0.006364261539934635,-0.0062426563715046735,0.0021972025682533425,52.42111206054688
990,2015-12-09,0.2687583704066215,0.267177441362928,0.27167698723009653,0.26413718844397094,0.31204641772313063,-0.0027970116550450896,-0.002553801318185167,-0.0005675423310931293,-0.004134730361878669,0.06226741119336471,51.92477798461914
991,2015-12-10,0.26746119706494853,0.2690826405467507,0.2719607429321171,0.267177441362928,0.20985103403117553,-0.0012971733416729525,0.0019051991838227034,0.00028375570202054945,0.0030402529189570426,-0.1021953836919551,52.29505157470703
992,2015-12-11,0.26502896998814135,0.2652316658868926,0.2679476177386684,0.2613806912270345,0.2754724531184634,-0.0024322270768071808,-0.003850974659858064,-0.004013125193448708,-0.00579675013589348,0.06562141908728789,51.5466423034668
993,2015-12-14,0.2660423876277937,0.2680287084689897,0.2682719188058496,0.26239410886668685,0.2681423816366249,0.0010134176396523475,0.0027970425820970646,0.00032430106718123186,0.0010134176396523475,-0.007330071481838507,52.09022521972656
994,2015-12-15,0.2653532710553226,0.27058250978717485,0.2714337768932366,0.2644614585841002,0.22049146037577985,-0.0006891165724711157,0.002553801318185167,0.003161858087387004,0.002067349717413347,-0.04765092126084505,52.5865364074707
995,2015-12-16,0.26843406933944025,0.2745145751773543,0.2751631463846647,0.268109768272259,0.2454609941977846,0.0030807982841176695,0.003932065390179429,0.003729369491428103,0.003648309688158824,0.024969533822004758,53.35073471069336
996,2015-12-17,0.272325589364459,0.26308322543915796,0.2736633080712925,0.26300213470883665,0.24736717655832227,0.0038915200250187465,-0.011431349738196317,-0.0014998383133721926,-0.005107633563422365,0.0019061823605376615,51.12908935546875
997,2015-12-18,0.26186711190075435,0.26393449254521967,0.26701529082933734,0.25984027662144965,0.49076556503392205,-0.010458477463704652,0.0008512671060617039,-0.006648017241955184,-0.003161858087387004,0.24339838847559978,51.294525146484375
998,2015-12-21,0.26588023709420305,0.2644614585841002,0.26681259493058607,0.26097529942953196,0.19321922916022483,0.004013125193448708,0.0005269660388805275,-0.0002026958987512706,0.0011350228080823088,-0.2975463358736972,51.396949768066406
999,2015-12-22,0.2685556745078702,0.27731161775945135,0.2788520014379842,0.26798816310382906,0.35276014478255335,0.002675437413667159,0.01285015917535115,0.012039406507398154,0.0070128636742970984,0.15954091562232853,53.89430618286133
1000,2015-12-23,0.2820949193286405,0.2833110328670441,0.2857432290167993,0.2796627231788853,0.2759708252241765,0.013539244820770291,0.005999415107592776,0.006891227578815107,0.01167456007505624,-0.07678931955837687,55.06026077270508
1001,2015-12-24,0.28274352146300297,0.2812436522225788,0.28335157823220475,0.27994647888090585,0.08447225304207061,0.0006486021343624637,-0.002067380644465322,-0.002391650784594579,0.00028375570202054945,-0.19149857218210586,54.65849685668945
1002,2015-12-28,0.2801897201448178,0.27800073433192246,0.2804329304816777,0.27577120315386655,0.14129031084595936,-0.002553801318185167,-0.0032429178906563383,-0.002918647750527026,-0.004175275727039296,0.05681805780388875,54.02824401855469
1003,2015-12-29,0.2805950810152683,0.28047347584683835,0.28201385952537117,0.2781628848655131,0.12875825315120318,0.0004053608704505107,0.0024727415149158882,0.0015809290436934464,0.002391681711646554,-0.012532057694756182,54.50880813598633
1004,2015-12-30,0.2783250353991037,0.27844664056753365,0.2822570698622311,0.27796018896676183,0.11489841575874425,-0.0022700456161646176,-0.002026835279304695,0.00024321033685992255,-0.0002026958987512706,-0.013859837392458926,54.114891052246094
1005,2015-12-31,0.27747373736599,0.27548744745184595,0.2801086294144965,0.27540638764857667,0.15847505411156987,-0.0008512980331136788,-0.0029591931156877083,-0.002148440447734601,-0.002553801318185167,0.04357663835282562,53.539794921875
1006,2016-01-04,0.2711094758260554,0.2756090526202759,0.2759738990526178,0.26640723406013556,0.3123701777042143,-0.006364261539934635,0.00012160516842996127,-0.004134730361878669,-0.008999153588441111,0.15389512359264446,53.56343460083008
1007,2016-01-05,0.2771899816639694,0.2727309502349095,0.2774332229278813,0.26924479108034133,0.2233252696484112,0.00608050583791403,-0.002878102385366399,0.0014593238752634852,0.002837557020205772,-0.08904490805580312,53.00408935546875
1008,2016-01-06,0.26746119706494853,0.26843406933944025,0.2709878706576254,0.266001873189685,0.2415213081358337,-0.009728784599020879,-0.004296880895469257,-0.0064453522702558885,-0.0032429178906563383,0.01819603848742249,52.16899871826172
1009,2016-01-07,0.2638128873767897,0.2591916899506132,0.2655964813921825,0.2580566671425309,0.31290128958329544,-0.003648309688158824,-0.009242379388827049,-0.005391389265442914,-0.007945206047154096,0.07137998144746174,50.37278366088867
1010,2016-01-08,0.2607726344578327,0.25655681336563274,0.2615833561987338,0.2550974894903692,0.3011513486967751,-0.003040252918956987,-0.002634876584980461,-0.004013125193448708,-0.002959177652161693,-0.011749940886520316,49.8607063293457
1011,2016-01-11,0.25809719704416556,0.24917913418604576,0.25821881767612154,0.24666584730596922,0.3517488495607414,-0.002675437413667159,-0.007377679179586982,-0.0033645385226122593,-0.008431642184399984,0.05059750086396625,48.4268913269043
1012,2016-01-12,0.2531111841126991,0.24970610022492623,0.2533544099130851,0.24480116256025516,0.312595718365194,-0.004986012931466444,0.000526966038880472,-0.004864407763036427,-0.0018646847457140514,-0.039153131195547364,48.52931213378906
1013,2016-01-13,0.25161133033580096,0.24682799783955986,0.25440835745437207,0.24480116256025516,0.26327506866258027,-0.0014998537768981524,-0.002878102385366371,0.0010539475412869592,0.0,-0.04932064970261374,47.9699592590332
1014,2016-01-14,0.24824679181318873,0.25242206754022806,0.2552596400239598,0.24476063265862052,0.33619381945833865,-0.0033645385226122315,0.005594069700668197,0.0008512825695877191,-4.052990163463943e-05,0.07291875079575838,49.05713653564453
1015,2016-01-15,0.24127447350405232,0.24269325201415518,0.24358506448537756,0.23815314531829998,0.4610669528365376,-0.006972318309136416,-0.009728815526072881,-0.011674575538582227,-0.006607487340320545,0.12487313337819894,47.75694274902344
1016,2016-01-19,0.24427418105784868,0.23928816812638232,0.24540921932945697,0.23705865241185234,0.3092489859764637,0.0029997075537963602,-0.0034050838877728584,0.001824154844079412,-0.0010944929064476416,-0.15181796686007387,47.08688354492188
1017,2016-01-20,0.2354371934665242,0.2383963711186859,0.24070696210001116,0.22846487515738778,0.3949762636643082,-0.00883698759132448,-0.0008917970076964266,-0.004702257229445811,-0.008593777254464557,0.0857272776878445,46.91139602661133
1018,2016-01-21,0.23916656295795233,0.2419635900765234,0.24492276772868513,0.2361263100389953,0.320060386693101,0.0037293694914281306,0.0035672189578375146,0.004215805628673963,0.007661434881607532,-0.07491587697120722,47.61334991455078
1019,2016-01-22,0.24820624644802808,0.24719282880837573,0.253597635713471,0.24565242966631687,0.284312191927827,0.00903968349007575,0.005229238731852326,0.008674867984785867,0.009526119627321555,-0.03574819476527402,48.6423454284668
1020,2016-01-25,0.2390044124243617,0.23474806143052707,0.24058534146805516,0.23414000466132528,0.39911602611906366,-0.009201834023666366,-0.012444767377848664,-0.013012294245415834,-0.011512425004991583,0.11480383419123669,46.19347381591797
1021,2016-01-26,0.2367343668081971,0.23981514962878878,0.24184198490809347,0.23547772336815884,0.29618217865003,-0.0022700456161646176,0.00506708819826171,0.001256643440038313,0.0013377187068335517,-0.10293384746903367,47.19057846069336
1022,2016-01-27,0.23685597197662706,0.2364100657410159,0.2427743272809505,0.23292390658644765,0.40065479546736027,0.00012160516842996127,-0.003405083887772886,0.0009323423728570257,-0.0025538167817111823,0.10447261681733028,46.5205307006836
1023,2016-01-28,0.2513681045354151,0.24759820514235228,0.2531517294778598,0.2374234833806682,0.4935338947598174,0.014512132558788027,0.011188139401336394,0.010377402196909302,0.0044995767942205556,0.09287909929245713,48.72212219238281
1024,2016-01-29,0.25007093119374213,0.2523004623717981,0.25250314280702335,0.24630101633715337,0.2990596409538187,-0.0012971733416729525,0.004702257229445811,-0.0006485866708364485,0.008877532956485162,-0.1944742538059987,49.64742660522461
1025,2016-02-01,0.25120596946535045,0.25416514711751215,0.255705546259571,0.2488143032172299,0.2166536313865294,0.001135038271608324,0.0018646847457140514,0.003202403452547631,0.002513286880076515,-0.0824060095672893,50.01435470581055
1026,2016-02-02,0.2484089268832534,0.24593618536833747,0.249503419789701,0.24516599352907106,0.22853453136652177,-0.0027970425820970646,-0.008228961749174674,-0.0062021264698699785,-0.003648309688158824,0.011880899979992365,48.395057678222656
1027,2016-02-03,0.24917913418604576,0.2564757380988374,0.25781344134214496,0.24240949631213463,0.30310118408847014,0.0007702073027923695,0.010539552730499918,0.008310021552443952,-0.0027564972169364377,0.07456665272194837,50.46903610229492
1028,2016-02-04,0.25781344134214496,0.2673801063346272,0.2715553820616666,0.25781344134214496,0.45828407210025646,0.008634307156099197,0.01090436823578983,0.013741940719521617,0.01540394503001033,0.1551828880117863,52.61478805541992
1029,2016-02-05,0.2662045381613843,0.2680287084689897,0.27062305515233553,0.2642182482472403,0.27151094054093383,0.00839109681923933,0.0006486021343624637,-0.0009323269093310382,0.006404806905095317,-0.18677313155932262,52.74241256713867
1030,2016-02-08,0.26519112052173194,0.261786052097485,0.2660829329929543,0.2580566671425309,0.2297422652285418,-0.0010134176396523475,-0.0062426563715046735,-0.00454012215938121,-0.006161581104709379,-0.041768675312392034,51.51398849487305
1031,2016-02-09,0.2590295548805486,0.25915116004897853,0.2610969355250139,0.2558676813296356,0.20511468015060297,-0.006161565641183364,-0.0026348920485064764,-0.004985997467940428,-0.0021889858128952833,-0.02462758507793883,50.9954948425293
1032,2016-02-10,0.26052939319392077,0.25189508603782157,0.26097529942953196,0.2513275746337804,0.21664271812874006,0.0014998383133721926,-0.0072560740111569655,-0.00012163609548193621,-0.004540106695855195,0.01152803797813709,49.567649841308594
1033,2016-02-11,0.24690907310635515,0.24893590838565985,0.25258421807381864,0.24528759869750102,0.25664344567925934,-0.013620320087565613,-0.002959177652161721,-0.008391081355713315,-0.00603997593627939,0.04000072755051928,48.985347747802734
1034,2016-02-12,0.25128704473214575,0.2559893019615916,0.2572864753032645,0.2505979126961486,0.15632878007966677,0.004377971625790594,0.007053393575931738,0.004702257229445839,0.005310313998647592,-0.10031466559959257,50.37331771850586
1035,2016-02-16,0.2600835178853616,0.26433985341567023,0.26571811748766444,0.2574486103733291,0.17531784863311445,0.008796473153215856,0.008350551454078647,0.008431642184399957,0.006850697677180495,0.018989068553447674,52.01652526855469
1036,2016-02-17,0.26754225686821786,0.27264989043164023,0.27479833087937483,0.26640723406013556,0.2682406009567289,0.007458738982856261,0.008310037015969995,0.00908021339171039,0.008958623686806444,0.09292275232361447,53.65176010131836
1037,2016-02-18,0.27220398419602904,0.2680287084689897,0.2740281235765824,0.26405609771364963,0.22464941159351753,0.0046617273278111715,-0.004621181962650545,-0.000770207302792425,-0.002351136346485927,-0.04359118936321138,52.74241256713867
1038,2016-02-19,0.26316428524242724,0.26519112052173194,0.2655964813921825,0.25975921681818037,0.18170210443987705,-0.009039698953601794,-0.002837587947257747,-0.008431642184399901,-0.004296880895469257,-0.04294730715364048,52.18404769897461
1039,2016-02-22,0.26519112052173194,0.27285255540333947,0.27370382250940123,0.26519112052173194,0.21054220702450027,0.002026835279304695,0.007661434881607532,0.008107341117218725,0.005431903703551566,0.028840102584623217,53.69165802001953
1040,2016-02-23,0.2720418336624384,0.2666504443969955,0.2725687997013189,0.26632614332981425,0.2036923188853926,0.006850713140706455,-0.006202111006343991,-0.0011350228080823088,0.0011350228080823088,-0.006849888139107668,52.47120666503906
1041,2016-02-24,0.2622724727712049,0.267055805267446,0.2674206516997879,0.25566500089441035,0.2342421651903454,-0.00976936089123348,0.0004053608704505107,-0.005148148001531017,-0.010661142435403892,0.030549846304952805,52.550968170166016
1042,2016-02-25,0.26709635063260667,0.26944748697909254,0.26944748697909254,0.262839984175246,0.1555939540551847,0.00482387786140176,0.002391681711646554,0.0020268352793046396,0.007174983280835656,-0.07864821113516071,53.0215950012207
1043,2016-02-26,0.2731768564705207,0.2710689613879467,0.2756495979854366,0.2693663962487713,0.1509594572473126,0.00608050583791403,0.0016214744088541844,0.0062021110063440466,0.006526412073525278,-0.0046344968078720905,53.34067535400391
1044,2016-02-29,0.27216343883086835,0.27443348444703297,0.27800073433192246,0.2695285467823619,0.3144182324160134,-0.0010134176396523475,0.003364523059086244,0.0023511363464858714,0.00016215053359058818,0.1634587751687008,54.00273132324219
1045,2016-03-01,0.2774332229278813,0.2800680840493358,0.28168955845819,0.27297416057176943,0.16193819458338637,0.005269784097012953,0.005634599602302837,0.0036888241262675314,0.0034456137894075534,-0.15248003783262704,55.11151123046875
1046,2016-03-02,0.2786898509043936,0.2812436522225788,0.2834731834006347,0.2765008650914983,0.17465941541315774,0.00125662797651227,0.0011755681732429912,0.001783624942444717,0.0035267045197288627,0.012721220829771368,55.34283065795898
1047,2016-03-03,0.28221655542412244,0.2908508625802217,0.29218858128705527,0.2812841975877394,0.2609250804852762,0.0035267045197288627,0.009607210357642892,0.008715397886420562,0.004783332496241133,0.08626566507211844,57.23332595825195
1048,2016-03-04,0.2922290957251639,0.2952693486441209,0.2998094708035021,0.28999959547415993,0.3463686134705979,0.010012540301041484,0.0044184860638992185,0.007620889516446849,0.008715397886420506,0.0854435329853217,58.102783203125
1049,2016-03-07,0.2951072290375823,0.3030929340593191,0.3069844850113898,0.2951072290375823,0.39070917986867715,0.002878133312418374,0.007823585415198175,0.007175014207887687,0.005107633563422365,0.04434056639807926,59.642311096191406
1050,2016-03-08,0.2990798088658704,0.29076980277695236,0.30041752757270396,0.2899185047438386,0.3182451481474745,0.003972579828288081,-0.012323131282366728,-0.00656695743868585,-0.005188724293743674,-0.07246403172120264,57.21738815307617
1051,2016-03-09,0.29320199892670756,0.2913373141809935,0.29470183724007976,0.2888645726660776,0.1785372596809691,-0.005877809939162815,0.0005675114040411544,-0.0057156903326242015,-0.0010539320777609995,-0.13970788846650542,57.32905578613281
1052,2016-03-10,0.291985885388304,0.2892699335365282,0.291985885388304,0.2857432290167993,0.23108459593663036,-0.0012161135384035626,-0.002067380644465322,-0.0027159518517757553,-0.0031213436492782964,0.05254733625566127,56.9222526550293
1053,2016-03-11,0.2933236040951375,0.2951072290375823,0.29632331164893394,0.29299930302795635,0.17413921679186598,0.001337718706833524,0.005837295501054107,0.00433742626062994,0.007256074011157021,-0.056945379144764385,58.07088851928711
1054,2016-03-14,0.29482347333556175,0.29482347333556175,0.29770157572092815,0.2923912462587545,0.18407028138016335,0.001499869240424223,-0.00028375570202054945,0.0013782640719942063,-0.0006080567692018368,0.009931064588297372,58.01506805419922
1055,2016-03-15,0.2895942346037094,0.29364790516231876,0.2937695103307487,0.2872430982572235,0.1700431073682679,-0.005229238731852326,-0.0011755681732429912,-0.003932065390179429,-0.005148148001531017,-0.01402717401189546,57.78374481201172
1056,2016-03-16,0.29425593100446856,0.301349854482035,0.3020390019815581,0.2926750019607751,0.24159042543516615,0.004661696400759141,0.007701949319716239,0.008269491650809369,0.0054319037035516216,0.07154731806689826,59.29932403564453
1057,2016-03-17,0.30078234307799384,0.3076736015838609,0.30929507599271505,0.29802584586105735,0.48440313574273813,0.006526412073525278,0.006323747101825927,0.0072560740111569655,0.005350843900282232,0.24281271030757198,60.543704986572266
1058,2016-03-18,0.30840326352149267,0.30593052200657683,0.3118894226760609,0.30256596802043856,0.5001982575165063,0.007620920443498824,-0.0017430795772840901,0.0025943466833458495,0.00454012215938121,0.015795121773768128,60.20069885253906
1059,2016-03-21,0.30617373234343676,0.3076330562187003,0.30949774096441435,0.30418744242929274,0.1569944888048164,-0.00222953117805591,0.0017025342121234632,-0.002391681711646554,0.0016214744088541844,-0.3432037687116899,60.53570938110352
1060,2016-03-22,0.3064169426802967,0.30625482307375806,0.30840326352149267,0.3049981641701938,0.13189035813674313,0.00024321033685992255,-0.0013782331449422314,-0.001094477442921682,0.000810721740901077,-0.025104130668073266,60.26451110839844
1061,2016-03-23,0.30390368672727214,0.2986744479954198,0.3045117434964739,0.2982285417598086,0.19472525873515342,-0.00251325595302454,-0.007580375078338253,-0.0038915200250187465,-0.006769622410385201,0.06283490059841029,58.77285003662109
1062,2016-03-24,0.2956341950764628,0.30520086006894503,0.30544407040580496,0.29482347333556175,0.25595591043853105,-0.008269491650809313,0.006526412073525223,0.0009323269093310382,-0.003405068424246871,0.06123065170337763,60.057106018066406
1063,2016-03-28,0.3046333486649039,0.305322465237375,0.30625482307375806,0.3018363060828068,0.1246075774386584,0.008999153588441056,0.00012160516842996127,0.0008107526679531074,0.007012832747245068,-0.13134833299987264,60.08103561401367
1064,2016-03-29,0.30390368672727214,0.3081195078194721,0.3082816583530627,0.30074182863988513,0.14860219356481566,-0.0007296619376317426,0.00279704258209712,0.0020268352793046396,-0.001094477442921682,0.02399461612615726,60.631439208984375
1065,2016-03-30,0.3118894226760609,0.3101463430987768,0.31314605065257317,0.3081195078194721,0.177769693883119,0.007985735948788764,0.002026835279304695,0.004864392299510467,0.007377679179586982,0.02916750031830334,61.03028106689453
1066,2016-03-31,0.30929507599271505,0.3102679482672068,0.31265959905180135,0.30905183472880315,0.15819494716164353,-0.0025943466833458495,0.00012160516842996127,-0.00048645160077182004,0.0009323269093310382,-0.019574746721475467,61.05421447753906
1067,2016-04-01,0.3066601839442086,0.3112813659068591,0.31160566697404035,0.3026875731888685,0.1774604849124211,-0.0026348920485064764,0.0010134176396523475,-0.0010539320777609995,-0.006364261539934635,0.019265537750777578,61.25363540649414
1068,2016-04-04,0.31034900807047605,0.3069439396462292,0.31229478354651147,0.30572782610782556,0.15822404918241512,0.003688824126267476,-0.00433742626062994,0.0006891165724711157,0.0030402529189570426,-0.019236435730005996,60.40011978149414
1069,2016-04-05,0.305322465237375,0.3049981641701938,0.30747090568510965,0.30240381748684797,0.15958093090088943,-0.005026542833101055,-0.0019457754760353607,-0.004823877861401815,-0.003324008620977592,0.001356881718474312,60.0172233581543
1070,2016-04-06,0.3061331869782761,0.3049171043669245,0.30633588287702734,0.29875550779868915,0.17933392749959076,0.000810721740901077,-8.105980326933437e-05,-0.0011350228080823088,-0.003648309688158824,0.019752996598701333,60.001277923583984
1071,2016-04-07,0.3019579112512368,0.3006607379095639,0.3027281185540292,0.29899874906260104,0.17464122665017554,-0.004175275727039296,-0.004256366457360605,-0.0036077643229981415,0.0002432412639118975,-0.004692700849415227,59.16371536254883
1072,2016-04-08,0.30414689706413206,0.3013903998471956,0.30503870953535445,0.29997162133709276,0.17865003001145893,0.0021889858128952833,0.0007296619376317426,0.0023105909813252445,0.0009728722744917206,0.004008803361283397,59.30729675292969
1073,2016-04-11,0.3024443628520086,0.30252542265527793,0.3071871499830891,0.3024443628520086,0.1420469633860201,-0.0017025342121234632,0.0011350228080823088,0.0021484404477346564,0.0024727415149158327,-0.03660306662543883,59.53066253662109
1074,2016-04-12,0.304268502232562,0.308484323324762,0.31107867000810785,0.30187685144796744,0.1866021571872897,0.0018241393805534245,0.0059589006694840685,0.0038915200250187465,-0.0005675114040411544,0.0445551938012696,60.70321273803711
1075,2016-04-13,0.31160566697404035,0.3207669401690201,0.320888576264502,0.31034900807047605,0.3407009949253351,0.00733716474147833,0.012282616844258076,0.009809906256394163,0.008472156622508609,0.15409883773804542,63.12018203735352
1076,2016-04-14,0.3220235990725843,0.3204426700288908,0.32315862188066663,0.3176861728119544,0.19543098273886392,0.01041793209854397,-0.0003242701401292569,0.0022700456161646176,0.00733716474147833,-0.1452700121864712,63.05637741088867
1077,2016-04-15,0.32178035780867237,0.32092909070261066,0.32340183221752655,0.3191454966872179,0.20038560177522327,-0.000243241263911953,0.0004864206737198451,0.00024321033685992255,0.0014593238752635407,0.004954619036359353,63.152076721191406
1078,2016-04-18,0.3180915336824049,0.3212533917697919,0.3237666786498684,0.3167538149755713,0.17541970570581494,-0.003688824126267476,0.00032430106718123186,0.00036484643234185876,-0.0023916817116466094,-0.024965896069408328,63.215919494628906
1079,2016-04-19,0.32425309932358826,0.3258745737324424,0.3279014090117471,0.3221046588758536,0.2285781843976791,0.006161565641183364,0.004621181962650489,0.004134730361878669,0.005350843900282287,0.05315847869186416,64.1252670288086
1080,2016-04-20,0.32530706232840123,0.3232396816839359,0.32672584083850414,0.32145608766854317,0.19486713108641482,0.0010539630048129744,-0.0026348920485064764,-0.0011755681732429357,-0.0006485712073104333,-0.03371105331126428,63.60678863525391
1081,2016-04-21,0.3192265564904872,0.3188617409851973,0.3225911104766255,0.3169565108743226,0.2367849542552611,-0.00608050583791403,-0.004377940698738592,-0.004134730361878669,-0.004499576794220583,0.04191782316884629,63.35707473754883
1082,2016-04-22,0.319956218428119,0.3174834769132031,0.3209696360677713,0.3129433547538219,0.36739846123065173,0.0007296619376317981,-0.0013782640719942063,-0.0016214744088541844,-0.004013156120500683,0.13061350697539062,63.08321762084961
1083,2016-04-25,0.31821313885083485,0.3112813659068591,0.3196724627260984,0.30888968419521257,0.2939231342876371,-0.0017430795772841456,-0.006202111006343991,-0.001297173341672897,-0.004053670558609335,-0.07347532694301462,61.85089111328125
1084,2016-04-26,0.3127406897821226,0.3147675250614273,0.3151323405667172,0.30998419256518617,0.221389985267102,-0.0054724490687122485,0.0034861591545681803,-0.00454012215938121,0.0010945083699736013,-0.07253314902053512,62.54356384277344
1085,2016-04-27,0.3161052437682609,0.31894280078846665,0.31979406789452836,0.31456482916267603,0.1622183015333127,0.0033645539861382745,0.0041752757270393515,0.0046617273278111715,0.004580636597489862,-0.05917168373378928,63.37317657470703
1086,2016-04-28,0.3163079087399602,0.31517288593187787,0.32092909070261066,0.31456482916267603,0.17623456228741882,0.00020266497169929565,-0.0037699148565887852,0.0011350228080823088,0.0,0.014016260754106113,62.624114990234375
1087,2016-04-29,0.3162673633747995,0.3150512807634479,0.32023997413013955,0.3134298063545937,0.28020516924643957,-4.054536516068241e-05,-0.00012160516842996127,-0.0006891165724711157,-0.0011350228080823088,0.10397060695902074,62.59995269775391
1088,2016-05-02,0.3135514115230237,0.31553770143716775,0.31647005927355076,0.310592249334388,0.12114079921424543,-0.0027159518517758108,0.0004864206737198451,-0.0037699148565887852,-0.0028375570202057165,-0.15906437003219415,62.69662094116211
1089,2016-05-03,0.31152457624371904,0.309538286329575,0.3125379938833714,0.306376428242188,0.17428108914312737,-0.0020268352793046396,-0.005999415107592776,-0.003932065390179373,-0.004215821092199978,0.05314028992888194,61.50453567504883
1090,2016-05-04,0.30880862439194323,0.30094449361158443,0.3093355904308237,0.2995662604666422,0.25239091289401405,-0.0027159518517758108,-0.008593792717990545,-0.0032024034525476863,-0.006810167775545828,0.07810982375088668,59.79697036743164
1091,2016-05-05,0.30057967810629455,0.29506668367242167,0.30240381748684797,0.29470183724007976,0.29361028756434276,-0.008228946285648686,-0.005877809939162759,-0.006931772943975734,-0.004864423226562442,0.04121937467032871,58.62907409667969
1092,2016-05-06,0.29251288235423645,0.2973772746537469,0.29762048499060684,0.29032389654134116,0.25256188726604706,-0.008066795752058098,0.0023105909813252445,-0.004783332496241133,-0.004377940698738592,-0.041048400298295706,59.088191986083984
1093,2016-05-09,0.29320199892670756,0.28691879719004226,0.2944180815380592,0.28606753008398056,0.3421306316957384,0.0006891165724711157,-0.010458477463704652,-0.003202403452547631,-0.004256366457360605,0.08956874442969132,57.01010894775391
1094,2016-05-10,0.28691879719004226,0.29393166086433936,0.29474238260524044,0.28614858988724984,0.23671947470852508,-0.0062832017366653,0.0070128636742970984,0.00032430106718123186,8.105980326927886e-05,-0.10541115698721329,58.40353393554688
1095,2016-05-11,0.2953098940092816,0.29360735979715813,0.29839069229339926,0.2933236040951375,0.17067971407264593,0.00839109681923933,-0.00032430106718123186,0.003648309688158824,0.007175014207887687,-0.06603976063587916,58.339088439941406
1096,2016-05-12,0.29559364971130214,0.2906481666814704,0.2968908230529751,0.28854027159889645,0.16466287127812437,0.00028375570202054945,-0.0029591931156877083,-0.0014998692404241676,-0.004783332496241077,-0.006016842794521554,57.7510986328125
1097,2016-05-13,0.2903644109794498,0.28404069480467586,0.29097246774865165,0.28400014943951524,0.2334418596191273,-0.005229238731852326,-0.006607471876794557,-0.005918355304323442,-0.00454012215938121,0.06877898834100293,56.4382209777832
1098,2016-05-16,0.2853378681463488,0.28659449612286103,0.2906481666814704,0.2841622999731058,0.1642772695029011,-0.005026542833101,0.002553801318185167,-0.00032430106718123186,0.00016215053359058818,-0.0691645901162262,56.94565963745117
1099,2016-05-17,0.28659449612286103,0.2880133055600159,0.2925939421575058,0.28558107848320874,0.17613634296731479,0.0012566279765122146,0.0014188094371548887,0.0019457754760353607,0.0014187785101029138,0.011859073464413672,57.227569580078125
1100,2016-05-18,0.28627022598273183,0.28614858988724984,0.2913373141809935,0.28408124016983655,0.187926299132396,-0.0003242701401292014,-0.0018647156727660819,-0.00125662797651227,-0.0014998383133721926,0.011789956165081217,56.85704803466797
1101,2016-05-19,0.2834731834006347,0.28144634812133,0.28424339070342713,0.27986541907763657,0.2232525145964823,-0.00279704258209712,-0.0047022417659198235,-0.007093923477566377,-0.004215821092199978,0.03532621546408629,55.92272186279297
1102,2016-05-20,0.2837569391026553,0.2832299730637748,0.28691879719004226,0.28274352146300297,0.2085014278178941,0.00028375570202060496,0.0017836249424447725,0.0026754064866151284,0.002878102385366399,-0.01475108677858819,56.27712631225586
1103,2016-05-23,0.28294621736175424,0.28537841351150944,0.2876079137625134,0.2820949193286405,0.14558285890976555,-0.000810721740901077,0.0021484404477346564,0.0006891165724711157,-0.0006486021343624637,-0.06291856890812855,56.70401382446289
1104,2016-05-24,0.28691879719004226,0.28817542516655453,0.288824027300917,0.28477035674230766,0.14086833154477163,0.003972579828288025,0.0027970116550450896,0.0012161135384036181,0.002675437413667159,-0.00471452736499392,57.2597770690918
1105,2016-05-25,0.2903644109794498,0.2941748712011993,0.29470183724007976,0.2888645726660776,0.18317539424143764,0.0034456137894075534,0.005999446034644751,0.005877809939162759,0.004094215923769962,0.04230706269666601,58.45185852050781
1106,2016-05-26,0.2968908230529751,0.29218858128705527,0.29830960156307795,0.29210749055673396,0.15083577365903345,0.006526412073525278,-0.0019862899141440127,0.003607764322998197,0.0032429178906563383,-0.032339620582404194,58.05720138549805
1107,2016-05-27,0.2924723369890758,0.2917021296862834,0.2926750019607751,0.28983744494056934,0.10920897069790284,-0.004418486063899274,-0.00048645160077187555,-0.005634599602302837,-0.0022700456161646176,-0.04162680296113061,57.96053314208984
1108,2016-05-31,0.291985885388304,0.29393166086433936,0.2966070673509545,0.29166158432112277,0.14815111224285638,-0.00048645160077182004,0.0022295311780559657,0.003932065390179373,0.0018241393805534245,0.03894214154495354,58.40353393554688
1109,2016-06-01,0.2917832204166047,0.29295875766279567,0.29385057013401805,0.28890508710418633,0.09821568235144328,-0.00020266497169929565,-0.0009729032015436956,-0.0027564972169364377,-0.0027564972169364377,-0.0499354298914131,58.210235595703125
1110,2016-06-02,0.29429647636962925,0.2984312376585599,0.2985122974618292,0.29299930302795635,0.16789319558376833,0.00251325595302454,0.005472479995764223,0.0046617273278111715,0.004094215923770017,0.06967751323232506,59.297584533691406
1111,2016-06-03,0.29855284282698985,0.30418744242929274,0.30459280329974325,0.29632331164893394,0.2407937576165445,0.004256366457360605,0.005756204770732853,0.00608050583791403,0.003324008620977592,0.07290056203277617,60.44135665893555
1112,2016-06-06,0.30548461577096564,0.3097814966664349,0.3102274029020461,0.3044711981313133,0.17370632423288893,0.006931772943975789,0.005594054237142154,0.005634599602302837,0.008147886482379352,-0.06708743338365558,61.5528450012207
1113,2016-06-07,0.3102274029020461,0.3113624257101284,0.31326765582100313,0.3098625873967562,0.15406609796467743,0.00474278713108045,0.001580929043693502,0.0030402529189570426,0.005391389265442914,-0.01964022626821149,61.867000579833984
1114,2016-06-08,0.3141594682922255,0.31663220980714135,0.31902386059173593,0.3131865960177338,0.21782134996998853,0.003932065390179429,0.005269784097012953,0.005756204770732798,0.003324008620977592,0.0637552520053111,62.91409683227539
1115,2016-06-09,0.3137135620566143,0.3127812351472833,0.3141594682922255,0.3106733091376573,0.13767438476509214,-0.00044590623561119314,-0.003850974659858064,-0.004864392299510412,-0.002513286880076515,-0.08014696520489639,62.14891052246094
1116,2016-06-10,0.3093761357959844,0.30820056762274145,0.31034900807047605,0.3055656755742349,0.17750413794357844,-0.00433742626062994,-0.004580667524541837,-0.0038104602217494676,-0.005107633563422365,0.039829753178486305,61.23873901367188
1117,2016-06-13,0.30686284891590787,0.3049576497320851,0.3094571955992537,0.3049576497320851,0.14866403535895523,-0.002513286880076515,-0.0032429178906563383,-0.0008918124712223308,-0.0006080258421498064,-0.028840102584623217,60.59436798095703
1118,2016-06-14,0.304268502232562,0.30345778049166094,0.30625482307375806,0.2997689254383415,0.14763455137416104,-0.0025943466833458495,-0.0014998692404241676,-0.003202372525495656,-0.005188724293743618,-0.0010294839847941883,60.296348571777344
1119,2016-06-15,0.3047954991984945,0.3043090475977227,0.3078762665555602,0.301349854482035,0.13830735371687372,0.0005269969659325024,0.0008512671060617594,0.001621443481802154,0.001580929043693502,-0.009327197657287317,60.46550369262695
1120,2016-06-16,0.3016336411111075,0.30398474653054147,0.30459280329974325,0.2973367292885863,0.14786736754033358,-0.003161858087387004,-0.00032430106718123186,-0.003283463255816965,-0.004013125193448708,0.009560013823459862,60.40105819702149
1121,2016-06-17,0.30544407040580496,0.3077952067522909,0.3107543998679786,0.3049981641701938,0.19796649629858673,0.003810429294697437,0.003810460221749412,0.006161596568235339,0.007661434881607532,0.05009912875825315,61.158180236816406
1122,2016-06-20,0.31176781750763094,0.3098220420315956,0.3135514115230237,0.30965989149800494,0.1488131832154095,0.006323747101825983,0.002026835279304695,0.0027970116550450896,0.004661727327811116,-0.04915331308317722,61.5609130859375
1123,2016-06-21,0.30990310183486486,0.3100652523684555,0.3117272721424703,0.3081195078194721,0.11975845322759598,-0.0018647156727660819,0.00024321033685992255,-0.001824139380553369,-0.0015403836785328195,-0.029054729987813527,61.60923004150391
1124,2016-06-22,0.31168672677730963,0.3098220420315956,0.3124974485182107,0.30880862439194323,0.11119882136815876,0.0017836249424447725,-0.00024321033685992255,0.0007701763757403945,0.0006891165724711157,-0.008559631859437228,61.5609130859375
1125,2016-06-23,0.314808070426588,0.31707811604275254,0.3171997212111825,0.3130244454841432,0.13098819549282453,0.003121343649278352,0.0072560740111569655,0.004702272692971798,0.004215821092199978,0.019789374124665776,63.00269317626953
1126,2016-06-24,0.3048360136366032,0.29603955594691334,0.306498033410618,0.29587740541332275,0.4430600774841303,-0.009972056789984807,-0.02103856009583921,-0.010701687800564519,-0.017147040070820463,0.31207188199130576,58.82238006591797
1127,2016-06-27,0.2938911154991787,0.2893509933397975,0.29474238260524044,0.2859053795503899,0.26691645901162264,-0.010944898137424497,-0.006688562607115811,-0.011755650805377549,-0.009972025862932832,-0.17614361847250765,57.49335861206055
1128,2016-06-28,0.2928371524943657,0.293972175302448,0.29551258990803286,0.28987799030572997,0.1725640699176049,-0.0010539630048129744,0.004621181962650489,0.000770207302792425,0.003972610755340056,-0.09435238909401775,58.41159057617188
1129,2016-06-29,0.2969313684181357,0.3009039791734758,0.3015930957459469,0.29506668367242167,0.1460703177576893,0.004094215923770017,0.006931803871027764,0.00608050583791403,0.005188693366691699,-0.02649375215991559,59.78892135620117
1130,2016-06-30,0.3006607379095639,0.30730875515151906,0.30747090568510965,0.2998500161686628,0.17081067316611798,0.0037293694914281583,0.006404775978043287,0.005877809939162759,0.004783332496241133,0.02474035540842867,61.0615348815918
1131,2016-07-01,0.3055656755742349,0.30990310183486486,0.3120920876477602,0.305322465237375,0.16843158296804234,0.0049049376646710385,0.002594346683345794,0.004621181962650545,0.005472449068712193,-0.0023790901980756396,61.57700347900391
1132,2016-07-05,0.30670072930936926,0.3015120050156256,0.3078762665555602,0.29875550779868915,0.17374997726404628,0.0011350537351343393,-0.008391096819239274,-0.004215821092199978,-0.00656695743868585,0.005318394296003948,59.90973281860352
1133,2016-07-06,0.3023632721216873,0.303336175323231,0.3034983258568216,0.2977826355241974,0.13607013587005948,-0.00433745718768197,0.0018241703076053994,-0.004377940698738592,-0.0009728722744917206,-0.03767984139398681,60.27217864990234
1134,2016-07-07,0.3043090475977227,0.30422798779445337,0.3069844850113898,0.3015120050156256,0.11207551974390222,0.0019457754760354162,0.0008918124712223863,0.0034861591545681803,0.0037293694914281583,-0.02399461612615726,60.44939804077149
1135,2016-07-08,0.30775466138713026,0.313632502253345,0.3138757125902049,0.3071871499830891,0.19976718383382747,0.0034456137894075534,0.009404514458891622,0.006891227578815107,0.005675144967463519,0.08769166408992525,62.31803894042969
1136,2016-07-11,0.3161863035715302,0.31537558183062914,0.3183752893844255,0.3134298063545937,0.1641099328834646,0.008431642184399957,0.0017430795772841456,0.004499576794220583,0.006242656371504618,-0.03565725095036287,62.664398193359375
1137,2016-07-12,0.31910495132205724,0.32348292294784786,0.32405043435188896,0.3174024171099338,0.20174248349369758,0.002918647750527026,0.008107341117218725,0.0056751449674634635,0.003972610755340056,0.03763255061023299,64.27530670166016
1138,2016-07-13,0.3242125848854796,0.32303701671223667,0.32563136339558246,0.32052372983216015,0.1877989777915204,0.005107633563422365,-0.00044590623561119314,0.001580929043693502,0.003121312722226377,-0.013943505702177172,64.18669128417969
1139,2016-07-14,0.3263204799680536,0.32453685502560886,0.3283473152473583,0.3241720395203189,0.19795558304079738,0.002107895082573974,0.0014998383133721926,0.0027159518517758108,0.0036483096881587684,0.010156605249276973,64.4847183227539
1140,2016-07-15,0.32627993460289295,0.32713120170895466,0.3275365935064572,0.32494224682311135,0.16886811327961584,-4.05453651606269e-05,0.002594346683345794,-0.000810721740901077,0.000770207302792425,-0.02908746976118154,65.0002212524414
1141,2016-07-18,0.32380719308797706,0.32356398275111714,0.32384773845313775,0.3197130080912591,0.1504829116571782,-0.0024727415149158882,-0.0035672189578375146,-0.003688855053319451,-0.00522923873185227,-0.018385201622437647,64.9107437133789
1142,2016-07-19,0.3216182072750818,0.3232396816839359,0.32336128685236587,0.32084803089934133,0.12035140690081668,-0.0021889858128952833,-0.00032430106718123186,-0.00048645160077187555,0.0011350228080822533,-0.03013150475636152,64.84571075439453
1143,2016-07-20,0.322064113510693,0.32303701671223667,0.3237261332847078,0.319956218428119,0.1522581349242438,0.00044590623561119314,-0.00020266497169924014,0.0003648464323419143,-0.0008918124712223308,0.03190672802342713,64.8050308227539
1144,2016-07-21,0.3261177840693023,0.32433419005390957,0.3298876989258911,0.3232396816839359,0.235446261299769,0.004053670558609335,0.001297173341672897,0.006161565641183309,0.0032834632558169097,0.0831881263755252,65.06525421142578
1145,2016-07-22,0.32340183221752655,0.32178035780867237,0.3234423775826872,0.3196724627260984,0.15037741683188127,-0.0027159518517757553,-0.0025538322452371975,-0.006445321343203914,-0.0035672189578375146,-0.08506884446788773,64.5529556274414
1146,2016-07-25,0.32084803089934133,0.3189833461536273,0.321010181432932,0.3175645367164724,0.21092053329453064,-0.0025538013181852226,-0.0027970116550450896,-0.002432196149755206,-0.0021079260096260044,0.06054311646264937,63.9918212890625
1147,2016-07-26,0.32040212466373014,0.33544123872492465,0.336454656364577,0.3191860111253266,0.40042925480638064,-0.00044590623561119314,0.016457892571297372,0.015444474931645025,0.0016214744088541844,0.18950872151185,67.2934799194336
1148,2016-07-27,0.3353196335564947,0.3409136877936369,0.3416838950964293,0.3353196335564947,0.3077866094326925,0.014917508892764553,0.0054724490687122485,0.005229238731852326,0.016133622431168115,-0.09264264537368816,68.39130401611328
1149,2016-07-28,0.33929221338478277,0.33613035529739577,0.3393327587499434,0.33422512518652103,0.1842739955255643,0.003972579828288081,-0.004783332496241133,-0.002351136346485927,-0.0010945083699736569,-0.12351261390712817,67.43173217773438
1150,2016-07-29,0.3356439346236759,0.33548178409008533,0.33702216776861815,0.33292795184484814,0.15548482147729134,-0.003648278761106849,-0.0006485712073104333,-0.0023105909813252445,-0.001297173341672897,-0.02878917404827297,67.3016128540039
1151,2016-08-01,0.33548178409008533,0.3321982899072164,0.3359682047638052,0.33049575569509293,0.12285054293457502,-0.00016215053359058818,-0.00328349418286894,-0.0010539630048129744,-0.002432196149755206,-0.03263427854271632,66.64288330078125
1152,2016-08-02,0.3324009858059676,0.32932018752184994,0.33317119310876003,0.32802301418017704,0.14221793775805308,-0.003080798284117725,-0.0028781023853664545,-0.002797011655045145,-0.0024727415149158882,0.01936739482347806,66.06552124023438
1153,2016-08-03,0.32895537201656005,0.33252259097439757,0.3336170993443712,0.3280635595453377,0.11283217228396297,-0.0034456137894075534,0.003202403452547631,0.00044590623561119314,4.054536516068241e-05,-0.02938576547409011,66.70793914794922
1154,2016-08-04,0.33167132386833587,0.3314686279695846,0.33458997161886295,0.3299687896562124,0.08757889375943542,0.0027159518517758108,-0.0010539630048129744,0.0009728722744917206,0.0019052301108746783,-0.02525327852452755,66.49651336669922
1155,2016-08-05,0.33329279827719,0.3346710314221322,0.3362925058309864,0.3324009858059676,0.11954018807180923,0.0016214744088541289,0.003202403452547631,0.0017025342121234632,0.002432196149755206,0.03196129431237381,67.13895416259766
1156,2016-08-08,0.336454656364577,0.33823828130702177,0.33965705981712463,0.3356439346236759,0.12895105403881482,0.003161858087387004,0.003567249884889545,0.003364553986138219,0.0032429488177083132,0.009410865967005591,67.85459899902344
1157,2016-08-09,0.338562551447151,0.3357655397921059,0.33949490928353404,0.3352385428261734,0.08421033485512651,0.002107895082573974,-0.0024727415149158882,-0.00016215053359058818,-0.0004053917975025412,-0.04474071918368831,67.35853576660156
1158,2016-08-10,0.33771128434108927,0.33503587785447414,0.33771128434108927,0.334346761282003,0.08331544771640081,-0.0008512671060617039,-0.0007296619376317426,-0.0017836249424447725,-0.0008917815441703558,-0.0008948871387256946,67.2121353149414
1159,2016-08-11,0.336454656364577,0.33742752863906866,0.3390895484130835,0.33641411099941637,0.08109641863256879,-0.00125662797651227,0.0023916507845945234,0.0013782640719942063,0.002067349717413347,-0.002219029083832022,67.69197082519531
1160,2016-08-12,0.33750861936939,0.336454656364577,0.339616514451964,0.33475212215245354,0.15798031975845322,0.0010539630048129744,-0.0009728722744916651,0.0005269660388805275,-0.0016619888469628363,0.07688390112588443,67.49678039550781
1161,2016-08-15,0.336454656364577,0.34111638369238817,0.34164334973126864,0.3362925058309864,0.14754724531184635,-0.0010539630048129744,0.0046617273278111715,0.0020268352793046396,0.001540383678532875,-0.010433074446606877,68.4320068359375
1162,2016-08-16,0.3413595940292481,0.3416838950964293,0.3419676507984499,0.33904900304792285,0.11501846159442697,0.004904937664671094,0.0005675114040411544,0.00032430106718123186,0.0027564972169364377,-0.03252878371741938,68.54583740234375
1163,2016-08-17,0.34217034669720114,0.34217034669720114,0.34346752003887404,0.3398597247888239,0.10852871096236745,0.0008107526679530519,0.00048645160077182004,0.0014998692404241676,0.000810721740901077,-0.006489750632059518,68.64340209960938
1164,2016-08-18,0.3381166761385918,0.3379950400431098,0.3389273978794929,0.334468366450433,0.1820004001527856,-0.004053670558609335,-0.004175306654091326,-0.004540122159381155,-0.005391358338390939,0.07347168919041815,67.80577850341797
1165,2016-08-19,0.3366978667014369,0.3398597247888239,0.3420487106017192,0.33548178409008533,0.13910402153549536,-0.0014188094371548887,0.001864684745714107,0.0031213127222263215,0.0010134176396523475,-0.04289637861729023,68.17987823486328
1166,2016-08-22,0.3389679432446535,0.3388463071491716,0.339616514451964,0.336454656364577,0.10494916240746467,0.0022700765432165926,-0.0010134176396523475,-0.002432196149755206,0.0009728722744916651,-0.03415485912803069,67.97654724121094
1167,2016-08-23,0.34042726711991705,0.340548872288347,0.3432648241401228,0.3403056310244351,0.11562232852543698,0.0014593238752635407,0.0017025651391754382,0.003648309688158824,0.0038509746598581196,0.01067316611797231,68.31812286376953
1168,2016-08-24,0.3381166761385918,0.3370627131337788,0.3409136877936369,0.33633305119614704,0.08005238363738883,-0.0023105909813252445,-0.0034861591545682358,-0.002351136346485927,-0.003972579828288081,-0.035569944888048155,67.6187515258789
1169,2016-08-25,0.33673841206659755,0.33580605423021453,0.3371437729370481,0.3347926365905622,0.11214827479583113,-0.0013782640719942618,-0.001256658903564245,-0.0037699148565887852,-0.00154041460558485,0.0320958911584423,67.36665344238281
1170,2016-08-26,0.3373059234706387,0.33507642321963477,0.3401029660527358,0.3335360086140499,0.1308426853889667,0.0005675114040411544,-0.0007296310105797676,0.0029591931156877083,-0.00125662797651227,0.018694410593135577,67.22027587890625
1171,2016-08-29,0.334468366450433,0.3368600172350275,0.33787343487467986,0.3340630055799824,0.08198039251350515,-0.0028375570202057165,0.001783594015392742,-0.0022295311780559657,0.0005269969659325024,-0.04886229287546155,67.5781021118164
1172,2016-08-30,0.33588714496053584,0.334346761282003,0.3370627131337788,0.3336576137824799,0.1261827243129195,0.0014187785101028583,-0.0025132559530244847,-0.000810721740901077,-0.0004053917975025412,0.04420233179941434,67.07391357421875
1173,2016-08-31,0.3326441961428276,0.3321982899072164,0.33377921895090984,0.33082005676227416,0.14702704669055458,-0.0032429488177082577,-0.0021484713747866313,-0.00328349418286894,-0.0028375570202057165,0.02084432237763509,66.64288330078125
1174,2016-09-01,0.33073896603195285,0.3301714546279117,0.3324009858059676,0.3266042356700742,0.14922788701140435,-0.0019052301108747338,-0.002026835279304695,-0.0013782331449422314,-0.004215821092199978,0.002200840320849773,66.23628997802734
1175,2016-09-02,0.33317119310876003,0.3311443578294554,0.33390085504639183,0.330252545358233,0.08910311209734625,0.0024322270768071808,0.0009729032015436956,0.001499869240424223,0.003648309688158824,-0.0601247749140581,66.43145751953125
1176,2016-09-06,0.3324415311711283,0.33272528687314884,0.3333333436423507,0.33029309072339363,0.11171538223685407,-0.0007296619376317426,0.0015809290436934464,-0.0005675114040411544,4.05453651606269e-05,0.022612270139507812,66.74862670898438
1177,2016-09-07,0.3344278210852723,0.3393733041151041,0.3394138494802647,0.3340630055799824,0.1453900580221539,0.0019862899141440127,0.00664801724195524,0.00608050583791403,0.0037699148565887852,0.03367467578529984,68.08230590820312
1178,2016-09-08,0.3384814916438817,0.3386436421774723,0.34034617638959574,0.33677895743175823,0.12370177704214336,0.00405367055860939,-0.0007296619376317981,0.0009323269093310382,0.0027159518517758108,-0.02168828098001055,67.93592834472656
1179,2016-09-09,0.3360087501289658,0.32749604814129657,0.336454656364577,0.3273744429728666,0.19322286691282126,-0.0024727415149158882,-0.011147594036175712,-0.0038915200250187465,-0.009404514458891622,0.0695210898706779,65.69960021972656
1180,2016-09-12,0.32538812213167057,0.33207668473878643,0.3328874374067395,0.32469900555919945,0.1495407337346987,-0.01062062799729524,0.004580636597489862,-0.0035672189578375146,-0.002675437413667159,-0.043682133178122556,66.61851501464844
1181,2016-09-13,0.3287526761178088,0.32522600252513195,0.32940127825217125,0.32400988898672833,0.17245129958711508,0.003364553986138219,-0.00685068221365448,-0.0034861591545682358,-0.0006891165724711157,0.02291056585241638,65.24418640136719
1182,2016-09-14,0.32583402836728176,0.3284283750506276,0.3308606021274348,0.32522600252513195,0.19370305025555212,-0.002918647750527026,0.003202372525495656,0.0014593238752635407,0.0012161135384036181,0.02125175066843704,65.8866195678711
1183,2016-09-15,0.32765819867488716,0.33252259097439757,0.3338197643160705,0.3272933522425453,0.12729951436002837,0.0018241703076053994,0.004094215923769962,0.0029591621886357333,0.002067349717413347,-0.06640353589552375,66.70793914794922
1184,2016-09-16,0.3308606021274348,0.3326036817047189,0.33272528687314884,0.32919858235342,0.24428963786172903,0.003202403452547631,8.109073032130931e-05,-0.001094477442921682,0.0019052301108746783,0.11699012350170065,66.72422790527344
1185,2016-09-19,0.3331306477435994,0.3319145342051958,0.3338197643160705,0.32976609375746113,0.15828589097655468,0.0022700456161646176,-0.0006891474995230906,0.001094477442921682,0.0005675114040411544,-0.08600374688517434,66.58595275878906
1186,2016-09-20,0.3342656705516817,0.33118487226756405,0.3351169376577434,0.33102275266102543,0.10093308354098837,0.0011350228080823088,-0.0007296619376317426,0.001297173341672897,0.0012566589035643005,-0.05735280743556631,66.43958282470703
1187,2016-09-21,0.3336170993443712,0.33835988647545173,0.338440946278721,0.3324415311711283,0.15512468397024318,-0.0006485712073104888,0.007175014207887687,0.003324008620977592,0.0014187785101028583,0.054191600429254805,67.87899017333984
1188,2016-09-22,0.34038672175475637,0.3384814916438817,0.34233246630373976,0.33771128434108927,0.1427890649156951,0.0067696224103851455,0.00012160516842996127,0.0038915200250187465,0.005269753169960978,-0.01233561905454808,67.90338134765625
1189,2016-09-23,0.3385220370090423,0.3341846107484124,0.3388057927110629,0.3339819148496611,0.11027846996125794,-0.0018646847457140514,-0.004296880895469313,-0.0035266735926768322,-0.0037293694914281583,-0.03251059495443716,67.0413818359375
1190,2016-09-26,0.3332117075468687,0.33390085504639183,0.3351574830229041,0.3324415311711283,0.12153003874206515,-0.005310329462173635,-0.00028375570202054945,-0.003648309688158824,-0.0015403836785328195,0.011251568780807214,66.98445892333984
1191,2016-09-27,0.33317119310876003,0.3359682047638052,0.3359682047638052,0.3310632670991341,0.15626330053293075,-4.051443810865196e-05,0.002067349717413347,0.000810721740901077,-0.0013782640719942063,0.0347332617908656,67.39918518066406
1192,2016-09-28,0.33746807400422935,0.35100731882499964,0.3512911054540722,0.33702216776861815,0.34548100183706504,0.004296880895469313,0.015039114061194458,0.015322900690267038,0.0059589006694840685,0.1892177013041343,70.41621398925781
1193,2016-09-29,0.34975069084848737,0.3545745687098892,0.36016862294703134,0.34975069084848737,0.3861983666490842,0.01228261684425802,0.003567249884889545,0.00887751749295912,0.012728523079869214,0.04071736481201915,71.13186645507812
1194,2016-09-30,0.35668246379246316,0.35984432187985016,0.36069561991296384,0.3559528018548314,0.2320558758798814,0.006931772943975789,0.005269753169960978,0.0005269969659325024,0.0062021110063440466,-0.15414249076920278,72.18901062011719
1195,2016-10-03,0.35765536699400685,0.3578580319657061,0.3615468870190256,0.3574121257300949,0.1562269230069663,0.0009729032015436956,-0.001986289914144068,0.0008512671060617594,0.0014593238752634852,-0.0758289528729151,71.7905502319336
1196,2016-10-04,0.3587498444369285,0.35473671924347977,0.3605739838174819,0.3533990005366462,0.17254951890721912,0.0010944774429216264,-0.0031213127222263215,-0.0009729032015436956,-0.004013125193448708,0.016322595900252812,71.16436767578125
1197,2016-10-05,0.35720946075839566,0.36247921392835664,0.36430338423596204,0.3568851596912144,0.1887811709925608,-0.0015403836785328195,0.007742494684876866,0.0037294004184801333,0.0034861591545682358,0.01623165208534169,72.71761322021484
1198,2016-10-06,0.36061452918264253,0.3619522478894761,0.3634521171299003,0.35960111154299024,0.13775805307481037,0.003405068424246871,-0.0005269660388805275,-0.0008512671060617594,0.0027159518517758108,-0.05102311791775044,72.61188507080078
1199,2016-10-07,0.36288457479880715,0.3586282392684985,0.36377638727002953,0.35647979882076386,0.13729605849506174,0.0022700456161646176,-0.003324008620977592,0.0003242701401292569,-0.003121312722226377,-0.00046199457974863134,71.94507598876953
1200,2016-10-10,0.3611820405866837,0.35761482162884617,0.36280351499553787,0.35729052056166494,0.13771440004365304,-0.0017025342121234632,-0.0010134176396523475,-0.0009728722744916651,0.000810721740901077,0.0004183415485913,71.74175262451172
1201,2016-10-11,0.3611820405866837,0.3545745687098892,0.36207385305790607,0.3537233016038274,0.23543171028938323,0.0,-0.003040252918956987,-0.0007296619376317981,-0.0035672189578375146,0.09771731024573019,71.13186645507812
1202,2016-10-12,0.35469617387831914,0.3550204749455004,0.35570959151797144,0.3527503984022837,0.14369122755961367,-0.0064858667083645405,0.00044590623561119314,-0.006364261539934635,-0.0009729032015436956,-0.09174048272976956,71.22130584716797
1203,2016-10-13,0.3522639777285639,0.3525477334305845,0.352953094301035,0.3496696310452181,0.20651521490023464,-0.0024321961497552613,-0.0024727415149158882,-0.0027564972169364377,-0.003080767357065639,0.06282398734062097,70.7252197265625
1204,2016-10-14,0.35603389258515267,0.35538529045079026,0.35842554336974725,0.35493938421517907,0.13099547099801742,0.0037699148565887852,0.002837557020205772,0.0054724490687122485,0.005269753169960978,-0.07551974390221722,71.29450225830078
1205,2016-10-17,0.35420972227754727,0.3538449067722574,0.3555879863495415,0.3522639777285639,0.16296040306298767,-0.0018241703076053994,-0.001540383678532875,-0.002837557020205772,-0.002675406486615184,0.03196493206497025,70.9854736328125
1206,2016-10-18,0.357168915393235,0.35356115107023683,0.35753373089852486,0.35173698076263143,0.13516797322614088,0.0029591931156877083,-0.00028375570202054945,0.0019457445489833858,-0.0005269969659324469,-0.027792429836846794,70.92852783203125
1207,2016-10-19,0.3539259665755267,0.3567230091576238,0.3578580319657061,0.3521018271949733,0.21622437658014879,-0.0032429488177082577,0.0031618580873869484,0.00032430106718123186,0.00036484643234185876,0.0810564033540079,71.5628433227539
1208,2016-10-20,0.35291254893587437,0.3511694693585903,0.3537638160419361,0.3495480258767881,0.16648538532894377,-0.0010134176396523475,-0.005553539799033502,-0.004094215923770017,-0.002553801318185167,-0.04973899125120501,71.07061767578125
1209,2016-10-21,0.34752119059748343,0.34995338674723864,0.3511694693585903,0.34602132135705926,0.13068626202731953,-0.005391358338390939,-0.0012160826113516432,-0.002594346683345794,-0.0035267045197288627,-0.03579912330162424,70.82450103759766
1210,2016-10-24,0.34910211964117693,0.34857512267524443,0.3531963046378949,0.346750983294691,0.1853980610778661,0.001580929043693502,-0.0013782640719942063,0.0020268352793046396,0.0007296619376317426,0.05471179905054657,70.54554748535156
1211,2016-10-25,0.3480481566363639,0.34245410239922175,0.3553042306475209,0.3400218753224145,0.423405300205533,-0.00105396300481303,-0.006121020276022682,0.0021079260096260044,-0.0067291079722764935,0.23800723912766691,69.30677032470703
1212,2016-10-26,0.33973811962039396,0.34103529296206686,0.34208925596687983,0.3359682047638052,0.23944051365066663,-0.00831003701596994,-0.0014188094371548887,-0.01321497468064109,-0.004053670558609335,-0.1839647865548664,69.01961517333984
1213,2016-10-27,0.34164334973126864,0.3364952017297376,0.34188656006812856,0.33527908819133406,0.18200403790538205,0.0019052301108746783,-0.004540091232329235,-0.0002026958987512706,-0.0006891165724711157,-0.05743647574528457,68.10077667236328
1214,2016-10-28,0.3377518297062499,0.3400218753224145,0.34119744349565745,0.336454656364577,0.18094181414721985,-0.0038915200250187465,0.0035266735926768877,-0.0006891165724711157,0.0011755681732429357,-0.0010622237581622007,68.81455993652344
1215,2016-10-31,0.34127853422597876,0.33831934111029105,0.3420487106017192,0.3381166761385918,0.17022499499809018,0.0035267045197288627,-0.0017025342121234632,0.0008512671060617594,0.0016620197740148113,-0.01071681914912967,68.469970703125
1216,2016-11-01,0.33835988647545173,0.33337385808045933,0.3390895484130835,0.33098220729586475,0.1869659324469343,-0.002918647750527026,-0.004945483029831721,-0.0029591621886357333,-0.00713446884272706,0.016740937448844112,67.46910095214844
1217,2016-11-02,0.33300904257516944,0.32879322148296947,0.33300904257516944,0.32563136339558246,0.19020353225777115,-0.005350843900282287,-0.004580636597489862,-0.00608050583791403,-0.005350843900282287,0.0032375998108368498,66.54203796386719
1218,2016-11-03,0.3309416619307041,0.3294417926902799,0.3310632670991341,0.3270501419056854,0.14038087269684787,-0.002067380644465322,0.0006485712073104333,-0.0019457754760353607,0.0014187785101029138,-0.04982265956092327,66.67330932617188
1219,2016-11-04,0.3297255483923005,0.3336576137824799,0.33604929549412643,0.32668529547334346,0.2090179886865894,-0.0012161135384036181,0.004215821092199978,0.004986028394992348,-0.0003648464323419143,0.06863711598974154,67.52652740478516
1220,2016-11-07,0.33945436391837336,0.33949490928353404,0.3411569290575488,0.33633305119614704,0.13773986431182816,0.009728815526072854,0.005837295501054163,0.005107633563422365,0.009647755722803575,-0.07127812437476125,68.70789337158203
1221,2016-11-08,0.3395759690868033,0.3432648241401228,0.3445619974817957,0.3366978667014369,0.12396369522908747,0.00012160516842996127,0.0037699148565887852,0.0034050684242469265,0.0003648155052898838,-0.013776169082740694,69.47085571289062
1222,2016-11-09,0.3639385378036201,0.36969474257435303,0.37780208369157176,0.3622360035914967,0.701427817894105,0.0243625687168168,0.026429918434230204,0.03324008620977603,0.025538136890059793,0.5774641226650176,74.8198013305664
1223,2016-11-10,0.3730998419256519,0.3788155013312241,0.38489600716913813,0.37228908925769877,0.5156296040306299,0.009161304122031755,0.009120758756871072,0.007093923477566377,0.010053085666202055,-0.18579821386347517,76.66568756103516
1224,2016-11-11,0.3785722909943641,0.3770319073158313,0.3824232656542222,0.3722080294544295,0.2680987286054675,0.0054724490687122485,-0.0017835940153927976,-0.0024727415149159437,-8.105980326927886e-05,-0.24753087542516233,76.30472564697266
1225,2016-11-14,0.37800477959032297,0.38173414908175113,0.387125538347194,0.3770724217539399,0.27475217810436714,-0.0005675114040411544,0.0047022417659198235,0.004702272692971798,0.004864392299510412,0.006653449498899622,77.25635528564453
1226,2016-11-15,0.3788560466963847,0.3828286574517247,0.38290971725499406,0.3755320380754071,0.16898815911529858,0.0008512671060617039,0.0010945083699735458,-0.004215821092199923,-0.0015403836785328195,-0.10576401898906856,77.47789764404297
1227,2016-11-16,0.38011267467289694,0.3784101404607735,0.38266650691813414,0.37634275981630816,0.11994397861001474,0.00125662797651227,-0.0044185169909511934,-0.00024321033685992255,0.000810721740901077,-0.049044180505283835,76.58365631103516
1228,2016-11-17,0.3790181972299753,0.37609954947944824,0.3790181972299753,0.3745591658009154,0.1434074828570909,-0.0010944774429216264,-0.0023105909813252445,-0.003648309688158824,-0.001783594015392742,0.02346350424707616,76.11603546142578
1229,2016-11-18,0.3770319073158313,0.37431592453700346,0.37861283635952475,0.3725323305216107,0.17155277469579294,-0.0019862899141440127,-0.0017836249424447725,-0.00040536087045056624,-0.002026835279304695,0.02814529183870204,75.75505065917969
1230,2016-11-21,0.37751832798955104,0.37658600108022006,0.3804369757400782,0.37609954947944824,0.1376234562287419,0.0004864206737197341,0.0022700765432165926,0.0018241393805534245,0.0035672189578375146,-0.03392931846705105,76.21449279785156
1231,2016-11-22,0.37861283635952475,0.3795046488307472,0.379869464336037,0.3761806402097695,0.11541861438003602,0.0010945083699737124,0.002918647750527137,-0.0005675114040411544,8.10907303212538e-05,-0.022204841848705872,76.80516052246094
1232,2016-11-23,0.384328495765097,0.3898820355641305,0.3908549078386222,0.38193684498050234,0.2377598719511086,0.0057156594055722265,0.010377386733383287,0.01098544350258518,0.005756204770732853,0.12234125757107257,78.90535736083984
1233,2016-11-25,0.3889902230929081,0.3883821663237063,0.3909359985689434,0.38594997017395105,0.07300605685807308,0.004661727327811116,-0.0014998692404241676,8.109073032119829e-05,0.004013125193448708,-0.1647538150930355,78.60182189941406
1234,2016-11-28,0.3871660837123547,0.3846933421974388,0.3885848622224575,0.3829502626201547,0.17883191764128123,-0.001824139380553369,-0.0036888241262675314,-0.0023511363464858714,-0.0029997075537963602,0.10582586078320814,77.85528564453125
1235,2016-11-29,0.38104503250927996,0.3812071830428706,0.3833556234906052,0.37954516326885573,0.13845286382073155,-0.006121051203074768,-0.0034861591545681803,-0.005229238731852326,-0.003405099351298957,-0.04037905382054968,77.14972686767578
1236,2016-11-30,0.38813895598684633,0.387368748684054,0.38874701275604817,0.38246381101938287,0.16886083777442296,0.007093923477566377,0.00616156564118342,0.00539138926544297,0.002918647750527137,0.03040797395369141,78.39671325683594
1237,2016-12-01,0.3891523736264987,0.39012524590099035,0.3947869732288016,0.3812477284080312,0.34055184706888086,0.0010134176396523475,0.0027564972169363267,0.006039960472753403,-0.0012160826113516987,0.1716910092944579,78.95458984375
1238,2016-12-02,0.3865580269431529,0.3856662144719305,0.3897604303957005,0.38481494736586874,0.18328088906673456,-0.002594346683345794,-0.004459031429059845,-0.005026542833101055,0.00356721895783757,-0.1572709580021463,78.05216979980469
1239,2016-12-05,0.38862540758761827,0.38286917188983344,0.389111828261338,0.3816530892784818,0.18117099256079594,0.0020673806444653775,-0.0027970425820970646,-0.0006486021343625192,-0.0031618580873869484,-0.0021098965059386243,77.48609161376953
1240,2016-12-06,0.3814503933797305,0.38599051553911173,0.3863553310444017,0.38132878821130056,0.13325451536041033,-0.007175014207887742,0.0031213436492782964,-0.0027564972169363267,-0.00032430106718123186,-0.04791647720038561,78.11778259277344
1241,2016-12-07,0.3861121207075417,0.39454376289194154,0.39454376289194154,0.38481494736586874,0.17828989250441077,0.0046617273278111715,0.008553247352829807,0.008188431847539868,0.0034861591545681803,0.04503537714400044,79.84881591796875
1242,2016-12-08,0.3942600071899211,0.39024685106942036,0.3948275185939622,0.38967933966537915,0.14047545426435548,0.008147886482379407,-0.004296911822521177,0.00028375570202066047,0.004864392299510412,-0.03781443824005529,78.97917938232422
1243,2016-12-09,0.39008473146288175,0.38724714351562395,0.39036848716490224,0.3858689103706817,0.23828007057240036,-0.0041752757270393515,-0.0029997075537964157,-0.004459031429059956,-0.003810429294697437,0.09780461630804488,78.37211608886719
1244,2016-12-12,0.3891929189916594,0.3854230041350705,0.39178726567500516,0.38473388756259946,0.13083904763637025,-0.0008918124712223308,-0.0018241393805534245,0.0014187785101029138,-0.0011350228080822533,-0.10744102293603011,78.0029296875
1245,2016-12-13,0.38809841062168565,0.389233433429768,0.3911792089058034,0.3858283650055211,0.1383546445006275,-0.0010945083699737679,0.0038104292946974927,-0.0006080567692017813,0.0010944774429216264,0.007515596864257262,78.77410888671875
1246,2016-12-14,0.38822001579011567,0.3799910695044669,0.3891523736264987,0.37946410346558646,0.20543844013168663,0.00012160516843001679,-0.00924236392530109,-0.002026835279304695,-0.006364261539934635,0.06708379563105912,76.9035873413086
1247,2016-12-15,0.3802343107683788,0.3831934729570146,0.38400422562496767,0.37719405784942184,0.1527892468033249,-0.007985705021736844,0.0032024034525476863,-0.005148148001531017,-0.0022700456161646176,-0.05264919332836174,77.55171203613281
1248,2016-12-16,0.38246381101938287,0.3752888277385471,0.3829908079853153,0.3750861318397959,0.2863893486603976,0.0022295002510040463,-0.00790464521846751,-0.0010134176396523475,-0.002107926009625949,0.13360010185707272,75.95196533203125
1249,2016-12-19,0.3726539356900407,0.37581579377742763,0.37609954947944824,0.3688840208334519,0.14028265337674384,-0.009809875329342188,0.0005269660388805275,-0.006891258505867082,-0.006202111006343991,-0.14610669528365378,76.05860900878906
1250,2016-12-20,0.3795857086340164,0.3824232656542222,0.3844095864954182,0.37820747548907413,0.15651066770948907,0.006931772943975734,0.006607471876794557,0.00831003701596994,0.009323454655622232,0.016228014332745233,77.3958511352539
1251,2016-12-21,0.38209899551409304,0.3803153705716482,0.3822611460476835,0.37974785916760706,0.1029229342112443,0.002513286880076626,-0.002107895082573974,-0.0021484404477346564,0.0015403836785329306,-0.05358773349824478,76.96923828125
1252,2016-12-22,0.38015322003805757,0.3815314841100519,0.38286917188983344,0.37991000970119765,0.09221339056730751,-0.0019457754760354717,0.0012161135384036736,0.0006080258421499174,0.00016215053359058818,-0.01070954364393678,77.21536254882812
1253,2016-12-23,0.38019376540321825,0.3823422058509529,0.38266650691813414,0.3795857086340164,0.05623601738845741,4.054536516068241e-05,0.0008107217409010214,-0.00020266497169929565,-0.00032430106718123186,-0.0359773731788501,77.37944030761719
1254,2016-12-27,0.3824232656542222,0.38327456368733587,0.3842879813269882,0.3814503933797305,0.06312228305352953,0.0022295002510039352,0.0009323578363829577,0.0016214744088540733,0.001864684745714107,0.006886265665072118,77.568115234375
1255,2016-12-28,0.38347722865903516,0.3775994187198724,0.3846933421974388,0.3762617000130388,0.09823023336182907,0.0010539630048129744,-0.0056751449674634635,0.00040536087045056624,-0.005188693366691699,0.03510795030829954,76.41957092285156
1256,2016-12-29,0.37812638475875293,0.37816693012391356,0.3804369757400782,0.3769913619506706,0.0868404299823569,-0.005350843900282232,0.0005675114040411544,-0.004256366457360605,0.0007296619376317981,-0.011389803379472166,76.534423828125
1257,2016-12-30,0.3771535124842612,0.37593739894585754,0.37800477959032297,0.37427541009889476,0.1262736681278306,-0.0009728722744917206,-0.002229531178056021,-0.002432196149755206,-0.0027159518517758663,0.03943323814547371,76.08321380615234
1258,2017-01-03,0.38104503250927996,0.3810044871441193,0.3858689103706817,0.37800477959032297,0.1838847559977446,0.0038915200250187465,0.005067088198261738,0.007864130780358747,0.003729369491428214,0.05761108786991398,77.10871124267578
1259,2017-01-04,0.38290971725499406,0.37930195293199587,0.38307186778858465,0.3787344415279547,0.1372196656905364,0.001864684745714107,-0.0017025342121234077,-0.0027970425820970646,0.0007296619376317426,-0.046665090307208196,76.76415252685547
1260,2017-01-05,0.37772102388830237,0.3769913619506706,0.38290971725499406,0.37464022560418475,0.17093071900180068,-0.005188693366691699,-0.0023105909813252445,-0.00016215053359058818,-0.004094215923769962,0.03371105331126428,76.2965316772461
1261,2017-01-06,0.3788155013312241,0.3771535124842612,0.37942355810042583,0.37459971116607604,0.14635042470761564,0.0010944774429217374,0.00016215053359058818,-0.0034861591545682358,-4.0514438108707473e-05,-0.02458029429418504,76.32933807373047
1262,2017-01-09,0.37670760624865,0.3744375606324855,0.3789776518648146,0.37374841313296236,0.1125884428600011,-0.002107895082574085,-0.0027159518517756998,-0.00044590623561124865,-0.0008512980331136788,-0.033761981847614544,75.77967071533203
1263,2017-01-10,0.3769103021474013,0.3803559159368088,0.3828286574517247,0.37605900411428755,0.14478982884374034,0.0002026958987512706,0.005918355304323275,0.0038510055869100945,0.002310590981325189,0.03220138598373924,76.9774398803711
1264,2017-01-11,0.3829502626201547,0.38367992455778643,0.384085285428237,0.3785722909943641,0.1353425853507703,0.006039960472753403,0.0033240086209776476,0.0012566279765123256,0.0025132868800765706,-0.009447243492970048,77.650146484375
1265,2017-01-12,0.38254490174970424,0.3810044871441193,0.38254490174970424,0.37609954947944824,0.11286854980992743,-0.0004053608704504552,-0.002675437413667159,-0.001540383678532764,-0.0024727415149158882,-0.02247403554084286,77.10871124267578
1266,2017-01-13,0.38132878821130056,0.3829908079853153,0.38359883382746507,0.37974785916760706,0.09492715400425616,-0.0012161135384036736,0.001986320841196043,0.001053932077760833,0.003648309688158824,-0.017941395805671265,77.51071166992188
1267,2017-01-17,0.3820179047837716,0.37930195293199587,0.38222060068252295,0.377883174421893,0.18335364411866348,0.0006891165724710602,-0.003688855053319451,-0.0013782331449421203,-0.0018646847457140514,0.08842649011440731,76.76415252685547
1268,2017-01-18,0.37614009484460886,0.37832908065750415,0.37869389616279414,0.3750861318397959,0.12461849069644773,-0.005877809939162759,-0.0009728722744917206,-0.003526704519728807,-0.00279704258209712,-0.05873515342221575,77.2025375366211
1269,2017-01-19,0.37934249829715644,0.3785317456292034,0.3809639727060107,0.37682921141708,0.12878007966678187,0.0032024034525475753,0.00020266497169924014,0.002270076543216537,0.0017430795772840901,0.00416158897033414,77.24390411376953
1270,2017-01-20,0.3810855778744407,0.38339616885576583,0.38509870306788935,0.3795046488307472,0.18353189399588934,0.0017430795772842567,0.004864423226562442,0.004134730361878669,0.0026754374136672143,0.05475181432910747,78.2365493774414
1271,2017-01-23,0.38347722865903516,0.38290971725499406,0.38404474006307626,0.3792614075668353,0.11840520926171812,0.002391650784594468,-0.0004864516007717645,-0.0010539630048130855,-0.0002432412639118975,-0.06512668473417123,78.13729095458984
1272,2017-01-24,0.3851797628711586,0.39012524590099035,0.3921115667421864,0.3842879813269882,0.20983284526819332,0.0017025342121234632,0.007215528645996283,0.008066826679110128,0.005026573760152919,0.0914276360064752,79.60970306396484
1273,2017-01-25,0.39653005280608566,0.39786777151291924,0.399651365528312,0.39450321752678097,0.27493770348678587,0.011350289934927038,0.0077425256119288965,0.0075397987861255955,0.010215236199792754,0.06510485821859255,81.18965911865234
1274,2017-01-26,0.3990838541242709,0.39409785665633046,0.40123232549905746,0.389233433429768,0.3309372669564743,0.0025538013181852226,-0.0037699148565887852,0.001580959970745477,-0.005269784097012953,0.05599956346968843,80.4203872680664
1275,2017-01-27,0.3960030867672051,0.40127283993716606,0.40317807004804085,0.3952328794644127,0.23177576892995508,-0.0030807673570658056,0.007174983280835601,0.0019457445489833858,0.005999446034644695,-0.09916149802651922,81.88451385498047
1276,2017-01-30,0.39888118915257154,0.3923547770790463,0.399651365528312,0.3914629646078239,0.18995616508121282,0.0028781023853664545,-0.008918062858119746,-0.0035267045197288627,-0.0037699148565887852,-0.041819603848742254,80.06468200683594
1277,2017-01-31,0.39154402441109326,0.38777414048155645,0.3917061749446838,0.38343668329387454,0.20825042288873935,-0.007337164741478275,-0.004580636597489862,-0.007945190583628192,-0.00802628131394939,0.018294257807526526,79.12992858886719
1278,2017-02-01,0.3883821663237063,0.38554460930350054,0.3912602687090727,0.38266650691813414,0.13032248676767494,-0.0031618580873869484,-0.00222953117805591,-0.0004459062356110821,-0.0007701763757403945,-0.07792793612106441,78.67496490478516
1279,2017-02-02,0.3841663452315063,0.38011267467289694,0.38562566910676976,0.3790181972299753,0.13850743010967825,-0.004215821092200034,-0.0054319346306035965,-0.005634599602302948,-0.003648309688158824,0.008184943342003315,77.56652069091797
1280,2017-02-03,0.3823422058509529,0.37812638475875293,0.38286917188983344,0.37622115464787825,0.17017042870914348,-0.001824139380553369,-0.0019862899141440127,-0.0027564972169363267,-0.0027970425820970646,0.031662998599465225,77.16120147705078
1281,2017-02-06,0.37622115464787825,0.37646439591179015,0.3774778135514425,0.3746807709693454,0.1681114607395551,-0.006121051203074657,-0.0016619888469627808,-0.005391358338390939,-0.001540383678532875,-0.0020589679695883767,76.82205200195312
1282,2017-02-07,0.3823422058509529,0.37824798992718295,0.38477440200070817,0.3770724217539399,0.18172756870805218,0.006121051203074657,0.0017835940153927976,0.007296588449265673,0.0023916507845945234,0.013616107968497076,77.18600463867188
1283,2017-02-08,0.3769913619506706,0.37662654644538074,0.3769913619506706,0.3733835976276724,0.14854762727586898,-0.005350843900282287,-0.0016214434818022094,-0.0077830400500375485,-0.003688824126267476,-0.033179941432183196,76.85513305664062
1284,2017-02-09,0.3772345722875306,0.38088288197568937,0.38177469444691176,0.3757347339741583,0.14530275195983922,0.00024321033685997806,0.00425633553030863,0.004783332496241133,0.0023511363464858714,-0.003244875316029766,77.72370147705078
1285,2017-02-10,0.3845717370290089,0.390409001603011,0.39166566050657525,0.38307186778858465,0.20372142090616419,0.007337164741478275,0.009526119627321639,0.009890966059663497,0.007337133814426355,0.05841866894632497,79.66761016845703
1286,2017-02-13,0.3960030867672051,0.3992865500230221,0.401516081201078,0.39385464631947054,0.25446443187398826,0.011431349738196206,0.008877548420011094,0.00985042069450276,0.010782778530885884,0.050743010967824076,81.47917175292969
1287,2017-02-14,0.3984352829169604,0.3976245302490073,0.4002594222975137,0.3942600071899211,0.15797304425326034,0.002432196149755317,-0.0016620197740148113,-0.0012566589035643005,0.00040536087045056624,-0.09649138762072793,81.14002990722656
1288,2017-02-15,0.3977056209793286,0.4013944451055961,0.4013944451055961,0.3972597147437174,0.1573691773222503,-0.0007296619376317981,0.0037699148565887852,0.0011350228080823643,0.0029997075537963047,-0.0006038669310100275,81.9093246459961
1289,2017-02-16,0.401516081201078,0.3983136777485305,0.40159714100434735,0.3964489930028163,0.11140253551355972,0.003810460221749412,-0.0030807673570655836,0.0002026958987512706,-0.0008107217409011325,-0.04596664180869059,81.28063201904297
1290,2017-02-17,0.397543470445738,0.40070532853312496,0.4011106894035756,0.39539502999800336,0.13210498553993344,-0.00397261075534,0.002391650784594468,-0.0004864516007717645,-0.001053963004812919,0.02070245002637372,81.76868438720703
1291,2017-02-21,0.4007864192634463,0.397665075614168,0.40212410704322793,0.39693541367653623,0.14247621819240072,0.0032429488177083132,-0.003040252918956987,0.0010134176396523475,0.001540383678532875,0.010371232652467283,81.14830780029297
1292,2017-02-22,0.39742186527730805,0.39807043648461854,0.4002189078594051,0.39571933106518464,0.11026391895087215,-0.0033645539861382745,0.00040536087045056624,-0.0019051991838228144,-0.0012160826113515877,-0.032212299241528575,81.23103332519531
1293,2017-02-23,0.3990433396861621,0.3873282342459452,0.3992865500230221,0.3855851546686612,0.21916731843067352,0.0016214744088540733,-0.010742202238673337,-0.0009323578363830132,-0.01013417639652342,0.10890339947980138,79.03894805908203
1294,2017-02-24,0.3845311916638482,0.3870444785439247,0.387125538347194,0.3790181972299753,0.18254970079484895,-0.014512148022313931,-0.00028375570202049394,-0.012161011675828115,-0.006566957438685905,-0.03661761763582458,78.9810562133789
1295,2017-02-27,0.3870444785439247,0.39498966912755273,0.39531393926768205,0.3855851546686612,0.19807562887648011,0.002513286880076515,0.007945190583628026,0.00818840092048806,0.006566957438685905,0.015525928081631168,80.60234069824219
1296,2017-02-28,0.3941789164595997,0.39182781104016584,0.3956382403348633,0.3909359985689434,0.14375306935375326,0.007134437915674974,-0.003161858087386893,0.00032430106718123186,0.005350843900282176,-0.054322559522726854,79.95713806152344
1297,2017-03-01,0.39807043648461854,0.3996108510902033,0.40119178013389684,0.39494912376239216,0.20243729423961876,0.0038915200250188575,0.0077830400500374375,0.005553539799033558,0.004013125193448763,0.0586842248858655,81.54534149169922
1298,2017-03-02,0.39924600465786136,0.3825043563845435,0.4002189078594051,0.37634275981630816,0.8388366467196566,0.0011755681732428247,-0.01710649470565978,-0.0009728722744917206,-0.018606363946084004,0.6363993524800379,78.05455780029297
1299,2017-03-03,0.3825043563845435,0.3855851546686612,0.38874701275604817,0.3818962996153417,0.29696065770566943,-0.016741648273317866,0.003080798284117725,-0.011471895103356944,0.005553539799033558,-0.5418759890139873,78.68323516845703
1300,2017-03-06,0.3823422058509529,0.38777414048155645,0.3889091632896387,0.3814503933797305,0.17119627494134124,-0.00016215053359058818,0.0021889858128952278,0.00016215053359053266,-0.00044590623561119314,-0.1257643827643282,79.12992858886719
1301,2017-03-07,0.3877335951163958,0.38886861792447813,0.39008473146288175,0.3841258307933977,0.1703595918441587,0.005391389265442914,0.001094477442921682,0.0011755681732430467,0.002675437413667159,-0.0008366830971825445,79.35328674316406
1302,2017-03-08,0.3814503933797305,0.37792371978705364,0.3870444785439247,0.37642385054662947,0.34087196929736807,-0.0062832017366653,-0.010944898137424497,-0.0030402529189570426,-0.007701980246768214,0.17051237745320938,77.11983489990234
1303,2017-03-09,0.3747618307726147,0.3704649498771454,0.377883174421893,0.3664923700488573,0.3368886302042598,-0.006688562607115811,-0.007458769909908236,-0.0091613041220317,-0.00993148049777215,-0.0039833390931082735,75.59779357910156
1304,2017-03-10,0.37249178515645004,0.37419431936857356,0.37739672282112113,0.36811381353065953,0.2607904836392077,-0.002270045616164673,0.0037293694914281583,-0.00048645160077187555,0.0016214434818022094,-0.0760981465650521,76.35881805419922
1305,2017-03-13,0.37832908065750415,0.3755320380754071,0.3791398023984053,0.3739916543968743,0.1591916913730697,0.005837295501054107,0.001337718706833524,0.0017430795772841456,0.00587784086621479,-0.101598792266138,76.63180541992188
1306,2017-03-14,0.3697758333046743,0.3723701799880201,0.37293769139206123,0.3673436371549191,0.21030211535313484,-0.008553247352829862,-0.003161858087387004,-0.0062021110063440466,-0.00664801724195524,0.05111042398006513,75.98656463623047
1307,2017-03-15,0.3744375606324855,0.37845068582593416,0.38019376540321825,0.3731809017289212,0.2340748285709089,0.004661727327811227,0.006080505837914085,0.007256074011157021,0.005837264574002132,0.02377271321777405,77.2273941040039
1308,2017-03-16,0.38092342734085,0.3763833051814688,0.38140984801456984,0.3755320380754071,0.1352480037832627,0.006485866708364485,-0.0020673806444653775,0.0012160826113515877,0.0023511363464858714,-0.09882682478764618,76.80550384521484
1309,2017-03-17,0.3769508165855099,0.37662654644538074,0.3782885352923435,0.3755725834405677,0.25978646392258864,-0.003972610755340111,0.000243241263911953,-0.0031213127222263215,4.05453651606269e-05,0.12453846013932593,76.85513305664062
1310,2017-03-20,0.37751832798955104,0.3867201774767435,0.3870444785439247,0.37654545571505943,0.23704323468960875,0.0005675114040411544,0.010093631031362738,0.008755943251581189,0.0009728722744917206,-0.02274322923297989,78.91485595703125
1311,2017-03-21,0.3866390867464221,0.3746807709693454,0.38667963211158285,0.3733025068973511,0.2808417759508176,0.009120758756871072,-0.012039406507398098,-0.00036484643234185876,-0.0032429488177083132,0.043798541261208856,76.45809173583984
1312,2017-03-22,0.37293769139206123,0.3746807709693454,0.37751832798955104,0.3718026685839789,0.18318266974663053,-0.013701395354360879,0.0,-0.00916130412203181,-0.0014998383133721926,-0.09765910620418708,76.45809173583984
1313,2017-03-23,0.3747618307726147,0.3738700492284443,0.3769913619506706,0.37277554085847064,0.09406136888630204,0.00182413938055348,-0.000810721740901077,-0.0005269660388804165,0.0009728722744917206,-0.08912130086032849,76.2926254272461
1314,2017-03-24,0.3739105636665529,0.37354574816126307,0.37796423422516223,0.37115406644961657,0.13221775587042325,-0.0008512671060618149,-0.00032430106718123186,0.0009728722744916096,-0.0016214744088540733,0.038156386984121216,76.2264633178711
1315,2017-03-27,0.36847865996300133,0.3709514014779173,0.37281608622363127,0.36620858341978474,0.12461849069644773,-0.005431903703551566,-0.002594346683345794,-0.005148148001530961,-0.004945483029831832,-0.007599265173975522,75.69705963134766
1316,2017-03-28,0.37115406644961657,0.3767886660519194,0.3776399640850331,0.3709514014779173,0.14063915313119554,0.0026754064866152394,0.005837264574002132,0.004823877861401815,0.004742818058132536,0.016020662434747812,76.88822174072266
1317,2017-03-29,0.37601848967617896,0.37642385054662947,0.37800477959032297,0.3745591658009154,0.09144218701686098,0.004864423226562387,-0.00036481550528993933,0.0003648155052898838,0.0036077643229981415,-0.049196966114334564,76.81377410888672
1318,2017-03-30,0.3769103021474013,0.377883174421893,0.37849123119109485,0.3745591658009154,0.1336001018570727,0.0008918124712223308,0.0014593238752635407,0.00048645160077187555,0.0,0.04215791484021171,77.11157989501953
1319,2017-03-31,0.37549149271024634,0.37601848967617896,0.37796423422516223,0.37301875119533057,0.1462594808927045,-0.0014188094371549442,-0.0018646847457140514,-0.0005269969659326135,-0.00154041460558485,0.012659379035631801,76.73104095458984
1320,2017-04-03,0.3746807709693454,0.3740321688349829,0.37634275981630816,0.3688840208334519,0.13408028519980356,-0.0008107217409009659,-0.001986320841196043,-0.0016214744088540733,-0.004134730361878669,-0.012179195692900935,76.32572937011719
1321,2017-04-04,0.38059912627366876,0.38157199854816043,0.38420689059666696,0.3772345722875306,0.21089870677895195,0.005918355304323386,0.007539829713177515,0.007864130780358802,0.008350551454078703,0.0768184215791484,77.86431884765625
1322,2017-04-05,0.38477440200070817,0.3820179047837716,0.3921115667421864,0.38088288197568937,0.22049509812837628,0.004175275727039407,0.00044590623561119314,0.00790467614551943,0.0036483096881587684,0.009596391349424332,77.95533752441406
1323,2017-04-06,0.3827475667214035,0.38842271168886694,0.3908549078386222,0.38209899551409304,0.19722439476891176,-0.002026835279304695,0.006404806905095317,-0.0012566589035641895,0.0012161135384036736,-0.023270703359464517,79.26227569580078
1324,2017-04-07,0.38862540758761827,0.3872065981504633,0.39166566050657525,0.38680123728001287,0.1623820004001528,0.00587784086621479,-0.0012161135384036181,0.0008107526679530519,0.0047022417659198235,-0.03484239436875897,79.01411437988281
1325,2017-04-10,0.390409001603011,0.3937735555891492,0.3968138085081062,0.38955773449694925,0.18800996744211426,0.001783594015392742,0.006566957438685905,0.005148148001530961,0.002756497216936382,0.025627967041961464,80.35417938232422
1326,2017-04-11,0.3944221577235116,0.3936114050555586,0.3944626721616204,0.38781465491966516,0.15461903635933721,0.004013156120500572,-0.00016215053359064369,-0.002351136346485816,-0.0017430795772840901,-0.03339093108277705,80.32109069824219
1327,2017-04-12,0.39194941620859575,0.3845311916638482,0.392273686348725,0.3837204699229471,0.17366267120173157,-0.0024727415149158327,-0.00908021339171039,-0.0021889858128953943,-0.004094184996718042,0.019043634842394352,78.46817779541016
1328,2017-04-13,0.38347722865903516,0.37739672282112113,0.3845311916638482,0.3773561774559605,0.1711926371887448,-0.008472187549560584,-0.00713446884272706,-0.007742494684876811,-0.00636429246698661,-0.0024700340129867604,77.01229095458984
1329,2017-04-17,0.37978840453276763,0.3816125439133211,0.38246381101938287,0.3789776518648146,0.13529165681442004,-0.0036888241262675314,0.004215821092199978,-0.002067380644465322,0.0016214744088540733,-0.035900980374324765,77.87258911132812
1330,2017-04-18,0.3790181972299753,0.38262596155297346,0.38323401832217524,0.3774778135514425,0.12042416195274559,-0.000770207302792314,0.0010134176396523475,0.0007702073027923695,-0.0014998383133720816,-0.014867494861674449,78.07939910888672
1331,2017-04-19,0.3845311916638482,0.3788965920615453,0.3890307684580687,0.37816693012391356,0.2019098201131341,0.005512994433872875,-0.0037293694914281583,0.00579675013589348,0.0006891165724710602,0.08148565816038851,77.3183822631836
1332,2017-04-20,0.37812638475875293,0.3837204699229471,0.3849365525342987,0.3769103021474013,0.17652194474253807,-0.006404806905095262,0.004823877861401815,-0.004094215923770017,-0.00125662797651227,-0.02538787537059603,78.95316314697266
1333,2017-04-21,0.3858689103706817,0.3823422058509529,0.3861121207075417,0.3802748252064876,0.15019189144946252,0.0077425256119287855,-0.0013782640719942063,0.0011755681732429912,0.0033645230590862996,-0.026330053293075556,78.66957092285156
1334,2017-04-24,0.3885037714921362,0.3924358368823157,0.39344925452196805,0.38834165188559755,0.24516269848487604,0.0026348611214545015,0.010093631031362793,0.007337133814426355,0.008066826679109962,0.09497080703541352,80.74638366699219
1335,2017-04-25,0.4170416159359923,0.4232842723074971,0.4251895024183718,0.41347439697815486,0.6687462485676349,0.028537844443856097,0.030848435425181397,0.03174024789640373,0.025132745092557307,0.42358355008275883,87.09369659423828
1336,2017-04-26,0.42077101635447245,0.42425717550904074,0.42960801940932297,0.42012241422011004,0.3585405336583059,0.0037294004184801333,0.0009729032015436401,0.0044185169909511934,0.006648017241955184,-0.31020571490932897,87.29385375976562
1337,2017-04-27,0.4217844339941248,0.4162308941950913,0.4225546103698652,0.41574444259431953,0.24472616817330253,0.0010134176396523475,-0.008026281313949446,-0.007053409039457781,-0.004377971625790511,-0.11381436548500337,85.64237976074219
1338,2017-04-28,0.4168389509642931,0.4145283599829679,0.41967650798449885,0.41440675481453787,0.14609214427326797,-0.004945483029831721,-0.0017025342121234077,-0.0028781023853663434,-0.00133768777978166,-0.09863402390003456,85.29206848144531
1339,2017-05-01,0.41610928902666133,0.41347439697815486,0.4174875221716035,0.4110827461935603,0.16413903490423618,-0.0007296619376317426,-0.00105396300481303,-0.0021889858128953388,-0.003324008620977592,0.018046890630968204,85.07521057128906
1340,2017-05-02,0.41456887442107654,0.4114881070640109,0.41635249936352126,0.4104341440591978,0.16429545826588335,-0.0015404146055847945,-0.001986289914143957,-0.0011350228080822533,-0.0006486021343624637,0.0001564233616471733,84.6665267944336
1341,2017-05-03,0.4095828769531361,0.4116097122324408,0.41416351355062603,0.40852891394832314,0.15563760708634206,-0.004985997467940428,0.00012160516842990576,-0.0021889858128952278,-0.0019052301108746783,-0.008657851179541293,84.6915512084961
1342,2017-05-04,0.4112043513619902,0.40289431434602024,0.41144756169885016,0.39985406142706326,0.2645228178031612,0.0016214744088540733,-0.008715397886420562,-0.0027159518517758663,-0.00867485252125988,0.10888521071681917,82.8982925415039
1343,2017-05-05,0.40334022058163144,0.4039077319856726,0.40532651049577545,0.4013944451055961,0.14866767311155168,-0.007864130780358747,0.0010134176396523475,-0.006121051203074712,0.0015403836785328195,-0.11585514469160954,83.1068115234375
1344,2017-05-08,0.40325916077836216,0.402813254542751,0.4057724167313867,0.4010701749654668,0.18532894377853362,-8.105980326927886e-05,-0.001094477442921571,0.00044590623561124865,-0.0003242701401292569,0.03666127066698194,82.88162231445312
1345,2017-05-09,0.4042320330528538,0.40248895347556973,0.4062183229669979,0.40232680294197914,0.3543898579457611,0.0009728722744916651,-0.00032430106718128737,0.00044590623561119314,0.0012566279765123256,0.1690609141672275,82.81488037109375
1346,2017-05-10,0.4042320330528538,0.4068263797361997,0.40824515824630253,0.4025294988407303,0.17085432619727534,0.0,0.00433742626062994,0.0020268352793046396,0.00020269589875115956,-0.18353553174848578,83.70734405517578
1347,2017-05-11,0.41306903610770435,0.4093801810543848,0.4131500959109737,0.40597511263013797,0.18990159879226615,0.008837003054850523,0.0025538013181851116,0.0049049376646711496,0.0034456137894076644,0.01904727259499081,84.23281860351562
1348,2017-05-12,0.4077587066455307,0.40824515824630253,0.4092180305207943,0.4060561724334073,0.14958438676585606,-0.005310329462173635,-0.0011350228080822533,-0.003932065390179373,8.105980326933437e-05,-0.04031721202641009,83.999267578125
1349,2017-05-15,0.41181237720414005,0.4151769311902784,0.41574444259431953,0.4110827461935603,0.13663762527510503,0.004053670558609335,0.006931772943975845,0.006526412073525223,0.005026573760152975,-0.012946761490751024,85.425537109375
1350,2017-05-16,0.4165146498971119,0.4148526301230971,0.4167173457958631,0.41051520386246715,0.11334873315265828,0.004702272692971854,-0.00032430106718128737,0.0009729032015435846,-0.0005675423310931293,-0.023288892122446753,85.35881805419922
1351,2017-05-17,0.4148526301230971,0.4059345672649773,0.4148526301230971,0.40492114962532494,0.1680096036668546,-0.0016620197740148113,-0.008918062858119802,-0.0018647156727660263,-0.00559405423714221,0.054660870514196325,83.52385711669922
1352,2017-05-18,0.40188089670636795,0.4062588683321585,0.408083007712712,0.3962057517389044,0.2157732952581895,-0.012971733416729136,0.00032430106718123186,-0.00676962241038509,-0.008715397886420562,0.047763691591334895,83.590576171875
1353,2017-05-19,0.41173131740087077,0.41521747655543895,0.4169605561327231,0.41051520386246715,0.16866439913421488,0.009850420694502815,0.008958608223280429,0.008877548420011094,0.014309452123562771,-0.04710889612397462,85.43387603759766
1354,2017-05-22,0.4161903488299307,0.4146499651513978,0.4177307634355154,0.4127041896753625,0.1591989668782626,0.004459031429059956,-0.0005675114040411544,0.000770207302792314,0.0021889858128953388,-0.009465432255952283,85.3171157836914
1355,2017-05-23,0.4146905105165584,0.42008186885494936,0.42056832045572123,0.41371760731501483,0.12103530438894851,-0.0014998383133723037,0.005431903703551566,0.0028375570202058276,0.0010134176396523475,-0.03816366248931409,86.43476104736328
1356,2017-05-24,0.4188657862435977,0.42137904219662237,0.42527059314869303,0.41813612430596603,0.18810454900962187,0.004175275727039296,0.001297173341673008,0.004702272692971798,0.0044185169909511934,0.06706924462067336,86.70167541503906
1357,2017-05-25,0.42340587747592706,0.42571646845725225,0.42944586887573233,0.4225546103698652,0.1898906855344768,0.004540091232329346,0.004337426260629884,0.004175275727039296,0.004418486063899163,0.001786136524854931,87.59410858154297
1358,2017-05-26,0.42563540865398297,0.4283108460676501,0.42851351103934937,0.42409502497545015,0.10528019789374125,0.00222953117805591,0.0025943776103978244,-0.0009323578363829577,0.001540414605584961,-0.08461048764073555,88.12791442871094
1359,2017-05-30,0.426689371658796,0.42754063876485765,0.42912156780855115,0.42567595401914365,0.11683370014005348,0.00105396300481303,-0.000770207302792425,0.0006080567692017813,0.001580929043693502,0.011553502246312228,87.96944427490234
1360,2017-05-31,0.42664882629363526,0.42737848823126706,0.4287162069381007,0.41996026368651945,0.15029011076956655,-4.054536516073792e-05,-0.00016215053359058818,-0.0004053608704504552,-0.0057156903326242015,0.03345641062951307,87.93609619140625
1361,2017-06-01,0.4287567213762093,0.42827030070248945,0.4314321587898764,0.4262840107883454,0.15319667509412685,0.0021078950825740295,0.0008918124712223863,0.0027159518517756998,0.006323747101825927,0.0029065643245602957,88.11956787109375
1362,2017-06-02,0.4283513605057588,0.4294863833138411,0.43276987749671003,0.4263650705916147,0.13469870314119936,-0.0004053608704505107,0.0012160826113516432,0.001337718706833635,8.105980326933437e-05,-0.01849797195292749,88.36980438232422
1363,2017-06-05,0.4279865450004688,0.4264461303948841,0.43443186634367287,0.42620292005802407,0.15713272340348133,-0.00036481550528999485,-0.003040252918956987,0.0016619888469628363,-0.00016215053359064369,0.022434020262281973,87.74424743652344
1364,2017-06-06,0.4247841415479212,0.4238112692734295,0.42774330373655695,0.42182494843223356,0.1382418741701377,-0.0032024034525475753,-0.0026348611214546125,-0.006688562607115922,-0.004377971625790511,-0.018890849233343637,87.2021255493164
1365,2017-06-07,0.42279785163377714,0.4195954481812296,0.42437878067747065,0.41529853635870834,0.18631477473217045,-0.001986289914144068,-0.004215821092199867,-0.0033645230590862996,-0.006526412073525223,0.048072900562032755,86.33466339111328
1366,2017-06-08,0.4195954481812296,0.42567595401914365,0.4272163376976764,0.4195954481812296,0.16913003146655997,-0.00320240345254752,0.00608050583791403,0.002837557020205772,0.004296911822521288,-0.01718474326561048,87.58577728271484
1367,2017-06-09,0.42600022415927286,0.42936477814541113,0.433823809574471,0.42575701382241293,0.14118117826806598,0.006404775978043231,0.003688824126267476,0.006607471876794557,0.006161565641183309,-0.027948853198493995,88.34480285644531
1368,2017-06-12,0.42936477814541113,0.42997283491461286,0.43110785772269516,0.4252300477835324,0.1515997017042871,0.0033645539861382745,0.0006080567692017258,-0.0027159518517758108,-0.0005269660388805275,0.010418523436221128,88.46989440917969
1369,2017-06-13,0.43041874115022405,0.42867566157293996,0.43236451662625947,0.42770278929844835,0.12814711071500026,0.001053963004812919,-0.001297173341672897,0.0012566589035643005,0.0024727415149159437,-0.023452590989286842,88.20298767089844
1370,2017-06-14,0.4288783574716912,0.42445984048074,0.4296485338474316,0.4215411927302129,0.14915513195947544,-0.001540383678532875,-0.004215821092199978,-0.0027159827788278412,-0.00616159656823545,0.021008021244475178,87.3355712890625
1371,2017-06-15,0.42077101635447245,0.43131055362144644,0.43228342589593816,0.42077101635447245,0.21732297786427546,-0.008107341117218725,0.006850713140706455,0.002634892048506532,-0.0007701763757404501,0.06816784590480002,88.74513244628906
1372,2017-06-16,0.43276987749671003,0.4361749459209569,0.43743160482452115,0.43131055362144644,0.2673893668491606,0.011998861142237582,0.004864392299510467,0.0051481789285829915,0.010539537266973986,0.050066388984885135,89.74600219726562
1373,2017-06-19,0.4375937244310598,0.43572903968534565,0.4379585708634016,0.4324050310643682,0.15815493188308263,0.004823846934349785,-0.00044590623561124865,0.000526966038880472,0.0010944774429217374,-0.10923443496607796,89.6542739868164
1374,2017-06-20,0.438039630666671,0.4339049003047923,0.4385260822674428,0.4334184487040205,0.1933138107277324,0.00044590623561119314,-0.001824139380553369,0.0005675114040411544,0.0010134176396523475,0.03515887884464977,89.27893829345703
1375,2017-06-21,0.4322428805307774,0.4194332976476389,0.43276987749671003,0.41813612430596603,0.2282362356536132,-0.005796750135893591,-0.01447160265715336,-0.005756204770732742,-0.015282324398054492,0.034922424925880796,86.30130767822266
1376,2017-06-22,0.4198386585180895,0.4209331359610111,0.42425717550904074,0.4195143574509082,0.13286891358518707,-0.012404222012687927,0.0014998383133721926,-0.008512701987669291,0.0013782331449421759,-0.09536732206842613,86.60991668701172
1377,2017-06-23,0.41550123225745955,0.4220276443309848,0.42267621553829526,0.4146905105165584,0.43979701340511834,-0.00433742626062994,0.0010945083699736569,-0.001580959970745477,-0.004823846934349785,0.3069280998199313,86.83512115478516
1378,2017-06-26,0.42425717550904074,0.42259515573502593,0.4281892099721681,0.4193116924792089,0.10395605594863494,0.008755943251581189,0.0005675114040411544,0.00551299443387282,0.004621181962650489,-0.3358409574564834,86.9518814086914
1379,2017-06-27,0.4236085733746783,0.42129798239335303,0.426567766490366,0.42032511011886126,0.12298150202804707,-0.0006486021343624637,-0.001297173341672897,-0.0016214434818020984,0.0010134176396523475,0.01902544607941213,86.68496704101562
1380,2017-06-28,0.42502735188478113,0.4315132185931458,0.4322428805307774,0.4246625363794913,0.14981356517943215,0.0014187785101028583,0.010215236199792754,0.005675114040411433,0.004337426260630051,0.026832063151385074,88.78682708740234
1381,2017-06-29,0.4315132185931458,0.42822975533732877,0.4336211446027717,0.4248652013511906,0.12914021717383,0.0064858667083646515,-0.0032834632558170207,0.0013782640719942618,0.00020266497169929565,-0.020673348005602138,88.1112289428711
1382,2017-06-30,0.4300944400830429,0.43560743451691575,0.4379585708634016,0.42899996264012114,0.1710507648374834,-0.0014187785101029138,0.007377679179586982,0.00433742626062994,0.004134761288930533,0.0419105476636534,89.62925720214844
1383,2017-07-03,0.4317564598570577,0.4336211446027717,0.43714781819544857,0.43163485468862767,0.08748431219192783,0.0016620197740148113,-0.001986289914144068,-0.0008107526679530519,0.002634892048506532,-0.08356645264555558,89.2205581665039
1384,2017-07-05,0.4337427497712017,0.43572903968534565,0.43730996872903916,0.4323239712610988,0.12672474944978993,0.0019862899141440127,0.002107895082573974,0.00016215053359058818,0.0006891165724711157,0.039240437257862096,89.6542739868164
1385,2017-07-06,0.4346751076075847,0.4317564598570577,0.43735051409419984,0.43090519275099587,0.10628421761036032,0.0009323578363830132,-0.00397257982828797,4.054536516068241e-05,-0.0014187785101029138,-0.020440531839429607,88.83688354492188
1386,2017-07-07,0.4321618207275082,0.4334184487040205,0.4360938861176875,0.4290810224433905,0.1006893541170265,-0.002513286880076515,0.0016619888469628363,-0.0012566279765123256,-0.001824170307605344,-0.005594863493333824,89.17884826660156
1387,2017-07-10,0.43264827232828,0.43714781819544857,0.439782710243955,0.4306619514870839,0.1073682678841012,0.00048645160077182004,0.0037293694914280473,0.003688824126267476,0.001580929043693391,0.006678913767074704,89.94617462158203
1388,2017-07-11,0.43743160482452115,0.43876929260430264,0.43970165044068577,0.43394544566995286,0.093122828716419,0.004783332496241133,0.0016214744088540733,-8.105980326922335e-05,0.00328349418286894,-0.0142454391676822,90.27981567382812
1389,2017-07-12,0.44152578982123925,0.4416879403548298,0.44590376144702976,0.44120148875405796,0.13138107277324068,0.004094184996718098,0.002918647750527137,0.006202111006343991,0.007256043084105102,0.03825824405682168,90.8803482055664
1390,2017-07-13,0.44140418465280923,0.43970165044068577,0.4428635085280727,0.43767481516138107,0.11099146947016134,-0.00012160516843001679,-0.0019862899141440127,-0.0030402529189570426,-0.0035266735926768877,-0.020389603303079346,90.4716796875
1391,2017-07-14,0.44002595150786694,0.44091773305203735,0.4433094147636839,0.43799911622856225,0.1629785918259699,-0.0013782331449422869,0.0012160826113515877,0.00044590623561119314,0.00032430106718117635,0.051987122355808574,90.72185516357422
1392,2017-07-17,0.43779642032981103,0.44120148875405796,0.4433904745669532,0.4377153605265417,0.10802306335146147,-0.00222953117805591,0.00028375570202060496,8.105980326927886e-05,-0.00028375570202054945,-0.054955528474508436,90.7802505493164
1393,2017-07-18,0.4386882328010334,0.43402650547322225,0.4386882328010334,0.43199967019391755,0.14494261445279105,0.0008918124712223863,-0.007174983280835712,-0.004702241765919768,-0.005715690332624146,0.03691955110132958,89.94860076904297
1394,2017-07-19,0.4349588633096052,0.43718836356060925,0.43779642032981103,0.4343102611752428,0.10396333145382783,-0.003729369491428214,0.003161858087387004,-0.0008918124712223863,0.0023105909813252445,-0.04097928299896322,90.60385131835938
1395,2017-07-20,0.43730996872903916,0.4350399231128746,0.4384044770990128,0.4339859601080617,0.13676858436857708,0.002351105419433952,-0.0021484404477346564,0.0006080567692017813,-0.00032430106718112084,0.032805252914749256,90.15860748291016
1396,2017-07-21,0.4325671815979587,0.4320807299971869,0.4335400538724505,0.4260813148895941,0.15489914330926355,-0.00474278713108045,-0.0029591931156877083,-0.004864423226562331,-0.007904645218467565,0.018130558940686464,89.54531860351562
1397,2017-07-24,0.4372289089257699,0.4385260822674428,0.4398232556091157,0.43491831794444463,0.21755215627785154,0.0046617273278111715,0.0064453522702558885,0.006283201736665245,0.008837003054850523,0.062653012968588,90.88107299804688
1398,2017-07-25,0.4590376453973495,0.4643074294943625,0.46572620800446535,0.45320038082334735,0.5189108568726241,0.021808736471579604,0.025781347226919715,0.02590295239534962,0.018282062878902716,0.30135870059477254,96.22406005859376
1399,2017-07-26,0.46313186132111955,0.46017266820543185,0.4643074294943625,0.458389074190039,0.20885065206715292,0.004094215923770073,-0.004134761288930644,-0.0014187785101028583,0.0051886933666916435,-0.31006020480547114,95.3671646118164
1400,2017-07-27,0.4609834208733849,0.46361831292189143,0.4636993727251607,0.45907819076251016,0.2031139162225577,-0.0021484404477346564,0.003445644716459584,-0.0006080567692017813,0.0006891165724711712,-0.00573673584459522,96.08126831054688
1401,2017-07-28,0.4639425830620207,0.4625238045519177,0.46576675336962603,0.46001054859889323,0.1711380708997981,0.002959162188635789,-0.0010945083699737124,0.002067380644465322,0.0009323578363830687,-0.0319758453227596,95.85441589355467
1402,2017-07-31,0.4641452789607719,0.461915747782716,0.4647938810951343,0.4608618157049549,0.16286945924807653,0.00020269589875121508,-0.0006080567692017258,-0.0009728722744917206,0.0008512671060616483,-0.008268611651721575,95.72840881347656
1403,2017-08-01,0.46321292112438883,0.4584701339933084,0.4638615232587513,0.45611899764682245,0.13400389239527818,-0.0009323578363830687,-0.003445613789407609,-0.0009323578363830132,-0.004742818058132425,-0.02886556685279834,95.01431274414062
1404,2017-08-02,0.45867282989205965,0.4584295886281477,0.4604159094693437,0.45437591806953836,0.1029702249949981,-0.00454009123232918,-4.054536516068241e-05,-0.003445613789407609,-0.0017430795772840901,-0.031033667400280088,95.00592803955078
1405,2017-08-03,0.45745671635365603,0.4603348187390225,0.4609834208733849,0.45745671635365603,0.08872114807471944,-0.0012161135384036181,0.0019052301108747893,0.0005675114040412099,0.0030807982841176695,-0.014249076920278658,95.40076446533205
1406,2017-08-04,0.4616319920806953,0.46353722219157006,0.46471279036481306,0.4598889125034113,0.09574201058586006,0.0041752757270392404,0.0032024034525475753,0.0037293694914281583,0.0024321961497552613,0.007020862511140619,96.064453125
1407,2017-08-07,0.46406421915750257,0.4649965460668336,0.46613156887491586,0.46333455721987077,0.08255515742374361,0.0024322270768072918,0.0014593238752635407,0.0014187785101028028,0.003445644716459473,-0.013186853162116444,96.36688995361328
1408,2017-08-08,0.4645100944660618,0.463780463455482,0.4671855318797289,0.4628886509842596,0.09462522053875116,0.0004458753085592182,-0.0012160826113515877,0.00105396300481303,-0.00044590623561119314,0.012070063115007551,96.11487579345705
1409,2017-08-09,0.4636993727251607,0.46349667682640944,0.46803679898579065,0.4625643499170784,0.11532039505993197,-0.000810721740901077,-0.0002837866290725799,0.0008512671060617594,-0.00032430106718117635,0.020695174521180804,96.0560531616211
1410,2017-08-10,0.461672537445856,0.45867282989205965,0.4626454097203476,0.45749726171881666,0.115924261990942,-0.002026835279304695,-0.004823846934349785,-0.005391389265443025,-0.005067088198261738,0.0006038669310100275,95.05632781982422
1411,2017-08-11,0.4583485288248784,0.45745671635365603,0.4607807249746337,0.4570513554832055,0.07749504356208735,-0.003324008620977592,-0.0012161135384036181,-0.0018646847457139404,-0.0004459062356111376,-0.03842921842885465,94.80430603027344
1412,2017-08-14,0.4599294578685719,0.46094287550822427,0.46361831292189143,0.4591592505657795,0.07162371087142363,0.001580929043693502,0.0034861591545682358,0.002837587947257747,0.002107895082573974,-0.005871332690663714,95.52678680419922
1413,2017-08-15,0.4621184436814672,0.46069966517136435,0.4630508015178502,0.45936194646453077,0.10283199039633314,0.0021889858128952833,-0.00024321033685992255,-0.0005675114040412099,0.0002026958987512706,0.03120827952490951,95.47637176513672
1414,2017-08-16,0.46134823637867484,0.4626048952822391,0.4641858243259326,0.460618574441043,0.08252605540297205,-0.0007702073027923695,0.0019052301108747338,0.0011350228080823643,0.0012566279765122146,-0.0203059349933611,95.8712158203125
1415,2017-08-17,0.4621184436814672,0.45863228452689897,0.46361831292189143,0.45863228452689897,0.10568035067935029,0.0007702073027923695,-0.003972610755340111,-0.0005675114040411544,-0.0019862899141440127,0.023154295276378245,95.04793548583984
1416,2017-08-18,0.45802422775769713,0.46179414261428603,0.46471279036481306,0.4568081451463455,0.14098837738045436,-0.004094215923770073,0.0031618580873870594,0.0010944774429216264,-0.00182413938055348,0.03530802670110407,95.70320892333984
1417,2017-08-21,0.46110502604181486,0.4604969692726131,0.4624832591867571,0.4591592505657795,0.11413084996089416,0.003080798284117725,-0.0012971733416729525,-0.0022295311780559657,0.0023511054194340075,-0.026857527419560198,95.4343719482422
1418,2017-08-22,0.4629697107875289,0.46949612286105413,0.4696582733946448,0.4621184436814672,0.14118481602066243,0.0018646847457140514,0.008999153588441056,0.007175014207887687,0.0029591931156877083,0.027053966059768272,97.29938507080078
1419,2017-08-23,0.46617211424007654,0.4651586966004242,0.46771249791860936,0.4651586966004242,0.08903763255061023,0.003202403452547631,-0.00433742626062994,-0.0019457754760354162,0.003040252918956987,-0.052147183470052205,96.40045928955078
1420,2017-08-24,0.46617211424007654,0.4652803017688542,0.46637481013882776,0.4636993727251607,0.06770585132505139,0.0,0.00012160516843001679,-0.0013376877797816045,-0.0014593238752634852,-0.021331781225558843,96.42567443847656
1421,2017-08-25,0.4680773443509513,0.46759089275017945,0.4728201314820318,0.4667801710092784,0.11939831572054785,0.0019052301108747338,0.0023105909813252445,0.006445321343204025,0.0030807982841176695,0.05169246439549646,96.904541015625
1422,2017-08-28,0.46925291252419427,0.46645586994209715,0.4704689951355459,0.4647938810951343,0.07315520471452737,0.0011755681732429912,-0.0011350228080823088,-0.0023511363464858714,-0.001986289914144068,-0.04624311100602048,96.6693115234375
1423,2017-08-29,0.46365882735999997,0.4702663301638466,0.47265798094844114,0.46333455721987077,0.15844958984339474,-0.005594085164194296,0.0038104602217494676,0.0021889858128952278,-0.0014593238752635407,0.08529438512886738,97.458984375
1424,2017-08-30,0.4707122363994578,0.4765089865353512,0.47707649793939233,0.469739333197914,0.12371996580512559,0.007053409039457836,0.006242656371504562,0.0044185169909511934,0.006404775978043231,-0.03472962403826915,98.75273895263672
1425,2017-08-31,0.47813043001715344,0.4762657452714393,0.4816976799020428,0.4756982338673982,0.12214481893086451,0.007418193617695634,-0.0002432412639118975,0.004621181962650489,0.0059589006694841795,-0.0015751468742610797,98.70233154296876
1426,2017-09-01,0.4762657452714393,0.47946814872398696,0.48165713453688225,0.47590092976614945,0.10884883319085469,-0.0018646847457141624,0.0032024034525476863,-4.054536516057139e-05,0.0002026958987512706,-0.013295985740009827,99.3660125732422
1427,2017-09-05,0.4789006373199458,0.4795492394543082,0.48291376251339446,0.47760346397827286,0.1392095163607923,0.002634892048506532,8.10907303212538e-05,0.0012566279765122146,0.0017025342121234077,0.030360683169937605,99.38282012939452
1428,2017-09-06,0.48137337883486164,0.474198395554026,0.48315700377730636,0.474198395554026,0.15615416795503737,0.0024727415149158327,-0.005350843900282232,0.0002432412639118975,-0.003405068424246871,0.016944651594245075,98.27386474609376
1429,2017-09-07,0.4758198390358281,0.47740076807952164,0.47804937021388405,0.4722526200779906,0.1189581476563779,-0.005553539799033558,0.003202372525495656,-0.005107633563422309,-0.0019457754760353607,-0.03719602029865947,98.93756103515624
1430,2017-09-08,0.47521181319367833,0.47760346397827286,0.4817787397053122,0.47427945535729527,0.10138416486294767,-0.0006080258421497509,0.00020269589875121508,0.0037293694914281583,0.0020268352793046396,-0.017573982793430226,98.97956848144533
1431,2017-09-11,0.48165713453688225,0.4818598304356336,0.4820624954073328,0.47618468546817,0.12832172283962967,0.006445321343203914,0.004256366457360716,0.00028375570202060496,0.0019052301108747338,0.026937557976682,99.86167907714844
1432,2017-09-12,0.48315700377730636,0.49025092725487274,0.4920750666354262,0.48263000681137397,0.20204077920660615,0.001499869240424112,0.008391096819239163,0.010012571228093403,0.006445321343203969,0.07371905636697648,101.6006317138672
1433,2017-09-13,0.4884673023124281,0.4849405977926991,0.4904941375917327,0.4840488162485288,0.09211517124720348,0.005310298535121716,-0.005310329462173635,-0.001580929043693502,0.0014188094371548332,-0.10992560795940268,100.5001220703125
1434,2017-09-14,0.4855891999270616,0.48838624250915874,0.489642870485671,0.48323806358057575,0.1056730751741574,-0.0028781023853664545,0.0034456447164596393,-0.0008512671060617039,-0.0008107526679530519,0.013557903926953926,101.21420288085938
1435,2017-09-15,0.49053468295689345,0.491994006832157,0.49280472857305796,0.4876970950096357,0.16770403244875315,0.004945483029831832,0.0036077643229982526,0.0031618580873869484,0.004459031429059956,0.06203095727459575,101.96188354492188
1436,2017-09-18,0.501114765589028,0.5019660326950897,0.5043982288448449,0.49799342193974966,0.15820586041943288,0.010580082632134558,0.009972025862932665,0.011593500271786905,0.010296326930113953,-0.009498172029320268,104.02851104736328
1437,2017-09-19,0.5024929987339702,0.5056548568213571,0.5064250641241496,0.5016822769930692,0.11095145419160043,0.0013782331449422314,0.003688824126267476,0.002026835279304695,0.003688855053319562,-0.047254406227832446,104.79299926757812
1438,2017-09-20,0.5065872146577403,0.5061007630569684,0.5078438426342525,0.5033848112051926,0.11464741082958949,0.004094215923770017,0.00044590623561124865,0.0014187785101029693,0.0017025342121234077,0.0036959566379890507,104.88542938232422
1439,2017-09-21,0.5047630443501349,0.5058575527201085,0.5068709703597608,0.501925487329929,0.09514178140744647,-0.0018241703076053994,-0.00024321033685992255,-0.0009728722744917206,-0.0014593238752635962,-0.01950562942214301,104.83502197265624
1440,2017-09-22,0.5050062856140467,0.5043982288448449,0.5084113540382937,0.5040739277776637,0.09518907219120028,0.00024324126391184198,-0.0014593238752635962,0.0015403836785329306,0.0021484404477346564,4.7290783753803356e-05,104.53256225585938
1441,2017-09-25,0.504155018507985,0.5039523226092337,0.5058170073549478,0.501236370757458,0.11889994361483476,-0.0008512671060616483,-0.0004459062356111376,-0.002594346683345905,-0.0028375570202057165,0.023710871423634483,104.44014739990234
1442,2017-09-26,0.5054927062877667,0.5047225299120262,0.5069925755281908,0.5039523226092337,0.08373742701758853,0.0013376877797816045,0.000770207302792425,0.0011755681732429357,0.0027159518517757553,-0.03516251659724623,104.59977722167967
1443,2017-09-27,0.5075600869322319,0.5047630443501349,0.5084113540382937,0.5040333824125031,0.07786973207952128,0.002067380644465211,4.0514438108707473e-05,0.0014187785101029693,8.105980326933437e-05,-0.0058676949380672555,104.60816192626952
1444,2017-09-28,0.502290333762271,0.5076411776625532,0.5078438426342525,0.501114765589028,0.07522144818930865,-0.005269753169960922,0.002878133312418374,-0.0005675114040412099,-0.002918616823475051,-0.002648283890212627,105.2046356201172
1445,2017-09-29,0.5081275983362731,0.5055332516529272,0.508938351004226,0.5047225299120262,0.0827043052801979,0.005837264574002132,-0.00210792600962606,0.0010945083699734903,0.0036077643229981415,0.00748285709088925,104.7677993774414
1446,2017-10-02,0.5042766236764149,0.5055737970180879,0.506019703253699,0.5024524533688096,0.09103839647865548,-0.003850974659858175,4.054536516073792e-05,-0.0029186477505269703,-0.002270076543216537,0.008334091198457586,104.77619934082033
1447,2017-10-03,0.5066277600229009,0.5087762004706355,0.5088572602739048,0.5040739277776637,0.07879735899161498,0.0023511363464859825,0.003202403452547631,0.0028375570202057165,0.0016214744088540733,-0.012241037487040501,105.43985748291016
1448,2017-10-04,0.5095058624082672,0.5137621979385758,0.5151809764486788,0.5091410159759254,0.1015769657505593,0.0028781023853663434,0.004985997467940262,0.006323716174774008,0.005067088198261738,0.022779606758944318,106.4731674194336
1449,2017-10-05,0.5140054392024878,0.5123839647936337,0.514451345438099,0.5108030357499402,0.09080558031248295,0.004499576794220528,-0.0013782331449421203,-0.0007296310105797676,0.0016620197740148113,-0.010771385438076347,106.1875457763672
1450,2017-10-06,0.5112489419855515,0.5145324052413683,0.5147756155782282,0.5106814305815103,0.09812473853653213,-0.002756497216936271,0.0021484404477346564,0.0003242701401291459,-0.00012160516842996127,0.007319158224049174,106.6327896118164
1451,2017-10-09,0.5144918598762077,0.514329709342617,0.5145324052413683,0.5105192800479196,0.07201295039924335,0.0032429178906562273,-0.0002026958987513261,-0.00024321033685981153,-0.0001621505335906992,-0.026111788137288774,106.5907974243164
1452,2017-10-10,0.5169240560259629,0.5196400388047907,0.5200453687481892,0.5159106383863106,0.16058131286491206,0.002432196149755206,0.005310329462173691,0.005512963506820845,0.005391358338390995,0.08856836246566871,107.69131469726562
1453,2017-10-11,0.5195589480744693,0.5213020585788055,0.5223154762184579,0.5175321127951648,0.07922297604539916,0.002634892048506421,0.0016620197740148113,0.0022701074702686785,0.0016214744088541844,-0.0813583368195129,108.0357437133789
1454,2017-10-12,0.5204912749838004,0.5269366581811084,0.5276257747535794,0.5204102461075831,0.12267593080994561,0.0009323269093310937,0.005634599602302837,0.005310298535121549,0.002878133312418374,0.043452954764546456,109.20347595214844
1455,2017-10-13,0.5310308431778263,0.5298553059316354,0.5326928629518412,0.5237342238015087,0.12652831080958185,0.010539568194025906,0.0029186477505270814,0.005067088198261738,0.0033239776939255616,0.003852379999636238,109.80836486816406
1456,2017-10-16,0.5320442608174787,0.5329360732887011,0.5355709344101556,0.5307876328409664,0.10601138616562687,0.0010134176396523475,0.003080767357065639,0.002878071458314424,0.007053409039457725,-0.02051692464395498,110.44681549072266
1457,2017-10-17,0.5315983545818675,0.5291661275050603,0.5329360732887011,0.5282743768879419,0.08658942505320213,-0.0004459062356111376,-0.00376994578364076,-0.0026348611214545015,-0.00251325595302454,-0.019421961112424738,109.66551971435548
1458,2017-10-18,0.5290040078985216,0.5322063804240174,0.5336657042992808,0.5290040078985216,0.09135851870714273,-0.002594346683345905,0.0030402529189570426,0.0007296310105797676,0.0007296310105797676,0.004769093653940598,110.29558563232422
1459,2017-10-19,0.5310308431778263,0.5332603743558822,0.5335846754230635,0.5245449455424098,0.1759799196056676,0.002026835279304695,0.0010539939318648939,-8.102887621730392e-05,-0.00445906235611182,0.08462140089852488,110.5140151977539
1460,2017-10-20,0.5324090763227686,0.5324901670530898,0.5347196982311458,0.5289229171682004,0.11229014714709253,0.0013782331449422314,-0.000770207302792425,0.0011350228080823088,0.0043779716257905665,-0.06368977245857509,111.01260375976562
1461,2017-10-23,0.5348818178376844,0.5337873094677108,0.536462746881378,0.5316794453121888,0.2018770803397661,0.0024727415149158327,0.0012971424146209776,0.0017430486502321152,0.0027565281439884126,0.08958693319267357,111.2830581665039
1462,2017-10-24,0.5677570885421706,0.5603794402896356,0.5692975031477554,0.5538530282161104,0.6870514196329508,0.03287527070448615,0.026592130821924798,0.03283475626637744,0.022173582903921574,0.4851743392931847,116.82695770263672
1463,2017-10-25,0.5562041645625962,0.5547042643951201,0.5587174205156208,0.5463942273791501,0.27059786463922586,-0.011552923979574303,-0.005675175894515494,-0.010580082632134613,-0.0074588008369602665,-0.41645355499372494,115.64376068115234
1464,2017-10-26,0.5548664458557626,0.5551096561926225,0.5603794402896356,0.5547448406873327,0.20900343767620363,-0.001337718706833635,0.00040539179750243015,0.0016620197740148113,0.008350613308182542,-0.061594426963022225,115.728271484375
1465,2017-10-27,0.5550285654623013,0.5586363297852994,0.561027980569894,0.55494747473198,0.1478600920351407,0.00016211960653866875,0.0035266735926768877,0.0006485402802584028,0.00020263404464737622,-0.06114334564106294,116.46350860595705
1466,2017-10-30,0.5565689800678861,0.5532855168120692,0.5586363297852994,0.5532449405198565,0.1107513777987959,0.00154041460558485,-0.005350812973230257,-0.002391650784594579,-0.0017025342121235187,-0.03710871423634479,115.34803009033205
1467,2017-10-31,0.5533260312501779,0.550488474229972,0.5538124519238977,0.547569826479445,0.14508448680405245,-0.0032429488177082577,-0.00279704258209712,-0.004823877861401704,-0.005675114040411544,0.034333109005256546,114.76488494873048
1468,2017-11-01,0.5499614772640395,0.5524747332170641,0.5565689800678861,0.5489885740624959,0.1320140417250223,-0.00336455398613833,0.0019862589870920377,0.0027565281439884126,0.0014187475830509388,-0.013070445079030157,115.1789779663086
1469,2017-11-02,0.5530017301829966,0.5532044260817479,0.5553123520913739,0.5500425679943609,0.0990414521908365,0.0030402529189570426,0.0007296928646838285,-0.00125662797651227,0.001053993931865005,-0.03297258953418579,115.33109283447266
1470,2017-11-03,0.5532449405198565,0.5538530282161104,0.5551501706307312,0.5527585198461367,0.07658924316557231,0.00024321033685992255,0.0006486021343624637,-0.00016218146064261862,0.0027159518517757553,-0.022452209025264194,115.46633911132812
1471,2017-11-06,0.5545421447885814,0.5582309998419009,0.5612306764686453,0.5545015684963688,0.10116226195456447,0.0012972042687249274,0.0043779716257905665,0.006080505837914085,0.0017430486502321152,0.024573018788992165,116.37906646728516
1472,2017-11-07,0.5585958153471908,0.5626900003439088,0.5630548158491987,0.5539746333845403,0.11721202641008385,0.00405367055860939,0.0044590005020078705,0.001824139380553369,-0.0005269351118284415,0.01604976445551938,117.30863189697266
1473,2017-11-08,0.561027980569894,0.5565284037756735,0.5624467900070489,0.5560824975400623,0.07032867094708889,0.0024321652227031754,-0.006161596568235339,-0.0006080258421498064,0.002107864155521999,-0.04688335546299496,116.02407836914062
1474,2017-11-09,0.553082820913318,0.548623758557206,0.5543394488898302,0.5458267159751089,0.10696083959329926,-0.00794515965657605,-0.007904645218467454,-0.00810734111721867,-0.010255781564953437,0.03663216864621037,114.37614440917967
1475,2017-11-10,0.5476103409175537,0.5532449405198565,0.5549069602938713,0.5475293120413364,0.07336983211771768,-0.005472479995764279,0.004621181962650489,0.0005675114040410989,0.0017025960662274686,-0.03359100747558158,115.33953857421876
1476,2017-11-13,0.5493939658599984,0.5534476364186078,0.5535287271489291,0.5467185284463313,0.0689026719292821,0.0017836249424447725,0.0002026958987513261,-0.0013782331449422314,-0.0008107835950050823,-0.004467160188435584,115.3817901611328
1477,2017-11-14,0.5594065370880918,0.5575418214153258,0.5598929577618117,0.5532044260817479,0.11063496971570963,0.010012571228093403,0.004094184996717987,0.006364230612882604,0.0064858976354166264,0.041732297786427536,116.2353286743164
1478,2017-11-15,0.5532449405198565,0.5435972466511569,0.5543799633279388,0.542421647550862,0.1362774877680569,-0.006161596568235339,-0.013944574764168882,-0.005512994433872875,-0.01078277853088594,0.02564251805234727,113.32820892333984
1479,2017-11-16,0.5491507555231385,0.5527585198461367,0.5570148863034973,0.5476509172097663,0.10232634278542717,-0.004094184996717987,0.009161273194979724,0.0026349229755584513,0.005229269658904356,-0.03395114498262973,115.2381820678711
1480,2017-11-17,0.550488474229972,0.5518261929368057,0.5527585198461367,0.547326616142585,0.0841303042980047,0.001337718706833524,-0.0009323269093309827,-0.004256366457360605,-0.00032430106718128737,-0.018196038487422475,115.04378509521484
1481,2017-11-20,0.553082820913318,0.5549880510241926,0.5586363297852994,0.5523126136105255,0.07726586514851125,0.002594346683345905,0.003161858087386893,0.005877809939162759,0.004985997467940484,-0.006864439149493445,115.70295715332033
1482,2017-11-21,0.5584742101787609,0.5577850936062897,0.5594065370880918,0.5560419831019536,0.08080903617744957,0.005391389265442914,0.00279704258209712,0.000770207302792425,0.003729369491428103,0.0035431710289383217,116.28604888916016
1483,2017-11-22,0.5602983495593142,0.5594470515262006,0.5611090713002154,0.5561635882703836,0.17779515815129412,0.001824139380553369,0.0016619579199108614,0.0017025342121235187,0.00012160516842996127,0.09698612197384456,116.63256072998048
1484,2017-11-24,0.5598119288855944,0.556933795573176,0.5611090713002154,0.5567310996744247,0.034354935520835225,-0.0004864206737198451,-0.00251325595302454,0.0,0.0005675114040410989,-0.1434402226304589,116.10857391357422
1485,2017-11-27,0.5572580966403572,0.5561230738322749,0.5605010454580656,0.5549069602938713,0.0940504556285127,-0.0025538322452371975,-0.0008107217409011325,-0.0006080258421498064,-0.001824139380553369,0.05969552010767748,115.93955993652344
1486,2017-11-28,0.5574202162468959,0.5634196932085925,0.5634602076467012,0.5564473748994562,0.09431601156805326,0.00016211960653866875,0.007296619376317648,0.002959162188635678,0.00154041460558485,0.0002655559395405571,117.46075439453124
1487,2017-11-29,0.560095653660563,0.5596497474249518,0.5643115056798149,0.5561635882703836,0.11270485094308737,0.002675437413667159,-0.00376994578364076,0.0008512980331136788,-0.0002837866290725799,0.018388839375034105,116.67483520507812
1488,2017-11-30,0.5630548158491987,0.5721755746060697,0.5729052674707535,0.5557987727650937,0.27311518943596647,0.002959162188635678,0.012525827181117943,0.008593761790938625,-0.0003648155052898838,0.1604103384928791,119.2861785888672
1489,2017-12-01,0.5739997758407271,0.573675474773546,0.5772426628043315,0.5609469516936767,0.1994070463267793,0.010944959991528447,0.0014999001674762535,0.004337395333577909,0.0051481789285829915,-0.07370814310918716,119.59883880615234
1490,2017-12-04,0.5847419780794004,0.5735943840432246,0.5885524383011498,0.5733511737063647,0.17906109605485732,0.010742202238673282,-8.109073032136482e-05,0.01130977549681833,0.012404222012687982,-0.020345950271921986,119.58195495605467
1491,2017-12-05,0.574607801682877,0.5680813896093517,0.5763914266253217,0.5664193698353369,0.14129394859855582,-0.010134176396523475,-0.005512994433872875,-0.01216101167582806,-0.006931803871027764,-0.0377671474563015,118.4325942993164
1492,2017-12-06,0.5681219040474604,0.5688921113502529,0.5721350601679611,0.5654870429260059,0.10481820331399262,-0.006485897635416515,0.0008107217409011325,-0.004256366457360605,-0.0009323269093309827,-0.036475745284563196,118.6015853881836
1493,2017-12-07,0.5666220657340882,0.5792289836455274,0.5796748898811387,0.5642304149494937,0.10829953254879136,-0.0014998383133721926,0.01033687229527458,0.0075398297131775704,-0.00125662797651227,0.0034813292347987412,120.75664520263672
1494,2017-12-08,0.5832015634738156,0.5831610490357069,0.5850257647084729,0.5793911032520661,0.09058367740409974,0.016579497739727334,0.003932065390179429,0.005350874827334207,0.015160688302572445,-0.017715855144691622,121.57642364501952
1495,2017-12-11,0.5862823926849852,0.582796233530417,0.5866066937521665,0.581620634430122,0.0696083959329926,0.003080829211169589,-0.0003648155052898838,0.0015809290436935575,0.00222953117805591,-0.020975281471107138,121.50035858154295
1496,2017-12-12,0.5838906800462866,0.5813774240932621,0.5869715092574563,0.5805261879142524,0.1235780934538642,-0.002391712638698529,-0.0014188094371548887,0.0003648155052898838,-0.0010944465158696515,0.05396969752087159,121.2045669555664
1497,2017-12-13,0.5844581914503278,0.6022538645825627,0.6041996091315461,0.5840123470688207,0.23596282216846431,0.0005675114040412099,0.020876440489300596,0.017228099874089797,0.0034861591545682913,0.11238472871460012,125.5568389892578
1498,2017-12-14,0.603388887390645,0.5929709243650491,0.6039969132327948,0.5913494808832469,0.16795139962531147,0.018930695940317155,-0.009282940217513636,-0.0002026958987513261,0.007337133814426244,-0.06801142254315284,123.62151336669922
1499,2017-12-15,0.597308381552731,0.5946329441390639,0.5992946405398231,0.5897685518395535,0.2885356226923007,-0.006080505837913974,0.0016620197740148113,-0.004702272692971743,-0.0015809290436934464,0.12058422306698924,123.96803283691406
1500,2017-12-18,0.5989298250345332,0.6071182568820732,0.6072803764886118,0.595078850374675,0.12858727877917023,0.001621443481802154,0.012485312743009347,0.007985735948788708,0.005310298535121549,-0.15994834391313048,126.57095336914062
1501,2017-12-19,0.6076451919939017,0.6117394388447237,0.6124690698553035,0.6020916831219202,0.1292893650302843,0.008715366959368476,0.004621181962650489,0.005188693366691699,0.007012832747245179,0.0007020862511140646,127.53436279296876
1502,2017-12-20,0.6158741382795504,0.6182658509182489,0.6185901519854301,0.6108881408116099,0.11189726986667636,0.008228946285648742,0.006526412073525223,0.006121082130126632,0.00879645768968973,-0.01739209516360793,128.89501953125
1503,2017-12-21,0.61895496749072,0.6268596127091874,0.6287243283819536,0.6153877176058306,0.14614307280961822,0.003080829211169589,0.008593761790938514,0.010134176396523475,0.004499576794220639,0.034245802942941855,130.68663024902344
1504,2017-12-22,0.6273866096751199,0.6313591895034081,0.6315618854021593,0.6240625701270904,0.09044908055803125,0.008431642184399957,0.004499576794220639,0.0028375570202057165,0.00867485252125988,-0.05569399225158697,131.62469482421875
1505,2017-12-26,0.632534726749599,0.6341562320855051,0.6363451869713485,0.6309943739981182,0.0680478000691173,0.005148117074479042,0.002797042582097009,0.004783301569189158,0.006931803871027764,-0.022401280488913947,132.20779418945312
1506,2017-12-27,0.6361830673648098,0.6385342037112958,0.6392233202837668,0.6336292351195727,0.0916895541934193,0.003648340615210799,0.0043779716257906776,0.002878133312418374,0.0026348611214545015,0.023641754124302,133.12049865722656
1507,2017-12-28,0.6402367379234192,0.6421824824724025,0.6431148093817336,0.6373586046110008,0.147838265519562,0.00405367055860939,0.003648278761106738,0.0038914890979667716,0.003729369491428103,0.0561487113261427,133.88104248046875
1508,2017-12-29,0.6406826441590303,0.6387774140481557,0.6425067835395838,0.6384936274190831,0.0951672456756216,0.0004459062356111376,-0.0034050684242468154,-0.0006080258421498064,0.0011350228080823088,-0.0526710198439404,133.1712188720703
1509,2018-01-02,0.6416960617986827,0.6365883973082084,0.6461145478625819,0.6324942123114904,0.18583095363684315,0.0010134176396523475,-0.0021890167399473137,0.0036077643229981415,-0.0059994151075927205,0.09066370796122156,132.71482849121094
1510,2018-01-03,0.6365883973082084,0.637561300509752,0.6384125985428658,0.6299403800662532,0.1508248604012441,-0.005107664490474284,0.0009729032015436401,-0.007701949319716128,-0.0025538322452371975,-0.035006093235599056,132.9176788330078
1511,2018-01-04,0.640034042024668,0.6463172437613333,0.6468847551653744,0.6365073684319911,0.17700576583786537,0.003445644716459584,0.008755943251581244,0.008472156622508553,0.00656698836573788,0.02618090543662127,134.74310302734375
1512,2018-01-05,0.6496412214552588,0.6565325108881779,0.6568973263934678,0.6471279655022343,0.14352389094017715,0.009607179430590862,0.010215267126844618,0.010012571228093403,0.01062059707024321,-0.033481874897688224,136.8727264404297
1513,2018-01-08,0.6652478778475465,0.673030917897584,0.6746523613793861,0.6589241616727725,0.21568962694847124,0.015606656392287643,0.01649840700940608,0.01775503498591835,0.011796196170538176,0.0721657360082941,140.3123016357422
1514,2018-01-09,0.6742470314359875,0.6746523613793861,0.6786250030617782,0.6692204576758345,0.16453191218465232,0.008999153588441056,0.001621443481802154,0.003972641682392086,0.010296296003062033,-0.05115771476381892,140.65037536621094
1515,2018-01-10,0.6725039209316515,0.6723823157632215,0.679111423735498,0.6668288068912399,0.19929791374888595,-0.001743110504336065,-0.0022700456161646176,0.0004864206737198451,-0.002391650784594579,0.03476600156423362,140.17709350585938
1516,2018-01-11,0.6765575914902608,0.6858810461458832,0.6872187648527167,0.6714499888538905,0.152749231524764,0.00405367055860939,0.013498730382661694,0.00810734111721867,0.0046211819626506,-0.04654868222412195,142.99130249023438
1517,2018-01-12,0.6890834805254827,0.690340108501995,0.6918399468153672,0.6860026513143131,0.15016278942869096,0.012525889035221893,0.00445906235611182,0.004621181962650489,0.014552662460422638,-0.0025864420960730328,143.9208984375
1518,2018-01-16,0.700879614841917,0.6863269523814943,0.7022579098409633,0.6792736051961406,0.3103221229924153,0.011796134316434226,-0.004013156120500683,0.010417963025596055,-0.006729046118172599,0.16015933356372433,143.0842742919922
1519,2018-01-17,0.686367528673707,0.6830434891256774,0.6895699011992026,0.6830434891256774,0.20267374815838773,-0.014512086168209981,-0.003283463255816965,-0.012688008641760673,0.0037698839295368103,-0.10764837483402756,142.39968872070312
1520,2018-01-18,0.6864080431118157,0.684381207832511,0.6922047623206571,0.6813814693516625,0.16983939322286692,4.0514438108707473e-05,0.001337718706833635,0.0026348611214545015,-0.0016620197740148113,-0.03283435493552081,142.67860412597656
1521,2018-01-19,0.6876241566502193,0.6907860147376063,0.6909481343441448,0.6834893953612886,0.2108696047581804,0.0012161135384035626,0.006404806905095262,-0.00125662797651227,0.00210792600962606,0.04103021153531347,144.6823272705078
1522,2018-01-22,0.6904211992323164,0.6927317592865896,0.692812850016911,0.6829623983953561,0.12880918168755343,0.00279704258209712,0.0019457445489833303,0.0018647156727661374,-0.0005269969659325024,-0.08206042307062697,145.08981323242188
1523,2018-01-23,0.6972313360808101,0.6868133730552142,0.6974340319795614,0.6858810461458832,0.18321540951999854,0.006810136848493742,-0.0059183862313754165,0.004621181962650489,0.0029186477505270814,0.054406227832445114,143.85023498535156
1524,2018-01-24,0.694799109004003,0.6823948869913149,0.6990554754613636,0.6796789351395391,0.2997871914731079,-0.0024322270768071252,-0.004418486063899274,0.001621443481802154,-0.0062021110063440466,0.11657178195310935,142.92483520507812
1525,2018-01-25,0.701690398436922,0.6865701627183542,0.701690398436922,0.6585593461674826,0.6161297950126412,0.006891289432919057,0.0041752757270393515,0.0026349229755584513,-0.02111958897205657,0.3163426035395333,143.79930114746094
1526,2018-01-26,0.6843001171021896,0.6772061936246233,0.6850703244049821,0.6670315027899912,0.32904563560632244,-0.017390281334732416,-0.00936396909373094,-0.01662007403193999,0.008472156622508664,-0.28708415940631876,141.8380584716797
1527,2018-01-29,0.6712067785170306,0.6590457668412024,0.6724228920554342,0.6462361530310119,0.34547008857927575,-0.013093338585159042,-0.01816042678342089,-0.012647432349547905,-0.020795349758979342,0.016424452972953307,138.03443908691406
1528,2018-01-30,0.6499250080843314,0.6638290684103916,0.6676801049243537,0.6478170820747055,0.3162953127557795,-0.021281770432699187,0.004783301569189158,-0.00474278713108045,0.0015809290436935575,-0.029174775823496257,139.03628540039062
1529,2018-01-31,0.667639528632141,0.6598564885821036,0.6720580146960403,0.6562487242591054,0.25515196711471655,0.017714520547809642,-0.003972579828288025,0.004377909771686617,0.008431642184399957,-0.06114334564106294,138.2042694091797
1530,2018-02-01,0.6536138631376509,0.6576675336962602,0.6637480395341743,0.6493169203880776,0.15728187125993562,-0.014025665494490136,-0.002188954885843364,-0.008309975161866046,-0.006931803871027764,-0.09787009585478093,137.7457733154297
1531,2018-02-02,0.6517086330267762,0.6384125985428658,0.6518302381952061,0.634521047590795,0.27657105440259006,-0.0019052301108747338,-0.01925493515339438,-0.011917801338968137,-0.014795872797282672,0.11928918314265444,133.71290588378906
1532,2018-02-05,0.6280351499553785,0.6124285554171948,0.6442498321898159,0.5790668640389889,0.41435820949817204,-0.023673483071397716,-0.02598404312567104,-0.007580406005390228,-0.05545418355180609,0.13778715509558198,128.27066040039062
1533,2018-02-06,0.6002270293032581,0.6340346269170751,0.6346426527592249,0.5951193648127837,0.505964095381873,-0.02780812065212035,0.021606071499880364,-0.009607179430590973,0.01605250077379483,0.091605885883701,132.79595947265625
1534,2018-02-07,0.6297782604597145,0.6256434991707839,0.640844763765569,0.625400288833924,0.26033576456465196,0.029551231156456415,-0.00839112774629125,0.0062021110063440466,0.030280924021140243,-0.24562833081722107,131.0384521484375
1535,2018-02-08,0.6236572401836918,0.5917953871188582,0.6250354733286341,0.5915116004897856,0.3311046035759108,-0.006121020276022682,-0.03384811205192573,-0.01580929043693491,-0.033888688344138385,0.07076883901125886,123.94913482666016
1536,2018-02-09,0.6028213759866039,0.6048482112659086,0.6116583481144023,0.5791884692074188,0.3466087051419633,-0.02083586419708794,0.013052824147050446,-0.013377125214231733,-0.012323131282366728,0.015504101566052475,126.68292999267578
1537,2018-02-12,0.6156309279426905,0.6173334621548139,0.6220357348477857,0.6090640014310565,0.20941814147219848,0.012809551956086573,0.012485250888905286,0.010377386733383398,0.029875532223637702,-0.13719056366976481,129.29798889160156
1538,2018-02-13,0.6131176719896659,0.6241436608574117,0.6291296583253521,0.6121042543500136,0.20051656086869532,-0.00251325595302454,0.006810198702597803,0.007093923477566322,0.0030402529189570426,-0.008901580603503156,130.72433471679688
1539,2018-02-14,0.6177388539523164,0.640723158597139,0.6428715990448737,0.6175361580535652,0.20226268211498935,0.004621181962650489,0.016579497739727334,0.013741940719521617,0.0054319037035516216,0.00174612124629403,134.19686889648438
1540,2018-02-15,0.6477765676365967,0.6485061986471765,0.64996552252244,0.6383720222506531,0.17877735135233452,0.03003771368428032,0.007783040050037493,0.007093923477566322,0.02083586419708794,-0.023485330762654827,135.82699584960938
1541,2018-02-16,0.6491142863434303,0.6335481443892513,0.6526409599361072,0.6327374226483503,0.2179595845686535,0.001337718706833524,-0.01495805425792518,0.002675437413667159,-0.005634599602302837,0.039182233216318973,132.69407653808594
1542,2018-02-20,0.6290080531569221,0.6305889822006157,0.6414933658999314,0.6253597743958152,0.18532894377853362,-0.02010623318650817,-0.002959162188635678,-0.011147594036175712,-0.007377648252535063,-0.032630640790119875,132.07427978515625
1543,2018-02-21,0.6311564936046568,0.629251263493782,0.6421013917420813,0.6284810561909896,0.1520362320158606,0.0021484404477346564,-0.001337718706833635,0.0006080258421498064,0.0031212817951743466,-0.03329271176267301,131.79408264160156
1544,2018-02-22,0.6340346269170751,0.6439661074148473,0.6476954769062755,0.6331833288839614,0.17182196838792993,0.002878133312418374,0.014714843921065257,0.00559408516419424,0.004702272692971854,0.019785736372069318,134.87608337402344
1545,2018-02-23,0.6461550623006906,0.6583566502687314,0.6586403750436999,0.6454254312901109,0.16190909256261482,0.012120435383615513,0.01439054285388408,0.010944898137424386,0.012242102406149424,-0.00991287582531511,137.8900909423828
1546,2018-02-26,0.6609509969520772,0.6635453436354231,0.6650046675106865,0.6548704911141632,0.22751959839211336,0.014795934651386511,0.005188693366691699,0.006364292466986665,0.009445059824052304,0.06561050582949854,138.97683715820312
1547,2018-02-27,0.6618022331310869,0.6536948920138682,0.6672341986887425,0.6536138631376509,0.15015551392349807,0.0008512361790097289,-0.009850451621554845,0.00222953117805591,-0.00125662797651227,-0.07736408446861529,136.9136962890625
1548,2018-02-28,0.6546677952154119,0.6268190982710788,0.6580728636396588,0.6249543825983128,0.2655050110042016,-0.007134437915675029,-0.026875793742789367,-0.009161335049083674,-0.02865948053933809,0.11534949708070352,131.28472900390625
1549,2018-03-01,0.6229275473190081,0.6089829107007353,0.6331428144458527,0.6020105923915988,0.34321468196947924,-0.03174024789640373,-0.017836187570343554,-0.024930049193806036,-0.022943790206714,0.07770967096527764,127.54896545410156
1550,2018-03-02,0.6045239101987273,0.5933763161625516,0.6075641631176844,0.5912683901529256,0.3459284454064279,-0.018403637120280814,-0.015606594538183693,-0.02557865132816839,-0.01074220223867317,0.0027137634369486796,124.2802505493164
1551,2018-03-05,0.5883902568405072,0.6125906750237334,0.6155904135045818,0.5837690748778567,0.30749922697757326,-0.016133653358220146,0.019214358861181835,0.008026250386897416,-0.007499315275068974,-0.03842921842885466,128.30462646484375
1552,2018-03-06,0.6187522715919688,0.6232518483861893,0.6282378458541297,0.6148202062017893,0.2108295894796195,0.030362014751461608,0.010661173362455867,0.012647432349547905,0.031051131323932668,-0.09666963749795376,130.5375518798828
1553,2018-03-07,0.6080505837914042,0.6141716040674269,0.6172524332785966,0.6032267059300024,0.19974899507084523,-0.010701687800564574,-0.00908024431876242,-0.010985412575533093,-0.01159350027178696,-0.011080594408774264,128.6357421875
1554,2018-03-08,0.6150634165386493,0.6226032462518268,0.6241436608574117,0.6092261210375952,0.14932974408410485,0.007012832747245068,0.008431642184399957,0.006891227578815107,0.0059994151075928315,-0.05041925098674038,130.40171813964844
1555,2018-03-09,0.6288053572581709,0.6414933658999314,0.6421824824724025,0.6256029847326752,0.16648902308154023,0.013741940719521617,0.01889011964810461,0.01803882161499082,0.016376863695079957,0.017159278997435384,134.35816955566406
1556,2018-03-12,0.6414528514618227,0.6262921013051463,0.6459118519638307,0.6236572401836918,0.17753687771694648,0.012647494203651855,-0.015201264594785102,0.003729369491428214,-0.0019457445489833303,0.011047854635406251,131.17431640625
1557,2018-03-13,0.633588720681464,0.6230086380493294,0.6399529512943466,0.6210223172081334,0.17530693537532513,-0.007864130780358747,-0.003283463255816965,-0.005958900669484124,-0.0026349229755584513,-0.002229942341621355,130.48660278320312
1558,2018-03-14,0.6275082148435499,0.6183468797944662,0.6293323542241034,0.6133608823265259,0.17728951054038813,-0.006080505837914085,-0.004661758254863146,-0.01062059707024321,-0.007661434881607532,0.0019825751650630052,129.51023864746094
1559,2018-03-15,0.620941226477812,0.6265758879342189,0.6307105873690456,0.6147391154714681,0.1916659088015424,-0.00656698836573788,0.008229008139752692,0.0013782331449422314,0.0013782331449422314,0.014376398261154277,131.23374938964844
1560,2018-03-16,0.6255624702945666,0.6342373228158265,0.6382504170822232,0.6214682234437445,0.3964277269502901,0.00462124381675455,0.007661434881607532,0.0075398297131775704,0.006729107972276438,0.2047618181487477,132.8384246826172
1561,2018-03-19,0.6252381692273853,0.6167659507507728,0.6276298200119799,0.6113746233394338,0.1993197402644646,-0.00032430106718128737,-0.01747137206505367,-0.01062059707024332,-0.010093600104310707,-0.1971079866858255,129.17910766601562
1562,2018-03-20,0.6202115954672323,0.6245084763627016,0.6291296583253521,0.6183468797944662,0.12941668637115988,-0.00502657376015303,0.0077425256119287855,0.0014998383133721926,0.006972256455032411,-0.06990305389330473,130.80072021484375
1563,2018-03-21,0.6249138681602041,0.6315618854021593,0.637561300509752,0.621062893500346,0.14141399443423852,0.004702272692971854,0.007053409039457725,0.008431642184399957,0.002716013705879816,0.011997308063078638,132.27804565429688
1564,2018-03-22,0.6196845985012998,0.5954841803180736,0.622238430746537,0.5928493191966191,0.2992269775732552,-0.005229269658904356,-0.0360777050840857,-0.015322869763215063,-0.02821357430372695,0.1578129831390167,124.72168731689452
1565,2018-03-23,0.5987271291357819,0.584904097685939,0.6022538645825627,0.5828772624066343,0.23765801487840812,-0.0209574693655179,-0.010580082632134613,-0.01998456616397426,-0.009972056789984807,-0.0615689626948471,122.50578308105467
1566,2018-03-26,0.5992136116636058,0.6047671205355872,0.6062669588489594,0.5888361630761184,0.19843576638352825,0.000486482527823906,0.01986302284964825,0.004013094266396733,0.005958900669484124,-0.039222248494879874,126.66600036621094
1567,2018-03-27,0.6076451919939017,0.5958490576774674,0.6125906750237334,0.5909846035238531,0.1788064533731061,0.008431580330295896,-0.008918062858119802,0.006323716174774008,0.0021484404477346564,-0.019629313010422145,124.79815673828124
1568,2018-03-28,0.5958490576774674,0.5884308331327198,0.6009161458757292,0.5822287221263759,0.17948307535604505,-0.011796134316434226,-0.007418224544747609,-0.011674529148004265,-0.008755881397477183,0.0006766219829389408,123.2444305419922
1569,2018-03-29,0.5926871995900804,0.597429986721161,0.6030645863234638,0.5900928529067346,0.15312755779479437,-0.003161858087387004,0.008999153588441167,0.0021484404477346564,0.007864130780358747,-0.02635551756125068,125.1292724609375
1570,2018-04-02,0.5936195264994115,0.5832826542041368,0.597308381552731,0.5746483161209857,0.1963476963931683,0.0009323269093310937,-0.014147332517024158,-0.005756204770732798,-0.015444536785748975,0.043220138598373925,122.16614532470705
1571,2018-04-03,0.5869715092574563,0.5880254413352173,0.5904170921198119,0.5771616339281141,0.17627457756597975,-0.006648017241955184,0.00474278713108045,-0.006891289432919168,0.00251331780712849,-0.02007311882718854,123.15950012207033
1572,2018-04-04,0.5670274575315908,0.5885118620089371,0.5896469466711235,0.5596092329868432,0.22511140617326617,-0.019944051725865553,0.0004864206737198451,-0.0007701454486883641,-0.017552400941270974,0.048836828607286414,123.26139831542967
1573,2018-04-05,0.5939032512743802,0.600470239640118,0.603510492559075,0.5937411316678415,0.16678368104185234,0.026875793742789367,0.011958377631180905,0.013863545887951467,0.03413189868099831,-0.05832772513141382,125.76602172851562
1574,2018-04-06,0.5909035746476358,0.57963437544303,0.5958895721155761,0.5708379177533401,0.2076210916895542,-0.0029996766267443853,-0.02083586419708805,-0.007620920443498824,-0.02290321391450134,0.040837410647701855,121.40203094482422
1575,2018-04-09,0.5869715092574563,0.5799991909483199,0.5950382740824625,0.5788641681402376,0.14735808217683116,-0.003932065390179429,0.0003648155052898838,-0.0008512980331136788,0.008026250386897416,-0.06026300951272304,121.4784927368164
1576,2018-04-10,0.5948761544759238,0.6003080581794754,0.6040374276709035,0.5902954869513819,0.14520453263973518,0.007904645218467454,0.020308867231155547,0.008999153588441056,0.011431318811144342,-0.0021535495370959834,125.7320785522461
1577,2018-04-11,0.5945923678468512,0.5950382740824625,0.6013620521113403,0.5931331058256917,0.11709561832699758,-0.0002837866290725799,-0.005269784097012953,-0.002675375559563209,0.0028376188743097774,-0.0281089143127376,124.62831115722656
1578,2018-04-12,0.5984839187989219,0.6086180951954454,0.612752856484376,0.5984839187989219,0.14398224776732935,0.0038915509520707214,0.013579821112982948,0.011390804373035746,0.005350812973230257,0.026886629440331766,127.47258758544922
1579,2018-04-13,0.6151445072689706,0.6089829107007353,0.6198467799619424,0.6039563987946862,0.13107550155513922,0.0166605884700487,0.0003648155052898838,0.007093923477566322,0.005472479995764279,-0.012906746212190123,127.54896545410156
1580,2018-04-16,0.6151039928308619,0.6167254363126641,0.6219141296793558,0.6091856065994865,0.1111551683370014,-4.0514438108707473e-05,0.0077425256119287855,0.0020673497174134026,0.0052292078048002955,-0.019920333218137826,129.17059326171875
1581,2018-04-17,0.6215898286121745,0.6214682234437445,0.6305078914702943,0.620252109905341,0.1388602921115335,0.0064858357813125656,0.00474278713108045,0.008593761790938514,0.011066503305854458,0.027705123774532103,130.16400146484375
1582,2018-04-18,0.6290891438872435,0.6321699112443091,0.6369126983753896,0.6265758879342189,0.11230106040488186,0.007499315275068974,0.010701687800564574,0.006404806905095262,0.006323778028877958,-0.026559231706651643,132.4054412841797
1583,2018-04-19,0.6298998656281445,0.6311564936046568,0.6336698114117852,0.624103146419303,0.14599028720056748,0.0008107217409010214,-0.0010134176396523475,-0.003242886963604308,-0.0024727415149159437,0.03368922679568562,132.193115234375
1584,2018-04-20,0.6293323542241034,0.6212250131068846,0.6329401185471015,0.6176577632219952,0.14761272485858237,-0.0005675114040410989,-0.00993148049777215,-0.0007296928646837175,-0.006445383197307808,0.001622437658014897,130.76812744140625
1585,2018-04-23,0.6269001271472961,0.6242247515877329,0.6313186750652994,0.6168875559192027,0.19463067716764582,-0.0024322270768072363,0.002999738480848335,-0.001621443481802154,-0.000770207302792425,0.04701795230906344,131.3995819091797
1586,2018-04-24,0.6475738717378455,0.5855121853821929,0.6530463517336097,0.5811342137564022,0.8775095945724731,0.02067374459054938,-0.03871256620554009,0.021727676668310325,-0.03575334216280057,0.6828789174048273,123.25056457519533
1587,2018-04-25,0.5830394438672769,0.5885524383011498,0.5983217991923834,0.5762698214568918,0.3624547554520817,-0.06453442787056862,0.0030402529189569316,-0.05472455254122632,-0.004864392299510412,-0.5150548391203914,123.89055633544922
1588,2018-04-26,0.5890794352670823,0.593092529533479,0.5975110155973783,0.5837690748778567,0.23859655504829116,0.006039991399805378,0.004540091232329235,-0.0008107835950050823,0.007499253420964913,-0.12385820040379056,124.84622955322266
1589,2018-04-27,0.5904981828501332,0.586647208190275,0.594268128633774,0.5843771625741105,0.140439076738391,0.0014187475830509388,-0.006445321343203969,-0.003242886963604308,0.0006080876962538673,-0.09815747830990015,123.48953247070312
1590,2018-04-30,0.5886335290314711,0.5851878843150116,0.5926466232978679,0.5821071169579459,0.17333163571545498,-0.0018646538186620765,-0.0014593238752634852,-0.0016215053359061038,-0.0022700456161646176,0.032892558977063974,123.18228912353516
1591,2018-05-01,0.5799991909483199,0.5854310946518715,0.5854716090899802,0.5687299917437142,0.1820476909365394,-0.008634338083151283,0.00024321033685992255,-0.007175014207887687,-0.013377125214231733,0.008716055221084429,123.23351287841795
1592,2018-05-02,0.5836880460016394,0.5831610490357069,0.5944707626784212,0.581620634430122,0.16870441441277578,0.0036888550533195064,-0.0022700456161646176,0.008999153588441056,0.012890642686407827,-0.01334327652376363,122.75564575195312
1593,2018-05-03,0.574364591346017,0.5828367479685257,0.5883902568405072,0.5600145629302417,0.2802233580094218,-0.009323454655622343,-0.00032430106718117635,-0.006080505837914085,-0.021606071499880364,0.11151894359664599,122.6873550415039
1594,2018-05-04,0.576594122524073,0.5933357398703389,0.5966597794183686,0.5717702446626712,0.17018861747212571,0.002229531178056021,0.010498991901813248,0.008269522577861399,0.01175568173242958,-0.11003474053729606,124.8974151611328
1595,2018-05-07,0.6006728736847653,0.6073209527808244,0.6139689700227796,0.5999432426741855,0.24898961421633714,0.024078751160692247,0.01398521291048549,0.01730919060441105,0.028172998011514294,0.07880099674421143,127.84131622314452
1596,2018-05-08,0.6106854449128587,0.6077667971623316,0.6123880409790862,0.6022538645825627,0.1401844340566398,0.010012571228093403,0.00044584438150718775,-0.0015809290436934464,0.002310621908377164,-0.10880518015969734,127.93514251708984
1597,2018-05-09,0.6110908367103612,0.6186306664235388,0.6216304049043871,0.6100774190707089,0.16981756670728823,0.0004053917975025412,0.010863869261207193,0.009242363925300978,0.0078235544881462,0.02963313265064843,130.2220458984375
1598,2018-05-10,0.6210223172081334,0.6241436608574117,0.6301025615268958,0.6194413881644398,0.14227250404699976,0.00993148049777215,0.005512994433872875,0.008472156622508664,0.00936396909373094,-0.027545062660288472,131.3825225830078
1599,2018-05-11,0.625278683665494,0.6277514251804098,0.6353723456239088,0.6233329391165107,0.1276087233307263,0.004256366457360605,0.0036077643229981415,0.005269784097012953,0.0038915509520708325,-0.014663780716273472,132.14193725585938
1600,2018-05-14,0.6307916780993669,0.6294539593925333,0.6339940506248626,0.6258461950695351,0.129645864784736,0.005512994433872875,0.0017025342121235187,-0.0013782949990461812,0.002513255953024429,0.002037141454009711,132.50035095214844
1601,2018-05-15,0.6235356350152619,0.6185495756932174,0.6258867095076438,0.614982387662432,0.15013732516051584,-0.0072560430841049905,-0.0109043836993159,-0.00810734111721878,-0.010863807407103132,0.02049146037577984,130.20498657226562
1602,2018-05-16,0.6183874560866789,0.6234545442849406,0.6237382690599091,0.6175767343457778,0.0979792284326743,-0.0051481789285829915,0.00490496859172318,-0.0021484404477346564,0.002594346683345794,-0.05215809672784154,131.2374725341797
1603,2018-05-17,0.6230491524874381,0.6230086380493294,0.6293323542241034,0.6192386922656886,0.10497826442823624,0.0046616964007591966,-0.00044590623561124865,0.00559408516419424,0.0016619579199108614,0.006999035995561939,131.14358520507812
1604,2018-05-18,0.6248732918679915,0.6311970698968694,0.6357776755673072,0.6243057804639504,0.141483111733571,0.001824139380553369,0.008188431847540034,0.006445321343203858,0.005067088198261738,0.036504847305334764,132.8672637939453
1605,2018-05-21,0.6455875508966494,0.6442093177517072,0.6550731870129144,0.6433175052804848,0.21279761363429672,0.020714259028657978,0.013012247854837788,0.01929551144560715,0.01901172481653446,0.07131450190072572,135.60633850097656
1606,2018-05-22,0.6446552239873184,0.6331833288839614,0.6459524282560434,0.6329401185471015,0.12777242219756635,-0.0009323269093309827,-0.01102598886774575,-0.009120758756871017,-0.010377386733383287,-0.08502519143673037,133.2853546142578
1607,2018-05-23,0.6269001271472961,0.6394260161825182,0.6404799482602791,0.6231302432177593,0.14587387911748123,-0.0177550968400223,0.006242687298556704,-0.005472479995764279,-0.009809875329342188,0.018101456919914882,134.5994415283203
1608,2018-05-24,0.6372775757347835,0.6392638347218755,0.6421013917420813,0.6324942123114904,0.10516742756325143,0.010377448587487348,-0.00016218146064261862,0.001621443481802154,0.00936396909373105,-0.040706451554229806,134.5653076171875
1609,2018-05-25,0.6361019766344885,0.6317645813009106,0.638736899610047,0.629251263493782,0.08584004801833427,-0.0011755991002949662,-0.007499253420964913,-0.003364492132034269,-0.0032429488177083687,-0.01932737954491716,132.9867401123047
1610,2018-05-29,0.6253191981036027,0.6227248514202568,0.6312375843349781,0.6187522715919688,0.13808181305589406,-0.010782778530885828,-0.009039729880653824,-0.007499315275068863,-0.010498991901813248,0.0522417650375598,131.0838165283203
1611,2018-05-30,0.6266974931026489,0.6301836522572171,0.6322915164127391,0.6236166638914792,0.0977900652976591,0.0013782949990461812,0.0074588008369602665,0.001053932077760944,0.004864392299510412,-0.040291747758234964,132.6539306640625
1612,2018-05-31,0.6295350501228546,0.6157931094033331,0.6295755645609633,0.6141310896293183,0.16537223303443133,0.0028375570202057165,-0.01439054285388397,-0.0027159518517757553,-0.0094855742621609,0.06758216773677223,129.62474060058594
1613,2018-06-01,0.6214277090056359,0.6223195214768583,0.6250354733286341,0.6172118569863839,0.10023827279506721,-0.00810734111721867,0.006526412073525223,-0.004540091232329235,0.003080767357065639,-0.06513396023936412,130.99855041503906
1614,2018-06-04,0.6274676385513372,0.6181847601879276,0.6280351499553785,0.6164822259758042,0.08988522890558213,0.006039929545701317,-0.004134761288930755,0.0029996766267443853,-0.0007296310105797676,-0.010353043889485075,130.12815856933594
1615,2018-06-05,0.6177793683904251,0.620252109905341,0.6206169872647348,0.6162390156389442,0.10609869222794158,-0.009688270160912116,0.0020673497174134026,-0.007418162690643659,-0.00024321033685992255,0.016213463322359442,130.56333923339844
1616,2018-06-06,0.6228464565886868,0.6344399568604737,0.6345615620289037,0.620252109905341,0.13420760654067918,0.005067088198261627,0.014187846955132755,0.013944574764168882,0.004013094266396733,0.0281089143127376,133.54989624023438
1617,2018-06-07,0.636872183937281,0.6335481443892513,0.6401961616312065,0.6304673770321857,0.11455646701467834,0.014025727348594197,-0.0008918124712223863,0.005634599602302837,0.01021526712684473,-0.019651139526000838,133.36216735839844
1618,2018-06-08,0.6331428144458527,0.629616140853176,0.6350074682645148,0.6284810561909896,0.11837610724094655,-0.003729369491428214,-0.003932003536075368,-0.005188693366691699,-0.0019863208411960986,0.0038196402262682116,132.53445434570312
1619,2018-06-11,0.6290891438872435,0.633588720681464,0.636750578768851,0.6271839137763687,0.10034012986776769,-0.004053670558609279,0.003972579828288025,0.001743110504336176,-0.0012971424146208665,-0.018035977373178858,133.3707275390625
1620,2018-06-12,0.6341967465236138,0.6384125985428658,0.6453038261216809,0.6339535361867539,0.09442150639335019,0.005107602636370334,0.004823877861401815,0.008553247352829918,0.0067696224103851455,-0.005918623474417503,134.38613891601562
1621,2018-06-13,0.6371559087122495,0.62714339933826,0.6378450871388246,0.626332615743255,0.15239636952290875,0.002959162188635678,-0.011269199204605784,-0.007458738982856317,-0.007620920443498824,0.05797486312955856,132.01400756835938
1622,2018-06-14,0.6311564936046568,0.6207791068712735,0.6378856015769333,0.6192386922656886,0.14433147201658816,-0.0059994151075927205,-0.006364292466986554,4.0514438108707473e-05,-0.007093923477566433,-0.008064897506320584,130.6742706298828
1623,2018-06-15,0.6114962285078638,0.6081316745217256,0.6121042543500136,0.6016862913244176,0.3220320486003747,-0.019660265096792973,-0.012647432349547905,-0.025781347226919715,-0.017552400941270974,0.17770057658378655,128.011962890625
1624,2018-06-18,0.6016457768863089,0.60269970896407,0.605861628905561,0.5988082198661032,0.13283617381181906,-0.009850451621554845,-0.005431965557655571,-0.006242625444452643,-0.002878071458314424,-0.18919587478855565,126.8685531616211
1625,2018-06-19,0.5918359015569667,0.5808910034195423,0.5930520150953704,0.5769184235912542,0.2470761563506066,-0.009809875329342188,-0.02180870554452774,-0.012809613810190523,-0.021889796274848994,0.11423998253878753,122.27784729003906
1626,2018-06-20,0.5846203729109705,0.5802018868470712,0.5865256030218451,0.5748915883119495,0.15017734043907674,-0.007215528645996283,-0.0006891165724710602,-0.006526412073525334,-0.002026835279304695,-0.09689881591152985,122.13277435302734
1627,2018-06-21,0.5766346369621816,0.5656086480944359,0.5772021483662229,0.5639466283204211,0.21516942832717947,-0.007985735948788819,-0.014593238752635296,-0.009323454655622232,-0.010944959991528447,0.06499208788810273,119.06085968017578
1628,2018-06-22,0.5711621569664175,0.5672706678684507,0.577648054601834,0.5665815512959795,0.18606013205041924,-0.005472479995764168,0.0016620197740148113,0.0004459062356111376,0.0026349229755584513,-0.029109296276760233,119.41073608398438
1629,2018-06-25,0.56289269624266,0.553650332317359,0.56337911691638,0.5479751564228436,0.22110987831717566,-0.008269460723757449,-0.013620335551091656,-0.014268937685454008,-0.01860639487313598,0.035049746266756415,116.54364013671876
1630,2018-06-26,0.5543394488898302,0.549434480298107,0.5566905852363161,0.5483805482203461,0.15588861201549684,-0.008553247352829807,-0.004215852019252009,-0.006688531680063892,0.0004053917975025412,-0.06522126630167882,115.65621185302734
1631,2018-06-27,0.5544205396201515,0.5456645963685703,0.5653249233194673,0.5455429912001404,0.20607868458866113,8.10907303212538e-05,-0.0037698839295366993,0.008634338083151172,-0.0028375570202057165,0.050190072573164296,114.86267852783205
1632,2018-06-28,0.5439214858642342,0.5514208011393031,0.5542178437214003,0.5378409800263202,0.15336401171356337,-0.01049905375591731,0.005756204770732798,-0.011107079598067005,-0.007702011173820189,-0.05271467287509776,116.07432556152344
1633,2018-06-29,0.553771937485789,0.5499614772640395,0.558798511245942,0.5495966617587497,0.14943523890940177,0.009850451621554845,-0.0014593238752635962,0.004580667524541782,0.011755681732429468,-0.0039287728041615955,115.76709747314452
1634,2018-07-02,0.5423811331127534,0.5524747332170641,0.5530422446211053,0.5399489060359461,0.11541133887484312,-0.011390804373035635,0.00251325595302454,-0.005756266624836748,-0.00964775572280352,-0.03402390003455866,116.2961654663086
1635,2018-07-03,0.5553528665294825,0.5425027382811833,0.5567716759666373,0.5404759030018786,0.06684006620709726,0.012971733416729081,-0.009971994935880746,0.0037294313455320527,0.0005269969659325024,-0.04857127266774586,114.19707489013672
1636,2018-07-05,0.5472860398503725,0.5505289886680808,0.5516640114761631,0.5435566703589443,0.12245766565415886,-0.008066826679109962,0.008026250386897416,-0.005107664490474284,0.003080767357065639,0.0556175994470616,115.88661193847656
1637,2018-07-06,0.5476914316478749,0.5489075451862786,0.550731684566832,0.5404353885637699,0.11566598155659434,0.00040539179750243015,-0.001621443481802154,-0.0009323269093310937,-0.0031212817951743466,-0.006791684097564518,115.54528045654295
1638,2018-07-09,0.5521910084420956,0.57144594359549,0.5717702446626712,0.5517045877683757,0.20234271267211118,0.004499576794220639,0.022538398409211347,0.021038560095839265,0.011269199204605784,0.08667673111551684,120.28964233398438
1639,2018-07-10,0.5740402902788359,0.5725809664035723,0.5750537079184882,0.5680813896093517,0.13684133942050603,0.021849281836740286,0.0011350228080823088,0.003283463255816965,0.016376801840976007,-0.06550137325160516,120.52855682373048
1640,2018-07-11,0.5599335340540244,0.5543799633279388,0.5650411366903947,0.5506505938365107,0.19031630258826096,-0.0141067562248115,-0.018201003075633437,-0.010012571228093514,-0.017430795772841012,0.053474963167754935,116.69721221923828
1641,2018-07-12,0.5614333723673965,0.5651627418588246,0.5664193698353369,0.5546637499570114,0.154633587369723,0.0014998383133721926,0.010782778530885828,0.0013782331449422314,0.004013156120500683,-0.03568271521853797,118.96698760986328
1642,2018-07-13,0.5656491625325445,0.5705541311242677,0.5725809664035723,0.5637439942757738,0.10326488295531021,0.004215790165147948,0.005391389265443025,0.006161596568235339,0.00908024431876242,-0.05136870441441278,120.10192108154295
1643,2018-07-16,0.5710811280902001,0.5597308381552731,0.5710811280902001,0.5590011452905893,0.1354371669182779,0.005431965557655571,-0.010823292968994536,-0.0014998383133721926,-0.004742848985184511,0.03217228396296769,117.8236083984375
1644,2018-07-17,0.5552717757991612,0.56325751174795,0.5647979263535348,0.5534476364186078,0.12026410083850197,-0.01580935229103886,0.0035266735926768877,-0.0062832017366653,-0.005553508871981472,-0.015173066079775921,118.56597137451172
1645,2018-07-18,0.5634602076467012,0.5720539694376398,0.5735943840432246,0.5607442557949255,0.1598719511086051,0.008188431847540034,0.00879645768968973,0.00879645768968984,0.007296619376317648,0.039607850270103134,120.41761016845705
1646,2018-07-19,0.5657708295550785,0.5651627418588246,0.5697028330911539,0.5636629035454525,0.13011149711708106,0.002310621908377275,-0.006891227578815107,-0.0038915509520707214,0.0029186477505269703,-0.02976045399152405,119.69642639160156
1647,2018-07-20,0.5608658609633554,0.5546232355189027,0.5617576734345778,0.553893542654219,0.1908728787355172,-0.004904968591723069,-0.010539506339921956,-0.00794515965657605,-0.00976936089123348,0.06076138161843614,117.4642562866211
1648,2018-07-23,0.5538124519238977,0.5524342187789555,0.5545421447885814,0.549677752489071,0.12886011022390367,-0.007053409039457725,-0.0021890167399472027,-0.007215528645996394,-0.004215790165147948,-0.062012768511613525,117.00064086914062
1649,2018-07-24,0.5630548158491987,0.5592849319196619,0.5699461052821178,0.556812190404746,0.1842412557521963,0.009242363925300978,0.006850713140706399,0.015403960493536317,0.007134437915675029,0.055381145528292625,118.45159912109376
1650,2018-07-25,0.5594065370880918,0.569459622754294,0.5717702446626712,0.5540151478226489,0.18340821040761018,-0.003648278761106849,0.010174690834632072,0.00182413938055348,-0.00279704258209712,-0.0008330453445861141,120.60647583007812
1651,2018-07-26,0.5705541311242677,0.5779723556690153,0.5819044210591946,0.5677976648343832,0.19591480383419124,0.011147594036175823,0.008512732914721322,0.010134176396523364,0.013782517011734274,0.012506593426581059,122.4094009399414
1652,2018-07-27,0.5835258645409968,0.5778912649386939,0.5835258645409968,0.5706757362926976,0.1691336692191564,0.012971733416729081,-8.109073032136482e-05,0.001621443481802154,0.002878071458314424,-0.02678113461503484,122.39225006103516
1653,2018-07-30,0.5906603643107758,0.5665004605656583,0.5946734585771726,0.5637034179835612,0.5033812910383965,0.00713449976977909,-0.011390804373035635,0.011147594036175823,-0.0069723183091364715,0.33424762181924006,119.97974395751952
1654,2018-07-31,0.5754996141540993,0.582917838698847,0.586890418527135,0.5682029947777817,0.2767856818057804,-0.015160750156676506,0.016417378133188665,-0.007783040050037604,0.004499576794220528,-0.22659560923261607,123.45682525634766
1655,2018-08-01,0.5795532847127087,0.5615954919739352,0.5799586765102113,0.5598524433237031,0.2315247640008003,0.00405367055860939,-0.021322346724911734,-0.006931742016923703,-0.008350551454078592,-0.045260917804980094,118.94093322753906
1656,2018-08-02,0.555636653158555,0.5594470515262006,0.5622846704005102,0.5500425679943609,0.15260372142090617,-0.02391663155415369,-0.0021484404477346564,-0.017674006109701046,-0.009809875329342188,-0.07892104257989413,118.48594665527344
1657,2018-08-03,0.560217258828993,0.5614738868055053,0.5618387641648991,0.555636653158555,0.13074446606886267,0.004580605670437943,0.002026835279304695,-0.0004459062356111376,0.005594085164194129,-0.0218592553520435,118.9151611328125
1658,2018-08-06,0.5615144630977179,0.5654059521956846,0.5702298300570864,0.5592849319196619,0.11368704414412775,0.0012972042687249274,0.003932065390179318,0.0083910658921873,0.003648278761106849,-0.017057421924734917,119.74797058105467
1659,2018-08-07,0.5699866197202265,0.5771616339281141,0.5809720941498636,0.5687299917437142,0.17508503246694193,0.008472156622508553,0.01175568173242958,0.010742264092777232,0.009445059824052304,0.06139798832281418,122.23772430419922
1660,2018-08-08,0.5769184235912542,0.5663383409591196,0.5772426628043315,0.5645141397244622,0.12496043944051365,0.006931803871027764,-0.010823292968994536,-0.0037294313455321637,-0.004215852019252009,-0.050124593026428285,119.9454345703125
1661,2018-08-09,0.5679192700028132,0.5615144630977179,0.5711621569664175,0.5604199547277442,0.12144637043234689,-0.008999153588441056,-0.004823877861401704,-0.006080505837913974,-0.004094184996717987,-0.0035140690081667536,118.92375946044922
1662,2018-08-10,0.5574607925391085,0.5509748949036919,0.5574607925391085,0.5461510170422902,0.22803615926080867,-0.010458477463704652,-0.010539568194026017,-0.01370136442730896,-0.014268937685454008,0.10658978882846178,116.69158172607422
1663,2018-08-13,0.5509748949036919,0.547326616142585,0.5542583581595089,0.5461105026041815,0.14112297422652284,-0.0064858976354166264,-0.003648278761106849,-0.0032024343795996613,-4.0514438108707473e-05,-0.08691318503428583,115.9189224243164
1664,2018-08-14,0.549677752489071,0.5469212243450826,0.5531233353514265,0.5459078067054303,0.12870004910966004,-0.0012971424146208665,-0.00040539179750243015,-0.0011350228080823088,-0.00020269589875121508,-0.012422925116862799,115.83304595947266
1665,2018-08-15,0.5401516019346974,0.535165604466757,0.5401516019346974,0.5246665507108398,0.20670437803524983,-0.009526150554373669,-0.01175561987832563,-0.012971733416729192,-0.02124125599459048,0.07800432892558978,113.34332275390624
1666,2018-08-16,0.5420568320455721,0.5523531280486341,0.5535287271489291,0.5417730454164995,0.20150966732752507,0.0019052301108747338,0.01718752358187714,0.013377125214231733,0.017106494705659725,-0.005194710707724759,116.98346710205078
1667,2018-08-17,0.5498803865337183,0.5648384407916435,0.5683651762384243,0.5490291503547086,0.2405172884192146,0.0078235544881462,0.012485312743009347,0.014836449089495218,0.0072561049382090514,0.03900762109168954,119.62775421142578
1668,2018-08-20,0.5667842471947309,0.5621224889398677,0.5697434093833665,0.5616765827042565,0.12044962622092072,0.01690386066101257,-0.0027159518517757553,0.0013782331449422314,0.012647432349547905,-0.12006766219829389,119.0525360107422
1669,2018-08-21,0.5637439942757738,0.5674733637672019,0.5714054291573814,0.5637439942757738,0.1099110569490169,-0.0030402529189570426,0.005350874827334207,0.0016620197740148113,0.0020674115715173524,-0.010538569271903817,120.18582916259766
1670,2018-08-22,0.5688110824740356,0.5660140398919384,0.5703514352255163,0.5649195315219647,0.0803761436184725,0.005067088198261738,-0.0014593238752634852,-0.001053993931865005,0.0011755372461909053,-0.029534913330544393,119.8767318725586
1671,2018-08-23,0.5636629035454525,0.5545015684963688,0.5641493242191723,0.5530017301829966,0.14206515214900234,-0.0051481789285831026,-0.011512471395569657,-0.0062021110063440466,-0.011917801338968137,0.06168900853052983,117.43850708007812
1672,2018-08-24,0.5586769060775121,0.5602578351212056,0.5616360682661479,0.5549069602938713,0.09332290510922352,-0.004985997467940373,0.005756266624836859,-0.002513255953024429,0.0019052301108747338,-0.04874224703977882,118.6576156616211
1673,2018-08-27,0.5650816511285034,0.575783338929068,0.5771616339281141,0.5646763211851048,0.17355353862383818,0.006404745050991312,0.015525503807862329,0.015525565661966279,0.00976936089123348,0.08023063351461467,121.94578552246094
1674,2018-08-28,0.5813774240932621,0.5756212193225293,0.582796233530417,0.573553869605116,0.11764491896906092,0.016295772964758704,-0.00016211960653866875,0.005634599602302837,0.008877548420011205,-0.05590861965477727,121.91144561767578
1675,2018-08-29,0.5773642679727614,0.5750537079184882,0.5780128701071239,0.5727430860101109,0.12258862474763091,-0.004013156120500683,-0.0005675114040410989,-0.004783363423293108,-0.0008107835950050823,0.004943705778569993,121.79124450683594
1676,2018-08-30,0.5716891539323499,0.5637034179835612,0.5734727788747946,0.5612306764686453,0.1736408446861529,-0.005675114040411544,-0.011350289934927038,-0.004540091232329235,-0.011512409541465596,0.05105221993852199,119.38738250732422
1677,2018-08-31,0.5615144630977179,0.5628521818045514,0.568405690676533,0.5609469516936767,0.16559777369541098,-0.010174690834631961,-0.0008512361790097289,-0.005067088198261627,-0.00028372477496863,-0.008043070990741918,119.20709228515624
1678,2018-09-04,0.5588390256840507,0.5603794402896356,0.5634602076467012,0.55506907990041,0.14389494170501463,-0.002675437413667159,-0.0024727415149158327,-0.0049454830298317765,-0.005877871793266709,-0.021702831990396354,118.68341827392578
1679,2018-09-05,0.5607442557949255,0.5699055289899052,0.5719729405614224,0.5581093328193669,0.16658724240164427,0.0019052301108747338,0.009526088700269608,0.00851273291472121,0.0030402529189569316,0.02269230069662964,120.70092010498048
1680,2018-09-06,0.5688921113502529,0.5738781706722972,0.5750942223565968,0.5677570885421706,0.16690372687753505,0.008147855555327377,0.003972641682391975,0.0031212817951743466,0.00964775572280363,0.000316484475890777,121.54230499267578
1681,2018-09-07,0.5704730403939463,0.5728647530326448,0.5761887307265705,0.5677165741040618,0.15181796686007384,0.0015809290436934464,-0.0010134176396523475,0.0010945083699737124,-4.0514438108707473e-05,-0.015085760017461203,121.3276824951172
1682,2018-09-10,0.5746888924131983,0.5758239152212806,0.5776885690399427,0.574364591346017,0.1116462649375216,0.004215852019252009,0.002959162188635789,0.0014998383133721926,0.006648017241955184,-0.04017170192255225,121.95440673828124
1683,2018-09-11,0.5699866197202265,0.5757428244909593,0.5774453587030828,0.5690137165186828,0.09397042507139089,-0.004702272692971854,-8.109073032136482e-05,-0.00024321033685992255,-0.005350874827334207,-0.017675839866130708,121.93720245361328
1684,2018-09-12,0.5739186851104059,0.5848635832478304,0.586768813358705,0.5700271341583352,0.20482729769548372,0.003932065390179429,0.009120758756871128,0.009323454655622232,0.0010134176396523475,0.11085687262409283,123.86891174316406
1685,2018-09-13,0.5879849268971087,0.5899711858842007,0.5937006172297328,0.585836486449374,0.13353098455774023,0.014066241786702793,0.005107602636370334,0.006931803871027764,0.01580935229103886,-0.07129631313774348,124.95067596435548
1686,2018-09-14,0.5903360632435946,0.5873768392008549,0.5967002938564772,0.5806072167904697,0.17095982102257226,0.0023511363464858714,-0.002594346683345794,0.0029996766267443853,-0.005229269658904356,0.03742883646483203,124.40118408203124
1687,2018-09-17,0.5871742051562076,0.5927277140281891,0.6001864530110455,0.585958091617804,0.13922042961858164,-0.003161858087387004,0.005350874827334207,0.0034861591545682913,0.005350874827334318,-0.031739391403990624,125.5344696044922
1688,2018-09-18,0.5958895721155761,0.6042806998618674,0.6051319360408771,0.5929304099269405,0.16356790774659416,0.008715366959368587,0.011552985833678253,0.004945483029831665,0.0069723183091364715,0.024347478128012523,127.98129272460938
1689,2018-09-19,0.6070776805898606,0.6192386922656886,0.6206575017028435,0.605496751546167,0.21826879353935139,0.01118810847428442,0.01495799240382123,0.01552556566196639,0.01256634161922654,0.054700885792757226,131.14926147460938
1690,2018-09-20,0.6299809563584658,0.6323726071430604,0.6393449254521968,0.6261299816986077,0.24642499863584277,0.02290327576860529,0.01313391487737181,0.018687423749353282,0.020633230152440674,0.028156205096491388,133.93092346191406
1691,2018-09-21,0.6349264393882975,0.6339130217486452,0.6376018149478607,0.6275082148435499,0.21579512177376817,0.004945483029831665,0.001540414605584739,-0.001743110504336065,0.0013782331449422314,-0.030629876862074606,134.2571563720703
1692,2018-09-24,0.6323726071430604,0.6242652660258416,0.6327779989405629,0.6233329391165107,0.13985339857036322,-0.0025538322452370865,-0.00964775572280352,-0.004823816007297865,-0.0041752757270392404,-0.07594172320340495,132.2138214111328
1693,2018-09-25,0.6247516866995615,0.6246300815311315,0.6262921013051463,0.6194413881644398,0.1256698011968206,-0.007620920443498935,0.0003648155052898838,-0.006485897635416515,-0.0038915509520708325,-0.014183597373542606,132.2910919189453
1694,2018-09-26,0.6240625701270904,0.6209007120397034,0.6289269624266008,0.6197656892316211,0.112628458138562,-0.0006891165724710602,-0.003729369491428103,0.0026348611214545015,0.00032430106718128737,-0.013041343058258617,131.50123596191406
1695,2018-09-27,0.6202926861975536,0.6180631550194976,0.624467961924593,0.6129149760909146,0.09727714218156024,-0.0037698839295368103,-0.0028375570202058276,-0.0044590005020078705,-0.00685071314070651,-0.01535131595700176,130.90028381347656
1696,2018-09-28,0.616157924908623,0.618144245749819,0.6198467799619424,0.6103206294075688,0.13095545571945652,-0.004134761288930644,8.109073032136482e-05,-0.0046211819626506,-0.002594346683345794,0.033678313537896284,130.91746520996094
1697,2018-10-01,0.6226843369821482,0.6172929477167053,0.6262921013051463,0.614860720639898,0.13591735026100876,0.006526412073525223,-0.0008512980331136788,0.006445321343203969,0.004540091232329235,0.004961894541552242,130.7371368408203
1698,2018-10-02,0.6173334621548139,0.6275893055738713,0.6298593511900359,0.6141310896293183,0.15802397278961058,-0.005350874827334318,0.010296357857165983,0.003567249884889545,-0.0007296310105797676,0.02210662252860182,132.91786193847656
1699,2018-10-03,0.6323726071430604,0.6413717607315015,0.6460334571322607,0.6315213091099466,0.21984030266101603,0.015039144988246544,0.013782455157630213,0.016174105942224792,0.017390219480628355,0.06181632987140545,135.8368377685547
1700,2018-10-04,0.6406015534287091,0.6354128600620174,0.642709479438335,0.6291296583253521,0.1502682842539879,0.00822894628564863,-0.005958900669484124,-0.0033239776939256727,-0.002391650784594579,-0.06957201840702815,134.5747833251953
1701,2018-10-05,0.6344399568604737,0.6214682234437445,0.6356560703988773,0.6145769958649294,0.18025427890649157,-0.006161596568235339,-0.013944636618272832,-0.007053409039457725,-0.014552662460422638,0.029985994652503678,131.62147521972656
1702,2018-10-08,0.6159552290098717,0.6216304049043871,0.6228870328808994,0.6116178336762937,0.12598264792011496,-0.018484727850602067,0.00016218146064261862,-0.012769037517977866,-0.002959162188635678,-0.05427163098637661,131.6558074951172
1703,2018-10-09,0.6186306664235388,0.605861628905561,0.6186306664235388,0.6043212142999761,0.18177485949180597,0.002675437413667159,-0.0157687759988262,-0.004256366457360605,-0.007296619376317648,0.05579221157169101,128.31610107421875
1704,2018-10-10,0.6027807996943912,0.5825935376316658,0.604686029805266,0.5825935376316658,0.34265083031703014,-0.015849866729147566,-0.023268091273895175,-0.013944636618272832,-0.021727676668310325,0.16087597082522417,123.38810729980467
1705,2018-10-11,0.5794721939823874,0.57144594359549,0.5913899953213556,0.5668652760709482,0.2767711307953946,-0.023308605712003883,-0.011147594036175823,-0.013296034483910368,-0.015728261560717605,-0.06587969952163553,121.02719116210938
1706,2018-10-12,0.5838096511700693,0.5759050059516019,0.5853500039215502,0.5665004605656583,0.20357591080230633,0.00433745718768197,0.004459062356111931,-0.006039991399805378,-0.0003648155052898838,-0.07319521999308828,121.9715576171875
1707,2018-10-15,0.5756212193225293,0.5748104975816283,0.5804045208917185,0.5720539694376398,0.13611378890121684,-0.008188431847540034,-0.0010945083699736013,-0.0049454830298317765,0.005553508871981472,-0.0674621219010895,121.7397232055664
1708,2018-10-16,0.5810936993182936,0.5825530231935571,0.5832826542041368,0.5726620571338936,0.12999145128139836,0.005472479995764279,0.0077425256119287855,0.002878133312418374,0.0006080876962538673,-0.00612233761981848,123.37952423095705
1709,2018-10-17,0.5799991909483199,0.5729457819088621,0.5817828158907646,0.5720134549995312,0.1748849560741374,-0.0010945083699737124,-0.009607241284694923,-0.0014998383133721926,-0.0006486021343624637,0.04489350479273904,121.34481811523438
1710,2018-10-18,0.5681624803396731,0.550488474229972,0.5707568270230189,0.5450970849645291,0.3728769166408992,-0.011836710608646772,-0.022457307678890093,-0.01102598886774575,-0.026916370035002024,0.19799196056676183,116.58859252929688
1711,2018-10-19,0.5520694032736656,0.5323280474465513,0.55506907990041,0.5321253515477999,0.2566470834318558,-0.01609307706600749,-0.01816042678342078,-0.015687747122608897,-0.012971733416729192,-0.1162298332090434,113.46088409423828
1712,2018-10-22,0.5378409800263202,0.5217479648144167,0.5396651812609775,0.5215452689156654,0.28588733880208805,-0.014228423247345412,-0.010580082632134613,-0.015403898639432478,-0.010580082632134502,0.029240255370232227,111.20582580566406
1713,2018-10-23,0.48514329369145043,0.4823057366712447,0.49657464342964674,0.46868540112015317,0.877182196838793,-0.052697686334869764,-0.03944222814317194,-0.043090537831330766,-0.05285986779551227,0.5912948580367049,102.799072265625
1714,2018-10-24,0.4864404670331234,0.4553893357091907,0.49308848427507856,0.45502452020390083,0.5567289328652758,0.0012971733416729525,-0.026916400962054,-0.0034861591545681803,-0.013660880916252338,-0.32045326397351714,97.06208038330078
1715,2018-10-25,0.46548299766760537,0.4687259155582617,0.47464427086258515,0.4560379378435532,0.49360301205914986,-0.02095746936551801,0.013336579849070995,-0.018444213412493415,0.0010134176396523475,-0.06312592080612595,99.9046630859375
1716,2018-10-26,0.4625238045519177,0.46637481013882776,0.47196886437597,0.455470426439512,0.39361938194583385,-0.0029591931156876528,-0.002351105419433952,-0.0026754064866151284,-0.0005675114040411544,-0.09998363011331601,99.4035415649414
1717,2018-10-29,0.4737930037565234,0.46203738387819787,0.4797519044260075,0.45425431290110846,0.2935520835227996,0.011269199204605673,-0.004337426260629884,0.007783040050037493,-0.0012161135384035626,-0.10006729842303425,98.47908020019533
1718,2018-10-30,0.4621184436814672,0.4761441401030094,0.47727916291109157,0.4584701339933084,0.2931155532112261,-0.011674560075056184,0.0141067562248115,-0.0024727415149159437,0.004215821092199923,-0.00043653031157347977,101.48578643798828
1719,2018-10-31,0.4840488162485288,0.49179131093340567,0.49815557247334025,0.4834407594793271,0.3761909092562615,0.021930372567061596,0.015647170830396295,0.020876409562248677,0.024970625486018694,0.08307535604503535,104.82083129882812
1720,2018-11-01,0.4969394589349367,0.5054927062877667,0.5076411776625532,0.49025092725487274,0.3688280980010549,0.012890642686407883,0.01370139535436099,0.009485605189212987,0.006810167775545661,-0.007362811255206547,107.7411880493164
1721,2018-11-02,0.5150188568421401,0.5099112232787179,0.5200859450404018,0.5037091122723739,0.2795212717583077,0.01807939790720342,0.0044185169909511934,0.012444767377848609,0.013458185017501179,-0.08930682624274722,108.68293762207033
1722,2018-11-05,0.5111273058900694,0.5124245101587943,0.5146134650446377,0.5048846804456167,0.17622001127703305,-0.0038915509520707214,0.0025132868800764596,-0.005472479995764168,0.0011755681732428247,-0.10330126048127466,109.21862030029295
1723,2018-11-06,0.5123839647936337,0.5242612207674412,0.5249503373399123,0.5120191183612919,0.1720002182651558,0.0012566589035643005,0.011836710608646883,0.01033687229527458,0.00713443791567514,-0.004219793011877249,111.74149322509766
1724,2018-11-07,0.5412461103046711,0.5476509172097663,0.5481373378834862,0.5305444225041065,0.2747194383309991,0.028862145511037385,0.023389696442325136,0.02318700054357392,0.018525304142814614,0.1027192200658433,116.72679138183594
1725,2018-11-08,0.5425027382811833,0.5326117722215198,0.5460294118738602,0.5306254513803238,0.22806526128158025,0.00125662797651227,-0.015039144988246544,-0.002107926009625949,8.102887621730392e-05,-0.04665417704941885,113.5213394165039
1726,2018-11-09,0.5253151528452021,0.514451345438099,0.5253557291374148,0.5096680129418579,0.26367885920078576,-0.0171875854359812,-0.01816042678342078,-0.02067368273644543,-0.02095743843846587,0.035613597919205514,109.6506118774414
1727,2018-11-12,0.5155458228810207,0.5067088198261702,0.5205318512760131,0.5050468000521554,0.2135397151639717,-0.00976932996418145,-0.0077425256119287855,-0.004823877861401704,-0.0046212128897025195,-0.050139144036814076,108.00035858154295
1728,2018-11-13,0.5087356551054748,0.5106003398511889,0.5261258745861033,0.5078438426342525,0.21172447661834518,-0.006810167775545883,0.003891520025018691,0.005594023310090179,0.00279704258209712,-0.001815238545626513,108.82980346679688
1729,2018-11-14,0.5159106383863106,0.5071141806966207,0.5229235020606077,0.5015606718246391,0.20066934647774604,0.007174983280835767,-0.0034861591545681803,-0.0032023725254956004,-0.006283170809613381,-0.01105513014059914,108.08677673339844
1730,2018-11-15,0.5039523226092337,0.5246260362727311,0.5281121954272993,0.4991284447478319,0.21154258898852288,-0.011958315777076844,0.017511855576110347,0.005188693366691588,-0.0024322270768072363,0.010873242510776843,111.81926727294922
1731,2018-11-16,0.5220722040274939,0.5268150530126784,0.5347602126692544,0.5190725274007495,0.21672638643845832,0.018119881418260153,0.0021890167399473137,0.006648017241955184,0.019944082652917583,0.00518379744993544,112.2858428955078
1732,2018-11-19,0.5235315279027575,0.5106814305815103,0.5249098229018037,0.5091410159759254,0.19591480383419124,0.0014593238752635962,-0.016133622431168115,-0.009850389767450785,-0.009931511424824069,-0.020811582604267076,108.84710693359376
1733,2018-11-20,0.502047092498359,0.49564228559326373,0.5025335440991309,0.4914264954281158,0.2817875916258935,-0.021484435404398483,-0.015039144988246544,-0.02237627880267279,-0.017714520547809642,0.08587278779170227,105.64163970947266
1734,2018-11-21,0.4978718167713197,0.5021281832286804,0.5116543028560019,0.4966151887948075,0.17313883482784337,-0.004175275727039296,0.0064858976354166264,0.009120758756871017,0.005188693366691699,-0.10864875679805014,107.02404022216795
1735,2018-11-23,0.49438565761675146,0.495844981492015,0.502857845166312,0.49280472857305796,0.1138652940213536,-0.0034861591545682358,-0.006283201736665356,-0.00879645768968984,-0.003810460221749523,-0.05927354080648976,105.68484497070312
1736,2018-11-26,0.501236370757458,0.5058980980852691,0.5099112232787179,0.4992500808433139,0.17085068844467888,0.00685071314070651,0.010053116593254086,0.007053378112405806,0.006445352270255944,0.05698539442332527,107.82756042480467
1737,2018-11-27,0.5026551492675608,0.505087345417316,0.505087345417316,0.4961287371940356,0.14730715364048091,0.0014187785101028583,-0.0008107526679530519,-0.004823877861401815,-0.0031213436492782964,-0.023543534804197963,107.65476989746094
1738,2018-11-28,0.5079249333645737,0.5300985162684954,0.530139030706604,0.5020065471331984,0.20899616217101075,0.005269784097012842,0.02501117085117932,0.025051685289287917,0.005877809939162759,0.06168900853052983,112.98565673828124
1739,2018-11-29,0.5302201214369253,0.527909499528548,0.5306660276725365,0.5172078117279835,0.18187307881191,0.022295188072351646,-0.0021890167399473137,0.0005269969659325024,0.015201264594785102,-0.02712308335910074,112.51909637451172
1740,2018-11-30,0.5271798685179683,0.5499614772640395,0.5511775908024432,0.5263285704848545,0.3076883901125884,-0.0030402529189570426,0.0220519777354915,0.020511563129906762,0.009120758756871017,0.1258153113006784,117.21927642822266
1741,2018-12-03,0.5751347986488095,0.56325751174795,0.5772832390965441,0.5615549775358265,0.34070463267793155,0.04795493013084118,0.01329603448391048,0.02610564829410089,0.03522640705097202,0.033016242565343135,120.05321502685548
1742,2018-12-04,0.5597308381552731,0.5242207063293325,0.5597308381552731,0.5230856216671462,0.29514541916004294,-0.015403960493536317,-0.03903680541861754,-0.017552400941270974,-0.03846935586868028,-0.04555921351788861,111.73284912109376
1743,2018-12-06,0.5076006322973926,0.5203696698153705,0.5216668740840954,0.502857845166312,0.23991705924080103,-0.05213020585788053,-0.003851036513962014,-0.038063964071177736,-0.020227776500834183,-0.05522835991924191,110.91205596923828
1744,2018-12-07,0.5233288938581101,0.5008310098870074,0.5268960818888957,0.4975880610692991,0.2333145382782517,0.015728261560717494,-0.019538659928363122,0.0052292078048002955,-0.005269784097012953,-0.006602520962549346,106.74755859375
1745,2018-12-10,0.49620982792435686,0.500182407752645,0.504155018507985,0.4911427397260952,0.21720656978118918,-0.02711906593375324,-0.0006486021343623527,-0.022741063380910642,-0.006445321343203914,-0.016107968497062503,106.60932159423828
1746,2018-12-11,0.5155458228810207,0.4995743509834431,0.518788771698729,0.49556122578999445,0.1618763527892468,0.019335994956663827,-0.0006080567692018923,0.014633753190743892,0.004418486063899274,-0.05533021699194238,106.47972869873048
1747,2018-12-12,0.5097085273799665,0.5082086890665944,0.5187482263335683,0.5071141806966207,0.20168064169955802,-0.005837295501054163,0.008634338083151338,-4.05453651606269e-05,0.011552954906626278,0.03980428891031121,108.32005310058594
1748,2018-12-13,0.512586629765333,0.510357129514329,0.5233694082962188,0.5068709703597608,0.16530311573509884,0.0028781023853664545,0.0021484404477345453,0.004621181962650489,-0.00024321033685992255,-0.03637752596445917,108.77799224853516
1749,2018-12-14,0.500304012921075,0.5138838031070059,0.5178158684971852,0.4992095354781533,0.16309136215645975,-0.01228261684425802,0.0035266735926768877,-0.005553539799033613,-0.007661434881607532,-0.002211753578639092,109.52967834472656
1750,2018-12-17,0.5140054392024878,0.5045603793784356,0.5174510529918954,0.5013579759258879,0.2059804652685571,0.013701426281412799,-0.009323423728570313,-0.0003648155052897728,0.0021484404477346564,0.04288910311209734,107.54246520996094
1751,2018-12-18,0.5102355243458991,0.5037496267104825,0.5219100844209553,0.5010336748587066,0.1956346968842649,-0.0037699148565886187,-0.0008107526679530519,0.004459031429059901,-0.00032430106718128737,-0.010345768384292187,107.36966705322266
1752,2018-12-19,0.5069925755281908,0.4958855268571756,0.5227208061618563,0.4896834158508316,0.23341639535095218,-0.0032429488177083687,-0.007864099853306938,0.0008107217409010214,-0.011350259007875063,0.037781698466687275,105.69346618652344
1753,2018-12-20,0.493493845145529,0.4927236687697886,0.5048441350804561,0.4895212653172411,0.27514141763218686,-0.01349873038266175,-0.0031618580873869484,-0.01787667108140023,-0.00016215053359047715,0.041725022281234675,105.01956939697266
1754,2018-12-21,0.4934533307074204,0.48672422273514393,0.5015606718246391,0.48469738745583923,0.3650157332799796,-4.051443810859645e-05,-0.005999446034644695,-0.003283463255816965,-0.004823877861401871,0.08987431564779275,103.74083709716795
1755,2018-12-24,0.4790222424883758,0.47407675945854405,0.48477844725910857,0.4729417366504618,0.10864511904545372,-0.014431088219044597,-0.01264746327659988,-0.01678222456553058,-0.011755650805377438,-0.2563706142345259,101.0451431274414
1756,2018-12-26,0.47833312591590466,0.5057359475516785,0.5057764619897871,0.4705906003039758,0.1852962040051656,-0.0006891165724711712,0.03165918809313445,0.020998014730678527,-0.0023511363464859825,0.07665108495971189,107.79300689697266
1757,2018-12-27,0.493737086409441,0.5134784422365554,0.5135595329668766,0.49021038188971217,0.16730024191054765,0.015403960493536317,0.007742494684876866,0.0077830709770895234,0.01961978158573635,-0.017995962094617957,109.44324493408205
1758,2018-12-28,0.5153431269822694,0.509181561341086,0.5198832491416506,0.5069115157249214,0.138725695265465,0.02160604057282839,-0.004296880895469313,0.006323716174774008,0.01670113383520927,-0.02857454664508266,108.52740478515624
1759,2018-12-31,0.5131946865345347,0.5150999166454094,0.5193157377376094,0.5046819845468655,0.12569162771239928,-0.0021484404477346564,0.005918355304323386,-0.0005675114040412099,-0.00222953117805591,-0.013034067553065715,109.7888641357422
1760,2019-01-02,0.5027767544359908,0.5123028740633123,0.5183833799012264,0.49860147870895144,0.17400098219320104,-0.010417932098543914,-0.00279704258209712,-0.0009323578363830132,-0.006080505837914085,0.04830935448080176,109.19269561767578
1761,2019-01-03,0.5079654478026825,0.4925615182361981,0.5087356551054748,0.48822409197556804,0.22429654959166226,0.005188693366691699,-0.019741355827114226,-0.0096477247957516,-0.010377386733383398,0.05029556739846122,104.98502349853516
1762,2019-01-04,0.503344265840032,0.5194778573441481,0.5212614822865929,0.5014390357291573,0.19849760817766784,-0.004621181962650489,0.026916339107949994,0.012525827181118054,0.013214943753589226,-0.025798941413994414,110.72200012207033
1763,2019-01-07,0.5212614822865929,0.5198021584113293,0.5253557291374148,0.5136000474049853,0.16927917932301423,0.017917216446560857,0.00032430106718117635,0.0040942468508219365,0.01216101167582806,-0.029218428854653616,110.79109191894533
1764,2019-01-08,0.5265717808217144,0.526044845709886,0.533057678457131,0.5198021584113293,0.15288019061823604,0.005310298535121549,0.006242687298556704,0.007701949319716239,0.0062021110063439355,-0.016398988704778183,112.12165069580078
1765,2019-01-09,0.5313956586831162,0.5280716809891907,0.5359763262076581,0.5266123571139271,0.17699849033267248,0.004823877861401815,0.002026835279304695,0.0029186477505270814,0.006810198702597803,0.024118299714436436,112.55369567871094
1766,2019-01-10,0.5213425730169141,0.5389760646885065,0.539624604968765,0.5158295785830412,0.12435657250950363,-0.01005308566620211,0.01090438369931579,0.003648278761106849,-0.010782778530885828,-0.05264191782316885,114.8778305053711
1767,2019-01-11,0.5313551442450075,0.5354899055339383,0.5363817180051607,0.5271798685179683,0.10580767202022591,0.010012571228093403,-0.0034861591545681803,-0.003242886963604308,0.011350289934927038,-0.018548900489277723,114.1347885131836
1768,2019-01-14,0.5282338005957292,0.5342737919955346,0.5366654427801292,0.5234504990265401,0.16305498463049528,-0.0031213436492782964,-0.0012161135384036736,0.000283724774968519,-0.003729369491428214,0.05724731261026937,113.87559509277344
1769,2019-01-15,0.5355304199720469,0.5297742152013141,0.5395840905306563,0.5251935476767722,0.11728478146201277,0.007296619376317648,-0.004499576794220528,0.0029186477505270814,0.0017430486502321152,-0.045770203168482515,112.9165496826172
1770,2019-01-16,0.5300579399762827,0.5337062805914935,0.5371924397460617,0.5279500758207607,0.1323014241801415,-0.005472479995764168,0.003932065390179429,-0.002391650784594579,0.0027565281439885236,0.015016642718128748,113.75464630126952
1771,2019-01-17,0.5288824027300917,0.5453808097394978,0.5508938041733706,0.52357210419497,0.2502228123465323,-0.0011755372461910163,0.011674529148004265,0.01370136442730896,-0.0043779716257906776,0.1179213881663908,116.2429656982422
1772,2019-01-18,0.5476509172097663,0.5537314230476803,0.5582715142800095,0.5418136217087122,0.22271776496480475,0.018768514479674647,0.008350613308182542,0.007377710106638902,0.018241517513742145,-0.02750504738172757,118.78207397460938
1773,2019-01-22,0.5469617387831912,0.5360574169379794,0.5470023150754039,0.5317199597502975,0.18875206897178923,-0.0006891784265751211,-0.017674006109700935,-0.011269199204605673,-0.010093661958414657,-0.03396569599301552,114.99080657958984
1774,2019-01-23,0.5393003039015837,0.534354882725856,0.5411245051362411,0.5275851984613668,0.11362884010258463,-0.007661434881607532,-0.0017025342121234077,-0.005877809939162759,-0.004134761288930755,-0.0751232288692046,114.62557983398438
1775,2019-01-24,0.5326928629518412,0.5380436759250714,0.5390976698569364,0.5318415649187275,0.14345841139344112,-0.006607440949742527,0.0036887931992154455,-0.002026835279304695,0.004256366457360716,0.02982957129085649,115.41687774658205
1776,2019-01-25,0.5463131985029327,0.5547853551254414,0.5549069602938713,0.5427459486180433,0.2334491351243202,0.013620335551091545,0.016741679200369952,0.01580929043693491,0.01090438369931579,0.08999072373087907,119.00819396972656
1777,2019-01-28,0.5147756155782282,0.504155018507985,0.5180591097610971,0.4992095354781533,0.6337474308372287,-0.031537582924704544,-0.050630336617456306,-0.03684785053277417,-0.043536413139889985,0.40029829571290854,108.1473388671875
1778,2019-01-29,0.509181561341086,0.5129109308325142,0.5204507605456917,0.509181561341086,0.31105694901689734,-0.005594054237142099,0.008755912324529103,0.002391650784594579,0.009972025862932776,-0.3226904818203314,110.02561950683594
1779,2019-01-30,0.5185860757999777,0.5274230788548282,0.5324496526149812,0.5120191183612919,0.2612488404663599,0.009404514458891677,0.014512148022314042,0.011998892069289502,0.0028375570202058276,-0.04980810855053747,113.1386489868164
1780,2019-01-31,0.5282743768879419,0.5397867864294075,0.5405164174399872,0.5230856216671462,0.24166681823969152,0.009688301087964146,0.012363707574579275,0.008066764825006012,0.011066503305854347,-0.019582022226668355,115.7907943725586
1781,2019-02-01,0.5392597894634751,0.5306660276725365,0.5426243434496133,0.5274230788548282,0.2054129758635115,0.010985412575533204,-0.009120758756871017,0.00210792600962606,0.00433745718768197,-0.03625384237618001,113.8342742919922
1782,2019-02-04,0.5305444225041065,0.5305444225041065,0.5322874711543386,0.5273825644167195,0.16521580967278415,-0.008715366959368587,-0.00012160516842996127,-0.01033687229527469,-4.0514438108707473e-05,-0.04019716619072736,113.8082046508789
1783,2019-02-05,0.5295310048644541,0.5350845137364357,0.5354899055339383,0.5294093996960242,0.13148656759853763,-0.0010134176396523475,0.004540091232329235,0.0032024343795996613,0.002026835279304695,-0.03372924207424652,114.78211212158205
1784,2019-02-06,0.5321253515477999,0.5291661275050603,0.5354899055339383,0.5284364964944805,0.11270485094308737,0.002594346683345794,-0.0059183862313754165,0.0,-0.0009729032015436401,-0.018781716655450267,113.5125503540039
1785,2019-02-07,0.5240990393067986,0.5220316895893853,0.5287607975616617,0.5162754848186524,0.13394568835373508,-0.008026312241001365,-0.007134437915675029,-0.006729107972276549,-0.01216101167582817,0.02124083741064771,111.9821319580078
1786,2019-02-08,0.5167619364194243,0.5213020585788055,0.5213020585788055,0.5129920215628354,0.11404354389857946,-0.007337102887374325,-0.0007296310105797676,-0.007458738982856206,-0.003283463255816965,-0.019902144455155618,111.82559967041016
1787,2019-02-11,0.5227208061618563,0.5226397154315351,0.5272609592482895,0.5216668740840954,0.0963313265064843,0.0059588697424320936,0.001337656852729574,0.005958900669484013,0.00867485252125999,-0.017712217392095164,112.11254119873048
1788,2019-02-12,0.528031104696978,0.5378004655882115,0.5414082299112096,0.526977172619217,0.16390258098546717,0.00531029853512166,0.015160750156676395,0.014147270662920097,0.005310298535121549,0.06757125447898288,115.3647003173828
1789,2019-02-13,0.5440025765945555,0.5395435760925475,0.5444484828301667,0.5369086531169891,0.11602975681623892,0.015971471897577527,0.001743110504336065,0.0030402529189570426,0.00993148049777215,-0.04787282416922825,115.7386245727539
1790,2019-02-14,0.5341927012652133,0.5375977696894603,0.5401516019346974,0.5321253515477999,0.10467633096273123,-0.009809875329342188,-0.0019458064030872801,-0.004296880895469313,-0.004783301569189158,-0.011353425853507695,115.32122039794922
1791,2019-02-15,0.5435972466511569,0.5521099177117742,0.5523126136105255,0.5418946505849295,0.18979974171956565,0.009404545385943597,0.014512148022313931,0.01216101167582817,0.00976929903712953,0.08512341075683443,118.43429565429688
1792,2019-02-19,0.5486643348494187,0.550488474229972,0.5552717757991612,0.5472455254122638,0.14119209152585532,0.005067088198261738,-0.001621443481802154,0.002959162188635678,0.005350874827334318,-0.04860765019371033,118.0864486694336
1793,2019-02-20,0.5528801250145666,0.5687705061818229,0.5703109207874076,0.5526774291158154,0.2255042834536823,0.004215790165147948,0.018282031951850852,0.015039144988246433,0.0054319037035516216,0.08431219192782699,122.00816345214844
1794,2019-02-21,0.5665004605656583,0.5629737869729814,0.5714864580335987,0.5610685568621067,0.14736899543462048,0.013620335551091656,-0.005796719208841505,0.0011755372461910163,0.00839112774629125,-0.07813528801906183,120.76470184326172
1795,2019-02-22,0.5625683951754789,0.5621630033779763,0.5662572502287984,0.5591227504590193,0.12677567798614017,-0.003932065390179429,-0.0008107835950050823,-0.0052292078048002955,-0.0019458064030873912,-0.02059331744848031,120.59078216552734
1796,2019-02-25,0.5715270343258113,0.5732295685379347,0.5778507505005852,0.5682435092158904,0.16166536313865293,0.00895863915033246,0.011066565159958408,0.01159350027178685,0.009120758756871128,0.034889685152512756,122.96469116210938
1797,2019-02-26,0.5534476364186078,0.5593254463577706,0.5635818128151312,0.5483400337822374,0.26466832790701905,-0.018079397907203476,-0.013904122180164125,-0.014268937685454008,-0.019903475433653006,0.10300296476836612,119.98206329345705
1798,2019-02-27,0.5588390256840507,0.5658113439931871,0.566054554330047,0.5559203779335237,0.12517506684370397,0.005391389265442914,0.006485897635416515,0.0024727415149158327,0.007580344151286278,-0.13949326106331508,121.37337493896484
1799,2019-02-28,0.5616360682661479,0.5567310996744247,0.5634602076467012,0.5559203779335237,0.14638316448098365,0.00279704258209712,-0.00908024431876242,-0.002594346683345794,0.0,0.021208097637279683,119.4255828857422
1800,2019-03-01,0.56289269624266,0.5572580966403572,0.5654870429260059,0.5551096561926225,0.13863475145055384,0.001256627976512159,0.0005269969659325024,0.002026835279304695,-0.0008107217409011325,-0.007748413030429807,119.53861236572266
1801,2019-03-04,0.5626494859058001,0.5608253465252467,0.5665815512959795,0.555758258326985,0.14040997471761946,-0.00024321033685992255,0.003567249884889545,0.0010945083699736013,0.0006486021343624637,0.001775223267065612,120.30382537841795
1802,2019-03-05,0.5596497474249518,0.5559203779335237,0.561271252760858,0.5553528665294825,0.1136033758344095,-0.002999738480848335,-0.004904968591723069,-0.005310298535121549,-0.0004053917975025412,-0.02680659888320995,119.25164031982422
1803,2019-03-06,0.5575418214153258,0.5465564088397927,0.5580283039431496,0.5461510170422902,0.14136306589788827,-0.002107926009625949,-0.00936396909373094,-0.0032429488177083687,-0.00920184948719227,0.027759690063478767,117.24297332763672
1804,2019-03-07,0.5447322694592392,0.538327462554144,0.5464753181094714,0.5335440991308509,0.15608868840830134,-0.012809551956086573,-0.008228946285648742,-0.011552985833678253,-0.012606917911439308,0.014725622510413067,115.47775268554688
1805,2019-03-08,0.5290040078985216,0.5324496526149812,0.5356115107023682,0.527909499528548,0.1541679550373779,-0.015728261560717605,-0.005877809939162759,-0.010863807407103132,-0.005634599602302837,-0.0019207333709234387,114.21688079833984
1806,2019-03-11,0.5347196982311458,0.5395840905306563,0.5407596277768472,0.5334630702546336,0.1424107386456647,0.0057156903326242015,0.007134437915675029,0.005148117074478931,0.005553570726085533,-0.011757216391713204,115.74730682373048
1807,2019-03-12,0.5401110874965888,0.5370302582854191,0.5406785989006299,0.5347602126692544,0.1531057312792157,0.005391389265442914,-0.0025538322452371975,-8.102887621730392e-05,0.0012971424146208665,0.010694992633551004,115.19949340820312
1808,2019-03-13,0.5431107641233331,0.5411650195743497,0.5444484828301667,0.5378815563185328,0.15588497426290038,0.0029996766267443853,0.004134761288930644,0.0037698839295368103,0.0031213436492784075,0.0027792429836846766,116.08644104003906
1809,2019-03-14,0.5384895821606827,0.5419352268771421,0.543475641482727,0.535165604466757,0.13613197766419904,-0.004621181962650489,0.000770207302792425,-0.0009728413474396902,-0.0027159518517758663,-0.019752996598701333,116.2516860961914
1810,2019-03-15,0.5426648578877219,0.5378004655882115,0.545340295301389,0.5350034230061144,0.2564579202968406,0.0041752757270392404,-0.004134761288930644,0.0018646538186620765,-0.00016218146064261862,0.12032594263264157,115.3647003173828
1811,2019-03-18,0.5379220707566414,0.5435972466511569,0.5440025765945555,0.5372329541841704,0.14898051983484603,-0.00474278713108045,0.005796781062945455,-0.001337718706833524,0.002229531178056021,-0.10747740046199458,116.60820770263672
1812,2019-03-19,0.5486643348494187,0.5437998806958042,0.5501236587246822,0.5412055340124584,0.12062423834555012,0.010742264092777232,0.0002026340446472652,0.006121082130126632,0.003972579828288025,-0.028356281489295906,116.65167236328124
1813,2019-03-20,0.5425027382811833,0.5391786987331537,0.5437998806958042,0.5353277240732957,0.1281252841994216,-0.006161596568235339,-0.004621181962650489,-0.006323778028877958,-0.005877809939162759,0.007501045853871471,115.66036224365234
1814,2019-03-21,0.5357331158707982,0.5434350651905143,0.5456240819304616,0.5351250281745443,0.095880245184525,-0.0067696224103851455,0.004256366457360605,0.00182420123465743,-0.0002026958987513261,-0.0322450390148966,116.57339477539062
1815,2019-03-22,0.5390976698569364,0.526044845709886,0.5403542978334487,0.5249098229018037,0.2090179886865894,0.003364553986138219,-0.017390219480628355,-0.005269784097012953,-0.010215205272740668,0.11313774350206442,112.8429718017578
1816,2019-03-25,0.5253151528452021,0.5325712577834112,0.5350845137364357,0.5238558289699387,0.1164008075810764,-0.013782517011734274,0.006526412073525223,-0.005269784097012953,-0.001053993931865005,-0.09261718110551301,114.2429656982422
1817,2019-03-26,0.5378815563185328,0.5344359116020733,0.5414082299112096,0.5315578401437588,0.09597118899943614,0.012566403473330712,0.0018646538186620765,0.006323716174773897,0.007702011173820189,-0.02042961858164026,114.64298248291016
1818,2019-03-27,0.5361790221064093,0.5318415649187275,0.5369897438473105,0.5279905902588693,0.08651667000127321,-0.0017025342121235187,-0.002594346683345794,-0.004418486063899163,-0.003567249884889545,-0.009454518998162936,114.08647918701172
1819,2019-03-28,0.5346791219389332,0.5365843520498079,0.538327462554144,0.5316794453121888,0.09047818257880282,-0.0014999001674761425,0.00474278713108045,0.001337718706833524,0.0036888550533195064,0.003961512577529608,115.10385131835938
1820,2019-03-29,0.5431918548536544,0.5492318462534598,0.5524342187789555,0.5416514402480695,0.170305025555212,0.00851273291472121,0.012647494203651855,0.0141067562248115,0.009971994935880746,0.07982684297640917,117.81687927246094
1821,2019-04-01,0.5581499091115796,0.568527295844963,0.5690137165186828,0.5525964002395981,0.18485239818839921,0.01495805425792518,0.0192954495915032,0.016579497739727334,0.010944959991528558,0.014547372633187228,121.95596313476562
1822,2019-04-02,0.5681219040474604,0.568284085508103,0.5703109207874076,0.5643925345560322,0.0919987631641172,0.009971994935880857,-0.00024321033685992255,0.0012972042687248164,0.011796134316434115,-0.09285363502428201,121.90381622314452
1823,2019-04-03,0.5669058523631608,0.5645141397244622,0.5697434093833665,0.5610685568621067,0.17540515469542917,-0.0012160516842996127,-0.003769945783640871,-0.0005675114040410989,-0.0033239776939255616,0.08340639153131196,121.09513092041016
1824,2019-04-04,0.5640277190507423,0.5680408751712431,0.5710405517979875,0.5634602076467012,0.10872878735517197,-0.002878133312418485,0.0035267354467809486,0.0012971424146209776,0.002391650784594579,-0.0666763673402572,121.85163116455078
1825,2019-04-05,0.5719729405614224,0.5689732020805741,0.5721755746060697,0.5671895771381293,0.10230451626984849,0.007945221510680112,0.0009323269093309827,0.0011350228080821978,0.003729369491428103,-0.00642427108532348,122.0516357421875
1826,2019-04-08,0.5675138782053106,0.5667842471947309,0.5680002988790305,0.5618792786030078,0.09084559559104385,-0.00445906235611182,-0.002188954885843253,-0.0041752757270392404,-0.005310298535121549,-0.011458920678804635,121.58206939697266
1827,2019-04-09,0.5620413982095464,0.5527180054080281,0.5630953921414114,0.5515829825999458,0.12064606486112879,-0.005472479995764279,-0.014066241786702793,-0.004904906737619119,-0.010296296003062033,0.029800469270084937,118.564697265625
1828,2019-04-10,0.5560014686638449,0.5575013069772171,0.5602578351212056,0.5524342187789555,0.12043143745793848,-0.006039929545701428,0.004783301569189047,-0.0028375570202057165,0.0008512361790097289,-0.00021462740319030948,119.59078216552734
1829,2019-04-11,0.557744517314077,0.5629332106807687,0.5658518584312958,0.5552717757991612,0.10050746648720421,0.0017430486502321152,0.0054319037035516216,0.005594023310090179,0.0028375570202057165,-0.01992397097073427,120.7560043334961
1830,2019-04-12,0.5715675487639199,0.572378270504821,0.5752969182553481,0.5667436709025182,0.1594426963022245,0.01382303144984287,0.009445059824052304,0.009445059824052304,0.011471895103357,0.05893522981502028,122.78205871582033
1831,2019-04-15,0.5742835006156958,0.568527295844963,0.5773642679727614,0.566176159498477,0.11023117917750413,0.0027159518517758663,-0.003850974659858064,0.0020673497174132915,-0.0005675114040412099,-0.049211517124720355,121.95596313476562
1832,2019-04-16,0.5697839238214752,0.5757428244909593,0.5764725173556431,0.5658518584312958,0.09722985139780643,-0.004499576794220528,0.007215528645996283,-0.0008917506171183254,-0.00032430106718117635,-0.013001327779697702,123.5037841796875
1833,2019-04-17,0.5796748898811387,0.5786209578033776,0.5857553957190528,0.5774859349952953,0.1262081885810946,0.009890966059663442,0.002878133312418374,0.009282878363409686,0.011634076563999507,0.028978337183288155,124.12120819091795
1834,2019-04-18,0.5788641681402376,0.5811342137564022,0.5868499040890264,0.5773237535346528,0.16386256570690627,-0.0008107217409011325,0.00251325595302454,0.0010945083699736013,-0.0001621814606425076,0.03765437712581168,125.41596221923828
1835,2019-04-22,0.5794721939823874,0.5771616339281141,0.5804045208917185,0.573310597414152,0.13232325069572018,0.0006080258421498064,-0.003972579828288025,-0.006445383197307919,-0.004013156120500794,-0.03153931501118609,124.55859375
1836,2019-04-23,0.5756212193225293,0.5757428244909593,0.5802018868470712,0.5733511737063647,0.21573691773222503,-0.003850974659858064,-0.0014188094371548887,-0.0002026340446472652,4.057629221265735e-05,0.08341366703650485,124.25240325927734
1837,2019-04-24,0.5665004605656583,0.5583120287181182,0.5687299917437142,0.5535692415870378,0.3162807617453937,-0.009120758756871017,-0.017430795772841012,-0.011471895103357,-0.019781932119326884,0.10054384401316868,120.49063873291016
1838,2019-04-25,0.5555555624282338,0.5518261929368057,0.5572175822022486,0.5435566703589443,0.18533258153113008,-0.010944898137424497,-0.0064858357813125656,-0.011512409541465596,-0.010012571228093514,-0.13094818021426363,119.09090423583984
1839,2019-04-26,0.5535692415870378,0.5635818128151312,0.5635818128151312,0.5508532897352619,0.18622383091725933,-0.0019863208411959876,0.011755619878325518,0.006364230612882604,0.007296619376317648,0.0008912493861292503,121.62791442871094
1840,2019-04-29,0.5654870429260059,0.5635412983770225,0.569338017585864,0.5627305766361215,0.12274868586187454,0.011917801338968137,-4.0514438108707473e-05,0.005756204770732798,0.01187728690085954,-0.06347514505538479,121.6191864013672
1841,2019-04-30,0.5674733637672019,0.5651627418588246,0.5675138782053106,0.5577040028759684,0.14049000527474126,0.0019863208411959876,0.001621443481802154,-0.001824139380553369,-0.00502657376015303,0.01774131941286672,121.9690933227539
1842,2019-05-01,0.5658113439931871,0.5600145629302417,0.567230091576238,0.5579472132128284,0.13285072482220484,-0.0016620197740148113,-0.0051481789285829915,-0.0002837866290725799,0.00024321033685992255,-0.007639280452536423,120.8580551147461
1843,2019-05-02,0.5615144630977179,0.5479346419847348,0.5615954919739352,0.5447322694592392,0.19664599210607686,-0.004296880895469202,-0.012079920945506806,-0.005634599602302837,-0.013214943753589115,0.06379526728387203,118.25108337402344
1844,2019-05-03,0.551785616644593,0.5637034179835612,0.5642709293876023,0.550488474229972,0.1511413448771349,-0.009728846453124884,0.015768775998826312,0.002675437413667048,0.005756204770732798,-0.04550464722894196,121.6541519165039
1845,2019-05-06,0.5463537129410414,0.5543799633279388,0.5573391873706786,0.5444484828301667,0.1770312301060405,-0.0054319037035516216,-0.009323454655622343,-0.006931742016923703,-0.006039991399805378,0.02588988522890559,119.64203643798828
1846,2019-05-07,0.5480562471531648,0.5418541361468209,0.5512991959708732,0.5353277240732957,0.20454719074555738,0.0017025342121234077,-0.012525827181117943,-0.006039991399805378,-0.009120758756871017,0.02751596063951689,116.93881225585938
1847,2019-05-08,0.5392192750253664,0.5348818178376844,0.5448943890657779,0.5342332157033219,0.15062114625584314,-0.008836972127798437,-0.0069723183091364715,-0.006404806905095262,-0.0010945083699737124,-0.05392604448971425,115.43407440185548
1848,2019-05-09,0.5278689850904393,0.5318415649187275,0.5337873094677108,0.519599462512578,0.21485294385128867,-0.011350289934927038,-0.0030402529189569316,-0.011107079598067116,-0.014633753190743892,0.06423179759544553,114.77799987792967
1849,2019-05-10,0.5291256130669516,0.5324090763227686,0.533990005366462,0.5185455304348171,0.19064006256934465,0.00125662797651227,0.0005675114040410989,0.00020269589875121508,-0.001053932077760944,-0.024212881281944015,114.90045928955078
1850,2019-05-13,0.5168835415878543,0.5079249333645737,0.5169240560259629,0.502979450334742,0.3121446370432347,-0.012242071479097283,-0.0244841429581949,-0.017065949340499098,-0.015566080100075097,0.12150457447389004,109.61648559570312
1851,2019-05-14,0.5127893256640842,0.5167213910542636,0.5211398771181629,0.5095463768463759,0.14620491460375779,-0.004094215923770128,0.008796457689689952,0.004215821092199978,0.00656692651163393,-0.1659397224394769,111.51486206054688
1852,2019-05-15,0.5103976748794896,0.5160322744817925,0.5187076809684077,0.5066277600229009,0.10461812692118809,-0.002391650784594579,-0.0006891165724711712,-0.002432196149755206,-0.002918616823475051,-0.041586787682569695,111.36612701416016
1853,2019-05-16,0.5206128801522304,0.5132352318996954,0.5210182719497329,0.512465024596903,0.1570272285781844,0.01021520527274078,-0.002797042582097009,0.0023105909813252445,0.005837264574002132,0.05240910165699632,110.76251983642578
1854,2019-05-17,0.5041955329460936,0.49762860643445983,0.5088572602739048,0.495844981492015,0.22272504046999764,-0.016417347206136745,-0.015606625465235613,-0.01216101167582817,-0.016620043104888016,0.06569781189181323,107.39440155029295
1855,2019-05-20,0.4927641832078974,0.4962908877276262,0.4987230838773814,0.49175076556824504,0.22963313265064844,-0.011431349738196261,-0.001337718706833635,-0.010134176396523364,-0.004094215923769962,0.0069080921806508044,107.10569763183594
1856,2019-05-21,0.49993919741578496,0.506506123927419,0.5069925755281908,0.49746645590086913,0.19981811237017771,0.007175014207887576,0.01021523619979281,0.008269491650809369,0.00571569033262409,-0.029815020280470728,109.3102798461914
1857,2019-05-22,0.5036685669072132,0.5008715243251162,0.5084924447686149,0.5007093737915255,0.1680787209661871,0.003729369491428214,-0.005634599602302837,0.001499869240424112,0.0032429178906563383,-0.031739391403990624,108.09425354003906
1858,2019-05-23,0.4949531690207926,0.49560177115515514,0.5016822769930692,0.4921561573657475,0.18061077866094327,-0.008715397886420562,-0.005269753169961033,-0.006810167775545661,-0.008553216425777943,0.012532057694756182,106.95699310302734
1859,2019-05-24,0.5007093737915255,0.49819611783850093,0.502979450334742,0.4953990752564038,0.13832554247985596,0.005756204770732853,0.002594346683345794,0.001297173341672786,0.0032429178906562828,-0.042285236181087316,107.5168914794922
1860,2019-05-28,0.49819611783850093,0.4928857883763273,0.5004661634546655,0.4925615182361981,0.1778642754506266,-0.00251325595302454,-0.005310329462173635,-0.0025132868800764596,-0.0028375570202057165,0.03953873297077065,106.370849609375
1861,2019-05-29,0.4884673023124281,0.4924399130677681,0.49791236213648027,0.4874944300379364,0.1938922133905673,-0.009728815526072854,-0.0004458753085592182,-0.002553801318185278,-0.005067088198261682,0.0160279379399407,106.27460479736328
1862,2019-05-30,0.4929668791066486,0.49389920601597964,0.49730430536727854,0.491629160399815,0.1047054329835028,0.004499576794220528,0.0014592929482115657,-0.0006080567692017258,0.0041347303618786135,-0.08918678040706451,106.58953857421876
1863,2019-05-31,0.4855891999270616,0.485670259730331,0.48948071995208037,0.48133283346970096,0.1713927135815493,-0.007377679179586982,-0.00822894628564863,-0.007823585415198175,-0.010296326930114064,0.06668728059804652,104.8136215209961
1864,2019-06-03,0.4860756515278335,0.48907535908162986,0.4932911801738298,0.4854675947586317,0.1513959875588861,0.00048645160077187555,0.003405099351298846,0.003810460221749412,0.004134761288930755,-0.019996726022663197,105.54851531982422
1865,2019-06-04,0.49377760084754974,0.4948721092175233,0.4976691208725684,0.48948071995208037,0.14770730642608995,0.007701949319716239,0.005796750135893425,0.004377940698738647,0.004013125193448652,-0.003688681132796162,106.79952239990234
1866,2019-06-05,0.5002229531178056,0.49908793030972337,0.5011958253922972,0.49438565761675146,0.13090088943050984,0.0064453522702558885,0.004215821092200089,0.003526704519728807,0.004904937664671094,-0.01680641699558011,107.70934295654295
1867,2019-06-06,0.499006839579402,0.500182407752645,0.5024524533688096,0.4954801659867251,0.11988941232106805,-0.0012161135384036181,0.0010944774429216264,0.0012566279765123811,0.0010945083699736569,-0.011011477109441795,107.94554138183594
1868,2019-06-07,0.5041955329460936,0.5045198340132748,0.5092626211443553,0.502979450334742,0.0926717473944597,0.0051886933666916435,0.004337426260629829,0.006810167775545661,0.007499284348016888,-0.027217664926608348,108.8816146850586
1869,2019-06-10,0.5086140499370448,0.5097085273799665,0.5159511837514712,0.5076816921006618,0.1347787336983212,0.0044185169909511934,0.005188693366691699,0.006688562607115922,0.0047022417659198235,0.04210698630386149,110.00138854980467
1870,2019-06-11,0.5229235020606077,0.5159511837514712,0.5253557291374148,0.5146540104097983,0.16428818276069043,0.014309452123562827,0.0062426563715046735,0.009404545385943597,0.0069723183091364715,0.029509449062369242,111.34864044189452
1871,2019-06-12,0.5138027433037365,0.5152215218138394,0.5169240560259629,0.5110867914519607,0.11039124029174775,-0.009120758756871128,-0.0007296619376317981,-0.008431673111451876,-0.0035672189578376257,-0.05389694246894268,111.19119262695312
1872,2019-06-13,0.5162349394534917,0.5155052775158601,0.5204912749838004,0.5138432886688973,0.12714672875097766,0.002432196149755206,0.00028375570202066047,0.0035672189578375146,0.002756497216936604,0.016755488459229903,111.25241088867188
1873,2019-06-14,0.5132352318996954,0.5157485187797719,0.5174510529918954,0.5087356551054748,0.09203877844267812,-0.0029997075537963047,0.00024324126391184198,-0.003040221991905012,-0.005107633563422476,-0.03510795030829954,111.30491638183594
1874,2019-06-17,0.5156674280494506,0.5161133342850618,0.5198021584113293,0.513518987601716,0.09486894996271304,0.002432196149755206,0.0003648155052898838,0.002351105419433841,0.004783332496241188,0.0028301715200349242,111.38363647460938
1875,2019-06-18,0.5204912749838004,0.5283148913260506,0.5324496526149812,0.519721129535112,0.1730151512395642,0.004823846934349785,0.012201557040988797,0.012647494203651966,0.006202141933395966,0.07814620127685117,114.0168914794922
1876,2019-06-19,0.5282743768879419,0.5294499141341329,0.5332197980636696,0.5264501756532844,0.13995161789046726,0.007783101904141443,0.0011350228080823088,0.0007701454486883641,0.006729046118172488,-0.03306353334909695,114.2618408203125
1877,2019-06-20,0.5387327924975426,0.5416920165402822,0.5423811331127534,0.5330981928952396,0.13836555775841686,0.010458415609600702,0.012242102406149313,0.009161335049083785,0.006648017241955184,-0.0015860601320503986,116.9038543701172
1878,2019-06-21,0.5405569937321999,0.5427459486180433,0.5482589430519161,0.5373140449144916,0.2088979428509067,0.0018242012346573189,0.001053932077761055,0.005877809939162759,0.004215852019252009,0.07053238509248985,117.13128662109376
1879,2019-06-24,0.5417325309783909,0.5446916931670266,0.5470428295135126,0.541367715473101,0.11632441477655105,0.0011755372461910163,0.0019457445489833303,-0.0012161135384035626,0.00405367055860939,-0.09257352807435566,117.55120086669922
1880,2019-06-25,0.5455429912001404,0.5420163176074635,0.5468807099069739,0.5376383459816729,0.13648120191345786,0.0038104602217494676,-0.002675375559563098,-0.00016211960653866875,-0.003729369491428103,0.020156787136906815,116.9738311767578
1881,2019-06-26,0.5442457869314155,0.5478535512544136,0.5498803865337183,0.5439214858642342,0.12163553356736208,-0.0012972042687249274,0.005837233646950102,0.0029996766267443853,0.0062831398825612395,-0.014845668346095783,118.23356628417967
1882,2019-06-27,0.5500830824324695,0.5492723606915685,0.5513397104089818,0.5430702496852244,0.130755379326652,0.005837295501054052,0.0014188094371548887,0.0014593238752634852,-0.0008512361790097289,0.00911984575928991,118.53975677490234
1883,2019-06-28,0.5512991959708732,0.5524747332170641,0.5564473748994562,0.5512991959708732,0.3808508703323087,0.0012161135384036736,0.0032023725254956004,0.005107664490474395,0.008228946285648742,0.2500954910056567,119.23087310791016
1884,2019-07-01,0.5646763211851048,0.5537314230476803,0.5682029947777817,0.5471239202438338,0.17587806253296714,0.013377125214231622,0.00125668983061622,0.011755619878325518,-0.0041752757270393515,-0.20497280779934154,119.5020751953125
1885,2019-07-02,0.5537314230476803,0.5506911701287234,0.5553123520913739,0.5475293120413364,0.11658633296349516,-0.010944898137424497,-0.0030402529189569316,-0.012890642686407827,0.0004053917975025412,-0.059291729569471985,118.84596252441406
1886,2019-07-03,0.553082820913318,0.5496371761968584,0.5532449405198565,0.544529573560488,0.09234798741337602,-0.0006486021343623527,-0.001053993931865005,-0.0020674115715173524,-0.002999738480848335,-0.02423834555011914,118.61849975585938
1887,2019-07-05,0.5449349035038865,0.5492318462534598,0.5496371761968584,0.5400299967662674,0.11174448425762563,-0.008147917409431438,-0.0004053299433985913,-0.0036077643229981415,-0.004499576794220639,0.019396496844249614,118.53103637695312
1888,2019-07-08,0.5478535512544136,0.5465969232779013,0.5518261929368057,0.5449349035038865,0.09975081394714345,0.0029186477505270814,-0.0026349229755584513,0.0021890167399473137,0.004904906737619119,-0.01199367031048218,117.9623794555664
1889,2019-07-09,0.5436377610892656,0.5443673920998454,0.5449754797960992,0.5405569937321999,0.09526182724312919,-0.004215790165147948,-0.00222953117805591,-0.00685071314070651,-0.004377909771686617,-0.004488986704014264,117.48120880126952
1890,2019-07-10,0.5461510170422902,0.5376788604197815,0.5492318462534598,0.5373140449144916,0.1430837228760072,0.00251325595302454,-0.006688531680063892,0.004256366457360605,-0.0032429488177082577,0.04782189563287802,116.03775787353516
1891,2019-07-11,0.5399489060359461,0.5430297352471158,0.5432323692917631,0.5374761645210303,0.11510576765674166,-0.0062021110063440466,0.005350874827334318,-0.00599947696169667,0.00016211960653866875,-0.02797795521926555,117.19252014160156
1892,2019-07-12,0.5460699881660728,0.5608658609633554,0.5609469516936767,0.5456240819304616,0.1509594572473126,0.006121082130126632,0.017836125716239604,0.017714582401913592,0.008147917409431327,0.03585368959057095,121.0417709350586
1893,2019-07-15,0.5609469516936767,0.566054554330047,0.5674733637672019,0.5604604691658529,0.16365157605631242,0.014876963527603926,0.005188693366691588,0.006526412073525223,0.014836387235391268,0.012692118808999814,122.16156005859376
1894,2019-07-16,0.565122227420716,0.5638250231519911,0.5700271341583352,0.5600551392224543,0.14738718419760272,0.0041752757270393515,-0.00222953117805591,0.0025537703911332477,-0.0004053299433985913,-0.016264391858709704,121.68043518066406
1895,2019-07-17,0.560217258828993,0.5502046876008995,0.5614738868055053,0.5502046876008995,0.13642299787191473,-0.004904968591723069,-0.013620335551091656,-0.008553247352829918,-0.009850451621554845,-0.010964186325687991,118.74095153808594
1896,2019-07-18,0.5467185284463313,0.5467996191766527,0.5510154093418006,0.5433539744601931,0.12907473762709398,-0.013498730382661694,-0.0034050684242468154,-0.010458477463704652,-0.006850713140706399,-0.007348260244820742,118.00613403320312
1897,2019-07-19,0.5440836673248768,0.5522315228802042,0.5555555624282338,0.5440836673248768,0.17596173084268538,-0.0026348611214545015,0.0054319037035515105,0.004540153086433185,0.0007296928646837175,0.046886993215591394,120.0954360961914
1898,2019-07-22,0.5527990342842454,0.5482184286138074,0.5539746333845403,0.5456240819304616,0.11887447934665964,0.008715366959368587,-0.004013094266396733,-0.0015809290436934464,0.00154041460558485,-0.05708725149602574,119.22266387939452
1899,2019-07-23,0.5510154093418006,0.5598119288855944,0.5603388639974229,0.5493939658599984,0.14995543753069354,-0.0017836249424447725,0.01159350027178696,0.006364230612882604,0.0037698839295368103,0.031080958184033905,121.74392700195312
1900,2019-07-24,0.5309497524475051,0.5347196982311458,0.5444484828301667,0.5206939708825516,0.4607177285872788,-0.020065656894295514,-0.025092230654448544,-0.015890381167256273,-0.028699994977446797,0.31076229105658526,116.28707885742188
1901,2019-07-25,0.5313551442450075,0.5460699881660728,0.5468401336147612,0.531071357615935,0.17545608323177941,0.00040539179750243015,0.011350289934926927,0.002391650784594579,0.010377386733383398,-0.28526164535549936,118.75543975830078
1902,2019-07-26,0.5450159942342079,0.5388138832278638,0.5461510170422902,0.5376383459816729,0.1541679550373779,0.013660849989200363,-0.00725610493820894,-0.0006891165724710602,0.00656698836573788,-0.021288128194401512,117.1774444580078
1903,2019-07-29,0.5411245051362411,0.5450565705264205,0.5458267159751089,0.5385301584528952,0.09878680950908529,-0.0038914890979667716,0.006242687298556704,-0.00032430106718128737,0.0008918124712222752,-0.05538114552829261,118.53506469726562
1904,2019-07-30,0.5404353885637699,0.5389354883962938,0.5414488062034223,0.5330171640190223,0.11848887757143636,-0.0006891165724711712,-0.006121082130126743,-0.004377909771686617,-0.005512994433872875,0.019702068062351072,117.2038803100586
1905,2019-07-31,0.5387327924975426,0.5337467950296021,0.5446916931670266,0.531071357615935,0.15722366721839248,-0.0017025960662273576,-0.005188693366691699,0.003242886963604308,-0.0019458064030872801,0.03873478964695612,116.07550048828124
1906,2019-08-01,0.5336251898611721,0.5139648938373271,0.5399083915978374,0.512465024596903,0.2011713563360556,-0.005107602636370445,-0.019781901192274964,-0.004783301569189158,-0.01860633301903203,0.043947689117663113,111.77346801757812
1907,2019-08-02,0.5129920215628354,0.5048441350804561,0.5140054392024878,0.5006283139882561,0.21712290147147092,-0.020633168298336724,-0.009120758756871017,-0.025902952395349677,-0.011836710608646883,0.01595154513541533,109.78994750976562
1908,2019-08-05,0.4949937143859533,0.4931290296402392,0.49783127140615907,0.4877781857399569,0.19943978610014734,-0.01799830717688211,-0.011715105440216922,-0.016174167796328687,-0.01285012824829923,-0.017683115371323582,107.24219512939452
1909,2019-08-06,0.49770966623772905,0.4948721092175233,0.501236370757458,0.4890348137164692,0.13510249367940486,0.0027159518517757553,0.0017430795772840901,0.0034050993512989014,0.00125662797651227,-0.06433729242074249,107.62127685546876
1910,2019-08-07,0.4864404670331234,0.48960232512051033,0.49130485933263385,0.48096801796441113,0.18365921533676494,-0.011269199204605673,-0.005269784097012953,-0.009931511424824124,-0.008066795752058042,0.04855672165736008,106.47526550292967
1911,2019-08-08,0.4904941375917327,0.4946288679536114,0.4949531690207926,0.4879403362735476,0.13586278397206206,0.004053670558609335,0.005026542833101055,0.0036483096881587684,0.0069723183091364715,-0.04779643136470288,107.56839752197266
1912,2019-08-09,0.4925615182361981,0.4839271801530468,0.49333169461193854,0.4816165891717216,0.13843831281034577,0.0020673806444653775,-0.010701687800564574,-0.0016214744088540733,-0.006323747101825983,0.002575528838283714,105.24105834960938
1913,2019-08-12,0.4821841005757628,0.47314443254921296,0.48250840164294395,0.4705095405007065,0.15720547845541025,-0.010377417660435317,-0.010782747603833853,-0.010823292968994591,-0.01110704867101514,0.018767165645064476,102.8961181640625
1914,2019-08-13,0.4740362450204353,0.48242734183967473,0.4945478081503421,0.47342818825123356,0.15758380472544062,-0.008147855555327488,0.009282909290461772,0.012039406507398154,0.0029186477505270814,0.00037832627003037134,104.9148941040039
1915,2019-08-14,0.47257692114517175,0.4670233813461383,0.47387409448684475,0.4663342647736672,0.20164426417359355,-0.0014593238752635407,-0.015403960493536428,-0.02067371366349735,-0.007093923477566377,0.04406045944815293,101.56494903564452
1916,2019-08-15,0.4664964153072577,0.4671855318797289,0.4686043103898318,0.46199683851303724,0.15176340057112717,-0.00608050583791403,0.00016215053359058818,-0.005269784097012953,-0.00433742626062994,-0.04988086360246638,101.6002197265625
1917,2019-08-16,0.4712392024383383,0.47196886437597,0.4778061598770242,0.46990148373150475,0.1292093344731625,0.004742787131080561,0.004783332496241133,0.009201849487192382,0.00790464521846751,-0.022554066097964676,102.64047241210938
1918,2019-08-19,0.47922493838712704,0.4757387792325588,0.4803194158300486,0.47310388718405233,0.0957056330598956,0.007985735948788764,0.0037699148565887852,0.002513255953024429,0.0032024034525475753,-0.03350370141326689,103.4603042602539
1919,2019-08-20,0.47667110614188984,0.4729417366504618,0.4774818588098429,0.47213101490956066,0.08737881736663089,-0.0025538322452371975,-0.002797042582097009,-0.0028375570202057165,-0.0009728722744916651,-0.00832681569326471,102.8520278930664
1920,2019-08-21,0.47833312591590466,0.4770359525742317,0.48368396981618694,0.4764684411701906,0.10123865475908983,0.0016620197740148113,0.004094215923769906,0.0062021110063440466,0.00433742626062994,0.01385983739245894,103.74239349365234
1921,2019-08-22,0.4796708446227382,0.47788721968029346,0.482143586137654,0.47517126782851765,0.07705487549791738,0.001337718706833524,0.0008512671060617594,-0.0015403836785329306,-0.0012971733416729525,-0.024183779261172447,103.92755126953124
1922,2019-08-23,0.4712392024383383,0.4623616540183272,0.47387409448684475,0.45936194646453077,0.22197566343512978,-0.008431642184399901,-0.015525565661966279,-0.008269491650809258,-0.015809321363986883,0.14492078793721241,100.55116271972656
1923,2019-08-26,0.4664153245769365,0.4638209778935907,0.4688880660918524,0.46146984154710474,0.1891776860255734,-0.00482387786140176,0.0014593238752635407,-0.004986028394992348,0.002107895082573974,-0.032797977409556395,100.86851501464844
1924,2019-08-27,0.466820716374439,0.45960515680139064,0.46803679898579065,0.45867282989205965,0.11497844631586605,0.00040539179750248566,-0.004215821092200089,-0.0008512671060617594,-0.0027970116550450896,-0.07419923970970733,99.9516830444336
1925,2019-08-28,0.45749726171881666,0.4656046028360354,0.4659694183413254,0.45299768492459613,0.11596791502209934,-0.009323454655622343,0.005999446034644751,-0.0020673806444652665,-0.005675144967463519,0.0009894687062332874,101.2563934326172
1926,2019-08-29,0.4727390716787625,0.47740076807952164,0.47886009195478507,0.4722120747128299,0.12524418414303642,0.01524180995994584,0.011796165243486256,0.012890673613459691,0.019214389788233754,0.009276269120937083,103.82176208496094
1927,2019-08-30,0.4824678562777833,0.482386796474514,0.48477844725910857,0.48015726529645814,0.10593135560850507,0.009728784599020823,0.004986028394992348,0.005918355304323497,0.007945190583628248,-0.019312828534531354,104.90608215332033
1928,2019-09-03,0.4779277650454541,0.4744010605257252,0.4779277650454541,0.4677935886489307,0.13752887466123428,-0.004540091232329235,-0.007985735948788764,-0.00685068221365448,-0.01236367664752741,0.031597519052729214,103.16939544677734
1929,2019-09-04,0.4800356601280282,0.48279215734496456,0.48335966874900566,0.4793870889207177,0.13417486676731116,0.002107895082574085,0.00839109681923933,0.005431903703551566,0.01159350027178696,-0.003354007893923122,104.99422454833984
1930,2019-09-05,0.4884673023124281,0.49856093334379076,0.5036280215420524,0.4884673023124281,0.19480528929227522,0.008431642184399901,0.0157687759988262,0.020268352793046784,0.00908021339171039,0.06063042252496406,108.42353057861328
1931,2019-09-06,0.5014795810943179,0.4973853651705479,0.5040333824125031,0.49641249289605616,0.12061696284035722,0.013012278781889819,-0.0011755681732428802,0.00040536087045062175,0.007945190583628081,-0.074188326451918,108.1678695678711
1932,2019-09-09,0.500182407752645,0.5158295785830412,0.5163970899870823,0.4994122004498526,0.16127248585823678,-0.001297173341672897,0.01844421341249336,0.012363707574579275,0.0029997075537964157,0.04065552301787956,112.17898559570312
1933,2019-09-10,0.515870123948202,0.528152709865408,0.528152709865408,0.5157079734146113,0.30847050692082434,0.015687716195556978,0.012323131282366728,0.01175561987832563,0.016295772964758704,0.14719802106258756,114.8589324951172
1934,2019-09-11,0.5304228173356765,0.539502999800335,0.5399083915978374,0.5248287321714823,0.2762000036377526,0.014552693387474558,0.011350289934927038,0.011755681732429468,0.009120758756871017,-0.03227050328307174,117.32730865478516
1935,2019-09-12,0.5350845137364357,0.5340710960967834,0.5378815563185328,0.5272609592482895,0.2035177067607632,0.0046616964007591966,-0.0054319037035516216,-0.002026835279304584,0.0024322270768072363,-0.0726822968769894,116.1460189819336
1936,2019-09-13,0.538327462554144,0.542300042382432,0.5431513404155458,0.5315578401437588,0.13477509594572473,0.0032429488177082577,0.00822894628564863,0.005269784097012953,0.004296880895469313,-0.06874261081503846,117.93558502197266
1937,2019-09-16,0.5390976698569364,0.5397462101371949,0.5423811331127534,0.535043999298327,0.10463995343676677,0.000770207302792425,-0.0025538322452370865,-0.000770207302792425,0.0034861591545681803,-0.030135142508957963,117.38020324707033
1938,2019-09-17,0.5374761645210303,0.5357736303089068,0.5381652810935014,0.5318010504806188,0.10509103475872605,-0.0016215053359061038,-0.003972579828288136,-0.004215852019252009,-0.0032429488177082577,0.00045108132195928463,116.51627349853516
1939,2019-09-18,0.5335846754230635,0.5313146298068989,0.5359763262076581,0.5258421498111346,0.10933992979137488,-0.0038914890979667716,-0.0044590005020078705,-0.002188954885843253,-0.005958900669484124,0.004248895032648831,115.54655456542967
1940,2019-09-19,0.5329360732887011,0.5274635932929368,0.5352061189048657,0.5264501756532844,0.09915422252132633,-0.0006486021343624637,-0.003851036513962125,-0.000770207302792425,0.0006080258421498064,-0.010185707270048555,114.70906066894533
1941,2019-09-20,0.5270176870573257,0.5195184336363607,0.5309903287397176,0.5183428654631178,0.23326360974190144,-0.0059183862313754165,-0.00794515965657605,-0.004215790165148059,-0.008107310190166639,0.1341093872205751,112.98119354248048
1942,2019-09-23,0.5161943940883311,0.5205723657141217,0.5224370813868878,0.5121407235297217,0.09907419196420451,-0.010823292968994536,0.001053932077760944,-0.008553247352829807,-0.006202141933396077,-0.13418941777769694,113.21041870117188
1943,2019-09-24,0.5218695699828466,0.5107219450196189,0.5229235020606077,0.5090194108074955,0.12261772676840248,0.005675175894515494,-0.009850420694502815,0.0004864206737198451,-0.003121312722226266,0.023543534804197963,111.06820678710938
1944,2019-09-25,0.5101544336155778,0.5132352318996954,0.5140864990057571,0.5067898796294394,0.0856363338729333,-0.011715136367268841,0.0025132868800765706,-0.008837003054850578,-0.002229531178056021,-0.03698139289546917,111.6147689819336
1945,2019-09-26,0.5139648938373271,0.5123434194284731,0.5144918598762077,0.5093437118746766,0.08102730133323632,0.0038104602217493566,-0.0008918124712223863,0.00040536087045062175,0.0025538322452371975,-0.004609032539696981,111.42084503173828
1946,2019-09-27,0.5148161609433889,0.5131541411693741,0.5163565446219217,0.5093842572398373,0.08055075574310191,0.0008512671060617594,0.0008107217409010214,0.001864684745713996,4.05453651606269e-05,-0.00047654559013440845,111.59716033935548
1947,2019-09-30,0.5121407235297217,0.5120191183612919,0.5152215218138394,0.5102760387840076,0.10168609832845268,-0.002675437413667159,-0.0011350228080821978,-0.0011350228080823088,0.0008917815441703558,0.02113534258535077,111.35028839111328
1948,2019-10-01,0.5164376353522431,0.49604767739076633,0.520896666781303,0.4957639216887456,0.13525891704105203,0.004296911822521343,-0.015971440970525552,0.0056751449674635746,-0.014512117095262012,0.033572818712599345,107.876953125
1949,2019-10-02,0.49110219436093455,0.48627831649953274,0.49393975138114027,0.4837650296194562,0.1548154749995453,-0.025335440991308522,-0.009769360891233592,-0.026956915400162706,-0.01199889206928939,0.01955655795849326,105.75238037109376
1950,2019-10-03,0.4837650296194562,0.48660261756671397,0.48668367736998336,0.4752928729969476,0.11314138125466087,-0.00733716474147833,0.00032430106718123186,-0.00725607401115691,-0.008472156622508609,-0.04167409374488441,105.82291412353516
1951,2019-10-04,0.48530544422504107,0.49065628812532336,0.49110219436093455,0.4838055749846169,0.0888448316629986,0.00154041460558485,0.00405367055860939,0.0044185169909511934,0.008512701987669291,-0.024296549591662275,106.70449829101562
1952,2019-10-07,0.48988608082253093,0.48745388467277573,0.49333169461193854,0.48542704939347103,0.0849233343640299,0.004580636597489862,-0.003202403452547631,0.0022295002510039907,0.0016214744088541289,-0.003921497298968693,106.00802612304688
1953,2019-10-08,0.4815355293684523,0.4782115207474747,0.4831975182154151,0.47707649793939233,0.12841266665454082,-0.008350551454078647,-0.009242363925301034,-0.01013417639652342,-0.008350551454078703,0.04348933229051091,103.99805450439452
1954,2019-10-09,0.484373086388658,0.4841704214169587,0.48668367736998336,0.47833312591590466,0.0930282471489114,0.0028375570202057165,0.005958900669484013,0.0034861591545682358,0.0012566279765123256,-0.035384419505629414,105.2939682006836
1955,2019-10-10,0.48660261756671397,0.4973448507324391,0.4987230838773814,0.4854675947586317,0.1179686789501446,0.0022295311780559657,0.013174429315480407,0.012039406507398043,0.00713446884272706,0.02494043180123319,108.1590576171875
1956,2019-10-11,0.509181561341086,0.5204912749838004,0.5285175872248018,0.5083302942350243,0.2454682697029775,0.022578943774372084,0.02314642425136132,0.029794503347420398,0.02286269947639258,0.1274995907528329,113.19276428222656
1957,2019-10-14,0.5140459536405966,0.5204102461075831,0.5211398771181629,0.5108030357499402,0.10373051528765528,0.004864392299510523,-8.102887621730392e-05,-0.007377710106638902,0.0024727415149159437,-0.14173775441532221,113.17514038085938
1958,2019-10-15,0.5188292861368375,0.5311524483462563,0.5337873094677108,0.5174510529918954,0.11964568289710617,0.004783332496240966,0.01074220223867317,0.012647432349547905,0.006648017241955184,0.015915167609450886,115.5112762451172
1959,2019-10-16,0.5310308431778263,0.5277473799220094,0.5383679769922527,0.5274230788548282,0.11052583713781626,0.012201557040988797,-0.0034050684242469265,0.004580667524541893,0.009972025862932776,-0.00911984575928991,114.7707977294922
1960,2019-10-17,0.5309092380093964,0.5353683003655083,0.5385706728910039,0.5277068036297967,0.12434929700431074,-0.00012160516842996127,0.007620920443498935,0.00020269589875121508,0.000283724774968519,0.013823459866494484,116.42813873291016
1961,2019-10-18,0.5275851984613668,0.5298553059316354,0.5352061189048657,0.5269366581811084,0.15748558540533658,-0.0033240395480296225,-0.005512994433872875,-0.003364553986138219,-0.0007701454486883641,0.03313628840102584,116.13494110107422
1962,2019-10-21,0.5348818178376844,0.5360168406457667,0.5409623236755985,0.533057678457131,0.15370232270503284,0.007296619376317648,0.006161534714131278,0.005756204770732798,0.006121020276022682,-0.003783262700303741,117.48540496826172
1963,2019-10-22,0.5374761645210303,0.5419352268771421,0.5442457869314155,0.5307876328409664,0.170305025555212,0.002594346683345905,0.0059183862313754165,0.003283463255816965,-0.0022700456161646176,0.016602702850179146,118.78263092041016
1964,2019-10-23,0.5441241817629855,0.548623758557206,0.5512586815327645,0.5298147296394228,0.41091689554193417,0.006648017241955184,0.006688531680063892,0.007012894601349018,-0.0009729032015436401,0.24061186998672218,120.24864196777344
1965,2019-10-24,0.5476103409175537,0.5425838290115046,0.5484210626584548,0.5366249283420206,0.14246166718201494,0.0034861591545681803,-0.006039929545701428,-0.0028376188743096664,0.006810198702597803,-0.2684552283599192,118.92479705810548
1966,2019-10-25,0.5472455254122638,0.5664193698353369,0.5674327874749893,0.546637499570114,0.30264282726131797,-0.0003648155052898838,0.023835540823832324,0.01901172481653446,0.010012571228093403,0.16018116007930303,124.14913940429688
1967,2019-10-28,0.5673922730368807,0.5677570885421706,0.5741213810091571,0.5629332106807687,0.22459484530457083,0.02014674762461688,0.001337718706833635,0.0066885935341678415,0.016295711110654754,-0.07804798195674714,124.44234466552734
1968,2019-10-29,0.5650006222522861,0.5729052674707535,0.5733916881444734,0.5625278807373701,0.1610760472180287,-0.002391650784594579,0.0051481789285829915,-0.0007296928646837175,-0.0004053299433985913,-0.06351879808654212,125.57073974609376
1969,2019-10-30,0.5715675487639199,0.5688921113502529,0.5715675487639199,0.5659329491616171,0.1436221102602812,0.006566926511633819,-0.004013156120500683,-0.00182413938055348,0.0034050684242469265,-0.017453936957747496,124.69109344482422
1970,2019-10-31,0.5649600459600734,0.5585958153471908,0.5688921113502529,0.5528801250145666,0.1468778988341003,-0.006607502803846477,-0.010296296003062033,-0.002675437413667048,-0.013052824147050446,0.003255788573819085,122.43431854248048
1971,2019-11-01,0.5649600459600734,0.5857148812809441,0.5862013019546639,0.5643925345560322,0.22627548700412886,0.0,0.02711906593375324,0.01730919060441105,0.011512409541465596,0.07939758817002857,128.3783721923828
1972,2019-11-04,0.5892010404355122,0.5955652710483949,0.5958895721155761,0.5878633217286787,0.19781371068953602,0.024240994475438815,0.009850389767450785,0.009688270160912227,0.0234707871726465,-0.028461776314592846,130.5373992919922
1973,2019-11-05,0.5953220607115349,0.5933357398703389,0.5999432426741855,0.5904981828501332,0.16430637152367267,0.006121020276022682,-0.00222953117805591,0.00405367055860939,0.0026348611214545015,-0.03350733916586335,130.04872131347656
1974,2019-11-06,0.5937411316678415,0.5897685518395535,0.5937411316678415,0.5864039978534151,0.13592826351879808,-0.0015809290436934464,-0.003567188030785484,-0.0062021110063440466,-0.004094184996718098,-0.028378108004874586,129.266845703125
1975,2019-11-07,0.5974705011592696,0.5959300865536847,0.6016052624482002,0.5948761544759238,0.13884210334855127,0.003729369491428103,0.006161534714131278,0.007864130780358747,0.008472156622508664,0.0029138398297531842,130.6173095703125
1976,2019-11-08,0.5945113389706339,0.600591844808548,0.6006728736847653,0.5910251798160657,0.1010058385929173,-0.002959162188635678,0.0046617582548632575,-0.0009323887634349326,-0.003850974659858064,-0.037836264755633967,131.6391143798828
1977,2019-11-11,0.5948356400378151,0.5999432426741855,0.6005512685163353,0.5943086430718826,0.08021608250422889,0.00032430106718117635,-0.0006486021343624637,-0.00012160516842996127,0.003283463255816854,-0.02078975608868841,131.4969482421875
1978,2019-11-12,0.6003891489097967,0.593214134701909,0.6018484727850602,0.5919169922872881,0.10342494406955383,0.005553508871981583,-0.006729107972276549,0.0012972042687248164,-0.002391650784594468,0.023208861565324937,130.0220489501953
1979,2019-11-13,0.5851878843150116,0.5857148812809441,0.5912683901529256,0.5824719324632358,0.11620436894086833,-0.015201264594785102,-0.007499253420964913,-0.010580082632134502,-0.009445059824052304,0.012779424871314504,128.3783721923828
1980,2019-11-14,0.5845798584728618,0.5814585148235835,0.5891604641432996,0.5805261879142524,0.09391585878244421,-0.0006080258421498064,-0.004256366457360605,-0.00210792600962606,-0.0019457445489834413,-0.02228851015842412,127.4454345703125
1981,2019-11-15,0.5859986060559127,0.5890388589748696,0.5913494808832469,0.5857959101571614,0.10285381691191182,0.0014187475830509388,0.007580344151286167,0.0021890167399473137,0.005269722242909003,0.008937958129467613,129.10693359375
1982,2019-11-18,0.5847014636412917,0.5820665406657333,0.586890418527135,0.5797559806114599,0.09598574000982193,-0.0012971424146209776,-0.0069723183091363605,-0.004459062356111931,-0.006039929545701428,-0.00686807690208989,127.5787124633789
1983,2019-11-19,0.5851473698769029,0.5804045208917185,0.5868093277968137,0.578701986679595,0.07585077938849379,0.0004459062356111376,-0.0016620197740148113,-8.10907303212538e-05,-0.0010539939318648939,-0.02013496062132815,127.21442413330078
1984,2019-11-20,0.5774453587030828,0.573675474773546,0.5784587763427351,0.5679192700028132,0.12676476472835083,-0.007702011173820078,-0.006729046118172488,-0.008350551454078592,-0.010782716676781878,0.05091398533985704,125.7395248413086
1985,2019-11-21,0.5737970799419759,0.5811342137564022,0.5834853501028882,0.5713648528651687,0.11996216737299696,-0.003648278761106849,0.007458738982856206,0.00502657376015303,0.003445582862355523,-0.006802597355353865,127.37435913085938
1986,2019-11-22,0.5834042593725668,0.5832421397660282,0.5855932761125141,0.5797964950495686,0.08215136688553812,0.009607179430590862,0.00210792600962606,0.002107926009625949,0.008431642184399957,-0.03781080048745884,127.83634948730467
1987,2019-11-25,0.586768813358705,0.5935384357690903,0.594146523465344,0.582917838698847,0.11223194310554939,0.003364553986138219,0.010296296003062033,0.008553247352829918,0.0031213436492782964,0.03008057622001127,130.09310913085938
1988,2019-11-26,0.5934573450387689,0.5922007170622566,0.5944707626784212,0.5897685518395535,0.08978337183288164,0.006688531680063892,-0.001337718706833635,0.0003242392130772265,0.00685071314070651,-0.02244857127266775,129.7999267578125
1989,2019-11-27,0.5878633217286787,0.5905792735804545,0.5907008787488844,0.5825124469013444,0.09677149457065425,-0.005594023310090179,-0.001621443481802154,-0.0037698839295368103,-0.0072561049382090514,0.006988122737772606,129.44454956054688
1990,2019-11-29,0.5844987677425405,0.5866877226283838,0.5896469466711235,0.5828772624066343,0.06011386165626876,-0.003364553986138219,-0.0038915509520707214,-0.001053932077760944,0.0003648155052898838,-0.036657632914385486,128.59156799316406
1991,2019-12-02,0.5885929527392585,0.5795127702746,0.5919980211635054,0.5790262877467762,0.10535659069826661,0.004094184996717987,-0.007174952353783737,0.0023510744923819216,-0.003850974659858064,0.04524272904199785,127.01896667480467
1992,2019-12-03,0.5677165741040618,0.5677570885421706,0.5692569268555427,0.5616765827042565,0.13967514869313738,-0.020876378635196646,-0.011755681732429468,-0.022741094307962673,-0.01734970504251976,0.03431855799487077,124.44234466552734
1993,2019-12-04,0.5714864580335987,0.5680002988790305,0.5767562421306116,0.5675138782053106,0.09038360101129522,0.0037698839295368103,0.00024321033685992255,0.007499315275068863,0.005837295501054163,-0.04929154768184216,124.4956512451172
1994,2019-12-05,0.5698650145517965,0.5717702446626712,0.5720539694376398,0.5656086480944359,0.08285709088924863,-0.001621443481802154,0.00376994578364076,-0.004702272692971854,-0.0019052301108747338,-0.007526510122046595,125.32193756103516
1995,2019-12-06,0.5793100743758488,0.5785398670730564,0.5813774240932621,0.5763103358950005,0.08262791247567253,0.009445059824052304,0.0067696224103851455,0.009323454655622343,0.010701687800564574,-0.00022917841357610047,126.80569458007812
1996,2019-12-09,0.5795532847127087,0.5789857733086675,0.580809912689221,0.5771210576359015,0.05766201640626421,0.00024321033685992255,0.0004459062356111376,-0.0005675114040410989,0.0008107217409010214,-0.024965896069408314,126.90342712402344
1997,2019-12-10,0.5784182619046264,0.5791478929152062,0.5820665406657333,0.574607801682877,0.06871350879426691,-0.0011350228080823088,0.00016211960653866875,0.00125662797651227,-0.00251325595302454,0.011051492388002696,126.93896484375
1998,2019-12-11,0.582796233530417,0.5837285604397481,0.5862418163927726,0.5808504271273296,0.0824205605776751,0.0043779716257905665,0.004580667524541893,0.0041752757270393515,0.006242625444452643,0.013707051783408197,127.94298553466795
1999,2019-12-12,0.5818638447669819,0.5949977596443538,0.5975110155973783,0.5796748898811387,0.13510976918459774,-0.0009323887634350436,0.011269199204605673,0.011269199204605673,-0.0011755372461909053,0.05268920860692264,130.41297912597656
2000,2019-12-13,0.595078850374675,0.589930671446092,0.6015646861559877,0.5883902568405072,0.1204714527364994,0.013215005607693064,-0.005067088198261738,0.00405367055860939,0.008715366959368476,-0.014638316448098349,129.30238342285156
2001,2019-12-16,0.5987677054279945,0.589241554873621,0.6011593562125891,0.5887145579076885,0.08784444969897598,0.0036888550533195064,-0.0006891165724710602,-0.0004053299433985913,0.00032430106718128737,-0.03262700303752342,129.15130615234375
2002,2019-12-17,0.589809066277662,0.5933357398703389,0.5958490576774674,0.5896469466711235,0.10370505101948016,-0.00895863915033246,0.004094184996717987,-0.00531029853512166,0.0009323887634350436,0.01586060132050418,130.04872131347656
2003,2019-12-18,0.5938627368362714,0.596375992789296,0.5971056856539797,0.5902144580751646,0.09565470452354535,0.00405367055860939,0.0030402529189570426,0.00125662797651227,0.0005675114040410989,-0.008050346495934807,130.71502685546875
2004,2019-12-19,0.5958084813852548,0.5878633217286787,0.5958084813852548,0.5849446739781516,0.13011513486967752,0.0019457445489833303,-0.00851267106061726,-0.0012972042687249274,-0.005269784097012953,0.034460430346132165,128.8492431640625
2005,2019-12-20,0.597429986721161,0.5982001940239534,0.5990109157648544,0.5887551341999011,0.24756361519853035,0.0016215053359062148,0.01033687229527469,0.0032024343795996613,0.0038104602217494676,0.11744848032885283,131.11492919921875
2006,2019-12-23,0.5986460384054606,0.6019700779534901,0.6020916831219202,0.5949977596443538,0.08535986467560341,0.0012160516842996127,0.0037698839295366993,0.00308076735706575,0.006242625444452643,-0.16220375052292693,131.94122314453125
2007,2019-12-24,0.6027807996943912,0.5978353166645595,0.6031861914918938,0.597065109361767,0.03514796558686044,0.004134761288930644,-0.004134761288930644,0.0010945083699736013,0.0020673497174132915,-0.050211899088742976,131.03494262695312
2008,2019-12-26,0.599537850876683,0.6008350551454079,0.6008755695835165,0.5958490576774674,0.057363720693355644,-0.0032429488177082577,0.002999738480848446,-0.002310621908377275,-0.0012160516842996127,0.022215755106495205,131.69241333007812
2009,2019-12-27,0.6025375893575313,0.6010782654822678,0.6037131266037222,0.5999027282360768,0.05618508885210717,0.002999738480848335,0.00024321033685992255,0.0028375570202057165,0.00405367055860939,-0.001178631841248473,131.74574279785156
2010,2019-12-30,0.6016457768863089,0.5979974981252021,0.6018484727850602,0.5959300865536847,0.06508666945561033,-0.0008918124712223863,-0.00308076735706575,-0.0018646538186620765,-0.003972641682392086,0.008901580603503156,131.07046508789062
2011,2019-12-31,0.5976326207658083,0.5986460384054606,0.6008755695835165,0.5950382740824625,0.07102711944560651,-0.004013156120500683,0.0006485402802585138,-0.0009729032015436401,-0.0008918124712222752,0.005940449989996183,131.21263122558594
2012,2020-01-02,0.6039969132327948,0.6101990242391389,0.6102801149694601,0.5998621519438642,0.12047872824169228,0.006364292466986554,0.011552985833678253,0.009404545385943597,0.004823877861401704,0.049451608796085775,133.74481201171875
2013,2020-01-03,0.6030645863234638,0.6017268676166302,0.6078884641848656,0.5977137114961295,0.11279215700540206,-0.0009323269093309827,-0.008472156622508664,-0.002391650784594468,-0.0021484404477346564,-0.007686571236290227,131.88787841796875
2014,2020-01-06,0.5969840804855497,0.6013214758191278,0.6022132882903501,0.5940248564428101,0.09274814019898507,-0.006080505837914085,-0.00040539179750243015,-0.005675175894515494,-0.0036888550533193953,-0.020044016806416987,131.79905700683594
2015,2020-01-07,0.597308381552731,0.5933763161625516,0.5982001940239534,0.5898495807157708,0.10338129103839648,0.00032430106718128737,-0.007945159656576162,-0.004013094266396733,-0.0041752757270393515,0.01063315083941141,130.0575714111328
2016,2020-01-08,0.595200455543105,0.5986460384054606,0.6022538645825627,0.5937006172297328,0.07832808890667346,-0.00210792600962606,0.005269722242909003,0.004053670558609279,0.003851036513962014,-0.025053202131723018,131.21263122558594
2017,2020-01-09,0.5991730353713931,0.5971462000920884,0.5998216375057556,0.5939032512743802,0.08266792775423343,0.003972579828288136,-0.0014998383133721926,-0.0024322270768071252,0.00020263404464737622,0.004339838847559965,130.88389587402344
2018,2020-01-10,0.5977137114961295,0.5923628985228993,0.5988082198661032,0.5911467849844957,0.08707688390112589,-0.0014593238752635962,-0.004783301569189158,-0.0010134176396523475,-0.0027564662898844627,0.004408956146892462,129.8354949951172
2019,2020-01-13,0.5939843420047014,0.5951599411049964,0.595200455543105,0.5900117621764134,0.12205387511595336,-0.003729369491428103,0.00279704258209712,-0.0036077643229982526,-0.0011350228080823088,0.034976991214827474,130.44854736328125
2020,2020-01-14,0.5977137114961295,0.5945923678468512,0.5998621519438642,0.593092529533479,0.0997544516997399,0.003729369491428103,-0.0005675732581451598,0.0046616964007591966,0.003080767357065639,-0.022299423416213465,130.32412719726562
2021,2020-01-15,0.5927277140281891,0.5900928529067346,0.5948356400378151,0.5885929527392585,0.0960548573091544,-0.004985997467940373,-0.004499514940116578,-0.00502651190604908,-0.004499576794220528,-0.003699594390585495,129.3379364013672
2022,2020-01-16,0.5935789502071989,0.599416245708253,0.599659456045113,0.5928088047585105,0.11171174448425762,0.0008512361790097289,0.009323392801518393,0.004823816007297865,0.004215852019252009,0.015656887175103218,131.3814697265625
2023,2020-01-17,0.5967408701486898,0.5990514302029631,0.6010377510441591,0.594268128633774,0.12119172775059568,0.003161919941490954,-0.0003648155052898838,0.0013782949990461812,0.0014593238752634852,0.00947998326633806,132.2224884033203
2024,2020-01-21,0.5967002938564772,0.5912278757148169,0.599416245708253,0.5905792735804545,0.090096218556176,-4.057629221265735e-05,-0.0078235544881462,-0.0016215053359061038,-0.0036888550533195064,-0.031095509194419682,130.49566650390625
2025,2020-01-22,0.5928493191966191,0.5781750515677665,0.5941059471731314,0.5777291453321552,0.13104639953436767,-0.003850974659858064,-0.013052824147050446,-0.00531029853512166,-0.01285012824829923,0.04095018097819167,127.61466979980467
2026,2020-01-23,0.5748510120197369,0.5786614722414863,0.5805261879142524,0.5667031564644095,0.11577875188708416,-0.017998307176882222,0.0004864206737198451,-0.013579759258878998,-0.01102598886774575,-0.015267647647283514,127.72206115722656
2027,2020-01-24,0.5778507505005852,0.5690542928108955,0.5784587763427351,0.5645141397244622,0.09189690609141672,0.002999738480848335,-0.009607179430590862,-0.0020674115715172414,-0.0021890167399473137,-0.023881845795667433,125.60154724121094
2028,2020-01-27,0.55494747473198,0.5502046876008995,0.5586363297852994,0.5495561473206411,0.10624056457920297,-0.02290327576860518,-0.018849605209996012,-0.019822446557435702,-0.014957992403821119,0.014343658487786251,121.44103240966795
2029,2020-01-28,0.5554339572598038,0.5542989344517215,0.5577850936062897,0.5497587813652883,0.10054020626057222,0.000486482527823795,0.0040942468508220475,-0.0008512361790097289,0.0002026340446472652,-0.005700358318630749,122.34471893310548
2030,2020-01-29,0.557744517314077,0.5504073834996508,0.5584336338865482,0.5499614772640395,0.095309118026883,0.002310560054273214,-0.0038915509520707214,0.0006485402802585138,0.00020269589875121508,-0.0052310882336892295,121.48580169677734
2031,2020-01-30,0.5462726222107201,0.548745363725636,0.5511775908024432,0.5387733687897551,0.14051183179031995,-0.011471895103356888,-0.0016620197740148113,-0.0072560430841049905,-0.01118810847428442,0.04520271376343696,121.11894989013672
2032,2020-01-31,0.5424622238430746,0.5324496526149812,0.5472050109741551,0.5291661275050603,0.2468469779370305,-0.0038103983676455178,-0.016295711110654754,-0.003972579828288136,-0.009607241284694812,0.10633514614671055,117.52215576171876
2033,2020-02-03,0.5328144681202711,0.526044845709886,0.5397867864294075,0.5241396155990112,0.15952636461194275,-0.00964775572280352,-0.006404806905095262,-0.007418224544747609,-0.00502651190604908,-0.08732061332508775,116.10848999023438
2034,2020-02-04,0.5391381842950451,0.5412055340124584,0.5463537129410414,0.5378409800263202,0.12737954491715017,0.006323716174774008,0.015160688302572445,0.00656692651163393,0.01370136442730896,-0.03214681969479258,119.45476531982422
2035,2020-02-05,0.5494750565903197,0.5571364914719272,0.5572580966403572,0.5490291503547086,0.16181087324251078,0.01033687229527458,0.01593095745946882,0.01090438369931579,0.01118817032838837,0.03443132832536061,122.9710464477539
2036,2020-02-06,0.560217258828993,0.5563662841691348,0.5607442557949255,0.5518261929368057,0.08307899379763183,0.010742202238673282,-0.000770207302792425,0.0034861591545682913,0.00279704258209712,-0.07873187944487896,122.80105590820312
2037,2020-02-07,0.5514613155774117,0.5406380226084172,0.5532855168120692,0.5391381842950451,0.13868204223430763,-0.008755943251581244,-0.015728261560717605,-0.007458738982856317,-0.012688008641760562,0.05560304843667581,119.32949829101562
2038,2020-02-10,0.5393003039015837,0.5444890591223793,0.544529573560488,0.5382463718238227,0.08481783953873297,-0.01216101167582806,0.003851036513962125,-0.008755943251581133,-0.0008918124712223863,-0.05386420269557467,120.17950439453124
2039,2020-02-11,0.5492318462534598,0.5520694032736656,0.5562851934388136,0.5474887357491237,0.08664762909474527,0.0099315423518761,0.007580344151286278,0.011755619878325518,0.009242363925300978,0.001829789556012304,121.85263061523438
2040,2020-02-12,0.561027980569894,0.5658518584312958,0.5672706678684507,0.5597713525933817,0.11720838865748741,0.011796134316434226,0.013782455157630213,0.010985474429637154,0.01228261684425802,0.030560759562742137,124.8946762084961
2041,2020-02-13,0.5675138782053106,0.5663788553972283,0.5695407134846153,0.561149585738324,0.12072973317084705,0.0064858976354166264,0.0005269969659325024,0.0022700456161646176,0.0013782331449422314,0.003521344513359642,125.01102447509766
2042,2020-02-14,0.5654465284878972,0.5593660226499833,0.5659734635997258,0.5549069602938713,0.10234453154840939,-0.0020673497174134026,-0.007012832747245068,-0.003567249884889545,-0.006242625444452643,-0.01838520162243766,123.4631576538086
2043,2020-02-18,0.5572175822022486,0.553650332317359,0.5617171589964691,0.547569826479445,0.1407701122246676,-0.00822894628564863,-0.0057156903326242015,-0.004256304603256655,-0.007337133814426355,0.0384255806762582,122.20158386230467
2044,2020-02-19,0.5545015684963688,0.5547853551254414,0.5562041645625962,0.5515424063077331,0.07766238018152385,-0.002716013705879816,0.0011350228080823088,-0.005512994433872875,0.003972579828288136,-0.06310773204314374,122.4521255493164
2045,2020-02-20,0.5523531280486341,0.55506907990041,0.56301430141109,0.5521099177117742,0.09742629003801452,-0.0021484404477346564,0.00028372477496863,0.006810136848493742,0.0005675114040410989,0.019763909856490666,122.51473236083984
2046,2020-02-21,0.5533260312501779,0.5562041645625962,0.5571364914719272,0.5476914316478749,0.10387966314410957,0.0009729032015437511,0.0011350846621862587,-0.005877809939162759,-0.004418486063899274,0.006453373106095048,122.7652359008789
2047,2020-02-24,0.5372329541841704,0.5357736303089068,0.5426243434496133,0.535287209635187,0.1806071409083468,-0.01609307706600749,-0.02043053425368946,-0.014512148022313931,-0.012404222012687982,0.07672747776423725,118.25584411621094
2048,2020-02-25,0.5390165791266152,0.5229235020606077,0.5397056956990862,0.5198832491416506,0.17607450117317522,0.0017836249424447725,-0.01285012824829912,-0.0029186477505270814,-0.015403960493536317,-0.004532639735171595,115.41956329345705
2049,2020-02-26,0.5255583631820621,0.5198832491416506,0.5309903287397176,0.5170456921214448,0.14196329507630187,-0.013458215944553098,-0.0030402529189570426,-0.008715366959368587,-0.0028375570202058276,-0.03411120609687335,114.74849700927734
2050,2020-02-27,0.5091410159759254,0.4996959561518731,0.5210182719497329,0.4994932911801738,0.26806598883209953,-0.016417347206136634,-0.020187292989777506,-0.009972056789984696,-0.017552400941270974,0.12610269375579766,110.29276275634766
2051,2020-02-28,0.48469738745583923,0.5036280215420524,0.5036280215420524,0.48250840164294395,0.3019589297731861,-0.02444362852008619,0.003932065390179318,-0.017390250407680496,-0.016984889537229875,0.03389294094108658,111.16065979003906
2052,2020-03-02,0.5069115157249214,0.5172483570931441,0.5183833799012264,0.4986420240741122,0.22191018388839376,0.0222141282690822,0.013620335551091656,0.014755358359173965,0.016133622431168226,-0.08004874588479235,114.16693878173828
2053,2020-03-03,0.5148161609433889,0.5041955329460936,0.5251935476767722,0.5017633367963384,0.23129194783462775,0.007904645218467454,-0.013052824147050446,0.006810167775545772,0.003121312722226266,0.009381763946233995,111.28592681884766
2054,2020-03-04,0.5110462460868002,0.5164376353522431,0.5165997858858336,0.5039117772440731,0.1846050310118409,-0.0037699148565887297,0.012242102406149424,-0.008593761790938625,0.0021484404477346564,-0.04668691682278686,113.9879913330078
2055,2020-03-05,0.4992095354781533,0.49442620298191214,0.5061007630569684,0.4914670098662244,0.21882173193401117,-0.011836710608646883,-0.02201143237033093,-0.010499022828865168,-0.01244476737784872,0.03421670092217027,109.129638671875
2056,2020-03-06,0.482386796474514,0.4921561573657475,0.49393975138114027,0.4816976799020428,0.20982193201040397,-0.016822739003639287,-0.0022700456161646176,-0.012161011675828115,-0.009769329964181561,-0.008999799923607193,108.62859344482422
2057,2020-03-09,0.45802422775769713,0.4218654937973942,0.45802422775769713,0.42170334326380354,0.31416358973426217,-0.024362568716816857,-0.07029066356835334,-0.035915523623443135,-0.059994336638239276,0.1043416577238582,93.1140365600586
2058,2020-03-10,0.4403907670131569,0.43167536912673626,0.4420933012252804,0.401759291537938,0.30168609832845267,-0.017633460744540252,0.009809875329342077,-0.015930926532416734,-0.019944051725865553,-0.012477491405809504,95.27928161621094
2059,2020-03-11,0.42077101635447245,0.4081640984430332,0.4246219910143306,0.40565081156295674,0.23803997890103495,-0.01961975065868443,-0.023511270683703067,-0.017471310210949775,0.0038915200250187465,-0.06364611942741771,90.0898895263672
2060,2020-03-12,0.3790181972299753,0.3739916543968743,0.38218005531736227,0.35469617387831914,0.37417559431783043,-0.04175281912449713,-0.03417244404615888,-0.04244193569696836,-0.050954637684637594,0.13613561541679547,82.54734802246094
2061,2020-03-13,0.3988406437874109,0.4039077319856726,0.40500224035564625,0.36539786167888366,0.3171610978737336,0.01982244655743559,0.029916077588798273,0.022822185038283982,0.010701687800564519,-0.05701449644409684,89.15042114257812
2062,2020-03-16,0.3607766797162332,0.3786533817246854,0.4290810224433905,0.3587498444369285,0.3601011295221812,-0.038063964071177736,-0.025254350260987213,0.024078782087744277,-0.006648017241955184,0.04294003164844762,83.57626342773438
2063,2020-03-17,0.3891929189916594,0.40617777760183726,0.40715068080338085,0.37686975678224066,0.26214008985248916,0.028416239275426247,0.027524395877151886,-0.021930341640009676,0.018119912345312184,-0.09796103966969205,89.65145874023438
2064,2020-03-18,0.3810044871441193,0.40585350746170806,0.41732537163801303,0.3774372681862818,0.25446443187398826,-0.008188431847540145,-0.0003242701401292014,0.010174690834632183,0.0005675114040411544,-0.007675657978500894,89.57989501953125
2065,2020-03-19,0.4022457431387098,0.41756861290192493,0.4232032125042277,0.3942194618247604,0.24994270539660599,0.021241255994590535,0.011715105440216866,0.005877840866214679,0.016782193638478604,-0.004521726477382276,92.16566467285156
2066,2020-03-20,0.4180145191375361,0.387125538347194,0.4215411927302129,0.3816936346436424,0.2782989868859019,0.015768775998826312,-0.030443074554730942,-0.0016620197740148113,-0.012525827181117999,0.028356281489295893,85.44625091552734
2067,2020-03-23,0.38063967163882945,0.37232963462285945,0.39012524590099035,0.36742469695818836,0.24509358118554356,-0.037374847498706676,-0.014795903724334536,-0.03141594682922255,-0.014268937685454064,-0.03320540570035832,82.1805191040039
2068,2020-03-24,0.38939558396335866,0.41079895956448775,0.4135960021465848,0.3857878196403605,0.26981574783099,0.008755912324529214,0.0384693249416283,0.02347075624559447,0.01836312268217216,0.024722166645446436,90.67146301269533
2069,2020-03-25,0.4101098429920167,0.42429768994714945,0.4398232556091157,0.3992865500230221,0.23929500354680877,0.020714259028658033,0.013498730382661694,0.02622725346253091,0.013498730382661583,-0.030520744284181223,93.65088653564452
2070,2020-03-26,0.42502735188478113,0.44793059672633445,0.44983582683720913,0.41708216130115305,0.22043325633423672,0.014917508892764442,0.023632906779185003,0.010012571228093403,0.01779561127813095,-0.018861747212572055,98.86713409423828
2071,2020-03-27,0.42332481767265767,0.42741903359642763,0.4444444375717662,0.4191495419456184,0.20904345295476454,-0.0017025342121234632,-0.020511563129906818,-0.005391389265442914,0.002067380644465322,-0.01138980337947218,94.3398208618164
2072,2020-03-30,0.43102679791942583,0.45283553439100555,0.4574161709884954,0.42535165295196237,0.20828316266210736,0.007701980246768159,0.025416500794577912,0.012971733416729192,0.006202111006343991,-0.0007602902926571731,99.9497528076172
2073,2020-03-31,0.44886295456271746,0.4703879353322765,0.4739146398520054,0.4469577244518428,0.3263355099219702,0.017836156643291634,0.017552400941270974,0.016498468863509974,0.02160607149988042,0.11805234725986283,103.82392120361328
2074,2020-04-01,0.45437591806953836,0.451376210515742,0.4732660377176429,0.44387692616772506,0.24907692027865186,0.0055129635068209,-0.019011724816534514,-0.0006486021343624637,-0.003080798284117725,-0.07725858964331833,99.62764739990234
2075,2020-04-02,0.45088978984202216,0.47322549235248224,0.48044102099847863,0.45048439804451956,0.29489441423088814,-0.0034861282275162053,0.02184928183674023,0.007174983280835712,0.006607471876794502,0.04581749395223628,104.45021057128906
2076,2020-04-03,0.46819894951938124,0.46483439553324307,0.47363085322293286,0.45449755416502036,0.1832117717674021,0.017309159677359076,-0.008391096819239163,-0.006810167775545772,0.004013156120500794,-0.11168264246348603,102.59812927246094
2077,2020-04-06,0.48660261756671397,0.48818354661040747,0.4934533307074204,0.47886009195478507,0.2104658142199749,0.018403668047332733,0.0233491510771644,0.019822477484487566,0.024362537789764716,0.02725404245257279,107.7517547607422
2078,2020-04-07,0.49815557247334025,0.49422350708316093,0.5221127803197065,0.48850784767758876,0.3088415576856618,0.011552954906626278,0.006039960472753458,0.028659449612286114,0.009647755722803686,0.0983757434656869,109.08489227294922
2079,2020-04-08,0.49856093334379076,0.5164376353522431,0.519599462512578,0.49065628812532336,0.17046872442205205,0.0004053608704505107,0.022214128269082145,-0.00251331780712849,0.002148440447734601,-0.13837283326360975,113.9879913330078
2080,2020-04-09,0.5215046926234528,0.5068304249946002,0.5253557291374148,0.4992095354781533,0.17286964113570635,0.022943759279662024,-0.009607210357642892,0.005756266624836748,0.008553247352829918,0.0024009167136543053,111.86750030517578
2081,2020-04-13,0.48623777113437217,0.46268595508550836,0.4866431629318746,0.4604159094693437,0.3826770221357246,-0.035266921489080616,-0.04414446990909182,-0.0387125662055402,-0.03879362600880959,0.20980738100001822,102.12393951416016
2082,2020-04-14,0.4722526200779906,0.4721715602747213,0.4776845237815422,0.4641858243259326,0.26069226431910364,-0.01398515105638154,0.009485605189212931,-0.008958639150332404,0.0037699148565888962,-0.12198475781662094,104.21760559082033
2083,2020-04-15,0.4579026225892672,0.45210587245337375,0.4584701339933084,0.4450930397061286,0.20563487877189474,-0.014349997488723398,-0.020065687821347544,-0.01921438978823381,-0.01909278461980396,-0.055057385547208904,99.78870391845705
2084,2020-04-16,0.4534030457950467,0.4589565855940802,0.45997000323373255,0.44128257948437927,0.21558776987577075,-0.004499576794220528,0.006850713140706455,0.0014998692404241676,-0.0038104602217493566,0.00995289110387601,101.30078125
2085,2020-04-17,0.4639425830620207,0.4714418983370895,0.4724147706115812,0.46151038691226537,0.15032285054293457,0.010539537266973986,0.012485312743009291,0.012444767377848664,0.020227807427886102,-0.06526491933283618,105.01190185546876
2086,2020-04-20,0.4639020686239119,0.4645506398312224,0.47456321105931587,0.45449755416502036,0.1485585405336583,-4.0514438108762985e-05,-0.006891258505867082,0.0021484404477346564,-0.0070128327472450125,-0.0017643100092762654,103.47686767578124
2087,2020-04-21,0.45011958253922973,0.445295704677828,0.45011958253922973,0.44022861647956624,0.20892704487167826,-0.013782486084682188,-0.019254935153394437,-0.024443628520086136,-0.01426893768545412,0.06036850433801996,99.18791198730467
2088,2020-04-22,0.45413270773267844,0.4484981081303756,0.454416463434699,0.4427013579944821,0.13801633350915804,0.004013125193448708,0.003202403452547631,0.004296880895469257,0.0024727415149158882,-0.07091071136252022,99.9012222290039
2089,2020-04-23,0.4512951507124726,0.45769995761756793,0.4671044720764596,0.44975473610688793,0.1289728805543935,-0.0028375570202058276,0.009201849487192326,0.012688008641760617,0.007053378112405806,-0.009043452954764553,101.9509048461914
2090,2020-04-24,0.46207789831630647,0.4622805942150578,0.46365882735999997,0.45080869911170085,0.11078047981956747,0.010782747603833853,0.004580636597489862,-0.0034456447164596393,0.001053963004812919,-0.018192400734826017,102.97122192382812
2091,2020-04-27,0.4493493752364373,0.4669828359809777,0.47075275083756635,0.44480928400410813,0.1944306007748413,-0.012728523079869158,0.004702241765919879,0.007093923477566377,-0.0059994151075927205,0.08365012095527384,104.01863861083984
2092,2020-04-28,0.4777656145118635,0.46803679898579065,0.47833312591590466,0.4595646423632821,0.2038814820204078,0.02841623927542619,0.0010539630048129744,0.007580375078338308,0.014755358359173965,0.009450881245566478,104.25340270996094
2093,2020-04-29,0.4741173048237047,0.48668367736998336,0.489764475654101,0.4723742252464206,0.1550082758871569,-0.003648309688158824,0.01864687838419271,0.011431349738196317,0.012809582883138493,-0.048873206133250885,108.40692138671876
2094,2020-04-30,0.47833312591590466,0.4717661684772187,0.479346543555557,0.46750983294691006,0.14698339365939722,0.004215821092199978,-0.014917508892764664,-0.01041793209854397,-0.004864392299510523,-0.008024882227759683,105.08411407470705
2095,2020-05-01,0.4621184436814672,0.4494709804048672,0.4645100944660618,0.448214352428355,0.14406955382964404,-0.01621468223443745,-0.02229518807235148,-0.014836449089495218,-0.019295480518555064,-0.0029138398297531842,100.1179428100586
2096,2020-05-04,0.4459848212502991,0.4366613975217287,0.44703878425511206,0.4320402155590782,0.16372433110824133,-0.016133622431168115,-0.012809582883138493,-0.01747131021094972,-0.016174136869276823,0.019654777278597296,97.26466369628906
2097,2020-05-05,0.44282296316291203,0.4414852753831305,0.450322247510929,0.44079612788360734,0.12649920878881027,-0.0031618580873870594,0.00482387786140176,0.0032834632558169097,0.008755912324529158,-0.037225122319431064,98.33914184570312
2098,2020-05-06,0.4460253666154597,0.4364587016229775,0.44687663372152137,0.43252663623279813,0.16243656668909948,0.0032024034525476863,-0.005026573760152975,-0.003445613789407609,-0.008269491650809202,0.03593735790028921,97.21949768066406
2099,2020-05-07,0.4419311506916897,0.43491831794444463,0.44610645734578097,0.4328509372999793,0.15925717091980574,-0.004094215923770017,-0.001540383678532875,-0.0007701763757403945,0.00032430106718117635,-0.0031793957692937413,96.87638092041016
2100,2020-05-08,0.4417284857199904,0.4544570087998597,0.4548218243051496,0.4390125338682146,0.1422834173047891,-0.00020266497169929565,0.019538690855415042,0.008715366959368642,0.006161596568235284,-0.01697375361501663,101.22855377197266
2101,2020-05-11,0.4465523635813922,0.4402691618447269,0.4490250741692561,0.4385260822674428,0.15305116499026902,0.004823877861401815,-0.014187846955132755,-0.005796750135893536,-0.00048645160077182004,0.010767747685479917,98.06827545166016
2102,2020-05-12,0.44229599712403156,0.42563540865398297,0.4431878095952539,0.42563540865398297,0.14093017333891122,-0.004256366457360661,-0.014633753190743948,-0.005837264574002188,-0.012890673613459802,-0.012120991651357799,94.80866241455078
2103,2020-05-13,0.42620292005802407,0.42352751357140894,0.4268109768272259,0.41570392815621077,0.19556921733752888,-0.01609307706600749,-0.0021078950825740295,-0.016376832768027982,-0.009931480497772205,0.05463904399861766,94.3391571044922
2104,2020-05-14,0.41550123225745955,0.4304592865153847,0.4308241020206746,0.4062588683321585,0.20161879990541842,-0.010701687800564519,0.006931772943975734,0.004013125193448708,-0.009445059824052249,0.006049582567889539,95.8831558227539
2105,2020-05-15,0.4263650705916147,0.43747211926262985,0.43775587496465035,0.4227167609034559,0.23947689117663107,0.010863838334155163,0.007012832747245179,0.006931772943975734,0.016457892571297372,0.037858091271212646,97.44522857666016
2106,2020-05-18,0.45490291503547087,0.4662531740433459,0.4688475516537437,0.45405164792940916,0.2038414667418469,0.028537844443856153,0.02878105478071602,0.03109167668909335,0.03133488702595327,-0.03563542443478418,103.85611724853516
2107,2020-05-19,0.4659694183413254,0.45433540363142966,0.46795573918252126,0.45405164792940916,0.12386183815638699,0.011066503305854514,-0.011917770411916218,-0.0008918124712224418,0.0,-0.0799796285854599,101.2014617919922
2108,2020-05-20,0.45932140109937014,0.4689691568221736,0.4762252308333306,0.45826746902160903,0.13589552374543007,-0.00664801724195524,0.014633753190743948,0.008269491650809369,0.004215821092199867,0.01203368558904308,104.4610824584961
2109,2020-05-21,0.4659694183413254,0.4623616540183272,0.468928611457013,0.4613887817438354,0.08520707906655269,0.00664801724195524,-0.006607502803846421,-0.007296619376317648,0.003121312722226377,-0.050688444678877384,102.9892807006836
2110,2020-05-22,0.4626454097203476,0.4559163326751232,0.46276704581582967,0.4518626621165138,0.09949617126539224,-0.0033240086209777586,-0.006445321343203969,-0.006161565641183309,-0.009526119627321583,0.01428909219883956,101.55360412597656
2111,2020-05-26,0.4701447249954166,0.4759414751313101,0.48060317153206933,0.4701447249954166,0.152243583913858,0.007499315275068974,0.020025142456186862,0.01783612571623966,0.01828206287890277,0.05274741264846576,106.01412963867188
2112,2020-05-27,0.48530544422504107,0.4962503423624656,0.49653409806448606,0.48453523692224865,0.16234198512159187,0.015160719229624475,0.020308867231155547,0.015930926532416734,0.01439051192683205,0.010098401207733865,110.53784942626952
2113,2020-05-28,0.5056954021865179,0.4894401745869197,0.506019703253699,0.4875754898412057,0.13618654395314575,0.0203899579614768,-0.006810167775545939,0.009485605189212987,0.0030402529189570426,-0.02615544116844612,109.02092742919922
2114,2020-05-29,0.4849405977926991,0.4869674330720038,0.4893185694184898,0.47659004633862057,0.15347678204405318,-0.02075480439381877,-0.0024727415149158882,-0.01670113383520927,-0.010985443502585124,0.017290238090907434,108.47012329101562
2115,2020-06-01,0.4858729556290822,0.4884673023124281,0.49130485933263385,0.47675219687221115,0.0775314210880518,0.0009323578363831242,0.0014998692404242786,0.001986289914144068,0.00016215053359058818,-0.07594536095600138,108.8042221069336
2116,2020-06-02,0.49389920601597964,0.4998986520506244,0.501925487329929,0.491629160399815,0.10831408355917714,0.008026250386897416,0.011431349738196317,0.010620627997295184,0.01487696352760387,0.030782662471125335,111.35050964355467
2117,2020-06-03,0.5085329592067237,0.5151809764486788,0.5162349394534917,0.5067493651913308,0.13505520289565107,0.014633753190744059,0.015282324398054381,0.014309452123562716,0.015120204791515823,0.026741119336473926,114.75458526611328
2118,2020-06-04,0.5083708396001849,0.522761382454069,0.5230451072290376,0.5056548568213571,0.11192273413485149,-0.00016211960653877977,0.007580406005390228,0.006810167775545883,-0.0010945083699737124,-0.02313246876079958,116.44308471679688
2119,2020-06-05,0.558798511245942,0.5477319460859836,0.5649600459600734,0.5407191133387386,0.20341948744065916,0.05042767164575712,0.024970563631914633,0.0419149387310358,0.03506425651738143,0.09149675330580767,122.00519561767578
2120,2020-06-08,0.5485427296809887,0.5582715142800095,0.5672706678684507,0.5485427296809887,0.15057385547208935,-0.010255781564953326,0.010539568194025906,0.002310621908377275,0.00782361634225015,-0.05284563196856981,124.35284423828124
2121,2020-06-09,0.547326616142585,0.5439620621564468,0.5489075451862786,0.5399894823281588,0.1389475981738482,-0.0012161135384036736,-0.014309452123562716,-0.018363122682172106,-0.008553247352829918,-0.011626257298241155,121.16548919677734
2122,2020-06-10,0.5420568320455721,0.5368681386788805,0.5487859400178486,0.5292472182353816,0.146190363593372,-0.005269784097012953,-0.007093923477566322,-0.00012160516842996127,-0.010742264092777232,0.007242765419523817,119.58531951904295
2123,2020-06-11,0.5124245101587943,0.4927236687697886,0.5141675588090264,0.49260203267430674,0.21714836573964605,-0.02963232188677778,-0.04414446990909188,-0.03461838120882221,-0.03664518556107482,0.07095800214627404,109.75231170654295
2124,2020-06-12,0.5042766236764149,0.4992095354781533,0.5073979363986414,0.4838055749846169,0.16343331090052565,-0.008147886482379407,0.0064858667083646515,-0.006769622410385034,-0.00879645768968984,-0.053715054839120396,111.19700622558594
2125,2020-06-15,0.48040050656037003,0.5010742202238673,0.5041955329460936,0.47837367128106534,0.14889685152512777,-0.02387611711604487,0.001864684745713996,-0.003202403452547742,-0.005431903703551566,-0.014536459375397881,111.6123504638672
2126,2020-06-16,0.5325306814911985,0.5274230788548282,0.5368681386788805,0.5123434194284731,0.2507284599574383,0.0521301749308285,0.026348858630960925,0.03267260573278685,0.03396974814740772,0.10183160843231054,117.48147583007812
2127,2020-06-17,0.5276257747535794,0.5198021584113293,0.5288824027300917,0.5178969592275067,0.1174302915658706,-0.004904906737619119,-0.007620920443498935,-0.007985735948788819,0.005553539799033613,-0.13329816839156772,115.78392028808594
2128,2020-06-18,0.5153836723474301,0.5172078117279835,0.5228424113302863,0.5136000474049853,0.08976882082249586,-0.012242102406149313,-0.002594346683345794,-0.006039991399805378,-0.004296911822521343,-0.027661470743374744,115.20606994628906
2129,2020-06-19,0.526977172619217,0.516680845689103,0.526977172619217,0.5096680129418579,0.23601738845741102,0.01159350027178685,-0.000526966038880472,0.004134761288930644,-0.0039320344631273985,0.14624856763491517,115.08866119384766
2130,2020-06-22,0.5122218142600431,0.5099112232787179,0.5127082658608149,0.505087345417316,0.10208625111406174,-0.014755358359173854,-0.0067696224103851455,-0.014268906758402089,-0.004580667524541893,-0.13393113734334927,113.58078002929688
2131,2020-06-23,0.5163970899870823,0.5117759080244318,0.5171267519247141,0.5100733738123083,0.08574546645082667,0.0041752757270392404,0.001864684745713996,0.004418486063899274,0.004986028394992292,-0.01634078466323506,113.9961166381836
2132,2020-06-24,0.5058575527201085,0.4947910184872021,0.5060602176918078,0.49385869157787093,0.1370159515451354,-0.010539537266973875,-0.016984889537229764,-0.011066534232906378,-0.016214682234437394,0.05127048509430873,110.2127914428711
2133,2020-06-25,0.4929668791066486,0.5055332516529272,0.506019703253699,0.4896834158508316,0.10561850888521071,-0.012890673613459858,0.01074223316572509,-4.0514438108707473e-05,-0.0041752757270393515,-0.031397442659924696,112.60559844970705
2134,2020-06-26,0.5039928679743944,0.4961287371940356,0.5044387742100055,0.4923182769722862,0.1326251841612252,0.01102598886774575,-0.009404514458891566,-0.0015809290436935575,0.0026348611214546125,0.027006675276014497,110.5107650756836
2135,2020-06-29,0.5015201264594785,0.5077222374658226,0.5109246409183702,0.49973650151703375,0.10180978191673185,-0.0024727415149158327,0.01159350027178696,0.006485866708364707,0.007418224544747554,-0.030815402244493362,113.09319305419922
2136,2020-06-30,0.5026956946327216,0.5127893256640842,0.5150593712802489,0.5026956946327216,0.1010858691500391,0.0011755681732430467,0.005067088198261627,0.0041347303618787246,0.0029591931156878193,-0.0007239127666927442,114.22186279296876
2137,2020-07-01,0.5244639166661924,0.5110057007216395,0.5245449455424098,0.5102760387840076,0.10214081740300843,0.02176822203347084,-0.0017836249424446615,0.0094855742621609,0.007580344151286056,0.001054948252969326,113.82454681396484
2138,2020-07-02,0.5198832491416506,0.517734808693916,0.5283554057641592,0.5155863682461812,0.09194419687517053,-0.004580667524541782,0.006729107972276438,0.0038104602217493566,0.00531032946217358,-0.010196620527837902,115.32342529296876
2139,2020-07-06,0.5275041695851495,0.5246665507108398,0.5290040078985216,0.5195589480744693,0.09064915695083578,0.007620920443498824,0.006931742016923814,0.0006486021343624637,0.003972579828288136,-0.0012950399243347455,116.8674545288086
2140,2020-07-07,0.5178158684971852,0.51562688268429,0.5219100844209553,0.5140054392024878,0.07341348514887502,-0.009688301087964257,-0.009039668026549763,-0.007093923477566322,-0.005553508871981583,-0.017235671801960756,114.8539047241211
2141,2020-07-08,0.5242612207674412,0.5193968284679308,0.5242612207674412,0.5126677204956542,0.08292257043598465,0.0064453522702559995,0.00376994578364076,0.0023511363464858714,-0.001337718706833524,0.009509085287109628,115.69365692138672
2142,2020-07-09,0.5170051467562842,0.5096680129418579,0.5202886409391532,0.5071952714269421,0.09689154040633696,-0.007256074011157021,-0.009728815526072854,-0.003972579828288025,-0.005472449068712137,0.01396896997035231,113.52660369873048
2143,2020-07-10,0.5106408852163495,0.5189103459401069,0.5198021584113293,0.5100328284471478,0.09790647338074537,-0.006364261539934635,0.009242332998248948,-0.000486482527823906,0.0028375570202057165,0.0010149329744084112,115.58528900146484
2144,2020-07-13,0.5246260362727311,0.5292877945275942,0.5354493292417256,0.5223154762184579,0.13490241728660035,0.01398515105638154,0.010377448587487348,0.01564717083039635,0.012282647771310051,0.03699594390585498,117.89683532714844
2145,2020-07-14,0.5282743768879419,0.5548664458557626,0.5566094945059947,0.5238558289699387,0.23793812182833446,0.003648340615210799,0.02557865132816839,0.021160165264269115,0.001540352751480789,0.10303570454173411,123.5943603515625
2146,2020-07-15,0.5682029947777817,0.5608658609633554,0.5682029947777817,0.5557987727650937,0.17880281562050965,0.03992861788983981,0.0059994151075928315,0.01159350027178696,0.031942943795155054,-0.05913530620782481,124.9307098388672
2147,2020-07-16,0.5606226506264955,0.5616765827042565,0.5715270343258113,0.5577850936062897,0.13174121028028885,-0.007580344151286167,0.0008107217409010214,0.0033240395480296225,0.0019863208411959876,-0.0470616053402208,125.11131286621094
2148,2020-07-17,0.5588795401221593,0.55494747473198,0.561149585738324,0.5534476364186078,0.0894232343258335,-0.001743110504336176,-0.006729107972276438,-0.010377448587487348,-0.004337457187681859,-0.04231797595445534,124.53821563720705
2149,2020-07-20,0.5503262927693294,0.5457456870988916,0.5551501706307312,0.5442457869314155,0.09014350933992979,-0.008553247352829918,-0.009201787633088432,-0.0059994151075927205,-0.009201849487192382,0.000720275014096286,122.47314453125
2150,2020-07-21,0.5463131985029327,0.5507721990049407,0.5560824975400623,0.5449349035038865,0.1171756488841194,-0.004013094266396733,0.00502651190604908,0.0009323269093310937,0.0006891165724710602,0.027032139544189607,123.6012191772461
2151,2020-07-22,0.5482589430519161,0.5552717757991612,0.5588795401221593,0.5480157327150562,0.07845904800014551,0.0019457445489834413,0.004499576794220528,0.002797042582097009,0.0030808292111697,-0.038716600883973884,124.6109848022461
2152,2020-07-23,0.55494747473198,0.5537314230476803,0.5574607925391085,0.5501236587246822,0.05870241364884774,0.006688531680063892,-0.0015403527514809001,-0.0014187475830508278,0.002107926009625949,-0.01975663435129777,124.26527404785156
2153,2020-07-24,0.5561635882703836,0.5577040028759684,0.562203579670189,0.5547448406873327,0.07407555612142819,0.0012161135384035626,0.003972579828288136,0.00474278713108045,0.004621181962650489,0.015373142472580446,125.1567840576172
2154,2020-07-27,0.5559608923716324,0.5670679719696994,0.5688921113502529,0.5555960768663424,0.09119481984030266,-0.00020269589875121508,0.00936396909373094,0.006688531680063892,0.0008512361790097289,0.01711926371887447,127.25819396972656
2155,2020-07-28,0.5632169973098413,0.5595281422565218,0.5674733637672019,0.5590822360209107,0.07384273995525564,0.00725610493820894,-0.0075398297131775704,-0.0014187475830509388,0.0034861591545682913,-0.017352079885047014,125.56614685058594
2156,2020-07-29,0.5617576734345778,0.5696623186530453,0.5718918498311012,0.5585958153471908,0.08506156896269484,-0.0014593238752634852,0.010134176396523475,0.004418486063899274,-0.0004864206737198451,0.011218829007439202,127.8404312133789
2157,2020-07-30,0.5637845087138824,0.5542583581595089,0.5638655994442038,0.5511775908024432,0.11144255079212063,0.002026835279304584,-0.015403960493536428,-0.008026250386897416,-0.007418224544747609,0.02638098182942579,124.38355255126952
2158,2020-07-31,0.5368275623866678,0.5386517636213252,0.5478535512544136,0.5278284706523307,0.2466723658124011,-0.02695694632721457,-0.015606594538183693,-0.016012048189790185,-0.02334912015011248,0.13522981502028047,120.88117980957033
2159,2020-08-03,0.5363006272748393,0.5341927012652133,0.5391381842950451,0.5314362349753289,0.1037159642772695,-0.0005269351118285526,-0.00445906235611182,-0.008715366959368476,0.0036077643229981415,-0.1429564015351316,119.88050842285156
2160,2020-08-04,0.5325306814911985,0.5331387691874523,0.5368681386788805,0.5296931244709928,0.08373378926499209,-0.00376994578364076,-0.001053932077761055,-0.0022700456161646176,-0.001743110504336065,-0.01998217501227742,119.64400482177734
2161,2020-08-05,0.5382463718238227,0.5471239202438338,0.5510559856340133,0.5375572552513516,0.10068571636443005,0.0057156903326242015,0.01398515105638154,0.014187846955132755,0.007864130780358747,0.016951927099437963,122.782470703125
2162,2020-08-06,0.5452997808632805,0.544772783897348,0.5480968234453775,0.5419757413152508,0.08899397951945288,0.007053409039457725,-0.0023511363464858714,-0.002959162188635789,0.004418486063899274,-0.011691736844977166,122.2548370361328
2163,2020-08-07,0.5431918548536544,0.5469212243450826,0.5476914316478749,0.5371924397460617,0.08089270448716783,-0.00210792600962606,0.0021484404477346564,-0.0004053917975025412,-0.004783301569189158,-0.008101275032285055,122.7369613647461
2164,2020-08-10,0.5502046876008995,0.5757023100528507,0.5762698214568918,0.5500019917021483,0.18849378853744156,0.007012832747245068,0.02878108570776805,0.028578389809016835,0.012809551956086573,0.10760108405027373,129.19589233398438
2165,2020-08-11,0.5838096511700693,0.577769659770264,0.5926466232978679,0.5767967565687203,0.1530038742065152,0.033604963569169866,0.0020673497174132915,0.01637680184097612,0.026794764866572063,-0.03548991433092635,129.65980529785156
2166,2020-08-12,0.5835258645409968,0.5779318412309066,0.5844176770122191,0.5729052674707535,0.09244256898088361,-0.0002837866290725799,0.00016218146064261862,-0.008228946285648742,-0.0038914890979667716,-0.06056130522563159,129.69618225097656
2167,2020-08-13,0.5739997758407271,0.5702298300570864,0.5786209578033776,0.5665815512959795,0.10694628858291348,-0.009526088700269608,-0.007702011173820189,-0.005796719208841505,-0.006323716174774008,0.014503719602029869,127.9677734375
2168,2020-08-14,0.5652843470272546,0.567351758598772,0.5711216425283088,0.5625278807373701,0.07415558667854999,-0.008715428813472537,-0.002878071458314424,-0.007499315275068863,-0.00405367055860939,-0.03279070190436349,127.3218994140625
2169,2020-08-17,0.5681219040474604,0.5623251848386189,0.5699461052821178,0.5606226506264955,0.08308626930282471,0.0028375570202058276,-0.00502657376015303,-0.0011755372461910163,-0.0019052301108746228,0.008930682624274724,126.19385528564452
2170,2020-08-18,0.56325751174795,0.560906375401464,0.5679597844409218,0.5597308381552731,0.056865348587642556,-0.004864392299510412,-0.0014188094371548887,-0.0019863208411959876,-0.0008918124712223863,-0.02622092071518216,125.8754653930664
2171,2020-08-19,0.5614333723673965,0.5594876278184132,0.5671895771381293,0.5572175822022486,0.06728023427126721,-0.00182413938055348,-0.0014187475830508278,-0.000770207302792425,-0.00251325595302454,0.010414885683624656,125.55702209472656
2172,2020-08-20,0.5513802867011944,0.5572986110784659,0.5593254463577706,0.5498803865337183,0.08292984594117754,-0.01005308566620211,-0.0021890167399473137,-0.007864130780358747,-0.007337195668530305,0.01564961166991033,125.06582641601562
2173,2020-08-21,0.5545421447885814,0.561149585738324,0.5634602076467012,0.5545421447885814,0.09183870204987359,0.003161858087387004,0.003850974659858064,0.004134761288930644,0.004661758254863146,0.008908856108696045,125.93006134033205
2174,2020-08-24,0.5665409750037669,0.5743240150538044,0.5766346369621816,0.5637845087138824,0.10628421761036032,0.011998830215185441,0.013174429315480407,0.013174429315480407,0.009242363925300978,0.014445515560486732,128.88656616210938
2175,2020-08-25,0.5783371711743052,0.5721755746060697,0.5874984443692849,0.5697028330911539,0.08976154531730297,0.011796196170538287,-0.0021484404477346564,0.010863807407103243,0.005918324377271467,-0.016522672293057344,128.4044189453125
2176,2020-08-26,0.569459622754294,0.5749321027500582,0.5774048442649741,0.5667436709025182,0.08657487404281634,-0.008877548420011205,0.0027565281439885236,-0.010093600104310818,-0.002959162188635678,-0.00318667127448663,129.0230255126953
2177,2020-08-27,0.5761482162884618,0.5811747281945109,0.5851067935846903,0.5727025715720022,0.1095072664108114,0.0066885935341678415,0.006242625444452643,0.007701949319716239,0.005958900669484013,0.02293239236799506,130.42396545410156
2178,2020-08-28,0.5848635832478304,0.5822287221263759,0.5912278757148169,0.5784182619046264,0.13454955528474508,0.008715366959368587,0.001053993931865005,0.006121082130126632,0.0057156903326242015,0.02504228887393367,130.66049194335938
2179,2020-08-31,0.5817017251604434,0.5768778472990416,0.5821071169579459,0.576715727692503,0.10500372869641136,-0.003161858087387004,-0.005350874827334318,-0.009120758756871017,-0.0017025342121234077,-0.029545826588333712,129.45970153808594
2180,2020-09-01,0.5742835006156958,0.5920385974557181,0.5923223222306866,0.57120273325863,0.09726986667636733,-0.007418224544747609,0.015160750156676506,0.010215205272740668,-0.005512994433872986,-0.00773386202004403,132.86195373535156
2181,2020-09-02,0.5953625751496436,0.6050914216027685,0.6062264444108508,0.5934573450387689,0.16426271849251534,0.02107907453394786,0.013052824147050446,0.013904122180164236,0.022254611780138878,0.066992851816148,135.7912139892578
2182,2020-09-03,0.6023348934587801,0.5949166689140325,0.6129149760909146,0.588998344536761,0.162938576547409,0.0069723183091364715,-0.010174752688736022,0.006688531680063781,-0.0044590005020078705,-0.0013241419451063274,133.50784301757812
2183,2020-09-04,0.6027807996943912,0.6006728736847653,0.6112124418787912,0.5919980211635054,0.1865948816820968,0.0004459062356111376,0.005756204770732798,-0.0017025342121234077,0.0029996766267443853,0.023656305134687805,134.79962158203125
2184,2020-09-08,0.5958895721155761,0.6020511686838115,0.6111313511484698,0.5907008787488844,0.17370996198548536,-0.006891227578815107,0.0013782949990461812,-8.109073032136482e-05,-0.0012971424146209776,-0.012884919696611458,135.1089324951172
2185,2020-09-09,0.6072398620505032,0.61895496749072,0.6302646811334344,0.6048482112659086,0.19444151403263063,0.011350289934927038,0.01690379880690851,0.01913332998496453,0.014147332517024158,0.020731552047145274,138.90237426757812
2186,2020-09-10,0.6161984393467316,0.6074830723873631,0.6212250131068846,0.6029834955931425,0.15958820640608232,0.008958577296228398,-0.011471895103356888,-0.009039668026549763,-0.0018647156727661374,-0.03485330762654831,136.32794189453125
2187,2020-09-11,0.6099963283403876,0.6235761494533706,0.6258867095076438,0.6090234869929478,0.11775768929955074,-0.0062021110063439355,0.01609307706600749,0.0046616964007591966,0.006039991399805378,-0.04183051710653157,139.939453125
2188,2020-09-14,0.6242652660258416,0.6222789451846457,0.6275082148435499,0.6170092229417367,0.09346477746048491,0.014268937685454008,-0.0012972042687249274,0.0016215053359061038,0.007985735948788819,-0.02429291183906583,139.64833068847656
2189,2020-09-15,0.6250759877667428,0.6023754697509927,0.6261704961367164,0.601402566549449,0.14887138725695265,0.0008107217409011325,-0.019903475433653006,-0.001337718706833524,-0.015606656392287643,0.055406609796467735,135.18170166015625
2190,2020-09-16,0.6080505837914042,0.6125501605856247,0.6160768341783016,0.6014430809875577,0.12011859073464413,-0.017025403975338582,0.010174690834632072,-0.010093661958414768,4.0514438108707473e-05,-0.028752796522308513,137.465087890625
2191,2020-09-17,0.6074425579492544,0.6237382690599091,0.6333860247827127,0.6046049390749446,0.16322595900252823,-0.0006080258421498064,0.01118810847428442,0.01730919060441105,0.003161858087386893,0.0431073682678841,139.975830078125
2192,2020-09-18,0.6229680617571167,0.6177388539523164,0.6332239051761741,0.6164011352454829,0.1860164790192619,0.015525503807862329,-0.0059994151075927205,-0.00016211960653855773,0.011796196170538287,0.02279052001673368,138.62948608398438
2193,2020-09-21,0.6022132882903501,0.589119949705191,0.6060237485120995,0.5832015634738156,0.15563033158114917,-0.020754773466766574,-0.028618904247125432,-0.027200156664074604,-0.033199571771667324,-0.030386147438112743,132.2069549560547
2194,2020-09-22,0.5878227454364661,0.596497597957726,0.5979164073948808,0.5857553957190528,0.0938358282253224,-0.01439054285388408,0.007377648252534952,-0.00810734111721867,0.0025538322452371975,-0.06179450335582677,133.8626251220703
2195,2020-09-23,0.5978353166645595,0.5852689750453328,0.6036320977275049,0.5821071169579459,0.08803725058658761,0.010012571228093403,-0.011228622912393127,0.00571569033262409,-0.003648278761106849,-0.0057985776387347865,131.34275817871094
2196,2020-09-24,0.5838096511700693,0.5883497424023986,0.5976731970580209,0.5785803815111651,0.07780425253278525,-0.014025665494490136,0.00308076735706575,-0.005958900669484013,-0.0035267354467808376,-0.010232998053802358,132.03414916992188
2197,2020-09-25,0.5832826542041368,0.5914710860516769,0.5946734585771726,0.5797154043192473,0.06725840775568853,-0.0005269969659325024,0.0031213436492782964,-0.002999738480848335,0.0011350228080821978,-0.010545844777096719,132.734619140625
2198,2020-09-28,0.5999432426741855,0.5986460384054606,0.6093072117679165,0.597551591889591,0.08049255170155878,0.0166605884700487,0.007174952353783737,0.014633753190743892,0.017836187570343665,0.013234143945870247,134.34478759765625
2199,2020-09-29,0.6014430809875577,0.597551591889591,0.6038753080643648,0.5926871995900804,0.05840775568853562,0.0014998383133721926,-0.0010944465158696515,-0.0054319037035516216,-0.004864392299510523,-0.022084796013023156,134.0991668701172
2200,2020-09-30,0.5999432426741855,0.6046049390749446,0.6119015584512623,0.5988893105964245,0.13251605158333182,-0.0014998383133721926,0.0070533471853536645,0.008026250386897416,0.0062021110063440466,0.0741082958947962,135.6820526123047
2201,2020-10-01,0.607726282724223,0.5947140348693851,0.6093072117679165,0.5904170921198119,0.07848087451572419,0.007783040050037493,-0.009890904205559492,-0.002594346683345794,-0.008472218476612614,-0.05403517706760763,133.46238708496094
2202,2020-10-02,0.5848230688097217,0.6078073734545443,0.6131176719896659,0.5827151428000957,0.11715382236854072,-0.02290321391450134,0.013093338585159153,0.0038104602217494676,-0.007701949319716128,0.038672947852816525,136.40069580078125
2203,2020-10-05,0.616847041481094,0.6221979163084284,0.626089405406395,0.6146175103030381,0.09449789919787555,0.03202397267137236,0.01439054285388408,0.012971733416729081,0.0319023675029424,-0.02265592317066517,139.63015747070312
2204,2020-10-06,0.6242652660258416,0.6142526947977482,0.6301430759650044,0.6132392771580959,0.09311919096382255,0.007418224544747609,-0.007945221510680112,0.00405367055860939,-0.0013782331449422314,-0.0013787082340529916,137.84710693359375
2205,2020-10-07,0.6213466182753146,0.6273866096751199,0.6326158174799204,0.6210223172081334,0.08491242110624056,-0.0029186477505270814,0.0131339148773717,0.0024727415149159437,0.007783040050037493,-0.008206769857581994,140.7945556640625
2206,2020-10-08,0.6313591895034081,0.6350480445567275,0.6353317693316961,0.6252381692273853,0.06704014259990178,0.010012571228093514,0.007661434881607532,0.0027159518517757553,0.004215852019251898,-0.017872278506338782,142.51390075683594
2207,2020-10-09,0.6399529512943466,0.6442904084820286,0.6461145478625819,0.6380477211834719,0.14857309154404408,0.008593761790938514,0.00924236392530109,0.010782778530885828,0.012809551956086573,0.0815329489441423,144.58804321289062
2208,2020-10-12,0.6484656842090679,0.6591673720096324,0.661559022794227,0.6466415448285144,0.1556885356226923,0.008512732914721322,0.014876963527603815,0.015444474931645025,0.008593823645042575,0.007115444078648225,147.92665100097656
2209,2020-10-13,0.6555596076866342,0.6571810511684364,0.6614779320639057,0.653127380609827,0.12073700867603994,0.007093923477566322,-0.0019863208411959876,-8.10907303212538e-05,0.0064858357813125656,-0.034951526946652364,147.48086547851562
2210,2020-10-14,0.6593700679083837,0.6632210425682418,0.6681260111599648,0.6587214657740212,0.14867858636934103,0.0038104602217494676,0.006039991399805378,0.006648079096059134,0.00559408516419424,0.027941577693301092,148.83633422851562
2211,2020-10-15,0.6496817977474715,0.6690177617770833,0.6720175002579316,0.6491953152196477,0.10762291056585242,-0.009688270160912227,0.005796719208841505,0.0038914890979667716,-0.009526150554373558,-0.04105567580348861,150.1371612548828
2212,2020-10-16,0.6779764009274157,0.6840569067653297,0.6911913446810047,0.6754225686821785,0.20258644209607304,0.028294603179944255,0.015039144988246433,0.019173844423073128,0.026227253462530853,0.09496353153022062,153.51217651367188
2213,2020-10-19,0.6840163923272211,0.679111423735498,0.6892050856939127,0.6761522615468623,0.10031830335218901,0.006039991399805378,-0.004945483029831665,-0.0019862589870920377,0.0007296928646837175,-0.10226813874388403,152.4023895263672
2214,2020-10-20,0.6818273755872738,0.6850298099668735,0.6942315975999618,0.6806518383410828,0.10939085832772513,-0.0021890167399473137,0.0059183862313754165,0.00502651190604908,0.004499576794220528,0.00907255497553612,153.73052978515625
2215,2020-10-21,0.688353787660799,0.6785844267695655,0.6912319209732174,0.6759090512100023,0.0910165699630768,0.006526412073525223,-0.006445383197307919,-0.0029996766267443853,-0.00474278713108045,-0.018374288364648328,152.2841033935547
2216,2020-10-22,0.6809355631160514,0.6877457618186492,0.6885159691214416,0.6765170770521521,0.08573455319303734,-0.007418224544747609,0.009161335049083674,-0.0027159518517757553,0.0006080258421498064,-0.005282016770039463,154.3400421142578
2217,2020-10-23,0.6865701627183542,0.6834083046309672,0.691758856085046,0.679233028903928,0.10394150493824915,0.005634599602302837,-0.00433745718768197,0.003242886963604308,0.0027159518517758663,0.018206951745211808,154.3034210205078
2218,2020-10-26,0.6755036594124998,0.661559022794227,0.6755036594124998,0.6519518433636361,0.16393895851143164,-0.011066503305854458,-0.021849281836740286,-0.016255196672546157,-0.027281185540291908,0.059997453573182494,149.37017822265625
2219,2020-10-27,0.6524788403295686,0.6401151327549892,0.6560866046525667,0.6364667921397784,0.17671838338274615,-0.02302481908293119,-0.021443890039237745,-0.01941705475993305,-0.015485051223857682,0.012779424871314504,144.5284881591797
2220,2020-10-28,0.6234545442849406,0.612752856484376,0.6300619852346832,0.6101585098010301,0.2053547718219684,-0.029024296044627973,-0.02736227627061316,-0.026024619417883588,-0.026308282338748268,0.028636388439222255,138.35044860839844
2221,2020-10-29,0.6104828108682114,0.6269812178776174,0.6303862863018643,0.606550745478032,0.14067916840975644,-0.012971733416729192,0.014228361393241351,0.00032430106718117635,-0.0036077643229981415,-0.06467560341221196,141.56301879882812
2222,2020-10-30,0.624103146419303,0.636628973600421,0.6376018149478607,0.6203737150737709,0.15909710980556213,0.013620335551091545,0.00964775572280363,0.007215528645996394,0.013822969595738921,0.018417941395805687,143.74136352539062
2223,2020-11-02,0.6453443405597895,0.6618428094232995,0.6641939457697854,0.6390611388231242,0.14814383673766346,0.02124119414048653,0.025213835822878505,0.026592130821924687,0.018687423749353282,-0.010953273067898672,149.43423461914062
2224,2020-11-03,0.6688556421705446,0.6797600258698604,0.6850703244049821,0.6610320876823985,0.17619818476145438,0.023511301610755098,0.017917216446560857,0.020876378635196646,0.02197094885927431,0.02805434802379092,153.47967529296875
2225,2020-11-04,0.6452632498294683,0.629251263493782,0.6582350451003014,0.629251263493782,0.3303697775514287,-0.02359239234107635,-0.050508762376078375,-0.02683527930468066,-0.0317808241886165,0.15417159278997433,142.07554626464844
2226,2020-11-05,0.6391422295534456,0.6611131165586158,0.668693522564006,0.6388585047784769,0.17539787919023628,-0.006121020276022682,0.0318618530648338,0.010458477463704652,0.009607241284694923,-0.15497189836119243,149.26950073242188
2227,2020-11-06,0.6645587612750753,0.6538164971822982,0.671044597056388,0.6516680567345635,0.10851415995198166,0.02541653172162972,-0.007296619376317648,0.0023510744923819216,0.012809551956086573,-0.06688371923825462,147.6220245361328
2228,2020-11-09,0.7054602823664589,0.6924480345116211,0.7149458566286198,0.6896104156373113,0.2171592789974354,0.040901521091383564,0.038631537329322896,0.04390125957223179,0.037942358902747775,0.10864511904545374,156.344482421875
2229,2020-11-10,0.6968259442833077,0.6984474496192138,0.7093518333185296,0.6922453386128697,0.12728860110223902,-0.008634338083151172,0.0059994151075927205,-0.005594023310090179,0.0026349229755584513,-0.08987067789519637,157.6990509033203
2230,2020-11-11,0.698771750686395,0.6869350400777481,0.7002310745616586,0.6788682133986381,0.08532348714963896,0.0019458064030872801,-0.011512409541465707,-0.009120758756871017,-0.013377125214231622,-0.04196511395260007,155.0996856689453
2231,2020-11-12,0.684381207832511,0.6855973213709146,0.6935830573197034,0.6795978444092179,0.07950308299532549,-0.01439054285388397,-0.001337718706833524,-0.006648017241955184,0.0007296310105797676,-0.005820404154313466,154.7976837158203
2232,2020-11-13,0.690340108501995,0.6960557988346192,0.6981231485520325,0.6858405317077745,0.07712763054984631,0.005958900669484013,0.010458477463704652,0.004540091232329124,0.006242687298556593,-0.0023754524454791814,157.15902709960938
2233,2020-11-16,0.7093923477566383,0.7020552139422119,0.7093923477566383,0.6965422195083391,0.1419596573237054,0.019052239254643277,0.0059994151075927205,0.011269199204605784,0.010701687800564574,0.0648320267738591,158.5135955810547
2234,2020-11-17,0.6979204526532813,0.6968665205755202,0.6991770806297936,0.6898942022663839,0.0767856818057804,-0.011471895103357,-0.005188693366691699,-0.01021526712684473,-0.006648017241955184,-0.06517397551792502,157.34207153320312
2235,2020-11-18,0.6973934556873488,0.7002310745616586,0.710932762362223,0.6973934556873488,0.11513850743010969,-0.0005269969659325024,0.00336455398613833,0.011755681732429468,0.007499253420964913,0.03835282562432929,158.1017608642578
2236,2020-11-19,0.6992581713601148,0.700879614841917,0.7022984242790719,0.6920021282760098,0.07319521999308827,0.0018647156727660263,0.0006485402802584028,-0.008634338083151172,-0.005391327411338964,-0.041943287437021415,158.2481689453125
2237,2020-11-20,0.6990554754613636,0.6981636629901412,0.7017714273131394,0.6944342934987131,0.08911766310773205,-0.00020269589875121508,-0.0027159518517757553,-0.0005269969659325024,0.0024321652227032864,0.015922443114643775,157.63499450683594
2238,2020-11-23,0.7043657739964853,0.7085005352854159,0.7114191830359429,0.7022579098409633,0.08743338365557758,0.00531029853512166,0.01033687229527469,0.00964775572280352,0.00782361634225015,-0.0016842794521544635,159.96885681152344
2239,2020-11-24,0.7144594359548999,0.7170942970763544,0.7228505637011913,0.7104868561266119,0.1253933319994907,0.010093661958414657,0.008593761790938514,0.011431380665248403,0.00822894628564863,0.03795994834391313,161.9092254638672
2240,2020-11-25,0.7153107339880137,0.7078925094432661,0.715391762864231,0.7003931941681971,0.09117663107732044,0.0008512980331137898,-0.00920178763308832,-0.0074588008369602665,-0.010093661958414768,-0.03421670092217027,159.83157348632812
2241,2020-11-27,0.7070006969720437,0.7097166488238195,0.7131217172480664,0.704852256524309,0.03553720511468015,-0.008310037015969995,0.001824139380553369,-0.0022700456161646176,0.004459062356111931,-0.055639425962640286,160.24343872070312
2242,2020-11-30,0.7037577481543353,0.7036766574240141,0.7089059270829184,0.6989743847310422,0.08667309336292038,-0.0032429488177083687,-0.006039991399805378,-0.004215790165147948,-0.00587787179326682,0.05113588824824023,158.87969970703125
2243,2020-12-01,0.7109732768003317,0.7023389387171806,0.7157566402236248,0.7010417963025596,0.0985903708688772,0.007215528645996394,-0.001337718706833524,0.006850713140706399,0.0020674115715173524,0.011917277505956822,158.57766723632812
2244,2020-12-02,0.7023389387171806,0.7048116802320964,0.7070412114101523,0.6983663588888924,0.07170010367594899,-0.008634338083151172,0.0024727415149158327,-0.008715428813472537,-0.002675437413667159,-0.02689026719292821,159.13600158691406
2245,2020-12-03,0.7048116802320964,0.7078925094432661,0.7097166488238195,0.7024200294475018,0.10563669764819295,0.0024727415149158327,0.0030808292111697,0.002675437413667159,0.00405367055860939,0.03393659397224395,159.83157348632812
2246,2020-12-04,0.7131217172480664,0.7386193397000175,0.7451051754813299,0.7119056037096628,0.2214008985248913,0.008310037015969995,0.03072683025675138,0.035388526657510466,0.009485574262161012,0.11576420087669836,166.76925659179688
2247,2020-12-07,0.7312416295933786,0.7244314927448847,0.7312416295933786,0.7157160639314122,0.16687826260935995,0.018119912345312184,-0.014187846955132755,-0.013863545887951356,0.0038104602217493566,-0.05452263591553136,163.56581115722656
2248,2020-12-08,0.7201751262875241,0.7249584278567133,0.7326604390305336,0.7195265241531617,0.07281325597046145,-0.011066503305854458,0.0005269351118285526,0.0014188094371549997,0.0038104602217494676,-0.0940650066388985,163.68482971191406
2249,2020-12-09,0.7281202859441002,0.7299444871787576,0.7316064450986683,0.717499688873857,0.10605867694938068,0.00794515965657605,0.004986059322044323,-0.001053993931865227,-0.002026835279304695,0.03324542097891922,164.81057739257812
2250,2020-12-10,0.7265799331926194,0.7249990041489259,0.7277554704388103,0.7180672002778982,0.1131122792338893,-0.001540352751480789,-0.004945483029831665,-0.003850974659858064,0.0005675114040412099,0.007053602284508631,163.69393920898438
2251,2020-12-11,0.7174591744357484,0.7267825672372666,0.7287688880784626,0.7143783452245787,0.09725167791338511,-0.009120758756871017,0.0017835630883407116,0.0010134176396523475,-0.0036888550533195064,-0.015860601320504195,164.09674072265625
2252,2020-12-14,0.7320929276264921,0.7217560553312176,0.7431594309323467,0.720661546961244,0.09216609978355372,0.014633753190743781,-0.00502651190604908,0.01439054285388408,0.0062832017366653,-0.005085578129831389,162.96173095703125
2253,2020-12-15,0.7293769139206124,0.7367141095891429,0.7408488090239695,0.725688120721397,0.08586187453391295,-0.002716013705879705,0.01495805425792529,-0.002310621908377164,0.00502657376015303,-0.006304225249640777,166.3390350341797
2254,2020-12-16,0.7331063452661445,0.7276338652703803,0.7348088794782679,0.7230126833077298,0.07391185725458811,0.0037294313455320527,-0.009080244318762531,-0.00603992954570165,-0.002675437413667159,-0.011950017279324834,164.28890991210938
2255,2020-12-17,0.7323766524014609,0.7262961465635468,0.7326198627383207,0.7239044957789522,0.08354098837738046,-0.0007296928646836065,-0.001337718706833524,-0.0021890167399472027,0.0008918124712223863,0.009629131122792345,163.9868621826172
2256,2020-12-18,0.7299444871787576,0.7335522515017557,0.734930484646698,0.7194049189847317,0.1914440058931592,-0.0024321652227032864,0.00725610493820894,0.002310621908377275,-0.004499576794220528,0.10790301751577876,165.62515258789062
2257,2020-12-21,0.717256478536997,0.7303093026840474,0.7332684648726833,0.7147432225839725,0.07533785627239492,-0.012688008641760562,-0.0032429488177083687,-0.0016620197740147002,-0.0046616964007591966,-0.11610614962076429,164.8929443359375
2258,2020-12-22,0.7267825672372666,0.7157971546617335,0.7303093026840474,0.715391762864231,0.09070008548718601,0.009526088700269608,-0.01451214802231382,-0.0029591621886359,0.0006485402802585138,0.015362229214791093,161.61634826660156
2259,2020-12-23,0.7193238282544104,0.7232558936445898,0.7267825672372666,0.7175402033119657,0.06775314210880518,-0.007458738982856206,0.007458738982856206,-0.0035267354467807266,0.0021484404477346564,-0.022946943378380838,163.30043029785156
2260,2020-12-24,0.7274311693716291,0.7278770756072402,0.7290526747075352,0.7229721688696212,0.021306316957383727,0.00810734111721867,0.004621181962650489,0.0022701074702685675,0.005431965557655571,-0.04644682515142145,164.3437957763672
2261,2020-12-28,0.7316064450986683,0.7230531977458385,0.7342007917820143,0.7228099874089786,0.054886411175175974,0.0041752757270392404,-0.004823877861401704,0.005148117074479042,-0.00016218146064261862,0.03358009421779225,163.25465393066406
2262,2020-12-29,0.7262961465635468,0.7160808794367021,0.7271474445966605,0.7098382539922494,0.054213426944833484,-0.005310298535121549,-0.0069723183091364715,-0.0070533471853537755,-0.012971733416729192,-0.0006729842303424896,161.68040466308594
2263,2020-12-30,0.728728373640354,0.7298228201562237,0.7387003685762347,0.7243504020145635,0.09896869713890759,0.0024322270768072363,0.013741940719521617,0.011552923979574192,0.014512148022314042,0.044755270194074104,164.78311157226562
2264,2020-12-31,0.7306741181893374,0.7378491323972249,0.7381734334644062,0.7245936123514234,0.06248931410174794,0.0019457445489833303,0.008026312241001254,-0.0005269351118284415,0.00024321033685992255,-0.03647938303715965,166.59532165527344
2265,2021-01-04,0.7418217122255132,0.7383760675090537,0.7539016331710198,0.7306741181893374,0.14835846414085377,0.011147594036175823,0.0005269351118287746,0.015728199706613544,0.006080505837913974,0.08586915003910583,166.71434020996094
2266,2021-01-05,0.7345656691414081,0.744416058908859,0.7531720021604401,0.7345656691414081,0.10672074792193383,-0.007256043084105102,0.006039991399805267,-0.0007296310105796566,0.0038915509520707214,-0.04163771621891994,168.0780487060547
2267,2021-01-06,0.7586444203021006,0.785844576966175,0.7997081228541265,0.7545907497434912,0.29228250786664,0.02407875116069247,0.041428518057316066,0.0465361206936864,0.02002508060208308,0.1855617599447062,177.43199157714844
2268,2021-01-07,0.7979650742038943,0.787344415279547,0.8000729383594164,0.7791154689938985,0.19270994379672238,0.039320653901793734,0.0014998383133719706,0.0003648155052898838,0.024524719250407334,-0.09957256406991763,177.77064514160156
2269,2021-01-08,0.7858040625280662,0.7874660204479772,0.7915196910065866,0.7755482809631129,0.11592062423834555,-0.01216101167582806,0.00012160516843018332,-0.008553247352829807,-0.003567188030785595,-0.07678931955837683,177.798095703125
2270,2021-01-11,0.7765211223105525,0.785844576966175,0.7923304746015916,0.7714540341122909,0.09242801797049782,-0.009282940217513747,-0.001621443481802154,0.0008107835950049713,-0.0040942468508220475,-0.02349260626784773,177.43199157714844
2271,2021-01-12,0.7891685546601006,0.8007620549318875,0.8026267706046536,0.7836150457881189,0.08971061678095273,0.012647432349548127,0.014917477965712411,0.010296296003062033,0.01216101167582806,-0.002717401189545096,180.80014038085935
2272,2021-01-13,0.8058291431301492,0.7940735232518237,0.8114232282943434,0.7937087077465338,0.1147601811600793,0.016660588470048587,-0.006688531680063781,0.00879645768968984,0.010093661958414879,0.025049564379126574,179.28997802734375
2273,2021-01-14,0.7949248212849372,0.8001945435278465,0.8022619550993636,0.7919250828040891,0.09045635606322414,-0.01090432184521195,0.006121020276022793,-0.009161273194979835,-0.0017836249424446615,-0.024303825096855164,180.6719970703125
2274,2021-01-15,0.7931411963424925,0.7889253443232407,0.7933438922412439,0.7737646560206681,0.12066789137670747,-0.0017836249424447725,-0.011269199204605784,-0.00891806285811969,-0.018160426783421002,0.030211535313483334,178.1276397705078
2275,2021-01-19,0.787587625616407,0.786655298707076,0.7949653357230462,0.7841420427540515,0.08589461430728096,-0.005553570726085422,-0.0022700456161647287,0.001621443481802265,0.010377386733383398,-0.03477327706942651,178.56004333496094
2276,2021-01-20,0.7809801846666644,0.7796829803979397,0.7860066965727137,0.7718999403479021,0.09098383018970879,-0.006607440949742638,-0.0069723183091362495,-0.00895863915033246,-0.012242102406149424,0.005089215882427833,176.97744750976562
2277,2021-01-21,0.7797235566901521,0.7790749545557898,0.7852770655621338,0.7704001020345299,0.0709798286618527,-0.00125662797651227,-0.0006080258421499174,-0.0007296310105798787,-0.0014998383133721926,-0.020004001527856086,176.83941650390625
2278,2021-01-22,0.7736430508522381,0.7780615369161374,0.781628786801027,0.7674003635536815,0.07373724512995872,-0.006080505837914085,-0.0010134176396523475,-0.003648278761106849,-0.002999738480848446,0.002757416468106011,176.60939025878906
2279,2021-01-25,0.7724674517519432,0.759414627604893,0.7757509150077602,0.7579147892915207,0.13958420487822623,-0.0011755991002948551,-0.018646909311244464,-0.00587787179326682,-0.00948557426216079,0.06584695974826751,172.3767852783203
2280,2021-01-26,0.7604686215367576,0.7588876924930643,0.767805755351184,0.7573472778874795,0.09116208006693464,-0.011998830215185552,-0.0005269351118286636,-0.007945159656576162,-0.0005675114040412099,-0.048422124811291586,172.25717163085938
2281,2021-01-27,0.7466861045250236,0.7322145327949222,0.7521585845207878,0.726985263136018,0.14897688208224957,-0.013782517011734052,-0.0266731596981421,-0.01564717083039624,-0.030362014751461497,0.05781480201531493,166.20272827148438
2282,2021-01-28,0.7388219737446649,0.7472536159290648,0.7605091359748666,0.7349709990848066,0.12533512795794757,-0.007864130780358747,0.015039083134142595,0.008350551454078814,0.007985735948788597,-0.023641754124302,169.61639404296875
2283,2021-01-29,0.7438485475048178,0.7411731100911508,0.7654141045665895,0.7326198627383207,0.1652048964149948,0.005026573760152919,-0.006080505837913974,0.004904968591722958,-0.0023511363464858714,0.03986976845704723,168.23622131347656
2284,2021-02-01,0.7538206042948026,0.7487940305346495,0.7572256727190495,0.7378491323972249,0.09960894159588206,0.009972056789984807,0.007620920443498713,-0.008188431847540034,0.005229269658904245,-0.06559595481911275,169.96607971191406
2285,2021-02-02,0.7560095591806459,0.7803315825323021,0.7814666053403844,0.7525234000260776,0.19154222521326325,0.002188954885843364,0.03153755199765251,0.024240932621334865,0.01467426762885271,0.09193328361738119,177.12466430664062
2286,2021-02-03,0.773886261189098,0.7760752160749415,0.7763995171421226,0.7663869459140291,0.10836864984812383,0.01787670200845204,-0.004256366457360605,-0.005067088198261738,0.013863545887951467,-0.08317357536513942,176.15853881835938
2287,2021-02-04,0.7783047472529974,0.7768859378158426,0.7807774887679134,0.7710081278766797,0.08198766801869804,0.004418486063899385,0.0008107217409011325,0.004377971625790789,0.0046211819626506,-0.02638098182942579,176.34255981445312
2288,2021-02-05,0.7804126732626232,0.7823584178116068,0.7877498070770497,0.7702379205738874,0.08148565816038851,0.002107926009625838,0.005472479995764168,0.0069723183091362495,-0.000770207302792314,-0.0005020098583095323,177.58470153808594
2289,2021-02-08,0.7904657589288254,0.8003972394265976,0.8007620549318875,0.7891280402219919,0.09915422252132633,0.010053085666202222,0.01803882161499082,0.013012247854837788,0.018890119648104498,0.01766856436093782,181.6792755126953
2290,2021-02-09,0.8007620549318875,0.7997081228541265,0.8053022080183205,0.7900198526932143,0.08481783953873297,0.010296296003062033,-0.0006891165724710602,0.004540153086433074,0.0008918124712223863,-0.014336382982593363,181.5228576660156
2291,2021-02-10,0.8046536058839583,0.8014917477965713,0.8095585744756814,0.795573361565196,0.10245366412630277,0.0038915509520708325,0.0017836249424447725,0.004256366457360827,0.005553508871981694,0.017635824587569807,181.927734375
2292,2021-02-11,0.8009647508306389,0.8040455800418083,0.804329304816777,0.7879930174139096,0.07923752705578493,-0.0036888550533193953,0.0025538322452369755,-0.005229269658904356,-0.007580344151286389,-0.02321613707051784,182.5074005126953
2293,2021-02-12,0.8025456798743321,0.802586256166545,0.8057075379617193,0.7976001968445007,0.0656323323450772,0.0015809290436932244,-0.0014593238752632631,0.0013782331449423424,0.009607179430591084,-0.01360519471070773,182.1761474609375
2294,2021-02-16,0.8097206940822199,0.8203818674446758,0.8317320955254989,0.8076533443648067,0.1354226159078921,0.007175014207887798,0.017795611278130785,0.026024557563779527,0.01005314752030606,0.06979028356281489,186.21551513671875
2295,2021-02-17,0.8204223818827845,0.8200575663774946,0.822489731600198,0.8098828136887586,0.08331908546899726,0.010701687800564574,-0.00032430106718117635,-0.009242363925300867,0.0022294693239518493,-0.05210353043889483,186.14193725585935
2296,2021-02-18,0.8170173134585376,0.8104098106546911,0.8224087027239805,0.8049779069511395,0.08533440040742829,-0.0034050684242469265,-0.00964775572280352,-8.102887621752597e-05,-0.004904906737619119,0.0020153149384310315,183.95201110839844
2297,2021-02-19,0.8239085410373527,0.8509060018026758,0.8571892035393414,0.8216790098592968,0.1796067589443242,0.006891227578815107,0.04049619114798475,0.03478050081536088,0.016701102908157295,0.09427235853689592,193.14407348632807
2298,2021-02-22,0.8497709789945938,0.8839433921137005,0.8872268553695176,0.8485953798942989,0.16654722712308337,0.02586243795724108,0.033037390311024706,0.03003765183017626,0.026916370035002135,-0.013059531821240838,200.64312744140625
2299,2021-02-23,0.8899022927831848,0.8925371539046393,0.894807261374908,0.8645668517918763,0.15006093235599047,0.04013131378859103,0.008593761790938736,0.007580406005390339,0.015971471897577416,-0.0164862947670929,202.59376525878903
2300,2021-02-24,0.8934695426680742,0.9018200941221529,0.9188454980974915,0.8913211022203397,0.17915931537496135,0.003567249884889434,0.009282940217513636,0.02403823672258354,0.026754250428463355,0.029098383018970886,204.7008819580078
2301,2021-02-25,0.9064817905229121,0.8991852330006984,0.9096436486102992,0.8906725000859772,0.15689626948471236,0.0130122478548379,-0.0026348611214545015,-0.00920184948719227,-0.0006486021343624637,-0.022263045890248995,204.10281372070312
2302,2021-02-26,0.8948477758130166,0.8751064199859022,0.9015363074930804,0.8748632096490423,0.16229105658524165,-0.011634014709895557,-0.024078813014796197,-0.00810734111721878,-0.01580929043693491,0.005394787100529291,198.63726806640625
2303,2021-03-01,0.8890104803119623,0.890834619692516,0.9022660003577642,0.8873484605379477,0.10444715254915513,-0.005837295501054274,0.015728199706613766,0.0007296928646837175,0.012485250888905397,-0.057843904036086524,202.20736694335935
2304,2021-03-02,0.8864972243589379,0.8748632096490423,0.8891320854803925,0.8715796845391215,0.10383237236035578,-0.002513255953024429,-0.01597141004347369,-0.0131339148773717,-0.0157687759988262,-0.0006147801887993465,198.58203125
2305,2021-03-03,0.8599456698292257,0.8711743545957227,0.8818760423962874,0.8594186728632934,0.0969097291693192,-0.02655155452971214,-0.0036888550533196174,-0.007256043084105102,-0.01216101167582806,-0.0069226431910365815,197.7447509765625
2306,2021-03-04,0.8694312440913866,0.8624995020744628,0.8783087925113978,0.8450687063016219,0.12980956365157606,0.0094855742621609,-0.00867485252125988,-0.003567249884889545,-0.014349966561671534,0.03289983448225686,195.77561950683597
2307,2021-03-05,0.8688637326873457,0.8924561250284219,0.8949693809814465,0.8573513231458799,0.1310427617817712,-0.0005675114040408769,0.029956622953959067,0.0166605884700487,0.01228261684425802,0.0012331981301951511,202.57537841796875
2308,2021-03-08,0.8957395882842389,0.8982123297991548,0.9092383186669005,0.8845514798099545,0.11090416340784663,0.026875855596893206,0.005756204770732909,0.014268937685454008,0.027200156664074604,-0.02013859837392458,203.8819732666016
2309,2021-03-09,0.8974016080582538,0.8788357894773303,0.9012525827181118,0.8761603520636632,0.10558213135924625,0.0016620197740148113,-0.019376540321824454,-0.007985735948788708,-0.00839112774629136,-0.005322032048600378,199.4837951660156
2310,2021-03-10,0.882605673406867,0.8961044037895287,0.9001175599100295,0.8804167185210239,0.08860837774422961,-0.014795934651386733,0.017268614312198394,-0.0011350228080823088,0.004256366457360716,-0.016973753615016643,203.40353393554688
2311,2021-03-11,0.9039685345698876,0.890834619692516,0.9064007616466947,0.8883618781776,0.1076774768547991,0.021362861163020552,-0.005269784097012731,0.006283201736665189,0.007945159656576162,0.01906909911056949,202.20736694335935
2312,2021-03-12,0.8877538523354501,0.9282905579215438,0.928371648651865,0.8841866024505607,0.17302970224994998,-0.01621468223443745,0.03745593822902782,0.021970887005170248,-0.0041752757270393515,0.06535222539515088,210.7093505859375
2313,2021-03-15,0.9277635609556113,0.9353439669610016,0.9396408478564707,0.9154404296732446,0.15334218519798468,0.04000970862016118,0.007053409039457836,0.011269199204605784,0.03125382722268388,-0.01968751705196531,212.31033325195312
2314,2021-03-16,0.9231018645548521,0.9179942619184818,0.9372491970718762,0.9111435487777751,0.12874733989341386,-0.0046616964007591966,-0.01734970504251987,-0.002391650784594579,-0.004296880895469424,-0.024594845304570817,208.3721923828125
2315,2021-03-17,0.9247638843288669,0.9470590724012183,0.9497750242529942,0.9207102137702575,0.12799432510594955,0.0016620197740148113,0.02906481048273657,0.012525827181118054,0.009566664992482377,-0.0007530147874643123,214.96951293945312
2316,2021-03-18,0.9485589107145905,0.9351006947700375,0.9638817804778056,0.9312902964023922,0.1577402280870878,0.023795026385723617,-0.011958377631180794,0.01410675622481139,0.010580082632134724,0.029745902981138245,212.255126953125
2317,2021-03-19,0.9272771402818915,0.9132514129332973,0.9309254190429984,0.9082249010272482,0.2722894195965732,-0.021281770432699076,-0.021849281836740286,-0.03295636143480718,-0.02306539537514407,0.11454919150948542,207.2956695556641
2318,2021-03-22,0.9186428021987402,0.9162106369760369,0.9209128478149048,0.9062791564782648,0.08045253642299788,-0.008634338083151283,0.0029592240427396277,-0.010012571228093625,-0.0019457445489833303,-0.19183688317357533,207.9673767089844
2319,2021-03-23,0.900158074348138,0.8847135994164931,0.9130487788886501,0.8782277017810767,0.1461503483148111,-0.01848472785060218,-0.031497037559543806,-0.007864068926254686,-0.028051454697188172,0.06569781189181323,200.8179473876953
2320,2021-03-24,0.8938748726114729,0.8967935203619998,0.9206291230399364,0.8938748726114729,0.1548955055566671,-0.006283201736665078,0.012079920945506695,0.007580344151286278,0.01564717083039624,0.008745157241855983,203.5599365234375
2321,2021-03-25,0.8886861792447811,0.9090356227681493,0.9119542705186764,0.8757549602661607,0.10556030484366759,-0.00518869336669181,0.012242102406149535,-0.00867485252125999,-0.018119912345312184,-0.0493352007129995,206.33868408203125
2322,2021-03-26,0.9175483556828704,0.9303173932008484,0.9316956263457907,0.91292717372022,0.11059131668455228,0.028862176438089304,0.021281770432699076,0.019741355827114337,0.0371722134540593,0.005031011840884697,211.1693878173828
2323,2021-03-29,0.9246422791604368,0.9332360409513755,0.9398435437552219,0.9230613501167434,0.10924898597646374,0.007093923477566433,0.0029186477505270814,0.008147917409431216,0.010134176396523364,-0.0013423307080885488,211.8318634033203
2324,2021-03-30,0.9372086207796636,0.9448295412231624,0.9514775584651176,0.9369654104428037,0.11419269175503374,0.012566341619226762,0.01159350027178696,0.011634014709895668,0.013904060326060286,0.004943705778570007,214.4634552001953
2325,2021-03-31,0.9499777201517453,0.9399245726314394,0.9607604368285274,0.9276825320793939,0.16414631040942906,0.012769099372081705,-0.004904968591723069,0.009282878363409797,-0.009282878363409797,0.04995361865439532,213.35009765625
2326,2021-04-01,0.937614012577166,0.9434513080782203,0.9526125812731999,0.9225748675889197,0.1377653285800033,-0.012363707574579275,0.0035267354467809486,-0.008147855555327488,-0.005107664490474173,-0.026380981829425776,214.15060424804688
2327,2021-04-05,0.9526125812731999,0.9473833734683996,0.955288018686867,0.941951407910744,0.08451954382582441,0.014998568696033887,0.003932065390179318,0.002675437413667048,0.019376540321824343,-0.053245784754178876,215.0431365966797
2328,2021-04-06,0.9424784048766766,0.934938575163499,0.9594227181216938,0.9332765553894841,0.09510904163407846,-0.010134176396523364,-0.01244479830490064,0.004134699434826805,-0.00867485252125999,0.01058949780825405,212.2183380126953
2329,2021-04-07,0.9402894499908332,0.9340062482541678,0.949329118017383,0.9297093673586985,0.08911038760253916,-0.002188954885843364,-0.0009323269093312048,-0.010093600104310818,-0.003567188030785595,-0.005998654031539305,212.0067138671875
2330,2021-04-08,0.9328712254460856,0.9342899730291364,0.9366005949375138,0.9208723333767962,0.07853544080467087,-0.007418224544747609,0.00028372477496863,-0.012728523079869158,-0.008837033981902276,-0.010574946797868287,212.07110595703125
2331,2021-04-09,0.937614012577166,0.9353844813991101,0.9412622913382729,0.9223721716901684,0.09032175921715564,0.00474278713108045,0.0010945083699737124,0.0046616964007590855,0.0014998383133721926,0.011786318412484773,212.3195343017578
2332,2021-04-12,0.9335603420185568,0.9361141124096899,0.937614012577166,0.9280067712924712,0.06141253933319995,-0.004053670558609279,0.0007296310105797676,-0.003648278761106849,0.005634599602302837,-0.028909219883955693,212.4851837158203
2333,2021-04-13,0.9461672599299958,0.9297093673586985,0.9465320754352858,0.9244395832616856,0.08317357536513942,0.012606917911439086,-0.006404745050991423,0.008918062858119802,-0.003567188030785595,0.02176103603193947,211.03140258789065
2334,2021-04-14,0.9307227849983508,0.9428027059438577,0.9494507231858129,0.9305200890995997,0.09061641717746775,-0.015444474931645025,0.013093338585159264,0.0029186477505270814,0.006080505837914085,0.007442841812328335,214.0034027099609
2335,2021-04-15,0.9451132659981312,0.9425594956069977,0.9462888650984259,0.9353439669610016,0.06766947379908693,0.014390480999780353,-0.00024321033686003357,-0.003161858087387004,0.004823877861401926,-0.022946943378380824,213.9481964111328
2336,2021-04-16,0.9510721666676151,0.9459645640312448,0.9564230414949494,0.9415460779673454,0.07742592626275487,0.005958900669483902,0.0034050684242471485,0.010134176396523475,0.0062021110063437135,0.009756452463667936,214.7210998535156
2337,2021-04-19,0.9440998483584788,0.9420324986410653,0.9449106319534836,0.9319794129748631,0.062300150966732755,-0.0069723183091362495,-0.00393206539017954,-0.011512409541465818,-0.009566664992482266,-0.01512577529602211,213.8285675048828
2338,2021-04-20,0.93599250724126,0.9227370490495622,0.937614012577166,0.9145081027639134,0.1024318376107241,-0.00810734111721878,-0.01929544959150309,-0.007296619376317537,-0.01747131021094972,0.04013168664399134,209.44876098632807
2339,2021-04-21,0.92148042107305,0.9423162852701379,0.9429243111122878,0.9162106369760369,0.07194383309991087,-0.014512086168210092,0.01957923622057567,0.005310298535121771,0.0017025342121235187,-0.030488004510813224,213.89295959472656
2340,2021-04-22,0.9455186577956336,0.9278446516859326,0.9462482888062134,0.9273582310122126,0.0876953018425217,0.02403823672258365,-0.014471633584205335,0.0033239776939255616,0.011147594036175712,0.015751468742610825,210.60809326171875
2341,2021-04-23,0.9297498817968074,0.9327901347157644,0.9390327601602171,0.9237504666892146,0.1258043980428891,-0.0157687759988262,0.0049454830298318875,-0.007215528645996283,-0.0036077643229980305,0.0381090962003674,212.6877593994141
2342,2021-04-26,0.9346548503885304,0.9346142740963176,0.9438972143138313,0.9321821088736145,0.06783681041852344,0.004904968591722958,0.001824139380553147,0.0048644541536142505,0.008431642184399957,-0.05796758762436566,213.10366821289065
2343,2021-04-27,0.9335197657263441,0.9337224616250954,0.9358303876347215,0.9245611884301156,0.07127448662216483,-0.0011350846621862587,-0.0008918124712221642,-0.00806682667910985,-0.007620920443498935,0.003437676203641396,212.9003448486328
2344,2021-04-28,0.9325469243789044,0.9416676831357754,0.9474238879065082,0.9298309725271285,0.10787027774241074,-0.0009728413474396902,0.00794522151068,0.011593500271786739,0.005269784097012953,0.03659579112024591,214.7119598388672
2345,2021-04-29,0.9526125812731999,0.9220884469151998,0.953423303014101,0.9047792563107887,0.1979810473089725,0.020065656894295514,-0.01957923622057567,0.0059994151075928315,-0.025051716216339837,0.09011076956656176,210.2476806640625
2346,2021-04-30,0.9141838016967322,0.9246827935985457,0.9258178164066279,0.9115894550133865,0.14381854890048928,-0.03842877957646773,0.002594346683345905,-0.027605486607473195,0.006810198702597803,-0.05416249840848322,210.8391876220703
2347,2021-05-03,0.9323442284801531,0.9249260039354055,0.9361141124096899,0.9210345148374387,0.11578602739227706,0.01816042678342089,0.00024321033685981153,0.010296296003062033,0.009445059824052193,-0.028032521508212227,210.8946228027344
2348,2021-05-04,0.920183216804325,0.9461672599299958,0.9485589107145905,0.913494685124261,0.1469906691645901,-0.01216101167582806,0.02124125599459037,0.01244479830490064,-0.0075398297131776815,0.031204641772313052,215.7379150390625
2349,2021-05-05,0.9510721666676151,0.9642871722753081,0.9701649822144709,0.9398435437552219,0.13425489732443296,0.03088894986329005,0.018119912345312295,0.021606071499880364,0.026348858630960925,-0.012735771840157145,219.86944580078125
2350,2021-05-06,0.964773592949028,0.9610037090194912,0.9768535138945347,0.9566662518318093,0.1646810600411066,0.01370142628141291,-0.003283463255816965,0.006688531680063781,0.016822708076587367,0.030426162716673644,219.12081909179688
2351,2021-05-07,0.9552069279565457,0.9768940901867476,0.9805423689478543,0.9451538422903435,0.12106076865712363,-0.009566664992482266,0.015890381167256384,0.0036888550533196174,-0.011512409541465818,-0.043620291383982976,222.74398803710935
2352,2021-05-10,0.9870687810213795,0.9834610166983815,0.9963111449466805,0.9833799259680601,0.13652121719201876,0.0318618530648338,0.00656692651163393,0.0157687759988262,0.03822608367771663,0.01546044853489513,224.24136352539065
2353,2021-05-11,0.967935451036415,0.9700433770460409,0.9850014313039662,0.9588552067176526,0.11506575237818076,-0.01913332998496453,-0.013417639652340552,-0.01130971364271427,-0.024524719250407556,-0.021455464813838004,221.18197631835935
2354,2021-05-12,0.9780291129948296,0.9620171266591435,0.9859742726514057,0.9584498767742541,0.1334509540006184,0.010093661958414657,-0.008026250386897416,0.0009728413474394682,-0.0004053299433984803,0.018385201622437647,219.3518829345703
2355,2021-05-13,0.9568283714383479,0.9731647206953193,0.9768940901867476,0.9508695326229678,0.08105276560141145,-0.021200741556481772,0.011147594036175823,-0.009080182464658137,-0.007580344151286278,-0.05239818839920696,221.89366149902344
2356,2021-05-14,0.9809882751834654,0.9819206020927964,0.9864607551792296,0.9732052351334279,0.07426835700903982,0.02415990374511756,0.008755881397477072,0.009566664992482043,0.02233570251046013,-0.00678440859237163,223.89016723632807
2357,2021-05-17,0.983988013664314,0.9922979888261798,0.994973426239847,0.977421025298576,0.07269684788737518,0.002999738480848557,0.010377386733383398,0.008512671060617372,0.004215790165148059,-0.0015715091216646354,226.2563018798828
2358,2021-05-18,0.9922979888261798,0.9707324936185121,0.9953382417451369,0.9704892832816521,0.0886229287546154,0.008309975161865824,-0.021565495207667706,0.0003648155052898838,-0.006931742016923925,0.01592608086724022,221.339111328125
2359,2021-05-19,0.9570716436293117,0.9601929254244862,0.9610442234575999,0.9402083592605119,0.11433820185889158,-0.03522634519686807,-0.010539568194025906,-0.034294018287536976,-0.030280924021140132,0.025715273104276182,218.9359436035156
2360,2021-05-20,0.9626656669394019,0.9525720668350914,0.9631521494672257,0.9428432203819666,0.12147183470052202,0.005594023310090179,-0.007620858589394763,0.002107926009625838,0.0026348611214546125,0.007133632841630433,217.1982879638672
2361,2021-05-21,0.9590984789086164,0.9616928255919625,0.9704487069894396,0.9526530957113087,0.09018352461849069,-0.003567188030785484,0.009120758756871017,0.00729655752221392,0.009809875329342188,-0.031288310082031326,219.2779541015625
2362,2021-05-24,0.9635169649725157,0.9690299594063886,0.9717053968200557,0.9575580643030317,0.08631295585587224,0.004418486063899274,0.007337133814426133,0.001256689830616109,0.004904968591722958,-0.0038705687626184454,220.950927734375
2363,2021-05-25,0.9708946132250509,0.9614090389628898,0.9805423689478543,0.9596659903126578,0.0824205605776751,0.007377648252535174,-0.007620920443498824,0.008836972127798548,0.00210792600962606,-0.003892395278197139,219.21324157714844
2364,2021-05-26,0.9623819421644333,0.9635980557028371,0.9708540987869421,0.9591795077848339,0.07530147874643045,-0.008512671060617594,0.0021890167399473137,-0.009688270160912227,-0.000486482527823906,-0.007119081831244656,219.7123565673828
2365,2021-05-27,0.9789614399041607,0.9780696274329383,0.986541784055447,0.9685434768785648,0.13076629258444133,0.016579497739727445,0.014471571730101274,0.015687685268504947,0.00936396909373094,0.055464813838010885,223.01205444335935
2366,2021-05-28,0.9806234596781754,0.9772589056920373,0.9820422072612266,0.9679759654745237,0.08332999872678659,0.0016620197740147002,-0.0008107217409010214,-0.004499576794220417,-0.0005675114040410989,-0.04743629385765474,222.8272247314453
2367,2021-06-01,0.9891361307387929,0.9840690425405313,0.992865500230221,0.9802180678806729,0.09007075428800088,0.008512671060617483,0.006810136848493964,0.010823292968994425,0.012242102406149202,0.006740755561214284,224.3800201416016
2368,2021-06-02,0.9853257323711474,0.9869066614148408,0.9935546786567959,0.9757184910864525,0.08543261972753233,-0.0038103983676455178,0.0028376188743095554,0.000689178426574899,-0.004499576794220417,-0.004638134560468549,225.02700805664065
2369,2021-06-03,0.9827313238336975,0.9884470141663219,0.9989865823603477,0.9764076076589236,0.06996125793484785,-0.002594408537449855,0.0015403527514810111,0.005431903703551733,0.0006891165724711712,-0.015471361792684477,225.37823486328125
2370,2021-06-04,0.9936357075330134,0.9891767070310054,1.0,0.9822854794521904,0.06685825497007948,0.0109043836993159,0.0007296928646834955,0.0010134176396523475,0.005877871793266709,-0.00310300296476837,225.5446014404297
2371,2021-06-07,0.9892983121994354,0.9719080308647031,0.9904333350075177,0.9672868489020525,0.08478509976536495,-0.00433739533357802,-0.017268676166302233,-0.009566664992482266,-0.014998630550137837,0.017926844795285474,221.6071319580078
2372,2021-06-08,0.9704487069894396,0.9735295362006091,0.9777859026579698,0.9569094621686691,0.08047800069117299,-0.01884960520999579,0.0016215053359059928,-0.012647432349547905,-0.010377386733383398,-0.004307099074191967,221.97683715820312
2373,2021-06-09,0.9688272635076374,0.9511937718360451,0.9695974708104298,0.950383050095144,0.10620782480583496,-0.001621443481802265,-0.02233576436456397,-0.008188431847540034,-0.006526412073525112,0.025729824114661973,216.88401794433597
2374,2021-06-10,0.9572337632358504,0.9150350378757419,0.9593011129532639,0.9144270120335922,0.22851634260353954,-0.01159350027178696,-0.036158733960303224,-0.010296357857165872,-0.03595603806155179,0.12230851779770457,208.63937377929688
2375,2021-06-11,0.9173456597841193,0.8946450799142652,0.9239125862957531,0.8919291280624895,0.3177540515469543,-0.039888103451731105,-0.02038995796147669,-0.0353885266575108,-0.02249788397110275,0.08923770894341476,203.99026489257807
2376,2021-06-14,0.8920913095231321,0.8877943667735589,0.8997932588428482,0.8739713971778198,0.26240200803943325,-0.025254350260987213,-0.006850713140706288,-0.024119327452904904,-0.017957730884669676,-0.05535204350752104,202.42816162109372
2377,2021-06-15,0.8913616166584483,0.8896185680082163,0.8949693809814465,0.8766467727373832,0.18392113352370906,-0.0007296928646838285,0.0018242012346573189,-0.004823877861401704,0.002675375559563431,-0.07848087451572419,202.8441162109375
2378,2021-06-16,0.8877943667735589,0.8802951133525938,0.8893347813791437,0.8784303976798278,0.15121773768166027,-0.003567249884889323,-0.009323454655622454,-0.005634599602302837,0.0017836249424445505,-0.03270339584204879,200.7182464599609
2379,2021-06-17,0.8795249060498015,0.8490412861299099,0.8847946901468143,0.8426770555170273,0.2908492333436403,-0.008269460723757449,-0.03125382722268388,-0.004540091232329346,-0.03575334216280046,0.13963149566198005,193.59197998046875
2380,2021-06-18,0.8357857660841083,0.8466496353453155,0.8586079511223921,0.8330292997942238,0.26033212681205553,-0.04373913996569323,-0.002391650784594468,-0.026186739024422256,-0.00964775572280352,-0.030517106531584792,193.04666137695312
2381,2021-06-21,0.8575540190446312,0.8642831270169077,0.8724714970103437,0.8569459313483775,0.20494734353116645,0.021768252960522982,0.017633491671592227,0.013863545887951578,0.02391663155415369,-0.05538478328088908,197.06735229492188
2382,2021-06-22,0.8654181498249901,0.8639588259497265,0.8708500535285416,0.856054118877155,0.13737608905218357,0.007864130780358858,-0.00032430106718117635,-0.001621443481802043,-0.0008918124712224973,-0.06757125447898288,196.9933624267578
2383,2021-06-23,0.865864056060601,0.8666342015092896,0.8787141843089002,0.8617292947716705,0.1194419687517052,0.0004459062356109156,0.002675375559563098,0.007864130780358636,0.005675175894515494,-0.017934120300478376,197.60337829589844
2384,2021-06-24,0.8777817955454653,0.8891320854803925,0.8996310773822057,0.8728768888078463,0.24837119627494134,0.011917739484864298,0.02249788397110286,0.020916893073305465,0.011147594036175823,0.12892922752323616,202.73318481445312
2385,2021-06-25,0.8965908244632487,0.8768494686361342,0.8989014463716258,0.8726336784709863,0.41012750322850544,0.018809028917783355,-0.012282616844258243,-0.0007296310105798787,-0.00024321033686003357,0.1617563069535641,199.93258666992188
2386,2021-06-28,0.8774169800401754,0.8766873490295956,0.8787546987470091,0.8657018745999585,0.11538951235926445,-0.01917384442307324,-0.00016211960653866875,-0.020146747624616768,-0.006931803871027764,-0.294737990869241,199.8956451416016
2387,2021-06-29,0.8838623013833794,0.8719445618985151,0.8865377387970466,0.869877150326998,0.12526237290601866,0.006445321343203969,-0.00474278713108045,0.007783040050037493,0.0041752757270394625,0.009872860546754209,198.814208984375
2388,2021-06-30,0.8699987554954278,0.8822003434634687,0.8834974858780895,0.8677287098792631,0.11820877062151003,-0.013863545887951578,0.010255781564953548,-0.0030402529189570426,-0.0021484404477348784,-0.007053602284508631,201.15269470214844
2389,2021-07-01,0.8884024544698125,0.8784709739720404,0.8909562248609458,0.876200866501772,0.08826279124756725,0.018403698974384652,-0.003729369491428214,0.007458738982856317,0.008472156622508886,-0.029945979373942777,200.3023223876953
2390,2021-07-02,0.8823219486318984,0.8827272785752972,0.8852000200902129,0.8738903064474987,0.08852834718710781,-0.006080505837914085,0.004256304603256766,-0.005756204770732909,-0.002310560054273325,0.0002655559395405571,201.2728271484375
2391,2021-07-06,0.8813085309922462,0.8655397549934198,0.881916556834396,0.8567027210115176,0.15817312064606487,-0.0010134176396522365,-0.017187523581877362,-0.003283463255816965,-0.01718758543598109,0.06964477345895706,197.3538360595703
2392,2021-07-07,0.8621752010072817,0.8702825421245004,0.8717823804378725,0.8559730900009376,0.09849942705396605,-0.01913332998496442,0.004742787131080561,-0.010134176396523475,-0.0007296310105799897,-0.059673693592098814,198.4352569580078
2393,2021-07-08,0.8512708173079659,0.859824064660796,0.867080107744901,0.8509870306788934,0.13546263118645302,-0.01090438369931579,-0.01045847746370443,-0.004702272692971521,-0.004986059322044212,0.036963204132486965,196.0505828857422
2394,2021-07-09,0.8751874488621196,0.8813490454303549,0.8860918325614354,0.8691069430242057,0.11509121664635588,0.02391663155415369,0.021524980769558888,0.01901172481653446,0.018119912345312295,-0.020371414540097138,200.9585723876953
2395,2021-07-12,0.8756739313899432,0.8860513181233267,0.8875511564366989,0.8709311442588628,0.09127121264482803,0.00048648252782357293,0.004702272692971854,0.0014593238752634852,0.0018242012346570968,-0.023820004001527853,202.03073120117188
2396,2021-07-13,0.8875917327289116,0.8723093774038051,0.8879565482342014,0.8703230565626091,0.08633478237145092,0.011917801338968359,-0.013741940719521617,0.0004053917975025412,-0.0006080876962536452,-0.004936430273377104,198.89739990234372
2397,2021-07-14,0.8725931021787738,0.8579188345499211,0.8741335167843586,0.8562163003377976,0.1158696957019953,-0.014998630550137726,-0.01439054285388397,-0.01382303144984287,-0.0141067562248115,0.02953491333054438,195.6161651611328
2398,2021-07-15,0.8524058401160481,0.8569865076405899,0.8650127580274874,0.8517572379816858,0.09958347732770695,-0.020187262062725697,-0.0009323269093312048,-0.009120758756871128,-0.00445906235611182,-0.016286218374288355,195.40359497070312
2399,2021-07-16,0.8612428740979506,0.842960780291996,0.8622157154453903,0.8391503200702466,0.15892613543352915,0.008837033981902498,-0.014025727348593975,-0.00279704258209712,-0.012606917911439197,0.059342658105822205,192.20556640625
2400,2021-07-19,0.8199359612090645,0.8232194244648816,0.8259353763166574,0.8076127680725939,0.19611488022699577,-0.041306912888886105,-0.019741355827114337,-0.036280339128732964,-0.031537551997652735,0.03718874479346662,188.71157836914065
2401,2021-07-20,0.823057243004239,0.8430013565842085,0.8457173084359844,0.8200980808156032,0.14312010040197165,0.0031212817951744576,0.019781932119326884,0.019781932119326995,0.012485312743009347,-0.052994779825024124,193.24632263183597
2402,2021-07-21,0.8460821239412742,0.8542299794966015,0.8551623682600367,0.8414609419786238,0.12394914421870169,0.023024880937035253,0.011228622912393016,0.009445059824052304,0.021362861163020552,-0.019170956183269958,195.82032775878903
2403,2021-07-22,0.8553244878665752,0.8478657488837189,0.8568649024721601,0.8453524310765905,0.07026319140035286,0.009242363925300978,-0.006364230612882604,0.0017025342121234077,0.0038914890979667716,-0.05368595281834883,194.3614196777344
2404,2021-07-23,0.8492439820286612,0.8493655871970912,0.8527706556213381,0.8425959647867062,0.08376289128576365,-0.006080505837913974,0.0014998383133723037,-0.0040942468508219365,-0.0027564662898843517,0.01349969988541079,194.7052459716797
2405,2021-07-26,0.8506222151736036,0.8554460930350052,0.8596619450542572,0.8492439820286612,0.07848815002091708,0.0013782331449423424,0.006080505837913974,0.006891289432919057,0.006648017241955073,-0.005274741264846575,196.0991058349609
2406,2021-07-27,0.8412582460798724,0.8508654255104635,0.855567698203435,0.8391098056321378,0.08992524418414304,-0.009363969093731161,-0.004580667524541671,-0.0040942468508221586,-0.010134176396523475,0.011437094163225955,195.04905700683597
2407,2021-07-28,0.8512708173079659,0.85710811280902,0.8621752010072817,0.8435688679882496,0.11811418905400244,0.010012571228093514,0.006242687298556482,0.006607502803846699,0.00445906235611182,0.0281889448698594,196.4801177978516
2408,2021-07-29,0.8674854995424034,0.8616482040413491,0.8695528492598168,0.8500141893314537,0.12440022554066098,0.01621468223443745,0.004540091232329124,0.007377648252535063,0.00644532134320408,0.006286036486658542,197.52084350585935
2409,2021-07-30,0.8427580843932447,0.8380963879924854,0.8458794280425229,0.8235031492398502,0.21225922625002275,-0.02472741514915866,-0.023551816048863694,-0.023673421217293877,-0.026511040091603433,0.08785900070936177,192.1219482421875
2410,2021-08-02,0.8431634761907472,0.8316510666492815,0.8549190960690728,0.8307997686161678,0.14467705851325052,0.00040539179750243015,-0.006445321343203969,0.009039668026549874,0.007296619376317537,-0.06758216773677223,190.6444091796875
2411,2021-08-03,0.8322590924914313,0.8451903114700519,0.8483926839955475,0.8246381720479324,0.13024973171574603,-0.0109043836993159,0.013539244820770402,-0.006526412073525334,-0.006161596568235339,-0.014427326797504497,193.74807739257807
2412,2021-08-04,0.8440552886619695,0.8290567199659356,0.8496087975339512,0.8284486322696819,0.10726641081140072,0.011796196170538287,-0.016133591504116307,0.0012161135384037847,0.0038104602217494676,-0.02298332090434531,190.04969787597656
2413,2021-08-05,0.8320158821545715,0.8398800129349302,0.8417852430458048,0.8297863509765154,0.09770275923534441,-0.012039406507398098,0.010823292968994647,-0.007823554488146423,0.001337718706833524,-0.009563651576056306,192.53077697753903
2414,2021-08-06,0.8472576611874653,0.8445822856279019,0.8528517463516594,0.8417446667535924,0.0973862747594536,0.01524177903289381,0.004702272692971743,0.01106650330585457,0.011958315777076955,-0.00031648447589080475,193.6086883544922
2415,2021-08-09,0.8402853428783288,0.8467712405137453,0.8507843966342461,0.8355425557472483,0.0999363393295622,-0.0069723183091364715,0.002188954885843364,-0.0020673497174132915,-0.0062021110063440466,0.00255006457010859,194.1105194091797
2416,2021-08-10,0.8512708173079659,0.8677692861714759,0.8711337783035102,0.8470550271428179,0.15255279288455592,0.010985474429637154,0.020998045657730557,0.020349381669264144,0.011512471395569546,0.052616453554993725,198.92404174804688
2417,2021-08-11,0.8744983322896484,0.8985366308663358,0.9022254859196555,0.8697961214507806,0.2835300751195911,0.023227514981682407,0.030767344694859977,0.031091707616145214,0.022741094307962673,0.1309772822350352,205.97698974609372
2418,2021-08-12,0.900887767212822,0.8927804260956033,0.9070493019269534,0.8856054118877155,0.16167991414903873,0.026389434923173694,-0.005756204770732576,0.004823816007297976,0.01580929043693491,-0.12185016097055237,204.6574859619141
2419,2021-08-13,0.8913211022203397,0.886010803685218,0.8940370540721154,0.882605673406867,0.0745521017115626,-0.009566664992482377,-0.0067696224103852565,-0.01301224785483801,-0.002999738480848446,-0.08712781243747614,203.1056060791016
2420,2021-08-16,0.881105835093495,0.8825246445306498,0.8837001817768407,0.8688637326873457,0.11395260008366831,-0.010215267126844618,-0.0034861591545681803,-0.01033687229527469,-0.013741940719521284,0.03940049837210571,202.30650329589844
2421,2021-08-17,0.8764846531308444,0.8652154539262388,0.8771737697033155,0.8536219536544518,0.1463395114498263,-0.0046211819626506,-0.01730919060441105,-0.006526412073525223,-0.01524177903289392,0.03238691136615798,198.33859252929688
2422,2021-08-18,0.8614049937044893,0.8505006100051734,0.8656613601618499,0.8501357944998836,0.10723003328543626,-0.015079659426355141,-0.014714843921065368,-0.011512409541465596,-0.0034861591545681803,-0.03910947816439003,194.9654083251953
2423,2021-08-19,0.8438525927632183,0.8287729333368632,0.8470550271428179,0.8237464214308141,0.1741792320704269,-0.017552400941270974,-0.021727676668310214,-0.01860633301903203,-0.02638937306906952,0.06694919878499064,189.98468017578125
2424,2021-08-20,0.8327049987270425,0.8307592541780592,0.8401637377098989,0.825286774182295,0.1006020480547118,-0.011147594036175823,0.0019863208411959876,-0.006891289432918946,0.0015403527514809001,-0.0735771840157151,190.43997192382807
2425,2021-08-23,0.8401232232717901,0.8477846581533977,0.8502573996683136,0.8343670185010573,0.10285381691191182,0.007418224544747609,0.01702540397533847,0.010093661958414657,0.00908024431876231,0.0022517688572000205,194.34283447265625
2426,2021-08-24,0.8502573996683136,0.8617698092097793,0.8645263373537675,0.8493655871970912,0.09043089179504901,0.010134176396523475,0.01398515105638165,0.014268937685453897,0.014998568696033887,-0.012422925116862812,197.5487518310547
2427,2021-08-25,0.8641209455562651,0.8705662668994691,0.8743767271212185,0.8599861842673345,0.09457429200240092,0.013863545887951467,0.00879645768968984,0.009850389767451007,0.01062059707024332,0.004143400207351905,199.565185546875
2428,2021-08-26,0.8695528492598168,0.8562973910681191,0.8695528492598168,0.8532165618569492,0.09144946252205388,0.005431903703551733,-0.014268875831350059,-0.004823877861401704,-0.0067696224103853675,-0.0031248294803470356,196.2942657470703
2429,2021-08-27,0.8604320905029458,0.8627427124113228,0.8676071047108334,0.860269970896407,0.09135851870714273,-0.009120758756871017,0.006445321343203747,-0.0019457445489834413,0.007053409039457836,-9.094381491114856e-05,197.77175903320312
2430,2021-08-30,0.8643236414550164,0.8571486272471287,0.8664315674646424,0.8545137661256742,0.06992124265628695,0.0038915509520706104,-0.005594085164194129,-0.0011755372461909053,-0.005756204770732798,-0.021437276050855783,196.4893951416016
2431,2021-08-31,0.8564595106746575,0.8547974909006427,0.8605942719635882,0.8529733515200894,0.10396333145382783,-0.007864130780358858,-0.0023511363464859825,-0.005837295501054274,-0.00154041460558485,0.03404208879754088,195.950439453125
2432,2021-09-01,0.8547974909006427,0.8430013565842085,0.8552839734284667,0.8375288765884444,0.14998090179886867,-0.0016620197740148113,-0.011796134316434226,-0.005310298535121438,-0.015444474931644914,0.04601757034504084,193.24632263183597
2433,2021-09-02,0.8468928456821753,0.8584863459539622,0.8632291330850427,0.8468928456821753,0.10628057985776387,-0.007904645218467454,0.015484989369753732,0.00794515965657594,0.009363969093730828,-0.04370032194110479,196.79605102539065
2434,2021-09-03,0.8559325137087251,0.8527706556213381,0.8626211072428929,0.8512708173079659,0.0913803452227214,0.009039668026549874,-0.00571569033262409,-0.0006080258421498064,0.0043779716257906776,-0.014900234635042475,195.4857940673828
2435,2021-09-07,0.8514329369145045,0.8440958031000781,0.8526490504529083,0.8425554503485972,0.09607668382473308,-0.004499576794220639,-0.00867485252125999,-0.009972056789984585,-0.008715366959368698,0.004696338602011685,193.49717712402344
2436,2021-09-08,0.8395962263058576,0.8381774787228067,0.843649896864467,0.8300701376055879,0.09469433783808363,-0.011836710608646883,-0.005918324377271467,-0.008999153588441278,-0.012485312743009347,-0.0013823459866494497,192.1405029296875
2437,2021-09-09,0.8370829703528331,0.8327049987270425,0.8437715020328971,0.8305970727174167,0.10105312937667109,-0.00251325595302454,-0.005472479995764168,0.0001216051684300723,0.0005269351118287746,0.006358791538587455,190.8860321044922
2438,2021-09-10,0.8395151974296402,0.8310429789530278,0.8426770555170273,0.8302728335043393,0.09280634424052821,0.0024322270768071252,-0.0016620197740147002,-0.0010944465158697625,-0.0003242392130773375,-0.008246785136142881,190.5050201416016
2439,2021-09-13,0.8397584077665001,0.8358668568144295,0.8425959647867062,0.8266650073272371,0.09818658033067171,0.00024321033685992255,0.004823877861401704,-8.109073032114278e-05,-0.0036078261771022024,0.0053802360901435,191.6108245849609
2440,2021-09-14,0.835218254680067,0.8201791715459246,0.8354615268710308,0.8173821289638274,0.13669219156405174,-0.004540153086433074,-0.015687685268504947,-0.007134437915675362,-0.009282878363409686,0.03850561123338003,188.0146484375
2441,2021-09-15,0.8195305694115621,0.8339616267035547,0.8374477858581232,0.8183144558731585,0.12159915604139762,-0.015687685268504947,0.013782455157630102,0.001986258987092371,0.0009323269093310937,-0.015093035522654119,191.17410278320312
2442,2021-09-16,0.8328266038954725,0.8253273504745074,0.8366370641172219,0.8221654923871206,0.11350151876170901,0.013296034483910368,-0.008634276229047222,-0.0008107217409012435,0.003851036513962014,-0.00809763727968861,189.19482421875
2443,2021-09-17,0.8213952850843281,0.8097206940822199,0.8239896317676739,0.8085045805438164,0.23103730515287654,-0.011431318811144342,-0.015606656392287532,-0.012647432349548016,-0.013660911843304202,0.11753578639116753,185.6171722412109
2444,2021-09-20,0.7826016281484666,0.7735214456838082,0.7863715739321075,0.7640358095675432,0.3328943778533622,-0.038793656935861565,-0.03619924839841171,-0.037618057835566376,-0.04446877097627311,0.10185707270048563,177.3190155029297
2445,2021-09-21,0.7783047472529974,0.7695488040014163,0.7811828805654157,0.7579553037296292,0.20734826024482075,-0.004296880895469202,-0.003972641682391864,-0.00518869336669181,-0.006080505837914085,-0.12554611760854142,176.40834045410156
2446,2021-09-22,0.7783047472529974,0.7756698861315428,0.7884389236495208,0.7748996788287503,0.14275996289492351,0.0,0.0061210821301264096,0.007256043084105102,0.016944375099121167,-0.06458829734989724,177.81155395507812
2447,2021-09-23,0.7819936023063168,0.7970326854404594,0.8010053271228513,0.7817503919694568,0.12251223194310555,0.0036888550533193953,0.021362799308916602,0.01256640347333049,0.00685071314070651,-0.020247730951817963,182.7086334228516
2448,2021-09-24,0.79310062005028,0.7978434690354644,0.8017754725715398,0.790181972299753,0.08001236835882791,0.011107017743963277,0.0008107835950050823,0.0007701454486884751,0.008431580330296118,-0.04249986358427764,182.89450073242188
2449,2021-09-27,0.8010053271228513,0.8107341117218723,0.8188009384009824,0.8010053271228513,0.11033667400280107,0.007904707072571293,0.012890642686407827,0.017025465829442643,0.010823354823098374,0.030324305643973162,185.8495178222656
2450,2021-09-28,0.8115448334627734,0.8129636428999282,0.8183955466034798,0.8056670235236105,0.11813601556958112,0.010539506339922067,0.00222953117805591,-0.0004053917975026522,0.0046616964007591966,0.007799341566780041,186.36056518554688
2451,2021-09-29,0.8126798562708556,0.8020997736387211,0.815436384414844,0.8014106570662499,0.10748467596718747,0.0011350228080821978,-0.010863869261207082,-0.002959162188635789,-0.004256366457360605,-0.010651339602393645,183.8702087402344
2452,2021-09-30,0.8051400265576781,0.7781831420845674,0.8061534441973304,0.7768049089396252,0.18109096200367414,-0.007539829713177459,-0.02391663155415369,-0.009282940217513636,-0.02460574812662475,0.07360628603648667,178.38763427734375
2453,2021-10-01,0.7819530260141043,0.7877498070770497,0.7939924325215023,0.7752239798959318,0.1344331472016588,-0.02318700054357381,0.009566664992482266,-0.01216101167582806,-0.0015809290436933354,-0.046657814802015335,180.5806579589844
2454,2021-10-04,0.7894118268510646,0.7828854147775393,0.7941546139821448,0.7799667670270121,0.1042070608777897,0.0074588008369602665,-0.004864392299510412,0.0001621814606425076,0.004742787131080228,-0.030226086323869097,179.465576171875
2455,2021-10-05,0.7813855146100632,0.7803315825323021,0.7880335318520184,0.7731565683244143,0.11184634133032613,-0.008026312241001365,-0.0025538322452371975,-0.0061210821301264096,-0.006810198702597803,0.007639280452536423,178.88014221191406
2456,2021-10-06,0.7701974061357787,0.7777372358489564,0.7798856762966909,0.7612793432776589,0.13742337983593736,-0.01118810847428453,-0.002594346683345683,-0.008147855555327488,-0.011877225046755369,0.02557703850561123,178.2854461669922
2457,2021-10-07,0.7853175800002423,0.7935060118477825,0.7961003585311284,0.7848311593265227,0.12770330489823387,0.015120173864463626,0.01576877599882609,0.01621468223443745,0.023551816048863805,-0.009720074937703493,181.90020751953125
2458,2021-10-08,0.7937087077465338,0.7911143610631878,0.7968705658339208,0.7894118268510646,0.09869950344677059,0.008391127746291471,-0.00239165078459469,0.000770207302792425,0.004580667524541893,-0.02900380145146328,181.3519287109375
2459,2021-10-11,0.7958976626323772,0.7819125115759955,0.7992622166185153,0.7810612135428818,0.0733079903235781,0.002188954885843364,-0.00920184948719227,0.002391650784594468,-0.008350613308182764,-0.02539151312319249,179.24253845214844
2460,2021-10-12,0.7796019515217223,0.7698731050685974,0.7847095541580926,0.7684948719236552,0.1712181014569199,-0.016295711110654865,-0.012039406507398098,-0.014552662460422638,-0.01256634161922665,0.0979101111333418,176.48269653320312
2461,2021-10-13,0.7722242414150834,0.7659005252403094,0.7752644943340403,0.7609550422104776,0.11834336746757854,-0.007377710106638902,-0.003972579828288025,-0.009445059824052304,-0.0075398297131775704,-0.052874733989341366,175.572021484375
2462,2021-10-14,0.7845879489896627,0.7877498070770497,0.7896550371879244,0.7807774887679134,0.18963240510012913,0.012363707574579275,0.021849281836740286,0.01439054285388408,0.019822446557435813,0.0712890376325506,180.5806579589844
2463,2021-10-15,0.7943573098808963,0.8067615318935841,0.8085045805438164,0.7916818724672291,0.1722948762254679,0.009769360891233592,0.01901172481653446,0.01884954335589195,0.010904383699315678,-0.017337528874661223,184.93882751464844
2464,2021-10-18,0.800113514651629,0.8033564016152334,0.8053832368945381,0.7926952901068814,0.10219902144455155,0.005756204770732798,-0.0034051302783507653,-0.0031213436492782964,0.0010134176396523475,-0.07009585478091636,184.1582794189453
2465,2021-10-19,0.8050589976814606,0.8153552936845228,0.8167335268294649,0.8044914862774196,0.09556012295603776,0.004945483029831554,0.01199889206928939,0.011350289934926816,0.011796196170538176,-0.006638898488513789,186.9088287353516
2466,2021-10-20,0.815436384414844,0.8277190012591021,0.8317320955254989,0.8128825521696069,0.10680441623165209,0.010377386733383398,0.012363707574579386,0.014998568696033998,0.0083910658921873,0.011244293275614325,189.7430725097656
2467,2021-10-21,0.8172200093572888,0.8194089642431321,0.8200575663774946,0.8096801796441114,0.11172629549464341,0.0017836249424447725,-0.008310037015969995,-0.011674529148004265,-0.0032023725254954893,0.004921879262991327,187.8380889892578
2468,2021-10-22,0.8133284584052181,0.8133689728433269,0.8202602622762457,0.807491162904164,0.09576019934884228,-0.0038915509520707214,-0.006039991399805267,0.00020269589875110405,-0.0021890167399474247,-0.015966096145801134,187.48301696777344
2469,2021-10-25,0.815922805088564,0.8196927508722047,0.8241517513742125,0.8128014614392858,0.11985303479510359,0.002594346683345905,0.006323778028877847,0.0038914890979667716,0.005310298535121771,0.024092835446261313,188.94065856933597
2470,2021-10-26,0.821881705758048,0.8092747878466088,0.8220438253645866,0.8085856712741376,0.10671711016933738,0.005958900669484013,-0.010417963025595944,-0.002107926009625838,-0.00421579016514817,-0.01313592462576621,186.539306640625
2471,2021-10-27,0.8117475293615246,0.7950464264533673,0.8124771603721044,0.7941951284202536,0.12392731770312301,-0.010134176396523364,-0.014228361393241462,-0.009566664992482266,-0.01439054285388397,0.017210207533785632,183.25962829589844
2472,2021-10-28,0.8000324239213078,0.8273136094615997,0.8289756292356144,0.7987757959447954,0.16234198512159187,-0.011715105440216811,0.03226718300823239,0.01649846886351003,0.004580667524541782,0.038414667418468856,190.69728088378903
2473,2021-10-29,0.8431229617526387,0.8269893083944185,0.8502573996683136,0.8238680265992442,0.1561396169446516,0.04309053783133088,-0.00032430106718117635,0.021281770432699187,0.025092230654448766,-0.006202368176940282,190.6225433349609
2474,2021-11-01,0.8281243312025007,0.832542879120504,0.8386233849584179,0.8261785866535172,0.11696102148092909,-0.014998630550137948,0.005553570726085422,-0.011634014709895668,0.002310560054272992,-0.0391785954637225,191.9026336669922
2475,2021-11-02,0.8340427174338761,0.8395962263058576,0.8423932688879546,0.8228951233977003,0.12476036304770913,0.0059183862313754165,0.0070533471853536645,0.0037698839295366993,-0.003283463255816854,0.007799341566780041,193.52847290039065
2476,2021-11-03,0.8361100671512895,0.8251246545757563,0.8374072714200144,0.8181118218285113,0.11411629895050837,0.0020673497174134026,-0.014471571730101274,-0.004985997467940262,-0.004783301569189047,-0.010644064097200756,190.1927032470703
2477,2021-11-04,0.8269487939563097,0.825286774182295,0.8305565582793079,0.821314194354007,0.09252623729060186,-0.009161273194979835,0.00016211960653866875,-0.00685071314070651,0.0032023725254957114,-0.021590061659906512,190.2301177978516
2478,2021-11-05,0.8329482090639023,0.8345697143998086,0.8467307260756367,0.83193479142425,0.09426508303170301,0.005999415107592609,0.009282940217513636,0.016174167796328853,0.010620597070242987,0.0017388457411011554,192.3698272705078
2479,2021-11-08,0.8751469344240109,0.8684989171820556,0.8774980707704968,0.8563379055062276,0.21625347860092034,0.0421987253601086,0.03392920278224698,0.030767344694860088,0.024403114081977595,0.12198839556921733,200.1905670166016
2480,2021-11-09,0.8722688011115924,0.8505006100051734,0.87384979200939,0.8470550271428179,0.12042052420014915,-0.002878133312418485,-0.017998307176882222,-0.003648278761106849,-0.009282878363409686,-0.09583295440077119,196.04193115234372
2481,2021-11-10,0.84831165511933,0.8377720869253042,0.8510681214092146,0.8367991837237606,0.11865621419087288,-0.023957145992262396,-0.012728523079869158,-0.02278167060017533,-0.010255843419057276,-0.0017643100092762654,193.10797119140625
2482,2021-11-11,0.8426770555170273,0.8453119166384818,0.8530544422504106,0.8426770555170273,0.17533239964350025,-0.005634599602302726,0.0075398297131775704,0.0019863208411959876,0.005877871793266709,0.05667618545262737,194.845947265625
2483,2021-11-12,0.8486359561865113,0.84831165511933,0.854067859890063,0.8443795897291507,0.07340984739627858,0.005958900669484013,0.002999738480848224,0.0010134176396523475,0.0017025342121234077,-0.10192255224722167,195.53738403320312
2484,2021-11-15,0.8512708173079659,0.8419879389445563,0.854067859890063,0.8381369024305942,0.08703686862256498,0.0026348611214546125,-0.006323716174773786,0.0,-0.006242687298556482,0.013627021226286395,194.0797576904297
2485,2021-11-16,0.8431634761907472,0.8327455131651512,0.8438931072013269,0.8320563965926802,0.07777515051201368,-0.00810734111721878,-0.009242425779405039,-0.010174752688736022,-0.006080505837914085,-0.009261718110551292,191.9493408203125
2486,2021-11-17,0.8310024645149191,0.822814032667379,0.8317726718177115,0.8141797564383317,0.11406900816675458,-0.01216101167582806,-0.00993148049777226,-0.012120435383615402,-0.017876640154348422,0.0362938576547409,189.66015625
2487,2021-11-18,0.8239896317676739,0.8164903164926051,0.8257732567101188,0.8134095491355393,0.07711671729205696,-0.007012832747245179,-0.006323716174773897,-0.0059994151075927205,-0.000770207302792425,-0.03695229087469762,188.20249938964844
2488,2021-11-19,0.8144634812133004,0.812517736664317,0.8225708223305191,0.8093558785769299,0.10840866512668473,-0.009526150554373558,-0.003972579828288025,-0.0032024343795996613,-0.00405367055860939,0.03129194783462777,187.28683471679688
2489,2021-11-22,0.8167741031216778,0.8203818674446758,0.8290972344040444,0.8110989272271623,0.0944542461667182,0.002310621908377386,0.007864130780358747,0.006526412073525223,0.0017430486502323372,-0.013954418959966533,189.09950256347656
2490,2021-11-23,0.8230978192964516,0.8323401832217526,0.8333130864232964,0.8171794330650763,0.11375616144346024,0.006323716174773897,0.011958315777076844,0.004215852019252009,0.006080505837914085,0.019301915276742035,191.85592651367188
2491,2021-11-24,0.8255705608113674,0.8393935922612104,0.8442174082685083,0.8232194244648816,0.14116298950508377,0.0024727415149157217,0.007053409039457725,0.01090432184521195,0.006039991399805267,0.027406828061623534,193.48175048828125
2492,2021-11-26,0.8147877822804817,0.8055859327932892,0.816611921661035,0.7969921710023509,0.1271758307717492,-0.010782778530885717,-0.03380765946792119,-0.027605486607473306,-0.026227253462530742,-0.01398715873333456,185.68902587890625
2493,2021-11-29,0.8157201091898125,0.7941951284202536,0.8168146175597863,0.7834934406196891,0.16587788064533732,0.0009323269093308717,-0.011390804373035524,0.0002026958987513261,-0.013498730382661805,0.03870204987358811,183.0634307861328
2494,2021-11-30,0.7857634862358538,0.7837772272487615,0.7976812875748218,0.776480607872444,0.23128831008203132,-0.029956622953958734,-0.010417901171492105,-0.01913332998496453,-0.007012832747245068,0.065410429436694,180.6620941162109
2495,2021-12-01,0.8009242363925301,0.7761563068052627,0.8043698192548857,0.7757104005696517,0.12460393968606195,0.015160750156676284,-0.007620920443498824,0.006688531680063892,-0.000770207302792314,-0.10668437039596937,178.9054412841797
2496,2021-12-02,0.7795613752295095,0.7977218020129305,0.8010863559990687,0.7775345399502048,0.12534604121573692,-0.021362861163020552,0.021565495207667817,-0.003283463255816965,0.001824139380553147,0.0007421015296749656,183.87632751464844
2497,2021-12-03,0.80128905189782,0.8018160488637525,0.8082613702069564,0.793465497409674,0.11825969915786028,0.021727676668310436,0.0040942468508219365,0.007175014207887687,0.015930957459469153,-0.007086342057876643,184.82003784179688
2498,2021-12-06,0.8090315775097489,0.815922805088564,0.8239490554754615,0.8040050037495959,0.10325396969752088,0.0077425256119288965,0.0141067562248115,0.01568768526850506,0.010539506339921956,-0.015005729460339401,188.0716857910156
2499,2021-12-07,0.8240706606438913,0.8289351147975058,0.8359074331066422,0.8231789100267729,0.10251186816784591,0.015039083134142484,0.01301230970894185,0.011958377631180683,0.019173906277176966,-0.0007421015296749656,191.071044921875
2500,2021-12-08,0.8286108137303244,0.8277190012591021,0.8358668568144295,0.8253678649126164,0.08516706378799178,0.004540153086433074,-0.0012161135384036736,-4.057629221265735e-05,0.002188954885843475,-0.017344804379854126,190.79074096679688
2501,2021-12-09,0.8233005151952028,0.8274757909222422,0.8308808593464891,0.8143013616067618,0.05989923425307845,-0.00531029853512166,-0.00024321033685992255,-0.004985997467940373,-0.01106650330585457,-0.025267829534913334,190.7346649169922
2502,2021-12-10,0.8326239079967214,0.8247598390704665,0.8346507432760261,0.8192873590747023,0.120598774077375,0.009323392801518615,-0.0027159518517757553,0.0037698839295369213,0.004985997467940484,0.06069953982429655,190.10862731933597
2503,2021-12-13,0.82621916294573,0.815801199920134,0.8279622115959621,0.8125582511024257,0.06797140726459193,-0.006404745050991423,-0.00895863915033246,-0.006688531680064003,-0.006729107972276549,-0.05262736681278307,188.04367065429688
2504,2021-12-14,0.8107341117218723,0.8173821289638274,0.8268677032259883,0.8099233899809712,0.08180578038887575,-0.015485051223857682,0.0015809290436934464,-0.0010945083699737124,-0.0026348611214545015,0.013834373124283816,188.40805053710935
2505,2021-12-15,0.8147877822804817,0.821070984017147,0.8212736799158981,0.8052211172879994,0.07980137870823405,0.00405367055860939,0.0036888550533195064,-0.00559402331009029,-0.004702272692971854,-0.0020044016806416987,189.2583465576172
2506,2021-12-16,0.8310024645149191,0.8357452516459996,0.8440958031000781,0.8295836550777643,0.10392331617526691,0.01621468223443745,0.0146742676288526,0.022822123184180088,0.024362537789764938,0.024121937467032867,192.6407928466797
2507,2021-12-17,0.8307997686161678,0.8162876205938538,0.8320158821545715,0.8157201091898125,0.2211608068535259,-0.0002026958987513261,-0.019457631052145707,-0.012079920945506695,-0.0138635458879518,0.11723749067825899,188.15577697753903
2508,2021-12-20,0.8008026312241001,0.7923304746015916,0.8008026312241001,0.7826016281484666,0.1311446188544717,-0.029997137392067663,-0.023957145992262285,-0.031213250930471337,-0.03311848104134596,-0.0900161879990542,182.6336212158203
2509,2021-12-21,0.7985731000460442,0.8038833985811658,0.8067615318935841,0.7975191679682833,0.08379199330653522,-0.00222953117805591,0.011552923979574192,0.005958900669484013,0.014917539819816694,-0.04735262554793648,185.2965545654297
2510,2021-12-22,0.8147066915501602,0.819449478681241,0.8245165668795026,0.8140986657080105,0.1294567016497208,0.016133591504115974,0.015566080100075208,0.01775503498591846,0.016579497739727223,0.04566470834318559,188.88461303710935
2511,2021-12-23,0.8245976576098238,0.8358668568144295,0.8403259191705414,0.8240706606438913,0.09711344331472016,0.009890966059663664,0.016417378133188554,0.01580935229103886,0.009971994935880857,-0.03234325833500065,192.6688537597656
2512,2021-12-27,0.8348129247366686,0.8365965496791132,0.8387044138346353,0.8315699759189602,0.06224922243038251,0.01021526712684473,0.0007296928646837175,-0.0016215053359061038,0.007499315275068863,-0.03486422088433765,192.83702087402344
2513,2021-12-28,0.8357857660841083,0.8375693910265529,0.8442174082685083,0.8356236464775696,0.05067389366849161,0.0009728413474396902,0.0009728413474396902,0.005512994433872986,0.00405367055860939,-0.0115753287618909,193.06126403808597
2514,2021-12-29,0.836150643443502,0.8404475243389714,0.8453930073688031,0.8353804361407097,0.04856035940995653,0.0003648773593937227,0.002878133312418485,0.0011755991002947441,-0.00024321033685992255,-0.0021135342585350755,193.72467041015625
2515,2021-12-30,0.8404475243389714,0.8353804361407097,0.8468523312440666,0.8347723484444559,0.05332581531130068,0.004296880895469424,-0.005067088198261738,0.0014593238752634852,-0.0006080876962537562,0.004765455901344147,192.5566864013672
2516,2021-12-31,0.8358668568144295,0.8380558735543769,0.8421095441129863,0.8337184163666949,0.05000090943814911,-0.004580667524541893,0.00267543741366727,-0.004742787131080228,-0.001053932077761055,-0.003324905873151568,193.1734161376953
2517,2022-01-03,0.8404475243389714,0.8391098056321378,0.8455957032675543,0.8342454133326274,0.07477764237254224,0.004580667524541893,0.001053932077760833,0.0034861591545679582,0.0005269969659325024,0.024776732934393128,193.41635131835935
2518,2022-01-04,0.8442984989988295,0.884024482844022,0.887429551268269,0.8429202658538872,0.19070190436348425,0.003850974659858064,0.044914677211884246,0.04183384800071466,0.00867485252125988,0.11592426199094201,203.76925659179688
2519,2022-01-05,0.8844298127874206,0.8907941052544072,0.9054278584451513,0.8844298127874206,0.19564561014205423,0.04013131378859114,0.0067696224103851455,0.017998307176882333,0.04150954693353337,0.004943705778569979,205.3296661376953
2520,2022-01-06,0.897847514293865,0.8998743495731697,0.9027929973236967,0.8839433921137005,0.14235253460412156,0.01341770150644439,0.009080244318762531,-0.0026348611214546125,-0.00048642067372006714,-0.053293075537932666,207.42266845703125
2521,2022-01-07,0.9019416992905829,0.9087924124312894,0.9160079410772857,0.9008471909206092,0.13362920387784427,0.004094184996717876,0.00891806285811969,0.013214943753589004,0.01690379880690862,-0.00872333072627729,209.4783172607422
2522,2022-01-10,0.911873179788355,0.8984555401360147,0.9151161286060633,0.8942802644089755,0.13586642172465851,0.00993148049777215,-0.01033687229527469,-0.0008918124712223863,-0.006566926511633708,0.0022372178468142434,207.0956268310547
2523,2022-01-11,0.8999148640112782,0.8916048269953083,0.9002796795165682,0.8779844914442168,0.1071063496971571,-0.011958315777076844,-0.006850713140706399,-0.014836449089495107,-0.016295772964758704,-0.028760072027501415,205.5165100097656
2524,2022-01-12,0.900401284684998,0.9015363074930804,0.9067655771519847,0.8920913095231321,0.09119481984030266,0.0004864206737198451,0.00993148049777215,0.006485897635416515,0.01410681807891534,-0.015911529856854442,207.8057556152344
2525,2022-01-13,0.9035226283342764,0.920183216804325,0.9237504666892146,0.9025092106946241,0.18197129813201404,0.0031213436492784075,0.018646909311244575,0.016984889537229875,0.010417901171491994,0.09077647829171138,212.1038818359375
2526,2022-01-14,0.910940852879024,0.9280473475846839,0.9308849046048896,0.9063196709163736,0.14444060459448152,0.007418224544747609,0.007864130780358858,0.007134437915675029,0.0038104602217494676,-0.03753069353753252,213.9165954589844
2527,2022-01-18,0.9230613501167434,0.9318172315142206,0.9340872771303852,0.919615705400284,0.19687153276705652,0.012120497237719352,0.0037698839295366993,0.0032023725254956004,0.01329603448391048,0.052430928172575,214.7855529785156
2528,2022-01-19,0.9309659953352107,0.8985366308663358,0.9315740211773605,0.8955774068235963,0.18158569635679078,0.007904645218467343,-0.03328060064788474,-0.002513255953024651,-0.02403829857668771,-0.015285836410265735,208.11929321289065
2529,2022-01-20,0.8961854945198501,0.8781466729048593,0.8993878670453458,0.8757549602661607,0.12898015605958638,-0.03478050081536066,-0.02038995796147658,-0.032186154132014755,-0.01982244655743559,-0.052605540297204406,203.3965759277344
2530,2022-01-21,0.8817138609356449,0.8678503150476934,0.8817138609356449,0.861080692637308,0.1365866967387548,-0.014471633584205223,-0.010296357857165872,-0.017674006109700935,-0.01467426762885271,0.007606540679168411,201.01173400878903
2531,2022-01-24,0.8559730900009376,0.8688232182492369,0.8714175649325827,0.8377315724871954,0.18579093835828225,-0.02574077093470728,0.000972903201543529,-0.010296296003062144,-0.02334912015011259,0.04920424161952747,201.237060546875
2532,2022-01-25,0.8597024594923658,0.8687421275189154,0.8789573946457603,0.8395151974296402,0.16567416649993633,0.003729369491428214,-8.109073032147585e-05,0.0075398297131775704,0.0017836249424447725,-0.020116771858345928,201.21827697753903
2533,2022-01-26,0.8715391701010127,0.8686610367885943,0.8872674316617303,0.8603510616267284,0.12944942614452792,0.011836710608646883,-8.109073032114278e-05,0.008310037015969995,0.02083586419708816,-0.0362247403554084,201.19949340820312
2534,2022-01-27,0.8723904681341265,0.8600672749976558,0.8832947899793384,0.8518788431501159,0.13380017824987722,0.0008512980331137898,-0.008593761790938514,-0.003972641682391864,-0.008472218476612503,0.004350752105349298,199.2090301513672
2535,2022-01-28,0.8333941152995138,0.815436384414844,0.8431634761907472,0.7977623783051431,0.3909601847978319,-0.03899635283461267,-0.04463089058281178,-0.04013131378859125,-0.05411646484497279,0.2571600065479547,188.8716278076172
2536,2022-01-31,0.8085045805438164,0.8170578278966462,0.8172200093572888,0.7891685546601006,0.22477673293439313,-0.02488953475569744,0.001621443481802154,-0.025943466833458384,-0.008593823645042464,-0.16618345186343877,189.24713134765625
2537,2022-02-01,0.8139770605395805,0.8324212739520739,0.8342048370404147,0.8129230666077156,0.14647047054329834,0.005472479995764168,0.01536344605542772,0.016984827683125925,0.02375451194761502,-0.07830626239109478,192.8056640625
2538,2022-02-02,0.8237058451386015,0.8307592541780592,0.8342454133326274,0.8164092257622839,0.1270412339256807,0.009728784599020934,-0.0016620197740147002,4.057629221265735e-05,0.0034861591545682913,-0.01942923661761764,192.42068481445312
2539,2022-02-03,0.8310024645149191,0.813125762506467,0.834529138107596,0.8110989272271623,0.09997271685552665,0.007296619376317648,-0.017633491671592227,0.00028372477496863,-0.00531029853512166,-0.02706851707015405,188.3364105224609
2540,2022-02-04,0.8115854097549859,0.8042887903786682,0.8148282967185904,0.796505750328631,0.14299277906109606,-0.01941705475993316,-0.00883697212779877,-0.01970084138900563,-0.014593176898531235,0.043020062205569407,186.28961181640625
2541,2022-02-07,0.8060318390289006,0.8100044807112925,0.8169362227282163,0.8027483757730836,0.08737881736663089,-0.005553570726085311,0.0057156903326243125,0.002107926009625949,0.006242625444452532,-0.05561396169446517,187.61343383789065
2542,2022-02-08,0.8117880437996334,0.8168146175597863,0.8200980808156032,0.8076127680725939,0.08756434274904963,0.005756204770732798,0.006810136848493853,0.003161858087386893,0.004864392299510301,0.0001855253824187414,189.19081115722656
2543,2022-02-09,0.8214357995224368,0.8253273504745074,0.8273541857538121,0.819206268344381,0.09980901798868659,0.009647755722803408,0.0085127329147211,0.00725610493820894,0.011593500271787183,0.01224467523963696,191.1625518798828
2544,2022-02-10,0.8211520747474682,0.8231789100267729,0.8380963879924854,0.8170578278966462,0.12872187562523874,-0.00028372477496863,-0.0021484404477345453,0.010742202238673282,-0.0021484404477348784,0.028912857636552144,190.66493225097656
2545,2022-02-11,0.8245976576098238,0.8157606854820254,0.8295836550777643,0.8112611086878048,0.13920587860819586,0.003445582862355634,-0.007418224544747498,-0.0085127329147211,-0.005796719208841394,0.010484002982957125,188.94671630859372
2546,2022-02-14,0.8145850863817303,0.8102882054862611,0.8176253393006874,0.8030726768402648,0.09932883464595572,-0.010012571228093514,-0.005472479995764279,-0.011958315777076955,-0.008188431847539923,-0.039877043962240136,187.6791534423828
2547,2022-02-15,0.813571668742078,0.824557143171715,0.8287729333368632,0.8107746261599811,0.10013277796977027,-0.0010134176396523475,0.014268937685453897,0.011147594036175823,0.007701949319716239,0.000803943323814546,190.9841461181641
2548,2022-02-16,0.8233410296333117,0.8254894700810462,0.8327049987270425,0.8228951233977003,0.0819913057712945,0.009769360891233703,0.0009323269093312048,0.003932065390179318,0.012120497237719241,-0.01814147219847577,191.2000732421875
2549,2022-02-17,0.8147877822804817,0.7894118268510646,0.8178685496375474,0.7881957133126609,0.17095982102257226,-0.008553247352830029,-0.03607764322998164,-0.014836449089495107,-0.034699410085039406,0.08896851525127776,182.8437957763672
2550,2022-02-18,0.7838177416868704,0.7781020513542461,0.79297901488185,0.7749807077049679,0.1595227268593463,-0.030970040593611303,-0.011309775496818442,-0.02488953475569744,-0.013215005607693064,-0.01143709416322597,180.2242126464844
2551,2022-02-22,0.7781020513542461,0.7751023747275018,0.7900603671313231,0.7724269373138346,0.12688481056403353,-0.0057156903326242015,-0.0029996766267443853,-0.0029186477505268593,-0.0025537703911332477,-0.03263791629531276,179.5294189453125
2552,2022-02-23,0.777169724444915,0.756698675753117,0.7796019515217223,0.7554825622147134,0.12915476818421578,-0.0009323269093310937,-0.018403698974384763,-0.010458415609600813,-0.016944375099121167,0.0022699576201822558,175.26675415039062
2553,2022-02-24,0.7378896468353338,0.7486724253662196,0.7510235617127053,0.7283229818428515,0.215336764946616,-0.0392800776095813,-0.008026250386897416,-0.028578389809016946,-0.027159580371861947,0.08618199676240021,173.40771484375
2554,2022-02-25,0.7496858430058719,0.7582796047968103,0.7618062783894873,0.7463618034578423,0.13076265483184488,0.011796196170538176,0.009607179430590751,0.01078271667678199,0.01803882161499082,-0.08457411011477112,175.63291931152344
2555,2022-02-28,0.7472536159290648,0.7603875308064365,0.7652114086678381,0.7445376640772889,0.18801724294730715,-0.0024322270768071252,0.002107926009626171,0.0034051302783507653,-0.001824139380553369,0.057254588115462274,176.1211700439453
2556,2022-03-01,0.7611577381092288,0.741132595653042,0.7629818774897823,0.7322550472330309,0.18591098419396496,0.013904122180164014,-0.019254935153394492,-0.002229531178055799,-0.01228261684425802,-0.002106258753342194,171.6613311767578
2557,2022-03-02,0.750739775083633,0.7807774887679134,0.7846284634277713,0.7499290533427319,0.2128048891394896,-0.010417963025595833,0.039644893114871405,0.02164658593798896,0.017674006109700935,0.026893904945524655,180.8438720703125
2558,2022-03-03,0.7836556220803317,0.7898577330866755,0.7968705658339208,0.7796829803979397,0.16114152676476473,0.032915846996698694,0.009080244318762087,0.012242102406149535,0.02975392705520785,-0.05166336237472488,182.94705200195312
2559,2022-03-04,0.7746564684918904,0.7931411963424925,0.7945599439255436,0.7714540341122909,0.1576856617981411,-0.008999153588441278,0.003283463255816965,-0.002310621908377164,-0.008228946285648853,-0.0034558649666236174,183.70758056640625
2560,2022-03-07,0.7896144608957117,0.7973569865076406,0.824921958677005,0.7848716737646313,0.251452372724131,0.01495799240382134,0.00421579016514817,0.030362014751461386,0.01341763965234044,0.0937667109259899,184.6840362548828
2561,2022-03-08,0.8264217969903772,0.8512708173079659,0.8710932638654015,0.8228951233977003,0.3389876134524091,0.036807336094665466,0.0539138308003253,0.046171305188396516,0.03802344963306903,0.08753524072827806,197.17153930664065
2562,2022-03-09,0.8616887803335619,0.8503790048367436,0.865864056060601,0.8409339450126913,0.1745502828352644,0.03526698334318468,-0.0008918124712223863,-0.0052292078048005175,0.01803882161499093,-0.1644373306171447,196.9650115966797
2563,2022-03-10,0.84879807579305,0.8585268603920709,0.8817544372278573,0.8438931072013269,0.17775150512013677,-0.012890704540511888,0.008147855555327377,0.015890381167256273,0.002959162188635678,0.0032012222848723793,198.85223388671875
2564,2022-03-11,0.8605942719635882,0.8708500535285416,0.8827678548675096,0.8605942719635882,0.14716528128921952,0.011796196170538176,0.012323193136470678,0.0010134176396523475,0.016701164762261245,-0.030586223830917247,201.70648193359372
2565,2022-03-14,0.8768089541980256,0.8733227950434574,0.8856459263258241,0.8631480423547214,0.12843813092271594,0.01621468223443745,0.0024727415149158327,0.002878071458314424,0.0025537703911332477,-0.018727150366503575,202.2792816162109
2566,2022-03-15,0.8760792613333419,0.8774575563323881,0.8811869258238163,0.8533381670253793,0.15875879881409266,-0.0007296928646837175,0.004134761288930644,-0.0044590005020077594,-0.009809875329342077,0.030320667891376718,203.23696899414065
2567,2022-03-16,0.8816733464975361,0.8759171417268032,0.8897401731766463,0.8606753626939095,0.15928627294057732,0.00559408516419424,-0.00154041460558485,0.008553247352830029,0.007337195668530194,0.0005274741264846561,202.88018798828125
2568,2022-03-17,0.8728363743697376,0.8986987504728746,0.8990230515400559,0.8688637326873457,0.13097364448243876,-0.008836972127798548,0.02278160874607138,0.009282878363409575,0.008188369993436195,-0.02831262845813856,208.1568298339844
2569,2022-03-18,0.8896995968844335,0.8954963779473789,0.8986987504728746,0.8837001817768407,0.14933338183670128,0.016863222514695853,-0.0032023725254957114,-0.00032430106718128737,0.014836449089494996,0.018359737354262523,207.41510009765625
2570,2022-03-21,0.8958611934526689,0.906846667882306,0.9203859127030763,0.8958206790145603,0.10557485585405336,0.00616159656823545,0.011350289934927038,0.02168716223020173,0.012120497237719574,-0.043758525982647914,210.0440826416016
2571,2022-03-22,0.909886920801263,0.9027929973236967,0.9155215204035657,0.8972394265976112,0.08954328016151622,0.014025727348594086,-0.004053670558609279,-0.004864392299510634,0.0014187475830509388,-0.016031575692537145,209.1051483154297
2572,2022-03-23,0.8986582360347659,0.9006039805837494,0.911184063215884,0.8986582360347659,0.0728168937230579,-0.011228684766497077,-0.0021890167399473137,-0.004337457187681748,0.0014188094371546667,-0.01672638643845832,208.5981292724609
2573,2022-03-24,0.9021038188971215,0.900766162044392,0.9120758756871064,0.8979285431700823,0.07678931955837684,0.003445582862355634,0.00016218146064261862,0.0008918124712223863,-0.0007296928646836065,0.003972425835318941,208.6356964111328
2574,2022-03-25,0.9002796795165682,0.9054278584451513,0.9072114833875958,0.89642870485671,0.05751650630240637,-0.001824139380553369,0.004661696400759308,-0.004864392299510523,-0.0014998383133723037,-0.019272813255970467,209.71543884277344
2575,2022-03-28,0.9012930971562205,0.8993068381691283,0.9026713303011626,0.8879159719419888,0.11176994852580076,0.0010134176396523475,-0.006121020276023015,-0.004540153086433185,-0.00851273291472121,0.054253442223394385,208.29771423339844
2576,2022-03-29,0.8950504717117678,0.8960233130592075,0.897604242102901,0.8777817955454653,0.1334254897324433,-0.006242625444452754,-0.003283525109920804,-0.005067088198261627,-0.010134176396523475,0.02165554120664255,207.5371551513672
2577,2022-03-30,0.8999148640112782,0.9042928356370689,0.9156431255719958,0.8946450799142652,0.09121300860328489,0.004864392299510412,0.008269522577861399,0.01803888346909477,0.016863284368799913,-0.042212481129158416,209.45252990722656
2578,2022-03-31,0.9048198326030014,0.9032389035593078,0.9128460829898988,0.9016579126615103,0.11466559959257171,0.00490496859172318,-0.001053932077761055,-0.002797042582097009,0.007012832747245068,0.023452590989286815,209.20843505859372
2579,2022-04-01,0.9094410145656517,0.8908751959847283,0.9141838016967322,0.8843892983493119,0.09524727623274341,0.004621181962650378,-0.012363707574579497,0.0013377187068334129,-0.017268614312198394,-0.019418323359828293,206.34475708007807
2580,2022-04-04,0.8884024544698125,0.8950909861498764,0.8972800028898236,0.8780250677364292,0.07935029738627476,-0.021038560095839265,0.004215790165148059,-0.01690379880690862,-0.006364230612882715,-0.01589697884646865,207.3212127685547
2581,2022-04-05,0.8918075228940595,0.8756739313899432,0.9014147023246504,0.8721066815050539,0.13030793575728913,0.0034050684242470375,-0.01941705475993316,0.004134699434826805,-0.0059183862313753055,0.05095763837101437,202.8238220214844
2582,2022-04-06,0.8720255907747325,0.8764441386927357,0.880173508184164,0.8656613601618499,0.10124956801687918,-0.019781932119326995,0.000770207302792536,-0.02124119414048642,-0.006445321343203969,-0.029058367740409957,203.002197265625
2583,2022-04-07,0.8734038857737788,0.8751874488621196,0.8768494686361342,0.8657018745999585,0.08198039251350515,0.0013782949990462923,-0.001256689830616109,-0.0033240395480297336,4.051443810859645e-05,-0.019269175503374023,202.7111358642578
2584,2022-04-08,0.8747415426265084,0.8797681163866614,0.8832137611031209,0.8676071047108334,0.08913221411811782,0.001337656852729574,0.004580667524541782,0.006364292466986665,0.0019052301108748448,0.007151821604612668,203.7721405029297
2585,2022-04-11,0.8797681163866614,0.8757955365583733,0.8867809491339066,0.8745794230199697,0.09075101402353626,0.00502657376015303,-0.003972579828288136,0.0035671880307857062,0.0069723183091363605,0.0016187999054184388,202.8520050048828
2586,2022-04-12,0.8733633094815662,0.8784303976798278,0.8896995968844335,0.8714580793706913,0.09124211062405646,-0.006404806905095262,0.0026348611214545015,0.0029186477505268593,-0.0031213436492784075,0.0004910966005201994,203.46229553222656
2587,2022-04-13,0.8793627245891589,0.8847946901468143,0.8905103186253346,0.8772142841414243,0.06907728405391149,0.0059994151075927205,0.006364292466986554,0.0008107217409011325,0.00575620477073302,-0.02216482657014497,204.9364013671875
2588,2022-04-14,0.8914427073887695,0.9234666800601419,0.9291823703927662,0.8861729232917568,0.19417959584568653,0.012079982799610645,0.03867198991332754,0.0386720517674316,0.00895863915033246,0.12510231179177506,213.8936004638672
2589,2022-04-18,0.9242368873629344,0.9320199274129719,0.9500993253201754,0.9242368873629344,0.13255970461448918,0.032794179974164894,0.008553247352830029,0.020916954927409193,0.038063964071177625,-0.06161989123119735,215.8747100830078
2590,2022-04-19,0.9333576461198054,0.9411001717317342,0.9442620298191213,0.9224938387127023,0.09783371832881646,0.009120758756871017,0.00908024431876231,-0.005837295501054052,-0.0017430486502321152,-0.03472598628567272,217.97787475585935
2591,2022-04-20,0.9467347713340372,0.9529368823403812,0.9581660901451815,0.9428027059438577,0.1057749322468579,0.013377125214231733,0.011836710608646994,0.013904060326060175,0.020308867231155436,0.007941213918041437,220.7194976806641
2592,2022-04-21,0.9616928255919625,0.9427621915057491,0.9643682011515256,0.9390327601602171,0.12991869622946944,0.01495805425792529,-0.010174690834632072,0.0062021110063440466,-0.003769945783640649,0.024143763982611546,218.3628692626953
2593,2022-04-22,0.9258583308447367,0.8768089541980256,0.9314929304470394,0.8739713971778198,0.18384110296658723,-0.035834494747225776,-0.06595323730772351,-0.03287527070448615,-0.06506136298239729,0.05392240673711779,204.0606689453125
2594,2022-04-25,0.8727957980775248,0.8784303976798278,0.8796465112182315,0.8495277686577338,0.15080303388566543,-0.053062532767211845,0.001621443481802154,-0.05184641922880795,-0.02444362852008597,-0.0330380690809218,204.4380340576172
2595,2022-04-26,0.8761198376255546,0.8524869308463695,0.8845109035177419,0.8486359561865113,0.15193801269575657,0.0033240395480297336,-0.025943466833458273,0.004864392299510412,-0.0008918124712224973,0.0011349788100911418,198.40017700195312
2596,2022-04-27,0.8557703941021866,0.8673233799358647,0.8737687012790687,0.8403259191705414,0.12216664544644319,-0.020349443523367983,0.014836449089495218,-0.01074220223867317,-0.008310037015969884,-0.029771367249313382,201.85308837890625
2597,2022-04-28,0.8408528542823699,0.8611617833676294,0.8632697093772553,0.818841452839091,0.22164099019625674,-0.014917539819816694,-0.006161596568235339,-0.01049899190181336,-0.021484466331450403,0.09947434474981355,200.4190673828125
2598,2022-04-29,0.8622157154453903,0.8534597721938092,0.8804978092513451,0.8519194194423282,0.12382909838301898,0.02136286116302044,-0.007702011173820189,0.017228099874089797,0.03307796660323714,-0.09781189181323777,198.62657165527344
2599,2022-05-02,0.8512708173079659,0.8596619450542572,0.8624995020744628,0.8417852430458048,0.09601847978318995,-0.010944898137424386,0.006202172860447996,-0.017998307176882333,-0.010134176396523364,-0.02781061859982903,200.07005310058597
2600,2022-05-03,0.8589727666276822,0.8659450849368185,0.8729984939762764,0.8544731898334615,0.07716037032321432,0.007701949319716239,0.0062831398825613505,0.010498991901813581,0.012687946787656723,-0.018858109459975625,201.53228759765625
2601,2022-05-04,0.8713364742022615,0.9023065147958729,0.9051440718160786,0.8667963829699322,0.10999472525873516,0.012363707574579275,0.03636142985905433,0.03214557783980221,0.012323193136470678,0.03283435493552084,209.9947509765625
2602,2022-05-05,0.9015363074930804,0.8753090540305495,0.9045765604120375,0.8665531726330722,0.10933629203877844,0.03019983329081899,-0.02699746076532339,-0.0005675114040410989,-0.00024321033686003357,-0.0006584332199567194,203.7115936279297
2603,2022-05-06,0.8796870256563402,0.8701203606638579,0.8796870256563402,0.8526896267451206,0.08251877989777916,-0.021849281836740286,-0.005188693366691588,-0.02488953475569733,-0.013863545887951578,-0.026817512140999283,202.5039978027344
2604,2022-05-09,0.8594997635936146,0.8362316723197194,0.8595808543239358,0.8327860894573639,0.10658251332326889,-0.020187262062725586,-0.033888688344138496,-0.020106171332404332,-0.019903537287756734,0.02406373342548973,194.6170654296875
2605,2022-05-10,0.8441363793922909,0.8228546089595918,0.8493250727589824,0.8163687113241751,0.11060222994234162,-0.01536338420132366,-0.013377063360127561,-0.010255781564953437,-0.016417378133188776,0.00401971661907273,191.5038299560547
2606,2022-05-11,0.8332725101310836,0.8318537625480328,0.8500952800617749,0.825286774182295,0.09284999727168555,-0.010863869261207304,0.008999153588440945,0.000770207302792536,0.008918062858119913,-0.017752232670656065,193.5981903076172
2607,2022-05-12,0.8253678649126164,0.8230167285661303,0.8323806976598614,0.8078965547016665,0.11939104021535496,-0.007904645218467232,-0.008837033981902498,-0.01771458240191348,-0.017390219480628466,0.026541042943669407,191.5415496826172
2608,2022-05-13,0.831610490357069,0.8282865126631432,0.8369208507462945,0.8225708223305191,0.08453409483621019,0.006242625444452643,0.005269784097012953,0.004540153086433074,0.0146742676288526,-0.03485694537914477,192.7679901123047
2609,2022-05-16,0.8310835552452402,0.8398800129349302,0.8480684447824702,0.8256515896875848,0.09242801797049782,-0.0005269351118287746,0.01159350027178696,0.011147594036175712,0.003080767357065639,0.007893923134287634,195.46615600585935
2610,2022-05-17,0.8626211072428929,0.863796644489084,0.8665531726330722,0.8477846581533977,0.08279161134251259,0.031537551997652624,0.0239166315541538,0.018484727850601956,0.022133068465812866,-0.009636406627985233,201.03228759765625
2611,2022-05-18,0.866836897408041,0.8429202658538872,0.8832947899793384,0.8412177316417637,0.17182196838792993,0.00421579016514817,-0.020876378635196757,0.016741617346266224,-0.00656692651163393,0.08903035704541734,196.17372131347656
2612,2022-05-19,0.8344886236694874,0.8381369024305942,0.8483521695574389,0.8176659155929,0.10504738172756871,-0.032348273738553646,-0.004783363423292997,-0.03494262042189955,-0.023551816048863694,-0.06677458666036122,195.06048583984372
2613,2022-05-20,0.8368802744540819,0.8018971395940738,0.8376099673187656,0.7865742079767547,0.1966023390749195,0.002391650784594468,-0.03623976283652042,-0.010742202238673282,-0.031091707616145325,0.0915549573473508,186.6263732910156
2614,2022-05-23,0.8104503250927997,0.8275568197984596,0.8329887853561152,0.8073290432976252,0.1181032757962131,-0.02642994936128218,0.025659680204385804,-0.004621181962650378,0.020754835320870524,-0.0784990632787064,192.59817504882807
2615,2022-05-24,0.8188819672771998,0.8336373256363737,0.8338400215351248,0.8159633195266726,0.0897724585750923,0.008431642184400068,0.006080505837914085,0.0008512361790096179,0.008634276229047333,-0.028330817221120796,194.0132751464844
2616,2022-05-25,0.8310024645149191,0.8484737747258687,0.8516356328132559,0.8302728335043393,0.11205005547572709,0.012120497237719352,0.014836449089494996,0.017795611278131118,0.014309513977666777,0.022277596900634786,197.46620178222656
2617,2022-05-26,0.8575540190446312,0.8633913145456854,0.8660261756671398,0.8528922607897682,0.07333709234434967,0.02655155452971214,0.014917539819816694,0.014390542853883859,0.022619427285428872,-0.038712963131377426,200.9379730224609
2618,2022-05-27,0.8715391701010127,0.8802140226222726,0.8822003434634687,0.8681341016767656,0.07349715345859328,0.013985151056381429,0.016822708076587145,0.016174167796328853,0.015241840886997426,0.00016006111424361757,204.8531188964844
2619,2022-05-31,0.870687872067899,0.8749848148174721,0.8840649972821308,0.8654181498249901,0.13727059422688662,-0.0008512980331136788,-0.0052292078048004065,0.0018646538186621875,-0.0027159518517755332,0.06377344076829333,203.63609313964844
2620,2022-06-01,0.8855648974496069,0.8819571331266086,0.8877538523354501,0.868701613080807,0.08417759508175848,0.014877025381707876,0.0069723183091364715,0.0036888550533192843,0.003283463255816854,-0.053092999145128134,205.25880432128903
2621,2022-06-02,0.8901455031200448,0.8918075228940595,0.8952125913183065,0.8806599288578838,0.06490114407319159,0.004580605670437943,0.009850389767450896,0.007458738982856428,0.011958315777076844,-0.019276451008566897,207.5513153076172
2622,2022-06-03,0.8847135994164931,0.9035631427723851,0.9084275969259994,0.8847135994164931,0.08084905145601047,-0.005431903703551733,0.01175561987832563,0.013215005607692842,0.004053670558609279,0.015947907382818885,210.2871856689453
2623,2022-06-06,0.9035631427723851,0.9065223668151248,0.9111029724855627,0.9009282816509305,0.056945379144764365,0.018849543355892062,0.0029592240427396277,0.00267537555956332,0.01621468223443745,-0.023903672311246106,210.9758758544922
2624,2022-06-07,0.8999148640112782,0.9205886086018275,0.9212777251742985,0.8984960545741235,0.06544316921006202,-0.00364827876110696,0.014066241786702682,0.0101747526887358,-0.0024322270768070142,0.008497790065297654,214.2495574951172
2625,2022-06-08,0.9132514129332973,0.9315335067392521,0.9418703790345266,0.9105354610815215,0.15174157405554847,0.013336548922019076,0.010944898137424608,0.020592653860228127,0.012039406507397987,0.08629840484548645,216.79676818847656
2626,2022-06-09,0.9219262654545571,0.9066844864216634,0.9250881853960481,0.9064817905229121,0.11079503082995326,0.00867485252125988,-0.02484902031758862,-0.01678219363847855,-0.00405367055860939,-0.04094654322559521,211.01364135742188
2627,2022-06-10,0.8897806876147548,0.8722688011115924,0.8926993353652819,0.8715796845391215,0.09473071536404809,-0.03214557783980232,-0.034415685310071,-0.03238885003076619,-0.03490210598379062,-0.01606431546590517,203.0040435791016
2628,2022-06-13,0.8495682830958424,0.8386233849584179,0.8507438203420334,0.8305970727174167,0.12948216591789594,-0.04021240451891239,-0.03364541615317451,-0.04195551502324846,-0.04098261182170482,0.034751450553847846,195.17369079589844
2629,2022-06-14,0.843406686527607,0.8378531776556255,0.8501763089379921,0.8320969728848926,0.08581458375015916,-0.00616159656823545,-0.000770207302792425,-0.0005675114040413209,0.0014999001674759205,-0.04366758216773678,194.99444580078125
2630,2022-06-15,0.8410555501811211,0.8350561350735285,0.8457983373122018,0.8234221203636328,0.08523618108732425,-0.0023511363464858714,-0.002797042582097009,-0.0043779716257903445,-0.008674852521259768,-0.0005784026628349037,194.34349060058597
2631,2022-06-16,0.8150715689095542,0.7896144608957117,0.815801199920134,0.7833718354512591,0.17424471161716293,-0.02598398127156687,-0.04544167417781675,-0.029997137392067774,-0.040050284912373724,0.08900853052983868,183.76779174804688
2632,2022-06-17,0.7932222252187099,0.7808990939363433,0.8015728385268927,0.7737240797284556,0.2628676403717783,-0.021849343690844347,-0.008715366959368476,-0.014228361393241351,-0.00964775572280352,0.08862292875461536,181.73948669433597
2633,2022-06-21,0.7989784918435466,0.796019267800807,0.804329304816777,0.7858850914042836,0.10023463504247077,0.005756266624836748,0.015120173864463737,0.0027564662898843517,0.01216101167582806,-0.16263300532930752,185.2583923339844
2634,2022-06-22,0.7701974061357787,0.7614009484460889,0.7815071197784931,0.760914527772369,0.1458265883337274,-0.02878108570776794,-0.03461831935471815,-0.022822185038283926,-0.024970563631914633,0.04559195329125665,177.20164489746094
2635,2022-06-23,0.7563338602478271,0.7242693112842421,0.7589687213692815,0.7135271090455689,0.2425617053784172,-0.013863545887951578,-0.03713163716184675,-0.02253839840921157,-0.04738741872680008,0.09673511704468979,168.5599365234375
2636,2022-06-24,0.7350926042532367,0.751915374183928,0.752361280419539,0.7271068683044479,0.17711853616835518,-0.02124125599459037,0.027646062899685853,-0.006607440949742527,0.013579759258878998,-0.06544316921006202,174.99404907226562
2637,2022-06-27,0.7624143660857412,0.7604280452445452,0.7705217072029599,0.7532530928907615,0.11135524472980593,0.027321761832504454,0.00851267106061726,0.01816042678342089,0.02614622458631355,-0.06576329143854925,176.9752197265625
2638,2022-06-28,0.7700758009673487,0.7598200194023953,0.7827638096091092,0.7597794431101826,0.12103530438894851,0.007661434881607532,-0.0006080258421499174,0.012242102406149313,0.006526350219421162,0.009680059659142579,176.8336944580078
2639,2022-06-29,0.7593335987286755,0.7437674567744964,0.7603470163683278,0.7382950386328363,0.08864839302279053,-0.010742202238673282,-0.016052562627898892,-0.022416793240781385,-0.02148440447734634,-0.03238691136615798,173.0977783203125
2640,2022-06-30,0.7307146326274462,0.724634126789532,0.7383355530709449,0.7179861095475768,0.15268011422543154,-0.02861896610122927,-0.01913332998496442,-0.022011463297382905,-0.020308929085259497,0.06403172120264101,168.64486694335938
2641,2022-07-01,0.726863657967588,0.7227288966786573,0.7350115753770193,0.7042036543899466,0.12452390912894014,-0.003850974659858175,-0.0019052301108747338,-0.0033239776939255616,-0.013782455157630213,-0.028156205096491402,168.20144653320312
2642,2022-07-05,0.7044063502886978,0.7043657739964853,0.7070412114101523,0.6915562220403987,0.13550264646501392,-0.022457307678890204,-0.018363122682171995,-0.02797036396686703,-0.012647432349547905,0.010978737336073782,163.92779541015625
2643,2022-07-06,0.703230751188403,0.6984879640573224,0.7080546290498047,0.6862458616511731,0.11606613434220339,-0.0011755991002948551,-0.00587780993916287,0.0010134176396523475,-0.00531036038922561,-0.01943651212281053,162.55982971191406
2644,2022-07-07,0.7397948769462085,0.7307957233577673,0.7397948769462085,0.7147837370220812,0.17015951545135416,0.03656412575780554,0.03230775930044494,0.03174024789640384,0.028537875370908128,0.05409338110915077,170.07887268066406
2645,2022-07-08,0.730593027459016,0.7260124217885782,0.7346872743098382,0.7150269473589411,0.09062005493006421,-0.009201849487192493,-0.004783301569189158,-0.005107602636370334,0.00024321033685992255,-0.07953946052128995,168.96563720703125
2646,2022-07-11,0.7191617086478718,0.7094734384869595,0.728728373640354,0.7078519331510534,0.10088579275723458,-0.011431318811144231,-0.016538983301618626,-0.005958900669484124,-0.007175014207887687,0.01026573782717037,165.1165008544922
2647,2022-07-12,0.7083384156788772,0.7073249980392249,0.7184725920754006,0.6996635631576174,0.09888866658178577,-0.010823292968994536,-0.0021484404477346564,-0.010255781564953437,-0.008188369993436084,-0.00199712617544881,164.6165008544922
2648,2022-07-13,0.6982447537204625,0.7048116802320964,0.7104057653962906,0.696663824676769,0.08690590952909293,-0.010093661958414768,-0.00251331780712849,-0.008066826679109962,-0.002999738480848335,-0.011982757052692847,164.0315704345703
2649,2022-07-14,0.6881105773239391,0.6888807846267315,0.6919615519837972,0.6772872843549446,0.09207879372123902,-0.010134176396523364,-0.01593089560536487,-0.01844421341249347,-0.019376540321824454,0.005172884192146093,160.32391357421875
2650,2022-07-15,0.6982447537204625,0.7028254212450044,0.7028254212450044,0.6858810461458832,0.08301715200349224,0.010134176396523364,0.013944636618272832,0.010863869261207193,0.008593761790938625,-0.009061641717746774,163.56927490234375
2651,2022-07-18,0.7139730152811801,0.7032713274806155,0.7162835753354534,0.7001094693932286,0.09008530529838665,0.015728261560717605,0.0004459062356111376,0.013458154090449037,0.014228423247345412,0.007068153294894408,163.67306518554688
2652,2022-07-19,0.7049332854005264,0.7275933508322717,0.7284445870112815,0.7007985859656997,0.0971789228614562,-0.009039729880653713,0.02432202335165623,0.01216101167582806,0.0006891165724710602,0.007093617563069546,170.51295471191406
2653,2022-07-20,0.7247152175198533,0.729539095381255,0.7329036493673934,0.7177834755029295,0.07915385874606667,0.019781932119326995,0.0019457445489833303,0.004459062356111931,0.016984889537229875,-0.018025064115389525,170.96897888183594
2654,2022-07-21,0.7232558936445898,0.7336738566701859,0.733998157737367,0.715391762864231,0.0805580312482948,-0.0014593238752635962,0.004134761288930866,0.0010945083699736013,-0.002391712638698529,0.0014041725022281293,171.93792724609375
2655,2022-07-22,0.7357006919494905,0.7240666153854909,0.741010990484612,0.7188779220187992,0.07135451717928663,0.01244479830490075,-0.009607241284695034,0.007012832747245068,0.0034861591545681803,-0.00920351406900817,169.6864776611328
2656,2022-07-25,0.7262961465635468,0.7369978343641113,0.7402002687437109,0.7206210325231353,0.06713836192000582,-0.009404545385943708,0.012931218978620374,-0.0008107217409011325,0.001743110504336065,-0.004216155259280818,172.71693420410156
2657,2022-07-26,0.7343629732426568,0.7346466980176254,0.7444565733469677,0.732011836896171,0.06430455264737445,0.008066826679109962,-0.0023511363464858714,0.004256304603256766,0.011390804373035746,-0.0028338092726313685,172.1659393310547
2658,2022-07-27,0.7414974111583319,0.7509424709823842,0.754712354911921,0.7309579048184099,0.06753487695301842,0.00713443791567514,0.016295772964758815,0.010255781564953326,-0.001053932077761055,0.003230324305643975,175.98487854003906
2659,2022-07-28,0.7574283686178006,0.7614414628841976,0.7682516615867951,0.7466861045250236,0.08109278087997235,0.01593095745946871,0.01049899190181336,0.01353930667487413,0.015728199706613655,0.013557903926953926,178.44534301757812
2660,2022-07-29,0.7669139428799617,0.8036401882443059,0.8086667620044591,0.7666301562508891,0.18873024245621056,0.009485574262161123,0.04219872536010838,0.04041510041766394,0.019944051725865553,0.10763746157623821,188.33470153808597
2661,2022-08-01,0.7907900599960067,0.7898982475247844,0.7993433073488366,0.783979861293409,0.11586605794939886,0.02387611711604498,-0.013741940719521506,-0.009323454655622454,0.01734970504251987,-0.0728641845068117,185.11422729492188
2662,2022-08-02,0.7620900650185599,0.7438890619429266,0.768048965688044,0.7424703143598754,0.2980447079794103,-0.028699994977446797,-0.04600918558185785,-0.03129434166079259,-0.04150954693353359,0.18217865003001144,174.3319091796875
2663,2022-08-03,0.743118916494238,0.7412947152595807,0.7517126782851766,0.7361465981851015,0.1511813601556958,-0.018971148524321912,-0.002594346683345905,-0.01633628740286741,-0.006323716174773897,-0.1468633478237145,173.72389221191406
2664,2022-08-04,0.7412542008214721,0.744416058908859,0.7536989372722687,0.7342007917820143,0.0901762491132978,-0.0018647156727659153,0.0031213436492782964,0.0019862589870920377,-0.0019458064030872801,-0.061005111042398,174.4553985595703
2665,2022-08-05,0.7441728485719991,0.7515099823864253,0.7543881156988437,0.7427540391348441,0.0694265083031703,0.0029186477505269703,0.007093923477566322,0.00068917842657501,0.008553247352829807,-0.020749740810127495,176.1178741455078
2666,2022-08-08,0.7571040675506194,0.7532125165985487,0.7620900650185599,0.7465239849184848,0.09658233143563906,0.012931218978620374,0.0017025342121234077,0.007701949319716239,0.00376994578364076,0.027155823132468754,176.516845703125
2667,2022-08-09,0.7537800280025899,0.7541043290697712,0.7616036443448401,0.7505776554770942,0.08948871387256953,-0.0033240395480295115,0.0008918124712224973,-0.0004864206737198451,0.00405367055860939,-0.007093617563069532,176.7258758544922
2668,2022-08-10,0.7650492272071956,0.7731160538863058,0.7763590027040139,0.759860533840504,0.08382473307990324,0.011269199204605673,0.01901172481653457,0.014755358359173854,0.009282878363409797,-0.005663980792666293,181.18130493164065
2669,2022-08-11,0.7816693012391356,0.7864120883702161,0.7928168952753114,0.7779399317477074,0.09235890067116535,0.01662007403193999,0.013296034483910368,0.016457892571297483,0.018079397907203365,0.008534167591262118,184.2972717285156
2670,2022-08-12,0.7900198526932143,0.7979244979116819,0.7984514948776142,0.785601366629315,0.06783681041852344,0.008350551454078703,0.011512409541465707,0.005634599602302837,0.007661434881607643,-0.024522090252641918,186.99522399902344
2671,2022-08-15,0.783979861293409,0.7943167335886836,0.7965462647667395,0.7826422044406793,0.06374797650011822,-0.006039991399805267,-0.0036077643229982526,-0.0019052301108747338,-0.002959162188635678,-0.004088833918405213,186.14971923828125
2672,2022-08-16,0.7917629631975504,0.80068102605567,0.8042482140864559,0.7902630630300742,0.07127448662216483,0.007783101904141332,0.006364292466986443,0.00770194931971635,0.007620858589394874,0.007526510122046609,187.6412048339844
2673,2022-08-17,0.7904657589288254,0.7942356428583622,0.7981677082485418,0.7858850914042836,0.05733825642518053,-0.0012972042687249274,-0.006445383197307808,-0.006080505837914085,-0.0043779716257905665,-0.013936230196984305,186.1307373046875
2674,2022-08-18,0.7987757959447954,0.799991909483199,0.8011269322912814,0.7914791765684778,0.06369341021117154,0.008310037015969995,0.005756266624836748,0.0029592240427396277,0.005594085164194129,0.006355153785991018,187.47972106933597
2675,2022-08-19,0.791560267298799,0.7928979860056325,0.7994649125172666,0.7856418810674236,0.07288601102239037,-0.007215528645996394,-0.007093923477566433,-0.0016620197740148113,-0.005837295501054163,0.009192600811218823,185.81724548339844
2676,2022-08-22,0.782804324047218,0.7773318440514538,0.7861283017411436,0.776480607872444,0.073078811910002,-0.008755943251581022,-0.015566141954178714,-0.013336610776123026,-0.009161273194979613,0.00019280088761162995,182.16928100585935
2677,2022-08-23,0.7813450001719544,0.7994243980791579,0.8031942820086947,0.7802504918019807,0.08893941323050619,-0.0014593238752635962,0.022092554027704048,0.01706598026755113,0.0037698839295366993,0.015860601320504195,187.34671020507807
2678,2022-08-24,0.8008431456622087,0.7870606905045785,0.8053832368945381,0.7841825571921601,0.09106022299423416,0.019498145490254304,-0.012363707574579386,0.002188954885843364,0.003932065390179429,0.002120809763727971,184.44924926757807
2679,2022-08-25,0.7924520797700216,0.806194020489543,0.8063156256579729,0.7887227102785933,0.068706233289074,-0.008391065892187077,0.01913332998496453,0.0009323887634348216,0.004540153086433185,-0.022353989705160157,188.9331970214844
2680,2022-08-26,0.8083018846450651,0.7779804461858162,0.8122339500352445,0.7772102388830237,0.09314101747940122,0.015849804875043505,-0.02821357430372684,0.005918324377271578,-0.011512471395569657,0.024434784190327213,182.3212890625
2681,2022-08-29,0.7701974061357787,0.777412934781775,0.7830475343840778,0.7661437355771693,0.07263136834063916,-0.038104478509286444,-0.0005675114040412099,-0.02918641565116664,-0.011066503305854347,-0.020509649138762062,182.18826293945312
2682,2022-08-30,0.7762779119736927,0.7577931841230906,0.7781426276464588,0.7482670335687172,0.09789919787555248,0.006080505837913974,-0.019619750658684376,-0.004904906737619008,-0.01787670200845215,0.025267829534913328,177.5903778076172
2683,2022-08-31,0.7565365561465784,0.748753516096541,0.7623332753554197,0.7479022180634272,0.0966405354771822,-0.019741355827114226,-0.009039668026549652,-0.01580935229103908,-0.00036481550528999485,-0.0012586623983702888,175.47189331054688
2684,2022-09-01,0.7388625500368773,0.7395516666093486,0.7426730102586269,0.7300660923471876,0.09771731024573019,-0.017674006109701157,-0.009201849487192382,-0.01966026509679286,-0.017836125716239604,0.0010767747685479917,173.3154296875
2685,2022-09-02,0.7493210275005819,0.7330252545358233,0.7529287918235803,0.7290526747075352,0.07949944524272905,0.010458477463704652,-0.006526412073525223,0.010255781564953437,-0.0010134176396523475,-0.01821786500300114,171.78594970703125
2686,2022-09-06,0.7414163204280108,0.7323361379633521,0.7444971496391801,0.7279986807756702,0.07790974735808218,-0.007904707072571182,-0.0006891165724712822,-0.008431642184400179,-0.001053993931865005,-0.0015896978846468707,171.62445068359375
2687,2022-09-07,0.7260529362266869,0.7331468597042534,0.7371194395325414,0.7223235667352588,0.07882646101238655,-0.015363384201323882,0.0008107217409013545,-0.00737771010663868,-0.005675114040411433,0.0009167136543043741,171.81443786621094
2688,2022-09-08,0.7283634962809602,0.7424297380676631,0.7429567350335954,0.7218776604996475,0.08169301005838593,0.002310560054273325,0.009282878363409686,0.005837295501053941,-0.00044590623561124865,0.002866549045999381,173.98992919921875
2689,2022-09-09,0.7602659256380065,0.7681300564183654,0.769224502934235,0.7589282069311729,0.0829262081885811,0.03190242935704635,0.0257003183507023,0.02626776790063967,0.03705054643152539,0.001233198130195165,180.01283264160156
2690,2022-09-12,0.7736430508522381,0.7799261907347996,0.7811423042732032,0.7726701476506946,0.07047054329835029,0.013377125214231511,0.011796134316434226,0.011917801338968137,0.013741940719521728,-0.012455664890230811,182.7772674560547
2691,2022-09-13,0.76148203917641,0.7471320107606346,0.7704001020345299,0.7438485475048178,0.0803033885665436,-0.01216101167582806,-0.032794179974165005,-0.010742202238673282,-0.02882160014587687,0.009832845268193308,175.0918731689453
2692,2022-09-14,0.7455510817169413,0.7485102439055771,0.7504965647467731,0.7372410447009713,0.08348642208843376,-0.01593095745946871,0.0013782331449424534,-0.019903537287756845,-0.006607502803846477,0.0031830335218901717,175.41488647460938
2693,2022-09-15,0.7485913346358983,0.7397543625080999,0.7561716787871845,0.7364708373981789,0.070321395441896,0.0030402529189570426,-0.008755881397477183,0.005675114040411433,-0.000770207302792425,-0.013165026646537764,173.36293029785156
2694,2022-09-16,0.729660700549685,0.7275122601019504,0.7310389336946274,0.7206210325231353,0.18509976536495754,-0.018930634086213316,-0.012242102406149535,-0.02513274509255714,-0.015849804875043616,0.11477836992306154,170.4939727783203
2695,2022-09-19,0.7185131065135093,0.738213947902515,0.7407272038555394,0.7166889671329559,0.10635697266228923,-0.011147594036175712,0.010701687800564685,0.009688270160912005,-0.003932065390179318,-0.0787427927026683,173.00189208984375
2696,2022-09-20,0.7320523513342797,0.7215128449943576,0.7325793483002121,0.7147026462917598,0.09139489623310719,0.013539244820770402,-0.016701102908157406,-0.008147855555327266,-0.0019863208411960986,-0.014962076429182042,169.08798217773438
2697,2022-09-21,0.726742052799158,0.6970286401820589,0.7316470213908812,0.6967449154070903,0.14776187271503666,-0.00531029853512166,-0.024484204812298738,-0.0009323269093308717,-0.017957730884669565,0.05636697648192947,163.35006713867188
2698,2022-09-22,0.7000688931010159,0.6913535261416474,0.7078519331510534,0.6902995322097824,0.09124938612924935,-0.0266731596981421,-0.005675114040411544,-0.02379508823982779,-0.006445383197307919,-0.05651248658578731,162.02008056640625
2699,2022-09-23,0.6836920912600398,0.665774874813479,0.6868539493474268,0.655600122124743,0.1472271230833591,-0.01637680184097612,-0.02557865132816839,-0.020997983803626608,-0.034699410085039406,0.055977736954109764,156.0256805419922
2700,2022-09-26,0.6648019716119352,0.6592078864477411,0.6723012868870042,0.6575864429659389,0.11689554193419306,-0.01889011964810461,-0.00656698836573788,-0.014552662460422638,0.0019863208411959876,-0.03033158114916605,154.4866943359375
2701,2022-09-27,0.6666666872847014,0.6584782554371613,0.6671125935203125,0.651019516454305,0.10016551774313828,0.0018647156727661374,-0.0007296310105797676,-0.005188693366691699,-0.00656692651163393,-0.01673002419105478,154.3157196044922
2702,2022-09-28,0.6668288068912399,0.680043750644829,0.6829623983953561,0.6629372559391692,0.1344076829334837,0.00016211960653855773,0.021565495207667706,0.015849804875043616,0.011917739484864187,0.034242165190345425,159.36962890625
2703,2022-09-29,0.6716931991907504,0.6725039209316515,0.6753009635137486,0.6629372559391692,0.12797977409556377,0.004864392299510523,-0.0075398297131775704,-0.007661434881607532,0.0,-0.006427908837919938,157.6026153564453
2704,2022-09-30,0.6724634064935427,0.6651262726791165,0.6801248413751504,0.6643560653763241,0.10778660943269248,0.000770207302792314,-0.007377648252534952,0.004823877861401815,0.0014188094371548887,-0.020193164662871285,155.87367248535156
2705,2022-10-03,0.6787060319379955,0.6941099924315318,0.7027848449527917,0.6731120086279052,0.12530966368977245,0.006242625444452754,0.028983719752415316,0.022660003577641308,0.008755943251581133,0.017523054257079965,162.66607666015625
2706,2022-10-04,0.7065547907364325,0.7281608622363128,0.7304309078524774,0.7061899752311426,0.1458083995707452,0.027848758798436957,0.034050869804781,0.02764606289968574,0.03307796660323736,0.020498735880972757,170.6459503173828
2707,2022-10-05,0.7181077147160068,0.7230937740380512,0.7307146326274462,0.7162430608973447,0.11158442314338202,0.011552923979574303,-0.005067088198261627,0.00028372477496874104,0.01005308566620211,-0.03422397642736319,169.45849609375
2708,2022-10-06,0.7191617086478718,0.7248368226882833,0.733633280377973,0.7170537826382458,0.08785172520416887,0.001053993931865005,0.0017430486502321152,0.0029186477505268593,0.0008107217409011325,-0.02373269793921315,169.8669891357422
2709,2022-10-07,0.7163646660657746,0.7197292200519129,0.7254449103845371,0.7099598591606794,0.1003728696411357,-0.00279704258209712,-0.005107602636370445,-0.008188369993435973,-0.007093923477566433,0.012521144436966836,168.66998291015625
2710,2022-10-10,0.7288904932468926,0.7242693112842421,0.7343629732426568,0.7137298049443201,0.09581476563778897,0.012525827181117943,0.004540091232329235,0.00891806285811969,0.00376994578364076,-0.004558104003346733,169.7339630126953
2711,2022-10-11,0.7167700578632772,0.7286472829100327,0.7421460132926944,0.7161619701670234,0.09248622201204096,-0.012120435383615402,0.0043779716257905665,0.007783040050037604,0.0024321652227032864,-0.003328543625748012,170.7599639892578
2712,2022-10-12,0.7275527745400591,0.7276338652703803,0.7342007917820143,0.7247152175198533,0.08224231070044927,0.010782716676781878,-0.0010134176396523475,-0.007945221510680112,0.008553247352829918,-0.010243911311591691,170.52244567871094
2713,2022-10-13,0.7043252595583765,0.7423892236295543,0.7497263574439806,0.7001094693932286,0.13626657451026755,-0.023227514981682518,0.014755358359173965,0.01552556566196639,-0.02460574812662475,0.054024263809818285,173.9804229736328
2714,2022-10-14,0.7448619651444701,0.7223235667352588,0.7472131014909561,0.7196481293215916,0.1029556739846123,0.04053670558609357,-0.020065656894295514,-0.00251325595302454,0.01953865992836301,-0.033310900525655246,169.27796936035156
2715,2022-10-17,0.7389841552053074,0.7329036493673934,0.7471320107606346,0.7264177517319768,0.10694992633550993,-0.005877809939162759,0.010580082632134613,-8.109073032147585e-05,0.0067696224103851455,0.00399425235089762,171.7574462890625
2716,2022-10-18,0.7495236615452294,0.7440512434035691,0.7520774937904665,0.7333495556030044,0.09727350442896379,0.010539506339922067,0.011147594036175712,0.0049454830298318875,0.006931803871027653,-0.009676421906546134,174.3699188232422
2717,2022-10-19,0.7415785018886533,0.7475374025581372,0.7527666103629376,0.7377680416669038,0.07598173848196584,-0.007945159656576162,0.0034861591545680692,0.0006891165724710602,0.004418486063899385,-0.021291765946997956,175.18687438964844
2718,2022-10-20,0.7480643376699658,0.7318496554355284,0.7529287918235803,0.7315254162224512,0.1074555739464159,0.0064858357813125656,-0.015687747122608786,0.00016218146064272965,-0.006242625444452643,0.03147383546445007,171.51043701171875
2719,2022-10-21,0.7285661921797114,0.7710892186070011,0.7718594259097934,0.7264583280241894,0.1267320249549828,-0.019498145490254415,0.0392395631714727,0.018930634086213094,-0.005067088198261738,0.01927645100856691,181.91546630859372
2720,2022-10-24,0.7647249261400145,0.7754671902327916,0.7788722586570386,0.7639142043991134,0.1062041870532385,0.03615873396030311,0.0043779716257905665,0.007012832747245179,0.03745587637492398,-0.02052783790174431,182.9482879638672
2721,2022-10-25,0.7713729433819696,0.7898171567944632,0.7931817107806013,0.7658194345099881,0.09258080357954855,0.006648017241955073,0.014349966561671534,0.014309452123562716,0.0019052301108747338,-0.013623383473689951,186.33377075195312
2722,2022-10-26,0.8038428841430572,0.7984109804395055,0.8090315775097489,0.7887227102785933,0.12899470706997218,0.03246994076108756,0.008593823645042353,0.015849866729147566,0.02290327576860518,0.03641390349042363,188.36122131347656
2723,2022-10-27,0.8518788431501159,0.8599456698292257,0.880173508184164,0.84060964394551,0.28637115989741535,0.048035959007058704,0.061534689389720176,0.0711419306744151,0.05188693366691666,0.15737645282744317,202.87847900390625
2724,2022-10-28,0.8614049937044893,0.8891320854803925,0.8897806876147548,0.856175785899689,0.1877444115025737,0.009526150554373447,0.029186415651166753,0.009607179430590862,0.015566141954179047,-0.09862674839484165,209.76416015625
2725,2022-10-31,0.872917403245955,0.8774575563323881,0.8872268553695176,0.8715796845391215,0.13772895105403882,0.011512409541465707,-0.011674529148004376,-0.0025538322452371975,0.015403898639432478,-0.05001546044853489,207.0098571777344
2726,2022-11-01,0.8862540140220779,0.8857270170561454,0.8896590824463249,0.8784709739720404,0.09885592680841776,0.013336610776122915,0.008269460723757338,0.0024322270768072363,0.006891289432918946,-0.03887302424562106,208.96083068847656
2727,2022-11-02,0.8820787382950385,0.8696744544282466,0.8986987504728746,0.8672017129133308,0.11458920678804635,-0.0041752757270394625,-0.01605256262789878,0.009039668026549763,-0.011269261058709623,0.01573327997962859,205.1737060546875
2728,2022-11-03,0.8575134427524186,0.8888077844132113,0.8990635659781645,0.8567838117418389,0.12988231870350497,-0.02456529554261988,0.019133329984964642,0.0003648155052898838,-0.010417901171491883,0.015293111915458624,209.6876373291016
2729,2022-11-04,0.9081032958588181,0.9236288615207845,0.9312497201101794,0.9064007616466947,0.18093453864202697,0.05058985310639952,0.034821077107573206,0.032186154132014866,0.04961694990485577,0.05105221993852199,217.9026336669922
2730,2022-11-07,0.9242368873629344,0.9267096288778504,0.9288175548874763,0.902630815863054,0.12388730242456211,0.016133591504116307,0.003080767357065861,-0.0024321652227030643,-0.003769945783640649,-0.05704723621746485,218.62942504882807
2731,2022-11-08,0.9267096288778504,0.9315740211773605,0.9430054018426091,0.9188454980974915,0.13374561196093054,0.0024727415149159437,0.00486439229951019,0.014187846955132755,0.01621468223443745,0.009858309536368431,219.7770538330078
2732,2022-11-09,0.9164133328747882,0.9142648305729496,0.9288580693255849,0.9123190860239662,0.22729769548373016,-0.010296296003062144,-0.01730919060441094,-0.014147332517024158,-0.006526412073525334,0.09355208352279962,215.6934814453125
2733,2022-11-10,0.9413433820685942,0.9422757089779252,0.9428432203819666,0.9174672649525493,0.1670019461976391,0.024930049193806036,0.028010878404975625,0.01398515105638165,0.0051481789285831026,-0.06029574928609105,222.30178833007807
2734,2022-11-11,0.9445052401559813,0.9586525726730054,0.9663950364308302,0.9404515695973719,0.13042798159297186,0.003161858087387004,0.01637686369508018,0.023551816048863694,0.022984304644822595,-0.03657396460466725,226.1654052734375
2735,2022-11-14,0.9566662518318093,0.958693087111114,0.9722729082240968,0.9505857459938952,0.11705196529584024,0.01216101167582806,4.051443810859645e-05,0.005877871793266598,0.010134176396523364,-0.01337601629713163,226.17498779296875
2736,2022-11-15,0.961125314187921,0.9509505614991852,0.9704487069894396,0.9434918225163289,0.12262864002619182,0.004459062356111709,-0.0077425256119287855,-0.0018242012346572078,-0.007093923477566322,0.0055766747303515884,224.34835815429688
2737,2022-11-16,0.9485589107145905,0.9421541038094953,0.9512343481282576,0.9357492969044001,0.11138798450317394,-0.01256640347333049,-0.008796457689689952,-0.019214358861182057,-0.0077425256119287855,-0.011240655523017881,222.2731170654297
2738,2022-11-17,0.9232234697232821,0.9341278534225979,0.9344926689278877,0.9141432254045198,0.11847796431364703,-0.025335440991308467,-0.008026250386897416,-0.01674167920036984,-0.021606071499880364,0.007089979810473088,220.37954711914065
2739,2022-11-18,0.9357898731966126,0.9381409476889946,0.9398029674630095,0.9227370490495622,0.10435620873424399,0.01256640347333049,0.004013094266396733,0.005310298535121771,0.008593823645042464,-0.01412175557940304,221.32632446289065
2740,2022-11-21,0.9386274302168184,0.9411406861698429,0.947221192007757,0.9253313957329079,0.09176594699794467,0.0028375570202058276,0.002999738480848335,0.007418224544747498,0.002594346683345683,-0.012590261736299319,222.03404235839844
2741,2022-11-22,0.9485589107145905,0.9617738544681798,0.9626656669394019,0.9459645640312448,0.0917914112661198,0.00993148049777215,0.020633168298336835,0.015444474931644914,0.020633168298336946,2.5464268175123816e-05,226.9018096923828
2742,2022-11-23,0.9632737546356558,0.9603956213232374,0.9713810957528746,0.9550853227881159,0.08407937576165445,0.014714843921065257,-0.0013782331449423424,0.008715428813472648,0.009120758756871017,-0.0077120355044653505,226.57666015625
2743,2022-11-25,0.9607199223904187,0.9554501382934056,0.9627062432316148,0.9533827885759923,0.03764346386802234,-0.0025538322452370865,-0.0049454830298317765,-0.008674852521259768,-0.0017025342121235187,-0.04643591189363211,225.40989685058597
2744,2022-11-28,0.9483157003777306,0.9416676831357754,0.9524504616666613,0.9387085209471397,0.10411611706287856,-0.012404222012688093,-0.013782455157630213,-0.010255781564953548,-0.0146742676288526,0.06647265319485622,222.15835571289065
2745,2022-11-29,0.9457213536943848,0.9530990019469198,0.9555717434618355,0.9386274302168184,0.08286436639444152,-0.002594346683345794,0.011431318811144342,0.0031212817951742355,-8.109073032136482e-05,-0.02125175066843704,224.85525512695312
2746,2022-11-30,0.9562608600343069,0.958328271605824,0.9597470191888751,0.9355466010056488,0.14005347496316775,0.010539506339922067,0.005229269658904245,0.0041752757270395735,-0.003080829211169589,0.057189108568726235,226.08889770507807
2747,2022-12-01,0.9603145305929163,0.955409623855297,0.9607199223904187,0.9402083592605119,0.09111478928318086,0.00405367055860939,-0.0029186477505269703,0.0009729032015436401,0.004661758254863146,-0.048938685679986896,225.4003753662109
2748,2022-12-02,0.9481130044789794,0.9571932487977418,0.9666788230599027,0.9468968909405759,0.08069626584695974,-0.012201526113936878,0.0017836249424447725,0.005958900669484013,0.006688531680064003,-0.010418523436221114,225.8211212158203
2749,2022-12-05,0.9518018595322989,0.9427621915057491,0.9563014363265193,0.9415055016751329,0.07510140235362593,0.0036888550533195064,-0.014431057291992677,-0.010377386733383398,-0.005391389265443025,-0.00559486349333381,222.41656494140625
2750,2022-12-06,0.9428432203819666,0.9254124246091253,0.9447079360547325,0.9143459213032709,0.13218865384965167,-0.008958639150332348,-0.01734976689662382,-0.01159350027178685,-0.027159580371862058,0.05708725149602574,218.32339477539065
2751,2022-12-07,0.920183216804325,0.9282094671912223,0.9316956263457907,0.9152377337744932,0.11073318903581368,-0.02266000357764153,0.002797042582097009,-0.013012309708941738,0.0008918124712223863,-0.02145546481383799,218.98329162597656
2752,2022-12-08,0.9360330835334725,0.9360735979715813,0.9424784048766766,0.930479512807387,0.07964495534658687,0.015849866729147455,0.007864130780358969,0.010782778530885828,0.01524177903289381,-0.031088233689226807,220.83859252929688
2753,2022-12-09,0.9404515695973719,0.921358754050516,0.9437350328531887,0.9209534241071174,0.08210407610178432,0.004418486063899385,-0.014714843921065257,0.001256627976512159,-0.009526088700269608,0.0024591207551974414,217.36708068847656
2754,2022-12-12,0.9224127479823809,0.9447484504928411,0.9461266836377835,0.9202643075346463,0.09855399334291275,-0.01803882161499093,0.023389696442325025,0.002391650784594801,-0.0006891165724711712,0.01644991724112843,222.8851623535156
2755,2022-12-13,0.9640439619384482,0.954598902114396,0.9644492918818468,0.9409785665633044,0.10713908947052511,0.04163121395606728,0.009850451621554956,0.018322608244063288,0.02071425902865809,0.008585096127612366,225.2090759277344
2756,2022-12-14,0.9569094621686691,0.9505046552635739,0.9656654054202504,0.9449916608297011,0.1278233507339166,-0.00713449976977909,-0.0040942468508221586,0.0012161135384035626,0.004013094266396733,0.020684261263391485,224.2431640625
2757,2022-12-15,0.9411001717317342,0.9350196658938201,0.9442214535269087,0.9231018645548521,0.10743010967824078,-0.01580929043693491,-0.015484989369753732,-0.021443951893341695,-0.021889796274848994,-0.020393241055675818,220.58995056152344
2758,2022-12-16,0.9267907196081716,0.9433702173478989,0.9453970526272036,0.9244395832616856,0.27685843685770933,-0.014309452123562605,0.008350551454078814,0.0011755991002949662,0.001337718706833524,0.16942832717946854,222.56002807617188
2759,2022-12-19,0.9481535189170881,0.9416271068435628,0.9604361357613461,0.9361141124096899,0.0953964240891977,0.02136279930891649,-0.001743110504336176,0.015039083134142484,0.011674529148004265,-0.18146201276851165,222.14878845214844
2760,2022-12-20,0.9422351945398166,0.9531800926772411,0.955531229023727,0.9398840581933308,0.09639680605322032,-0.005918324377271467,0.011552985833678364,-0.004904906737619119,0.003769945783640871,0.0010003819640226203,224.87437438964844
2761,2022-12-21,0.9633953598040856,0.9798937668134917,0.9806234596781754,0.9633953598040856,0.15073391658633295,0.021160165264269004,0.026713674136250587,0.025092230654448433,0.023511301610754876,0.05433711053311263,231.1766662597656
2762,2022-12-22,0.9734889599083967,0.962908877276262,0.976123882883955,0.9446673597625198,0.11385801851616072,0.01009360010431104,-0.016984889537229764,-0.004499576794220417,-0.01872800004156583,-0.03687589807017223,227.16954040527344
2763,2022-12-23,0.9605172264916674,0.9723539371003143,0.97506988895209,0.958693087111114,0.0712963131377435,-0.012971733416729303,0.009445059824052304,-0.001053993931865005,0.014025727348594197,-0.04256170537841722,229.39784240722656
2764,2022-12-27,0.9756779766483439,0.9856094571461159,0.9933519827580448,0.9717459112581645,0.12301060404881864,0.015160750156676506,0.013255520045801661,0.018282093805954802,0.013052824147050446,0.05171429091107514,232.5251007080078
2765,2022-12-28,0.9856094571461159,0.9703676781132222,0.9883659852901044,0.9659086157571103,0.0825769839393223,0.009931480497772038,-0.015241779032893699,-0.004985997467940373,-0.005837295501054163,-0.040433620109496346,228.9292449951172
2766,2022-12-29,0.9777859026579698,0.9736916558071478,0.9794073461397721,0.9658681013190016,0.06011386165626876,-0.00782355448814609,0.0033239776939255616,-0.008958639150332348,-4.0514438108707473e-05,-0.022463122283053534,229.7134704589844
2767,2022-12-30,0.9704081925513308,0.9710973091238019,0.9735295362006091,0.9635574794106244,0.05533385474453882,-0.007377710106639013,-0.002594346683345905,-0.005877809939162981,-0.002310621908377164,-0.004780006911729938,229.1013946533203
