,date,open,close,high,low,volume,dopen,dclose,dhigh,dlow,dvolume,price
0,2012-01-03,0.9465500006147753,0.9433106591375312,0.9478457866348559,0.942338819622471,0.11106584599034672,0.9465500006147753,0.9433106591375312,0.9478457866348559,0.942338819622471,0.11106584599034672,25.93410301208496
1,2012-01-04,0.9449303298761533,0.9400712558738088,0.9452542763811734,0.9390994163587486,0.0699198512155161,-0.0016196707386220144,-0.003239403263722407,-0.0025915102536824275,-0.003239403263722407,-0.04114599477483062,25.84503936767578
2,2012-01-05,0.9355360665900061,0.9199870050679124,0.9365079061050663,0.9190152273393303,0.09936678032148076,-0.00939426328614723,-0.020084250805896375,-0.00874637027610714,-0.02008418901941833,0.029446929105964664,25.292871475219727
3,2012-01-06,0.9254939720802969,0.9183673343292902,0.9254939720802969,0.9180433878242701,0.09876455741044149,-0.010042094509709165,-0.0016196707386222364,-0.011013934024769356,-0.0009718395150601911,-0.0006022229110392713,25.248340606689453
4,2012-01-09,0.9258179185853169,0.9329445563363238,0.9342403423564041,0.9238743013416748,0.08072443873710312,0.00032394650501998967,0.014577222007033597,0.00874637027610714,0.005830913517404723,-0.018040118673338365,25.64910888671875
5,2012-01-10,0.9387754698537285,0.9468739471197956,0.9481697331398757,0.9365079061050663,0.10796616924235045,0.012957551268411582,0.013929390783471773,0.013929390783471662,0.012633604763391482,0.027241730505247322,26.032066345214844
6,2012-01-11,0.9416909266124309,0.9475218401298356,0.9484936796448958,0.9397473093687888,0.09170615064428995,0.002915456758702417,0.0006478930100400904,0.0003239465050201007,0.003239403263722518,-0.01626001859806049,26.049877166748047
7,2012-01-12,0.9365079061050663,0.9332685028413439,0.9394233628637687,0.9274375893239392,0.14586193154142496,-0.005183020507364633,-0.014253337288491763,-0.00907031678112713,-0.012309720044849648,0.054155780897135006,25.65801429748535
8,2012-01-13,0.9293812683540595,0.9271137046053972,0.9306769925876616,0.9229024618266146,0.16360979497852368,-0.007126637751006748,-0.006154798235946668,-0.00874637027610714,-0.004535127497324543,0.01774786343709872,25.48880386352539
9,2012-01-17,0.9293812683540595,0.9290573218490394,0.933592449346364,0.9280854823339794,0.20543771863791346,0.0,0.001943617243642226,0.002915456758702417,0.005183020507364744,0.04182792365938978,25.542238235473636
10,2012-01-18,0.9290573218490394,0.9274375893239392,0.9313248855977017,0.9261418650903371,0.10653146171899217,-0.0003239465050201007,-0.0016197325251002814,-0.002267563748662327,-0.001943617243642226,-0.0989062569189213,25.497709274291992
11,2012-01-19,0.9303530460826414,0.9345642888614241,0.9358600130950263,0.9290573218490394,0.11988664039321614,0.0012957242336019137,0.007126699537484904,0.004535127497324654,0.002915456758702306,0.013355178674223978,25.693639755249023
12,2012-01-20,0.9352121818714643,0.9322967251127618,0.9361839596000464,0.9297052148590795,0.11848735774697781,0.00485913578882291,-0.0022675637486622158,0.0003239465050201007,0.0006478930100400904,-0.0013992826462383284,25.631298065185547
13,2012-01-23,0.933592449346364,0.9371557991151064,0.9381275768436884,0.9316488321027219,0.18921312491697295,-0.0016197325251002814,0.004859074002344532,0.001943617243642004,0.0019436172436423371,0.07072576716999514,25.7648868560791
14,2012-01-24,0.9374797456201265,0.9471978936248155,0.9501133503835179,0.9371557991151064,0.12923880795288492,0.003887296273762497,0.010042094509709165,0.011985773539829436,0.005506967012384512,-0.05997431696408803,26.040971755981445
15,2012-01-25,0.9481697331398757,0.950437296888538,0.950437296888538,0.942986712632511,0.07248815480671301,0.010689987519749256,0.003239403263722407,0.0003239465050201007,0.005830913517404612,-0.056750653146171906,26.130029678344727
16,2012-01-26,0.9549724243858625,0.9491415108684578,0.9565921569109628,0.9491415108684578,0.11289908338130453,0.006802691245986758,-0.0012957860200801807,0.006154860022424824,0.006154798235946779,0.04041092857459151,26.094406127929688
17,2012-01-27,0.9446063833711332,0.9459021693912135,0.9478457866348559,0.9433106591375312,0.09555860603108533,-0.010366041014729266,-0.003239341477244251,-0.008746370276106918,-0.005830851730926567,-0.017340477350219194,26.005346298217773
18,2012-01-30,0.9394233628637687,0.933592449346364,0.9400712558738088,0.9322967251127618,0.09284860293140858,-0.005183020507364522,-0.012309720044849537,-0.00777453076104706,-0.011013934024769356,-0.0027100030996767555,25.666921615600582
19,2012-01-31,0.9400712558738088,0.9394233628637687,0.9413669801074108,0.9352121818714643,0.06952132134791657,0.0006478930100400904,0.005830913517404723,0.0012957242336020247,0.002915456758702417,-0.02332728158349201,25.827228546142575
20,2012-02-01,0.942338819622471,0.9420148731174508,0.9433106591375312,0.9368318526100864,0.06222379666120533,0.0022675637486622158,0.0025915102536820944,0.0019436790301203821,0.0016196707386221254,-0.007297524686711236,25.898475646972656
21,2012-02-02,0.9384515233487084,0.9410430336023908,0.942338819622471,0.9368318526100864,0.04823097019882212,-0.0038872962737626082,-0.000971839515059969,-0.0009718395150601911,0.0,-0.013992826462383208,25.87175750732422
22,2012-02-03,0.9459021693912135,0.9455782228861934,0.9481697331398757,0.9413669801074108,0.09238807952884913,0.007450646042505116,0.004535189283802588,0.005830913517404723,0.0045351274973244315,0.044157109330027006,25.99644088745117
23,2012-02-06,0.9433106591375312,0.9475218401298356,0.9481697331398757,0.9420148731174508,0.07130142142319444,-0.0025915102536823165,0.001943617243642226,0.0,0.0006478930100399793,-0.021086658105654688,26.049877166748047
24,2012-02-07,0.9420148731174508,0.9446063833711332,0.9484936796448958,0.9410430336023908,0.059770623920648275,-0.0012957860200804028,-0.002915456758702417,0.0003239465050201007,-0.000971839515059969,-0.011530797502546167,25.9697208404541
25,2012-02-08,0.9462260541097554,0.9439584903610932,0.950437296888538,0.9416909266124309,0.08353186024885977,0.004211180992304553,-0.0006478930100399793,0.001943617243642115,0.0006478930100400904,0.02376123632821149,25.9519100189209
26,2012-02-09,0.9455782228861934,0.9365079061050663,0.9484936796448958,0.9342403423564041,0.07417969268919099,-0.0006478312235619343,-0.00745058425602696,-0.001943617243642115,-0.007450584256026849,-0.009352167559668778,25.747074127197266
27,2012-02-10,0.9297052148590795,0.9267897581003771,0.9342403423564041,0.9258179185853169,0.10773590754107072,-0.01587300802711389,-0.009718148004689176,-0.014253337288491763,-0.00842242377108715,0.033556214851879734,25.47989654541016
28,2012-02-13,0.9310009390926817,0.9329445563363238,0.9339163958513839,0.9287333753440193,0.099163087278041,0.0012957242336021357,0.006154798235946668,-0.0003239465050202117,0.002915456758702417,-0.008572820263029718,25.64910888671875
29,2012-02-14,0.9287333753440193,0.9310009390926817,0.9332685028413439,0.9264658115953571,0.07119514679183457,-0.002267563748662327,-0.001943617243642115,-0.0006478930100399793,-0.0022675637486622158,-0.027967940486206433,25.595674514770508
30,2012-02-15,0.9322967251127618,0.9319727786077419,0.934888235366444,0.9300290995776215,0.07197449408847363,0.0035633497687425075,0.0009718395150601911,0.0016197325251001704,0.0035632879822643515,0.0007793472966390602,25.622392654418945
31,2012-02-16,0.9319727786077419,0.9371557991151064,0.9387754698537285,0.9316488321027219,0.05953150600008856,-0.00032394650501998967,0.005183020507364522,0.003887234487284452,0.0016197325251003925,-0.012442988088385072,25.7648868560791
32,2012-02-17,0.9387754698537285,0.9390994163587486,0.9413669801074108,0.934888235366444,0.05986804233272816,0.006802691245986647,0.001943617243642226,0.0025915102536823165,0.003239403263722185,0.00033653633263960175,25.818323135375977
33,2012-02-21,0.9413669801074108,0.9452542763811734,0.9465500006147753,0.9407191488838489,0.0725767169995129,0.0025915102536823165,0.006154860022424824,0.005183020507364522,0.005830913517404834,0.012708674666784742,25.98753547668457
34,2012-02-22,0.9416909266124309,0.9481697331398757,0.9481697331398757,0.9413669801074108,0.08604702652437675,0.0003239465050201007,0.002915456758702306,0.0016197325251003925,0.0006478312235619343,0.013470309524863847,26.067689895629883
35,2012-02-23,0.9426627661274911,0.9390994163587486,0.9439584903610932,0.9368318526100864,0.08624186334853651,0.0009718395150601911,-0.00907031678112713,-0.004211242778782487,-0.0045351274973244315,0.00019483682415975812,25.818323135375977
36,2012-02-24,0.9390994163587486,0.9410430336023908,0.9426627661274911,0.9374797456201265,0.06624452021432051,-0.0035633497687425075,0.001943617243642226,-0.0012957242336021357,0.0006478930100400904,-0.019997343134216,25.87175750732422
37,2012-02-27,0.9407191488838489,0.9442824368661134,0.9471978936248155,0.9397473093687888,0.06114333790904663,0.0016197325251002814,0.003239403263722518,0.0045351274973244315,0.002267563748662327,-0.005101182305273878,25.960817337036133
38,2012-02-28,0.9468739471197956,0.9501133503835179,0.950437296888538,0.9426627661274911,0.1249258291635301,0.006154798235946668,0.005830913517404501,0.003239403263722407,0.002915456758702306,0.06378249125448346,26.121124267578125
39,2012-02-29,0.9475218401298356,0.9475218401298356,0.9481697331398757,0.9403952023788288,0.14897932072798123,0.0006478930100400904,-0.0025915102536822054,-0.0022675637486622158,-0.002267563748662327,0.024053491564451135,26.049877166748047
40,2012-03-01,0.9455782228861934,0.9552963708908826,0.9556203173959026,0.9436345438560731,0.07471106584599034,-0.001943617243642226,0.007774530761046949,0.007450584256026849,0.003239341477244362,-0.07426825488199089,26.26361846923828
41,2012-03-02,0.9488176261499158,0.950761243393558,0.9514091364035981,0.9462260541097554,0.07615462958862862,0.003239403263722407,-0.004535127497324543,-0.004211180992304442,0.0025915102536822054,0.0014435637426382791,26.13893699645996
42,2012-03-05,0.950761243393558,0.9442824368661134,0.9523809141321803,0.9433106591375312,0.06732497896647921,0.001943617243642226,-0.006478806527444703,0.0009717777285821461,-0.00291539497222415,-0.00882965062214941,25.960817337036133
43,2012-03-06,0.9361839596000464,0.9277615358289594,0.9384515233487084,0.9261418650903371,0.18828322189257407,-0.014577283793511642,-0.01652090103715398,-0.013929390783471884,-0.01716879404719407,0.12095824292609486,25.506616592407227
44,2012-03-07,0.9248460790702568,0.9196630585628923,0.9368318526100864,0.91771944131925,0.08293849355710048,-0.011337880529789568,-0.00809847726606705,-0.0016196707386220144,-0.00842242377108715,-0.10534472833547359,25.283966064453125
45,2012-03-08,0.9251700255752769,0.9225785153215946,0.9267897581003771,0.9212827910879925,0.11791170349377851,0.0003239465050201007,0.002915456758702306,-0.010042094509709276,0.0035633497687425075,0.03497320993667803,25.364118576049805
46,2012-03-09,0.9199870050679124,0.9203109515729324,0.9280854823339794,0.9186912808343101,0.1059203825886729,-0.005183020507364522,-0.0022675637486622158,0.0012957242336022468,-0.0025915102536824275,-0.011991320905105615,25.301776885986328
47,2012-03-12,0.9203109515729324,0.9238743013416748,0.9251700255752769,0.9157758240756079,0.07293982198999248,0.00032394650501998967,0.0035633497687423965,-0.002915456758702417,-0.002915456758702195,-0.03298056059868042,25.39974403381348
48,2012-03-13,0.9251700255752769,0.9267897581003771,0.9274375893239392,0.9225785153215946,0.06717442323871939,0.004859074002344532,0.002915456758702306,0.0022675637486622158,0.006802691245986758,-0.00576539875127309,25.47989654541016
49,2012-03-14,0.9238743013416748,0.9219306223115545,0.9264658115953571,0.9203109515729324,0.061842979232165786,-0.0012957242336021357,-0.004859135788822577,-0.000971777728582035,-0.0022675637486622158,-0.0053314440065536026,25.3463077545166
50,2012-03-15,0.9235503548366549,0.9293812683540595,0.9306769925876616,0.9229024618266146,0.0957445866359651,-0.00032394650501987865,0.007450646042505005,0.004211180992304442,0.0025915102536822054,0.03390160740379932,25.551143646240234
51,2012-03-16,0.9264658115953571,0.9274375893239392,0.9300290995776215,0.9222545688165744,0.04837266970730195,0.002915456758702195,-0.0019436790301203821,-0.0006478930100400904,-0.0006478930100402014,-0.04737191692866315,25.497709274291992
52,2012-03-19,0.9264658115953571,0.9261418650903371,0.9297052148590795,0.9238743013416748,0.04664570694770403,0.0,-0.0012957242336020247,-0.00032388471854194467,0.0016197325251003925,-0.0017269627595979248,25.46208381652832
53,2012-03-20,0.9254939720802969,0.9219306223115545,0.9271137046053972,0.9203109515729324,0.0715759642208741,-0.0009718395150601911,-0.004211242778782598,-0.0025915102536823165,-0.0035633497687423965,0.024930257273170074,25.3463077545166
54,2012-03-21,0.9229024618266146,0.9203109515729324,0.9290573218490394,0.9193391120578722,0.07386972501439136,-0.0025915102536823165,-0.0016196707386221254,0.001943617243642226,-0.0009718395150601911,0.0022937607935172577,25.301776885986328
55,2012-03-22,0.9186912808343101,0.9180433878242701,0.9206348980779524,0.916099770580628,0.059558074657928534,-0.004211180992304553,-0.002267563748662327,-0.00842242377108704,-0.003239341477244251,-0.014311650356462827,25.23943519592285
56,2012-03-23,0.9186912808343101,0.9186912808343101,0.9206348980779524,0.91739549481423,0.041836779878669794,0.0,0.0006478930100399793,0.0,0.0012957242336020247,-0.01772129477925874,25.25724601745605
57,2012-03-26,0.9196630585628923,0.9209588445829725,0.9251700255752769,0.9193391120578722,0.09590399858300491,0.0009717777285822571,0.002267563748662438,0.004535127497324543,0.001943617243642226,0.05406721870433512,25.3195915222168
58,2012-03-27,0.9232264083316347,0.9209588445829725,0.9287333753440193,0.9206348980779524,0.08912013461453305,0.0035633497687423965,0.0,0.0035633497687423965,0.0012957860200801807,-0.006783863968471859,25.3195915222168
59,2012-03-28,0.9206348980779524,0.908325239819581,0.9206348980779524,0.9073534003045209,0.10739051498915113,-0.0025915102536823165,-0.012633604763391482,-0.008098477266066939,-0.013281497773431461,0.018270380374618075,24.97225952148437
60,2012-03-29,0.9057336677794205,0.8937479560260692,0.9060576142844405,0.8927761165110091,0.1201700394101758,-0.014901230298531853,-0.014577283793511864,-0.014577283793511864,-0.014577283793511864,0.012779524421024674,24.57149124145508
61,2012-03-30,0.9060576142844405,0.9102688570632232,0.9125364208118855,0.9057336677794205,0.14214231944382943,0.00032394650501998967,0.01652090103715409,0.006478806527444925,0.012957551268411471,0.021972280033653632,25.025693893432617
62,2012-04-02,0.9102688570632232,0.9157758240756079,0.9186912808343101,0.9096209640531829,0.0525793738652969,0.004211242778782709,0.005506967012384623,0.006154860022424602,0.003887296273762386,-0.08956294557853253,25.177095413208008
63,2012-04-03,0.9131843138219256,0.9099449105582031,0.9135082603269457,0.9076773468095409,0.06489837488376213,0.002915456758702306,-0.005830913517404723,-0.005183020507364411,-0.001943617243642004,0.012319001018465225,25.016788482666016
64,2012-04-04,0.9024943263021762,0.9021703797971562,0.9076773468095409,0.8986070300284138,0.06682017446751981,-0.010689987519749367,-0.007774530761046949,-0.005830913517404723,-0.00907031678112713,0.001921799583757683,24.80304527282715
65,2012-04-05,0.9028182728071964,0.9054097830608786,0.9086491245381229,0.9028182728071964,0.0305008192002834,0.0003239465050202117,0.003239403263722407,0.000971777728581924,0.004211242778782598,-0.03631935526723641,24.89210700988769
66,2012-04-09,0.9060576142844405,0.9031421575257382,0.908325239819581,0.9028182728071964,0.03464552982331843,0.00323934147724414,-0.002267625535140372,-0.00032388471854183365,0.0,0.004144710623035029,24.829761505126957
67,2012-04-10,0.8979591370183735,0.8911564457723871,0.9031421575257382,0.8905085527623468,0.13118717619448259,-0.00809847726606705,-0.01198571175335117,-0.005183082293842789,-0.012309720044849648,0.09654164637116416,24.500244140625
68,2012-04-11,0.8956915732697115,0.8973113057948117,0.8976351905133536,0.8914803922774069,0.193313554443608,-0.0022675637486619937,0.006154860022424602,-0.005506967012384623,0.0009718395150601911,0.062126378249125425,24.669458389282227
69,2012-04-12,0.8982830835233937,0.9063815607894606,0.9067055072944807,0.8982830835233937,0.058778727361289466,0.0025915102536822054,0.009070254994648974,0.00907031678112713,0.006802691245986758,-0.13453482708231854,24.9188232421875
70,2012-04-13,0.9063815607894606,0.8914803922774069,0.9070294537995007,0.8908324992673669,0.04587521587034495,0.008098477266066939,-0.014901168512053697,0.00032394650501998967,-0.007450584256026849,-0.012903511490944514,24.5091495513916
71,2012-04-16,0.8879170425086644,0.88338191501134,0.8895367132472866,0.8827340220012999,0.08473630607093832,-0.018464518280796205,-0.008098477266066939,-0.01749274055221417,-0.008098477266066939,0.03886109020059337,24.286500930786133
72,2012-04-17,0.8875930960036446,0.8885649355187046,0.8914803922774069,0.8862973717700422,0.04657485719346411,-0.00032394650501987865,0.005183020507364633,0.0019436790301203821,0.0035633497687422855,-0.03816144887747421,24.42899513244629
73,2012-04-18,0.8859734252650223,0.8788467257275373,0.8875930960036446,0.8772270549889151,0.09188327502988974,-0.0016196707386222364,-0.009718209791167332,-0.003887296273762386,-0.00907031678112713,0.045308417836425634,24.161815643310547
74,2012-04-19,0.8866213182750624,0.88305796850632,0.8872691494986245,0.8804664582526376,0.120834255856175,0.0006478930100400904,0.004211242778782709,-0.0003239465050201007,0.003239403263722518,0.02895098082628525,24.27759552001953
75,2012-04-20,0.8869452029936042,0.88305796850632,0.8885649355187046,0.8814382359812196,0.055138821237213836,0.00032388471854183365,0.0,0.0012957860200801807,0.000971777728582035,-0.06569543461896116,24.27759552001953
76,2012-04-23,0.8807904047576577,0.8814382359812196,0.88305796850632,0.8772270549889151,0.053739538590975515,-0.006154798235946557,-0.0016197325251003925,-0.005506967012384623,-0.004211180992304553,-0.0013992826462383215,24.233064651489254
77,2012-04-24,0.8882409890136845,0.88370586151636,0.8914803922774069,0.8807904047576577,0.08779170172253466,0.007450584256026849,0.002267625535140372,0.008422423771086929,0.0035633497687426186,0.03405216313155914,24.29540634155273
78,2012-04-25,0.8901846062573268,0.8807904047576577,0.8914803922774069,0.8788467257275373,0.07181508214143383,0.001943617243642226,-0.002915456758702306,0.0,-0.0019436790301203821,-0.01597661958110083,24.21525382995605
79,2012-04-26,0.8804664582526376,0.8772270549889151,0.8824100754962798,0.8759313307553132,0.03512376566443785,-0.009718148004689176,-0.0035633497687426186,-0.00907031678112713,-0.00291539497222415,-0.03669131647699597,24.11728858947754
80,2012-04-27,0.8778749479989553,0.8814382359812196,0.884353692739922,0.8778749479989553,0.16930434397555683,-0.0025915102536823165,0.004211180992304553,0.001943617243642226,0.001943617243642115,0.13418057831111896,24.233064651489254
81,2012-04-30,0.8794946187375775,0.8840298080213801,0.8840298080213801,0.8739876517251928,0.056236992427932515,0.0016196707386222364,0.0025915720401604725,-0.00032388471854194467,-0.003887296273762497,-0.11306735154762432,24.30431365966797
82,2012-05-01,0.8820861289912597,0.8875930960036446,0.8892128285287447,0.8811143512626778,0.03530089005003764,0.0025915102536822054,0.0035632879822644625,0.005183020507364633,0.007126699537485015,-0.020936102377894873,24.40227699279785
83,2012-05-02,0.8862973717700422,0.8720440344815505,0.8866213182750624,0.8717200879765306,0.07869636452198557,0.004211242778782487,-0.01554906152209401,-0.0025915102536823165,-0.00939426328614723,0.04339547447194793,23.97479248046875
84,2012-05-03,0.8733397587151527,0.875607384250293,0.876255215473855,0.8713961414715106,0.03693929061683567,-0.012957613054889516,0.0035633497687425075,-0.010366102801207422,-0.00032394650501998967,-0.0417570739051499,24.072757720947266
85,2012-05-04,0.8752834377452731,0.8710721949664906,0.8772270549889151,0.8658891744591258,0.05287162910153655,0.0019436790301203821,-0.0045351892838024765,0.00097183951506008,-0.005506967012384734,0.01593233848470088,23.948076248168945
86,2012-05-07,0.8697764707328883,0.8736637052201726,0.8746355447352329,0.868156738207788,0.038347429482353985,-0.005506967012384734,0.0025915102536819834,-0.0025915102536822054,0.0022675637486622158,-0.014524199619182568,24.01932144165039
87,2012-05-08,0.8749594912402531,0.8688046312178281,0.8752834377452731,0.8668610139741861,0.06971615817207634,0.005183020507364744,-0.004859074002344421,0.0006478930100402014,-0.0012957242336019137,0.031368728689722354,23.885730743408203
88,2012-05-09,0.8636216107104635,0.8642695037205037,0.868156738207788,0.8613540469618013,0.050197050878979764,-0.011337880529789568,-0.0045351274973244315,-0.007126699537485015,-0.005506967012384845,-0.019519107293096576,23.761049270629883
89,2012-05-10,0.8642695037205037,0.8642695037205037,0.8701004172379083,0.8620019399718413,0.041261125625470484,0.0006478930100402014,0.0,0.001943679030120271,0.0006478930100399793,-0.00893592525350928,23.761049270629883
90,2012-05-11,0.8603822074467411,0.8545512939293364,0.8636216107104635,0.8545512939293364,0.035911969180356905,-0.0038872962737626082,-0.009718209791167332,-0.006478806527444814,-0.007450646042504894,-0.005349156445113579,23.493871688842773
91,2012-05-14,0.8513119524520921,0.8513119524520921,0.8551991869393767,0.8490443269169518,0.0639153345436833,-0.009070254994648974,-0.003239341477244251,-0.008422423771086818,-0.005506967012384623,0.028003365363326392,23.40481376647949
92,2012-05-15,0.8594104297181592,0.8610301004567812,0.8645934502255237,0.8577906971930588,0.13571270424655715,0.00809847726606705,0.009718148004689064,0.009394263286147009,0.00874637027610703,0.07179736970287386,23.6719913482666
93,2012-05-16,0.8590864832131391,0.8704243637429284,0.8707482484614704,0.8590864832131391,0.07747420626134703,-0.0003239465050201007,0.00939426328614723,0.006154798235946668,0.0012957860200802918,-0.05823849798521012,23.93026351928711
94,2012-05-17,0.8697764707328883,0.8739876517251928,0.875607384250293,0.8694525242278683,0.051693751937297965,0.010689987519749256,0.0035632879822643515,0.004859135788822688,0.010366041014729266,-0.025780454324049067,24.028228759765625
95,2012-05-18,0.8772270549889151,0.8794946187375775,0.884677639244942,0.8746355447352329,0.07406456183855112,0.007450584256026738,0.005506967012384734,0.009070254994648974,0.005183020507364522,0.022370809901253154,24.179628372192383
96,2012-05-21,0.88370586151636,0.8775510014939353,0.8866213182750624,0.8772270549889151,0.051835451445777794,0.006478806527444925,-0.001943617243642226,0.0019436790301203821,0.0025915102536822054,-0.022229110392773324,24.12619400024414
97,2012-05-22,0.8713961414715106,0.8626497711954034,0.875607384250293,0.8623258864768615,0.07285125979719258,-0.012309720044849426,-0.014901230298531853,-0.011013934024769356,-0.014901168512053586,0.021015808351414783,23.71651840209961
98,2012-05-23,0.8496922199269918,0.8496922199269918,0.8526076766856943,0.8458049854397074,0.07439224195191073,-0.021703921544518723,-0.012957551268411582,-0.022999707564598793,-0.01652090103715409,0.0015409821547181513,23.36028480529785
99,2012-05-24,0.8548752404343566,0.8503401129370319,0.8561710264544367,0.8461289319447275,0.0460789089137847,0.005183020507364744,0.0006478930100400904,0.0035633497687423965,0.0003239465050201007,-0.028313333038126026,23.37809562683105
100,2012-05-25,0.8539034627057743,0.8539034627057743,0.8568189194644769,0.8526076766856943,0.035380596023557545,-0.0009717777285822571,0.0035633497687423965,0.0006478930100402014,0.006478744740966769,-0.010698312890227157,23.47606086730957
101,2012-05-29,0.8568189194644769,0.8509880059470721,0.8600582609417211,0.8483964956933898,0.058380197493689945,0.002915456758702528,-0.002915456758702195,0.003239341477244251,-0.004211180992304442,0.0229996014701324,23.395906448364254
102,2012-05-30,0.8464528166632694,0.8458049854397074,0.8471007096733096,0.8409458496508848,0.059345525395208786,-0.010366102801207422,-0.005183020507364744,-0.012957551268411471,-0.007450646042505005,0.0009653279015188407,23.2534122467041
103,2012-05-31,0.8477486026833497,0.8448331459246472,0.8490443269169518,0.8435374216910453,0.04682283133330381,0.0012957860200802918,-0.0009718395150601911,0.001943617243642115,0.0025915720401604725,-0.012522694061904975,23.226694107055664
104,2012-06-01,0.8373825616686205,0.8357628291435202,0.8451570924296674,0.8325234876662759,0.05571447549041314,-0.010366041014729266,-0.009070316781127019,-0.003887234487284341,-0.011013934024769356,0.00889164415710933,22.97732734680176
105,2012-06-04,0.8390022324072427,0.8399740719223028,0.8412697961559047,0.8373825616686205,0.07301067174423238,0.0016196707386222364,0.004211242778782598,-0.0038872962737627192,0.004859074002344532,0.017296196253819243,23.09310531616211
106,2012-06-05,0.841917689165945,0.8370586151636004,0.8451570924296674,0.8370586151636004,0.0315015719789222,0.002915456758702306,-0.002915456758702417,0.0038872962737627192,-0.0003239465050201007,-0.041509099765310184,23.0129508972168
107,2012-06-06,0.8441852529146072,0.8496922199269918,0.8516358989571122,0.8441852529146072,0.035911969180356905,0.0022675637486622158,0.012633604763391482,0.006478806527444814,0.007126637751006859,0.004410397201434706,23.36028480529785
108,2012-06-07,0.8597343762231792,0.8610301004567812,0.8636216107104635,0.8551991869393767,0.045060443696585926,0.015549123308571944,0.011337880529789346,0.01198571175335128,0.011013934024769467,0.009148474516229022,23.6719913482666
109,2012-06-08,0.8519597836756541,0.8607061539517612,0.8626497711954034,0.8467767631682896,0.025319930921489615,-0.007774592547525105,-0.00032394650501998967,-0.00097183951506008,-0.00842242377108704,-0.019740512775096312,23.66308212280273
110,2012-06-11,0.8623258864768615,0.8535795162007545,0.8658891744591258,0.8532555696957344,0.04869149360138157,0.010366102801207422,-0.007126637751006748,0.003239403263722407,0.006478806527444703,0.023371562679891957,23.467153549194336
111,2012-06-12,0.8568189194644769,0.8535795162007545,0.8581146436980789,0.8532555696957344,0.04447593322410663,-0.005506967012384623,0.0,-0.007774530761046949,0.0,-0.004215560377274941,23.467153549194336
112,2012-06-13,0.8477486026833497,0.8474246561783296,0.8526076766856943,0.8464528166632694,0.052809635566576626,-0.00907031678112713,-0.006154860022424824,-0.005506967012384623,-0.006802753032464914,0.008333702342469995,23.297941207885746
113,2012-06-14,0.8503401129370319,0.8458049854397074,0.8509880059470721,0.8441852529146072,0.047921002524022496,0.0025915102536822054,-0.0016196707386222364,-0.0016196707386221254,-0.0022675637486622158,-0.00488863304255413,23.2534122467041
114,2012-06-15,0.8454810389346874,0.841917689165945,0.8474246561783296,0.8393261789122627,0.055953593410972856,-0.004859074002344532,-0.003887296273762386,-0.0035633497687425075,-0.004859074002344532,0.00803259088695036,23.14653968811035
115,2012-06-18,0.8415937426609249,0.8513119524520921,0.8522837301806742,0.8412697961559047,0.050560155869459326,-0.003887296273762497,0.00939426328614712,0.004859074002344532,0.001943617243642004,-0.005393437541513529,23.40481376647949
116,2012-06-19,0.8626497711954034,0.8710721949664906,0.8717200879765306,0.8626497711954034,0.11434264712394279,0.02105602853447852,0.01976024251439845,0.019436357795856396,0.021379975039498733,0.06378249125448346,23.948076248168945
117,2012-06-20,0.868156738207788,0.8678328534892461,0.8694525242278683,0.8623258864768615,0.07596864898374883,0.005506967012384623,-0.003239341477244473,-0.0022675637486622158,-0.00032388471854194467,-0.03837399814019396,23.8590145111084
118,2012-06-21,0.8658891744591258,0.8590864832131391,0.8701004172379083,0.8581146436980789,0.0705840676615153,-0.0022675637486622158,-0.00874637027610703,0.0006478930100399793,-0.004211242778782598,-0.005384581322233531,23.61855697631836
119,2012-06-22,0.8655652279541056,0.8581146436980789,0.867184960479206,0.8571428041830187,0.0585838905371297,-0.0003239465050202117,-0.0009718395150601911,-0.002915456758702306,-0.0009718395150601911,-0.0120001771243856,23.59183692932129
120,2012-06-25,0.8694525242278683,0.8746355447352329,0.8794946187375775,0.8691285777228481,0.11054332905282735,0.0038872962737627192,0.01652090103715398,0.012309658258371492,0.011985773539829436,0.05195943851569765,24.046039581298828
121,2012-06-26,0.8817621824862396,0.8872691494986245,0.8879170425086644,0.8798185652425975,0.3051764601691538,0.01230965825837127,0.012633604763391593,0.008422423771086929,0.010689987519749367,0.19463313111632644,24.393369674682617
122,2012-06-27,0.8986070300284138,0.8976351905133536,0.9028182728071964,0.8956915732697115,0.13354293052295974,0.01684484754217419,0.010366041014729155,0.014901230298531964,0.015873008027114,-0.17163352964619405,24.678361892700195
123,2012-06-28,0.8943958490361092,0.899254923038454,0.900874593777076,0.8934240095210491,0.06028428463888766,-0.004211180992304553,0.0016197325251003925,-0.0019436790301203821,-0.002267563748662438,-0.07325864588407208,24.72289085388184
124,2012-06-29,0.9076773468095409,0.9141560915505075,0.9154518775705879,0.9041139970407984,0.13890094318735333,0.013281497773431683,0.014901168512053475,0.014577283793511864,0.010689987519749367,0.07861665854846567,25.13256454467773
125,2012-07-02,0.9212827910879925,0.9222545688165744,0.9229024618266146,0.9180433878242701,0.17387415312403134,0.013605444278451562,0.008098477266066939,0.007450584256026738,0.013929390783471662,0.03497320993667802,25.35521125793457
126,2012-07-03,0.9303530460826414,0.9361839596000464,0.9378036921251466,0.9287333753440193,0.09587742992516494,0.009070254994648863,0.013929390783471995,0.014901230298531964,0.010689987519749256,-0.0779967231988664,25.738168716430664
127,2012-07-05,0.9501133503835179,0.9491415108684578,0.951085189898578,0.9413669801074108,0.1437452951335075,0.019760304300876497,0.01295755126841136,0.013281497773431461,0.012633604763391482,0.04786786520834256,26.094406127929688
128,2012-07-06,0.9452542763811734,0.9394233628637687,0.9462260541097554,0.9384515233487084,0.1938449276004074,-0.004859074002344421,-0.009718148004689064,-0.004859135788822688,-0.002915456758702417,0.050099632466899885,25.827228546142575
129,2012-07-09,0.9578878811445648,0.9601554448932272,0.9627469551469093,0.9556203173959026,0.1822521365629013,0.01263360476339137,0.020732082029458532,0.01652090103715398,0.01716879404719418,-0.0115927910375061,26.397205352783203
130,2012-07-10,0.9578878811445648,0.9530288071422203,0.958535774154605,0.9520569676271602,0.09810919718372227,0.0,-0.00712663775100697,-0.004211180992304331,-0.0035633497687423965,-0.08414293937917902,26.20127868652344
131,2012-07-11,0.9666342514206719,0.9481697331398757,0.9698736546843943,0.9394233628637687,0.1764955940309082,0.00874637027610714,-0.004859074002344532,0.011337880529789346,-0.012633604763391482,0.07838639684718593,26.067689895629883
132,2012-07-12,0.9465500006147753,0.9462260541097554,0.9488176261499158,0.9433106591375312,0.10049152017003941,-0.020084250805896597,-0.0019436790301203821,-0.02105602853447852,0.003887296273762497,-0.07600407386086878,26.014253616333008
133,2012-07-13,0.9514091364035981,0.9533527536472404,0.9552963708908826,0.9475218401298356,0.089164415710933,0.004859135788822799,0.007126699537485015,0.006478744740966769,0.004211180992304442,-0.01132710445910641,26.21018409729004
134,2012-07-16,0.9637187946619695,0.9624230086418893,0.9646906341770297,0.9565921569109628,0.18264181021122083,0.012309658258371381,0.009070254994648974,0.00939426328614712,0.00907031678112713,0.09347739450028783,26.459548950195312
135,2012-07-17,0.9582118276495848,0.9595076136696652,0.9620991239233474,0.9536767001522605,0.1953416286587256,-0.005506967012384734,-0.00291539497222415,-0.0025915102536823165,-0.002915456758702306,0.012699818447504757,26.379396438598636
136,2012-07-18,0.9559442639009228,0.9701976011894144,0.9718172719280366,0.9552963708908826,0.1677545056015587,-0.0022675637486619937,0.010689987519749256,0.009718148004689176,0.0016196707386221254,-0.0275871230571669,26.67329216003418
137,2012-07-19,0.9782960784554814,0.975056675191759,0.9828312059528059,0.9701976011894144,0.1898153478280122,0.02235181455455859,0.004859074002344532,0.011013934024769356,0.014901230298531853,0.02206084222645352,26.806882858276367
138,2012-07-20,0.9815354199327256,0.9821833129427657,0.983803045467866,0.9773242389404212,0.1954124784129655,0.003239341477244251,0.007126637751006748,0.00097183951506008,0.007126637751006748,0.005597130584953286,27.0028133392334
139,2012-07-23,0.9682539221592942,0.9705214859079563,0.9757045682017991,0.9653384654005916,0.21851835451445778,-0.013281497773431461,-0.011661827034809447,-0.008098477266066939,-0.011985773539829547,0.023105876101492284,26.68219757080078
140,2012-07-24,0.9614512309133073,0.9543245313758224,0.9620991239233474,0.9426627661274911,0.23778063144843467,-0.006802691245986869,-0.016196954532133878,-0.013605444278451673,-0.022675699273100536,0.01926227693397689,26.236900329589844
141,2012-07-25,0.9656624119056118,0.9640427411669897,0.9682539221592942,0.9620991239233474,0.20611964752247267,0.004211180992304442,0.009718209791167332,0.006154798235946779,0.019436357795856285,-0.031660983925962005,26.504077911376957
142,2012-07-26,0.9672821444307119,0.9582118276495848,0.9672821444307119,0.9546484778808423,0.0824248328388611,0.0016197325251001704,-0.005830913517404945,-0.0009717777285822571,-0.007450646042505116,-0.12369481468361157,26.343772888183597
143,2012-07-27,0.966958197925692,0.9718172719280366,0.9731130579481168,0.9666342514206719,0.10823185582075012,-0.00032394650501987865,0.013605444278451784,0.005830913517404834,0.011985773539829658,0.025807022981889027,26.71782112121582
144,2012-07-30,0.9834790989628459,0.9844508766914282,0.9860706092165283,0.9805636422041436,0.11046362307930745,0.016520901037153868,0.012633604763391593,0.012957551268411582,0.013929390783471662,0.002231767258557324,27.06515121459961
145,2012-07-31,0.9831551524578259,0.976028452920341,0.9831551524578259,0.975056675191759,0.1737501660541115,-0.00032394650501998967,-0.00842242377108715,-0.002915456758702417,-0.005506967012384623,0.06328654297480406,26.83359718322754
146,2012-08-01,0.9734369426666587,0.9779721319504613,0.9779721319504613,0.9630709016519294,0.2094850108488686,-0.00971820979116722,0.001943679030120271,-0.005183020507364633,-0.011985773539829547,0.03573484479475711,26.887035369873047
147,2012-08-02,0.9653384654005916,0.9676060909357321,0.9724651649380767,0.9630709016519294,0.15260151441349687,-0.00809847726606705,-0.010366041014729155,-0.005506967012384623,0.0,-0.056883496435371744,26.60204696655273
148,2012-08-03,0.9721412184330567,0.9731130579481168,0.9779721319504613,0.9718172719280366,0.07403799318071115,0.006802753032465025,0.005506967012384623,0.005506967012384623,0.00874637027610714,-0.07856352123278572,26.753448486328125
149,2012-08-06,0.9682539221592942,0.9701976011894144,0.9737608891716787,0.9666342514206719,0.10827613691715007,-0.003887296273762497,-0.002915456758702306,-0.004211242778782598,-0.005183020507364633,0.03423814373643892,26.67329216003418
150,2012-08-07,0.9701976011894144,0.9656624119056118,0.9727891114430968,0.9633948481569495,0.1100828056502679,0.001943679030120271,-0.004535189283802699,-0.000971777728581924,-0.003239403263722407,0.0018066687331178277,26.54861068725586
151,2012-08-08,0.9653384654005916,0.9711693789179965,0.9718172719280366,0.9624230086418893,0.12045343842713546,-0.004859135788822799,0.005506967012384734,-0.0009718395150601911,-0.0009718395150601911,0.010370632776867561,26.700010299682617
152,2012-08-09,0.9724651649380767,0.9770002924354012,0.9792678561840634,0.9724651649380767,0.08814595049373422,0.007126699537485015,0.005830913517404723,0.007450584256026849,0.010042156296187321,-0.03230748793340124,26.86031913757324
153,2012-08-10,0.975056675191759,0.9698736546843943,0.9792678561840634,0.9685778686643143,0.2049063454811141,0.0025915102536823165,-0.007126637751006859,0.0,-0.003887296273762386,0.11676039498737989,26.664386749267575
154,2012-08-13,0.9601554448932272,0.9565921569109628,0.9627469551469093,0.9556203173959026,0.24472390736394634,-0.014901230298531742,-0.013281497773431572,-0.01652090103715409,-0.012957551268411693,0.039817561882832225,26.29924201965332
155,2012-08-14,0.9630709016519294,0.9562682104059427,0.9633948481569495,0.9556203173959026,0.10581410795731302,0.002915456758702195,-0.0003239465050201007,0.0006478930100402014,0.0,-0.1389097994066333,26.29033660888672
156,2012-08-15,0.9611272844082873,0.9624230086418893,0.9630709016519294,0.9582118276495848,0.12457158039233052,-0.001943617243642115,0.006154798235946668,-0.0003239465050201007,0.0025915102536822054,0.01875747243501749,26.459548950195312
157,2012-08-16,0.9604793913982472,0.958859720659625,0.9620991239233474,0.958859720659625,0.12464243014657043,-0.0006478930100400904,-0.0035632879822643515,-0.000971777728582035,0.0006478930100402014,7.084975423991835e-05,26.36158561706543
158,2012-08-17,0.9663103049156517,0.9640427411669897,0.967929975654274,0.9624230086418893,0.07301952796351238,0.005830913517404501,0.005183020507364744,0.005830851730926567,0.0035632879822643515,-0.05162290218305805,26.504077911376957
159,2012-08-20,0.9682539221592942,0.9744087821817188,0.975056675191759,0.9666342514206719,0.09615197272284462,0.0019436172436424481,0.010366041014729044,0.007126699537485015,0.004211242778782598,0.023132444759332238,26.7890682220459
160,2012-08-21,0.9782960784554814,0.9802396956991237,0.983803045467866,0.9782960784554814,0.12453615551521055,0.01004215629618721,0.005830913517404945,0.00874637027610703,0.011661827034809447,0.02838418279236593,26.94937515258789
161,2012-08-22,0.9773242389404212,0.9740848356766988,0.9782960784554814,0.9718172719280366,0.061842979232165786,-0.0009718395150601911,-0.006154860022424935,-0.005506967012384623,-0.006478806527444814,-0.06269317628304477,26.780162811279297
162,2012-08-23,0.9757045682017991,0.966958197925692,0.9782960784554814,0.9653384654005916,0.089996900323252,-0.0016196707386221254,-0.007126637751006748,0.0,-0.006478806527444925,0.028153921091086213,26.5842342376709
163,2012-08-24,0.9692257616743543,0.9689018151693342,0.9711693789179965,0.9650145806820498,0.0478324403312226,-0.006478806527444814,0.001943617243642115,-0.007126699537484904,-0.00032388471854183365,-0.0421644599920294,26.63766860961914
164,2012-08-27,0.9718172719280366,0.9695497081793742,0.9744087821817188,0.9689018151693342,0.06580170925032104,0.0025915102536823165,0.0006478930100400904,0.003239403263722296,0.003887234487284341,0.01796926891909844,26.655481338500977
165,2012-08-28,0.9698736546843943,0.9753806216967789,0.9773242389404212,0.9682539221592942,0.08140636762166231,-0.001943617243642226,0.005830913517404612,0.002915456758702417,-0.0006478930100399793,0.01560465837134127,26.81578826904297
166,2012-08-29,0.976028452920341,0.9834790989628459,0.9844508766914282,0.9740848356766988,0.09776380463180269,0.006154798235946668,0.00809847726606705,0.00712663775100697,0.005830913517404612,0.016357437010140377,27.03843688964844
167,2012-08-30,0.984126930186408,0.9850987697014681,0.9896338971987926,0.983803045467866,0.09195412478412965,0.008098477266066939,0.0016196707386222364,0.005183020507364411,0.00971820979116722,-0.005809679847673041,27.08296775817871
168,2012-08-31,0.9857466627115082,0.9854227162064881,0.9863945557215483,0.9786199631740233,0.07974139839702431,0.0016197325251002814,0.00032394650501998967,-0.003239341477244251,-0.005183082293842678,-0.012212726387105341,27.09187126159668
169,2012-09-04,0.9870423869451102,0.9834790989628459,0.9893100124802507,0.9799157491941035,0.16373378204844352,0.0012957242336019137,-0.001943617243642226,0.002915456758702417,0.0012957860200801807,0.08399238365141921,27.03843688964844
170,2012-09-05,0.983803045467866,0.9779721319504613,0.9844508766914282,0.9766763459303812,0.041978479387149624,-0.00323934147724414,-0.005506967012384623,-0.004859135788822577,-0.003239403263722296,-0.12175530266129389,26.887035369873047
171,2012-09-06,0.9779721319504613,0.9786199631740233,0.9808875887091637,0.9747327286867389,0.05918611344816898,-0.005830913517404723,0.0006478312235620454,-0.0035632879822644625,-0.0019436172436423371,0.017207634061019356,26.90484619140625
172,2012-09-07,0.9773242389404212,0.9795918026890834,0.9834790989628459,0.9766763459303812,0.03781605632555462,-0.0006478930100400904,0.00097183951506008,0.0025915102536822054,0.0019436172436423371,-0.02137005712261436,26.93156242370605
173,2012-09-10,0.9805636422041436,0.9812115352141838,0.984126930186408,0.9792678561840634,0.03994154895275207,0.003239403263722407,0.0016197325251003925,0.0006478312235620454,0.0025915102536822054,0.0021254926271974534,26.976097106933597
174,2012-09-11,0.9818593664377457,0.9779721319504613,0.9831551524578259,0.9770002924354012,0.0406677589337112,0.0012957242336021357,-0.003239403263722518,-0.000971777728582035,-0.0022675637486622158,0.0007262099809591249,26.887035369873047
175,2012-09-12,0.9776481854454413,0.9857466627115082,0.9857466627115082,0.9766763459303812,0.06617367046008059,-0.004211180992304442,0.007774530761046949,0.0025915102536823165,-0.00032394650501998967,0.02550591152636939,27.100778579711918
176,2012-09-13,0.9857466627115082,0.9889860659752306,0.9893100124802507,0.9828312059528059,0.13130230704512244,0.008098477266066939,0.003239403263722407,0.0035633497687425075,0.006154860022424713,0.06512863658504185,27.18984031677246
177,2012-09-14,0.9957887572212174,0.9964366502312576,1.0,0.9938451399775752,0.15719789221981137,0.010042094509709165,0.00745058425602696,0.010689987519749256,0.011013934024769245,0.02589558517468893,27.39467430114746
178,2012-09-17,0.9850987697014681,0.9682539221592942,0.9863945557215483,0.9672821444307119,0.21728734003453926,-0.010689987519749256,-0.028182728071963425,-0.013605444278451673,-0.026562995546863255,0.06008944781472789,26.619855880737305
179,2012-09-18,0.9646906341770297,0.9608033379032672,0.967929975654274,0.9601554448932272,0.18964707966169242,-0.02040813552443843,-0.00745058425602696,-0.01846458006727436,-0.007126699537484682,-0.027640260372846837,26.415019989013672
180,2012-09-19,0.9666342514206719,0.9695497081793742,0.9698736546843943,0.9614512309133073,0.2689810919718372,0.001943617243642226,0.00874637027610703,0.0019436790301203821,0.0012957860200800697,0.07933401231014481,26.655481338500977
181,2012-09-20,0.9640427411669897,0.9572399881345247,0.9650145806820498,0.9540006466572805,0.09877341362972147,-0.0025915102536822054,-0.012309720044849537,-0.004859074002344532,-0.007450584256026849,-0.17020767834211575,26.317052841186523
182,2012-09-21,0.959831498388207,0.9646906341770297,0.9646906341770297,0.958535774154605,0.08036133374662356,-0.004211242778782709,0.007450646042505005,-0.0003239465050201007,0.004535127497324543,-0.018412079883097912,26.52189064025879
183,2012-09-24,0.9549724243858625,0.9559442639009228,0.9572399881345247,0.951085189898578,0.06461497586680247,-0.004859074002344532,-0.008746370276106918,-0.007450646042505005,-0.00745058425602696,-0.015746357879821093,26.28143119812012
184,2012-09-25,0.9608033379032672,0.9556203173959026,0.9617751774183274,0.9527048606372003,0.049807377230660234,0.005830913517404723,-0.0003239465050202117,0.004535189283802699,0.0016196707386222364,-0.014807598636142234,26.27252578735352
185,2012-09-26,0.9484936796448958,0.9397473093687888,0.9484936796448958,0.9371557991151064,0.09718815037860337,-0.012309658258371381,-0.015873008027113777,-0.013281497773431572,-0.015549061522093899,0.04738077314794314,25.83613395690918
186,2012-09-27,0.9384515233487084,0.9384515233487084,0.9410430336023908,0.9358600130950263,0.06705929238807953,-0.010042156296187432,-0.0012957860200804028,-0.007450646042505005,-0.0012957860200800697,-0.03012885799052384,25.80051040649414
187,2012-09-28,0.9462260541097554,0.9527048606372003,0.9569161034159829,0.9442824368661134,0.13712084311207545,0.007774530761046949,0.014253337288491874,0.015873069813592044,0.00842242377108704,0.07006155072399592,26.192371368408203
188,2012-10-01,0.9540006466572805,0.9533527536472404,0.9578878811445648,0.9488176261499158,0.14123012885799052,0.007774592547525105,0.0006478930100400904,0.000971777728581924,0.0045351892838024765,0.00410928574591507,26.21018409729004
189,2012-10-02,0.9514091364035981,0.9572399881345247,0.9575639346395448,0.9501133503835179,0.05831820395873002,-0.0025915102536823165,0.003887234487284341,-0.00032394650501998967,0.0012957242336020247,-0.0829119248992605,26.317052841186523
190,2012-10-03,0.9533527536472404,0.9530288071422203,0.9559442639009228,0.9491415108684578,0.04264269583314883,0.001943617243642226,-0.004211180992304442,-0.0016196707386220144,-0.00097183951506008,-0.01567550812558119,26.20127868652344
191,2012-10-04,0.958859720659625,0.9491415108684578,0.9601554448932272,0.9491415108684578,0.053279015188416066,0.005506967012384623,-0.003887296273762497,0.004211180992304442,0.0,0.010636319355267237,26.094406127929688
192,2012-10-05,0.9491415108684578,0.9436345438560731,0.9491415108684578,0.9426627661274911,0.054270911747774875,-0.00971820979116722,-0.005506967012384623,-0.011013934024769467,-0.006478744740966658,0.0009918965593588083,25.943004608154297
193,2012-10-08,0.9410430336023908,0.942986712632511,0.9449303298761533,0.9400712558738088,0.03827657972811407,-0.008098477266066939,-0.0006478312235621564,-0.004211180992304442,-0.0025915102536823165,-0.015994332019660808,25.925195693969727
194,2012-10-09,0.9465500006147753,0.9452542763811734,0.9491415108684578,0.9449303298761533,0.029730328122924324,0.005506967012384512,0.002267563748662438,0.004211180992304442,0.004859074002344532,-0.008546251605189743,25.98753547668457
195,2012-10-10,0.9439584903610932,0.9407191488838489,0.9449303298761533,0.9397473093687888,0.11939069211353673,-0.0025915102536820944,-0.004535127497324543,-0.004211180992304442,-0.005183020507364522,0.0896603639906124,25.862852096557617
196,2012-10-11,0.9452542763811734,0.9452542763811734,0.950437296888538,0.9426627661274911,0.09686047026524376,0.0012957860200801807,0.004535127497324543,0.005506967012384623,0.002915456758702306,-0.022530221848292967,25.98753547668457
197,2012-10-12,0.9400712558738088,0.9365079061050663,0.9413669801074108,0.9345642888614241,0.05605101182305274,-0.005183020507364633,-0.00874637027610714,-0.00907031678112713,-0.00809847726606705,-0.04080945844219102,25.747074127197266
198,2012-10-15,0.9322967251127618,0.9277615358289594,0.9329445563363238,0.9258179185853169,0.07985652924766418,-0.007774530761046949,-0.008746370276106918,-0.00842242377108704,-0.00874637027610714,0.023805517424611435,25.506616592407227
199,2012-10-16,0.934888235366444,0.9352121818714643,0.9371557991151064,0.9339163958513839,0.038409423017313905,0.0025915102536822054,0.007450646042504894,0.004211242778782598,0.008098477266066939,-0.04144710623035027,25.71145248413086
200,2012-10-17,0.9361839596000464,0.9407191488838489,0.9410430336023908,0.9352121818714643,0.035238896515077715,0.0012957242336023578,0.005506967012384623,0.003887234487284452,0.0012957860200804028,-0.00317052650223619,25.862852096557617
201,2012-10-18,0.9413669801074108,0.9462260541097554,0.9484936796448958,0.9400712558738088,0.04120798830979055,0.005183020507364411,0.005506905225906467,0.007450646042505005,0.004859074002344532,0.005969091794712833,26.014253616333008
202,2012-10-19,0.9494654573734779,0.9481697331398757,0.9543245313758224,0.9468739471197956,0.08860647389629367,0.00809847726606705,0.0019436790301203821,0.005830851730926567,0.006802691245986758,0.04739848558650312,26.067689895629883
203,2012-10-22,0.9533527536472404,0.9497894038784979,0.9540006466572805,0.9494654573734779,0.045990346720984815,0.003887296273762497,0.0016196707386221254,-0.00032388471854194467,0.0025915102536823165,-0.042616127175308854,26.11221694946289
204,2012-10-23,0.9416909266124309,0.942986712632511,0.9439584903610932,0.9381275768436884,0.04769074082274277,-0.011661827034809447,-0.006802691245986869,-0.01004215629618721,-0.011337880529789457,0.0017003941017579571,25.925195693969727
205,2012-10-24,0.9426627661274911,0.9410430336023908,0.9478457866348559,0.9394233628637687,0.05253509276889696,0.0009718395150601911,-0.00194367903012016,0.0038872962737626082,0.0012957860200802918,0.0048443519461541865,25.87175750732422
206,2012-10-25,0.9420148731174508,0.9374797456201265,0.9426627661274911,0.9355360665900061,0.030722224682283132,-0.0006478930100403124,-0.0035632879822643515,-0.005183020507364744,-0.0038872962737626082,-0.021812868086613826,25.773794174194336
207,2012-10-26,0.9378036921251466,0.9332685028413439,0.9394233628637687,0.932620671617782,0.04821325776026215,-0.00421118099230422,-0.004211242778782598,-0.003239403263722407,-0.00291539497222415,0.017491033077979015,25.65801429748535
208,2012-10-31,0.9355360665900061,0.9371557991151064,0.9387754698537285,0.9345642888614241,0.07364831953239162,-0.002267625535140483,0.003887296273762497,-0.0006478930100402014,0.001943617243642115,0.025435061772129473,25.7648868560791
209,2012-11-01,0.9410430336023908,0.9387754698537285,0.9426627661274911,0.9378036921251466,0.06031970951600762,0.005506967012384734,0.0016196707386221254,0.0038872962737626082,0.003239403263722518,-0.013328610016384003,25.80941390991211
210,2012-11-02,0.9368318526100864,0.9345642888614241,0.9378036921251466,0.9322967251127618,0.027135455873887437,-0.004211180992304442,-0.004211180992304442,-0.004859074002344532,-0.005506967012384734,-0.03318425364212018,25.693639755249023
211,2012-11-05,0.9355360665900061,0.9316488321027219,0.9355360665900061,0.9297052148590795,0.04265155205242882,-0.0012957860200802918,-0.002915456758702195,-0.002267625535140483,-0.0025915102536823165,0.015516096178541383,25.613487243652344
212,2012-11-06,0.9342403423564041,0.9378036921251466,0.9381275768436884,0.9342403423564041,0.06040827170880751,-0.0012957242336020247,0.006154860022424713,0.0025915102536823165,0.004535127497324543,0.01775671965637869,25.782699584960938
213,2012-11-07,0.933592449346364,0.9365079061050663,0.9378036921251466,0.9300290995776215,0.04285524509586858,-0.0006478930100400904,-0.0012957860200802918,-0.00032388471854183365,-0.004211242778782598,-0.017553026612938935,25.747074127197266
214,2012-11-08,0.9322967251127618,0.9322967251127618,0.9355360665900061,0.9313248855977017,0.037311251826595226,-0.0012957242336021357,-0.004211180992304442,-0.002267625535140483,0.0012957860200801807,-0.005543993269273351,25.631298065185547
215,2012-11-09,0.9290573218490394,0.9293812683540595,0.9339163958513839,0.9280854823339794,0.08707434796085552,-0.003239403263722407,-0.002915456758702306,-0.0016196707386222364,-0.003239403263722296,0.04976309613426029,25.551143646240234
216,2012-11-12,0.9274375893239392,0.9222545688165744,0.9297052148590795,0.9219306223115545,0.0953372005490856,-0.0016197325251002814,-0.007126699537485126,-0.004211180992304331,-0.006154860022424824,0.008262852588230077,25.35521125793457
217,2012-11-13,0.9225785153215946,0.9190152273393303,0.9235503548366549,0.9157758240756079,0.036230793074436524,-0.004859074002344532,-0.00323934147724414,-0.006154860022424602,-0.006154798235946668,-0.05910640747464907,25.26615524291992
218,2012-11-14,0.924522194351715,0.9203109515729324,0.9254939720802969,0.9196630585628923,0.02373466767037152,0.0019436790301203821,0.0012957242336021357,0.001943617243642004,0.003887234487284452,-0.012496125404065004,25.301776885986328
219,2012-11-15,0.9193391120578722,0.9190152273393303,0.9225785153215946,0.9190152273393303,0.030421113226763493,-0.005183082293842789,-0.0012957242336021357,-0.002915456758702306,-0.0006478312235620454,0.006686445556391973,25.26615524291992
220,2012-11-16,0.9138321450454875,0.916423717085648,0.9180433878242701,0.9118885278018455,0.07828897843510606,-0.005506967012384734,-0.0025915102536823165,-0.004535127497324543,-0.007126699537484793,0.04786786520834256,25.19490623474121
221,2012-11-19,0.9238743013416748,0.9280854823339794,0.9300290995776215,0.9238743013416748,0.06128503741752646,0.010042156296187321,0.011661765248331402,0.011985711753351391,0.011985773539829325,-0.0170039410175796,25.515520095825195
222,2012-11-20,0.9261418650903371,0.9300290995776215,0.9313248855977017,0.9251700255752769,0.0305008192002834,0.002267563748662327,0.001943617243642115,0.0012957860200801807,0.0012957242336021357,-0.03078421821724306,25.56895446777344
223,2012-11-21,0.9297052148590795,0.9293812683540595,0.9329445563363238,0.9287333753440193,0.03525660895363769,0.0035633497687423965,-0.0006478312235619343,0.0016196707386221254,0.0035633497687423965,0.004755789753354292,25.551143646240234
224,2012-11-23,0.9290573218490394,0.9306769925876616,0.932620671617782,0.9284094288389994,0.024363459239250766,-0.0006478930100400904,0.0012957242336020247,-0.00032388471854183365,-0.00032394650501998967,-0.010893149714386926,25.586769104003903
225,2012-11-26,0.9306769925876616,0.9300290995776215,0.9316488321027219,0.9290573218490394,0.02626754638444848,0.0016196707386221254,-0.0006478930100400904,-0.00097183951506008,0.0006478930100400904,0.0019040871451977137,25.56895446777344
226,2012-11-27,0.9339163958513839,0.9358600130950263,0.9358600130950263,0.9316488321027219,0.0457512288004251,0.003239403263722296,0.005830913517404834,0.004211180992304442,0.0025915102536824275,0.01948368241597662,25.72926139831543
227,2012-11-28,0.9310009390926817,0.9384515233487084,0.9400712558738088,0.9303530460826414,0.05147234645529823,-0.002915456758702195,0.0025915102536820944,0.004211242778782487,-0.0012957860200805138,0.005721117654873133,25.80051040649414
228,2012-11-29,0.9420148731174508,0.9420148731174508,0.9449303298761533,0.9403952023788288,0.035371739804277554,0.011013934024769134,0.0035633497687423965,0.004859074002344532,0.010042156296187432,-0.01610060665102068,25.898475646972656
229,2012-11-30,0.9390994163587486,0.9345642888614241,0.9410430336023908,0.9329445563363238,0.07936943718726476,-0.002915456758702195,-0.007450584256026738,-0.003887296273762497,-0.007450646042505005,0.04399769738298721,25.693639755249023
230,2012-12-03,0.9416909266124309,0.9368318526100864,0.942986712632511,0.9355360665900061,0.03928618872603286,0.0025915102536823165,0.002267563748662327,0.00194367903012016,0.0025915102536823165,-0.0400832484612319,25.7559814453125
231,2012-12-04,0.9368318526100864,0.9300290995776215,0.9368318526100864,0.9271137046053972,0.07974139839702431,-0.004859074002344532,-0.006802753032464914,-0.006154860022424602,-0.008422361984608884,0.04045520967099145,25.56895446777344
232,2012-12-05,0.9290573218490394,0.9342403423564041,0.9345642888614241,0.9287333753440193,0.07269184785015277,-0.007774530761046949,0.004211242778782598,-0.002267563748662327,0.0016196707386221254,-0.007049550546871536,25.68473243713379
233,2012-12-06,0.9322967251127618,0.9352121818714643,0.9358600130950263,0.9300290995776215,0.036337067705796394,0.003239403263722407,0.0009718395150601911,0.0012957242336022468,0.0012957242336021357,-0.03635478014435638,25.71145248413086
234,2012-12-07,0.9310009390926817,0.933592449346364,0.9342403423564041,0.9303530460826414,0.027498560864367003,-0.0012957860200801807,-0.0016197325251002814,-0.0016196707386222364,0.00032394650501987865,-0.008838506841429391,25.666921615600582
235,2012-12-10,0.9284094288389994,0.9251700255752769,0.9284094288389994,0.9229024618266146,0.027587123057166894,-0.0025915102536823165,-0.00842242377108704,-0.005830913517404723,-0.007450584256026738,8.8562192799891e-05,25.435365676879883
236,2012-12-11,0.9219306223115545,0.9251700255752769,0.9258179185853169,0.9216067375930126,0.031368728689722354,-0.006478806527444814,0.0,-0.0025915102536824275,-0.0012957242336020247,0.00378160563255546,25.435365676879883
237,2012-12-12,0.9248460790702568,0.9229024618266146,0.9254939720802969,0.9209588445829725,0.029978302262764028,0.002915456758702306,-0.002267563748662327,-0.00032394650501998967,-0.0006478930100400904,-0.0013904264269583265,25.37302589416504
238,2012-12-13,0.9190152273393303,0.9170715483092099,0.9203109515729324,0.9167476018041899,0.0419164858521897,-0.005830851730926567,-0.005830913517404723,-0.005183020507364522,-0.004211242778782598,0.01193818358942567,25.21272087097168
239,2012-12-14,0.9196630585628923,0.9225785153215946,0.9232264083316347,0.9190152273393303,0.05889385821192933,0.0006478312235620454,0.005506967012384734,0.002915456758702306,0.002267625535140372,0.01697737235973963,25.364118576049805
240,2012-12-17,0.9235503548366549,0.924522194351715,0.9248460790702568,0.9216067375930126,0.02939379179028473,0.0038872962737626082,0.0019436790301203821,0.0016196707386221254,0.0025915102536823165,-0.0295000664216446,25.41755485534668
241,2012-12-18,0.9225785153215946,0.9219306223115545,0.924522194351715,0.9209588445829725,0.04353717398042776,-0.0009718395150603021,-0.0025915720401604725,-0.00032388471854183365,-0.0006478930100400904,0.01414338219014303,25.3463077545166
242,2012-12-19,0.9212827910879925,0.9186912808343101,0.9229024618266146,0.9170715483092099,0.09701988221228358,-0.0012957242336021357,-0.003239341477244473,-0.0016197325251003925,-0.0038872962737626082,0.05348270823185582,25.25724601745605
243,2012-12-20,0.9112406347918052,0.9102688570632232,0.9135082603269457,0.9099449105582031,0.07637603507062835,-0.010042156296187321,-0.008422423771086818,-0.009394201499668964,-0.007126637751006748,-0.020643847141655236,25.025693893432617
244,2012-12-21,0.9115645812968254,0.9128603673169055,0.9154518775705879,0.9102688570632232,0.061727848381525924,0.0003239465050202117,0.0025915102536822054,0.001943617243642226,0.0003239465050201007,-0.014648186689102421,25.096939086914062
245,2012-12-24,0.9148039845605477,0.9138321450454875,0.9151279310655678,0.9102688570632232,0.019598813266616482,0.003239403263722296,0.000971777728582035,-0.0003239465050201007,0.0,-0.04212903511490944,25.1236572265625
246,2012-12-26,0.9151279310655678,0.9109167500732633,0.916423717085648,0.9105928035682431,0.02417747863437099,0.0003239465050201007,-0.00291539497222415,0.0012957860200801807,0.00032394650501987865,0.0045786653677545065,25.043506622314453
247,2012-12-27,0.9105928035682431,0.9099449105582031,0.9112406347918052,0.9080012933145609,0.04924057919674091,-0.004535127497324654,-0.0009718395150601911,-0.005183082293842789,-0.0025915102536822054,0.02506310056236992,25.016788482666016
248,2012-12-28,0.9109167500732633,0.908973071043143,0.9128603673169055,0.908325239819581,0.0370809901253155,0.0003239465050202117,-0.0009718395150601911,0.0016197325251002814,0.0003239465050201007,-0.012159589071425406,24.990070343017575
249,2012-12-31,0.9060576142844405,0.9054097830608786,0.9070294537995007,0.899902816048494,0.0715759642208741,-0.004859135788822799,-0.0035632879822643515,-0.005830913517404723,-0.00842242377108704,0.0344949740955586,24.89210700988769
250,2013-01-02,0.9138321450454875,0.9054097830608786,0.9180433878242701,0.9034661040307584,0.07794358588318646,0.007774530761046949,0.0,0.011013934024769356,0.0035632879822644625,0.006367621662312362,24.89210700988769
251,2013-01-03,0.9021703797971562,0.9024943263021762,0.9054097830608786,0.9005506472720559,0.046344595492184386,-0.01166176524833129,-0.002915456758702417,-0.012633604763391482,-0.002915456758702528,-0.03159899039100208,24.81195068359375
252,2013-01-04,0.8973113057948117,0.8953676267646914,0.8976351905133536,0.892452170005989,0.05703405216313156,-0.004859074002344532,-0.007126699537484793,-0.007774592547524994,-0.008098477266066939,0.010689456670947173,24.61602020263672
253,2013-01-07,0.8982830835233937,0.901522486787116,0.9018464332921362,0.8960155197747315,0.07809414161094629,0.000971777728582035,0.006154860022424602,0.004211242778782598,0.0035633497687425075,0.021060089447814727,24.785234451293945
254,2013-01-08,0.901522486787116,0.8953676267646914,0.901522486787116,0.8950436802596713,0.05350927688969579,0.003239403263722296,-0.006154860022424602,-0.0003239465050202117,-0.0009718395150601911,-0.024584864721250495,24.61602020263672
255,2013-01-09,0.8953676267646914,0.8963394662797515,0.8963394662797515,0.8927761165110091,0.04120798830979055,-0.006154860022424602,0.00097183951506008,-0.005183020507364522,-0.0022675637486622158,-0.012301288579905242,24.64274024963379
256,2013-01-10,0.8973113057948117,0.8973113057948117,0.899254923038454,0.8960155197747315,0.08207058406766152,0.001943679030120271,0.0009718395150601911,0.002915456758702528,0.003239403263722407,0.04086259575787097,24.669458389282227
257,2013-01-11,0.8973113057948117,0.8995788695434739,0.9024943263021762,0.8927761165110091,0.06772350883407874,0.0,0.0022675637486622158,0.003239403263722185,-0.003239403263722407,-0.014347075233582779,24.73179817199707
258,2013-01-14,0.9005506472720559,0.9028182728071964,0.9031421575257382,0.8986070300284138,0.050914404640658904,0.003239341477244251,0.003239403263722518,0.0006478312235620454,0.005830913517404723,-0.016809104193419834,24.82085609436035
259,2013-01-15,0.9024943263021762,0.9024943263021762,0.9070294537995007,0.901522486787116,0.13973342779967232,0.001943679030120271,-0.0003239465050202117,0.003887296273762497,0.002915456758702195,0.08881902315901341,24.81195068359375
260,2013-01-16,0.9031421575257382,0.9034661040307584,0.9054097830608786,0.901522486787116,0.03211265110924146,0.0006478312235620454,0.0009717777285822571,-0.0016196707386221254,0.0,-0.10762077669043085,24.838668823242188
261,2013-01-17,0.9041139970407984,0.901522486787116,0.9060576142844405,0.8979591370183735,0.05604215560377275,0.0009718395150601911,-0.0019436172436424481,0.0006478312235619343,-0.0035633497687425075,0.023929504494531288,24.785234451293945
262,2013-01-18,0.9005506472720559,0.9028182728071964,0.9028182728071964,0.899254923038454,0.06297657530000443,-0.0035633497687425075,0.0012957860200804028,-0.00323934147724414,0.0012957860200805138,0.006934419696231681,24.82085609436035
263,2013-01-22,0.9028182728071964,0.8956915732697115,0.9034661040307584,0.8940719025310893,0.07269184785015277,0.002267625535140483,-0.007126699537484904,0.0006478312235620454,-0.005183020507364744,0.00971527255014834,24.62492561340332
264,2013-01-23,0.8940719025310893,0.8976351905133536,0.8982830835233937,0.8934240095210491,0.14547225789310544,-0.00874637027610714,0.001943617243642115,-0.005183020507364744,-0.0006478930100402014,0.07278041004295267,24.678361892700195
265,2013-01-24,0.891804338782427,0.8947197955411293,0.8950436802596713,0.8895367132472866,0.14702209626710358,-0.0022675637486622158,-0.002915394972224261,-0.003239403263722407,-0.003887296273762497,0.0015498383739981358,24.59820938110352
266,2013-01-25,0.891804338782427,0.8934240095210491,0.8940719025310893,0.8901846062573268,0.07159367665943409,0.0,-0.0012957860200802918,-0.000971777728582035,0.0006478930100402014,-0.0754284196076695,24.56258583068848
267,2013-01-28,0.8947197955411293,0.9002267625535141,0.901522486787116,0.8940719025310893,0.12998273037240402,0.002915456758702306,0.006802753032465025,0.007450584256026738,0.003887296273762497,0.05838905371296993,24.749610900878903
268,2013-01-29,0.8989309765334338,0.8989309765334338,0.900874593777076,0.8979591370183735,0.11218172961962539,0.004211180992304442,-0.0012957860200802918,-0.0006478930100399793,0.00388723448728423,-0.01780100075277863,24.713985443115234
269,2013-01-30,0.9028182728071964,0.9034661040307584,0.9037900505357784,0.8995788695434739,0.06529690475136164,0.0038872962737626082,0.004535127497324654,0.002915456758702417,0.0016197325251003925,-0.046884824868263744,24.838668823242188
270,2013-01-31,0.9021703797971562,0.9041139970407984,0.9047618900508385,0.901198540282096,0.11769915423105876,-0.0006478930100402014,0.0006478930100399793,0.00097183951506008,0.0016196707386221254,0.05240224947969711,24.856481552124023
271,2013-02-01,0.9063815607894606,0.8989309765334338,0.9070294537995007,0.8989309765334338,0.13168312447416197,0.004211180992304442,-0.005183020507364633,0.0022675637486622158,-0.0022675637486622158,0.013983970243103216,24.713985443115234
272,2013-02-04,0.8995788695434739,0.8976351905133536,0.901198540282096,0.8956915732697115,0.05692777753177169,-0.006802691245986758,-0.0012957860200801807,-0.005830913517404723,-0.003239403263722296,-0.07475534694239028,24.678361892700195
273,2013-02-05,0.8973113057948117,0.8969873592897917,0.8986070300284138,0.8947197955411293,0.05789310543329053,-0.0022675637486622158,-0.0006478312235619343,-0.0025915102536822054,-0.0009717777285821461,0.0009653279015188407,24.660552978515625
274,2013-02-06,0.8895367132472866,0.8859734252650223,0.8898606597523065,0.8850015857499621,0.11867333835185759,-0.007774592547525105,-0.011013934024769356,-0.008746370276107251,-0.00971820979116722,0.06078023291856706,24.357749938964844
275,2013-02-07,0.88338191501134,0.8807904047576577,0.8840298080213801,0.8791706722325575,0.08834078731789399,-0.006154798235946557,-0.005183020507364633,-0.005830851730926456,-0.005830913517404612,-0.030332551033963595,24.21525382995605
276,2013-02-08,0.8791706722325575,0.8746355447352329,0.8814382359812196,0.8746355447352329,0.06834344418367799,-0.004211242778782487,-0.006154860022424824,-0.0025915720401604725,-0.004535127497324654,-0.019997343134216,24.046039581298828
277,2013-02-11,0.8720440344815505,0.8694525242278683,0.8733397587151527,0.8691285777228481,0.10060665102067927,-0.00712663775100697,-0.005183020507364522,-0.008098477266066939,-0.005506967012384734,0.032263206837001276,23.903545379638672
278,2013-02-12,0.8665370674691659,0.8658891744591258,0.8675089069842261,0.8632976642054436,0.09538148164548554,-0.005506967012384623,-0.0035633497687425075,-0.005830851730926567,-0.005830913517404501,-0.005225169375193725,23.80558013916016
279,2013-02-13,0.8645934502255237,0.8649173967305438,0.8665370674691659,0.8632976642054436,0.09906566886596112,-0.001943617243642226,-0.000971777728582035,-0.0009718395150601911,0.0,0.003684187220475574,23.77886009216309
280,2013-02-14,0.8597343762231792,0.8597343762231792,0.8597343762231792,0.8561710264544367,0.0865783996811761,-0.004859074002344532,-0.005183020507364633,-0.006802691245986758,-0.00712663775100697,-0.012487269184785016,23.63636779785156
281,2013-02-15,0.8607061539517612,0.8581146436980789,0.8610301004567812,0.8574667506880387,0.08362927866093965,0.000971777728582035,-0.0016197325251002814,0.0012957242336020247,0.0012957242336020247,-0.0029491210202364504,23.59183692932129
282,2013-02-19,0.8613540469618013,0.8551991869393767,0.8620019399718413,0.8542274092107945,0.19211796484080945,0.0006478930100400904,-0.002915456758702195,0.00097183951506008,-0.00323934147724414,0.1084886861798698,23.51168441772461
283,2013-02-20,0.8594104297181592,0.8590864832131391,0.8594104297181592,0.8555231334443966,0.1738210158083514,-0.001943617243642115,0.003887296273762386,-0.0025915102536820944,0.0012957242336020247,-0.018296949032458043,23.61855697631836
284,2013-02-21,0.8561710264544367,0.8522837301806742,0.8568189194644769,0.8509880059470721,0.08423150157197892,-0.003239403263722518,-0.006802753032464914,-0.0025915102536823165,-0.0045351274973244315,-0.08958951423637249,23.431528091430664
285,2013-02-22,0.8574667506880387,0.8539034627057743,0.8603822074467411,0.8532555696957344,0.05340300225833591,0.0012957242336020247,0.0016197325251001704,0.0035632879822642405,0.0022675637486622158,-0.03082849931364301,23.47606086730957
286,2013-02-25,0.8526076766856943,0.8474246561783296,0.8548752404343566,0.8474246561783296,0.05382810078377541,-0.004859074002344421,-0.006478806527444703,-0.005506967012384512,-0.005830913517404723,0.0004250985254394962,23.297941207885746
287,2013-02-26,0.8467767631682896,0.8496922199269918,0.8503401129370319,0.8464528166632694,0.08385954036221936,-0.005830913517404612,0.0022675637486622158,-0.004535127497324654,-0.0009718395150601911,0.030031439578443953,23.36028480529785
288,2013-02-27,0.8526076766856943,0.8503401129370319,0.8555231334443966,0.8503401129370319,0.05926581942168888,0.005830913517404612,0.0006478930100400904,0.005183020507364633,0.003887296273762497,-0.02459372094053048,23.37809562683105
289,2013-02-28,0.8506640594420521,0.8551991869393767,0.8571428041830187,0.8500161664320119,0.19698002922552363,-0.001943617243642115,0.004859074002344754,0.0016196707386221254,-0.00032394650501998967,0.13771420980383475,23.51168441772461
290,2013-03-01,0.8506640594420521,0.8509880059470721,0.8522837301806742,0.8487204421984098,0.05111809768409866,0.0,-0.004211180992304553,-0.004859074002344532,-0.0012957242336021357,-0.14586193154142496,23.395906448364254
291,2013-03-04,0.8493682734219717,0.8506640594420521,0.8513119524520921,0.8467767631682896,0.2145773369348625,-0.0012957860200804028,-0.00032394650501998967,-0.000971777728582035,-0.00194367903012016,0.16345923925076383,23.387001037597656
292,2013-03-05,0.8490443269169518,0.8467767631682896,0.8513119524520921,0.8454810389346874,0.13072665279192314,-0.00032394650501998967,-0.003887296273762497,0.0,-0.0012957242336022468,-0.08385068414293936,23.280128479003903
293,2013-03-06,0.8428895286810051,0.8399740719223028,0.8435374216910453,0.8386782859022226,0.06104591949696674,-0.006154798235946668,-0.006802691245986869,-0.007774530761046838,-0.006802753032464803,-0.06968073329495639,23.09310531616211
294,2013-03-07,0.8448331459246472,0.8500161664320119,0.8500161664320119,0.8445091994196272,0.1739184342204313,0.001943617243642115,0.010042094509709165,0.006478744740966658,0.005830913517404612,0.11287251472346455,23.36918830871582
295,2013-03-08,0.8532555696957344,0.8500161664320119,0.8532555696957344,0.8464528166632694,0.09902138776956118,0.00842242377108715,0.0,0.003239403263722407,0.001943617243642226,-0.07489704645087011,23.36918830871582
296,2013-03-11,0.8506640594420521,0.8545512939293364,0.8548752404343566,0.8496922199269918,0.19258734446264889,-0.0025915102536822054,0.0045351274973244315,0.0016196707386222364,0.003239403263722407,0.0935659566930877,23.493871688842773
297,2013-03-12,0.8535795162007545,0.8551991869393767,0.8558470799494167,0.8522837301806742,0.07336492051543196,0.002915456758702306,0.0006478930100403124,0.00097183951506008,0.0025915102536823165,-0.11922242394721692,23.51168441772461
298,2013-03-13,0.8548752404343566,0.8509880059470721,0.8551991869393767,0.8500161664320119,0.0410840012398707,0.0012957242336021357,-0.004211180992304553,-0.0006478930100399793,-0.0022675637486622158,-0.03228091927556126,23.395906448364254
299,2013-03-14,0.8500161664320119,0.8539034627057743,0.8542274092107945,0.8496922199269918,0.04378514812026746,-0.004859074002344643,0.002915456758702195,-0.0009717777285821461,-0.0003239465050201007,0.002701146880396757,23.47606086730957
300,2013-03-15,0.8509880059470721,0.8487204421984098,0.8516358989571122,0.8474246561783296,0.08819023159013417,0.0009718395150601911,-0.005183020507364522,-0.0025915102536823165,-0.0022675637486622158,0.04440508346986671,23.33356475830078
301,2013-03-18,0.842241635670965,0.8409458496508848,0.8432134751860252,0.8390022324072427,0.048478944338661824,-0.00874637027610714,-0.007774592547524994,-0.00842242377108704,-0.008422423771086929,-0.03971128725147235,23.119821548461918
302,2013-03-19,0.8415937426609249,0.8402980184273228,0.8432134751860252,0.8383543393972025,0.04153566842315016,-0.0006478930100400904,-0.0006478312235620454,0.0,-0.0006478930100402014,-0.006943275915511665,23.10201072692871
303,2013-03-20,0.8438613064095871,0.8467767631682896,0.8474246561783296,0.8409458496508848,0.04276668290306868,0.0022675637486622158,0.00647874474096688,0.004211180992304442,0.0025915102536823165,0.001231014479918524,23.280128479003903
304,2013-03-21,0.8461289319447275,0.8471007096733096,0.8490443269169518,0.8451570924296674,0.06755524066775893,0.002267625535140372,0.00032394650501998967,0.0016196707386221254,0.004211242778782598,0.02478855776469025,23.289033889770508
305,2013-03-22,0.8474246561783296,0.8458049854397074,0.8480725491883697,0.8425655821759852,0.07407341805783112,0.0012957242336021357,-0.0012957242336022468,-0.000971777728582035,-0.0025915102536822054,0.006518177390072183,23.2534122467041
306,2013-03-25,0.8454810389346874,0.8454810389346874,0.8471007096733096,0.8435374216910453,0.09781694194748262,-0.001943617243642226,-0.00032394650501998967,-0.00097183951506008,0.00097183951506008,0.023743523889651508,23.2445068359375
307,2013-03-26,0.8487204421984098,0.8477486026833497,0.8496922199269918,0.8474246561783296,0.05114466634193863,0.003239403263722407,0.002267563748662327,0.0025915102536822054,0.003887234487284341,-0.046672275605543996,23.306846618652344
308,2013-03-27,0.8467767631682896,0.8513119524520921,0.8519597836756541,0.8454810389346874,0.07320550856839216,-0.00194367903012016,0.0035633497687423965,0.0022675637486622158,-0.001943617243642226,0.022060842226453527,23.40481376647949
309,2013-03-28,0.8516358989571122,0.8390022324072427,0.8535795162007545,0.8383543393972025,0.06569543461896117,0.004859135788822577,-0.012309720044849426,0.0016197325251003925,-0.007126699537484904,-0.007510073949430984,23.066387176513672
310,2013-04-01,0.841917689165945,0.8377065081736405,0.8425655821759852,0.8351149979199582,0.049523978213700574,-0.00971820979116722,-0.0012957242336022468,-0.011013934024769245,-0.003239341477244251,-0.016171456405260597,23.03076171875
311,2013-04-02,0.8396501254172827,0.8354389444249782,0.8406219649323429,0.8328473723848178,0.07260328565735287,-0.002267563748662327,-0.0022675637486622158,-0.0019436172436423371,-0.002267625535140483,0.023079307443652296,22.96842384338379
312,2013-04-03,0.8360867756485402,0.8396501254172827,0.8402980184273228,0.8357628291435202,0.1021653456139574,-0.0035633497687425075,0.004211180992304442,-0.0003239465050201007,0.002915456758702417,0.029562059956604533,23.084199905395508
313,2013-04-04,0.8354389444249782,0.8370586151636004,0.8377065081736405,0.834143158404898,0.04204932914138954,-0.0006478312235619343,-0.0025915102536823165,-0.0025915102536823165,-0.0016196707386221254,-0.06011601647256786,23.0129508972168
314,2013-04-05,0.8354389444249782,0.833819211899878,0.8360867756485402,0.8318755946562358,0.04015409821547181,0.0,-0.003239403263722407,-0.0016197325251002814,-0.0022675637486622158,-0.0018952309259177291,22.923891067504883
315,2013-04-08,0.8364107221535603,0.8347910514149381,0.8393261789122627,0.833819211899878,0.041022007704910775,0.000971777728582035,0.0009718395150601911,0.003239403263722518,0.001943617243642115,0.0008679094894389616,22.950611114501957
316,2013-04-09,0.833819211899878,0.8386782859022226,0.8386782859022226,0.833819211899878,0.029172386308284993,-0.0025915102536823165,0.003887234487284452,-0.0006478930100400904,0.0,-0.011849621396625782,23.05747985839844
317,2013-04-10,0.8390022324072427,0.8344671049099182,0.8415937426609249,0.8328473723848178,0.04460877651330647,0.005183020507364744,-0.004211180992304442,0.002915456758702306,-0.0009718395150601911,0.015436390205021477,22.94170379638672
318,2013-04-11,0.8354389444249782,0.8351149979199582,0.8383543393972025,0.833819211899878,0.18588318646769694,-0.0035632879822644625,0.0006478930100400904,-0.003239403263722407,0.0009718395150601911,0.14127440995439047,22.959518432617188
319,2013-04-12,0.8373825616686205,0.8406219649323429,0.8412697961559047,0.8370586151636004,0.1067440109817119,0.001943617243642226,0.005506967012384623,0.002915456758702195,0.003239403263722407,-0.07913917548598504,23.110916137695312
320,2013-04-15,0.8309037551411758,0.8247488951187508,0.8321995411612558,0.824425010400209,0.08544480361333746,-0.006478806527444703,-0.015873069813592044,-0.009070254994648863,-0.01263360476339137,-0.021299207368374443,22.674524307250977
321,2013-04-16,0.8296080309075734,0.8351149979199582,0.8351149979199582,0.8296080309075734,0.05322587787273613,-0.0012957242336023578,0.010366102801207422,0.002915456758702417,0.005183020507364411,-0.03221892574060133,22.959518432617188
322,2013-04-17,0.8354389444249782,0.8370586151636004,0.8412697961559047,0.833819211899878,0.05730859496081123,0.005830913517404834,0.001943617243642115,0.006154798235946446,0.004211180992304553,0.004082717088075095,23.0129508972168
323,2013-04-18,0.8406219649323429,0.8399740719223028,0.8415937426609249,0.8367346686585803,0.039870699198512154,0.005183020507364633,0.002915456758702417,0.0003239465050202117,0.002915456758702306,-0.017437895762299073,23.09310531616211
324,2013-04-19,0.8412697961559047,0.8412697961559047,0.8438613064095871,0.8396501254172827,0.04132311916043041,0.0006478312235618233,0.0012957242336019137,0.0022675637486622158,0.002915456758702417,0.0014524199619182568,23.12872695922852
325,2013-04-22,0.8370586151636004,0.8354389444249782,0.8370586151636004,0.8331713188898378,0.03786033742195457,-0.004211180992304331,-0.005830851730926456,-0.006802691245986758,-0.006478806527444925,-0.003462781738475841,22.96842384338379
326,2013-04-23,0.8354389444249782,0.8286361913925132,0.8354389444249782,0.8279882983824732,0.046194039764424565,-0.0016196707386221254,-0.006802753032465025,-0.0016196707386221254,-0.005183020507364522,0.008333702342469995,22.781394958496094
327,2013-04-24,0.8309037551411758,0.8309037551411758,0.8315516481512157,0.8283122448874933,0.02371695523181154,-0.0045351892838024765,0.002267563748662549,-0.003887296273762497,0.0003239465050201007,-0.022477084532613024,22.84373664855957
328,2013-04-25,0.833495265394858,0.8370586151636004,0.8373825616686205,0.8309037551411758,0.032953991940840456,0.0025915102536822054,0.006154860022424602,0.005830913517404723,0.0025915102536824275,0.009237036709028916,23.0129508972168
329,2013-04-26,0.834143158404898,0.8328473723848178,0.8364107221535603,0.8325234876662759,0.026595226497808086,0.0006478930100400904,-0.004211242778782598,-0.0009718395150601911,0.0016197325251001704,-0.00635876544303237,22.89717102050781
330,2013-04-29,0.8344671049099182,0.8441852529146072,0.8448331459246472,0.8344671049099182,0.06977815170703626,0.0003239465050201007,0.011337880529789457,0.008422423771086929,0.001943617243642226,0.04318292520922817,23.208879470825195
331,2013-04-30,0.8471007096733096,0.8493682734219717,0.8506640594420521,0.8441852529146072,0.11801797812513838,0.012633604763391482,0.005183020507364522,0.005830913517404945,0.009718148004689064,0.04823982641810212,23.351375579833984
332,2013-05-01,0.8435374216910453,0.8445091994196272,0.8474246561783296,0.842241635670965,0.07162024531727405,-0.0035632879822643515,-0.004859074002344532,-0.003239403263722518,-0.001943617243642226,-0.04639773280786433,23.21778678894043
333,2013-05-02,0.8487204421984098,0.8522837301806742,0.8526076766856943,0.8477486026833497,0.0749147588894301,0.005183020507364522,0.007774530761046949,0.005183020507364633,0.005506967012384734,0.0032945135721560437,23.431528091430664
334,2013-05-03,0.8539034627057743,0.8493682734219717,0.8539034627057743,0.8493682734219717,0.050055351370499934,0.005183020507364522,-0.002915456758702417,0.0012957860200800697,0.0016196707386220144,-0.024859407518930163,23.351375579833984
335,2013-05-06,0.8461289319447275,0.8432134751860252,0.8471007096733096,0.8432134751860252,0.048478944338661824,-0.007774530761046838,-0.006154798235946557,-0.006802753032464692,-0.006154798235946557,-0.0015764070318381104,23.182165145874023
336,2013-05-07,0.8448331459246472,0.8438613064095871,0.8461289319447275,0.8406219649323429,0.051950582296417656,-0.0012957860200802918,0.0006478312235619343,-0.0009717777285821461,-0.0025915102536823165,0.0034716379577558326,23.199975967407227
337,2013-05-08,0.8435374216910453,0.8409458496508848,0.8445091994196272,0.8390022324072427,0.0372492582916353,-0.0012957242336019137,-0.002915456758702306,-0.0016197325251002814,-0.0016197325251001704,-0.014701324004782357,23.119821548461918
338,2013-05-09,0.8412697961559047,0.8441852529146072,0.8480725491883697,0.8412697961559047,0.04985165832706018,-0.002267625535140594,0.003239403263722407,0.0035633497687425075,0.0022675637486619937,0.012602400035424878,23.208879470825195
339,2013-05-10,0.8445091994196272,0.8354389444249782,0.8448331459246472,0.833495265394858,0.05265022361953682,0.003239403263722518,-0.008746308489628984,-0.003239403263722518,-0.007774530761046727,0.002798565292476643,22.96842384338379
340,2013-05-13,0.8367346686585803,0.8406219649323429,0.842241635670965,0.8364107221535603,0.04846123190010185,-0.007774530761046949,0.005183020507364633,-0.0025915102536822054,0.002915456758702306,-0.004188991719434973,23.110916137695312
341,2013-05-14,0.8402980184273228,0.8393261789122627,0.8406219649323429,0.8373825616686205,0.0701678253553558,0.0035633497687425075,-0.0012957860200801807,-0.0016196707386221254,0.0009718395150601911,0.021706593455253956,23.075292587280277
342,2013-05-15,0.8370586151636004,0.8312277016461956,0.8399740719223028,0.8309037551411758,0.07329407076119204,-0.003239403263722407,-0.00809847726606705,-0.0006478930100400904,-0.006478806527444703,0.0031262454058362393,22.85264587402344
343,2013-05-16,0.8283122448874933,0.825720734633811,0.8299319774125936,0.825720734633811,0.09163530089005004,-0.00874637027610703,-0.005506967012384623,-0.010042094509709165,-0.005183020507364744,0.018341230128857994,22.70124244689941
344,2013-05-17,0.825720734633811,0.8218335001465267,0.8270165206538912,0.8205377141264463,0.05936323783376876,-0.0025915102536823165,-0.003887234487284341,-0.002915456758702417,-0.005183020507364744,-0.032272063056281275,22.594371795654297
345,2013-05-20,0.8192419898928444,0.8224813313700887,0.8231292243801287,0.8169743643577038,0.04989593942346013,-0.006478744740966658,0.0006478312235620454,-0.003887296273762497,-0.0035633497687425075,-0.009467298410308633,22.6121826171875
346,2013-05-21,0.8205377141264463,0.8211856071364865,0.8234531708851488,0.8185940968828042,0.051171234999778596,0.0012957242336019137,-0.0012957242336022468,0.0003239465050201007,0.0016197325251003925,0.0012752955763184678,22.576560974121094
347,2013-05-22,0.8218335001465267,0.8195658746113862,0.825720734633811,0.8189180433878243,0.05521852721073374,0.0012957860200804028,-0.0016197325251002814,0.0022675637486622158,0.0003239465050201007,0.004047292210955143,22.532032012939453
348,2013-05-23,0.8215095536415065,0.8215095536415065,0.8253967881287909,0.8195658746113862,0.04785015276978258,-0.0003239465050202117,0.001943679030120271,-0.0003239465050201007,0.0006478312235619343,-0.0073683744409511615,22.58546638488769
349,2013-05-24,0.8208616606314665,0.8198898211164063,0.8211856071364865,0.8176222573677441,0.03618651197803657,-0.0006478930100399793,-0.0016197325251001704,-0.004211180992304442,-0.001943617243642115,-0.011663640791746005,22.540935516357425
350,2013-05-28,0.8241010638951889,0.8231292243801287,0.8260446811388311,0.8202137676214264,0.03993269273347208,0.003239403263722407,0.003239403263722407,0.004859074002344643,0.0025915102536823165,0.0037461807554355075,22.62999725341797
351,2013-05-29,0.8247488951187508,0.8270165206538912,0.8289601378975334,0.8228052778751087,0.03656732940707612,0.0006478312235619343,0.003887296273762497,0.002915456758702306,0.0025915102536823165,-0.003365363326395962,22.736865997314453
352,2013-05-30,0.8250728416237708,0.8260446811388311,0.8260446811388311,0.8234531708851488,0.034193862640038965,0.00032394650501998967,-0.00097183951506008,-0.002915456758702306,0.0006478930100400904,-0.0023734667670371537,22.710147857666016
353,2013-05-31,0.8253967881287909,0.825720734633811,0.8289601378975334,0.8241010638951889,0.029579772395164506,0.0003239465050201007,-0.0003239465050201007,0.002915456758702306,0.0006478930100400904,-0.004614090244874459,22.70124244689941
354,2013-06-03,0.8328473723848178,0.8328473723848178,0.833819211899878,0.8253967881287909,0.07773989283974671,0.007450584256026849,0.007126637751006748,0.004859074002344532,0.0012957242336020247,0.048160120444582205,22.89717102050781
355,2013-06-04,0.8283122448874933,0.8331713188898378,0.833495265394858,0.8283122448874933,0.046486295000664216,-0.0045351274973244315,0.00032394650501998967,-0.00032394650501998967,0.002915456758702417,-0.03125359783908249,22.90608024597168
356,2013-06-05,0.8321995411612558,0.8270165206538912,0.8325234876662759,0.8270165206538912,0.026480095647168224,0.003887296273762497,-0.006154798235946557,-0.000971777728582035,-0.0012957242336021357,-0.02000619935349599,22.736865997314453
357,2013-06-06,0.8296080309075734,0.8354389444249782,0.8357628291435202,0.8289601378975334,0.026178984191648585,-0.0025915102536824275,0.00842242377108704,0.003239341477244251,0.001943617243642226,-0.0003011114555196391,22.96842384338379
358,2013-06-07,0.8344671049099182,0.8364107221535603,0.8370586151636004,0.8344671049099182,0.02452287118629057,0.004859074002344754,0.000971777728582035,0.0012957860200801807,0.005506967012384734,-0.0016561130053580134,22.995136260986328
359,2013-06-10,0.8286361913925132,0.833819211899878,0.8354389444249782,0.8286361913925132,0.035663995040517205,-0.005830913517404945,-0.0025915102536823165,-0.0016196707386221254,-0.005830913517404945,0.011141123854226633,22.923891067504883
360,2013-06-11,0.8318755946562358,0.8351149979199582,0.8360867756485402,0.8309037551411758,0.03412301288579905,0.003239403263722629,0.0012957860200802918,0.0006478312235619343,0.002267563748662549,-0.0015409821547181513,22.959518432617188
361,2013-06-12,0.8351149979199582,0.8286361913925132,0.8351149979199582,0.8263686276438512,0.21538325288934154,0.003239403263722407,-0.006478806527445036,-0.000971777728581924,-0.004535127497324543,0.1812602400035425,22.781394958496094
362,2013-06-13,0.8253967881287909,0.8253967881287909,0.8260446811388311,0.8218335001465267,0.10838241154850994,-0.009718209791167332,-0.003239403263722296,-0.00907031678112713,-0.004535127497324543,-0.1070008413408316,22.692338943481445
363,2013-06-14,0.8234531708851488,0.8208616606314665,0.8241010638951889,0.8189180433878243,0.08336359208253996,-0.001943617243642115,-0.0045351274973244315,-0.001943617243642226,-0.002915456758702417,-0.025018819465969983,22.567651748657227
364,2013-06-17,0.817298310862724,0.8211856071364865,0.8234531708851488,0.817298310862724,0.05296904751361644,-0.006154860022424824,0.00032394650501998967,-0.0006478930100400904,-0.0016197325251002814,-0.030394544568923522,22.576560974121094
365,2013-06-18,0.8198898211164063,0.8224813313700887,0.8231292243801287,0.8198898211164063,0.03513262188371784,0.0025915102536823165,0.0012957242336022468,-0.0003239465050201007,0.0025915102536823165,-0.0178364256298986,22.6121826171875
366,2013-06-19,0.8231292243801287,0.8315516481512157,0.8347910514149381,0.8231292243801287,0.038409423017313905,0.003239403263722407,0.009070316781127019,0.011661827034809447,0.003239403263722407,0.0032768011335960676,22.861549377441406
367,2013-06-20,0.8221573848650685,0.8169743643577038,0.8224813313700887,0.8166504178526839,0.08953637692069255,-0.0009718395150601911,-0.014577283793511975,-0.012309720044849426,-0.006478806527444814,0.051126953903378645,22.46078109741211
368,2013-06-21,0.8179462038727641,0.8195658746113862,0.8218335001465267,0.8163265331341419,0.11630872780410043,-0.004211180992304442,0.0025915102536824275,-0.0006478312235620454,-0.00032388471854194467,0.026772350883407875,22.532032012939453
369,2013-06-24,0.8150307471140618,0.8169743643577038,0.8182701503777843,0.8143828541040218,0.040171810654031796,-0.002915456758702306,-0.0025915102536824275,-0.0035633497687423965,-0.00194367903012016,-0.07613691715006862,22.46078109741211
370,2013-06-25,0.8202137676214264,0.8185940968828042,0.8205377141264463,0.8166504178526839,0.045946065624584864,0.005183020507364633,0.0016197325251003925,0.0022675637486619937,0.0022675637486621048,0.005774254970553068,22.505311965942383
371,2013-06-26,0.8195658746113862,0.8198898211164063,0.8221573848650685,0.8169743643577038,0.07973254217774432,-0.0006478930100402014,0.0012957242336021357,0.0016196707386222364,0.00032394650501987865,0.03378647655315946,22.540935516357425
372,2013-06-27,0.8205377141264463,0.8179462038727641,0.8211856071364865,0.8163265331341419,0.037479519992915024,0.00097183951506008,-0.001943617243642226,-0.000971777728582035,-0.0006478312235618233,-0.0422530221848293,22.487499237060547
373,2013-06-28,0.816002586629122,0.8066083233429748,0.8169743643577038,0.8059604303329346,0.10429969446043484,-0.0045351274973243205,-0.011337880529789235,-0.004211242778782709,-0.010366102801207311,0.06682017446751981,22.175790786743164
374,2013-07-01,0.8056365456143927,0.8030450353607104,0.8228052778751087,0.8017492493406302,0.08306248062702032,-0.010366041014729266,-0.0035632879822644625,0.005830913517404945,-0.004211180992304442,-0.021237213833414523,22.07782745361328
375,2013-07-02,0.8053125991093725,0.8027210888556904,0.8066083233429748,0.8027210888556904,0.045087012354425894,-0.0003239465050202117,-0.00032394650501998967,-0.016196954532133878,0.0009718395150601911,-0.037975468272594425,22.068920135498047
376,2013-07-03,0.8056365456143927,0.8066083233429748,0.8085519405866168,0.8053125991093725,0.034335562148518795,0.0003239465050202117,0.003887234487284452,0.001943617243642004,0.0025915102536820944,-0.0107514502059071,22.175790786743164
377,2013-07-05,0.8049886526043526,0.7978619530668676,0.8049886526043526,0.7968901753382857,0.04246557144754904,-0.0006478930100400904,-0.008746370276107251,-0.0035632879822642405,-0.008422423771086818,0.008130009299030246,21.93533134460449
378,2013-07-08,0.7991577390869479,0.7994816855919679,0.8043407595943124,0.7988337925819278,0.1905769826860913,-0.005830913517404723,0.0016197325251002814,-0.0006478930100402014,0.001943617243642115,0.14811141123854227,21.97986221313477
379,2013-07-09,0.8072562163530148,0.808228055868075,0.809199833596657,0.8027210888556904,0.052845060443696586,0.008098477266066939,0.00874637027610714,0.004859074002344643,0.0038872962737626082,-0.13773192224239472,22.22032356262207
380,2013-07-10,0.8098477266066971,0.809199833596657,0.8124392368603793,0.8079041093630549,0.026037284683168755,0.0025915102536823165,0.000971777728582035,0.003239403263722296,0.005183020507364522,-0.02680777576052783,22.247039794921875
381,2013-07-11,0.8121152903553593,0.8137350228804596,0.8143828541040218,0.809523780101677,0.06438471416552274,0.0022675637486622158,0.004535189283802588,0.0019436172436424481,0.0016196707386221254,0.03834742948235399,22.37172508239746
382,2013-07-12,0.8114673973453193,0.8040168130892924,0.8121152903553593,0.8027210888556904,0.08103440641190277,-0.0006478930100400904,-0.00971820979116722,-0.002267563748662438,-0.006802691245986647,0.01664969224638002,22.10454750061035
383,2013-07-15,0.8014253028356101,0.8062843768379547,0.8072562163530148,0.8014253028356101,0.025594473719169286,-0.010042094509709165,0.002267563748662327,-0.004859074002344532,-0.0012957860200802918,-0.05543993269273348,22.16688346862793
384,2013-07-16,0.8137350228804596,0.8127631833653994,0.8166504178526839,0.8108195661217573,0.0276668290306868,0.012309720044849537,0.006478806527444703,0.009394201499669075,0.00939426328614723,0.0020723553115175146,22.34500503540039
385,2013-07-17,0.8166504178526839,0.8104956196167372,0.8166504178526839,0.8104956196167372,0.023344994022051986,0.002915394972224261,-0.0022675637486622158,0.0,-0.0003239465050201007,-0.004321835008634815,22.282663345336918
386,2013-07-18,0.8056365456143927,0.8137350228804596,0.8185940968828042,0.8056365456143927,0.03556657662843732,-0.0110138722382912,0.003239403263722407,0.001943679030120271,-0.004859074002344532,0.012221582606385333,22.37172508239746
387,2013-07-19,0.8147068006090418,0.8117913438503394,0.8163265331341419,0.8114673973453193,0.022264535269893283,0.009070254994649085,-0.001943679030120271,-0.0022675637486622158,0.005830851730926567,-0.013302041358544035,22.318288803100582
388,2013-07-22,0.8130871298704195,0.8140589075990016,0.8150307471140618,0.8114673973453193,0.028012221582606384,-0.0016196707386222364,0.0022675637486622158,-0.0012957860200801807,0.0,0.0057476863127131,22.38062858581543
389,2013-07-23,0.8137350228804596,0.8098477266066971,0.8140589075990016,0.809199833596657,0.018420936102377893,0.0006478930100400904,-0.004211180992304442,-0.0009718395150601911,-0.0022675637486622158,-0.00959128548022849,22.26485252380371
390,2013-07-24,0.8075801628580349,0.8036928665842723,0.8088758870916368,0.8036928665842723,0.025178231413009785,-0.006154860022424713,-0.006154860022424824,-0.005183020507364744,-0.005506967012384734,0.006757295310631892,22.09564018249512
391,2013-07-25,0.8020731958456503,0.8020731958456503,0.8046647060993325,0.8004534633205499,0.018420936102377893,-0.005506967012384623,-0.0016196707386220144,-0.004211180992304331,-0.003239403263722407,-0.006757295310631892,22.051109313964844
392,2013-07-26,0.8033689200792523,0.7994816855919679,0.8040168130892924,0.7991577390869479,0.01823495549749812,0.0012957242336020247,-0.0025915102536824275,-0.0006478930100400904,-0.0012957242336020247,-0.00018598060487977353,21.97986221313477
393,2013-07-29,0.7962422823282453,0.7975380683483257,0.8001295786020081,0.7962422823282453,0.01994420581853607,-0.00712663775100697,-0.001943617243642115,-0.003887234487284341,-0.002915456758702528,0.0017092503210379487,21.926427841186523
394,2013-07-30,0.799805632096988,0.7962422823282453,0.799805632096988,0.7952704428131853,0.028605588274365674,0.0035633497687426186,-0.0012957860200804028,-0.0003239465050201007,-0.00097183951506008,0.008661382455829605,21.89080238342285
395,2013-07-31,0.7936507720745631,0.7978619530668676,0.7985098460769079,0.792354986054483,0.046273745737944474,-0.006154860022424824,0.0016196707386222364,-0.0012957860200800697,-0.002915456758702306,0.0176681574635788,21.93533134460449
396,2013-08-01,0.7926789325595028,0.7907353153158608,0.7965662288332656,0.7894395910822587,0.038949652393393264,-0.0009718395150603021,-0.007126637751006748,-0.0019436172436423371,-0.002915394972224261,-0.007324093344551211,21.739398956298828
397,2013-08-02,0.7910592618208808,0.7894395910822587,0.7942986650846033,0.7891156445772386,0.04696453084178364,-0.0016196707386220144,-0.0012957242336021357,-0.0022675637486622158,-0.0003239465050201007,0.008014878448390376,21.703781127929688
398,2013-08-05,0.7904113688108408,0.792354986054483,0.7936507720745631,0.7897634758008006,0.018704335119337556,-0.0006478930100399793,0.002915394972224261,-0.0006478930100402014,0.0006478312235620454,-0.028260195722446084,21.78393173217773
399,2013-08-06,0.7907353153158608,0.7926789325595028,0.7936507720745631,0.7904113688108408,0.028127352433246246,0.00032394650501998967,0.00032394650501987865,0.0,0.0006478930100402014,0.00942301731390869,21.792835235595703
400,2013-08-07,0.7962422823282453,0.7975380683483257,0.7985098460769079,0.7946226115896233,0.03301598547580038,0.005506967012384512,0.00485913578882291,0.004859074002344754,0.004211242778782487,0.004888633042554137,21.926427841186523
401,2013-08-08,0.8056365456143927,0.8033689200792523,0.8066083233429748,0.8004534633205499,0.05189744498073772,0.009394263286147342,0.005830851730926567,0.008098477266066939,0.005830851730926567,0.018881459504937338,22.08673095703125
402,2013-08-09,0.8033689200792523,0.8030450353607104,0.8046647060993325,0.8014253028356101,0.062170659345525396,-0.002267625535140372,-0.00032388471854194467,-0.0019436172436423371,0.0009718395150601911,0.010273214364787675,22.07782745361328
403,2013-08-12,0.8046647060993325,0.8140589075990016,0.8147068006090418,0.8033689200792523,0.08882787937829341,0.0012957860200801807,0.0110138722382912,0.010042094509709276,0.001943617243642226,0.026657220032768013,22.38062858581543
404,2013-08-13,0.8143828541040218,0.808228055868075,0.8147068006090418,0.8075801628580349,0.04287295753442855,0.009718148004689287,-0.005830851730926567,0.0,0.004211242778782598,-0.045954921843864856,22.22032356262207
405,2013-08-14,0.8098477266066971,0.8147068006090418,0.8153546936190817,0.8098477266066971,0.030598237612363282,-0.004535127497324654,0.006478744740966769,0.0006478930100399793,0.0022675637486622158,-0.012274719922065271,22.398441314697266
406,2013-08-15,0.8156786401241019,0.8195658746113862,0.8195658746113862,0.8147068006090418,0.04393570384802728,0.005830913517404723,0.004859074002344421,0.004211180992304442,0.004859074002344643,0.013337466235663998,22.532032012939453
407,2013-08-16,0.8192419898928444,0.8143828541040218,0.8192419898928444,0.8140589075990016,0.043333480936988,0.0035633497687425075,-0.005183020507364411,-0.00032388471854183365,-0.0006478930100402014,-0.0006022229110392782,22.38953399658203
408,2013-08-19,0.8150307471140618,0.8211856071364865,0.8218335001465267,0.8150307471140618,0.04018952309259177,-0.004211242778782598,0.006802753032464692,0.0025915102536823165,0.0009718395150601911,-0.0031439578443962293,22.576560974121094
409,2013-08-20,0.8179462038727641,0.8134110763754395,0.8195658746113862,0.8130871298704195,0.025231368728689724,0.002915456758702306,-0.007774530761046949,-0.002267625535140483,-0.001943617243642226,-0.014958154363902049,22.362817764282227
410,2013-08-21,0.8147068006090418,0.809199833596657,0.8156786401241019,0.808228055868075,0.042810963999468626,-0.003239403263722296,-0.004211242778782487,-0.003887234487284341,-0.004859074002344532,0.017579595270778903,22.247039794921875
411,2013-08-22,0.8059604303329346,0.8004534633205499,0.8075801628580349,0.8004534633205499,0.026754638444847895,-0.00874637027610714,-0.00874637027610714,-0.008098477266066939,-0.007774592547525105,-0.01605632555462073,22.00657844543457
412,2013-08-23,0.8043407595943124,0.8072562163530148,0.8079041093630549,0.8043407595943124,0.03847141655227383,-0.0016196707386222364,0.006802753032464914,0.00032394650501998967,0.003887296273762497,0.011716778107425937,22.193603515625
413,2013-08-26,0.8211856071364865,0.8231292243801287,0.8276643518774532,0.8198898211164063,0.08301819953062038,0.01684484754217408,0.01587300802711389,0.01976024251439834,0.015549061522093899,0.04454678297834655,22.62999725341797
414,2013-08-27,0.8195658746113862,0.816002586629122,0.8228052778751087,0.816002586629122,0.06262232652880485,-0.0016197325251002814,-0.007126637751006748,-0.004859074002344532,-0.003887234487284341,-0.02039587300181553,22.434064865112305
415,2013-08-28,0.8169743643577038,0.8182701503777843,0.8218335001465267,0.8163265331341419,0.02779967231988664,-0.0025915102536824275,0.002267563748662327,-0.000971777728582035,0.00032394650501998967,-0.03482265420891821,22.49640655517578
416,2013-08-29,0.8143828541040218,0.8140589075990016,0.8169743643577038,0.8140589075990016,0.04164194305451003,-0.0025915102536819834,-0.004211242778782709,-0.00485913578882291,-0.002267625535140372,0.01384227073462339,22.38062858581543
417,2013-08-30,0.8137350228804596,0.8124392368603793,0.8143828541040218,0.8098477266066971,0.04179249878226985,-0.0006478312235621564,-0.0016196707386222364,-0.0025915102536819834,-0.004211180992304442,0.0001505557277598213,22.33609962463379
418,2013-09-03,0.8202137676214264,0.8137350228804596,0.8221573848650685,0.8114673973453193,0.04331576849842802,0.006478744740966769,0.0012957860200802918,0.007774530761046727,0.0016196707386221254,0.0015232697161581682,22.37172508239746
419,2013-09-04,0.8130871298704195,0.8124392368603793,0.8130871298704195,0.8101716731117173,0.03727582694947527,-0.007126637751006859,-0.0012957860200802918,-0.009070254994648974,-0.0012957242336019137,-0.006039941548952751,22.33609962463379
420,2013-09-05,0.8121152903553593,0.8153546936190817,0.816002586629122,0.8114673973453193,0.02269849001461276,-0.0009718395150601911,0.002915456758702417,0.002915456758702417,0.0012957242336019137,-0.014577336934862507,22.41625595092773
421,2013-09-06,0.8189180433878243,0.8192419898928444,0.8205377141264463,0.8156786401241019,0.025798166762609043,0.006802753032464914,0.0038872962737626082,0.0045351274973243205,0.004211242778782598,0.003099676747996282,22.52312660217285
422,2013-09-09,0.8192419898928444,0.8185940968828042,0.8218335001465267,0.817298310862724,0.04976309613426028,0.0003239465050201007,-0.0006478930100402014,0.0012957860200804028,0.0016196707386221254,0.02396492937165124,22.505311965942383
423,2013-09-10,0.817298310862724,0.8224813313700887,0.8224813313700887,0.817298310862724,0.05445689235265465,-0.0019436790301203821,0.0038872344872845632,0.0006478312235620454,0.0,0.004693796218394365,22.6121826171875
424,2013-09-11,0.8221573848650685,0.8241010638951889,0.8250728416237708,0.8211856071364865,0.03023513262188372,0.004859074002344532,0.0016197325251001704,0.0025915102536820944,0.003887296273762497,-0.02422175973077093,22.656713485717773
425,2013-09-12,0.8218335001465267,0.8302558621311354,0.8305798086361557,0.8205377141264463,0.19389806491608733,-0.00032388471854183365,0.006154798235946557,0.005506967012384845,-0.0006478930100402014,0.16366293229420362,22.825925827026367
426,2013-09-13,0.8286361913925132,0.825720734633811,0.8286361913925132,0.8241010638951889,0.05114466634193863,0.006802691245986536,-0.0045351274973244315,-0.0019436172436424481,0.0035633497687426186,-0.1427533985741487,22.70124244689941
427,2013-09-16,0.8247488951187508,0.8208616606314665,0.8250728416237708,0.8208616606314665,0.03736438914227516,-0.003887296273762386,-0.004859074002344532,-0.0035633497687423965,-0.003239403263722407,-0.013780277199663467,22.567651748657227
428,2013-09-17,0.8237771173901688,0.8137350228804596,0.8241010638951889,0.8137350228804596,0.05272107337377673,-0.000971777728582035,-0.007126637751006859,-0.000971777728581924,-0.007126637751006859,0.01535668423150157,22.37172508239746
429,2013-09-18,0.8156786401241019,0.8211856071364865,0.8211856071364865,0.8130871298704195,0.05690120887393172,-0.008098477266066939,0.007450584256026849,-0.002915456758702417,-0.0006478930100400904,0.004180135500154988,22.576560974121094
430,2013-09-19,0.8224813313700887,0.8215095536415065,0.8237771173901688,0.8192419898928444,0.051268653411858475,0.006802691245986869,0.00032394650501998967,0.0025915102536823165,0.006154860022424824,-0.005632555462073245,22.58546638488769
431,2013-09-20,0.8176222573677441,0.8137350228804596,0.8182701503777843,0.8134110763754395,0.04710623035026347,-0.004859074002344643,-0.007774530761046838,-0.005506967012384512,-0.005830913517404834,-0.004162423061595005,22.37172508239746
432,2013-09-23,0.8156786401241019,0.816002586629122,0.8185940968828042,0.8150307471140618,0.05465172917681442,-0.001943617243642226,0.002267563748662327,0.00032394650501987865,0.0016196707386222364,0.00754549882655095,22.434064865112305
433,2013-09-24,0.8189180433878243,0.8202137676214264,0.8221573848650685,0.8182701503777843,0.08839392463357393,0.003239403263722407,0.004211180992304442,0.0035632879822643515,0.003239403263722518,0.03374219545675951,22.549842834472656
434,2013-09-25,0.8211856071364865,0.8228052778751087,0.8250728416237708,0.8202137676214264,0.06447327635832263,0.0022675637486622158,0.0025915102536823165,0.002915456758702306,0.001943617243642115,-0.023920648275251297,22.6210880279541
435,2013-09-26,0.8218335001465267,0.825720734633811,0.8260446811388311,0.8208616606314665,0.026170127972368597,0.0006478930100402014,0.002915456758702306,0.0009718395150603021,0.0006478930100400904,-0.038303148385954035,22.70124244689941
436,2013-09-27,0.8241010638951889,0.8241010638951889,0.8263686276438512,0.8231292243801287,0.025576761280609307,0.0022675637486622158,-0.0016196707386221254,0.0003239465050201007,0.0022675637486622158,-0.0005933666917592902,22.656713485717773
437,2013-09-30,0.8260446811388311,0.8192419898928444,0.8266925741488712,0.8163265331341419,0.0875791524598149,0.001943617243642226,-0.004859074002344532,0.00032394650501998967,-0.006802691245986758,0.0620023911792056,22.52312660217285
438,2013-10-01,0.8156786401241019,0.8176222573677441,0.8182701503777843,0.8150307471140618,0.12055085683921533,-0.010366041014729266,-0.0016197325251002814,-0.008422423771086929,-0.0012957860200801807,0.03297170437940043,22.478595733642575
439,2013-10-02,0.8192419898928444,0.8198898211164063,0.8218335001465267,0.8185940968828042,0.11257140326794492,0.0035633497687425075,0.0022675637486622158,0.0035633497687423965,0.0035633497687423965,-0.007979453571270417,22.540935516357425
440,2013-10-03,0.8228052778751087,0.8205377141264463,0.8234531708851488,0.8205377141264463,0.030855067971482974,0.0035632879822643515,0.0006478930100399793,0.0016196707386221254,0.001943617243642115,-0.08171633529646194,22.558748245239254
441,2013-10-04,0.8205377141264463,0.8253967881287909,0.8260446811388311,0.8198898211164063,0.02668378869060798,-0.002267563748662438,0.004859074002344643,0.0025915102536823165,-0.0006478930100399793,-0.004171279280874993,22.692338943481445
442,2013-10-07,0.8283122448874933,0.8315516481512157,0.8315516481512157,0.8279882983824732,0.03219235708276137,0.00777453076104706,0.006154860022424824,0.005506967012384623,0.008098477266066939,0.0055085683921533915,22.861549377441406
443,2013-10-08,0.8305798086361557,0.8312277016461956,0.8318755946562358,0.8289601378975334,0.0563344108400124,0.002267563748662327,-0.0003239465050201007,0.0003239465050201007,0.0009718395150601911,0.02414205375725103,22.85264587402344
444,2013-10-09,0.8292840844025535,0.8283122448874933,0.8309037551411758,0.8270165206538912,0.05536022671921357,-0.0012957242336021357,-0.002915456758702306,-0.00097183951506008,-0.001943617243642226,-0.0009741841207988322,22.772491455078125
445,2013-10-10,0.8296080309075734,0.8286361913925132,0.8309037551411758,0.8283122448874933,0.02935836691316477,0.00032394650501987865,0.00032394650501987865,0.0,0.0012957242336021357,-0.0260018598060488,22.781394958496094
446,2013-10-11,0.8279882983824732,0.8292840844025535,0.8302558621311354,0.8279882983824732,0.020936102377894877,-0.0016197325251001704,0.0006478930100403124,-0.0006478930100403124,-0.0003239465050201007,-0.008422264535269893,22.79920959472656
447,2013-10-14,0.8286361913925132,0.8305798086361557,0.8312277016461956,0.8283122448874933,0.019094008767657086,0.0006478930100399793,0.0012957242336021357,0.0009718395150601911,0.0003239465050201007,-0.0018420936102377904,22.83483123779297
448,2013-10-15,0.8299319774125936,0.8321995411612558,0.8331713188898378,0.8296080309075734,0.03811716778107426,0.0012957860200804028,0.0016197325251001704,0.001943617243642115,0.0012957860200800697,0.019023159013417175,22.87936210632324
449,2013-10-16,0.8328473723848178,0.833495265394858,0.8344671049099182,0.8321995411612558,0.07961741132710445,0.00291539497222415,0.0012957242336021357,0.0012957860200804028,0.0025915102536824275,0.04150024354603019,22.91498374938965
450,2013-10-17,0.833819211899878,0.833819211899878,0.8373825616686205,0.8325234876662759,0.03345879643979985,0.0009718395150601911,0.00032394650501998967,0.002915456758702306,0.0003239465050201007,-0.046158614887304605,22.923891067504883
451,2013-10-18,0.833495265394858,0.8321995411612558,0.834143158404898,0.8315516481512157,0.039454456892352656,-0.00032394650501998967,-0.0016196707386221254,-0.003239403263722407,-0.0009718395150601911,0.005995660452552808,22.87936210632324
452,2013-10-21,0.8289601378975334,0.8328473723848178,0.8328473723848178,0.8289601378975334,0.04428109639994686,-0.004535127497324543,0.0006478312235619343,-0.0012957860200802918,-0.0025915102536823165,0.004826639507594203,22.89717102050781
453,2013-10-22,0.8325234876662759,0.8347910514149381,0.8357628291435202,0.8325234876662759,0.02526679360580968,0.0035633497687425075,0.0019436790301203821,0.002915456758702417,0.0035633497687425075,-0.01901430279413718,22.950611114501957
454,2013-10-23,0.8325234876662759,0.8299319774125936,0.8354389444249782,0.8299319774125936,0.1205774254970553,0.0,-0.004859074002344532,-0.00032388471854194467,-0.0025915102536823165,0.09531063189124563,22.81702041625977
455,2013-10-24,0.8270165206538912,0.8270165206538912,0.8292840844025535,0.8260446811388311,0.07435681707479078,-0.005506967012384734,-0.002915456758702417,-0.006154860022424713,-0.003887296273762497,-0.046220608422264525,22.736865997314453
456,2013-10-25,0.8296080309075734,0.8276643518774532,0.8302558621311354,0.8266925741488712,0.07301952796351238,0.0025915102536822054,0.0006478312235620454,0.000971777728581924,0.0006478930100400904,-0.0013372891112783947,22.75467872619629
457,2013-10-28,0.8250728416237708,0.8231292243801287,0.8250728416237708,0.8218335001465267,0.03688615330115574,-0.004535189283802588,-0.004535127497324543,-0.005183020507364633,-0.004859074002344532,-0.036133374662356645,22.62999725341797
458,2013-10-29,0.8202137676214264,0.8202137676214264,0.8224813313700887,0.8189180433878243,0.03962272505867245,-0.004859074002344421,-0.002915456758702306,-0.0025915102536820944,-0.002915456758702417,0.002736571757516716,22.549842834472656
459,2013-10-30,0.8208616606314665,0.8163265331341419,0.8211856071364865,0.8163265331341419,0.03464552982331843,0.0006478930100400904,-0.003887234487284452,-0.0012957242336022468,-0.0025915102536823165,-0.004977195235354025,22.442970275878903
460,2013-10-31,0.8179462038727641,0.8114673973453193,0.8189180433878243,0.8114673973453193,0.04101315148563078,-0.002915456758702417,-0.004859135788822688,-0.0022675637486622158,-0.004859135788822688,0.006367621662312355,22.30938148498535
461,2013-11-01,0.8140589075990016,0.8069322698479947,0.8140589075990016,0.8066083233429748,0.14579108178718506,-0.003887296273762497,-0.004535127497324543,-0.004859135788822688,-0.004859074002344421,0.10477793030155427,22.1846981048584
462,2013-11-04,0.8075801628580349,0.8066083233429748,0.8088758870916368,0.8056365456143927,0.08113182482398264,-0.006478744740966658,-0.00032394650501987865,-0.005183020507364744,-0.0009717777285821461,-0.06465925696320242,22.175790786743164
463,2013-11-05,0.8104956196167372,0.8088758870916368,0.8104956196167372,0.8079041093630549,0.02889784351060532,0.002915456758702306,0.0022675637486619937,0.0016197325251003925,0.0022675637486622158,-0.052233981313377316,22.238134384155277
464,2013-11-06,0.8108195661217573,0.8046647060993325,0.8108195661217573,0.8043407595943124,0.0234158437762919,0.0003239465050201007,-0.004211180992304331,0.0003239465050201007,-0.0035633497687425075,-0.00548199973431342,22.122358322143555
465,2013-11-07,0.8040168130892924,0.8033689200792523,0.8046647060993325,0.8023971423506703,0.04529070539786565,-0.006802753032464914,-0.0012957860200801807,-0.006154860022424824,-0.001943617243642115,0.02187486162157375,22.08673095703125
466,2013-11-08,0.8023971423506703,0.8059604303329346,0.8062843768379547,0.8020731958456503,0.06085993889208697,-0.0016196707386221254,0.0025915102536823165,0.0016196707386222364,-0.00032394650501998967,0.015569233494221318,22.15797996520996
467,2013-11-11,0.8043407595943124,0.8046647060993325,0.8079041093630549,0.8040168130892924,0.03293627950228047,0.001943617243642115,-0.0012957242336021357,0.0016197325251001704,0.001943617243642115,-0.027923659389806496,22.122358322143555
468,2013-11-12,0.8049886526043526,0.8046647060993325,0.8062843768379547,0.8040168130892924,0.04022494796971173,0.0006478930100402014,0.0,-0.0016197325251001704,0.0,0.0072886684674312585,22.122358322143555
469,2013-11-13,0.8046647060993325,0.8030450353607104,0.8049886526043526,0.8014253028356101,0.03147500332108223,-0.0003239465050201007,-0.0016196707386221254,-0.0012957242336021357,-0.0025915102536823165,-0.0087499446486295,22.07782745361328
470,2013-11-14,0.8030450353607104,0.80110135633059,0.8033689200792523,0.8001295786020081,0.027303724040207235,-0.0016196707386221254,-0.0019436790301203821,-0.0016197325251002814,-0.0012957242336020247,-0.004171279280874997,22.024391174316406
471,2013-11-15,0.8017492493406302,0.8017492493406302,0.8043407595943124,0.80110135633059,0.028401895230925917,-0.0012957860200801807,0.0006478930100402014,0.00097183951506008,0.000971777728581924,0.0010981711907186824,22.04220390319824
472,2013-11-18,0.8033689200792523,0.7994816855919679,0.8043407595943124,0.7988337925819278,0.14080503033255104,0.0016196707386221254,-0.002267563748662327,0.0,-0.0022675637486622158,0.11240313510162513,21.97986221313477
473,2013-11-19,0.8007774098255699,0.8001295786020081,0.8033689200792523,0.7988337925819278,0.038772528007793475,-0.0025915102536824275,0.0006478930100402014,-0.00097183951506008,0.0,-0.10203250232475757,21.997676849365234
474,2013-11-20,0.8020731958456503,0.8017492493406302,0.8030450353607104,0.8004534633205499,0.030996767479962804,0.0012957860200804028,0.0016196707386221254,-0.00032388471854194467,0.0016196707386221254,-0.007775760527830671,22.04220390319824
475,2013-11-21,0.8027210888556904,0.8046647060993325,0.8056365456143927,0.8020731958456503,0.029827746535004206,0.0006478930100400904,0.002915456758702306,0.0025915102536823165,0.0016197325251003925,-0.0011690209449585973,22.122358322143555
476,2013-11-22,0.8030450353607104,0.80110135633059,0.8030450353607104,0.8001295786020081,0.03344994022051986,0.00032394650501998967,-0.0035633497687425075,-0.0025915102536823165,-0.001943617243642226,0.0036221936855156504,22.024391174316406
477,2013-11-25,0.8014253028356101,0.8020731958456503,0.8030450353607104,0.8001295786020081,0.026364964796528362,-0.0016197325251002814,0.0009718395150603021,0.0,0.0,-0.007084975423991495,22.051109313964844
478,2013-11-26,0.8001295786020081,0.80110135633059,0.8017492493406302,0.7981858995718878,0.05728202630297126,-0.0012957242336020247,-0.0009718395150603021,-0.0012957860200801807,-0.001943679030120271,0.030917061506442897,22.024391174316406
479,2013-11-27,0.8004534633205499,0.8014253028356101,0.8023971423506703,0.7991577390869479,0.0929991586591684,0.00032388471854183365,0.0003239465050201007,0.0006478930100400904,0.00097183951506008,0.03571713235619714,22.033296585083008
480,2013-11-29,0.8017492493406302,0.8046647060993325,0.8059604303329346,0.8017492493406302,0.013948545365983262,0.0012957860200802918,0.003239403263722407,0.0035632879822643515,0.0025915102536823165,-0.07905061329318513,22.122358322143555
481,2013-12-02,0.8056365456143927,0.8030450353607104,0.8066083233429748,0.8020731958456503,0.037231545853075323,0.003887296273762497,-0.0016196707386221254,0.0006478930100402014,0.0003239465050201007,0.02328300048709206,22.07782745361328
482,2013-12-03,0.8014253028356101,0.8040168130892924,0.8049886526043526,0.8014253028356101,0.109161758845149,-0.004211242778782598,0.000971777728582035,-0.0016196707386222364,-0.0006478930100402014,0.07193021299207368,22.10454750061035
483,2013-12-04,0.80110135633059,0.8014253028356101,0.8036928665842723,0.8004534633205499,0.0189168843820573,-0.0003239465050201007,-0.0025915102536823165,-0.0012957860200802918,-0.0009718395150601911,-0.0902448744630917,22.033296585083008
484,2013-12-05,0.7975380683483257,0.7955943893182054,0.7981858995718878,0.7949465580946434,0.03232520037196121,-0.0035632879822642405,-0.005830913517404723,-0.005506967012384512,-0.005506905225906467,0.01340831598990391,21.872987747192383
485,2013-12-06,0.7978619530668676,0.7985098460769079,0.7988337925819278,0.7959183358232255,0.02948235398308462,0.00032388471854183365,0.002915456758702528,0.0006478930100399793,0.000971777728582035,-0.0028428463888765902,21.95314216613769
486,2013-12-09,0.799805632096988,0.7981858995718878,0.799805632096988,0.7962422823282453,0.03075764955940309,0.0019436790301203821,-0.0003239465050201007,0.0009718395150601911,0.00032394650501987865,0.0012752955763184713,21.944238662719727
487,2013-12-10,0.799805632096988,0.7988337925819278,0.8017492493406302,0.7972141218433055,0.029686047026524377,0.0,0.0006478930100399793,0.001943617243642226,0.0009718395150601911,-0.0010716025328787147,21.96204948425293
488,2013-12-11,0.799805632096988,0.7988337925819278,0.8001295786020081,0.7975380683483257,0.021786299428773855,0.0,0.0,-0.0016196707386221254,0.0003239465050202117,-0.007899747597750521,21.96204948425293
489,2013-12-12,0.8004534633205499,0.7981858995718878,0.80110135633059,0.7952704428131853,0.02849045742372581,0.0006478312235619343,-0.0006478930100399793,0.000971777728581924,-0.002267625535140483,0.006704157994951956,21.944238662719727
490,2013-12-13,0.7972141218433055,0.7972141218433055,0.7981858995718878,0.7962422823282453,0.03811716778107426,-0.003239341477244362,-0.0009717777285822571,-0.002915456758702195,0.00097183951506008,0.00962671035734845,21.91752243041992
491,2013-12-16,0.7949465580946434,0.7962422823282453,0.7991577390869479,0.7942986650846033,0.030810786875083027,-0.0022675637486621048,-0.0009718395150601911,0.00097183951506008,-0.001943617243642004,-0.007306380905991235,21.89080238342285
492,2013-12-17,0.7946226115896233,0.7926789325595028,0.7965662288332656,0.791707154830921,0.037878049860514545,-0.0003239465050201007,-0.0035633497687425075,-0.0025915102536823165,-0.0025915102536823165,0.007067262985431519,21.792835235595703
493,2013-12-18,0.7936507720745631,0.792354986054483,0.7962422823282453,0.792031101335941,0.047097374130983485,-0.0009718395150601911,-0.00032394650501987865,-0.0003239465050202117,0.00032394650501998967,0.00921932427046894,21.78393173217773
494,2013-12-19,0.7926789325595028,0.793002879064523,0.7965662288332656,0.7926789325595028,0.06993756365407608,-0.0009718395150603021,0.0006478930100400904,0.0003239465050202117,0.0006478312235618233,0.022840189523092594,21.801742553710938
495,2013-12-20,0.7968901753382857,0.7988337925819278,0.8004534633205499,0.7968901753382857,0.09455785325244653,0.00421124277878282,0.005830913517404723,0.003887234487284341,0.00421124277878282,0.024620289598370454,21.96204948425293
496,2013-12-23,0.7985098460769079,0.7985098460769079,0.8004534633205499,0.7978619530668676,0.031731833680201924,0.0016196707386222364,-0.00032394650501987865,0.0,0.000971777728581924,-0.06282601957224461,21.95314216613769
497,2013-12-24,0.7991577390869479,0.7968901753382857,0.7991577390869479,0.7965662288332656,0.013054067218704335,0.0006478930100399793,-0.0016196707386222364,-0.0012957242336020247,-0.0012957242336020247,-0.01867776646149759,21.908615112304688
498,2013-12-26,0.7972141218433055,0.7939747185795833,0.7972141218433055,0.7939747185795833,0.019873356064296153,-0.0019436172436423371,-0.002915456758702306,-0.0019436172436423371,-0.0025915102536822054,0.0068192888455918185,21.828462600708008
499,2013-12-27,0.7936507720745631,0.7959183358232255,0.7981858995718878,0.7936507720745631,0.028995261922685207,-0.0035633497687423965,0.001943617243642115,0.0009717777285822571,-0.0003239465050202117,0.009121905858389054,21.88189697265625
500,2013-12-30,0.7936507720745631,0.7894395910822587,0.7955943893182054,0.7891156445772386,0.05032103794889962,0.0,-0.006478744740966769,-0.0025915102536824275,-0.004535127497324543,0.02132577602621441,21.703781127929688
501,2013-12-31,0.7891156445772386,0.7855522948084962,0.7894395910822587,0.7845804552934359,0.04885976176770137,-0.004535127497324543,-0.003887296273762497,-0.006154798235946668,-0.004535189283802699,-0.0014612761811982483,21.596906661987305
502,2014-01-02,0.7855522948084962,0.7829607845548139,0.7858762413135164,0.7826368380497939,0.09432759155116681,-0.0035633497687423965,-0.0025915102536823165,-0.0035633497687422855,-0.001943617243642004,0.04546782978346544,21.525657653808597
503,2014-01-03,0.7855522948084962,0.791707154830921,0.792031101335941,0.7855522948084962,0.020369304343975558,0.0,0.00874637027610714,0.006154860022424602,0.002915456758702306,-0.07395828720719125,21.7661190032959
504,2014-01-06,0.7849044017984561,0.7952704428131853,0.7955943893182054,0.7823128915447739,0.04668113182482398,-0.0006478930100400904,0.0035632879822642405,0.0035632879822643515,-0.003239403263722296,0.026311827480848423,21.86408424377441
505,2014-01-07,0.7975380683483257,0.7904113688108408,0.7975380683483257,0.7891156445772386,0.08540937873621751,0.012633666549869638,-0.004859074002344421,0.0019436790301203821,0.006802753032464692,0.03872824691139353,21.73049545288086
506,2014-01-08,0.7910592618208808,0.7878198585571584,0.7913832083259009,0.7871719655471183,0.015622370809901254,-0.006478806527444925,-0.0025915102536824275,-0.006154860022424824,-0.001943679030120271,-0.06978700792631626,21.65924644470215
507,2014-01-09,0.7894395910822587,0.7813411138161918,0.7894395910822587,0.7803692743011316,0.035805694548997034,-0.0016196707386221254,-0.006478744740966658,-0.001943617243642226,-0.006802691245986758,0.02018332373909578,21.481130599975582
508,2014-01-10,0.783608677564854,0.7852283483034761,0.7871719655471183,0.7806932208061517,0.02624097772660851,-0.005830913517404723,0.003887234487284341,-0.002267625535140372,0.0003239465050201007,-0.009564716822388523,21.588001251220703
509,2014-01-13,0.7852283483034761,0.7858762413135164,0.7868480808285765,0.783284731059834,0.01904087145197715,0.0016196707386221254,0.0006478930100403124,-0.00032388471854183365,0.0025915102536823165,-0.007200106274631361,21.605812072753903
510,2014-01-14,0.7845804552934359,0.7881438050621784,0.7887916980722186,0.7845804552934359,0.020121330204135854,-0.0006478930100402014,0.0022675637486619937,0.001943617243642115,0.0012957242336019137,0.0010804587521587028,21.668155670166016
511,2014-01-15,0.7845804552934359,0.7852283483034761,0.7881438050621784,0.7839326240698741,0.021830580525173802,0.0,-0.002915456758702306,-0.0006478930100402014,-0.0006478312235618233,0.0017092503210379487,21.588001251220703
512,2014-01-16,0.7910592618208808,0.7887916980722186,0.7910592618208808,0.7871719655471183,0.15419563388389496,0.006478806527444925,0.0035633497687425075,0.002915456758702417,0.003239341477244251,0.13236505335872115,21.68596649169922
513,2014-01-17,0.7845804552934359,0.7826368380497939,0.7852283483034761,0.7819889450397538,0.03340565912411991,-0.006478806527444925,-0.006154860022424713,-0.005830913517404723,-0.005183020507364522,-0.12078997475977504,21.516752243041992
514,2014-01-21,0.7816649985347337,0.7813411138161918,0.783608677564854,0.7806932208061517,0.03386618252667936,-0.002915456758702195,-0.0012957242336021357,-0.0016196707386221254,-0.0012957242336021357,0.00046052340255944846,21.481130599975582
515,2014-01-22,0.7806932208061517,0.783284731059834,0.7839326240698741,0.7787496035625094,0.021352344684054378,-0.000971777728582035,0.001943617243642226,0.0003239465050201007,-0.001943617243642226,-0.012513837842624984,21.534564971923828
516,2014-01-23,0.7878198585571584,0.7862001878185363,0.7894395910822587,0.7855522948084962,0.02793251560908648,0.007126637751006748,0.002915456758702306,0.005506967012384623,0.006802691245986758,0.006580170925032103,21.614717483520508
517,2014-01-24,0.7855522948084962,0.7855522948084962,0.7858762413135164,0.7813411138161918,0.025178231413009785,-0.0022675637486622158,-0.0006478930100400904,-0.0035633497687422855,-0.004211180992304442,-0.0027542841960766958,21.596906661987305
518,2014-01-27,0.7855522948084962,0.7865241343235564,0.7897634758008006,0.7855522948084962,0.029260948501084887,0.0,0.0009718395150601911,0.00388723448728423,0.004211180992304442,0.004082717088075102,21.623624801635746
519,2014-01-28,0.7868480808285765,0.7878198585571584,0.7881438050621784,0.7862001878185363,0.017136784306779437,0.0012957860200802918,0.0012957242336020247,-0.0016196707386222364,0.0006478930100400904,-0.01212416419430545,21.65924644470215
520,2014-01-29,0.7845804552934359,0.7862001878185363,0.7874959120521384,0.783608677564854,0.01663197980782004,-0.002267625535140594,-0.0016196707386221254,-0.0006478930100399793,-0.0025915102536823165,-0.0005048044989593957,21.614717483520508
521,2014-01-30,0.7910592618208808,0.7897634758008006,0.7910592618208808,0.7871719655471183,0.01482531107470221,0.006478806527444925,0.0035632879822643515,0.0035633497687423965,0.0035632879822643515,-0.0018066687331178312,21.712682723999023
522,2014-01-31,0.8043407595943124,0.7985098460769079,0.8049886526043526,0.792354986054483,0.04085373953859098,0.013281497773431572,0.008746370276107251,0.013929390783471773,0.005183020507364633,0.026028428463888767,21.95314216613769
523,2014-02-03,0.8062843768379547,0.8085519405866168,0.809523780101677,0.8020731958456503,0.05247309923393703,0.0019436172436423371,0.010042094509708943,0.0045351274973244315,0.009718209791167332,0.011619359695346054,22.22922706604004
524,2014-02-04,0.809199833596657,0.8147068006090418,0.8156786401241019,0.809199833596657,0.1519195855289377,0.002915456758702306,0.006154860022424935,0.006154860022424824,0.007126637751006748,0.09944648629500066,22.398441314697266
525,2014-02-05,0.8147068006090418,0.8218335001465267,0.8231292243801287,0.8147068006090418,0.04122570074835053,0.005506967012384734,0.007126699537484904,0.007450584256026849,0.005506967012384734,-0.11069388478058717,22.594371795654297
526,2014-02-06,0.8221573848650685,0.8130871298704195,0.8237771173901688,0.8127631833653994,0.10113802417747864,0.007450584256026738,-0.00874637027610714,0.0006478930100400904,-0.0019436172436423371,0.059912323429128105,22.353910446166992
527,2014-02-07,0.8182701503777843,0.8169743643577038,0.8228052778751087,0.8150307471140618,0.04947084089802063,-0.00388723448728423,0.00388723448728423,-0.00097183951506008,0.002267563748662327,-0.051667183279458004,22.46078109741211
528,2014-02-10,0.817298310862724,0.8176222573677441,0.8195658746113862,0.816002586629122,0.03232520037196121,-0.0009718395150603021,0.0006478930100403124,-0.003239403263722518,0.0009718395150601911,-0.017145640526059422,22.478595733642575
529,2014-02-11,0.8228052778751087,0.8185940968828042,0.8228052778751087,0.8143828541040218,0.02669264490988797,0.005506967012384734,0.00097183951506008,0.003239403263722518,-0.0016197325251001704,-0.005632555462073242,22.505311965942383
530,2014-02-12,0.8218335001465267,0.825720734633811,0.8263686276438512,0.8189180433878243,0.03243147500332108,-0.000971777728582035,0.007126637751006859,0.0035633497687425075,0.0045351892838024765,0.005738830093433112,22.70124244689941
531,2014-02-13,0.8241010638951889,0.825720734633811,0.8283122448874933,0.8231292243801287,0.03985298675995218,0.0022675637486622158,0.0,0.001943617243642115,0.004211180992304442,0.007421511756631097,22.70124244689941
532,2014-02-14,0.8299319774125936,0.8273404671589113,0.8299319774125936,0.825720734633811,0.06057653987512731,0.005830913517404723,0.0016197325251002814,0.0016197325251002814,0.0025915102536823165,0.020723553115175132,22.74577522277832
533,2014-02-18,0.8354389444249782,0.8464528166632694,0.8487204421984098,0.8354389444249782,0.11602532878714077,0.005506967012384623,0.01911234950435814,0.018788464785816195,0.00971820979116722,0.05544878891201346,23.271221160888672
534,2014-02-19,0.8354389444249782,0.8616779934668214,0.8632976642054436,0.8347910514149381,0.11275738387282469,0.0,0.015225176803551954,0.014577222007033819,-0.0006478930100400904,-0.003267944914316076,23.689802169799805
535,2014-02-20,0.8568189194644769,0.8626497711954034,0.8636216107104635,0.8542274092107945,0.08789797635389453,0.021379975039498622,0.000971777728582035,0.00032394650501987865,0.019436357795856396,-0.024859407518930163,23.71651840209961
536,2014-02-21,0.8620019399718413,0.8629737177004235,0.8649173967305438,0.8607061539517612,0.08391267767789931,0.005183020507364411,0.0003239465050201007,0.0012957860200802918,0.006478744740966658,-0.003985298675995216,23.72542381286621
537,2014-02-24,0.8691285777228481,0.8736637052201726,0.875607384250293,0.8675089069842261,0.144170393658947,0.007126637751006859,0.010689987519749033,0.010689987519749256,0.006802753032464914,0.06025771598104768,24.01932144165039
538,2014-02-25,0.8736637052201726,0.8772270549889151,0.8791706722325575,0.8713961414715106,0.06555373511048133,0.0045351274973244315,0.0035633497687425075,0.0035632879822644625,0.003887234487284452,-0.07861665854846565,24.11728858947754
539,2014-02-26,0.8730158739966107,0.8781988945039753,0.8791706722325575,0.8720440344815505,0.0453349864942656,-0.0006478312235618233,0.0009718395150601911,0.0,0.0006478930100399793,-0.020218748616215733,24.144006729125977
540,2014-02-27,0.88370586151636,0.8794946187375775,0.8856494787600022,0.8788467257275373,0.06637736350352035,0.010689987519749256,0.0012957242336022468,0.006478806527444703,0.006802691245986758,0.021042377009254744,24.179628372192383
541,2014-02-28,0.8788467257275373,0.8866213182750624,0.8879170425086644,0.8788467257275373,0.10567240844883319,-0.004859135788822688,0.007126699537484904,0.0022675637486622158,0.0,0.03929504494531284,24.375560760498047
542,2014-03-03,0.8901846062573268,0.908973071043143,0.9096209640531829,0.8888888820237246,0.3331975379710402,0.011337880529789457,0.022351752768080546,0.0217039215445185,0.010042156296187321,0.227525129522207,24.990070343017575
543,2014-03-04,0.9018464332921362,0.9057336677794205,0.9099449105582031,0.8979591370183735,0.11363414958154364,0.011661827034809447,-0.003239403263722407,0.0003239465050202117,0.009070254994648863,-0.21956338838949654,24.90100860595703
544,2014-03-05,0.9073534003045209,0.9186912808343101,0.9212827910879925,0.9054097830608786,0.2895629455785325,0.005506967012384734,0.012957613054889516,0.011337880529789346,0.007450646042505116,0.17592879599698888,25.25724601745605
545,2014-03-06,0.91739549481423,0.91739549481423,0.9193391120578722,0.9138321450454875,0.08636585041845636,0.010042094509709054,-0.0012957860200800697,-0.001943679030120271,0.008422361984608884,-0.20319709516007617,25.22162437438965
546,2014-03-07,0.9235503548366549,0.9193391120578722,0.9238743013416748,0.91739549481423,0.1936589469955276,0.006154860022424935,0.001943617243642226,0.004535189283802588,0.0035633497687425075,0.10729309657707124,25.27505874633789
547,2014-03-10,0.9232264083316347,0.9235503548366549,0.9297052148590795,0.9216067375930126,0.11978036576185626,-0.0003239465050202117,0.004211242778782709,0.005830913517404723,0.004211242778782598,-0.07387858123367134,25.390838623046875
548,2014-03-11,0.9303530460826414,0.9316488321027219,0.9339163958513839,0.9293812683540595,0.12018775184873577,0.007126637751006637,0.008098477266066939,0.004211180992304331,0.007774530761046949,0.00040738608687951317,25.613487243652344
549,2014-03-12,0.9248460790702568,0.9310009390926817,0.9345642888614241,0.9232264083316347,0.12538635256608954,-0.005506967012384512,-0.0006478930100402014,0.0006478930100402014,-0.006154860022424824,0.005198600717353771,25.595674514770508
550,2014-03-13,0.9361839596000464,0.9322967251127618,0.9378036921251466,0.9313248855977017,0.07846610282070585,0.011337880529789568,0.0012957860200801807,0.003239403263722518,0.008098477266066939,-0.046920249745383696,25.631298065185547
551,2014-03-14,0.9264658115953571,0.9264658115953571,0.9300290995776215,0.9251700255752769,0.08315104281982022,-0.009718148004689287,-0.005830913517404723,-0.007774592547525105,-0.006154860022424713,0.004684939999114374,25.47098922729492
552,2014-03-17,0.9271137046053972,0.9212827910879925,0.9306769925876616,0.9203109515729324,0.13146171899216225,0.0006478930100400904,-0.005183020507364633,0.0006478930100400904,-0.004859074002344532,0.048310676172342026,25.3284969329834
553,2014-03-18,0.9264658115953571,0.9303530460826414,0.9310009390926817,0.924522194351715,0.06759066554487889,-0.0006478930100400904,0.009070254994648863,0.0003239465050201007,0.004211242778782598,-0.06387105344728336,25.57785987854004
554,2014-03-19,0.9287333753440193,0.9284094288389994,0.9310009390926817,0.9254939720802969,0.05974405526280831,0.0022675637486622158,-0.001943617243642004,0.0,0.000971777728581924,-0.007846610282070579,25.5244255065918
555,2014-03-20,0.9225785153215946,0.9105928035682431,0.9248460790702568,0.9086491245381229,0.1190807244387371,-0.006154860022424713,-0.017816625270756226,-0.006154860022424824,-0.01684484754217408,0.059336669175928794,25.03459930419922
556,2014-03-21,0.908325239819581,0.9021703797971562,0.9099449105582031,0.901198540282096,0.07278041004295266,-0.014253275502013607,-0.008422423771086929,-0.014901168512053697,-0.007450584256026849,-0.04630031439578444,24.80304527282715
557,2014-03-24,0.9057336677794205,0.908325239819581,0.9125364208118855,0.9054097830608786,0.16479652836204225,-0.0025915720401604725,0.006154860022424824,0.0025915102536823165,0.004211242778782598,0.0920161183190896,24.97225952148437
558,2014-03-25,0.9057336677794205,0.908973071043143,0.9092970175481631,0.9057336677794205,0.05914183235176903,0.0,0.0006478312235619343,-0.003239403263722407,0.00032388471854194467,-0.10565469601027322,24.990070343017575
559,2014-03-26,0.9112406347918052,0.9112406347918052,0.9151279310655678,0.9092970175481631,0.035194615418677765,0.005506967012384623,0.0022675637486622158,0.005830913517404723,0.0035633497687425075,-0.023947216933091264,25.05241203308105
560,2014-03-27,0.9128603673169055,0.9216067375930126,0.9222545688165744,0.9128603673169055,0.0772439445600673,0.0016197325251002814,0.010366102801207422,0.007126637751006637,0.0035633497687423965,0.04204932914138954,25.33740234375
561,2014-03-28,0.9212827910879925,0.9209588445829725,0.9258179185853169,0.9183673343292902,0.042270734623389275,0.00842242377108704,-0.0006478930100400904,0.0035633497687425075,0.005506967012384734,-0.03497320993667803,25.3195915222168
562,2014-03-31,0.9196630585628923,0.91771944131925,0.9199870050679124,0.9076773468095409,0.12394278882345126,-0.0016197325251001704,-0.003239403263722518,-0.005830913517404501,-0.010689987519749256,0.08167205420006199,25.230531692504883
563,2014-04-01,0.9170715483092099,0.9131843138219256,0.9186912808343101,0.9115645812968254,0.1667537528229199,-0.0025915102536824275,-0.0045351274973244315,-0.0012957242336023578,0.003887234487284452,0.04281096399946864,25.10584831237793
564,2014-04-02,0.9125364208118855,0.901522486787116,0.9148039845605477,0.9005506472720559,0.13586325997431697,-0.0045351274973244315,-0.011661827034809558,-0.003887296273762386,-0.011013934024769467,-0.03089049284860293,24.785234451293945
565,2014-04-03,0.9018464332921362,0.9070294537995007,0.9073534003045209,0.9005506472720559,0.05089669220209892,-0.010689987519749256,0.005506967012384734,-0.007450584256026738,0.0,-0.08496656777221806,24.936635971069336
566,2014-04-04,0.908973071043143,0.9157758240756079,0.916423717085648,0.9057336677794205,0.06140902448744631,0.007126637751006748,0.00874637027610714,0.009070316781127019,0.005183020507364633,0.01051233228534739,25.177095413208008
567,2014-04-07,0.9203109515729324,0.9225785153215946,0.9229024618266146,0.9157758240756079,0.08819908780941416,0.011337880529789457,0.006802691245986758,0.006478744740966658,0.010042156296187321,0.026790063321967844,25.364118576049805
568,2014-04-08,0.9235503548366549,0.9271137046053972,0.9322967251127618,0.9235503548366549,0.060310853296727626,0.003239403263722518,0.004535189283802588,0.00939426328614723,0.00777453076104706,-0.02788823451268653,25.48880386352539
569,2014-04-09,0.924522194351715,0.9310009390926817,0.9345642888614241,0.9225785153215946,0.1176637293539388,0.00097183951506008,0.003887234487284452,0.0022675637486622158,-0.0009718395150603021,0.05735287605721118,25.595674514770508
570,2014-04-10,0.9332685028413439,0.9322967251127618,0.9355360665900061,0.9297052148590795,0.07125714032679449,0.008746308489628873,0.0012957860200801807,0.000971777728582035,0.007126699537484904,-0.04640658902714431,25.631298065185547
571,2014-04-11,0.9284094288389994,0.9251700255752769,0.932620671617782,0.9235503548366549,0.08827879378293406,-0.004859074002344532,-0.007126699537484904,-0.00291539497222415,-0.006154860022424602,0.017021653456139568,25.435365676879883
572,2014-04-14,0.9271137046053972,0.9352121818714643,0.9358600130950263,0.9258179185853169,0.04990479564274011,-0.0012957242336021357,0.010042156296187321,0.003239341477244362,0.0022675637486619937,-0.038373998140193946,25.71145248413086
573,2014-04-15,0.9316488321027219,0.9280854823339794,0.9352121818714643,0.9264658115953571,0.07104459106407475,0.004535127497324654,-0.007126699537484904,-0.0006478312235620454,0.0006478930100402014,0.021139795421334637,25.515520095825195
574,2014-04-16,0.9300290995776215,0.9238743013416748,0.9329445563363238,0.9225785153215946,0.09988044103972014,-0.0016197325251003925,-0.004211180992304553,-0.002267625535140483,-0.003887296273762497,0.028835849975645395,25.39974403381348
575,2014-04-17,0.9254939720802969,0.9355360665900061,0.9358600130950263,0.9235503548366549,0.048239826418102115,-0.004535127497324543,0.01166176524833129,0.002915456758702528,0.0009718395150603021,-0.05164061462161803,25.72035789489746
576,2014-04-21,0.9303530460826414,0.9229024618266146,0.9322967251127618,0.9216067375930126,0.08993490678829208,0.004859074002344421,-0.012633604763391482,-0.0035632879822644625,-0.0019436172436423371,0.041695080370189964,25.37302589416504
577,2014-04-22,0.9361839596000464,0.9394233628637687,0.9407191488838489,0.932620671617782,0.06337510516760395,0.005830913517405056,0.01652090103715409,0.00842242377108704,0.011013934024769356,-0.026559801620688134,25.827228546142575
578,2014-04-23,0.9394233628637687,0.9462260541097554,0.9465500006147753,0.9390994163587486,0.06648363813488022,0.003239403263722296,0.006802691245986647,0.005830851730926456,0.006478744740966658,0.00310853296727627,26.014253616333008
579,2014-04-24,0.9488176261499158,0.9462260541097554,0.9497894038784979,0.9442824368661134,0.051490058893858215,0.00939426328614712,0.0,0.003239403263722518,0.005183020507364744,-0.014993579241022001,26.014253616333008
580,2014-04-25,0.9468739471197956,0.942986712632511,0.9484936796448958,0.9413669801074108,0.051339503166098394,-0.001943679030120271,-0.003239341477244362,-0.0012957242336020247,-0.002915456758702528,-0.0001505557277598213,25.925195693969727
581,2014-04-28,0.9488176261499158,0.9394233628637687,0.9488176261499158,0.9378036921251466,0.12333170969313201,0.001943679030120271,-0.0035633497687422855,0.00032394650501998967,-0.0035632879822642405,0.07199220652703361,25.827228546142575
582,2014-04-29,0.9361839596000464,0.9517330211221401,0.9527048606372003,0.9332685028413439,0.10089005003763893,-0.012633666549869416,0.012309658258371381,0.003887234487284452,-0.004535189283802699,-0.02244165965549308,26.16565322875977
583,2014-04-30,0.950761243393558,0.9481697331398757,0.950761243393558,0.942986712632511,0.10720453438427135,0.014577283793511642,-0.0035632879822643515,-0.001943617243642226,0.00971820979116711,0.006314484346632426,26.067689895629883
584,2014-05-01,0.9455782228861934,0.9436345438560731,0.9484936796448958,0.9413669801074108,0.11184519328698579,-0.005183020507364633,-0.004535189283802588,-0.0022675637486622158,-0.0016197325251001704,0.004640658902714437,25.943004608154297
585,2014-05-02,0.9442824368661134,0.9374797456201265,0.9442824368661134,0.9368318526100864,0.07348890758535181,-0.0012957860200800697,-0.006154798235946668,-0.004211242778782487,-0.0045351274973244315,-0.03835628570163398,25.773794174194336
586,2014-05-05,0.9452542763811734,0.9433106591375312,0.9471978936248155,0.9384515233487084,0.07876721427622548,0.00097183951506008,0.005830913517404723,0.002915456758702195,0.0016196707386220144,0.00527830669087366,25.93410301208496
587,2014-05-06,0.9407191488838489,0.9436345438560731,0.9471978936248155,0.9400712558738088,0.12961962538192445,-0.004535127497324543,0.00032388471854194467,0.0,0.0016197325251003925,0.05085241110569898,25.943004608154297
588,2014-05-07,0.9426627661274911,0.9403952023788288,0.9455782228861934,0.9378036921251466,0.05706947704025152,0.001943617243642226,-0.003239341477244362,-0.0016196707386221254,-0.0022675637486622158,-0.07255014834167293,25.853946685791016
589,2014-05-08,0.934888235366444,0.9355360665900061,0.9381275768436884,0.932620671617782,0.12054200061993535,-0.00777453076104706,-0.004859135788822688,-0.007450646042505005,-0.005183020507364633,0.06347252357968383,25.72035789489746
590,2014-05-09,0.9277615358289594,0.9225785153215946,0.9293812683540595,0.9212827910879925,0.09438072886684674,-0.007126699537484682,-0.012957551268411471,-0.008746308489628873,-0.011337880529789457,-0.026161271753088605,25.364118576049805
591,2014-05-12,0.9199870050679124,0.9235503548366549,0.9241982478466949,0.9167476018041899,0.08895186644821326,-0.007774530761046949,0.0009718395150603021,-0.005183020507364633,-0.004535189283802588,-0.005428862418633482,25.390838623046875
592,2014-05-13,0.9251700255752769,0.9261418650903371,0.9322967251127618,0.9222545688165744,0.051339503166098394,0.005183020507364522,0.0025915102536822054,0.008098477266066939,0.005506967012384512,-0.03761236328211487,25.46208381652832
593,2014-05-14,0.9258179185853169,0.9258179185853169,0.9264658115953571,0.9232264083316347,0.08029934021166364,0.0006478930100399793,-0.0003239465050202117,-0.005830913517404723,0.0009718395150603021,0.028959837045565248,25.45317840576172
594,2014-05-15,0.9297052148590795,0.9267897581003771,0.9303530460826414,0.9248460790702568,0.04921401053890094,0.0038872962737626082,0.0009718395150601911,0.00388723448728423,0.0016196707386221254,-0.0310853296727627,25.47989654541016
595,2014-05-16,0.9225785153215946,0.9183673343292902,0.9235503548366549,0.9144800380555276,0.12514723464552982,-0.007126699537484904,-0.008422423771086929,-0.006802691245986425,-0.010366041014729266,0.07593322410662888,25.248340606689453
596,2014-05-19,0.9157758240756079,0.9180433878242701,0.9193391120578722,0.9138321450454875,0.04657485719346411,-0.006802691245986758,-0.0003239465050201007,-0.004211242778782709,-0.0006478930100400904,-0.07857237745206572,25.23943519592285
597,2014-05-20,0.9170715483092099,0.916099770580628,0.9206348980779524,0.9157758240756079,0.04840809458442191,0.0012957242336020247,-0.001943617243642115,0.0012957860200801807,0.0019436790301203821,0.0018332373909578023,25.18600273132324
598,2014-05-21,0.9157758240756079,0.916099770580628,0.91739549481423,0.9138321450454875,0.1334986494265598,-0.0012957242336020247,0.0,-0.003239403263722407,-0.0019436790301203821,0.0850905548421379,25.18600273132324
599,2014-05-22,0.916099770580628,0.9138321450454875,0.9180433878242701,0.9109167500732633,0.042270734623389275,0.0003239465050201007,-0.002267625535140483,0.0006478930100400904,-0.00291539497222415,-0.09122791480317054,25.1236572265625
600,2014-05-23,0.9135082603269457,0.9109167500732633,0.9151279310655678,0.9092970175481631,0.02889784351060532,-0.0025915102536823165,-0.00291539497222415,-0.002915456758702306,-0.0016197325251002814,-0.013372891112783954,25.043506622314453
601,2014-05-27,0.9041139970407984,0.899254923038454,0.9054097830608786,0.899254923038454,0.09339768852676793,-0.00939426328614723,-0.011661827034809336,-0.009718148004689176,-0.010042094509709054,0.0644998450161626,24.72289085388184
602,2014-05-28,0.8966634127847716,0.8989309765334338,0.8989309765334338,0.8888888820237246,0.13013328610016384,-0.007450584256026849,-0.0003239465050202117,-0.006478806527444814,-0.010366041014729377,0.03673559757339591,24.713985443115234
603,2014-05-29,0.9034661040307584,0.9067055072944807,0.9067055072944807,0.9002267625535141,0.08246025771598105,0.006802691245986869,0.007774530761046949,0.007774530761046949,0.011337880529789457,-0.04767302838418279,24.92772674560547
604,2014-05-30,0.9005506472720559,0.8976351905133536,0.9024943263021762,0.8973113057948117,0.18680423327281584,-0.002915456758702528,-0.00907031678112713,-0.004211180992304553,-0.002915456758702417,0.10434397555683479,24.678361892700195
605,2014-06-02,0.8927761165110091,0.8914803922774069,0.8956915732697115,0.8908324992673669,0.1337377673471195,-0.007774530761046838,-0.006154798235946668,-0.006802753032464692,-0.006478806527444814,-0.05306646592569633,24.5091495513916
606,2014-06-03,0.8908324992673669,0.8898606597523065,0.8914803922774069,0.8866213182750624,0.06666076252048,-0.001943617243642226,-0.0016197325251003925,-0.004211180992304553,-0.004211180992304442,-0.0670770048266395,24.46462059020996
607,2014-06-04,0.8892128285287447,0.8872691494986245,0.8905085527623468,0.8869452029936042,0.05657352876057211,-0.0016196707386221254,-0.0025915102536820944,-0.0009718395150601911,0.00032388471854183365,-0.010087233759907895,24.393369674682617
608,2014-06-05,0.8866213182750624,0.8856494787600022,0.8879170425086644,0.884677639244942,0.05663552229553204,-0.0025915102536823165,-0.0016196707386222364,-0.0025915102536823165,-0.0022675637486622158,6.199353495992682e-05,24.34884262084961
609,2014-06-06,0.8859734252650223,0.8956915732697115,0.8963394662797515,0.8859734252650223,0.03853341008723376,-0.0006478930100400904,0.010042094509709276,0.00842242377108704,0.0012957860200802918,-0.018102112208298278,24.62492561340332
610,2014-06-09,0.892452170005989,0.8914803922774069,0.892452170005989,0.8885649355187046,0.04089802063499092,0.006478744740966658,-0.004211180992304553,-0.003887296273762497,0.0025915102536823165,0.002364610547757162,24.5091495513916
611,2014-06-10,0.8901846062573268,0.8898606597523065,0.8927761165110091,0.8882409890136845,0.06023114732320772,-0.0022675637486622158,-0.0016197325251003925,0.0003239465050201007,-0.0003239465050201007,0.019333126688216802,24.46462059020996
612,2014-06-11,0.8908324992673669,0.8892128285287447,0.8940719025310893,0.8882409890136845,0.025054244343089935,0.0006478930100400904,-0.0006478312235618233,0.0012957860200801807,0.0,-0.03517690298011779,24.446807861328125
613,2014-06-12,0.8911564457723871,0.8901846062573268,0.9028182728071964,0.8850015857499621,0.0899171943497321,0.0003239465050202117,0.000971777728582035,0.00874637027610714,-0.003239403263722407,0.06486295000664216,24.47352409362793
614,2014-06-13,0.8976351905133536,0.8982830835233937,0.9002267625535141,0.8960155197747315,0.057087189478811494,0.006478744740966547,0.008098477266066939,-0.0025915102536823165,0.011013934024769356,-0.0328300048709206,24.6961727142334
615,2014-06-16,0.899902816048494,0.8940719025310893,0.9002267625535141,0.8927761165110091,0.03564628260195722,0.002267625535140372,-0.004211180992304442,0.0,-0.003239403263722407,-0.021440906876854272,24.58039665222168
616,2014-06-17,0.8859734252650223,0.8885649355187046,0.8911564457723871,0.8859734252650223,0.05289819775937652,-0.013929390783471662,-0.005506967012384623,-0.009070316781127019,-0.006802691245986758,0.0172519151574193,24.42899513244629
617,2014-06-18,0.8885649355187046,0.8888888820237246,0.8908324992673669,0.8866213182750624,0.04022494796971173,0.0025915102536823165,0.00032394650501998967,-0.0003239465050202117,0.0006478930100400904,-0.01267324978966479,24.437902450561523
618,2014-06-19,0.8901846062573268,0.8989309765334338,0.8989309765334338,0.8901846062573268,0.052774210689456674,0.0016196707386221254,0.010042094509709165,0.008098477266066939,0.0035632879822643515,0.012549262719744943,24.713985443115234
619,2014-06-20,0.8966634127847716,0.900874593777076,0.9031421575257382,0.8966634127847716,0.05014391356329983,0.006478806527444814,0.001943617243642226,0.004211180992304442,0.006478806527444814,-0.0026302971261568456,24.76741981506348
620,2014-06-23,0.901198540282096,0.9005506472720559,0.9024943263021762,0.8966634127847716,0.029863171412124166,0.0045351274973244315,-0.0003239465050201007,-0.0006478312235620454,0.0,-0.020280742151175663,24.758516311645508
621,2014-06-24,0.8979591370183735,0.899902816048494,0.900874593777076,0.8947197955411293,0.02965062214940442,-0.003239403263722518,-0.0006478312235619343,-0.0016197325251001704,-0.001943617243642226,-0.00021254926271974464,24.740705490112305
622,2014-06-25,0.9024943263021762,0.9054097830608786,0.9057336677794205,0.9021703797971562,0.05260594252313687,0.004535189283802699,0.005506967012384623,0.004859074002344532,0.007450584256026849,0.02295532037373245,24.89210700988769
623,2014-06-26,0.9050858365558586,0.9086491245381229,0.9092970175481631,0.9028182728071964,0.03401673825443918,0.0025915102536824275,0.003239341477244251,0.0035633497687425075,0.0006478930100402014,-0.018589204268697687,24.98116111755371
624,2014-06-27,0.908973071043143,0.9018464332921362,0.9118885278018455,0.900874593777076,0.03304255413364035,0.003887234487284341,-0.006802691245986647,0.0025915102536824275,-0.0019436790301203821,-0.0009741841207988322,24.794139862060547
625,2014-06-30,0.901522486787116,0.8895367132472866,0.9028182728071964,0.8885649355187046,0.10003099676747997,-0.00745058425602696,-0.012309720044849648,-0.009070254994649085,-0.012309658258371381,0.06698844263383961,24.455713272094727
626,2014-07-01,0.885325532254982,0.884677639244942,0.8859734252650223,0.8820861289912597,0.3027675685249967,-0.01619695453213399,-0.004859074002344532,-0.01684484754217408,-0.006478806527444925,0.20273657175751675,24.32212448120117
627,2014-07-02,0.88305796850632,0.8898606597523065,0.8908324992673669,0.8807904047576577,0.05579418146393305,-0.0022675637486619937,0.005183020507364522,0.004859074002344532,-0.0012957242336020247,-0.24697338706106364,24.46462059020996
628,2014-07-03,0.8898606597523065,0.8869452029936042,0.8905085527623468,0.8866213182750624,0.06496036841872205,0.006802691245986536,-0.002915456758702306,-0.0003239465050201007,0.005830913517404723,0.009166186954788998,24.38446807861328
629,2014-07-07,0.88370586151636,0.8804664582526376,0.88370586151636,0.8743115982302129,0.04871806225922154,-0.006154798235946557,-0.006478744740966658,-0.006802691245986758,-0.012309720044849537,-0.016242306159500508,24.20634651184082
630,2014-07-08,0.8788467257275373,0.8788467257275373,0.8814382359812196,0.8778749479989553,0.031811539653721826,-0.004859135788822688,-0.0016197325251002814,-0.002267625535140372,0.0035633497687423965,-0.016906522605499713,24.161815643310547
631,2014-07-09,0.8778749479989553,0.8701004172379083,0.8778749479989553,0.8658891744591258,0.14974095558606032,-0.000971777728582035,-0.008746308489628984,-0.0035632879822643515,-0.011985773539829436,0.1179294159323385,23.921358108520508
632,2014-07-10,0.8704243637429284,0.8522837301806742,0.8710721949664906,0.8519597836756541,0.07533100119558961,-0.007450584256026849,-0.01781668705723416,-0.006802753032464692,-0.013929390783471773,-0.07440995439047071,23.431528091430664
633,2014-07-11,0.8503401129370319,0.8461289319447275,0.8516358989571122,0.842241635670965,0.07572067484390914,-0.020084250805896486,-0.006154798235946668,-0.01943629600937835,-0.009718148004689064,0.0003896736483195301,23.262319564819336
634,2014-07-14,0.8471007096733096,0.8535795162007545,0.8539034627057743,0.8464528166632694,0.054093787362175086,-0.003239403263722296,0.00745058425602696,0.0022675637486621048,0.004211180992304442,-0.021626887481734053,23.467153549194336
635,2014-07-15,0.8500161664320119,0.8500161664320119,0.8516358989571122,0.8461289319447275,0.06397732807864323,0.002915456758702306,-0.0035633497687425075,-0.0022675637486621048,-0.00032388471854194467,0.009883540716468145,23.36918830871582
636,2014-07-16,0.8503401129370319,0.8503401129370319,0.8551991869393767,0.8483964956933898,0.03163441526812204,0.00032394650501998967,0.00032394650501998967,0.0035632879822644625,0.002267563748662327,-0.03234291281052119,23.37809562683105
637,2014-07-17,0.8490443269169518,0.8509880059470721,0.8558470799494167,0.8490443269169518,0.050055351370499934,-0.0012957860200801807,0.0006478930100402014,0.0006478930100399793,0.0006478312235619343,0.018420936102377897,23.395906448364254
638,2014-07-18,0.8532555696957344,0.8539034627057743,0.8555231334443966,0.8509880059470721,0.021502900411814196,0.004211242778782598,0.002915456758702195,-0.0003239465050201007,0.0019436790301203821,-0.02855245095868574,23.47606086730957
639,2014-07-21,0.8493682734219717,0.8551991869393767,0.8564949729594568,0.8493682734219717,0.11026878625514767,-0.0038872962737626082,0.0012957242336023578,0.0009718395150601911,-0.0016197325251003925,0.08876588584333348,23.51168441772461
640,2014-07-22,0.8571428041830187,0.8529316231907141,0.858438590203099,0.8509880059470721,0.032236638179161316,0.007774530761046949,-0.002267563748662549,0.001943617243642226,0.0016197325251003925,-0.07803214807598635,23.449338912963867
641,2014-07-23,0.8545512939293364,0.8626497711954034,0.8629737177004235,0.8526076766856943,0.04239472169330913,-0.0025915102536823165,0.009718148004689287,0.004535127497324543,0.0016196707386221254,0.010158083514147813,23.71651840209961
642,2014-07-24,0.8701004172379083,0.8632976642054436,0.8701004172379083,0.8610301004567812,0.03788690607979454,0.015549123308571944,0.0006478930100402014,0.007126699537484793,0.008422423771086929,-0.004507815613514592,23.73433303833008
643,2014-07-25,0.8620019399718413,0.8655652279541056,0.8662131209641458,0.8607061539517612,0.028401895230925917,-0.00809847726606705,0.0022675637486619937,-0.003887296273762497,-0.00032394650501998967,-0.00948501084886862,23.796674728393555
644,2014-07-28,0.8717200879765306,0.8694525242278683,0.8717200879765306,0.8645934502255237,0.030137714209803834,0.009718148004689287,0.0038872962737627192,0.005506967012384734,0.003887296273762497,0.0017358189788779163,23.903545379638672
645,2014-07-29,0.8642695037205037,0.8629737177004235,0.8642695037205037,0.8616779934668214,0.034946641278838064,-0.007450584256026849,-0.006478806527444814,-0.007450584256026849,-0.002915456758702306,0.004808927069034231,23.72542381286621
646,2014-07-30,0.8649173967305438,0.8636216107104635,0.8658891744591258,0.8613540469618013,0.02227339148917327,0.0006478930100400904,0.0006478930100399793,0.0016196707386221254,-0.0003239465050201007,-0.012673249789664793,23.743236541748047
647,2014-07-31,0.8710721949664906,0.8684806847128081,0.8726919274915907,0.8665370674691659,0.07690740822742771,0.006154798235946779,0.004859074002344643,0.006802753032464914,0.005183020507364633,0.05463401673825444,23.8768253326416
648,2014-08-01,0.8720440344815505,0.8620019399718413,0.8769031084838952,0.8600582609417211,0.06649249435416021,0.000971839515059969,-0.00647874474096688,0.004211180992304442,-0.006478806527444814,-0.010414913873267498,23.69870948791504
649,2014-08-04,0.8665370674691659,0.8658891744591258,0.8684806847128081,0.8600582609417211,0.03778948766771465,-0.005506967012384623,0.0038872344872845632,-0.00842242377108704,0.0,-0.028703006686445563,23.80558013916016
650,2014-08-05,0.8652412814490857,0.8620019399718413,0.8655652279541056,0.8594104297181592,0.04870920603994155,-0.0012957860200801807,-0.0038872344872845632,-0.002915456758702528,-0.0006478312235619343,0.010919718372226897,23.69870948791504
651,2014-08-06,0.8636216107104635,0.8707482484614704,0.8713961414715106,0.8626497711954034,0.02073240933445512,-0.0016196707386222364,0.008746308489629095,0.005830913517404945,0.003239341477244251,-0.027976796705486428,23.93916702270508
652,2014-08-07,0.8658891744591258,0.8581146436980789,0.8658891744591258,0.8555231334443966,0.057919674091130496,0.002267563748662327,-0.012633604763391482,-0.005506967012384734,-0.007126637751006859,0.03718726475667537,23.59183692932129
653,2014-08-08,0.8532555696957344,0.8471007096733096,0.8545512939293364,0.8458049854397074,0.11240313510162511,-0.012633604763391482,-0.011013934024769245,-0.011337880529789457,-0.009718148004689176,0.054483461010494616,23.289033889770508
654,2014-08-11,0.8471007096733096,0.8555231334443966,0.8571428041830187,0.8467767631682896,0.02965062214940442,-0.006154860022424713,0.008422423771086929,0.0025915102536823165,0.0009717777285822571,-0.08275251295222069,23.520591735839844
655,2014-08-12,0.8441852529146072,0.8435374216910453,0.8513119524520921,0.8432134751860252,0.06157729265376611,-0.002915456758702417,-0.01198571175335128,-0.005830851730926567,-0.0035632879822644625,0.03192667050436169,23.191070556640625
656,2014-08-13,0.8477486026833497,0.8432134751860252,0.8483964956933898,0.8415937426609249,0.04601691537882478,0.0035633497687425075,-0.0003239465050201007,-0.002915456758702306,-0.0016197325251002814,-0.015560377274941327,23.182165145874023
657,2014-08-14,0.842241635670965,0.8438613064095871,0.8461289319447275,0.8380304546786606,0.025027675685249967,-0.005506967012384734,0.0006478312235619343,-0.002267563748662327,-0.0035632879822643515,-0.020989239693574815,23.199975967407227
658,2014-08-15,0.8503401129370319,0.8509880059470721,0.8526076766856943,0.8480725491883697,0.04617632732586459,0.008098477266066939,0.007126699537485015,0.006478744740966769,0.010042094509709165,0.02114865164061462,23.395906448364254
659,2014-08-18,0.8509880059470721,0.8490443269169518,0.8516358989571122,0.8471007096733096,0.018527210733737767,0.0006478930100402014,-0.0019436790301203821,-0.000971777728582035,-0.00097183951506008,-0.02764911659212682,23.342470169067383
660,2014-08-19,0.8471007096733096,0.8390022324072427,0.8480725491883697,0.8386782859022226,0.04010096089979188,-0.003887296273762497,-0.010042094509709054,-0.0035633497687425075,-0.00842242377108704,0.02157375016605411,23.066387176513672
661,2014-08-20,0.8390022324072427,0.8370586151636004,0.8390022324072427,0.833819211899878,0.018544923172297747,-0.008098477266066939,-0.0019436172436423371,-0.009070316781127019,-0.004859074002344643,-0.02155603772749413,23.0129508972168
662,2014-08-21,0.8380304546786606,0.8383543393972025,0.8399740719223028,0.8354389444249782,0.016153743966700617,-0.0009717777285821461,0.0012957242336021357,0.00097183951506008,0.0016197325251002814,-0.00239117920559713,23.04857444763184
663,2014-08-22,0.8399740719223028,0.8399740719223028,0.8409458496508848,0.8377065081736405,0.037063277686755526,0.001943617243642226,0.0016197325251002814,0.000971777728582035,0.0022675637486622158,0.02090953372005491,23.09310531616211
664,2014-08-25,0.8360867756485402,0.8370586151636004,0.8402980184273228,0.8351149979199582,0.02062613470309525,-0.0038872962737626082,-0.002915456758702417,-0.0006478312235620454,-0.0025915102536822054,-0.016437142983660277,23.0129508972168
665,2014-08-26,0.8425655821759852,0.8477486026833497,0.8477486026833497,0.8409458496508848,0.0351680467608378,0.006478806527445036,0.010689987519749367,0.00745058425602696,0.005830851730926567,0.014541912057742547,23.306846618652344
666,2014-08-27,0.8529316231907141,0.8483964956933898,0.8542274092107945,0.8464528166632694,0.032838861090200594,0.010366041014728933,0.0006478930100400904,0.006478806527444814,0.005506967012384623,-0.002329185670637203,23.32465934753418
667,2014-08-28,0.8503401129370319,0.8551991869393767,0.8558470799494167,0.8503401129370319,0.026621795155648054,-0.0025915102536822054,0.006802691245986869,0.0016196707386221254,0.003887296273762497,-0.00621706593455254,23.51168441772461
668,2014-08-29,0.8574667506880387,0.8571428041830187,0.858438590203099,0.8519597836756541,0.02454058362485055,0.007126637751006748,0.001943617243642004,0.0025915102536823165,0.0016196707386221254,-0.0020812115307975027,23.56511688232422
669,2014-09-02,0.8600582609417211,0.8636216107104635,0.8649173967305438,0.8600582609417211,0.0319178142850817,0.0025915102536824275,0.006478806527444814,0.006478806527444814,0.00809847726606705,0.007377230660231146,23.743236541748047
670,2014-09-03,0.8594104297181592,0.8561710264544367,0.8603822074467411,0.8529316231907141,0.0478324403312226,-0.0006478312235619343,-0.007450584256026849,-0.004535189283802699,-0.00712663775100697,0.015914626046140905,23.538402557373047
671,2014-09-04,0.8548752404343566,0.8545512939293364,0.8574667506880387,0.8496922199269918,0.02623212150732852,-0.004535189283802588,-0.0016197325251002814,-0.002915456758702417,-0.003239403263722296,-0.02160031882389408,23.493871688842773
672,2014-09-05,0.8561710264544367,0.8561710264544367,0.8577906971930588,0.8522837301806742,0.013107204534384272,0.0012957860200800697,0.0016197325251002814,0.0003239465050201007,0.0025915102536823165,-0.013124916972944248,23.538402557373047
673,2014-09-08,0.8493682734219717,0.8477486026833497,0.8513119524520921,0.8461289319447275,0.027117743435327458,-0.006802753032464914,-0.008422423771086929,-0.006478744740966658,-0.006154798235946668,0.014010538900943186,23.306846618652344
674,2014-09-09,0.8445091994196272,0.8467767631682896,0.8480725491883697,0.8438613064095871,0.024956825931010052,-0.004859074002344532,-0.00097183951506008,-0.003239403263722407,-0.002267625535140372,-0.0021609175043174056,23.280128479003903
675,2014-09-10,0.8412697961559047,0.8351149979199582,0.8428895286810051,0.8344671049099182,0.08353186024885977,-0.003239403263722518,-0.011661765248331402,-0.005183020507364633,-0.009394201499668964,0.05857503431784972,22.959518432617188
676,2014-09-11,0.833819211899878,0.8315516481512157,0.833819211899878,0.8263686276438512,0.0357525572333171,-0.007450584256026738,-0.0035633497687425075,-0.00907031678112713,-0.008098477266066939,-0.047779303015542667,22.861549377441406
677,2014-09-12,0.8263686276438512,0.8260446811388311,0.8273404671589113,0.8234531708851488,0.027897090731966525,-0.007450584256026738,-0.005506967012384623,-0.006478744740966658,-0.002915456758702417,-0.007855466501350574,22.710147857666016
678,2014-09-15,0.8211856071364865,0.8234531708851488,0.8253967881287909,0.8208616606314665,0.025027675685249967,-0.005183020507364744,-0.0025915102536823165,-0.0019436790301203821,-0.0025915102536823165,-0.002869415046716558,22.63890266418457
679,2014-09-16,0.8231292243801287,0.8250728416237708,0.8250728416237708,0.8211856071364865,0.017606163928618874,0.001943617243642226,0.0016196707386220144,-0.0003239465050201007,0.00032394650501998967,-0.007421511756631093,22.683429718017575
680,2014-09-17,0.8253967881287909,0.8266925741488712,0.8292840844025535,0.8221573848650685,0.013665146349023601,0.0022675637486622158,0.0016197325251003925,0.004211242778782709,0.000971777728582035,-0.003941017579595273,22.72796058654785
681,2014-09-18,0.8208616606314665,0.8192419898928444,0.8224813313700887,0.8179462038727641,0.02654208918212815,-0.0045351274973244315,-0.007450584256026849,-0.006802753032464803,-0.004211180992304442,0.01287694283310455,22.52312660217285
682,2014-09-19,0.8182701503777843,0.8150307471140618,0.8182701503777843,0.8140589075990016,0.02090953372005491,-0.0025915102536822054,-0.004211242778782598,-0.004211180992304442,-0.003887296273762497,-0.005632555462073242,22.407346725463867
683,2014-09-22,0.8147068006090418,0.8150307471140618,0.8169743643577038,0.8098477266066971,0.048664924943541604,-0.0035633497687425075,0.0,-0.0012957860200805138,-0.004211180992304442,0.027755391223486695,22.407346725463867
684,2014-09-23,0.8169743643577038,0.8134110763754395,0.8195658746113862,0.8134110763754395,0.02243280343621308,0.0022675637486619937,-0.0016196707386222364,0.0025915102536824275,0.0035633497687423965,-0.026232121507328524,22.362817764282227
685,2014-09-24,0.8176222573677441,0.8247488951187508,0.8247488951187508,0.8176222573677441,0.040774033565071074,0.0006478930100403124,0.011337818743311301,0.005183020507364633,0.004211180992304553,0.018341230128857994,22.674524307250977
686,2014-09-25,0.8185940968828042,0.8143828541040218,0.8185940968828042,0.8124392368603793,0.026896337953327725,0.00097183951506008,-0.010366041014729044,-0.006154798235946668,-0.005183020507364744,-0.01387769561174335,22.38953399658203
687,2014-09-26,0.816002586629122,0.8202137676214264,0.8224813313700887,0.8143828541040218,0.011734490545985918,-0.0025915102536822054,0.005830913517404612,0.0038872344872845632,0.0019436172436424481,-0.015161847407341807,22.549842834472656
688,2014-09-29,0.8211856071364865,0.8325234876662759,0.8325234876662759,0.8211856071364865,0.12559890182880928,0.005183020507364522,0.012309720044849537,0.01004215629618721,0.006802753032464692,0.11386441128282336,22.888267517089844
689,2014-09-30,0.8318755946562358,0.8276643518774532,0.834143158404898,0.8266925741488712,0.03302484169508037,0.010689987519749367,-0.004859135788822688,0.0016196707386221254,0.005506967012384734,-0.09257406013372892,22.75467872619629
690,2014-10-01,0.8266925741488712,0.8302558621311354,0.8321995411612558,0.8253967881287909,0.03556657662843732,-0.005183020507364633,0.0025915102536822054,-0.001943617243642226,-0.0012957860200802918,0.002541734933356951,22.825925827026367
691,2014-10-02,0.8380304546786606,0.8364107221535603,0.8399740719223028,0.8351149979199582,0.030571668954523314,0.011337880529789346,0.006154860022424824,0.007774530761046949,0.009718209791167332,-0.004994907673914004,22.995136260986328
692,2014-10-03,0.8373825616686205,0.833495265394858,0.8386782859022226,0.8328473723848178,0.046521719877784175,-0.0006478930100400904,-0.002915456758702306,-0.0012957860200801807,-0.002267625535140483,0.01595005092326086,22.91498374938965
693,2014-10-06,0.8500161664320119,0.8564949729594568,0.8564949729594568,0.8487204421984098,0.04497188150378603,0.012633604763391482,0.022999707564598793,0.01781668705723416,0.015873069813592044,-0.0015498383739981428,23.547306060791016
694,2014-10-07,0.8568189194644769,0.8555231334443966,0.8639455572154836,0.8545512939293364,0.0614975866802462,0.006802753032464914,-0.0009718395150601911,0.007450584256026849,0.005830851730926567,0.016525705176460168,23.520591735839844
695,2014-10-08,0.858438590203099,0.8551991869393767,0.8603822074467411,0.8539034627057743,0.03119160430412257,0.0016196707386221254,-0.00032394650501987865,-0.0035633497687425075,-0.0006478312235620454,-0.03030598237612363,23.51168441772461
696,2014-10-09,0.8594104297181592,0.8574667506880387,0.8649173967305438,0.8561710264544367,0.03995040517203206,0.0009718395150601911,0.0022675637486619937,0.004535189283802699,0.002267563748662327,0.008758800867909488,23.57402610778809
697,2014-10-10,0.8577906971930588,0.8564949729594568,0.8616779934668214,0.8548752404343566,0.031227029181242528,-0.0016197325251003925,-0.000971777728581924,-0.003239403263722407,-0.0012957860200800697,-0.008723375990789529,23.547306060791016
698,2014-10-13,0.8526076766856943,0.8564949729594568,0.858438590203099,0.8509880059470721,0.026887481734047734,-0.005183020507364522,0.0,-0.003239403263722407,-0.003887234487284452,-0.004339547447194794,23.547306060791016
699,2014-10-14,0.8597343762231792,0.8642695037205037,0.8655652279541056,0.8558470799494167,0.043200637647788157,0.007126699537484904,0.007774530761046949,0.007126637751006637,0.004859074002344532,0.016313155913740423,23.761049270629883
700,2014-10-15,0.8623258864768615,0.8513119524520921,0.8649173967305438,0.8506640594420521,0.04746933534074304,0.0025915102536823165,-0.012957551268411582,-0.0006478312235618233,-0.005183020507364522,0.004268697692954883,23.40481376647949
701,2014-10-16,0.8529316231907141,0.8551991869393767,0.8558470799494167,0.8522837301806742,0.06856484966567772,-0.009394263286147342,0.0038872344872845632,-0.00907031678112713,0.0016196707386220144,0.02109551432493468,23.51168441772461
702,2014-10-17,0.8516358989571122,0.8467767631682896,0.8516358989571122,0.8461289319447275,0.02411548509941106,-0.0012957242336019137,-0.00842242377108704,-0.004211180992304442,-0.006154798235946668,-0.04444936456626666,23.280128479003903
703,2014-10-20,0.8351149979199582,0.8380304546786606,0.8415937426609249,0.8328473723848178,0.044227959084266924,-0.01652090103715398,-0.008746308489629095,-0.010042156296187321,-0.013281559559909728,0.020112473984855862,23.039669036865234
704,2014-10-21,0.8380304546786606,0.8415937426609249,0.841917689165945,0.8373825616686205,0.11487402028074215,0.002915456758702306,0.0035632879822643515,0.0003239465050201007,0.004535189283802699,0.07064606119647522,23.13763236999512
705,2014-10-22,0.8441852529146072,0.8357628291435202,0.8451570924296674,0.8351149979199582,0.04774387813842271,0.006154798235946668,-0.005830913517404723,0.003239403263722407,-0.0022675637486622158,-0.06713014214231944,22.97732734680176
706,2014-10-23,0.8377065081736405,0.8396501254172827,0.8406219649323429,0.8360867756485402,0.03698357171323562,-0.006478744740966769,0.003887296273762497,-0.004535127497324543,0.000971777728581924,-0.010760306425187084,23.084199905395508
707,2014-10-24,0.8383543393972025,0.8328473723848178,0.8393261789122627,0.8312277016461956,0.04529070539786565,0.0006478312235620454,-0.006802753032464914,-0.0012957860200801807,-0.004859074002344532,0.008307133684630028,22.89717102050781
708,2014-10-27,0.8289601378975334,0.8331713188898378,0.833819211899878,0.8276643518774532,0.036523048310676175,-0.009394201499669075,0.00032394650501998967,-0.005506967012384734,-0.0035633497687423965,-0.008767657087189476,22.90608024597168
709,2014-10-28,0.834143158404898,0.833819211899878,0.8357628291435202,0.8312277016461956,0.017464464420139044,0.005183020507364633,0.0006478930100402014,0.001943617243642226,0.0035633497687423965,-0.01905858389053713,22.923891067504883
710,2014-10-29,0.8351149979199582,0.8383543393972025,0.8386782859022226,0.8331713188898378,0.020758977992295088,0.0009718395150601911,0.004535127497324543,0.002915456758702417,0.001943617243642115,0.0032945135721560437,23.04857444763184
711,2014-10-30,0.8325234876662759,0.8331713188898378,0.8360867756485402,0.8325234876662759,0.029322942036044814,-0.0025915102536823165,-0.005183020507364744,-0.0025915102536824275,-0.0006478312235618233,0.008563964043749726,22.90608024597168
712,2014-10-31,0.8299319774125936,0.8312277016461956,0.8328473723848178,0.8266925741488712,0.03196209538148165,-0.0025915102536823165,-0.001943617243642115,-0.003239403263722407,-0.005830913517404723,0.0026391533454368336,22.85264587402344
713,2014-11-03,0.8312277016461956,0.8299319774125936,0.8315516481512157,0.8263686276438512,0.04568923526546517,0.0012957242336020247,-0.0012957242336020247,-0.0012957242336020247,-0.00032394650501998967,0.013727139883983525,22.81702041625977
714,2014-11-04,0.8263686276438512,0.825720734633811,0.8279882983824732,0.8250728416237708,0.029402648009564717,-0.004859074002344421,-0.004211242778782598,-0.0035633497687425075,-0.0012957860200804028,-0.016286587255900455,22.70124244689941
715,2014-11-05,0.8198898211164063,0.8211856071364865,0.8224813313700887,0.817298310862724,0.0179161316034185,-0.006478806527444925,-0.004535127497324543,-0.005506967012384512,-0.007774530761046838,-0.011486516406146216,22.576560974121094
716,2014-11-06,0.8185940968828042,0.8195658746113862,0.8231292243801287,0.8185940968828042,0.012735243324624718,-0.0012957242336021357,-0.0016197325251002814,0.0006478930100399793,0.0012957860200801807,-0.005180888278793783,22.532032012939453
717,2014-11-07,0.8221573848650685,0.8224813313700887,0.8224813313700887,0.8185940968828042,0.019138289864057034,0.0035632879822643515,0.002915456758702528,-0.0006478930100399793,0.0,0.006403046539432316,22.6121826171875
718,2014-11-10,0.8224813313700887,0.8221573848650685,0.8289601378975334,0.8208616606314665,0.03287428596732055,0.0003239465050202117,-0.0003239465050202117,0.006478806527444703,0.002267563748662327,0.01373599610326352,22.603275299072266
719,2014-11-11,0.8224813313700887,0.8305798086361557,0.8315516481512157,0.8198898211164063,0.028153921091086217,0.0,0.00842242377108715,0.0025915102536823165,-0.0009718395150601911,-0.004720364876234336,22.83483123779297
720,2014-11-12,0.8312277016461956,0.833819211899878,0.8373825616686205,0.8302558621311354,0.12367710224505159,0.008746370276106918,0.003239403263722296,0.005830913517404723,0.010366041014729155,0.09552318115396537,22.923891067504883
721,2014-11-13,0.833819211899878,0.8390022324072427,0.8402980184273228,0.833819211899878,0.026852056856927778,0.0025915102536823165,0.005183020507364744,0.002915456758702306,0.0035633497687425075,-0.09682504538812381,23.066387176513672
722,2014-11-14,0.8354389444249782,0.8380304546786606,0.8412697961559047,0.8351149979199582,0.023654961696851613,0.0016197325251002814,-0.0009717777285821461,0.000971777728581924,0.0012957860200802918,-0.0031970951600761646,23.039669036865234
723,2014-11-17,0.8373825616686205,0.8351149979199582,0.8373825616686205,0.8325234876662759,0.027711110127086748,0.001943617243642226,-0.002915456758702306,-0.00388723448728423,-0.0025915102536823165,0.004056148430235135,22.959518432617188
724,2014-11-18,0.8321995411612558,0.8305798086361557,0.8321995411612558,0.8286361913925132,0.01980250631005624,-0.005183020507364633,-0.004535189283802588,-0.005183020507364633,-0.0038872962737627192,-0.00790860381703051,22.83483123779297
725,2014-11-19,0.8315516481512157,0.8299319774125936,0.8315516481512157,0.8289601378975334,0.011796484080945845,-0.0006478930100400904,-0.0006478312235620454,-0.0006478930100400904,0.0003239465050202117,-0.008006022229110394,22.81702041625977
726,2014-11-20,0.8276643518774532,0.8302558621311354,0.8315516481512157,0.8273404671589113,0.08378869060797946,-0.003887296273762497,0.00032388471854183365,0.0,-0.0016196707386221254,0.07199220652703361,22.825925827026367
727,2014-11-21,0.8289601378975334,0.8321995411612558,0.8351149979199582,0.8289601378975334,0.023956073152371252,0.0012957860200801807,0.0019436790301203821,0.0035633497687425075,0.0016196707386221254,-0.05983261745560821,22.87936210632324
728,2014-11-24,0.8347910514149381,0.8286361913925132,0.8364107221535603,0.8276643518774532,0.017845281849178586,0.005830913517404723,-0.0035633497687426186,0.0012957242336020247,-0.0012957860200801807,-0.006110791303192666,22.781394958496094
729,2014-11-25,0.8315516481512157,0.834143158404898,0.8354389444249782,0.8299319774125936,0.11989549661249613,-0.003239403263722407,0.005506967012384845,-0.000971777728582035,0.002267625535140372,0.10205021476331755,22.932796478271484
730,2014-11-26,0.8347910514149381,0.8344671049099182,0.8364107221535603,0.833819211899878,0.07053978656511535,0.003239403263722407,0.0003239465050201007,0.000971777728582035,0.003887234487284341,-0.04935571004738078,22.94170379638672
731,2014-11-28,0.8305798086361557,0.8273404671589113,0.8328473723848178,0.8253967881287909,0.01918257096045698,-0.004211242778782487,-0.007126637751006859,-0.0035633497687425075,-0.00842242377108704,-0.05135721560465837,22.74577522277832
732,2014-12-01,0.8266925741488712,0.8373825616686205,0.8380304546786606,0.8250728416237708,0.056369835717132354,-0.003887234487284452,0.010042094509709165,0.005183082293842789,-0.0003239465050201007,0.03718726475667537,23.0218563079834
733,2014-12-02,0.834143158404898,0.825720734633811,0.8360867756485402,0.8250728416237708,0.0719213567727937,0.007450584256026849,-0.011661827034809447,-0.0019436790301203821,0.0,0.015551521055661342,22.70124244689941
734,2014-12-03,0.8205377141264463,0.8189180433878243,0.8218335001465267,0.8169743643577038,0.033910463623079305,-0.013605444278451784,-0.006802691245986758,-0.014253275502013496,-0.00809847726606705,-0.03801089314971439,22.514217376708984
735,2014-12-04,0.8192419898928444,0.8211856071364865,0.8221573848650685,0.8166504178526839,0.018004693796218395,-0.0012957242336019137,0.0022675637486622158,0.00032388471854183365,-0.00032394650501987865,-0.01590576982686091,22.576560974121094
736,2014-12-05,0.8202137676214264,0.8218335001465267,0.8231292243801287,0.8202137676214264,0.026418102112208297,0.000971777728582035,0.0006478930100402014,0.0009718395150601911,0.0035633497687425075,0.008413408315989902,22.594371795654297
737,2014-12-08,0.8218335001465267,0.8185940968828042,0.8247488951187508,0.817298310862724,0.016428286764380285,0.0016197325251002814,-0.003239403263722518,0.0016196707386221254,-0.002915456758702417,-0.009989815347828012,22.505311965942383
738,2014-12-09,0.8169743643577038,0.8228052778751087,0.8234531708851488,0.8156786401241019,0.022645352698932825,-0.00485913578882291,0.004211180992304553,-0.0012957242336020247,-0.0016196707386221254,0.00621706593455254,22.6210880279541
739,2014-12-10,0.8215095536415065,0.817298310862724,0.8224813313700887,0.8163265331341419,0.07561440021254927,0.004535189283802699,-0.005506967012384734,-0.00097183951506008,0.0006478930100400904,0.052969047513616446,22.469688415527344
740,2014-12-11,0.8150307471140618,0.8153546936190817,0.8179462038727641,0.8124392368603793,0.03486693530531816,-0.006478806527444703,-0.001943617243642226,-0.004535127497324654,-0.0038872962737626082,-0.04074746490723111,22.41625595092773
741,2014-12-12,0.816002586629122,0.8163265331341419,0.8189180433878243,0.8156786401241019,0.027755391223486695,0.0009718395150601911,0.0009718395150601911,0.0009718395150601911,0.003239403263722518,-0.007111544081831466,22.442970275878903
742,2014-12-15,0.8163265331341419,0.8185940968828042,0.8208616606314665,0.8147068006090418,0.042421290351149096,0.00032394650501998967,0.0022675637486622158,0.001943617243642226,-0.00097183951506008,0.014665899127662401,22.505311965942383
743,2014-12-16,0.8156786401241019,0.8124392368603793,0.8179462038727641,0.8114673973453193,0.019846787406456182,-0.0006478930100400904,-0.006154860022424824,-0.002915456758702417,-0.003239403263722518,-0.022574502944692914,22.33609962463379
744,2014-12-17,0.8114673973453193,0.8117913438503394,0.8153546936190817,0.8062843768379547,0.04751361643714298,-0.004211242778782598,-0.0006478930100399793,-0.0025915102536823165,-0.005183020507364522,0.0276668290306868,22.318288803100582
745,2014-12-18,0.8215095536415065,0.8253967881287909,0.825720734633811,0.8185940968828042,0.031846964530841786,0.01004215629618721,0.013605444278451562,0.010366041014729266,0.012309720044849426,-0.015666651906301197,22.692338943481445
746,2014-12-19,0.8215095536415065,0.8241010638951889,0.8250728416237708,0.8195658746113862,0.020688128238055173,0.0,-0.0012957242336020247,-0.0006478930100402014,0.000971777728582035,-0.011158836292786613,22.656713485717773
747,2014-12-22,0.8247488951187508,0.8195658746113862,0.8266925741488712,0.8192419898928444,0.03786033742195457,0.003239341477244362,-0.004535189283802699,0.0016197325251003925,-0.00032388471854183365,0.017172209183899396,22.532032012939453
748,2014-12-23,0.8189180433878243,0.8218335001465267,0.8237771173901688,0.8189180433878243,0.05884957711552938,-0.005830851730926567,0.002267625535140483,-0.002915456758702417,-0.0003239465050201007,0.02098923969357481,22.594371795654297
749,2014-12-24,0.8205377141264463,0.8140589075990016,0.8205377141264463,0.8134110763754395,0.01255811893902493,0.0016196707386220144,-0.007774592547525105,-0.003239403263722518,-0.005506967012384734,-0.046291458176504444,22.38062858581543
750,2014-12-26,0.8143828541040218,0.8166504178526839,0.817298310862724,0.8124392368603793,0.012380994553425144,-0.006154860022424491,0.0025915102536823165,-0.003239403263722296,-0.0009718395150601911,-0.0001771243855997872,22.451875686645508
751,2014-12-29,0.8182701503777843,0.817298310862724,0.8208616606314665,0.816002586629122,0.029172386308284993,0.003887296273762497,0.0006478930100400904,0.0035633497687425075,0.0035633497687426186,0.01679139175485985,22.469688415527344
752,2014-12-30,0.8163265331341419,0.8124392368603793,0.8176222573677441,0.8121152903553593,0.03654076074923615,-0.0019436172436423371,-0.004859074002344643,-0.003239403263722407,-0.0038872962737626082,0.007368374440951158,22.33609962463379
753,2014-12-31,0.8101716731117173,0.8062843768379547,0.8108195661217573,0.8036928665842723,0.05489970331665412,-0.006154860022424602,-0.006154860022424602,-0.006802691245986758,-0.00842242377108704,0.01835894256741797,22.16688346862793
754,2015-01-02,0.8040168130892924,0.7981858995718878,0.8040168130892924,0.7959183358232255,0.023185582075012177,-0.006154860022424935,-0.008098477266066939,-0.006802753032464914,-0.007774530761046838,-0.03171412124164194,21.944238662719727
755,2015-01-05,0.8036928665842723,0.8079041093630549,0.8098477266066971,0.8036928665842723,0.04518443076650578,-0.0003239465050201007,0.00971820979116711,0.005830913517404723,0.007774530761046838,0.021998848691493603,22.21141815185547
756,2015-01-06,0.8137350228804596,0.8134110763754395,0.816002586629122,0.8114673973453193,0.030598237612363282,0.010042156296187321,0.005506967012384623,0.006154860022424824,0.007774530761046949,-0.014586193154142498,22.362817764282227
757,2015-01-07,0.8163265331341419,0.809523780101677,0.8166504178526839,0.809523780101677,0.019775937652216267,0.0025915102536823165,-0.003887296273762497,0.0006478312235619343,-0.001943617243642226,-0.010822299960147014,22.25594711303711
758,2015-01-08,0.8127631833653994,0.8066083233429748,0.816002586629122,0.8062843768379547,0.017597307709338882,-0.0035633497687425075,-0.002915456758702195,-0.0006478312235619343,-0.003239403263722296,-0.002178629942877385,22.175790786743164
759,2015-01-09,0.8079041093630549,0.8046647060993325,0.809199833596657,0.8027210888556904,0.1259088695036089,-0.004859074002344532,-0.0019436172436423371,-0.006802753032464914,-0.0035632879822643515,0.10831156179427003,22.122358322143555
760,2015-01-12,0.8036928665842723,0.7988337925819278,0.8066083233429748,0.7985098460769079,0.028720719125005536,-0.004211242778782598,-0.005830913517404723,-0.0025915102536822054,-0.004211242778782487,-0.09718815037860337,21.96204948425293
761,2015-01-13,0.8046647060993325,0.7910592618208808,0.8046647060993325,0.7900874223058209,0.032165788424921404,0.0009718395150601911,-0.007774530761046949,-0.0019436172436423371,-0.00842242377108704,0.0034450692999158684,21.748306274414062
762,2015-01-14,0.7907353153158608,0.7891156445772386,0.7933268255695431,0.7874959120521384,0.023061595005092327,-0.013929390783471662,-0.001943617243642226,-0.011337880529789346,-0.0025915102536824275,-0.009104193419829078,21.69487190246582
763,2015-01-15,0.7933268255695431,0.7852283483034761,0.7933268255695431,0.7829607845548139,0.02101580835141478,0.0025915102536823165,-0.003887296273762497,0.0,-0.004535127497324543,-0.002045786653677547,21.588001251220703
764,2015-01-16,0.7823128915447739,0.7826368380497939,0.7852283483034761,0.7806932208061517,0.02144976309613426,-0.011013934024769245,-0.0025915102536822054,-0.00809847726606705,-0.0022675637486622158,0.0004339547447194808,21.516752243041992
765,2015-01-20,0.7800453277961115,0.7768059245323892,0.7806932208061517,0.7719468505300444,0.028145064871806225,-0.002267563748662438,-0.005830913517404723,-0.0045351274973244315,-0.008746370276107251,0.006695301775671965,21.356447219848636
766,2015-01-21,0.7774538175424293,0.7722707970350646,0.7774538175424293,0.7716229040250245,0.019731656555816324,-0.0025915102536822054,-0.004535127497324543,-0.003239403263722407,-0.00032394650501987865,-0.008413408315989902,21.231761932373047
767,2015-01-22,0.7738904677736869,0.7687074472663221,0.7748623072887469,0.768383500761302,0.020077049107735907,-0.0035633497687423965,-0.0035633497687425075,-0.0025915102536823165,-0.003239403263722518,0.0003453925519195829,21.13379669189453
768,2015-01-23,0.7619047560203354,0.7606089700002552,0.7628765337489174,0.758989299261633,0.0684142939379179,-0.011985711753351502,-0.008098477266066939,-0.011985773539829547,-0.009394201499668964,0.048337244830181994,20.91114616394043
769,2015-01-26,0.7622287025253555,0.7619047560203354,0.7641723197689977,0.758017459746573,0.057237745206571315,0.0003239465050201007,0.0012957860200801807,0.0012957860200802918,-0.00097183951506008,-0.011176548731346582,20.94677352905273
770,2015-01-27,0.7625526490303756,0.7619047560203354,0.7648202127790377,0.7593132457666532,0.24845237568082185,0.0003239465050201007,0.0,0.0006478930100399793,0.0012957860200801807,0.19121463047425052,20.94677352905273
771,2015-01-28,0.7625526490303756,0.758017459746573,0.7628765337489174,0.7567217355129707,0.24227073462338927,0.0,-0.003887296273762386,-0.001943679030120271,-0.0025915102536824275,-0.006181641057432574,20.839902877807617
772,2015-01-29,0.7551020029878706,0.7515387150056062,0.7570456820179908,0.7495950359754859,0.017544170393658947,-0.007450646042505005,-0.006478744740966769,-0.005830851730926567,-0.007126699537484793,-0.22472656422973034,20.661785125732425
773,2015-01-30,0.752186546229168,0.7495950359754859,0.7525104927341882,0.7453838549831815,0.031262454058362484,-0.002915456758702528,-0.001943679030120271,-0.004535189283802588,-0.004211180992304442,0.013718283664703537,20.608348846435547
774,2015-02-02,0.7476514187318435,0.742144451719459,0.7512147685005861,0.7411726122043988,0.02994287738564407,-0.004535127497324543,-0.00745058425602696,-0.0012957242336021357,-0.004211242778782709,-0.001319576672718415,20.40351104736328
775,2015-02-03,0.7460317479932216,0.7528344392392082,0.7570456820179908,0.7457078014882015,0.11134924500730638,-0.0016196707386219034,0.010689987519749256,0.005830913517404723,0.004535189283802699,0.08140636762166231,20.697404861450195
776,2015-02-04,0.7551020029878706,0.7495950359754859,0.7612568630102953,0.7489472047519239,0.037984324491874416,0.009070254994648974,-0.003239403263722296,0.004211180992304442,0.003239403263722407,-0.07336492051543196,20.608348846435547
777,2015-02-05,0.7492710894704658,0.752186546229168,0.7528344392392082,0.7486232582469037,0.01906744010981712,-0.005830913517404723,0.0025915102536820944,-0.00842242377108704,-0.0003239465050202117,-0.018916884382057297,20.679594039916992
778,2015-02-06,0.7560738425029306,0.758017459746573,0.758341406251593,0.7525104927341882,0.027100030996767478,0.006802753032464803,0.005830913517404945,0.005506967012384734,0.0038872344872845632,0.00803259088695036,20.839902877807617
779,2015-02-09,0.7570456820179908,0.7648202127790377,0.7648202127790377,0.7560738425029306,0.05164061462161803,0.0009718395150601911,0.006802753032464692,0.006478806527444703,0.0035633497687423965,0.02454058362485055,21.02692413330078
780,2015-02-10,0.7635244267589575,0.7557498959979105,0.7635244267589575,0.7547780564828505,0.034238143736438915,0.006478744740966658,-0.00907031678112713,-0.0012957860200801807,-0.0012957860200801807,-0.017402470885179114,20.777559280395508
781,2015-02-11,0.7541302252592885,0.7525104927341882,0.7554259494928905,0.7515387150056062,0.010388345215427534,-0.009394201499668964,-0.003239403263722296,-0.008098477266066939,-0.003239341477244251,-0.023849798521011382,20.688501358032227
782,2015-02-12,0.7541302252592885,0.7567217355129707,0.758341406251593,0.7534823322492485,0.01610946287030067,0.0,0.004211242778782487,0.002915456758702417,0.0019436172436423371,0.005721117654873136,20.804277420043945
783,2015-02-13,0.7599610769902151,0.7635244267589575,0.7651441592840579,0.7599610769902151,0.022423947216933093,0.005830851730926567,0.006802691245986758,0.006802753032464914,0.006478744740966547,0.006314484346632423,20.99130249023437
784,2015-02-17,0.7625526490303756,0.7632004802539375,0.7654680440025997,0.757693513241553,0.020085905327015898,0.0025915720401604725,-0.00032394650501998967,0.00032388471854183365,-0.0022675637486621048,-0.0023380418899171945,20.982397079467773
785,2015-02-18,0.7612568630102953,0.757693513241553,0.7622287025253555,0.7557498959979105,0.017189921622459373,-0.0012957860200802918,-0.005506967012384512,-0.003239341477244251,-0.0019436172436424481,-0.0028959837045565255,20.830995559692383
786,2015-02-19,0.7557498959979105,0.7563977890079507,0.7596371922716731,0.7551020029878706,0.013629721471903644,-0.005506967012384734,-0.0012957242336022468,-0.0025915102536823165,-0.0006478930100399793,-0.003560200150555729,20.795372009277344
787,2015-02-20,0.7551020029878706,0.749918982480506,0.7551020029878706,0.7495950359754859,0.01692423504405969,-0.0006478930100399793,-0.006478806527444703,-0.004535189283802588,-0.005506967012384623,0.0032945135721560454,20.61725234985352
788,2015-02-23,0.7476514187318435,0.7444120154681212,0.7489472047519239,0.7440880689631011,0.022237966612053316,-0.007450584256027071,-0.005506967012384845,-0.006154798235946668,-0.005506967012384845,0.0053137315679936264,20.465850830078125
789,2015-02-24,0.7466795792167835,0.7460317479932216,0.750566875490546,0.7453838549831815,0.024788557764690255,-0.000971839515059969,0.0016197325251003925,0.0016196707386221254,0.0012957860200804028,0.002550591152636939,20.51038360595703
790,2015-02-25,0.7440880689631011,0.7395529414657765,0.7489472047519239,0.7372853777171146,0.056848071558251785,-0.0025915102536824275,-0.006478806527445036,-0.0016196707386221254,-0.008098477266066939,0.032059513793561534,20.332263946533203
791,2015-02-26,0.7395529414657765,0.7437641224580811,0.7437641224580811,0.7379332707271545,0.02763140415356684,-0.004535127497324543,0.004211180992304553,-0.005183082293842789,0.0006478930100399793,-0.029216667404684944,20.448041915893555
792,2015-02-27,0.7444120154681212,0.7473274722268236,0.7492710894704658,0.7418205052144391,0.01607403799318071,0.004859074002344643,0.0035633497687425075,0.005506967012384734,0.0038872344872845632,-0.011557366160386131,20.54600715637207
793,2015-03-02,0.7466795792167835,0.7411726122043988,0.7482993117418838,0.7405247809808367,0.027011468803967587,0.002267563748662327,-0.006154860022424824,-0.000971777728582035,-0.0012957242336023578,0.010937430810786877,20.376789093017575
794,2015-03-03,0.7395529414657765,0.7356656451920142,0.7405247809808367,0.734369920958412,0.04789443386618253,-0.00712663775100697,-0.005506967012384623,-0.00777453076104706,-0.006154860022424713,0.02088296506221494,20.225391387939453
795,2015-03-04,0.7314544641997096,0.7369614312120943,0.7385811019507165,0.7288629539460274,0.026435814550768277,-0.008098477266066939,0.0012957860200801807,-0.001943679030120271,-0.005506967012384623,-0.021458619315414252,20.26101493835449
796,2015-03-05,0.7382572172321746,0.7321023572097498,0.7382572172321746,0.7314544641997096,0.01582606385334101,0.006802753032465025,-0.004859074002344532,-0.00032388471854183365,0.0025915102536822054,-0.010609750697427266,20.127426147460938
797,2015-03-06,0.7298347934610876,0.7317784107047298,0.7324263037147698,0.7282150609359873,0.03228977549484125,-0.00842242377108704,-0.00032394650501998967,-0.005830913517404834,-0.003239403263722296,0.01646371164150024,20.118520736694336
798,2015-03-09,0.7333980814433521,0.7314544641997096,0.7346938674634321,0.7308065711896696,0.012265863702785281,0.0035632879822644625,-0.0003239465050202117,0.002267563748662327,0.0025915102536823165,-0.020023911792055968,20.10961532592773
799,2015-03-10,0.7275671679259472,0.7272432832074053,0.7288629539460274,0.7256235506823051,0.03174068989948191,-0.005830913517404834,-0.004211180992304331,-0.005830913517404723,-0.005183020507364522,0.019474826196696625,19.993837356567383
800,2015-03-11,0.7282150609359873,0.7259474971873251,0.7298347934610876,0.725299604177285,0.009679847673028385,0.0006478930100400904,-0.0012957860200801807,0.0009718395150601911,-0.0003239465050201007,-0.022060842226453523,19.958213806152344
801,2015-03-12,0.7272432832074053,0.7259474971873251,0.7285390074410073,0.7214123696900006,0.015764070318381083,-0.000971777728582035,0.0,-0.0012957860200802918,-0.003887234487284452,0.006084222645352699,19.958213806152344
802,2015-03-13,0.7236799334386628,0.7149335631625557,0.7236799334386628,0.7136378389289536,0.023052738785812335,-0.0035633497687425075,-0.011013934024769356,-0.004859074002344532,-0.007774530761046949,0.007288668467431252,19.65541076660156
803,2015-03-16,0.717849019921258,0.7210884231849806,0.7217363161950207,0.7159054026776159,0.016445999202940265,-0.005830913517404723,0.006154860022424824,-0.001943617243642115,0.002267563748662327,-0.00660673958287207,19.82462310791016
804,2015-03-17,0.7172011269112181,0.7152575096675756,0.7191448059413383,0.7142856701525157,0.01776557587565868,-0.0006478930100399793,-0.005830913517404945,-0.0025915102536823165,-0.0016197325251002814,0.001319576672718415,19.6643180847168
805,2015-03-18,0.7159054026776159,0.7240038799436829,0.724651772953723,0.7126659994138934,0.2485143692157818,-0.0012957242336021357,0.008746370276107251,0.005506967012384623,-0.0016196707386222364,0.2307487933401231,19.90477752685547
806,2015-03-19,0.725299604177285,0.7210884231849806,0.7256235506823051,0.7191448059413383,0.016561130053580127,0.009394201499669075,-0.002915456758702306,0.0009717777285821461,0.006478806527444925,-0.23195323916220167,19.82462310791016
807,2015-03-20,0.7240038799436829,0.7304826246846495,0.7317784107047298,0.7240038799436829,0.023344994022051986,-0.0012957242336021357,0.009394201499668964,0.006154860022424713,0.004859074002344532,0.006783863968471859,20.082895278930664
808,2015-03-23,0.733722027948372,0.7366374847070744,0.7369614312120943,0.7330741349383318,0.027321436478767214,0.009718148004689176,0.006154860022424824,0.005183020507364522,0.009070254994648974,0.003976442456715228,20.25210952758789
809,2015-03-24,0.7314544641997096,0.7324263037147698,0.7330741349383318,0.7288629539460274,0.0213346322454944,-0.002267563748662438,-0.004211180992304553,-0.003887296273762497,-0.004211180992304442,-0.005986804233272816,20.13633346557617
810,2015-03-25,0.7330741349383318,0.7304826246846495,0.734045974453392,0.7301587399661077,0.019997343134216004,0.0016196707386222364,-0.001943679030120271,0.0009718395150601911,0.0012957860200802918,-0.0013372891112783947,20.082895278930664
811,2015-03-26,0.7314544641997096,0.725299604177285,0.7324263037147698,0.7249756576722649,0.01567550812558119,-0.0016196707386222364,-0.005183020507364522,-0.0016196707386222364,-0.005183082293842789,-0.004321835008634815,19.940399169921875
812,2015-03-27,0.7240038799436829,0.7230320404286227,0.7259474971873251,0.7227080939236026,0.012628968693264846,-0.007450584256026738,-0.002267563748662327,-0.006478806527444703,-0.002267563748662327,-0.0030465394323163433,19.878061294555664
813,2015-03-30,0.7220602627000406,0.7236799334386628,0.7272432832074053,0.7217363161950207,0.017455608200859053,-0.001943617243642226,0.0006478930100400904,0.0012957860200801807,-0.000971777728581924,0.004826639507594207,19.895872116088867
814,2015-03-31,0.7240038799436829,0.7172011269112181,0.7278911144309671,0.7168771804061979,0.02157375016605411,0.001943617243642226,-0.006478806527444703,0.0006478312235618233,-0.004859135788822799,0.004118141965195058,19.71775245666504
815,2015-04-01,0.7184969129312982,0.7259474971873251,0.7282150609359873,0.7175250734162382,0.029322942036044814,-0.005506967012384623,0.00874637027610703,0.0003239465050202117,0.0006478930100403124,0.0077491918699907035,19.958213806152344
816,2015-04-02,0.7295108469560675,0.7366374847070744,0.7382572172321746,0.7295108469560675,0.030093433113403886,0.011013934024769245,0.010689987519749256,0.010042156296187321,0.011985773539829325,0.0007704910773590722,20.25210952758789
817,2015-04-06,0.7402008344758167,0.7350178139684522,0.7411726122043988,0.7346938674634321,0.03540716468139751,0.010689987519749256,-0.0016196707386221254,0.00291539497222415,0.005183020507364633,0.0053137315679936264,20.207578659057617
818,2015-04-07,0.7333980814433521,0.7330741349383318,0.7363135382020543,0.7314544641997096,0.016428286764380285,-0.006802753032464692,-0.0019436790301203821,-0.004859074002344532,-0.003239403263722518,-0.018978877917017228,20.154142379760746
819,2015-04-08,0.7350178139684522,0.7291869004510476,0.7350178139684522,0.7272432832074053,0.008439976973829873,0.0016197325251001704,-0.00388723448728423,-0.0012957242336020247,-0.004211180992304331,-0.007988309790550412,20.047269821166992
820,2015-04-09,0.7262714436923451,0.7269193367023852,0.7275671679259472,0.7220602627000406,0.014063676216623123,-0.00874637027610714,-0.002267563748662438,-0.007450646042505005,-0.005183020507364633,0.00562369924279325,19.98493194580078
821,2015-04-10,0.7233559869336427,0.7230320404286227,0.7249756576722649,0.7223841474185826,0.009830403400788203,-0.002915456758702417,-0.003887296273762497,-0.0025915102536823165,0.00032388471854194467,-0.00423327281583492,19.878061294555664
822,2015-04-13,0.7207644766799605,0.7168771804061979,0.7223841474185826,0.716553295687656,0.022937607935172476,-0.0025915102536822054,-0.006154860022424824,-0.0025915102536823165,-0.005830851730926567,0.013107204534384274,19.708845138549805
823,2015-04-14,0.7201165836699204,0.7214123696900006,0.7233559869336427,0.7181729664262781,0.03655847318779613,-0.0006478930100400904,0.004535189283802699,0.00097183951506008,0.0016196707386221254,0.01362086525262365,19.83353042602539
824,2015-04-15,0.7217363161950207,0.7197926371649002,0.7243278264487027,0.7184969129312982,0.015445246424301467,0.0016197325251002814,-0.0016197325251003925,0.00097183951506008,0.0003239465050201007,-0.021113226763494662,19.78899955749512
825,2015-04-16,0.7236799334386628,0.7249756576722649,0.7259474971873251,0.7223841474185826,0.024009210468051188,0.001943617243642115,0.005183020507364744,0.0016196707386223475,0.003887234487284341,0.008563964043749721,19.931493759155277
826,2015-04-17,0.7256235506823051,0.7207644766799605,0.7275671679259472,0.7207644766799605,0.05590045609529292,0.0019436172436423371,-0.004211180992304442,0.0016196707386221254,-0.0016196707386221254,0.03189124562724173,19.815717697143555
827,2015-04-20,0.7168771804061979,0.7149335631625557,0.717849019921258,0.7139617854339737,0.015170703626621795,-0.008746370276107251,-0.005830913517404723,-0.009718148004689176,-0.006802691245986758,-0.040729752468671124,19.65541076660156
828,2015-04-21,0.7133138924239336,0.7159054026776159,0.7162293491826358,0.7113702133938132,0.04075632112651109,-0.0035632879822642405,0.0009718395150601911,-0.0016196707386222364,-0.0025915720401604725,0.025585617499889295,19.682130813598636
829,2015-04-22,0.7162293491826358,0.7136378389289536,0.717849019921258,0.7129899459189136,0.03861311606075366,0.002915456758702195,-0.002267563748662327,0.0016196707386222364,0.0016197325251003925,-0.0021432050657574295,19.619787216186523
830,2015-04-23,0.7181729664262781,0.7217363161950207,0.7259474971873251,0.7181729664262781,0.023362706460611966,0.0019436172436423371,0.00809847726606705,0.00809847726606705,0.005183020507364522,-0.015250409600141696,19.842437744140625
831,2015-04-24,0.7249756576722649,0.7240038799436829,0.725299604177285,0.7204405301749404,0.02967719080724439,0.006802691245986758,0.0022675637486622158,-0.0006478930100400904,0.0022675637486622158,0.006314484346632423,19.90477752685547
832,2015-04-27,0.7214123696900006,0.7197926371649002,0.7214123696900006,0.7181729664262781,0.01680910419341983,-0.0035632879822643515,-0.004211242778782709,-0.003887234487284452,-0.0022675637486622158,-0.012868086613824558,19.78899955749512
833,2015-04-28,0.7214123696900006,0.7204405301749404,0.7233559869336427,0.7188208594363182,0.023238719390692112,0.0,0.0006478930100402014,0.001943617243642115,0.0006478930100400904,0.0064296151972722815,19.80681037902832
834,2015-04-29,0.7197926371649002,0.7249756576722649,0.7259474971873251,0.7181729664262781,0.02496568215029004,-0.0016197325251003925,0.004535127497324543,0.0025915102536824275,-0.0006478930100400904,0.0017269627595979282,19.931493759155277
835,2015-04-30,0.7288629539460274,0.7220602627000406,0.7295108469560675,0.7188208594363182,0.01976708143293628,0.009070316781127241,-0.002915394972224261,0.0035633497687423965,0.0006478930100400904,-0.005198600717353761,19.851343154907227
836,2015-05-01,0.7197926371649002,0.7133138924239336,0.7207644766799605,0.7103984356652312,0.03746180755435505,-0.009070316781127241,-0.00874637027610703,-0.00874637027610703,-0.00842242377108704,0.01769472612141877,19.61087989807129
837,2015-05-04,0.7107223821702513,0.7116941598988332,0.7129899459189136,0.7091026496451511,0.031147323207722625,-0.009070254994648863,-0.0016197325251003925,-0.007774530761046838,-0.0012957860200800697,-0.006314484346632423,19.56635284423828
838,2015-05-05,0.7133138924239336,0.7162293491826358,0.7162293491826358,0.7113702133938132,0.014178807067262985,0.0025915102536823165,0.004535189283802588,0.003239403263722185,0.0022675637486621048,-0.01696851614045964,19.691036224365234
839,2015-05-06,0.7184969129312982,0.7188208594363182,0.7220602627000406,0.7159054026776159,0.0795022804764646,0.005183020507364633,0.0025915102536824275,0.005830913517404834,0.004535189283802699,0.06532347340920161,19.762283325195312
840,2015-05-07,0.717849019921258,0.7162293491826358,0.7194686906598802,0.7136378389289536,0.018704335119337556,-0.0006478930100402014,-0.0025915102536824275,-0.0025915720401604725,-0.002267563748662327,-0.06079794535712704,19.691036224365234
841,2015-05-08,0.7207644766799605,0.7243278264487027,0.7243278264487027,0.717849019921258,0.015985475800380816,0.002915456758702417,0.008098477266066939,0.004859135788822577,0.004211180992304442,-0.00271885931895674,19.91368293762207
842,2015-05-11,0.724651772953723,0.724651772953723,0.7259474971873251,0.7233559869336427,0.02807421511756631,0.003887296273762497,0.0003239465050202117,0.0016196707386223475,0.005506967012384623,0.012088739317185494,19.922588348388672
843,2015-05-12,0.7233559869336427,0.7262714436923451,0.7285390074410073,0.7230320404286227,0.04661028207058407,-0.0012957860200802918,0.0016196707386221254,0.0025915102536822054,-0.00032394650501998967,0.01853606695301776,19.967117309570312
844,2015-05-13,0.7265953901973652,0.725299604177285,0.7275671679259472,0.7197926371649002,0.06418987734136297,0.003239403263722518,-0.00097183951506008,-0.00097183951506008,-0.003239403263722518,0.017579595270778903,19.940399169921875
845,2015-05-14,0.7278911144309671,0.735989591697034,0.735989591697034,0.7272432832074053,0.07790816100606651,0.0012957242336019137,0.010689987519749033,0.008422423771086818,0.007450646042505116,0.01371828366470354,20.234298706054688
846,2015-05-15,0.735989591697034,0.7350178139684522,0.7369614312120943,0.7324263037147698,0.060098304034007885,0.008098477266066939,-0.000971777728581813,0.0009718395150603021,0.005183020507364522,-0.017809856972058627,20.207578659057617
847,2015-05-18,0.7369614312120943,0.7366374847070744,0.7385811019507165,0.7346938674634321,0.04038435991675154,0.0009718395150603021,0.0016196707386221254,0.0016196707386221254,0.002267563748662327,-0.019713944117256348,20.25210952758789
848,2015-05-19,0.733722027948372,0.7301587399661077,0.7353417604734722,0.7272432832074053,0.09681618916884382,-0.003239403263722296,-0.006478744740966658,-0.003239341477244251,-0.007450584256026849,0.05643182925209229,20.073989868164062
849,2015-05-20,0.7285390074410073,0.7269193367023852,0.7285390074410073,0.7243278264487027,0.02511623787804986,-0.005183020507364744,-0.003239403263722518,-0.006802753032464914,-0.002915456758702528,-0.07169995129079396,19.98493194580078
850,2015-05-21,0.7269193367023852,0.7265953901973652,0.7295108469560675,0.7262714436923451,0.017809856972058627,-0.0016196707386221254,-0.00032394650501998967,0.0009718395150601911,0.0019436172436423371,-0.007306380905991235,19.97602653503418
851,2015-05-22,0.7259474971873251,0.7201165836699204,0.7265953901973652,0.7201165836699204,0.022477084532613028,-0.00097183951506008,-0.006478806527444814,-0.002915456758702306,-0.006154860022424713,0.004667227560554401,19.79790687561035
852,2015-05-26,0.717849019921258,0.7120181064038533,0.717849019921258,0.7116941598988332,0.03789576229907453,-0.00809847726606705,-0.00809847726606705,-0.00874637027610714,-0.00842242377108715,0.0154186777664615,19.575258255004883
853,2015-05-27,0.7091026496451511,0.7084548184215891,0.7129899459189136,0.7071590324015087,0.03145729088252225,-0.008746370276106918,-0.0035632879822642405,-0.004859074002344421,-0.004535127497324543,-0.00643847141655228,19.477293014526367
854,2015-05-28,0.7110463286752713,0.7120181064038533,0.7126659994138934,0.7074829789065289,0.03224549439844131,0.00194367903012016,0.0035632879822642405,-0.0003239465050202117,0.0003239465050202117,0.0007882035159190587,19.575258255004883
855,2015-05-29,0.7113702133938132,0.7071590324015087,0.7139617854339737,0.7061871928864486,0.02155603772749413,0.00032388471854194467,-0.004859074002344643,0.0012957860200802918,-0.0012957860200802918,-0.010689456670947176,19.441669464111328
856,2015-06-01,0.7094265961501711,0.7129899459189136,0.7149335631625557,0.7074829789065289,0.0221671168578134,-0.001943617243642115,0.005830913517404945,0.000971777728582035,0.0012957860200802918,0.0006110791303192697,19.60197639465332
857,2015-06-02,0.7194686906598802,0.7230320404286227,0.7233559869336427,0.7172011269112181,0.052499667891777,0.010042094509709054,0.010042094509709054,0.008422423771086929,0.009718148004689176,0.0303325510339636,19.878061294555664
858,2015-06-03,0.7223841474185826,0.7204405301749404,0.7272432832074053,0.7197926371649002,0.034131869105079045,0.002915456758702417,-0.0025915102536823165,0.0038872962737626082,0.0025915102536820944,-0.018367798786697954,19.80681037902832
859,2015-06-04,0.7210884231849806,0.724651772953723,0.7259474971873251,0.7210884231849806,0.022654208918212813,-0.0012957242336020247,0.004211242778782598,-0.0012957860200801807,0.0012957860200804028,-0.011477660186866231,19.922588348388672
860,2015-06-05,0.7220602627000406,0.7210884231849806,0.7275671679259472,0.7194686906598802,0.032706017801000756,0.00097183951506008,-0.0035633497687423965,0.0016196707386221254,-0.0016197325251003925,0.010051808882787942,19.82462310791016
861,2015-06-08,0.7243278264487027,0.7275671679259472,0.7282150609359873,0.7240038799436829,0.027560554399326927,0.0022675637486621048,0.006478744740966658,0.0006478930100400904,0.004535189283802699,-0.005145463401673829,20.002742767333984
862,2015-06-09,0.7259474971873251,0.7282150609359873,0.7308065711896696,0.7259474971873251,0.03610680600451667,0.0016196707386223475,0.0006478930100400904,0.0025915102536823165,0.001943617243642226,0.008546251605189743,20.020553588867188
863,2015-06-10,0.7330741349383318,0.7240038799436829,0.7333980814433521,0.7227080939236026,0.08235398308462118,0.007126637751006748,-0.004211180992304442,0.0025915102536824275,-0.003239403263722518,0.04624717708010451,19.90477752685547
864,2015-06-11,0.7184969129312982,0.7142856701525157,0.7197926371649002,0.7136378389289536,0.038196873754594164,-0.014577222007033597,-0.00971820979116722,-0.013605444278451895,-0.009070254994648974,-0.04415710933002701,19.637598037719727
865,2015-06-12,0.7155814561725958,0.7120181064038533,0.7155814561725958,0.7113702133938132,0.02439888411637072,-0.002915456758702417,-0.002267563748662327,-0.004211180992304331,-0.002267625535140372,-0.013797989638223443,19.575258255004883
866,2015-06-15,0.7087787031401309,0.7042435756428065,0.7087787031401309,0.7029478514092043,0.036159943320196605,-0.006802753032464914,-0.007774530761046838,-0.006802753032464914,-0.008422361984608884,0.011761059203825884,19.361515045166016
867,2015-06-16,0.7084548184215891,0.7097505426551911,0.7126659994138934,0.7058633081679068,0.020865252623654962,-0.00032388471854183365,0.005506967012384623,0.003887296273762497,0.002915456758702417,-0.015294690696541643,19.512914657592773
868,2015-06-17,0.7107223821702513,0.7120181064038533,0.7146096166575356,0.7103984356652312,0.024753132887570296,0.0022675637486622158,0.0022675637486622158,0.001943617243642226,0.0045351274973244315,0.003887880263915334,19.575258255004883
869,2015-06-18,0.7133138924239336,0.7116941598988332,0.7142856701525157,0.7113702133938132,0.010290926803347651,0.0025915102536823165,-0.0003239465050201007,-0.00032394650501998967,0.000971777728582035,-0.014462206084222645,19.56635284423828
870,2015-06-19,0.7100744891602112,0.7081308719165689,0.7103984356652312,0.7052154151578666,0.03907363946331311,-0.003239403263722407,-0.0035632879822643515,-0.003887234487284452,-0.006154798235946668,0.02878271265996546,19.46838760375977
871,2015-06-22,0.7126659994138934,0.7168771804061979,0.717849019921258,0.7103984356652312,0.03202408891644157,0.0025915102536822054,0.008746308489628984,0.007450584256026849,0.005183020507364633,-0.007049550546871543,19.708845138549805
872,2015-06-23,0.7184969129312982,0.7191448059413383,0.7217363161950207,0.7149335631625557,0.1104193419829075,0.005830913517404834,0.002267625535140483,0.0038872962737626082,0.004535127497324543,0.07839525306646593,19.771188735961918
873,2015-06-24,0.7194686906598802,0.7217363161950207,0.7256235506823051,0.7194686906598802,0.03306026657220033,0.000971777728581924,0.0025915102536823165,0.003887234487284452,0.0045351274973244315,-0.07735907541070716,19.842437744140625
874,2015-06-25,0.7210884231849806,0.7259474971873251,0.7262714436923451,0.7201165836699204,0.05603329938449276,0.0016197325251003925,0.004211180992304442,0.0006478930100399793,0.0006478930100402014,0.022973032812292432,19.958213806152344
875,2015-06-26,0.734369920958412,0.7356656451920142,0.7382572172321746,0.7321023572097498,0.05790196165257052,0.013281497773431461,0.009718148004689064,0.011985773539829547,0.011985773539829436,0.0018686622680777615,20.225391387939453
876,2015-06-29,0.7382572172321746,0.7392289949607567,0.7431162912345192,0.7366374847070744,0.052703360935216756,0.0038872962737626082,0.0035633497687425075,0.004859074002344532,0.004535127497324543,-0.005198600717353764,20.323354721069336
877,2015-06-30,0.7385811019507165,0.7563977890079507,0.7567217355129707,0.7363135382020543,0.1119248992605057,0.00032388471854183365,0.01716879404719407,0.013605444278451562,-0.0003239465050201007,0.05922153832528894,20.795372009277344
878,2015-07-01,0.7531583857442283,0.7538062787542684,0.7541302252592885,0.7482993117418838,0.09769295487756277,0.014577283793511864,-0.0025915102536823165,-0.0025915102536822054,0.011985773539829547,-0.014231944382942924,20.7241268157959
879,2015-07-02,0.7508908219955661,0.7538062787542684,0.757693513241553,0.7508908219955661,0.07073462338927512,-0.0022675637486622158,0.0,0.0035632879822644625,0.0025915102536823165,-0.02695833148828765,20.7241268157959
880,2015-07-06,0.749918982480506,0.7515387150056062,0.7541302252592885,0.7489472047519239,0.05698091484745162,-0.00097183951506008,-0.0022675637486622158,-0.0035632879822644625,-0.001943617243642226,-0.0137537085418235,20.661785125732425
881,2015-07-07,0.7482993117418838,0.7457078014882015,0.7492710894704658,0.7405247809808367,0.06898994819111721,-0.0016196707386222364,-0.005830913517404723,-0.004859135788822688,-0.00842242377108715,0.012009033343665591,20.50147819519043
882,2015-07-08,0.7437641224580811,0.7427923447294991,0.7489472047519239,0.742144451719459,0.03538945224283753,-0.004535189283802699,-0.002915456758702417,-0.00032388471854194467,0.0016196707386222364,-0.033600495948279685,20.42132377624512
883,2015-07-09,0.7444120154681212,0.742144451719459,0.7473274722268236,0.742144451719459,0.0311650356462826,0.0006478930100400904,-0.0006478930100400904,-0.0016197325251002814,0.0,-0.004224416596554929,20.40351104736328
884,2015-07-10,0.7473274722268236,0.7473274722268236,0.752186546229168,0.7431162912345192,0.03375990789531949,0.002915456758702417,0.005183020507364633,0.004859074002344421,0.0009718395150601911,0.00259487224903689,20.54600715637207
885,2015-07-13,0.7473274722268236,0.7508908219955661,0.7512147685005861,0.7453838549831815,0.07635832263206838,0.0,0.0035633497687425075,-0.000971777728581924,0.002267563748662327,0.042598414736748885,20.643970489501957
886,2015-07-14,0.7563977890079507,0.7525104927341882,0.758017459746573,0.751862599724148,0.027480848425807024,0.00907031678112713,0.0016196707386221254,0.006802691245986869,0.006478744740966547,-0.04887747420626135,20.688501358032227
887,2015-07-15,0.7482993117418838,0.7482993117418838,0.7502429289855259,0.7447359619731413,0.04014524199619183,-0.008098477266066939,-0.004211180992304442,-0.00777453076104706,-0.007126637751006748,0.012664393570384805,20.572723388671875
888,2015-07-16,0.7492710894704658,0.7434402377395393,0.7508908219955661,0.7434402377395393,0.037842624983394586,0.000971777728582035,-0.004859074002344532,0.0006478930100402014,-0.0012957242336020247,-0.0023026170127972423,20.439136505126957
889,2015-07-17,0.7392289949607567,0.7372853777171146,0.7398768879707968,0.7356656451920142,0.0568303591196918,-0.010042094509709165,-0.006154860022424713,-0.011013934024769356,-0.007774592547525105,0.018987734136297216,20.269922256469727
890,2015-07-20,0.7301587399661077,0.7259474971873251,0.7321023572097498,0.7256235506823051,0.05936323783376876,-0.009070254994648974,-0.011337880529789457,-0.007774530761046949,-0.010042094509709054,0.0025328787140769596,19.958213806152344
891,2015-07-21,0.724651772953723,0.7220602627000406,0.7275671679259472,0.7220602627000406,0.04115485099411061,-0.005506967012384734,-0.003887234487284452,-0.004535189283802588,-0.0035632879822644625,-0.01820838683965815,19.851343154907227
892,2015-07-22,0.7181729664262781,0.717849019921258,0.7240038799436829,0.7168771804061979,0.038869946419873354,-0.006478806527444814,-0.004211242778782598,-0.0035632879822643515,-0.005183082293842789,-0.0022849045742372592,19.735565185546875
893,2015-07-23,0.7181729664262781,0.7139617854339737,0.7181729664262781,0.7120181064038533,0.10157197892219812,0.0,-0.003887234487284341,-0.005830913517404723,-0.004859074002344532,0.06270203250232476,19.628692626953125
894,2015-07-24,0.7097505426551911,0.7029478514092043,0.7097505426551911,0.7029478514092043,0.04357259885754771,-0.00842242377108704,-0.011013934024769356,-0.00842242377108704,-0.009070254994648974,-0.057999380064650406,19.325891494750977
895,2015-07-27,0.6984126621254018,0.6909620778693747,0.6997084481454819,0.6909620778693747,0.06661648142408005,-0.011337880529789346,-0.011985773539829658,-0.010042094509709165,-0.011985773539829658,0.023043882566532344,18.99637222290039
896,2015-07-28,0.6961450983767394,0.6990605551354417,0.6993845016404618,0.6935535881230571,0.045060443696585926,-0.002267563748662327,0.00809847726606705,-0.0003239465050201007,0.0025915102536824275,-0.021556037727494128,19.219017028808597
897,2015-07-29,0.7000323946505019,0.6980887156203817,0.7019760118941442,0.6971169378917996,0.04181906744010982,0.003887296273762497,-0.00097183951506008,0.0025915102536823165,0.0035633497687425075,-0.0032413762564761084,19.19230079650879
898,2015-07-30,0.7029478514092043,0.6997084481454819,0.7042435756428065,0.6990605551354417,0.021830580525173802,0.002915456758702417,0.0016197325251002814,0.002267563748662327,0.001943617243642115,-0.019988486914936016,19.23683357238769
899,2015-07-31,0.7022999583991643,0.6951732588616792,0.7026239049041844,0.6945254276381173,0.021635743701014037,-0.0006478930100400904,-0.004535189283802699,-0.0016196707386221254,-0.0045351274973244315,-0.00019483682415976505,19.11214637756348
900,2015-08-03,0.6896663536357728,0.6935535881230571,0.6948493741431374,0.6893424071307527,0.07825355355798609,-0.012633604763391482,-0.0016196707386221254,-0.007774530761046949,-0.005183020507364633,0.056617809856972054,19.06761932373047
901,2015-08-04,0.6954972053666992,0.6964690448817595,0.6984126621254018,0.6948493741431374,0.02319443829429217,0.005830851730926456,0.002915456758702417,0.0035632879822643515,0.005506967012384734,-0.05505911526369392,19.14777374267578
902,2015-08-05,0.6951732588616792,0.6971169378917996,0.6974408843968197,0.6945254276381173,0.019651950582296417,-0.00032394650501998967,0.0006478930100400904,-0.000971777728582035,-0.0003239465050201007,-0.003542487711995751,19.165584564208984
903,2015-08-06,0.6964690448817595,0.6912860243743949,0.6971169378917996,0.6909620778693747,0.018004693796218395,0.0012957860200802918,-0.005830913517404723,-0.0003239465050201007,-0.0035633497687426186,-0.0016472567860780218,19.00527572631836
904,2015-08-07,0.6919339173844349,0.6964690448817595,0.6974408843968197,0.6919339173844349,0.015586945932781296,-0.004535127497324654,0.005183020507364633,0.0003239465050201007,0.0009718395150601911,-0.002417747863437099,19.14777374267578
905,2015-08-10,0.6980887156203817,0.7078069254115489,0.7078069254115489,0.6980887156203817,0.04754904131426294,0.006154798235946779,0.011337880529789346,0.010366041014729155,0.006154798235946779,0.03196209538148165,19.459482192993164
906,2015-08-11,0.7039196291377864,0.7013281188841042,0.7039196291377864,0.6974408843968197,0.028968693264845236,0.005830913517404723,-0.006478806527444703,-0.003887296273762497,-0.0006478312235619343,-0.018580348049417706,19.281360626220703
907,2015-08-12,0.700356341155522,0.6838354401183679,0.7016520653891242,0.6809199833596657,0.0896692202098924,-0.0035632879822643515,-0.017492678765736236,-0.0022675637486622158,-0.01652090103715398,0.06070052694504717,18.800439834594727
908,2015-08-13,0.6867508968770705,0.6929056951130171,0.6929056951130171,0.6851311643519703,0.0520834255856175,-0.013605444278451562,0.009070254994649196,-0.00874637027610703,0.004211180992304553,-0.0375857946242749,19.049806594848636
909,2015-08-14,0.6912860243743949,0.6919339173844349,0.6948493741431374,0.6899902383543147,0.025027675685249967,0.0045351274973244315,-0.0009717777285822571,0.001943679030120271,0.004859074002344421,-0.027055749900367534,19.02309226989746
910,2015-08-17,0.6935535881230571,0.6903141848593347,0.6935535881230571,0.6896663536357728,0.017322764911659214,0.0022675637486622158,-0.0016197325251001704,-0.0012957860200802918,-0.00032388471854194467,-0.007704910773590753,18.97855758666992
911,2015-08-18,0.6880466211106725,0.6903141848593347,0.6919339173844349,0.6877226746056524,0.018704335119337556,-0.005506967012384623,0.0,-0.0016196707386222364,-0.0019436790301203821,0.001381570207678342,18.97855758666992
912,2015-08-19,0.6909620778693747,0.6848072178469502,0.692581748607997,0.6841593866233882,0.014763317539742284,0.002915456758702195,-0.005506967012384512,0.0006478312235621564,-0.0035632879822642405,-0.003941017579595273,18.827157974243164
913,2015-08-20,0.6815678763697058,0.6886945141207127,0.6899902383543147,0.6815678763697058,0.017003941017579596,-0.009394201499668853,0.003887296273762497,-0.0025915102536823165,-0.0025915102536823165,0.002240623477837312,18.934030532836918
914,2015-08-21,0.6861030038670303,0.675413016347281,0.6867508968770705,0.6747651233372408,0.04543240490634548,0.0045351274973244315,-0.013281497773431683,-0.003239341477244251,-0.006802753032465025,0.028428463888765885,18.568885803222656
915,2015-08-24,0.6618075720688293,0.6718496665785385,0.6744411768322208,0.6585681688051068,0.06302971261568437,-0.024295431798200928,-0.0035633497687425075,-0.012309720044849648,-0.01619695453213399,0.017597307709338886,18.47092056274414
916,2015-08-25,0.6802720903496255,0.6728215060935987,0.683187547108328,0.6718496665785385,0.03388389496523934,0.018464518280796205,0.0009718395150601911,0.00874637027610714,0.013281497773431683,-0.02914581765044503,18.497638702392575
917,2015-08-26,0.6734693991036389,0.6699060493348964,0.6747651233372408,0.6679624320912542,0.024168622415090997,-0.006802691245986647,-0.002915456758702306,-0.00842242377108715,-0.003887234487284341,-0.00971527255014834,18.4174861907959
918,2015-08-27,0.675736962852301,0.6773566335909232,0.6793002508345652,0.6731454525986188,0.014896160828942125,0.0022675637486621048,0.007450584256026849,0.0045351274973244315,0.005183020507364633,-0.009272461586148872,18.622323989868164
919,2015-08-28,0.6783284731059834,0.676384794075863,0.6809199833596657,0.675736962852301,0.01905858389053713,0.0025915102536824275,-0.0009718395150601911,0.0016197325251005035,0.0025915102536822054,0.004162423061595005,18.595605850219727
920,2015-08-31,0.6731454525986188,0.676384794075863,0.6767087405808833,0.6695821028298763,0.01641057432582031,-0.005183020507364633,0.0,-0.004211242778782487,-0.006154860022424713,-0.0026480095647168217,18.595605850219727
921,2015-09-01,0.6734693991036389,0.6692581563248563,0.6747651233372408,0.6692581563248563,0.017429039543019085,0.0003239465050201007,-0.007126637751006748,-0.0019436172436424481,-0.00032394650501998967,0.001018465217198776,18.399673461914062
922,2015-09-02,0.6724975595885788,0.6679624320912542,0.6724975595885788,0.6656948065561138,0.05304875348713634,-0.00097183951506008,-0.0012957242336021357,-0.0022675637486619937,-0.0035633497687425075,0.035619713944117254,18.364049911499023
923,2015-09-03,0.6695821028298763,0.6699060493348964,0.6737932838221807,0.6692581563248563,0.013434884647743879,-0.002915456758702528,0.001943617243642226,0.0012957242336019137,0.0035633497687425075,-0.03961386883939246,18.4174861907959
924,2015-09-04,0.6721736130835586,0.6702299958399164,0.6747651233372408,0.6699060493348964,0.012646681131824824,0.0025915102536823165,0.00032394650501998967,0.00097183951506008,0.0006478930100400904,-0.0007882035159190552,18.4263916015625
925,2015-09-08,0.6705539423449365,0.6780045266009633,0.6783284731059834,0.6705539423449365,0.016835672851259798,-0.0016196707386221254,0.007774530761046949,0.0035633497687426186,0.0006478930100400904,0.004188991719434975,18.640134811401367
926,2015-09-09,0.6818917610882477,0.6789763043295454,0.6825396540982879,0.6783284731059834,0.026878625514767746,0.01133781874331119,0.000971777728582035,0.004211180992304442,0.007774530761046949,0.010042952663507947,18.66684913635254
927,2015-09-10,0.676384794075863,0.6776805800959432,0.6789763043295454,0.675413016347281,0.006828145064871807,-0.005506967012384623,-0.0012957242336021357,-0.0035633497687425075,-0.002915456758702417,-0.02005048044989594,18.631227493286133
928,2015-09-11,0.6786524196110034,0.6802720903496255,0.6802720903496255,0.6695821028298763,0.024204047292210956,0.002267625535140372,0.0025915102536823165,0.0012957860200801807,-0.005830913517404723,0.01737590222733915,18.702476501464844
929,2015-09-14,0.683187547108328,0.6864269503720504,0.6870747815956123,0.6825396540982879,0.023477837311251828,0.004535127497324543,0.006154860022424824,0.006802691245986758,0.012957551268411582,-0.0007262099809591284,18.87168884277344
930,2015-09-15,0.6851311643519703,0.6828636006033078,0.6861030038670303,0.6828636006033078,0.01835008634813798,0.0019436172436423371,-0.0035633497687426186,-0.000971777728582035,0.00032394650501987865,-0.0051277509631138495,18.77372169494629
931,2015-09-16,0.6828636006033078,0.6786524196110034,0.683187547108328,0.6767087405808833,0.01806668733117832,-0.002267563748662549,-0.004211180992304331,-0.002915456758702306,-0.006154860022424491,-0.0002833990169596595,18.65794563293457
932,2015-09-17,0.6770326870859033,0.6760609093573211,0.6783284731059834,0.675736962852301,0.014045963778063145,-0.005830913517404501,-0.0025915102536823165,-0.004859074002344532,-0.0009717777285822571,-0.004020723553115174,18.58669853210449
933,2015-09-18,0.6767087405808833,0.6718496665785385,0.6770326870859033,0.6712017735684983,0.016614267369260062,-0.00032394650501998967,-0.004211242778782598,-0.0012957860200801807,-0.004535189283802699,0.002568303591196917,18.47092056274414
934,2015-09-21,0.6715257200735185,0.6767087405808833,0.6783284731059834,0.6712017735684983,0.019917637160696097,-0.005183020507364744,0.004859074002344754,0.0012957860200801807,0.0,0.003303369791436035,18.60450935363769
935,2015-09-22,0.6737932838221807,0.6708778270634784,0.6747651233372408,0.6702299958399164,0.021387769561174334,0.0022675637486622158,-0.005830913517404834,-0.0035633497687426186,-0.000971777728581924,0.0014701324004782364,18.444202423095703
936,2015-09-23,0.6718496665785385,0.6702299958399164,0.6734693991036389,0.6699060493348964,0.008174290395430191,-0.001943617243642226,-0.0006478312235620454,-0.0012957242336019137,-0.00032394650501998967,-0.013213479165744143,18.4263916015625
937,2015-09-24,0.6663426995661539,0.6724975595885788,0.6734693991036389,0.6650469753325519,0.016445999202940265,-0.005506967012384623,0.002267563748662438,0.0,-0.004859074002344532,0.008271708807510074,18.488733291625977
938,2015-09-25,0.6780045266009633,0.68448327134193,0.68448327134193,0.6780045266009633,0.025435061772129477,0.011661827034809447,0.01198571175335117,0.01101387223829109,0.012957551268411471,0.008989062569189212,18.81825256347656
939,2015-09-28,0.683187547108328,0.6789763043295454,0.6848072178469502,0.6770326870859033,0.022060842226453527,0.005183020507364633,-0.005506967012384623,0.0003239465050202117,-0.00097183951506008,-0.00337421954567595,18.66684913635254
940,2015-09-29,0.6767087405808833,0.6767087405808833,0.6789763043295454,0.6760609093573211,0.017287340034539255,-0.006478806527444703,-0.0022675637486621048,-0.005830913517404834,-0.0009717777285821461,-0.004773502191914272,18.60450935363769
941,2015-09-30,0.6776805800959432,0.676384794075863,0.6822157075932678,0.6747651233372408,0.06372935393880352,0.000971839515059969,-0.0003239465050202117,0.003239403263722407,-0.0012957860200802918,0.046442013904264265,18.595605850219727
942,2015-10-01,0.6780045266009633,0.6734693991036389,0.6796241973395855,0.6728215060935987,0.02073240933445512,0.0003239465050201007,-0.00291539497222415,-0.0025915102536823165,-0.001943617243642115,-0.0429969446043484,18.515453338623047
943,2015-10-02,0.6737932838221807,0.6780045266009633,0.6799481438446056,0.6724975595885788,0.035628570163397245,-0.004211242778782598,0.0045351274973244315,0.0003239465050201007,-0.00032394650501987865,0.014896160828942125,18.640134811401367
944,2015-10-05,0.6799481438446056,0.6809199833596657,0.6825396540982879,0.6789763043295454,0.016127175308860646,0.006154860022424824,0.002915456758702417,0.0025915102536823165,0.006478744740966547,-0.0195013948545366,18.72028923034668
945,2015-10-06,0.6818917610882477,0.6896663536357728,0.6903141848593347,0.6818917610882477,0.026719213567727936,0.001943617243642115,0.00874637027610703,0.007774530761046838,0.002915456758702306,0.01059203825886729,18.96074867248535
946,2015-10-07,0.6938775346280772,0.6886945141207127,0.6945254276381173,0.6877226746056524,0.026010716025328787,0.011985773539829547,-0.00097183951506008,0.004211242778782598,0.005830913517404723,-0.0007084975423991488,18.934030532836918
947,2015-10-08,0.6883705676156926,0.6883705676156926,0.6893424071307527,0.6854551108569902,0.02143205065757428,-0.005506967012384623,-0.0003239465050201007,-0.005183020507364633,-0.0022675637486622158,-0.0045786653677545065,18.92512321472168
948,2015-10-09,0.6929056951130171,0.6893424071307527,0.6938775346280772,0.6880466211106725,0.014293937917902847,0.004535127497324543,0.00097183951506008,0.004535127497324543,0.0025915102536823165,-0.007138112739671434,18.95184135437012
949,2015-10-12,0.6906381313643548,0.6922578638894551,0.6938775346280772,0.6899902383543147,0.016605411149980074,-0.002267563748662327,0.002915456758702417,0.0,0.001943617243642226,0.002311473232077227,19.031997680664062
950,2015-10-13,0.6912860243743949,0.6967929913867797,0.6971169378917996,0.6912860243743949,0.027595979276446886,0.0006478930100400904,0.004535127497324654,0.003239403263722407,0.0012957860200801807,0.010990568126466812,19.156679153442383
951,2015-10-14,0.6993845016404618,0.6938775346280772,0.700356341155522,0.6932296416180372,0.029960589824204048,0.008098477266066939,-0.002915456758702528,0.003239403263722407,0.0019436172436423371,0.002364610547757162,19.07652473449707
952,2015-10-15,0.6929056951130171,0.6896663536357728,0.6938775346280772,0.6893424071307527,0.02698490014612762,-0.006478806527444703,-0.004211180992304442,-0.006478806527444814,-0.0038872344872845632,-0.0029756896780764285,18.96074867248535
953,2015-10-16,0.6880466211106725,0.6867508968770705,0.6883705676156926,0.6815678763697058,0.020404729221095513,-0.004859074002344643,-0.002915456758702306,-0.005506967012384623,-0.007774530761046838,-0.006580170925032106,18.88059425354004
954,2015-10-19,0.6857790573620103,0.6857790573620103,0.6890184606257327,0.6851311643519703,0.02028959837045565,-0.0022675637486622158,-0.0009718395150601911,0.0006478930100400904,0.0035632879822644625,-0.00011513085063986211,18.853878021240234
955,2015-10-20,0.6896663536357728,0.6929056951130171,0.6929056951130171,0.6883705676156926,0.01793384404197848,0.003887296273762497,0.007126637751006859,0.003887234487284452,0.003239403263722296,-0.0023557543284771706,19.049806594848636
956,2015-10-21,0.6906381313643548,0.6903141848593347,0.691609970879415,0.6886945141207127,0.010397201434707523,0.000971777728582035,-0.0025915102536824275,-0.0012957242336021357,0.0003239465050201007,-0.007536642607270957,18.97855758666992
957,2015-10-22,0.692581748607997,0.6870747815956123,0.6932296416180372,0.6867508968770705,0.016879953947659745,0.001943617243642226,-0.003239403263722407,0.0016196707386222364,-0.001943617243642226,0.006482752512952222,18.88949966430664
958,2015-10-23,0.6848072178469502,0.6825396540982879,0.6861030038670303,0.6796241973395855,0.021972280033653632,-0.007774530761046838,-0.0045351274973244315,-0.00712663775100697,-0.007126699537485015,0.005092326085993887,18.764816284179688
959,2015-10-26,0.683187547108328,0.6864269503720504,0.6873987281006323,0.683187547108328,0.01669397334277997,-0.0016196707386222364,0.003887296273762497,0.0012957242336020247,0.0035633497687425075,-0.005278306690873664,18.87168884277344
960,2015-10-27,0.6851311643519703,0.6828636006033078,0.6870747815956123,0.6815678763697058,0.010450338750387459,0.0019436172436423371,-0.0035633497687426186,-0.00032394650501998967,-0.0016196707386221254,-0.00624363459239251,18.77372169494629
961,2015-10-28,0.6848072178469502,0.6861030038670303,0.6867508968770705,0.6838354401183679,0.026223265288048532,-0.0003239465050201007,0.003239403263722518,-0.00032388471854183365,0.0022675637486621048,0.015772926537661075,18.86278343200684
962,2015-10-29,0.6851311643519703,0.68448327134193,0.6880466211106725,0.68448327134193,0.018296949032458043,0.0003239465050201007,-0.0016197325251002814,0.0012957242336020247,0.0006478312235620454,-0.007926316255590489,18.81825256347656
963,2015-10-30,0.6864269503720504,0.6893424071307527,0.6899902383543147,0.6864269503720504,0.02244165965549307,0.0012957860200800697,0.004859135788822688,0.001943617243642226,0.0019436790301203821,0.004144710623035026,18.95184135437012
964,2015-11-02,0.6877226746056524,0.6861030038670303,0.6877226746056524,0.6841593866233882,0.024850551299650178,0.0012957242336020247,-0.003239403263722407,-0.002267563748662327,-0.0022675637486622158,0.0024088916441571094,18.86278343200684
965,2015-11-03,0.6870747815956123,0.6873987281006323,0.6899902383543147,0.6870747815956123,0.021122082982774654,-0.0006478930100400904,0.0012957242336020247,0.002267563748662327,0.00291539497222415,-0.0037284683168755245,18.898406982421875
966,2015-11-04,0.6848072178469502,0.6812439298646857,0.6848072178469502,0.6805960368546458,0.028286764380286055,-0.0022675637486621048,-0.006154798235946557,-0.005183020507364522,-0.006478744740966547,0.007164681397511401,18.72919464111328
967,2015-11-05,0.6802720903496255,0.676384794075863,0.6825396540982879,0.675736962852301,0.021724305893813932,-0.004535127497324654,-0.004859135788822688,-0.002267563748662327,-0.004859074002344754,-0.006562458486472123,18.595605850219727
968,2015-11-06,0.6705539423449365,0.6724975595885788,0.6731454525986188,0.6695821028298763,0.014577336934862507,-0.009718148004689064,-0.00388723448728423,-0.009394201499669075,-0.006154860022424713,-0.007146968958951425,18.488733291625977
969,2015-11-09,0.6712017735684983,0.6605117860487493,0.6715257200735185,0.6605117860487493,0.034946641278838064,0.0006478312235618233,-0.011985773539829547,-0.0016197325251002814,-0.009070316781127019,0.020369304343975558,18.15921211242676
970,2015-11-10,0.6637511893124716,0.6579202757950668,0.6650469753325519,0.6546808725313444,0.037621219501394854,-0.007450584256026738,-0.0025915102536824275,-0.006478744740966658,-0.005830913517404834,0.0026745782225567893,18.087966918945312
971,2015-11-11,0.6634272428074516,0.6647230288275318,0.6647230288275318,0.6618075720688293,0.021804011867333835,-0.00032394650501998967,0.006802753032464914,-0.0003239465050201007,0.007126699537484904,-0.01581720763406102,18.27499008178711
972,2015-11-12,0.6618075720688293,0.6682863168097961,0.6686102633148162,0.6614836255638094,0.019164858521897,-0.0016196707386222364,0.0035632879822643515,0.003887234487284452,-0.00032394650501998967,-0.0026391533454368336,18.372953414916992
973,2015-11-13,0.6679624320912542,0.6611596790587893,0.6689342098198363,0.6601878395437291,0.03613337466235664,0.006154860022424824,-0.007126637751006859,0.0003239465050201007,-0.0012957860200802918,0.016968516140459636,18.177024841308597
974,2015-11-16,0.6614836255638094,0.659540008320167,0.6618075720688293,0.6585681688051068,0.017101359429659478,-0.006478806527444814,-0.0016196707386222364,-0.00712663775100697,-0.0016196707386222364,-0.01903201523269716,18.132495880126957
975,2015-11-17,0.6608357325537694,0.6601878395437291,0.6618075720688293,0.6575963292900467,0.014028251339503165,-0.0006478930100399793,0.0006478312235620454,0.0,-0.00097183951506008,-0.0030731080901563127,18.15030670166016
976,2015-11-18,0.6611596790587893,0.6585681688051068,0.6611596790587893,0.6566245515614648,0.015161847407341805,0.00032394650501987865,-0.0016196707386222364,-0.0006478930100400904,-0.000971777728581924,0.0011335960678386398,18.10577774047852
977,2015-11-19,0.6631032963024314,0.666990592576194,0.666990592576194,0.6631032963024314,0.01298321746446442,0.001943617243642115,0.00842242377108715,0.005830913517404723,0.006478744740966547,-0.002178629942877385,18.337331771850582
978,2015-11-20,0.6705539423449365,0.6699060493348964,0.6737932838221807,0.6682863168097961,0.029269804720364875,0.007450646042505116,0.002915456758702417,0.006802691245986758,0.005183020507364744,0.016286587255900455,18.4174861907959
979,2015-11-23,0.6663426995661539,0.6718496665785385,0.6728215060935987,0.6650469753325519,0.028242483283886108,-0.004211242778782598,0.001943617243642115,-0.000971777728582035,-0.003239341477244251,-0.0010273214364787675,18.47092056274414
980,2015-11-24,0.6721736130835586,0.6679624320912542,0.6747651233372408,0.667638485586234,0.020139042642695833,0.005830913517404723,-0.003887234487284341,0.001943617243642115,0.0025915102536820944,-0.008103440641190274,18.364049911499023
981,2015-11-25,0.6679624320912542,0.6712017735684983,0.6715257200735185,0.6666666460711739,0.020528716291015367,-0.004211180992304442,0.00323934147724414,-0.003239403263722296,-0.00097183951506008,0.0003896736483195336,18.453107833862305
982,2015-11-27,0.6692581563248563,0.6666666460711739,0.6695821028298763,0.6666666460711739,0.012451844307665058,0.0012957242336021357,-0.0045351274973244315,-0.001943617243642226,0.0,-0.008076871983350309,18.328426361083984
983,2015-11-30,0.6656948065561138,0.6643990823225118,0.6673145390812141,0.6624554650788695,0.018553779391577735,-0.0035633497687425075,-0.0022675637486621048,-0.0022675637486622158,-0.004211180992304331,0.0061019350839126765,18.266084671020508
984,2015-12-01,0.6647230288275318,0.6737932838221807,0.6737932838221807,0.6637511893124716,0.04347518044546783,-0.000971777728582035,0.009394201499668964,0.006478744740966658,0.0012957242336020247,0.024921401053890097,18.524356842041016
985,2015-12-02,0.6708778270634784,0.6673145390812141,0.6712017735684983,0.666990592576194,0.04196076694858965,0.006154798235946668,-0.006478744740966658,-0.0025915102536824275,0.003239403263722407,-0.0015144134968781836,18.346237182617188
986,2015-12-03,0.6679624320912542,0.675089069842261,0.6767087405808833,0.6679624320912542,0.04994022051986007,-0.002915394972224261,0.007774530761046949,0.005506967012384956,0.0009718395150601911,0.007979453571270424,18.55998039245605
987,2015-12-04,0.676384794075863,0.6786524196110034,0.6786524196110034,0.675736962852301,0.04950626577514059,0.008422361984608884,0.0035633497687423965,0.00194367903012016,0.007774530761046838,-0.0004339547447194808,18.65794563293457
988,2015-12-07,0.675089069842261,0.6689342098198363,0.6767087405808833,0.6686102633148162,0.05113581012265864,-0.0012957242336020247,-0.00971820979116711,-0.00194367903012016,-0.007126699537484793,0.0016295443475180457,18.390766143798828
989,2015-12-08,0.666990592576194,0.6637511893124716,0.6699060493348964,0.6631032963024314,0.03543373333923748,-0.00809847726606705,-0.005183020507364744,-0.006802691245986869,-0.005506967012384845,-0.015702076783421157,18.248273849487305
990,2015-12-09,0.6660187530611338,0.667638485586234,0.6702299958399164,0.6643990823225118,0.04148253110747022,-0.0009718395150601911,0.003887296273762386,0.00032394650501998967,0.0012957860200804028,0.006048797768232743,18.355144500732425
991,2015-12-10,0.6640751358174917,0.6682863168097961,0.6695821028298763,0.6631032963024314,0.02342469999557189,-0.001943617243642115,0.0006478312235621564,-0.0006478930100400904,-0.0012957860200804028,-0.018057831111898334,18.372953414916992
992,2015-12-11,0.6656948065561138,0.6637511893124716,0.6673145390812141,0.6614836255638094,0.03365363326395961,0.0016196707386221254,-0.004535127497324543,-0.0022675637486622158,-0.0016196707386220144,0.010228933268387724,18.248273849487305
993,2015-12-14,0.6608357325537694,0.6614836255638094,0.6647230288275318,0.6601878395437291,0.03490236018243812,-0.004859074002344421,-0.0022675637486622158,-0.0025915102536823165,-0.0012957860200802918,0.0012487269184785071,18.18593406677246
994,2015-12-15,0.6621315185738494,0.6601878395437291,0.6634272428074516,0.659540008320167,0.06537661072488155,0.0012957860200800697,-0.0012957860200802918,-0.0012957860200801807,-0.0006478312235620454,0.030474250542443425,18.15030670166016
995,2015-12-16,0.659540008320167,0.6550048190363644,0.6601878395437291,0.6530612017927223,0.04976309613426028,-0.0025915102536824275,-0.005183020507364633,-0.003239403263722518,-0.006478806527444703,-0.015613514590621262,18.0078125
996,2015-12-17,0.6501457450340199,0.6533851482977424,0.6537090948027624,0.6459345640417156,0.2864189877341363,-0.00939426328614712,-0.0016196707386220144,-0.006478744740966658,-0.007126637751006748,0.23665589159987604,17.963281631469727
997,2015-12-18,0.6579202757950668,0.6608357325537694,0.6656948065561138,0.6563006050564448,0.05965549307000841,0.007774530761046949,0.00745058425602696,0.011985711753351391,0.010366041014729266,-0.2267634946641279,18.168119430541992
998,2015-12-21,0.6585681688051068,0.6585681688051068,0.6637511893124716,0.6575963292900467,0.08204401540982155,0.0006478930100399793,-0.002267563748662549,-0.001943617243642226,0.0012957242336019137,0.022388522339813137,18.10577774047852
999,2015-12-22,0.659540008320167,0.658892115310127,0.6614836255638094,0.6572724445715049,0.03177611477660187,0.0009718395150601911,0.0003239465050202117,-0.0022675637486622158,-0.00032388471854183365,-0.05026790063321968,18.11468315124512
1000,2015-12-23,0.6601878395437291,0.6634272428074516,0.6653709218375718,0.659540008320167,0.04321835008634814,0.0006478312235620454,0.004535127497324543,0.003887296273762497,0.0022675637486621048,0.011442235309746272,18.23936462402344
1001,2015-12-24,0.6634272428074516,0.6634272428074516,0.6643990823225118,0.6621315185738494,0.009830403400788203,0.003239403263722518,0.0,-0.00097183951506008,0.0025915102536824275,-0.03338794668555994,18.23936462402344
1002,2015-12-28,0.6614836255638094,0.6601878395437291,0.6624554650788695,0.659540008320167,0.05910640747464907,-0.001943617243642226,-0.003239403263722518,-0.001943617243642226,-0.0025915102536824275,0.04927600407386087,18.15030670166016
1003,2015-12-29,0.6611596790587893,0.6637511893124716,0.6637511893124716,0.6601878395437291,0.04168622415090998,-0.0003239465050201007,0.0035633497687425075,0.0012957242336020247,0.0006478312235620454,-0.01742018332373909,18.248273849487305
1004,2015-12-30,0.6663426995661539,0.6666666460711739,0.6679624320912542,0.6647230288275318,0.031271310277642475,0.005183020507364633,0.002915456758702306,0.004211242778782598,0.004535189283802699,-0.010414913873267505,18.328426361083984
1005,2015-12-31,0.6686102633148162,0.667638485586234,0.6699060493348964,0.667638485586234,0.022211397954213348,0.002267563748662327,0.00097183951506008,0.001943617243642226,0.002915456758702195,-0.009059912323429127,18.355144500732425
1006,2016-01-04,0.6643990823225118,0.6611596790587893,0.6647230288275318,0.6572724445715049,0.022335385024133198,-0.004211180992304442,-0.006478806527444703,-0.005183020507364633,-0.010366041014729044,0.00012398706991985017,18.177024841308597
1007,2016-01-05,0.6592160618151471,0.6569484980664848,0.6605117860487493,0.6566245515614648,0.023548687065491743,-0.005183020507364633,-0.004211180992304442,-0.004211242778782487,-0.0006478930100400904,0.0012133020413585445,18.061248779296875
1008,2016-01-06,0.6520893622776621,0.6524133087826823,0.6537090948027624,0.6517654775591203,0.010822299960147013,-0.007126699537485015,-0.0045351892838024765,-0.006802691245986869,-0.004859074002344532,-0.01272638710534473,17.936561584472656
1009,2016-01-07,0.6507936380440601,0.6498217985289999,0.6537090948027624,0.6494978520239798,0.014311650356462827,-0.0012957242336020247,-0.0025915102536824275,0.0,-0.002267625535140483,0.003489350396315814,17.865318298339844
1010,2016-01-08,0.6530612017927223,0.6520893622776621,0.6566245515614648,0.6514415310541001,0.015471815082141434,0.0022675637486622158,0.0022675637486622158,0.002915456758702417,0.001943679030120271,0.0011601647256786075,17.927658081054688
1011,2016-01-11,0.6478781812853577,0.642371214272973,0.6478781812853577,0.640103650524311,0.028835849975645398,-0.005183020507364633,-0.009718148004689176,-0.00874637027610714,-0.011337880529789124,0.013364034893503964,17.660480499267578
1012,2016-01-12,0.6410754900393709,0.6462585105467356,0.6478781812853577,0.6404275970293308,0.019492538635256608,-0.006802691245986758,0.0038872962737626082,0.0,0.00032394650501987865,-0.00934331134038879,17.76735496520996
1013,2016-01-13,0.649173967305438,0.6478781812853577,0.6514415310541001,0.6478781812853577,0.012602400035424876,0.00809847726606705,0.0016196707386221254,0.0035633497687423965,0.007450584256026849,-0.006890138599831732,17.81188201904297
1014,2016-01-14,0.6475542347803377,0.6475542347803377,0.649173967305438,0.6452866710316754,0.00846654563166984,-0.0016197325251002814,-0.00032394650501998967,-0.0022675637486621048,-0.0025915102536823165,-0.004135854403755036,17.802974700927734
1015,2016-01-15,0.6449627245266554,0.6469063417702974,0.6472302882753176,0.6439908850115952,0.021139795421334633,-0.0025915102536823165,-0.0006478930100403124,-0.0019436790301203821,-0.0012957860200801807,0.012673249789664793,17.7851619720459
1016,2016-01-19,0.6478781812853577,0.6501457450340199,0.6527372552877023,0.6469063417702974,0.048301819953062035,0.002915456758702306,0.003239403263722518,0.005506967012384734,0.002915456758702195,0.0271620245317274,17.874225616455078
1017,2016-01-20,0.6436670002930532,0.6410754900393709,0.6446387780216354,0.6371881937656084,0.047735021919142716,-0.004211180992304442,-0.009070254994648974,-0.008098477266066939,-0.009718148004688953,-0.000566798033919319,17.62485694885254
1018,2016-01-21,0.6430191072830131,0.6482021277903779,0.6501457450340199,0.642047267767953,0.017384758446619138,-0.0006478930100400904,0.00712663775100697,0.005506967012384512,0.004859074002344532,-0.030350263472523578,17.82078742980957
1019,2016-01-22,0.6537090948027624,0.6520893622776621,0.6559766585514246,0.6504696915390399,0.027170880751007397,0.010689987519749256,0.00388723448728423,0.005830913517404723,0.008422423771086929,0.009786122304388259,17.927658081054688
1020,2016-01-25,0.6514415310541001,0.6511175845490801,0.6540330413077825,0.649173967305438,0.04154452464243014,-0.002267563748662327,-0.000971777728582035,-0.001943617243642115,-0.0012957242336019137,0.014373643891422747,17.900941848754883
1021,2016-01-26,0.6504696915390399,0.6520893622776621,0.6537090948027624,0.6504696915390399,0.005535137049993357,-0.0009718395150601911,0.000971777728582035,-0.0003239465050201007,0.0012957242336019137,-0.036009387592436784,17.927658081054688
1022,2016-01-27,0.6533851482977424,0.6511175845490801,0.6543569878128025,0.6507936380440601,0.015020147898861975,0.002915456758702528,-0.000971777728582035,0.0006478930100400904,0.0003239465050202117,0.009485010848868618,17.900941848754883
1023,2016-01-28,0.6511175845490801,0.6488500208004179,0.6517654775591203,0.6472302882753176,0.01876632865429748,-0.002267563748662327,-0.0022675637486622158,-0.0025915102536822054,-0.0035633497687425075,0.003746180755435504,17.838598251342773
1024,2016-01-29,0.6485260742953978,0.6475542347803377,0.6511175845490801,0.6469063417702974,0.018013550015498384,-0.0025915102536823165,-0.0012957860200801807,-0.0006478930100402014,-0.0003239465050202117,-0.000752778638799096,17.802974700927734
1025,2016-02-01,0.6478781812853577,0.6504696915390399,0.6527372552877023,0.6472302882753176,0.02556790506132932,-0.0006478930100400904,0.002915456758702195,0.0016196707386222364,0.0003239465050202117,0.007554355045830935,17.883129119873047
1026,2016-02-02,0.649173967305438,0.6494978520239798,0.6504696915390399,0.6472302882753176,0.05950493734224859,0.0012957860200802918,-0.00097183951506008,-0.002267563748662438,0.0,0.03393703228091927,17.85641098022461
1027,2016-02-03,0.6504696915390399,0.6520893622776621,0.6533851482977424,0.6488500208004179,0.008794225745029447,0.0012957242336019137,0.0025915102536823165,0.002915456758702528,0.0016197325251002814,-0.05071071159721914,17.927658081054688
1028,2016-02-04,0.6543569878128025,0.6488500208004179,0.6550048190363644,0.6485260742953978,0.008989062569189214,0.0038872962737626082,-0.003239341477244251,0.0016196707386220144,-0.0003239465050201007,0.0001948368241597668,17.838598251342773
1029,2016-02-05,0.6475542347803377,0.6452866710316754,0.649173967305438,0.6452866710316754,0.015631227029181242,-0.006802753032464803,-0.0035633497687425075,-0.005830851730926456,-0.003239403263722407,0.006642164459992028,17.740633010864258
1030,2016-02-08,0.6433430537880331,0.6407515435343509,0.6443148315166153,0.6397797040192907,0.007846610282070584,-0.004211180992304553,-0.0045351274973244315,-0.004859135788822688,-0.005506967012384623,-0.0077846167471106575,17.615951538085938
1031,2016-02-09,0.6394557575142706,0.6384839179992104,0.642047267767953,0.6381600332806686,0.012451844307665058,-0.003887296273762497,-0.002267625535140483,-0.002267563748662327,-0.0016196707386221254,0.004605234025594474,17.55360984802246
1032,2016-02-10,0.6388078645042304,0.6388078645042304,0.6413993747579129,0.6375121402706285,0.007554355045830935,-0.0006478930100402014,0.00032394650501998967,-0.0006478930100400904,-0.0006478930100400904,-0.0048974892618341235,17.56251335144043
1033,2016-02-11,0.633948790501886,0.6358924077455282,0.6368642472605883,0.6333008974918459,0.009325598901828809,-0.004859074002344421,-0.002915456758702195,-0.004535127497324543,-0.004211242778782598,0.0017712438559978737,17.48236083984375
1034,2016-02-12,0.6384839179992104,0.6381600332806686,0.6404275970293308,0.6368642472605883,0.0045255280520745695,0.0045351274973244315,0.002267625535140372,0.0035633497687425075,0.0035633497687423965,-0.004800070849754239,17.54470443725586
1035,2016-02-16,0.6391318110092506,0.6433430537880331,0.6433430537880331,0.6378360867756485,0.007102687862551477,0.0006478930100402014,0.005183020507364522,0.002915456758702306,0.0009718395150601911,0.0025771598104769077,17.687198638916016
1036,2016-02-17,0.640103650524311,0.6449627245266554,0.6472302882753176,0.640103650524311,0.00776690430855068,0.0009718395150603021,0.0016196707386222364,0.003887234487284452,0.002267563748662438,0.0006642164459992024,17.731727600097656
1037,2016-02-18,0.6459345640417156,0.6433430537880331,0.6475542347803377,0.6433430537880331,0.005473143515033432,0.005830913517404612,-0.0016196707386222364,0.0003239465050201007,0.003239403263722185,-0.0022937607935172473,17.687198638916016
1038,2016-02-19,0.642695160777993,0.6407515435343509,0.6433430537880331,0.6397797040192907,0.008997918788469202,-0.003239403263722518,-0.0025915102536822054,-0.004211180992304553,-0.0035633497687423965,0.0035247752734357696,17.615951538085938
1039,2016-02-22,0.6443148315166153,0.6459345640417156,0.6472302882753176,0.6443148315166153,0.00789974759775052,0.0016196707386222364,0.005183020507364633,0.003887234487284452,0.004535127497324543,-0.0010981711907186824,17.758447647094727
1040,2016-02-23,0.6475542347803377,0.6475542347803377,0.6488500208004179,0.6439908850115952,0.014143382190143028,0.003239403263722407,0.0016196707386221254,0.0016197325251002814,-0.0003239465050201007,0.006243634592392508,17.802974700927734
1041,2016-02-24,0.6433430537880331,0.649173967305438,0.649173967305438,0.6433430537880331,0.0203338794668556,-0.004211180992304553,0.0016197325251002814,0.0003239465050201007,-0.0006478312235620454,0.006190497276712571,17.847505569458008
1042,2016-02-25,0.6507936380440601,0.6482021277903779,0.6520893622776621,0.6482021277903779,0.015852632511180978,0.00745058425602696,-0.00097183951506008,0.00291539497222415,0.004859074002344754,-0.0044812469556746205,17.82078742980957
1043,2016-02-26,0.6504696915390399,0.6469063417702974,0.6504696915390399,0.6446387780216354,0.011211973608466546,-0.0003239465050202117,-0.0012957860200805138,-0.0016196707386222364,-0.0035633497687425075,-0.004640658902714432,17.7851619720459
1044,2016-02-29,0.6488500208004179,0.6469063417702974,0.6488500208004179,0.6449627245266554,0.014329362795022805,-0.0016196707386220144,0.0,-0.0016196707386220144,0.00032394650501998967,0.003117389186556258,17.7851619720459
1045,2016-03-01,0.6452866710316754,0.6452866710316754,0.6452866710316754,0.642695160777993,0.03352964619403977,-0.0035633497687425075,-0.0016196707386220144,-0.0035633497687425075,-0.002267563748662327,0.019200283399016964,17.740633010864258
1046,2016-03-02,0.6452866710316754,0.6472302882753176,0.6485260742953978,0.6439908850115952,0.013709427445423548,0.0,0.001943617243642226,0.003239403263722407,0.0012957242336021357,-0.019820218748616218,17.794069290161133
1047,2016-03-03,0.6507936380440601,0.6520893622776621,0.6524133087826823,0.6482021277903779,0.014887304609662136,0.005506967012384734,0.004859074002344532,0.0038872344872845632,0.004211242778782709,0.001177877164238587,17.927658081054688
1048,2016-03-04,0.6572724445715049,0.659540008320167,0.659540008320167,0.6553287655413845,0.07368374440951157,0.006478806527444814,0.007450646042504894,0.007126699537484682,0.007126637751006637,0.058796439799849436,18.132495880126957
1049,2016-03-07,0.6592160618151471,0.6592160618151471,0.6611596790587893,0.6572724445715049,0.05673294070761192,0.001943617243642226,-0.00032394650501987865,0.0016196707386222364,0.0019436790301203821,-0.01695080370189965,18.12358856201172
1050,2016-03-08,0.658244222300087,0.6611596790587893,0.6618075720688293,0.6566245515614648,0.023486693530531816,-0.0009718395150601911,0.001943617243642115,0.0006478930100400904,-0.0006478930100400904,-0.03324624717708011,18.177024841308597
1051,2016-03-09,0.6611596790587893,0.6618075720688293,0.6627793497974114,0.659540008320167,0.07990966656334411,0.002915456758702306,0.0006478930100400904,0.000971777728582035,0.002915456758702195,0.056422973032812296,18.194839477539062
1052,2016-03-10,0.6624554650788695,0.6679624320912542,0.6682863168097961,0.6618075720688293,0.07619005446574857,0.0012957860200802918,0.006154860022424824,0.005506967012384734,0.002267563748662327,-0.00371961209759554,18.364049911499023
1053,2016-03-11,0.6708778270634784,0.6744411768322208,0.6744411768322208,0.6708778270634784,0.046229464641544524,0.008422361984608884,0.006478744740966658,0.006154860022424713,0.009070254994649085,-0.029960589824204048,18.54216957092285
1054,2016-03-14,0.6747651233372408,0.6783284731059834,0.6789763043295454,0.6721736130835586,0.022069698445733515,0.003887296273762386,0.0038872962737626082,0.004535127497324543,0.0012957860200801807,-0.02415976619581101,18.64904022216797
1055,2016-03-15,0.6767087405808833,0.6776805800959432,0.6783284731059834,0.675413016347281,0.011353673116946376,0.0019436172436424481,-0.0006478930100402014,-0.0006478312235619343,0.003239403263722407,-0.010716025328787139,18.631227493286133
1056,2016-03-16,0.6760609093573211,0.6809199833596657,0.6809199833596657,0.6747651233372408,0.02205198600717354,-0.0006478312235621564,0.003239403263722518,0.0025915102536823165,-0.0006478930100402014,0.010698312890227163,18.72028923034668
1057,2016-03-17,0.6893424071307527,0.6851311643519703,0.6893424071307527,0.6841593866233882,0.04320949386706815,0.013281497773431572,0.004211180992304553,0.008422423771086929,0.009394263286147342,0.02115750785989461,18.8360652923584
1058,2016-03-18,0.6864269503720504,0.683187547108328,0.6867508968770705,0.6825396540982879,0.05961121197360847,-0.002915456758702306,-0.0019436172436423371,-0.0025915102536822054,-0.0016197325251002814,0.01640171810654032,18.78262710571289
1059,2016-03-21,0.683187547108328,0.6818917610882477,0.6851311643519703,0.6796241973395855,0.027755391223486695,-0.003239403263722407,-0.0012957860200802918,-0.0016197325251001704,-0.002915456758702417,-0.03185582075012178,18.747005462646484
1060,2016-03-22,0.683187547108328,0.6854551108569902,0.6854551108569902,0.6815678763697058,0.04367887348890759,0.0,0.0035633497687425075,0.00032394650501987865,0.0019436790301203821,0.015923482265420893,18.844970703125
1061,2016-03-23,0.6786524196110034,0.6796241973395855,0.6802720903496255,0.6770326870859033,0.09617854138068459,-0.004535127497324543,-0.005830913517404723,-0.005183020507364633,-0.004535189283802588,0.052499667891777,18.68466186523437
1062,2016-03-24,0.675736962852301,0.6734693991036389,0.6780045266009633,0.6718496665785385,0.04134968781827038,-0.002915456758702417,-0.006154798235946557,-0.0022675637486622158,-0.005183020507364744,-0.05482885356241421,18.515453338623047
1063,2016-03-28,0.6734693991036389,0.676384794075863,0.6805960368546458,0.6734693991036389,0.03496435371739804,-0.0022675637486621048,0.00291539497222415,0.0025915102536824275,0.0016197325251003925,-0.006385334100872338,18.595605850219727
1064,2016-03-29,0.6744411768322208,0.6780045266009633,0.6786524196110034,0.6744411768322208,0.05262365496169685,0.000971777728581924,0.0016197325251002814,-0.0019436172436423371,0.000971777728581924,0.017659301244298813,18.640134811401367
1065,2016-03-30,0.6802720903496255,0.6702299958399164,0.6812439298646857,0.6695821028298763,0.019421688881016693,0.005830913517404723,-0.007774530761046949,0.0025915102536823165,-0.004859074002344532,-0.033201966080680156,18.4263916015625
1066,2016-03-31,0.6699060493348964,0.6673145390812141,0.6702299958399164,0.6614836255638094,0.03226320683700128,-0.010366041014729155,-0.002915456758702306,-0.011013934024769356,-0.008098477266066939,0.01284151795598459,18.346237182617188
1067,2016-04-01,0.6611596790587893,0.6637511893124716,0.6643990823225118,0.659540008320167,0.04800956471682239,-0.00874637027610714,-0.0035633497687425075,-0.005830913517404612,-0.0019436172436423371,0.015746357879821107,18.248273849487305
1068,2016-04-04,0.6608357325537694,0.6566245515614648,0.6624554650788695,0.6559766585514246,0.04539698002922552,-0.00032394650501987865,-0.007126637751006748,-0.001943617243642226,-0.0035633497687423965,-0.0026125846875968695,18.05234146118164
1069,2016-04-05,0.6559766585514246,0.6530612017927223,0.6572724445715049,0.6527372552877023,0.015861488730460966,-0.004859074002344754,-0.0035633497687425075,-0.005183020507364633,-0.003239403263722296,-0.029535491298764555,17.954376220703125
1070,2016-04-06,0.6517654775591203,0.6537090948027624,0.6556527120464046,0.6501457450340199,0.0299163087278041,-0.004211180992304331,0.0006478930100400904,-0.0016197325251002814,-0.0025915102536824275,0.014054819997343135,17.972190856933594
1071,2016-04-07,0.6530612017927223,0.6498217985289999,0.6530612017927223,0.6494978520239798,0.008811938183589425,0.0012957242336020247,-0.003887296273762497,-0.0025915102536823165,-0.0006478930100400904,-0.021104370544214678,17.865318298339844
1072,2016-04-08,0.6514415310541001,0.6572724445715049,0.6579202757950668,0.6511175845490801,0.010662888013107205,-0.0016196707386222364,0.007450646042505005,0.004859074002344532,0.0016197325251002814,0.0018509498295177802,18.07015419006348
1073,2016-04-11,0.6556527120464046,0.6524133087826823,0.6566245515614648,0.6524133087826823,0.031846964530841786,0.004211180992304553,-0.004859135788822577,-0.0012957242336020247,0.0012957242336022468,0.02118407651773458,17.936561584472656
1074,2016-04-12,0.6553287655413845,0.6559766585514246,0.658244222300087,0.6546808725313444,0.035593145286277286,-0.0003239465050201007,0.0035633497687422855,0.0016196707386221254,0.0022675637486621048,0.0037461807554355006,18.03453063964844
1075,2016-04-13,0.6575963292900467,0.6585681688051068,0.6614836255638094,0.6563006050564448,0.04913430456538104,0.0022675637486622158,0.0025915102536822054,0.003239403263722407,0.0016197325251003925,0.013541159279103751,18.10577774047852
1076,2016-04-14,0.6598639548251872,0.658244222300087,0.6611596790587893,0.6575963292900467,0.00988354071646814,0.002267625535140483,-0.00032394650501987865,-0.0003239465050201007,0.0012957242336019137,-0.0392507638489129,18.09687042236328
1077,2016-04-15,0.6598639548251872,0.6653709218375718,0.6666666460711739,0.6598639548251872,0.06903422928751717,0.0,0.007126699537484904,0.005506967012384623,0.002267625535140483,0.05915068857104903,18.292802810668945
1078,2016-04-18,0.6656948065561138,0.6692581563248563,0.6724975595885788,0.6647230288275318,0.019669663020856397,0.005830851730926567,0.003887234487284452,0.005830913517404945,0.004859074002344532,-0.04936456626666077,18.399673461914062
1079,2016-04-19,0.6728215060935987,0.6776805800959432,0.6776805800959432,0.6728215060935987,0.029686047026524377,0.007126699537484904,0.008422423771086929,0.005183020507364411,0.008098477266066939,0.01001638400566798,18.631227493286133
1080,2016-04-20,0.6796241973395855,0.6857790573620103,0.6857790573620103,0.6783284731059834,0.034618961165478454,0.006802691245986758,0.00809847726606705,0.00809847726606705,0.005506967012384734,0.0049329141389540775,18.853878021240234
1081,2016-04-21,0.6886945141207127,0.6796241973395855,0.6886945141207127,0.6776805800959432,0.15512553690829384,0.009070316781127241,-0.006154860022424824,0.002915456758702417,-0.0006478930100402014,0.12050657574281538,18.68466186523437
1082,2016-04-22,0.6773566335909232,0.6656948065561138,0.6789763043295454,0.6653709218375718,0.054952840632334056,-0.011337880529789457,-0.013929390783471662,-0.009718209791167332,-0.012309658258371381,-0.10017269627595979,18.30171012878418
1083,2016-04-25,0.6692581563248563,0.6744411768322208,0.6776805800959432,0.6692581563248563,0.04932028517026082,-0.008098477266066939,0.00874637027610703,-0.0012957242336021357,0.003887234487284452,-0.005632555462073238,18.54216957092285
1084,2016-04-26,0.6770326870859033,0.6822157075932678,0.6825396540982879,0.6747651233372408,0.04139396891467033,0.007774530761046949,0.007774530761046949,0.004859074002344643,0.005506967012384512,-0.007926316255590489,18.75591278076172
1085,2016-04-27,0.6802720903496255,0.6773566335909232,0.6809199833596657,0.6741172303272008,0.04421024664570695,0.003239403263722296,-0.004859074002344532,-0.0016196707386221254,-0.0006478930100399793,0.002816277731036619,18.622323989868164
1086,2016-04-28,0.6760609093573211,0.6760609093573211,0.6809199833596657,0.675413016347281,0.054377186379134745,-0.004211180992304442,-0.0012957242336021357,0.0,0.0012957860200801807,0.010166939733427797,18.58669853210449
1087,2016-04-29,0.6802720903496255,0.6828636006033078,0.683187547108328,0.6793002508345652,0.08353186024885977,0.004211180992304442,0.006802691245986647,0.0022675637486622158,0.00388723448728423,0.02915467386972502,18.77372169494629
1088,2016-05-02,0.683511493613348,0.683511493613348,0.683511493613348,0.6783284731059834,0.025054244343089935,0.003239403263722407,0.0006478930100402014,0.00032394650501998967,-0.000971777728581813,-0.05847761590576983,18.791534423828125
1089,2016-05-03,0.683511493613348,0.676384794075863,0.68448327134193,0.6741172303272008,0.060780232918567066,0.0,-0.007126699537484904,0.000971777728582035,-0.004211242778782598,0.03572598857547713,18.595605850219727
1090,2016-05-04,0.6767087405808833,0.6793002508345652,0.6802720903496255,0.675413016347281,0.026134703095248638,-0.006802753032464692,0.002915456758702195,-0.004211180992304442,0.0012957860200801807,-0.03464552982331843,18.675756454467773
1091,2016-05-05,0.683187547108328,0.6728215060935987,0.683511493613348,0.6721736130835586,0.029544347518044547,0.006478806527444703,-0.006478744740966547,0.003239403263722407,-0.003239403263722407,0.0034096444227959093,18.497638702392575
1092,2016-05-06,0.6737932838221807,0.676384794075863,0.6776805800959432,0.6737932838221807,0.03128016649692247,-0.00939426328614723,0.0035632879822643515,-0.005830913517404723,0.0016196707386221254,0.0017358189788779198,18.595605850219727
1093,2016-05-09,0.6783284731059834,0.6760609093573211,0.6793002508345652,0.6734693991036389,0.018509498295177788,0.004535189283802699,-0.00032388471854194467,0.0016196707386220144,-0.00032388471854183365,-0.012770668201744679,18.58669853210449
1094,2016-05-10,0.6793002508345652,0.6864269503720504,0.6880466211106725,0.6783284731059834,0.04387371031306735,0.000971777728581813,0.010366041014729266,0.008746370276107251,0.004859074002344532,0.025364212017889565,18.87168884277344
1095,2016-05-11,0.6893424071307527,0.6893424071307527,0.691609970879415,0.6867508968770705,0.056945489970331664,0.010042156296187432,0.002915456758702306,0.0035633497687425075,0.00842242377108704,0.013071779657264311,18.95184135437012
1096,2016-05-12,0.6912860243743949,0.6922578638894551,0.692581748607997,0.6880466211106725,0.142496568215029,0.001943617243642226,0.002915456758702417,0.000971777728582035,0.0012957242336020247,0.08555107824469735,19.031997680664062
1097,2016-05-13,0.6883705676156926,0.6890184606257327,0.6903141848593347,0.6867508968770705,0.03994154895275207,-0.002915456758702306,-0.003239403263722407,-0.002267563748662327,-0.0012957242336020247,-0.10255501926227695,18.94293594360352
1098,2016-05-16,0.6877226746056524,0.6932296416180372,0.6938775346280772,0.6870747815956123,0.0634990922375238,-0.0006478930100402014,0.004211180992304553,0.0035633497687425075,0.00032388471854183365,0.023557543284771727,19.0587100982666
1099,2016-05-17,0.6938775346280772,0.6954972053666992,0.6977648309018397,0.6935535881230571,0.026852056856927778,0.006154860022424824,0.0022675637486619937,0.003887296273762497,0.006478806527444814,-0.03664703538059602,19.12105369567871
1100,2016-05-18,0.6906381313643548,0.6922578638894551,0.6948493741431374,0.6883705676156926,0.031271310277642475,-0.003239403263722407,-0.00323934147724414,-0.002915456758702306,-0.005183020507364522,0.004419253420714697,19.031997680664062
1101,2016-05-19,0.6870747815956123,0.6818917610882477,0.6896663536357728,0.676384794075863,0.05704290838241155,-0.0035633497687425075,-0.010366102801207422,-0.005183020507364633,-0.011985773539829547,0.025771598104769075,18.747005462646484
1102,2016-05-20,0.6867508968770705,0.6841593866233882,0.6890184606257327,0.6818917610882477,0.03252889341540097,-0.00032388471854183365,0.002267625535140483,-0.0006478930100400904,0.005506967012384623,-0.024514014967010583,18.809349060058597
1103,2016-05-23,0.6796241973395855,0.6760609093573211,0.6796241973395855,0.6747651233372408,0.03310454766860028,-0.007126699537485015,-0.00809847726606705,-0.00939426328614723,-0.007126637751006859,0.0005756542531993106,18.58669853210449
1104,2016-05-24,0.6728215060935987,0.6747651233372408,0.6789763043295454,0.6724975595885788,0.05262365496169685,-0.006802691245986758,-0.0012957860200802918,-0.0006478930100400904,-0.0022675637486619937,0.019519107293096576,18.55107307434082
1105,2016-05-25,0.6744411768322208,0.6825396540982879,0.6828636006033078,0.6744411768322208,0.05899127662400921,0.0016196707386221254,0.00777453076104706,0.003887296273762386,0.001943617243642004,0.006367621662312355,18.764816284179688
1106,2016-05-26,0.6861030038670303,0.6899902383543147,0.6899902383543147,0.6805960368546458,0.03914448921755303,0.011661827034809447,0.007450584256026849,0.00712663775100697,0.006154860022424935,-0.01984678740645618,18.969654083251957
1107,2016-05-27,0.6896663536357728,0.6935535881230571,0.6938775346280772,0.6893424071307527,0.04421024664570695,0.0035633497687425075,0.0035633497687423965,0.003887296273762497,0.008746370276106918,0.005065757428153919,19.06761932373047
1108,2016-05-31,0.6964690448817595,0.6903141848593347,0.6987366086304218,0.6903141848593347,0.03961386883939246,0.006802691245986758,-0.003239403263722407,0.004859074002344532,0.000971777728582035,-0.004596377806314486,18.97855758666992
1109,2016-06-01,0.6890184606257327,0.6951732588616792,0.6954972053666992,0.6873987281006323,0.038090599123234294,-0.007450584256026849,0.004859074002344532,-0.003239403263722518,-0.002915456758702417,-0.0015232697161581682,19.11214637756348
1110,2016-06-02,0.6993845016404618,0.7039196291377864,0.7058633081679068,0.6984126621254018,0.08251339503166098,0.010366041014729155,0.00874637027610714,0.010366102801207533,0.011013934024769467,0.04442279590842669,19.35260772705078
1111,2016-06-03,0.7084548184215891,0.7149335631625557,0.7149335631625557,0.7055393616628867,0.07763361820838684,0.009070316781127241,0.011013934024769356,0.009070254994648974,0.007126699537484904,-0.004879776823274146,19.65541076660156
1112,2016-06-06,0.7227080939236026,0.7233559869336427,0.7288629539460274,0.7210884231849806,0.09195412478412965,0.014253275502013496,0.008422423771086929,0.013929390783471662,0.015549061522093899,0.014320506575742811,19.886966705322266
1113,2016-06-07,0.7233559869336427,0.7272432832074053,0.7282150609359873,0.7233559869336427,0.22877385644068546,0.0006478930100400904,0.0038872962737626082,-0.0006478930100400904,0.0022675637486621048,0.1368197316565558,19.993837356567383
1114,2016-06-08,0.7324263037147698,0.7437641224580811,0.7444120154681212,0.7324263037147698,0.10026125846875969,0.00907031678112713,0.016520839250675823,0.016196954532133878,0.00907031678112713,-0.12851259797192577,20.448041915893555
1115,2016-06-09,0.7444120154681212,0.7389050484557366,0.7453838549831815,0.7379332707271545,0.05320816543417615,0.011985711753351391,-0.004859074002344532,0.0009718395150603021,0.005506967012384734,-0.04705309303458354,20.314451217651367
1116,2016-06-10,0.7392289949607567,0.7382572172321746,0.7453838549831815,0.7353417604734722,0.06387990966656334,-0.005183020507364522,-0.0006478312235619343,0.0,-0.0025915102536823165,0.010671744232387197,20.296640396118164
1117,2016-06-13,0.7402008344758167,0.7346938674634321,0.740848727485857,0.734369920958412,0.07559668777398929,0.00097183951506008,-0.0035633497687425075,-0.004535127497324543,-0.0009718395150601911,0.01171677810742594,20.198673248291016
1118,2016-06-14,0.7304826246846495,0.7353417604734722,0.7356656451920142,0.7256235506823051,0.062206084222645355,-0.00971820979116722,0.0006478930100400904,-0.005183082293842789,-0.008746370276106918,-0.01339060355134393,20.21648597717285
1119,2016-06-15,0.7382572172321746,0.734045974453392,0.7392289949607567,0.733722027948372,0.024505158747730595,0.007774592547525105,-0.0012957860200801807,0.0035633497687425075,0.008098477266066939,-0.03770092547491476,20.180858612060547
1120,2016-06-16,0.734369920958412,0.7304826246846495,0.7356656451920142,0.7223841474185826,0.05175574547225789,-0.0038872962737626082,-0.0035633497687425075,-0.0035633497687425075,-0.011337880529789457,0.027250586724527296,20.082895278930664
1121,2016-06-17,0.7369614312120943,0.7376093242221345,0.7402008344758167,0.7330741349383318,0.037736350352034716,0.0025915102536823165,0.007126699537485015,0.004535189283802588,0.010689987519749256,-0.014019395120223176,20.278827667236328
1122,2016-06-20,0.7330741349383318,0.7291869004510476,0.7330741349383318,0.7288629539460274,0.031271310277642475,-0.003887296273762497,-0.008422423771086929,-0.007126699537484904,-0.004211180992304442,-0.006465040074392241,20.047269821166992
1123,2016-06-21,0.7230320404286227,0.7184969129312982,0.7233559869336427,0.717849019921258,0.042421290351149096,-0.010042094509709165,-0.010689987519749367,-0.009718148004689176,-0.011013934024769356,0.011149980073506621,19.753374099731445
1124,2016-06-22,0.7172011269112181,0.7136378389289536,0.7194686906598802,0.7136378389289536,0.0337510516760395,-0.005830913517404612,-0.004859074002344643,-0.003887296273762497,-0.004211180992304442,-0.008670238675109597,19.619787216186523
1125,2016-06-23,0.7152575096675756,0.7159054026776159,0.7172011269112181,0.7103984356652312,0.031129610769162645,-0.0019436172436424481,0.002267563748662327,-0.0022675637486621048,-0.003239403263722407,-0.002621440906876854,19.682130813598636
1126,2016-06-24,0.6997084481454819,0.700680225874064,0.7042435756428065,0.6967929913867797,0.10105831820395873,-0.015549061522093677,-0.015225176803551954,-0.012957551268411582,-0.01360544427845145,0.0699287074347961,19.2635498046875
1127,2016-06-27,0.7039196291377864,0.7055393616628867,0.7081308719165689,0.7029478514092043,0.04927600407386087,0.004211180992304442,0.004859135788822688,0.003887296273762386,0.006154860022424602,-0.051782314130097866,19.397140502929688
1128,2016-06-28,0.716553295687656,0.7126659994138934,0.7188208594363182,0.7116941598988332,0.079156887924545,0.012633666549869638,0.007126637751006748,0.010689987519749367,0.008746308489628873,0.029880883850684138,19.59306907653809
1129,2016-06-29,0.7172011269112181,0.7188208594363182,0.7207644766799605,0.7162293491826358,0.04860293140858168,0.0006478312235620454,0.006154860022424824,0.001943617243642226,0.004535189283802588,-0.030553956515963328,19.762283325195312
1130,2016-06-30,0.7155814561725958,0.7149335631625557,0.7162293491826358,0.7081308719165689,0.06821060089447814,-0.0016196707386222364,-0.003887296273762497,-0.004535127497324654,-0.008098477266066939,0.019607669485896463,19.65541076660156
1131,2016-07-01,0.717849019921258,0.7120181064038533,0.7184969129312982,0.7113702133938132,0.06617367046008059,0.0022675637486622158,-0.002915456758702417,0.002267563748662438,0.003239341477244362,-0.002036930434397552,19.575258255004883
1132,2016-07-05,0.7129899459189136,0.7074829789065289,0.7129899459189136,0.6987366086304218,0.07443652304831068,-0.004859074002344421,-0.0045351274973244315,-0.005506967012384623,-0.012633604763391482,0.00826285258823009,19.45057678222656
1133,2016-07-06,0.6990605551354417,0.6993845016404618,0.6997084481454819,0.6942014811330973,0.056706372049771955,-0.013929390783471884,-0.00809847726606705,-0.013281497773431683,-0.0045351274973244315,-0.017730150998538724,19.22792625427246
1134,2016-07-07,0.7010041723790841,0.6861030038670303,0.7022999583991643,0.6857790573620103,0.12511180976840985,0.0019436172436423371,-0.013281497773431572,0.0025915102536823165,-0.00842242377108704,0.0684054377186379,18.86278343200684
1135,2016-07-08,0.691609970879415,0.6942014811330973,0.6951732588616792,0.6903141848593347,0.07203648762343355,-0.009394201499669075,0.00809847726606705,-0.007126699537485015,0.0045351274973244315,-0.0530753221449763,19.085430145263672
1136,2016-07-11,0.7032717361277463,0.6971169378917996,0.7032717361277463,0.6961450983767394,0.025470486649249436,0.01166176524833129,0.002915456758702306,0.00809847726606705,0.005830913517404723,-0.04656600097418412,19.165584564208984
1137,2016-07-12,0.6935535881230571,0.6977648309018397,0.6984126621254018,0.6903141848593347,0.08538281007837754,-0.009718148004689176,0.0006478930100400904,-0.004859074002344532,-0.005830913517404723,0.05991232342912811,19.183399200439453
1138,2016-07-13,0.7065111393914687,0.7022999583991643,0.7094265961501711,0.7019760118941442,0.17431696408803082,0.012957551268411582,0.004535127497324543,0.011013934024769356,0.011661827034809447,0.08893415400965328,19.308080673217773
1139,2016-07-14,0.7126659994138934,0.7055393616628867,0.7136378389289536,0.7052154151578666,0.1452419961918257,0.006154860022424713,0.003239403263722407,0.004211242778782487,0.003239403263722407,-0.029074967896205117,19.397140502929688
1140,2016-07-15,0.7010041723790841,0.6912860243743949,0.7026239049041844,0.6909620778693747,0.0665810565469601,-0.011661827034809336,-0.014253337288491763,-0.011013934024769245,-0.014253337288491874,-0.0786609396448656,19.00527572631836
1141,2016-07-18,0.6912860243743949,0.6967929913867797,0.6974408843968197,0.6848072178469502,0.11036620466722756,-0.009718148004689176,0.005506967012384845,-0.005183020507364633,-0.006154860022424491,0.04378514812026746,19.156679153442383
1142,2016-07-19,0.6912860243743949,0.6822157075932678,0.6912860243743949,0.6818917610882477,0.05296904751361644,0.0,-0.014577283793511975,-0.006154860022424824,-0.002915456758702528,-0.05739715715361112,18.75591278076172
1143,2016-07-20,0.6818917610882477,0.6741172303272008,0.6838354401183679,0.6737932838221807,0.18740645618385512,-0.00939426328614723,-0.008098477266066939,-0.00745058425602696,-0.008098477266066939,0.13443740867023868,18.533262252807617
1144,2016-07-21,0.6776805800959432,0.6715257200735185,0.6786524196110034,0.6705539423449365,0.030677943585883185,-0.004211180992304442,-0.0025915102536823165,-0.005183020507364522,-0.003239341477244251,-0.15672851259797194,18.46201705932617
1145,2016-07-22,0.6663426995661539,0.6715257200735185,0.6724975595885788,0.6614836255638094,0.06459726342824249,-0.011337880529789346,0.0,-0.006154860022424602,-0.00907031678112713,0.0339193198423593,18.46201705932617
1146,2016-07-25,0.6734693991036389,0.6737932838221807,0.6744411768322208,0.6708778270634784,0.03245804366116105,0.007126699537485015,0.0022675637486622158,0.001943617243642004,0.009394201499669075,-0.03213921976708144,18.524356842041016
1147,2016-07-26,0.6705539423449365,0.6712017735684983,0.6734693991036389,0.6695821028298763,0.030934773945002877,-0.002915456758702417,-0.0025915102536824275,-0.000971777728581924,-0.0012957242336021357,-0.0015232697161581717,18.453107833862305
1148,2016-07-27,0.6715257200735185,0.6686102633148162,0.6731454525986188,0.6673145390812141,0.18564406854713722,0.000971777728582035,-0.0025915102536820944,-0.0003239465050201007,-0.0022675637486622158,0.15470929460213434,18.38186264038086
1149,2016-07-28,0.6673145390812141,0.6627793497974114,0.6679624320912542,0.6614836255638094,0.10855953593410973,-0.004211180992304442,-0.005830913517404834,-0.005183020507364633,-0.005830913517404723,-0.07708453261302749,18.221553802490234
1150,2016-07-29,0.6624554650788695,0.666990592576194,0.6699060493348964,0.6618075720688293,0.08014878448390382,-0.004859074002344532,0.004211242778782598,0.001943617243642226,0.00032394650501998967,-0.028410751450205912,18.337331771850582
1151,2016-08-01,0.6653709218375718,0.6653709218375718,0.6721736130835586,0.6647230288275318,0.05346499579329584,0.002915456758702306,-0.0016196707386221254,0.0022675637486622158,0.002915456758702417,-0.02668378869060798,18.292802810668945
1152,2016-08-02,0.6689342098198363,0.6631032963024314,0.6708778270634784,0.6601878395437291,0.052703360935216756,0.0035632879822644625,-0.002267625535140483,-0.0012957860200801807,-0.004535189283802699,-0.0007616348580790841,18.23045921325684
1153,2016-08-03,0.6643990823225118,0.6660187530611338,0.6695821028298763,0.6624554650788695,0.054022937607935174,-0.004535127497324543,0.002915456758702417,-0.0012957242336021357,0.002267625535140483,0.0013195766727184186,18.31061363220215
1154,2016-08-04,0.667638485586234,0.6689342098198363,0.6712017735684983,0.6631032963024314,0.026364964796528362,0.003239403263722185,0.002915456758702528,0.0016196707386220144,0.0006478312235618233,-0.027657972811406813,18.390766143798828
1155,2016-08-05,0.6721736130835586,0.6776805800959432,0.6780045266009633,0.6712017735684983,0.07295753442855245,0.004535127497324654,0.008746370276106918,0.006802753032465025,0.008098477266066939,0.046592569632024086,18.631227493286133
1156,2016-08-08,0.6802720903496255,0.6780045266009633,0.6822157075932678,0.676384794075863,0.03287428596732055,0.008098477266066939,0.0003239465050201007,0.004211180992304442,0.005183020507364744,-0.040083248461231895,18.640134811401367
1157,2016-08-09,0.6767087405808833,0.675089069842261,0.6815678763697058,0.6744411768322208,0.030890492848602933,-0.0035633497687422855,-0.002915456758702306,-0.0006478312235619343,-0.001943617243642226,-0.00198379311871762,18.55998039245605
1158,2016-08-10,0.675413016347281,0.6708778270634784,0.676384794075863,0.6695821028298763,0.01511756631094186,-0.0012957242336022468,-0.004211242778782598,-0.005183082293842789,-0.004859074002344532,-0.015772926537661075,18.444202423095703
1159,2016-08-11,0.6712017735684983,0.6679624320912542,0.6728215060935987,0.667638485586234,0.012735243324624718,-0.004211242778782709,-0.002915394972224261,-0.0035632879822643515,-0.0019436172436423371,-0.0023823229863171418,18.364049911499023
1160,2016-08-12,0.6679624320912542,0.6705539423449365,0.6708778270634784,0.6647230288275318,0.038489128990833815,-0.00323934147724414,0.0025915102536823165,-0.001943679030120271,-0.002915456758702195,0.0257538856662091,18.43529891967773
1161,2016-08-15,0.6731454525986188,0.676384794075863,0.6786524196110034,0.6731454525986188,0.07093831643271488,0.005183020507364633,0.005830851730926567,0.007774592547524994,0.00842242377108704,0.032449187441881064,18.595605850219727
1162,2016-08-16,0.6780045266009633,0.676384794075863,0.6786524196110034,0.6737932838221807,0.03693043439755568,0.004859074002344532,0.0,0.0,0.0006478312235619343,-0.0340078820351592,18.595605850219727
1163,2016-08-17,0.6737932838221807,0.6737932838221807,0.675413016347281,0.6715257200735185,0.021396625780454325,-0.004211242778782598,-0.0025915102536823165,-0.003239403263722407,-0.0022675637486622158,-0.015533808617101356,18.524356842041016
1164,2016-08-18,0.675089069842261,0.6783284731059834,0.6789763043295454,0.6744411768322208,0.09475269007660629,0.0012957860200802918,0.004535189283802699,0.0035632879822643515,0.002915456758702306,0.07335606429615196,18.64904022216797
1165,2016-08-19,0.6737932838221807,0.675736962852301,0.6770326870859033,0.6721736130835586,0.05152548377097817,-0.0012957860200802918,-0.0025915102536824275,-0.001943617243642115,-0.0022675637486622158,-0.043227206305628124,18.57779312133789
1166,2016-08-22,0.6767087405808833,0.6793002508345652,0.6815678763697058,0.675736962852301,0.021812868086613823,0.002915456758702528,0.0035632879822642405,0.004535189283802588,0.0035633497687423965,-0.029712615684364344,18.675756454467773
1167,2016-08-23,0.6770326870859033,0.6799481438446056,0.6812439298646857,0.676384794075863,0.059814905017048225,0.00032394650501998967,0.0006478930100403124,-0.0003239465050201007,0.0006478312235620454,0.0380020369304344,18.69356918334961
1168,2016-08-24,0.6789763043295454,0.6718496665785385,0.6802720903496255,0.6699060493348964,0.0295000664216446,0.001943617243642115,-0.00809847726606705,-0.0009718395150601911,-0.006478744740966658,-0.030314838595403626,18.47092056274414
1169,2016-08-25,0.6737932838221807,0.6692581563248563,0.6741172303272008,0.6679624320912542,0.06446442013904265,-0.005183020507364633,-0.0025915102536822054,-0.006154860022424713,-0.001943617243642226,0.03496435371739805,18.399673461914062
1170,2016-08-26,0.6695821028298763,0.6650469753325519,0.6741172303272008,0.6634272428074516,0.06434928928840278,-0.004211180992304442,-0.004211180992304442,0.0,-0.004535189283802588,-0.00011513085063986905,18.283897399902344
1171,2016-08-29,0.6627793497974114,0.6601878395437291,0.6656948065561138,0.6592160618151471,0.035832263206837,-0.006802753032464914,-0.004859135788822799,-0.00842242377108704,-0.004211180992304442,-0.028517026081565776,18.15030670166016
1172,2016-08-30,0.6592160618151471,0.658892115310127,0.6601878395437291,0.6530612017927223,0.039693574812912365,-0.0035632879822642405,-0.0012957242336020247,-0.005506967012384734,-0.006154860022424824,0.0038613116060753627,18.11468315124512
1173,2016-08-31,0.658892115310127,0.6553287655413845,0.6592160618151471,0.6537090948027624,0.038843377762033386,-0.0003239465050201007,-0.0035633497687425075,-0.000971777728581924,0.0006478930100400904,-0.0008501970508789786,18.01671600341797
1174,2016-09-01,0.6575963292900467,0.6553287655413845,0.6601878395437291,0.6543569878128025,0.0553336580613736,-0.0012957860200802918,0.0,0.000971777728581924,0.0006478930100400904,0.016490280299340215,18.01671600341797
1175,2016-09-02,0.6614836255638094,0.6575963292900467,0.6631032963024314,0.6572724445715049,0.041836779878669794,0.0038872962737626082,0.0022675637486622158,0.002915456758702306,0.002915456758702417,-0.013496878182703807,18.07905960083008
1176,2016-09-06,0.6546808725313444,0.6569484980664848,0.658892115310127,0.6517654775591203,0.02285790196165257,-0.006802753032464914,-0.0006478312235619343,-0.004211180992304331,-0.005506967012384623,-0.018978877917017224,18.061248779296875
1177,2016-09-07,0.6608357325537694,0.6640751358174917,0.6647230288275318,0.6598639548251872,0.03374219545675951,0.006154860022424935,0.007126637751006859,0.005830913517404723,0.008098477266066939,0.010884293495106938,18.257177352905277
1178,2016-09-08,0.6640751358174917,0.6634272428074516,0.6650469753325519,0.6605117860487493,0.01695080370189966,0.003239403263722296,-0.0006478930100400904,0.0003239465050201007,0.0006478312235620454,-0.016791391754859848,18.23936462402344
1179,2016-09-09,0.6598639548251872,0.658892115310127,0.6631032963024314,0.6563006050564448,0.01876632865429748,-0.004211180992304442,-0.004535127497324543,-0.0019436790301204931,-0.004211180992304442,0.0018155249523978192,18.11468315124512
1180,2016-09-12,0.6569484980664848,0.659540008320167,0.6631032963024314,0.6569484980664848,0.04440508346986671,-0.002915456758702417,0.0006478930100399793,0.0,0.0006478930100399793,0.025638754815569233,18.132495880126957
1181,2016-09-13,0.6569484980664848,0.6507936380440601,0.6569484980664848,0.6498217985289999,0.05168489571801798,0.0,-0.008746370276106918,-0.006154798235946557,-0.007126699537484904,0.007279812248151267,17.89203643798828
1182,2016-09-14,0.649173967305438,0.6494978520239798,0.6504696915390399,0.6462585105467356,0.03249346853828101,-0.007774530761046838,-0.0012957860200802918,-0.006478806527444925,-0.0035632879822643515,-0.019191427179736972,17.85641098022461
1183,2016-09-15,0.6511175845490801,0.6517654775591203,0.6527372552877023,0.649173967305438,0.024593720940530486,0.001943617243642115,0.002267625535140483,0.002267563748662438,0.002915456758702417,-0.007899747597750521,17.91875457763672
1184,2016-09-16,0.6517654775591203,0.6585681688051068,0.6605117860487493,0.6517654775591203,0.025231368728689724,0.0006478930100402014,0.006802691245986536,0.007774530761046949,0.0025915102536823165,0.0006376477881592374,18.10577774047852
1185,2016-09-19,0.6634272428074516,0.6621315185738494,0.6666666460711739,0.6598639548251872,0.07695168932382766,0.01166176524833129,0.0035633497687426186,0.006154860022424602,0.008098477266066939,0.05172032059513794,18.203744888305664
1186,2016-09-20,0.6637511893124716,0.6679624320912542,0.6686102633148162,0.6637511893124716,0.03321967851924014,0.00032394650501998967,0.005830913517404723,0.0019436172436423371,0.003887234487284341,-0.04373201080458752,18.364049911499023
1187,2016-09-21,0.6695821028298763,0.6686102633148162,0.6715257200735185,0.666990592576194,0.023956073152371252,0.005830913517404723,0.0006478312235620454,0.002915456758702306,0.003239403263722407,-0.009263605366868887,18.38186264038086
1188,2016-09-22,0.6721736130835586,0.6660187530611338,0.6744411768322208,0.6650469753325519,0.03621308063587655,0.0025915102536823165,-0.0025915102536824275,0.002915456758702306,-0.001943617243642115,0.012257007483505295,18.31061363220215
1189,2016-09-23,0.6637511893124716,0.6631032963024314,0.6637511893124716,0.658892115310127,0.035770269671877075,-0.00842242377108704,-0.002915456758702417,-0.010689987519749256,-0.006154860022424824,-0.00044281096399947234,18.23045921325684
1190,2016-09-26,0.6605117860487493,0.6611596790587893,0.6618075720688293,0.6569484980664848,0.02668378869060798,-0.003239403263722296,-0.001943617243642115,-0.001943617243642226,-0.001943617243642226,-0.009086480981269095,18.177024841308597
1191,2016-09-27,0.6605117860487493,0.6592160618151471,0.6605117860487493,0.6563006050564448,0.02525793738652969,0.0,-0.001943617243642115,-0.0012957860200800697,-0.0006478930100399793,-0.0014258513040782891,18.12358856201172
1192,2016-09-28,0.658244222300087,0.658892115310127,0.6598639548251872,0.6553287655413845,0.016277731036620467,-0.002267563748662327,-0.0003239465050201007,-0.0006478312235620454,-0.0009718395150603021,-0.008980206349909224,18.11468315124512
1193,2016-09-29,0.6559766585514246,0.6527372552877023,0.6569484980664848,0.6517654775591203,0.043165212770668204,-0.002267563748662327,-0.006154860022424713,-0.002915456758702417,-0.0035632879822642405,0.026887481734047737,17.94546890258789
1194,2016-09-30,0.6514415310541001,0.6472302882753176,0.6527372552877023,0.6462585105467356,0.09131647699597042,-0.004535127497324543,-0.005506967012384734,-0.004211242778782487,-0.005506967012384734,0.04815126422530222,17.794069290161133
1195,2016-10-03,0.6469063417702974,0.6478781812853577,0.649173967305438,0.6433430537880331,0.05078156135145906,-0.004535189283802699,0.0006478930100400904,-0.0035632879822643515,-0.002915456758702417,-0.040534915644511366,17.81188201904297
1196,2016-10-04,0.6498217985289999,0.6520893622776621,0.6543569878128025,0.649173967305438,0.045839790993224994,0.002915456758702528,0.004211180992304442,0.005183020507364522,0.005830913517404834,-0.0049417703582340655,17.927658081054688
1197,2016-10-05,0.6530612017927223,0.6533851482977424,0.6559766585514246,0.6507936380440601,0.016065181773900723,0.003239403263722407,0.0012957860200802918,0.0016196707386221254,0.0016196707386221254,-0.02977460921932427,17.963281631469727
1198,2016-10-06,0.6485260742953978,0.649173967305438,0.6507936380440601,0.6462585105467356,0.02979232165788425,-0.004535127497324543,-0.004211180992304442,-0.005183020507364522,-0.004535127497324543,0.013727139883983528,17.847505569458008
1199,2016-10-07,0.6511175845490801,0.6494978520239798,0.6540330413077825,0.6494978520239798,0.016162600185980605,0.0025915102536823165,0.00032388471854183365,0.003239403263722407,0.003239341477244251,-0.013629721471903646,17.85641098022461
1200,2016-10-10,0.6478781812853577,0.6478781812853577,0.6507936380440601,0.6452866710316754,0.027064606119647523,-0.003239403263722407,-0.0016196707386221254,-0.003239403263722407,-0.004211180992304442,0.010902005933666917,17.81188201904297
1201,2016-10-11,0.6472302882753176,0.6485260742953978,0.6504696915390399,0.6462585105467356,0.023460124872691848,-0.0006478930100400904,0.0006478930100400904,-0.0003239465050202117,0.0009718395150601911,-0.0036044812469556743,17.829692840576172
1202,2016-10-12,0.6462585105467356,0.6459345640417156,0.6520893622776621,0.6459345640417156,0.02939379179028473,-0.000971777728582035,-0.0025915102536822054,0.0016196707386222364,-0.00032394650501998967,0.005933666917592881,17.758447647094727
1203,2016-10-13,0.6462585105467356,0.6504696915390399,0.6517654775591203,0.6462585105467356,0.04317406898994819,0.0,0.0045351274973243205,-0.00032388471854183365,0.00032394650501998967,0.01378027719966346,17.883129119873047
1204,2016-10-14,0.6546808725313444,0.6537090948027624,0.6592160618151471,0.6530612017927223,0.0807510073949431,0.008422361984608884,0.003239403263722518,0.007450584256026849,0.006802691245986758,0.03757693840499492,17.972190856933594
1205,2016-10-17,0.6537090948027624,0.6569484980664848,0.6575963292900467,0.6517654775591203,0.029322942036044814,-0.000971777728582035,0.003239403263722407,-0.0016197325251003925,-0.0012957242336020247,-0.051428065358898295,18.061248779296875
1206,2016-10-18,0.6556527120464046,0.6566245515614648,0.6601878395437291,0.6556527120464046,0.02403577912589116,0.001943617243642226,-0.00032394650501998967,0.0025915102536823165,0.003887234487284341,-0.005287162910153655,18.05234146118164
1207,2016-10-19,0.6553287655413845,0.6563006050564448,0.658244222300087,0.6543569878128025,0.026666076252048,-0.0003239465050201007,-0.00032394650501998967,-0.001943617243642115,-0.0012957242336021357,0.002630297126156842,18.04343605041504
1208,2016-10-20,0.6540330413077825,0.6546808725313444,0.6563006050564448,0.6530612017927223,0.028047646459726343,-0.0012957242336020247,-0.0016197325251003925,-0.001943617243642115,-0.0012957860200801807,0.001381570207678342,17.998905181884766
1209,2016-10-21,0.6533851482977424,0.6569484980664848,0.658892115310127,0.6533851482977424,0.061311606075366426,-0.0006478930100400904,0.002267625535140372,0.0025915102536822054,0.0003239465050201007,0.03326395961564008,18.061248779296875
1210,2016-10-24,0.6592160618151471,0.6624554650788695,0.6643990823225118,0.6592160618151471,0.03228977549484125,0.005830913517404723,0.005506967012384734,0.005506967012384734,0.005830913517404723,-0.029021830580525175,18.212648391723636
1211,2016-10-25,0.6624554650788695,0.6666666460711739,0.666990592576194,0.6624554650788695,0.0798388168091042,0.003239403263722407,0.004211180992304331,0.0025915102536822054,0.003239403263722407,0.04754904131426294,18.328426361083984
1212,2016-10-26,0.6673145390812141,0.6679624320912542,0.6702299958399164,0.6666666460711739,0.03293627950228047,0.004859074002344532,0.0012957860200802918,0.003239403263722407,0.004211180992304331,-0.04690253730682372,18.364049911499023
1213,2016-10-27,0.6682863168097961,0.6705539423449365,0.6731454525986188,0.666990592576194,0.0669175928795997,0.000971777728582035,0.0025915102536823165,0.002915456758702417,0.0003239465050201007,0.033981313377319224,18.43529891967773
1214,2016-10-28,0.6682863168097961,0.6682863168097961,0.6708778270634784,0.6666666460711739,0.03626621795155648,0.0,-0.002267625535140372,-0.002267625535140372,-0.0003239465050201007,-0.030651374928043214,18.372953414916992
1215,2016-10-31,0.6643990823225118,0.6647230288275318,0.6679624320912542,0.6631032963024314,0.027684541469246777,-0.003887234487284341,-0.0035632879822643515,-0.002915394972224261,-0.0035633497687425075,-0.008581676482309706,18.27499008178711
1216,2016-11-01,0.6640751358174917,0.658892115310127,0.6640751358174917,0.6575963292900467,0.11081787185050702,-0.0003239465050201007,-0.005830913517404723,-0.003887296273762497,-0.005506967012384623,0.08313333038126025,18.11468315124512
1217,2016-11-02,0.659540008320167,0.6627793497974114,0.6634272428074516,0.658244222300087,0.04472390736394633,-0.004535127497324654,0.003887234487284341,-0.0006478930100400904,0.0006478930100402014,-0.06609396448656069,18.221553802490234
1218,2016-11-03,0.6640751358174917,0.6614836255638094,0.6640751358174917,0.6592160618151471,0.013452597086303857,0.004535127497324654,-0.0012957242336020247,0.0006478930100400904,0.0009718395150601911,-0.031271310277642475,18.18593406677246
1219,2016-11-04,0.6605117860487493,0.6614836255638094,0.6614836255638094,0.658244222300087,0.1289996900323252,-0.0035633497687423965,0.0,-0.0025915102536823165,-0.0009718395150601911,0.11554709294602133,18.18593406677246
1220,2016-11-07,0.6640751358174917,0.6605117860487493,0.6647230288275318,0.659540008320167,0.09868485143692157,0.0035633497687423965,-0.00097183951506008,0.003239403263722407,0.0012957860200800697,-0.030314838595403626,18.15921211242676
1221,2016-11-08,0.659540008320167,0.6618075720688293,0.6647230288275318,0.659540008320167,0.03686844086259576,-0.004535127497324654,0.0012957860200800697,0.0,0.0,-0.06181641057432581,18.194839477539062
1222,2016-11-09,0.6556527120464046,0.658892115310127,0.6621315185738494,0.6556527120464046,0.05725545764513129,-0.003887296273762386,-0.002915456758702306,-0.0025915102536823165,-0.003887296273762386,0.02038701678253553,18.11468315124512
1223,2016-11-10,0.6579202757950668,0.6546808725313444,0.658244222300087,0.6533851482977424,0.03539830846211752,0.0022675637486622158,-0.004211242778782598,-0.003887296273762497,-0.0022675637486622158,-0.02185714918301377,17.998905181884766
1224,2016-11-11,0.6533851482977424,0.6537090948027624,0.6553287655413845,0.6511175845490801,0.03436213080635876,-0.0045351274973244315,-0.000971777728582035,-0.002915456758702417,-0.002267563748662327,-0.001036177655758759,17.972190856933594
1225,2016-11-14,0.649173967305438,0.6498217985289999,0.6504696915390399,0.6452866710316754,0.0553336580613736,-0.004211180992304442,-0.003887296273762497,-0.004859074002344643,-0.005830913517404723,0.02097152725501484,17.865318298339844
1226,2016-11-15,0.6504696915390399,0.6494978520239798,0.6504696915390399,0.6469063417702974,0.02836647035380596,0.0012957242336019137,-0.0003239465050201007,0.0,0.0016196707386220144,-0.02696718770756764,17.85641098022461
1227,2016-11-16,0.6488500208004179,0.6501457450340199,0.6511175845490801,0.6478781812853577,0.019572244608776514,-0.0016196707386220144,0.0006478930100400904,0.0006478930100402014,0.0009718395150603021,-0.008794225745029447,17.874225616455078
1228,2016-11-17,0.6504696915390399,0.6520893622776621,0.6524133087826823,0.6475542347803377,0.03937475091883275,0.0016196707386220144,0.001943617243642226,0.0012957242336022468,-0.00032394650501998967,0.01980250631005624,17.927658081054688
1229,2016-11-18,0.6517654775591203,0.6530612017927223,0.6533851482977424,0.6507936380440601,0.016330868352300403,0.0012957860200804028,0.0009718395150601911,0.00097183951506008,0.003239403263722407,-0.02304388256653235,17.954376220703125
1230,2016-11-21,0.6543569878128025,0.658892115310127,0.659540008320167,0.6537090948027624,0.04477704467962627,0.0025915102536822054,0.005830913517404723,0.006154860022424602,0.002915456758702306,0.028446176327325864,18.11468315124512
1231,2016-11-22,0.658244222300087,0.6579202757950668,0.6592160618151471,0.6569484980664848,0.013240047823584112,0.003887234487284452,-0.0009718395150601911,-0.00032394650501987865,0.003239403263722407,-0.03153699685604215,18.087966918945312
1232,2016-11-23,0.6543569878128025,0.6569484980664848,0.6572724445715049,0.6520893622776621,0.10767391400611079,-0.003887234487284452,-0.000971777728582035,-0.001943617243642226,-0.004859135788822688,0.09443386618252668,18.061248779296875
1233,2016-11-25,0.6559766585514246,0.6575963292900467,0.6579202757950668,0.6543569878128025,0.01185847761590577,0.0016196707386221254,0.0006478312235619343,0.0006478312235619343,0.002267625535140372,-0.09581543639020501,18.07905960083008
1234,2016-11-28,0.6556527120464046,0.6559766585514246,0.6598639548251872,0.6553287655413845,0.019598813266616482,-0.00032394650501998967,-0.0016196707386221254,0.0019436790301203821,0.000971777728582035,0.007740335650710712,18.03453063964844
1235,2016-11-29,0.6563006050564448,0.6478781812853577,0.6563006050564448,0.6472302882753176,0.022547934286852943,0.0006478930100402014,-0.008098477266066939,-0.0035633497687423965,-0.008098477266066939,0.002949121020236461,17.81188201904297
1236,2016-11-30,0.6482021277903779,0.6459345640417156,0.6501457450340199,0.6456106175366955,0.10269671877075677,-0.008098477266066939,-0.001943617243642115,-0.006154860022424935,-0.0016196707386221254,0.08014878448390383,17.758447647094727
1237,2016-12-01,0.6462585105467356,0.6388078645042304,0.6475542347803377,0.6381600332806686,0.0482486826373821,-0.0019436172436423371,-0.007126699537485126,-0.0025915102536822054,-0.007450584256026849,-0.05444803613337467,17.56251335144043
1238,2016-12-02,0.6394557575142706,0.6375121402706285,0.6404275970293308,0.6362163542505483,0.1929238807952885,-0.006802753032464914,-0.0012957242336019137,-0.007126637751006859,-0.001943679030120271,0.1446751981579064,17.52688980102539
1239,2016-12-05,0.6391318110092506,0.6404275970293308,0.642047267767953,0.6384839179992104,0.024239472169330912,-0.00032394650501998967,0.002915456758702306,0.0016196707386221254,0.0022675637486621048,-0.16868440862595757,17.607046127319336
1240,2016-12-06,0.6413993747579129,0.6449627245266554,0.6475542347803377,0.6413993747579129,0.060240003542487715,0.0022675637486622158,0.004535127497324543,0.005506967012384734,0.002915456758702417,0.0360005313731568,17.731727600097656
1241,2016-12-07,0.6436670002930532,0.6465823952652775,0.6465823952652775,0.642371214272973,0.025133950316609838,0.002267625535140372,0.0016196707386221254,-0.0009718395150601911,0.00097183951506008,-0.03510605322587788,17.77625846862793
1242,2016-12-08,0.6459345640417156,0.642047267767953,0.6459345640417156,0.641723321262933,0.032564318292520926,0.002267563748662327,-0.004535127497324543,-0.0006478312235619343,-0.0006478930100399793,0.007430367975911088,17.651575088500977
1243,2016-12-09,0.6433430537880331,0.6413993747579129,0.6433430537880331,0.6355685230269863,0.060018598060487975,-0.0025915102536824275,-0.0006478930100400904,-0.0025915102536824275,-0.006154798235946668,0.02745427976796705,17.63376235961914
1244,2016-12-12,0.6439908850115952,0.6511175845490801,0.6514415310541001,0.6436670002930532,0.10695656024443165,0.0006478312235620454,0.00971820979116722,0.008098477266066939,0.008098477266066939,0.04693796218394367,17.900941848754883
1245,2016-12-13,0.6514415310541001,0.6517654775591203,0.6533851482977424,0.6494978520239798,0.08454146924677855,0.007450646042504894,0.0006478930100402014,0.0019436172436423371,0.005830851730926567,-0.022415090997653098,17.91875457763672
1246,2016-12-14,0.6478781812853577,0.6501457450340199,0.6517654775591203,0.6475542347803377,0.032449187441881064,-0.0035633497687423965,-0.0016197325251003925,-0.0016196707386221254,-0.001943617243642115,-0.052092281804897486,17.874225616455078
1247,2016-12-15,0.6459345640417156,0.6482021277903779,0.649173967305438,0.6443148315166153,0.03704556524819554,-0.001943617243642115,-0.001943617243642004,-0.0025915102536823165,-0.003239403263722407,0.004596377806314479,17.82078742980957
1248,2016-12-16,0.6472302882753176,0.6524133087826823,0.6530612017927223,0.6443148315166153,0.03389275118451933,0.0012957242336020247,0.004211180992304442,0.003887234487284341,0.0,-0.003152814063676214,17.936561584472656
1249,2016-12-19,0.6533851482977424,0.6550048190363644,0.6550048190363644,0.6413993747579129,0.14268254881990877,0.006154860022424824,0.0025915102536820944,0.001943617243642115,-0.002915456758702417,0.10878979763538944,18.0078125
1250,2016-12-20,0.6511175845490801,0.6482021277903779,0.6537090948027624,0.6472302882753176,0.025488199087809416,-0.002267563748662327,-0.006802691245986536,-0.0012957242336020247,0.005830913517404723,-0.11719434973209936,17.82078742980957
1251,2016-12-21,0.6488500208004179,0.649173967305438,0.6501457450340199,0.6475542347803377,0.07315237125271222,-0.0022675637486622158,0.00097183951506008,-0.0035633497687425075,0.0003239465050201007,0.047664172164902804,17.847505569458008
1252,2016-12-22,0.6465823952652775,0.642371214272973,0.6475542347803377,0.642371214272973,0.04400655360226719,-0.002267625535140372,-0.006802753032465025,-0.0025915102536822054,-0.005183020507364744,-0.02914581765044503,17.660480499267578
1253,2016-12-23,0.642695160777993,0.6397797040192907,0.6443148315166153,0.6391318110092506,0.10380374618075544,-0.003887234487284452,-0.0025915102536822054,-0.003239403263722407,-0.003239403263722296,0.05979719257848825,17.5892333984375
1254,2016-12-27,0.6410754900393709,0.6462585105467356,0.6469063417702974,0.6410754900393709,0.039870699198512154,-0.0016196707386221254,0.006478806527444814,0.0025915102536820944,0.001943679030120271,-0.06393304698224328,17.76735496520996
1255,2016-12-28,0.642047267767953,0.6459345640417156,0.6462585105467356,0.642047267767953,0.03764778815923482,0.000971777728582035,-0.00032394650501998967,-0.0006478312235618233,0.000971777728582035,-0.0022229110392773324,17.758447647094727
1256,2016-12-29,0.6456106175366955,0.6462585105467356,0.6478781812853577,0.6452866710316754,0.03339680290483992,0.0035633497687425075,0.00032394650501998967,0.0016196707386221254,0.003239403263722407,-0.0042509852543949,17.76735496520996
1257,2016-12-30,0.6472302882753176,0.6469063417702974,0.6511175845490801,0.6462585105467356,0.03774520657131471,0.0016196707386221254,0.0006478312235618233,0.003239403263722407,0.0009718395150601911,0.004348403666474786,17.7851619720459
1258,2017-01-03,0.6478781812853577,0.6465823952652775,0.6511175845490801,0.6462585105467356,0.053810388345215426,0.0006478930100400904,-0.00032394650501987865,0.0,0.0,0.01606518177390072,17.77625846862793
1259,2017-01-04,0.6501457450340199,0.658244222300087,0.658244222300087,0.6501457450340199,0.1195766727184165,0.0022675637486622158,0.011661827034809447,0.007126637751006859,0.003887234487284341,0.06576628437320108,18.09687042236328
1260,2017-01-05,0.658892115310127,0.6614836255638094,0.6634272428074516,0.6585681688051068,0.12837975468272594,0.00874637027610714,0.003239403263722407,0.005183020507364633,0.008422423771086929,0.008803081964309442,18.18593406677246
1261,2017-01-06,0.6614836255638094,0.658892115310127,0.6614836255638094,0.658244222300087,0.03770092547491476,0.0025915102536823165,-0.0025915102536823165,-0.001943617243642226,-0.00032394650501987865,-0.09067882920781119,18.11468315124512
1262,2017-01-09,0.658892115310127,0.6601878395437291,0.6608357325537694,0.6550048190363644,0.08506398618429792,-0.0025915102536823165,0.0012957242336020247,-0.0006478930100399793,-0.003239403263722518,0.04736306070938316,18.15030670166016
1263,2017-01-10,0.6608357325537694,0.6666666460711739,0.6666666460711739,0.6608357325537694,0.12372138334145154,0.0019436172436423371,0.006478806527444814,0.005830913517404501,0.005830913517404945,0.03865739715715362,18.328426361083984
1264,2017-01-11,0.6666666460711739,0.6631032963024314,0.6802720903496255,0.6601878395437291,0.0759952176415888,0.005830913517404501,-0.0035633497687425075,0.013605444278451673,-0.0006478930100403124,-0.04772616569986274,18.23045921325684
1265,2017-01-12,0.6631032963024314,0.6686102633148162,0.6692581563248563,0.6621315185738494,0.06762609042199885,-0.0035633497687425075,0.005506967012384845,-0.011013934024769245,0.0019436790301203821,-0.008369127219589947,18.38186264038086
1266,2017-01-13,0.6679624320912542,0.6715257200735185,0.6718496665785385,0.6666666460711739,0.1244210246645707,0.004859135788822799,0.002915456758702306,0.0025915102536822054,0.0045351274973244315,0.05679493424257184,18.46201705932617
1267,2017-01-17,0.6744411768322208,0.6767087405808833,0.6780045266009633,0.6741172303272008,0.11619359695346057,0.006478744740966658,0.005183020507364744,0.006154860022424824,0.00745058425602696,-0.008227427711110125,18.60450935363769
1268,2017-01-18,0.675736962852301,0.6760609093573211,0.6773566335909232,0.6741172303272008,0.12381880175353142,0.0012957860200801807,-0.0006478312235621564,-0.0006478930100400904,0.0,0.007625204800070853,18.58669853210449
1269,2017-01-19,0.675089069842261,0.6721736130835586,0.6760609093573211,0.6718496665785385,0.02864101315148563,-0.0006478930100399793,-0.003887296273762497,-0.0012957242336021357,-0.002267563748662327,-0.09517778860204579,18.47982788085937
1270,2017-01-20,0.6731454525986188,0.6747651233372408,0.6747651233372408,0.6708778270634784,0.03203294513572156,-0.001943617243642226,0.0025915102536822054,-0.0012957860200802918,-0.00097183951506008,0.0033919319842359297,18.55107307434082
1271,2017-01-23,0.6760609093573211,0.6760609093573211,0.676384794075863,0.6728215060935987,0.10048266395075942,0.002915456758702306,0.0012957860200802918,0.0016196707386222364,0.001943679030120271,0.06844971881503786,18.58669853210449
1272,2017-01-24,0.6780045266009633,0.6731454525986188,0.6783284731059834,0.6724975595885788,0.03789576229907453,0.001943617243642226,-0.002915456758702306,0.0019436790301203821,-0.00032394650501987865,-0.06258690165168489,18.50654411315918
1273,2017-01-25,0.6682863168097961,0.675413016347281,0.6767087405808833,0.6682863168097961,0.0289155559491653,-0.00971820979116722,0.0022675637486622158,-0.0016197325251001704,-0.004211242778782709,-0.008980206349909228,18.568885803222656
1274,2017-01-26,0.6731454525986188,0.667638485586234,0.6734693991036389,0.6660187530611338,0.05473143515033432,0.004859135788822688,-0.00777453076104706,-0.003239341477244362,-0.002267563748662327,0.025815879201169022,18.355144500732425
1275,2017-01-27,0.667638485586234,0.6663426995661539,0.6679624320912542,0.6660187530611338,0.08173404773502192,-0.005506967012384845,-0.0012957860200800697,-0.005506967012384734,0.0,0.0270026125846876,18.319520950317383
1276,2017-01-30,0.6637511893124716,0.658892115310127,0.6637511893124716,0.658892115310127,0.060665102067927204,-0.003887296273762386,-0.007450584256026849,-0.004211242778782598,-0.007126637751006748,-0.02106894566709472,18.11468315124512
1277,2017-01-31,0.6598639548251872,0.6608357325537694,0.6614836255638094,0.6592160618151471,0.07254129212239295,-0.003887234487284341,0.0019436172436423371,-0.0022675637486622158,0.0003239465050201007,0.011876190054465746,18.168119430541992
1278,2017-02-01,0.6624554650788695,0.6673145390812141,0.6673145390812141,0.6605117860487493,0.038869946419873354,0.0025915102536823165,0.006478806527444703,0.005830913517404723,0.0012957242336021357,-0.033671345702519596,18.346237182617188
1279,2017-02-02,0.6679624320912542,0.6660187530611338,0.6682863168097961,0.6643990823225118,0.0935039631581278,0.005506967012384623,-0.0012957860200802918,0.000971777728582035,0.003887296273762497,0.054634016738254444,18.31061363220215
1280,2017-02-03,0.666990592576194,0.6663426995661539,0.6686102633148162,0.6653709218375718,0.032626311827480846,-0.0009718395150601911,0.0003239465050201007,0.0003239465050201007,0.00097183951506008,-0.06087765133064695,18.319520950317383
1281,2017-02-06,0.6673145390812141,0.6650469753325519,0.6682863168097961,0.6640751358174917,0.051268653411858475,0.0003239465050201007,-0.0012957242336020247,-0.0003239465050201007,-0.0012957860200801807,0.01864234158437763,18.283897399902344
1282,2017-02-07,0.6647230288275318,0.6656948065561138,0.666990592576194,0.6634272428074516,0.02259221538325289,-0.0025915102536823165,0.0006478312235619343,-0.0012957242336021357,-0.0006478930100400904,-0.028676438028605585,18.30171012878418
1283,2017-02-08,0.6656948065561138,0.6647230288275318,0.666990592576194,0.6640751358174917,0.024753132887570296,0.000971777728582035,-0.000971777728582035,0.0,0.0006478930100400904,0.0021609175043174056,18.27499008178711
1284,2017-02-09,0.6650469753325519,0.6663426995661539,0.667638485586234,0.6647230288275318,0.18421821724305895,-0.0006478312235619343,0.0016196707386221254,0.0006478930100399793,0.0006478930100400904,0.15946508435548865,18.319520950317383
1285,2017-02-10,0.6656948065561138,0.6663426995661539,0.6689342098198363,0.6656948065561138,0.08726032856573529,0.0006478312235619343,0.0,0.0012957242336023578,0.000971777728582035,-0.09695788867732366,18.319520950317383
1286,2017-02-13,0.6643990823225118,0.6631032963024314,0.6653709218375718,0.6618075720688293,0.046955674622503656,-0.0012957242336020247,-0.003239403263722518,-0.0035632879822644625,-0.003887234487284452,-0.040304653943231634,18.23045921325684
1287,2017-02-14,0.6624554650788695,0.6653709218375718,0.6653709218375718,0.6618075720688293,0.01779214453349865,-0.001943617243642226,0.002267625535140483,0.0,0.0,-0.029163530089005005,18.292802810668945
1288,2017-02-15,0.6653709218375718,0.6692581563248563,0.6705539423449365,0.6653709218375718,0.021423194438294293,0.002915456758702306,0.003887234487284452,0.005183020507364633,0.0035633497687425075,0.003631049904795642,18.399673461914062
1289,2017-02-16,0.6702299958399164,0.6673145390812141,0.6724975595885788,0.6673145390812141,0.053739538590975515,0.004859074002344532,-0.001943617243642226,0.0019436172436423371,0.001943617243642226,0.032316344152681226,18.346237182617188
1290,2017-02-17,0.6647230288275318,0.666990592576194,0.667638485586234,0.6647230288275318,0.03104104857636275,-0.005506967012384623,-0.0003239465050201007,-0.004859074002344865,-0.0025915102536823165,-0.022698490014612764,18.337331771850582
1291,2017-02-21,0.6708778270634784,0.6686102633148162,0.6708778270634784,0.6673145390812141,0.04007439224195191,0.006154798235946668,0.0016196707386222364,0.003239341477244473,0.0025915102536823165,0.00903334366558916,18.38186264038086
1292,2017-02-22,0.6702299958399164,0.666990592576194,0.6702299958399164,0.6663426995661539,0.040986582827790816,-0.0006478312235620454,-0.0016196707386222364,-0.0006478312235620454,-0.0009718395150601911,0.0009121905858389054,18.337331771850582
1293,2017-02-23,0.6712017735684983,0.6634272428074516,0.6712017735684983,0.6624554650788695,0.040774033565071074,0.000971777728581924,-0.0035633497687423965,0.000971777728581924,-0.003887234487284341,-0.00021254926271974117,18.23936462402344
1294,2017-02-24,0.6614836255638094,0.6572724445715049,0.6614836255638094,0.6559766585514246,0.21164592835318602,-0.009718148004688953,-0.006154798235946668,-0.009718148004688953,-0.006478806527444925,0.17087189478811493,18.07015419006348
1295,2017-02-27,0.6559766585514246,0.6517654775591203,0.6563006050564448,0.6511175845490801,0.08918212814949299,-0.005506967012384734,-0.005506967012384623,-0.005183020507364522,-0.004859074002344532,-0.12246380020369303,17.91875457763672
1296,2017-02-28,0.6520893622776621,0.6543569878128025,0.6585681688051068,0.6520893622776621,0.16705486427843955,-0.003887296273762497,0.0025915102536822054,0.0022675637486619937,0.000971777728582035,0.07787273612894656,17.990001678466797
1297,2017-03-01,0.6556527120464046,0.6631032963024314,0.6631032963024314,0.6556527120464046,0.13998140193951203,0.0035633497687425075,0.008746308489628873,0.004535127497324543,0.0035633497687425075,-0.027073462338927518,18.23045921325684
1298,2017-03-02,0.6592160618151471,0.658244222300087,0.6631032963024314,0.6575963292900467,0.06568657839968117,0.0035633497687425075,-0.004859074002344421,0.0,0.001943617243642115,-0.07429482353983086,18.09687042236328
1299,2017-03-03,0.658244222300087,0.658244222300087,0.658892115310127,0.6553287655413845,0.025479342868529424,-0.0009718395150601911,0.0,-0.004211180992304331,-0.0022675637486622158,-0.04020723553115175,18.09687042236328
1300,2017-03-06,0.6614836255638094,0.6569484980664848,0.6621315185738494,0.6556527120464046,0.04050834698667139,0.003239403263722407,-0.0012957242336021357,0.003239403263722407,0.0003239465050201007,0.015029004118141967,18.061248779296875
1301,2017-03-07,0.6530612017927223,0.6507936380440601,0.6559766585514246,0.6494978520239798,0.10228047646459726,-0.00842242377108704,-0.006154860022424713,-0.006154860022424824,-0.006154860022424824,0.06177212947792587,17.89203643798828
1302,2017-03-08,0.649173967305438,0.6494978520239798,0.6517654775591203,0.649173967305438,0.05139264048177833,-0.003887234487284341,-0.0012957860200802918,-0.004211180992304331,-0.00032388471854183365,-0.05088783598281893,17.85641098022461
1303,2017-03-09,0.6494978520239798,0.6459345640417156,0.6524133087826823,0.6446387780216354,0.02880928131780543,0.00032388471854183365,-0.0035632879822642405,0.0006478312235620454,-0.004535189283802588,-0.0225833591639729,17.758447647094727
1304,2017-03-10,0.6459345640417156,0.6472302882753176,0.6482021277903779,0.6456106175366955,0.06625337643360049,-0.0035632879822642405,0.0012957242336020247,-0.004211180992304442,0.00097183951506008,0.037444095115795065,17.794069290161133
1305,2017-03-13,0.6462585105467356,0.6494978520239798,0.6504696915390399,0.6462585105467356,0.018093255989018286,0.00032394650501998967,0.0022675637486622158,0.0022675637486619937,0.0006478930100400904,-0.048160120444582205,17.85641098022461
1306,2017-03-14,0.6485260742953978,0.6482021277903779,0.6501457450340199,0.6472302882753176,0.24494531284594606,0.0022675637486622158,-0.0012957242336019137,-0.00032394650501998967,0.000971777728582035,0.22685205685692778,17.82078742980957
1307,2017-03-15,0.6478781812853577,0.6504696915390399,0.6514415310541001,0.6478781812853577,0.07887348890758535,-0.0006478930100400904,0.0022675637486619937,0.0012957860200801807,0.0006478930100400904,-0.16607182393836073,17.883129119873047
1308,2017-03-16,0.6540330413077825,0.6533851482977424,0.6543569878128025,0.6520893622776621,0.023637249258291634,0.006154860022424824,0.002915456758702528,0.002915456758702417,0.004211180992304442,-0.05523623964929371,17.963281631469727
1309,2017-03-17,0.6530612017927223,0.6527372552877023,0.6543569878128025,0.6488500208004179,0.03674445379267591,-0.0009718395150601911,-0.0006478930100400904,0.0,-0.003239341477244251,0.013107204534384274,17.94546890258789
1310,2017-03-20,0.6530612017927223,0.6530612017927223,0.6553287655413845,0.6520893622776621,0.06160386131160608,0.0,0.00032394650501998967,0.000971777728582035,0.003239341477244251,0.02485940751893017,17.954376220703125
1311,2017-03-21,0.6530612017927223,0.6517654775591203,0.6533851482977424,0.6504696915390399,0.021378913341894346,0.0,-0.0012957242336020247,-0.001943617243642115,-0.0016196707386222364,-0.04022494796971173,17.91875457763672
1312,2017-03-22,0.6504696915390399,0.6520893622776621,0.6533851482977424,0.6504696915390399,0.01935969534605677,-0.0025915102536824275,0.00032388471854183365,0.0,0.0,-0.002019217995837576,17.927658081054688
1313,2017-03-23,0.6514415310541001,0.6527372552877023,0.6530612017927223,0.6488500208004179,0.016543417615020147,0.0009718395150601911,0.0006478930100402014,-0.0003239465050201007,-0.0016196707386220144,-0.0028162777310366226,17.94546890258789
1314,2017-03-24,0.6511175845490801,0.6478781812853577,0.6524133087826823,0.6469063417702974,0.017367046008059158,-0.00032394650501998967,-0.004859074002344643,-0.0006478930100399793,-0.0019436790301204931,0.0008236283930390109,17.81188201904297
1315,2017-03-27,0.6478781812853577,0.6446387780216354,0.6478781812853577,0.6430191072830131,0.09238807952884913,-0.003239403263722407,-0.003239403263722296,-0.004535127497324654,-0.00388723448728423,0.07502103352078997,17.722820281982422
1316,2017-03-28,0.6446387780216354,0.642371214272973,0.6452866710316754,0.642047267767953,0.06319798078200416,-0.003239403263722296,-0.002267563748662438,-0.0025915102536823165,-0.0009718395150601911,-0.029190098746844972,17.660480499267578
1317,2017-03-29,0.641723321262933,0.6407515435343509,0.642695160777993,0.640103650524311,0.022645352698932825,-0.002915456758702417,-0.0016196707386220144,-0.0025915102536823165,-0.001943617243642004,-0.040552628083071335,17.615951538085938
1318,2017-03-30,0.6404275970293308,0.6384839179992104,0.6404275970293308,0.6371881937656084,0.05294247885577647,-0.0012957242336021357,-0.002267625535140483,-0.0022675637486622158,-0.002915456758702528,0.030297126156843646,17.55360984802246
1319,2017-03-31,0.6397797040192907,0.6407515435343509,0.6410754900393709,0.6342727370069059,0.07723508834078732,-0.0006478930100400904,0.002267625535140483,0.0006478930100400904,-0.002915456758702528,0.02429260948501085,17.615951538085938
1320,2017-04-03,0.6436670002930532,0.6375121402706285,0.6446387780216354,0.6368642472605883,0.03239605012620112,0.003887296273762497,-0.003239403263722407,0.0035632879822644625,0.0025915102536824275,-0.0448390382145862,17.52688980102539
1321,2017-04-04,0.6365403007555684,0.6326530662682839,0.6368642472605883,0.6326530662682839,0.10576982686091307,-0.007126699537484793,-0.004859074002344643,-0.00777453076104706,-0.004211180992304442,0.07337377673471196,17.39330291748047
1322,2017-04-05,0.6345966835119261,0.632977012773304,0.6355685230269863,0.6326530662682839,0.046061196475224726,-0.0019436172436423371,0.0003239465050201007,-0.0012957242336020247,0.0,-0.05970863038568835,17.40220832824707
1323,2017-04-06,0.6349206300169462,0.6336248439968659,0.6352445765219661,0.6320051732582439,0.021981136252933624,0.0003239465050201007,0.0006478312235619343,-0.0003239465050202117,-0.0006478930100399793,-0.024080060222291103,17.420021057128906
1324,2017-04-07,0.6323291197632639,0.6342727370069059,0.6349206300169462,0.6307093872381635,0.02867643802860559,-0.0025915102536823165,0.0006478930100399793,-0.00032394650501987865,-0.0012957860200804028,0.006695301775671965,17.437833786010742
1325,2017-04-10,0.6342727370069059,0.6349206300169462,0.6368642472605883,0.6336248439968659,0.013488021963423814,0.001943617243642004,0.0006478930100403124,0.001943617243642115,0.002915456758702417,-0.015188416065181775,17.455644607543945
1326,2017-04-11,0.6355685230269863,0.640103650524311,0.6404275970293308,0.6342727370069059,0.03461010494619847,0.0012957860200804028,0.005183020507364744,0.0035633497687425075,0.0006478930100399793,0.021122082982774654,17.598140716552734
1327,2017-04-12,0.6397797040192907,0.6381600332806686,0.642047267767953,0.6381600332806686,0.017862994287738566,0.004211180992304442,-0.0019436172436423371,0.0016196707386221254,0.0038872962737627192,-0.016747110658459904,17.54470443725586
1328,2017-04-13,0.6404275970293308,0.6381600332806686,0.6410754900393709,0.6375121402706285,0.019961918257096044,0.0006478930100400904,0.0,-0.000971777728582035,-0.0006478930100400904,0.0020989239693574788,17.54470443725586
1329,2017-04-17,0.6378360867756485,0.6375121402706285,0.6394557575142706,0.6368642472605883,0.02105123322853474,-0.0025915102536823165,-0.0006478930100400904,-0.0016197325251002814,-0.0006478930100402014,0.0010893149714386943,17.52688980102539
1330,2017-04-18,0.6375121402706285,0.6391318110092506,0.6391318110092506,0.633948790501886,0.04207589779922951,-0.00032394650501998967,0.0016196707386221254,-0.00032394650501998967,-0.002915456758702306,0.02102466457069477,17.571420669555664
1331,2017-04-19,0.6371881937656084,0.6313572802482037,0.6388078645042304,0.6307093872381635,0.043563742638267726,-0.0003239465050201007,-0.007774530761046949,-0.0003239465050202117,-0.003239403263722518,0.001487844839038216,17.35767936706543
1332,2017-04-20,0.6323291197632639,0.6222869634670766,0.6326530662682839,0.6222869634670766,0.08488686179869813,-0.004859074002344532,-0.00907031678112713,-0.006154798235946557,-0.008422423771086929,0.041323119160430404,17.10831069946289
1333,2017-04-21,0.6245545890022169,0.624878535507237,0.626174259740839,0.6216391322435146,0.016003188238940796,-0.007774530761046949,0.0025915720401604725,-0.006478806527444925,-0.0006478312235619343,-0.06888367355975733,17.179561614990234
1334,2017-04-24,0.6268221527508792,0.6219630787485346,0.6268221527508792,0.6206672927284544,0.04731877961298322,0.0022675637486622158,-0.002915456758702417,0.0006478930100402014,-0.0009718395150601911,0.031315591374042426,17.099407196044922
1335,2017-04-25,0.6219630787485346,0.6284418234895014,0.6297376095095816,0.6219630787485346,0.06405703405216313,-0.004859074002344532,0.006478744740966769,0.002915456758702417,0.0012957860200801807,0.016738254439179916,17.277524948120117
1336,2017-04-26,0.6281178769844814,0.6264982062458592,0.6313572802482037,0.6245545890022169,0.041881060975069745,0.006154798235946779,-0.001943617243642226,0.0016196707386221254,0.0025915102536823165,-0.02217597307709339,17.224090576171875
1337,2017-04-27,0.6277939304794612,0.6323291197632639,0.633948790501886,0.6271460992558991,0.04622060842226453,-0.0003239465050202117,0.005830913517404723,0.0025915102536823165,0.0025915102536822054,0.004339547447194787,17.384395599365234
1338,2017-04-28,0.6345966835119261,0.6394557575142706,0.6397797040192907,0.6316812267532238,0.04128769428331046,0.006802753032464914,0.007126637751006748,0.005830913517404723,0.004535127497324654,-0.004932914138954074,17.580326080322266
1339,2017-05-01,0.6430191072830131,0.6482021277903779,0.6485260742953978,0.6430191072830131,0.0471682238852234,0.00842242377108704,0.008746370276107251,0.00874637027610703,0.011337880529789346,0.0058805296019129386,17.82078742980957
1340,2017-05-02,0.6478781812853577,0.6494978520239798,0.6553287655413845,0.6456106175366955,0.0971615817207634,0.004859074002344532,0.0012957242336019137,0.006802691245986758,0.0025915102536823165,0.04999335783554001,17.85641098022461
1341,2017-05-03,0.6478781812853577,0.6559766585514246,0.6569484980664848,0.6478781812853577,0.08780941416109463,0.0,0.006478806527444814,0.0016197325251002814,0.0022675637486622158,-0.009352167559668778,18.03453063964844
1342,2017-05-04,0.6540330413077825,0.6482021277903779,0.6543569878128025,0.6462585105467356,0.04751361643714298,0.006154860022424824,-0.007774530761046727,-0.0025915102536823165,-0.0016196707386221254,-0.04029579772395164,17.82078742980957
1343,2017-05-05,0.6511175845490801,0.6475542347803377,0.6517654775591203,0.6456106175366955,0.042306159500509234,-0.002915456758702417,-0.0006478930100402014,-0.0025915102536822054,-0.0006478930100400904,-0.005207456936633749,17.802974700927734
1344,2017-05-08,0.6475542347803377,0.6511175845490801,0.6514415310541001,0.6475542347803377,0.026028428463888767,-0.0035633497687423965,0.0035633497687423965,-0.0003239465050202117,0.001943617243642226,-0.016277731036620467,17.900941848754883
1345,2017-05-09,0.6514415310541001,0.6469063417702974,0.6540330413077825,0.6462585105467356,0.05361555152105566,0.003887296273762386,-0.004211242778782709,0.0025915102536824275,-0.0012957242336021357,0.027587123057166894,17.7851619720459
1346,2017-05-10,0.6469063417702974,0.6507936380440601,0.6507936380440601,0.6452866710316754,0.10189080281627773,-0.004535189283802699,0.0038872962737627192,-0.003239403263722407,-0.0009718395150601911,0.04827525129522207,17.89203643798828
1347,2017-05-11,0.649173967305438,0.6478781812853577,0.649173967305438,0.6433430537880331,0.04307665057786831,0.002267625535140594,-0.002915456758702417,-0.0016196707386221254,-0.001943617243642226,-0.05881415223840942,17.81188201904297
1348,2017-05-12,0.6494978520239798,0.6537090948027624,0.6537090948027624,0.6494978520239798,0.04754904131426294,0.00032388471854183365,0.005830913517404723,0.0045351274973244315,0.006154798235946668,0.0044723907363946325,17.972190856933594
1349,2017-05-15,0.6533851482977424,0.6485260742953978,0.6601878395437291,0.6482021277903779,0.042129035114909445,0.0038872962737626082,-0.005183020507364633,0.006478744740966658,-0.0012957242336019137,-0.005420006199353497,17.829692840576172
1350,2017-05-16,0.6475542347803377,0.6478781812853577,0.6485260742953978,0.6452866710316754,0.017101359429659478,-0.005830913517404723,-0.0006478930100400904,-0.01166176524833129,-0.002915456758702528,-0.025027675685249967,17.81188201904297
1351,2017-05-17,0.6504696915390399,0.6527372552877023,0.6537090948027624,0.6494978520239798,0.022512509409732984,0.002915456758702195,0.004859074002344643,0.005183020507364633,0.004211180992304442,0.0054111499800735055,17.94546890258789
1352,2017-05-18,0.6456106175366955,0.6482021277903779,0.6488500208004179,0.6433430537880331,0.0350794845680379,-0.004859074002344421,-0.0045351274973244315,-0.004859074002344532,-0.006154798235946668,0.012566975158304919,17.82078742980957
1353,2017-05-19,0.6507936380440601,0.6556527120464046,0.6556527120464046,0.6507936380440601,0.034556967630518534,0.005183020507364633,0.007450584256026738,0.006802691245986758,0.00745058425602696,-0.0005225169375193683,18.02562522888184
1354,2017-05-22,0.6559766585514246,0.6572724445715049,0.6598639548251872,0.6559766585514246,0.03980870566355223,0.005183020507364522,0.0016197325251002814,0.004211242778782598,0.005183020507364522,0.005251738033033693,18.07015419006348
1355,2017-05-23,0.6559766585514246,0.6485260742953978,0.6559766585514246,0.6482021277903779,0.03980870566355223,0.0,-0.00874637027610714,-0.0038872962737626082,-0.007774530761046727,0.0,17.829692840576172
1356,2017-05-24,0.6449627245266554,0.642695160777993,0.6449627245266554,0.6407515435343509,0.050011070274099984,-0.011013934024769245,-0.005830913517404723,-0.011013934024769245,-0.00745058425602696,0.010202364610547757,17.66938591003418
1357,2017-05-25,0.6449627245266554,0.6443148315166153,0.6449627245266554,0.6404275970293308,0.02609042199884869,0.0,0.0016196707386222364,0.0,-0.0003239465050201007,-0.023920648275251293,17.713916778564453
1358,2017-05-26,0.6433430537880331,0.642371214272973,0.6452866710316754,0.6413993747579129,0.01664969224638002,-0.0016196707386222364,-0.0019436172436423371,0.00032394650501998967,0.000971777728582035,-0.009440729752468669,17.660480499267578
1359,2017-05-30,0.642695160777993,0.6436670002930532,0.6436670002930532,0.6391318110092506,0.01751760173581898,-0.0006478930100400904,0.0012957860200802918,-0.0016196707386221254,-0.0022675637486622158,0.0008679094894389582,17.69610595703125
1360,2017-05-31,0.6446387780216354,0.6472302882753176,0.6488500208004179,0.6443148315166153,0.02062613470309525,0.0019436172436423371,0.0035632879822643515,0.005183020507364633,0.005183020507364633,0.00310853296727627,17.794069290161133
1361,2017-06-01,0.6446387780216354,0.6465823952652775,0.6472302882753176,0.6436670002930532,0.017809856972058627,0.0,-0.0006478930100400904,-0.0016197325251002814,-0.0006478312235620454,-0.0028162777310366226,17.77625846862793
1362,2017-06-02,0.6472302882753176,0.6446387780216354,0.6488500208004179,0.6443148315166153,0.026586370278528098,0.0025915102536822054,-0.001943617243642115,0.0016197325251002814,0.0006478312235620454,0.008776513306469471,17.722820281982422
1363,2017-06-05,0.6443148315166153,0.6456106175366955,0.6475542347803377,0.6433430537880331,0.025009963246689988,-0.002915456758702306,0.00097183951506008,-0.0012957860200801807,-0.0009717777285821461,-0.0015764070318381104,17.749542236328125
1364,2017-06-06,0.6462585105467356,0.6430191072830131,0.6498217985289999,0.642695160777993,0.032121507328521454,0.001943679030120271,-0.0025915102536823165,0.0022675637486622158,-0.0006478930100400904,0.007111544081831466,17.678293228149414
1365,2017-06-07,0.6459345640417156,0.6488500208004179,0.6488500208004179,0.6456106175366955,0.029845458973564186,-0.00032394650501998967,0.005830913517404723,-0.000971777728582035,0.002915456758702417,-0.0022760483549572677,17.838598251342773
1366,2017-06-08,0.6501457450340199,0.6501457450340199,0.6537090948027624,0.6501457450340199,0.018810609750697427,0.004211180992304331,0.0012957242336020247,0.004859074002344532,0.0045351274973244315,-0.011034849222866759,17.874225616455078
1367,2017-06-09,0.6494978520239798,0.6524133087826823,0.6540330413077825,0.6494978520239798,0.025213656290129744,-0.0006478930100400904,0.002267563748662438,0.0003239465050201007,-0.0006478930100400904,0.006403046539432317,17.936561584472656
1368,2017-06-12,0.6517654775591203,0.6446387780216354,0.6517654775591203,0.6433430537880331,0.03338794668555994,0.002267625535140483,-0.007774530761046949,-0.0022675637486622158,-0.006154798235946668,0.008174290395430193,17.722820281982422
1369,2017-06-13,0.6446387780216354,0.642371214272973,0.6478781812853577,0.6413993747579129,0.017827569410618607,-0.007126699537484904,-0.002267563748662438,-0.0038872962737626082,-0.001943679030120271,-0.01556037727494133,17.660480499267578
1370,2017-06-14,0.6410754900393709,0.6378360867756485,0.642047267767953,0.6375121402706285,0.039773280786432275,-0.0035632879822644625,-0.0045351274973244315,-0.005830913517404723,-0.003887234487284341,0.021945711375813668,17.535799026489258
1371,2017-06-15,0.6352445765219661,0.6384839179992104,0.6391318110092506,0.6349206300169462,0.04021609175043174,-0.005830913517404834,0.0006478312235619343,-0.002915456758702306,-0.0025915102536823165,0.0004428109639994654,17.55360984802246
1372,2017-06-16,0.6391318110092506,0.6397797040192907,0.640103650524311,0.6368642472605883,0.02046672275605544,0.0038872344872845632,0.0012957860200802918,0.0009718395150603021,0.001943617243642115,-0.0197493689943763,17.5892333984375
1373,2017-06-19,0.6381600332806686,0.633948790501886,0.6388078645042304,0.633948790501886,0.03273258645884072,-0.000971777728582035,-0.005830913517404723,-0.0012957860200805138,-0.002915456758702306,0.012265863702785283,17.428926467895508
1374,2017-06-20,0.632977012773304,0.6326530662682839,0.632977012773304,0.626174259740839,0.02044901031749546,-0.005183020507364633,-0.0012957242336021357,-0.005830851730926456,-0.00777453076104706,-0.012283576141345263,17.39330291748047
1375,2017-06-21,0.6316812267532238,0.624230642497197,0.6316812267532238,0.624230642497197,0.02412434131869105,-0.0012957860200801807,-0.008422423771086929,-0.0012957860200801807,-0.001943617243642004,0.003675331001195589,17.1617488861084
1376,2017-06-22,0.6209912392334744,0.6141884862010096,0.6209912392334744,0.6132167084724276,0.05577646902537307,-0.010689987519749367,-0.010042156296187321,-0.010689987519749367,-0.011013934024769356,0.03165212770668202,16.885663986206055
1377,2017-06-23,0.61645611173615,0.6171039429597119,0.6183997289797922,0.6135406549774476,0.034663242261878405,-0.0045351274973244315,0.002915456758702306,-0.0025915102536822054,0.00032394650501998967,-0.021113226763494662,16.965816497802734
1378,2017-06-26,0.617427889464732,0.6187236754848122,0.6193715684948523,0.6154842722210898,0.02889784351060532,0.000971777728582035,0.0016197325251002814,0.00097183951506008,0.001943617243642226,-0.005765398751273083,17.010347366333008
1379,2017-06-27,0.6206672927284544,0.617427889464732,0.6226109099720964,0.6171039429597119,0.027852809635566578,0.003239403263722407,-0.0012957860200801807,0.00323934147724414,0.0016196707386221254,-0.0010450338750387436,16.974720001220703
1380,2017-06-28,0.61645611173615,0.6190476219898322,0.6193715684948523,0.6154842722210898,0.03860425984147368,-0.004211180992304442,0.0016197325251001704,-0.00323934147724414,-0.0016196707386221254,0.0107514502059071,17.019254684448242
1381,2017-06-29,0.6206672927284544,0.6274700457609194,0.6290897164995415,0.6206672927284544,0.03496435371739804,0.004211180992304442,0.00842242377108715,0.009718148004689176,0.005183020507364633,-0.003639906124075637,17.25080680847168
1382,2017-06-30,0.6316812267532238,0.6430191072830131,0.6430191072830131,0.6316812267532238,0.08729575344285524,0.011013934024769356,0.015549061522093788,0.013929390783471662,0.011013934024769356,0.0523313997254572,17.678293228149414
1383,2017-07-03,0.649173967305438,0.6524133087826823,0.6546808725313444,0.6478781812853577,0.07056635522295532,0.01749274055221417,0.009394201499669186,0.01166176524833129,0.016196954532133878,-0.016729398219899924,17.936561584472656
1384,2017-07-05,0.6553287655413845,0.6533851482977424,0.6575963292900467,0.6465823952652775,0.21686224150909977,0.006154798235946557,0.00097183951506008,0.002915456758702306,-0.0012957860200801807,0.14629588628614446,17.963281631469727
1385,2017-07-06,0.6469063417702974,0.6498217985289999,0.6504696915390399,0.6439908850115952,0.07719966346366736,-0.00842242377108715,-0.0035633497687425075,-0.007126637751006859,-0.0025915102536823165,-0.13966257804543242,17.865318298339844
1386,2017-07-07,0.649173967305438,0.6511175845490801,0.6537090948027624,0.6482021277903779,0.055377939157773545,0.002267625535140594,0.0012957860200801807,0.003239403263722518,0.004211242778782709,-0.02182172430589381,17.900941848754883
1387,2017-07-10,0.6550048190363644,0.6517654775591203,0.6563006050564448,0.6507936380440601,0.07403799318071115,0.005830851730926456,0.0006478930100402014,0.0025915102536824275,0.0025915102536822054,0.018660054022937606,17.91875457763672
1388,2017-07-11,0.6482021277903779,0.6520893622776621,0.6530612017927223,0.6456106175366955,0.09632024088916441,-0.006802691245986536,0.00032388471854183365,-0.003239403263722518,-0.005183020507364633,0.02228224770845326,17.927658081054688
1389,2017-07-12,0.6504696915390399,0.6514415310541001,0.6540330413077825,0.649173967305438,0.10568126466811319,0.0022675637486619937,-0.0006478312235620454,0.0009718395150601911,0.0035633497687425075,0.009361023778948777,17.909847259521484
1390,2017-07-13,0.6494978520239798,0.6462585105467356,0.6504696915390399,0.6452866710316754,0.0515786210866581,-0.00097183951506008,-0.005183020507364522,-0.0035633497687426186,-0.0038872962737626082,-0.054102643581455084,17.76735496520996
1391,2017-07-14,0.6478781812853577,0.6501457450340199,0.6511175845490801,0.6472302882753176,0.02637382101580835,-0.0016196707386221254,0.003887234487284341,0.0006478930100402014,0.001943617243642226,-0.025204800070849753,17.874225616455078
1392,2017-07-17,0.6478781812853577,0.6488500208004179,0.6498217985289999,0.6456106175366955,0.038949652393393264,0.0,-0.0012957242336020247,-0.0012957860200801807,-0.0016196707386221254,0.012575831377584914,17.838598251342773
1393,2017-07-18,0.6530612017927223,0.6465823952652775,0.6543569878128025,0.6459345640417156,0.03906478324403312,0.005183020507364633,-0.002267625535140372,0.004535189283802588,0.0003239465050201007,0.00011513085063985518,17.77625846862793
1394,2017-07-19,0.6478781812853577,0.6563006050564448,0.6566245515614648,0.6478781812853577,0.03797546827259443,-0.005183020507364633,0.009718209791167332,0.002267563748662327,0.001943617243642115,-0.0010893149714386874,18.04343605041504
1395,2017-07-20,0.6572724445715049,0.6559766585514246,0.6579202757950668,0.6543569878128025,0.04032236638179161,0.00939426328614723,-0.0003239465050202117,0.0012957242336020247,0.006478806527444814,0.002346898109197179,18.03453063964844
1396,2017-07-21,0.6543569878128025,0.6520893622776621,0.6572724445715049,0.6520893622776621,0.07004383828543595,-0.002915456758702417,-0.003887296273762497,-0.0006478312235619343,-0.002267625535140372,0.02972147190364434,17.927658081054688
1397,2017-07-24,0.6446387780216354,0.6433430537880331,0.6452866710316754,0.6413993747579129,0.049311428950980826,-0.00971820979116711,-0.008746308489628984,-0.011985773539829547,-0.010689987519749256,-0.020732409334455124,17.687198638916016
1398,2017-07-25,0.641723321262933,0.632977012773304,0.641723321262933,0.632977012773304,0.06398618429792322,-0.002915456758702417,-0.010366041014729155,-0.0035633497687423965,-0.008422361984608884,0.01467475534694239,17.40220832824707
1399,2017-07-26,0.6326530662682839,0.6384839179992104,0.6394557575142706,0.6326530662682839,0.13544701766815748,-0.009070254994649085,0.005506905225906467,-0.002267563748662327,-0.0003239465050201007,0.07146083337023426,17.55360984802246
1400,2017-07-27,0.6452866710316754,0.6456106175366955,0.6469063417702974,0.6436670002930532,0.030819643094363018,0.012633604763391482,0.007126699537485015,0.007450584256026738,0.011013934024769356,-0.10462737457379445,17.749542236328125
1401,2017-07-28,0.6465823952652775,0.6459345640417156,0.6478781812853577,0.6452866710316754,0.01482531107470221,0.0012957242336021357,0.0003239465050201007,0.0009718395150603021,0.0016196707386221254,-0.015994332019660808,17.758447647094727
1402,2017-07-31,0.6439908850115952,0.6456106175366955,0.6462585105467356,0.6430191072830131,0.05253509276889696,-0.0025915102536823165,-0.0003239465050201007,-0.0016196707386221254,-0.0022675637486622158,0.03770978169419475,17.749542236328125
1403,2017-08-01,0.6433430537880331,0.6365403007555684,0.6436670002930532,0.6349206300169462,0.0780852853916663,-0.0006478312235620454,-0.009070316781127019,-0.0025915102536823165,-0.008098477266066939,0.025550192622769342,17.50017547607422
1404,2017-08-02,0.6394557575142706,0.6443148315166153,0.6446387780216354,0.6384839179992104,0.08203515919054155,-0.003887296273762497,0.007774530761046838,0.0009717777285821461,0.0035632879822642405,0.00394987379887525,17.713916778564453
1405,2017-08-03,0.6407515435343509,0.6391318110092506,0.6413993747579129,0.6375121402706285,0.03743523889651508,0.0012957860200802918,-0.005183020507364633,-0.003239403263722518,-0.000971777728581924,-0.04459992029402647,17.571420669555664
1406,2017-08-04,0.6404275970293308,0.6368642472605883,0.6407515435343509,0.6362163542505483,0.05724660142585131,-0.0003239465050201007,-0.002267563748662327,-0.0006478312235619343,-0.0012957860200801807,0.019811362529336227,17.509077072143555
1407,2017-08-07,0.6381600332806686,0.6381600332806686,0.6394557575142706,0.6365403007555684,0.02319443829429217,-0.0022675637486622158,0.0012957860200802918,-0.0012957860200802918,0.0003239465050201007,-0.034052163131559135,17.54470443725586
1408,2017-08-08,0.641723321262933,0.6358924077455282,0.641723321262933,0.6349206300169462,0.04589292830890493,0.0035632879822643515,-0.002267625535140372,0.002267563748662327,-0.0016196707386222364,0.02269849001461276,17.48236083984375
1409,2017-08-09,0.633948790501886,0.6320051732582439,0.6349206300169462,0.6320051732582439,0.03425585617499889,-0.007774530761046949,-0.003887234487284341,-0.006802691245986758,-0.002915456758702306,-0.011637072133906037,17.375490188598633
1410,2017-08-10,0.6316812267532238,0.6183997289797922,0.6323291197632639,0.6171039429597119,0.1524155338086171,-0.0022675637486622158,-0.013605444278451673,-0.0025915102536823165,-0.014901230298531964,0.11815967763361822,17.001440048217773
1411,2017-08-11,0.617751835969752,0.6219630787485346,0.6222869634670766,0.617751835969752,0.04997564539698003,-0.013929390783471773,0.0035633497687423965,-0.010042156296187321,0.0006478930100400904,-0.10243988841163708,17.099407196044922
1412,2017-08-14,0.61645611173615,0.6187236754848122,0.6193715684948523,0.6148363792110497,0.05124208475401851,-0.0012957242336020247,-0.003239403263722407,-0.002915394972224261,-0.002915456758702306,0.0012664393570384763,17.010347366333008
1413,2017-08-15,0.6145124327060295,0.6135406549774476,0.6161321652311299,0.6115969759473273,0.0451667183279458,-0.0019436790301204931,-0.005183020507364633,-0.003239403263722407,-0.003239403263722407,-0.0060753664260727105,16.86785125732422
1414,2017-08-16,0.6135406549774476,0.6083576344700831,0.6138646014824677,0.6060900089349426,0.06647478191560023,-0.000971777728581924,-0.005183020507364522,-0.0022675637486622158,-0.005506967012384734,0.021308063587654434,16.725358963012695
1415,2017-08-17,0.607709741460043,0.6044703381963205,0.607709741460043,0.601878827942638,0.045556391976265334,-0.005830913517404612,-0.0038872962737626082,-0.006154860022424713,-0.004211180992304553,-0.020918389939334897,16.618486404418945
1416,2017-08-18,0.6051182312063605,0.6047942847013406,0.6054421777113806,0.600259157204016,0.06324226187840411,-0.0025915102536824275,0.0003239465050201007,-0.002267563748662327,-0.0016196707386220144,0.017685869902138773,16.627391815185547
1417,2017-08-21,0.601878827942638,0.601878827942638,0.6034984986812603,0.6005831037090361,0.03775406279059469,-0.003239403263722518,-0.002915456758702528,-0.0019436790301203821,0.0003239465050201007,-0.025488199087809416,16.547237396240234
1418,2017-08-22,0.600906988427578,0.601878827942638,0.6028506674576982,0.599935210698996,0.051596333525218085,-0.00097183951506008,0.0,-0.0006478312235620454,-0.0006478930100400904,0.013842270734623394,16.547237396240234
1419,2017-08-23,0.6022027744476582,0.5986394246789157,0.6022027744476582,0.5979915316688756,0.0704157994951955,0.0012957860200802918,-0.003239403263722296,-0.0006478930100399793,-0.0019436790301203821,0.01881946596997741,16.45817756652832
1420,2017-08-24,0.600906988427578,0.6044703381963205,0.6044703381963205,0.5970197539402936,0.07000841340831598,-0.0012957860200802918,0.005830913517404723,0.0022675637486622158,-0.000971777728582035,-0.00040738608687951317,16.618486404418945
1421,2017-08-25,0.6041463916913006,0.6041463916913006,0.6073857949550229,0.6038224451862805,0.04245671522826905,0.003239403263722629,-0.00032394650501987865,0.002915456758702417,0.006802691245986869,-0.027551698180046935,16.609580993652344
1422,2017-08-28,0.6057661242164007,0.6083576344700831,0.609329412198665,0.6054421777113806,0.051835451445777794,0.0016197325251001704,0.004211242778782487,0.001943617243642115,0.0016197325251001704,0.009378736217508746,16.725358963012695
1423,2017-08-29,0.6047942847013406,0.5986394246789157,0.6057661242164007,0.5979915316688756,0.04547668600274543,-0.0009718395150601911,-0.009718209791167332,-0.0035632879822642405,-0.007450646042505005,-0.006358765443032363,16.45817756652832
1424,2017-08-30,0.5970197539402936,0.5989633711839358,0.5992873176889558,0.5937803506765711,0.0660762520480007,-0.007774530761046949,0.0003239465050201007,-0.006478806527444925,-0.004211180992304553,0.02059956604525527,16.467082977294922
1425,2017-08-31,0.5989633711839358,0.6038224451862805,0.6041463916913006,0.5983154781738956,0.056626666076252045,0.001943617243642226,0.004859074002344643,0.004859074002344754,0.004535127497324543,-0.009449585971748657,16.60067367553711
1426,2017-09-01,0.6034984986812603,0.6025267209526783,0.6054421777113806,0.601878827942638,0.07806757295310632,0.0045351274973244315,-0.0012957242336021357,0.0012957860200800697,0.0035633497687423965,0.021440906876854272,16.56505012512207
1427,2017-09-05,0.6051182312063605,0.608681580975103,0.6115969759473273,0.6051182312063605,0.10147456051011823,0.0016197325251002814,0.006154860022424713,0.006154798235946668,0.003239403263722518,0.023406987557011913,16.734262466430664
1428,2017-09-06,0.6073857949550229,0.6103012517137252,0.6109491447237652,0.6067379019449827,0.060346278173847585,0.002267563748662327,0.0016196707386221254,-0.0006478312235621564,0.0016196707386221254,-0.041128282336270645,16.778793334960938
1429,2017-09-07,0.6099773052087051,0.6073857949550229,0.6103012517137252,0.6070618484500028,0.05104724792985874,0.0025915102536822054,-0.002915456758702306,-0.0006478930100399793,0.0003239465050201007,-0.009299030243988843,16.698638916015625
1430,2017-09-08,0.608033687965063,0.6106251982187453,0.6122448689573675,0.608033687965063,0.05372182615241553,-0.001943617243642115,0.003239403263722407,0.0019436172436423371,0.0009718395150601911,0.0026745782225567893,16.78769874572754
1431,2017-09-11,0.6106251982187453,0.6099773052087051,0.6109491447237652,0.6073857949550229,0.030332551033963602,0.0025915102536823165,-0.0006478930100402014,-0.0012957242336023578,-0.0006478930100400904,-0.02338927511845193,16.769887924194336
1432,2017-09-12,0.608033687965063,0.6064139554399626,0.609329412198665,0.601878827942638,0.09305229597484833,-0.0025915102536823165,-0.0035633497687425075,-0.0016197325251001704,-0.005506967012384845,0.06271974494088473,16.671920776367188
1433,2017-09-13,0.608033687965063,0.6106251982187453,0.6109491447237652,0.607709741460043,0.06563344108400124,0.0,0.004211242778782709,0.0016197325251001704,0.005830913517404945,-0.027418854890847097,16.78769874572754
1434,2017-09-14,0.6112730912287854,0.6109491447237652,0.6154842722210898,0.6096533587036851,0.05473143515033432,0.003239403263722407,0.00032394650501987865,0.004535127497324654,0.001943617243642115,-0.010902005933666914,16.796606063842773
1435,2017-09-15,0.6112730912287854,0.617427889464732,0.617427889464732,0.6112730912287854,0.1354115927910375,0.0,0.00647874474096688,0.001943617243642226,0.0016197325251002814,0.08068015764070319,16.974720001220703
1436,2017-09-18,0.61678005824117,0.6138646014824677,0.617751835969752,0.6135406549774476,0.03823229863171412,0.005506967012384623,-0.0035632879822643515,0.00032394650501998967,0.0022675637486622158,-0.09717929415932339,16.876758575439453
1437,2017-09-19,0.6132167084724276,0.6115969759473273,0.6138646014824677,0.6083576344700831,0.06764380286055882,-0.0035633497687423965,-0.002267625535140372,-0.003887234487284341,-0.005183020507364522,0.029411504228844698,16.814414978027344
1438,2017-09-20,0.6119209224523474,0.6193715684948523,0.6200193997184145,0.6115969759473273,0.0349200726209981,-0.0012957860200801807,0.007774592547524994,0.006154798235946779,0.003239341477244251,-0.032723730239560725,17.028160095214844
1439,2017-09-21,0.6171039429597119,0.617427889464732,0.6187236754848122,0.61645611173615,0.10390116459283531,0.005183020507364522,-0.001943679030120271,-0.0012957242336022468,0.004859135788822688,0.06898109197183722,16.974720001220703
1440,2017-09-22,0.6183997289797922,0.617427889464732,0.6213151857384945,0.61645611173615,0.04360802373466767,0.0012957860200802918,0.0,0.0025915102536823165,0.0,-0.06029314085816764,16.974720001220703
1441,2017-09-25,0.6154842722210898,0.6119209224523474,0.6154842722210898,0.6106251982187453,0.07154939556303413,-0.002915456758702417,-0.005506967012384623,-0.005830913517404723,-0.005830913517404723,0.027941371828366465,16.823322296142578
1442,2017-09-26,0.6109491447237652,0.6099773052087051,0.6115969759473273,0.6083576344700831,0.041305406721870434,-0.004535127497324654,-0.0019436172436423371,-0.003887296273762497,-0.0022675637486622158,-0.0302439888411637,16.769887924194336
1443,2017-09-27,0.609005465693645,0.6148363792110497,0.6148363792110497,0.608033687965063,0.056059868042332726,-0.00194367903012016,0.004859074002344643,0.003239403263722407,-0.0003239465050201007,0.014754461320462292,16.90347671508789
1444,2017-09-28,0.6128927619674075,0.6103012517137252,0.6128927619674075,0.6099773052087051,0.05836248505512996,0.003887296273762497,-0.004535127497324543,-0.001943617243642226,0.001943617243642115,0.0023026170127972354,16.778793334960938
1445,2017-09-29,0.6103012517137252,0.6148363792110497,0.617427889464732,0.609329412198665,0.16847185936323783,-0.0025915102536823165,0.004535127497324543,0.004535127497324543,-0.0006478930100400904,0.11010937430810787,16.90347671508789
1446,2017-10-02,0.6083576344700831,0.6125688154623875,0.6141884862010096,0.608033687965063,0.06578399681176106,-0.001943617243642115,-0.0022675637486622158,-0.003239403263722407,-0.0012957242336020247,-0.10268786255147677,16.84113311767578
1447,2017-10-03,0.6132167084724276,0.6128927619674075,0.6151603257160697,0.6119209224523474,0.10240446353451711,0.004859074002344532,0.00032394650501998967,0.00097183951506008,0.003887234487284452,0.036620466722756054,16.850040435791016
1448,2017-10-04,0.6132167084724276,0.6128927619674075,0.6145124327060295,0.6119209224523474,0.06922020989239694,0.0,0.0,-0.0006478930100402014,0.0,-0.03318425364212017,16.850040435791016
1449,2017-10-05,0.6128927619674075,0.6171039429597119,0.617751835969752,0.6128927619674075,0.054740291369614315,-0.0003239465050201007,0.004211180992304442,0.003239403263722518,0.00097183951506008,-0.014479918522782624,16.965816497802734
1450,2017-10-06,0.6161321652311299,0.6183997289797922,0.6183997289797922,0.61580821872611,0.17358189788779171,0.003239403263722407,0.0012957860200802918,0.0006478930100402014,0.002915456758702528,0.1188416065181774,17.001440048217773
1451,2017-10-09,0.6161321652311299,0.6141884862010096,0.617427889464732,0.6141884862010096,0.04760217862994288,0.0,-0.004211242778782598,-0.0009718395150601911,-0.0016197325251003925,-0.12597971925784884,16.885663986206055
1452,2017-10-10,0.6154842722210898,0.618075782474772,0.6200193997184145,0.6154842722210898,0.05185316388433778,-0.0006478930100400904,0.003887296273762386,0.0025915102536824275,0.0012957860200801807,0.0042509852543949,16.992534637451172
1453,2017-10-11,0.617751835969752,0.6187236754848122,0.6193715684948523,0.61678005824117,0.028703006686445556,0.0022675637486622158,0.0006478930100402014,-0.0006478312235621564,0.0012957860200801807,-0.02315015719789222,17.010347366333008
1454,2017-10-12,0.617751835969752,0.617751835969752,0.6216391322435146,0.6151603257160697,0.08870389230837356,0.0,-0.0009718395150601911,0.002267563748662327,-0.0016197325251002814,0.060000885621928,16.98362922668457
1455,2017-10-13,0.617427889464732,0.6200193997184145,0.6206672927284544,0.61678005824117,0.07428596732055086,-0.00032394650501998967,0.002267563748662438,-0.0009718395150601911,0.0016197325251002814,-0.014417924987822697,17.04597282409668
1456,2017-10-16,0.6193715684948523,0.6171039429597119,0.6196954532133943,0.61645611173615,0.0986582827790816,0.001943679030120271,-0.002915456758702528,-0.0009718395150601911,-0.00032394650501998967,0.024372315458530747,16.965816497802734
1457,2017-10-17,0.6171039429597119,0.6128927619674075,0.618075782474772,0.6128927619674075,0.10380374618075544,-0.002267625535140372,-0.004211180992304442,-0.0016196707386222364,-0.0035633497687425075,0.005145463401673836,16.850040435791016
1458,2017-10-18,0.6122448689573675,0.6138646014824677,0.6148363792110497,0.6119209224523474,0.05907098259752912,-0.004859074002344421,0.0009718395150601911,-0.003239403263722296,-0.00097183951506008,-0.04473276358322632,16.876758575439453
1459,2017-10-19,0.61678005824117,0.6193715684948523,0.6209912392334744,0.61678005824117,0.06829030686799806,0.0045351892838024765,0.005506967012384623,0.006154860022424713,0.004859135788822577,0.00921932427046894,17.028160095214844
1460,2017-10-20,0.6190476219898322,0.6151603257160697,0.6206672927284544,0.6151603257160697,0.08495771155293805,0.0022675637486622158,-0.004211242778782598,-0.00032394650501998967,-0.0016197325251002814,0.01666740468493999,16.912382125854492
1461,2017-10-23,0.6154842722210898,0.6171039429597119,0.6187236754848122,0.6148363792110497,0.04268697692954877,-0.0035633497687423965,0.001943617243642226,-0.001943617243642226,-0.00032394650501998967,-0.042270734623389275,16.965816497802734
1462,2017-10-24,0.61580821872611,0.6209912392334744,0.6216391322435146,0.6154842722210898,0.04978966479210025,0.0003239465050202117,0.003887296273762497,0.002915456758702417,0.0006478930100400904,0.007102687862551478,17.072689056396484
1463,2017-10-25,0.6213151857384945,0.6206672927284544,0.624878535507237,0.6200193997184145,0.051702608156577956,0.005506967012384512,-0.00032394650501998967,0.003239403263722407,0.004535127497324654,0.0019129433644777052,17.063783645629883
1464,2017-10-26,0.6213151857384945,0.6226109099720964,0.624230642497197,0.6203433462234345,0.03754151352787495,0.0,0.001943617243642004,-0.0006478930100400904,0.00032394650501998967,-0.014161094628703005,17.117218017578125
1465,2017-10-27,0.6235827494871568,0.624230642497197,0.624230642497197,0.6209912392334744,0.12270291812425276,0.0022675637486622158,0.0016197325251005035,0.0,0.0006478930100399793,0.0851614045963778,17.1617488861084
1466,2017-10-30,0.624230642497197,0.6264982062458592,0.6281178769844814,0.624230642497197,0.06972501439135632,0.0006478930100402014,0.0022675637486622158,0.003887234487284452,0.003239403263722518,-0.05297790373289643,17.224090576171875
1467,2017-10-31,0.626174259740839,0.6297376095095816,0.6303854407331435,0.624878535507237,0.04253642120178896,0.001943617243642004,0.003239403263722407,0.0022675637486621048,0.0006478930100400904,-0.027188593189567366,17.31315040588379
1468,2017-11-01,0.6284418234895014,0.6297376095095816,0.6320051732582439,0.6281178769844814,0.05346499579329584,0.002267563748662438,0.0,0.0016197325251003925,0.003239341477244362,0.010928574591506882,17.31315040588379
1469,2017-11-02,0.6277939304794612,0.6287657699945214,0.6287657699945214,0.624878535507237,0.0909268033476509,-0.0006478930100402014,-0.0009718395150601911,-0.003239403263722518,-0.003239341477244362,0.037461807554355055,17.28643035888672
1470,2017-11-03,0.6294136630045615,0.6290897164995415,0.6316812267532238,0.6264982062458592,0.04365230483106762,0.0016197325251002814,0.0003239465050201007,0.002915456758702417,0.0016196707386221254,-0.047274498516583274,17.29533576965332
1471,2017-11-06,0.6271460992558991,0.6297376095095816,0.6303854407331435,0.6271460992558991,0.07578266837886906,-0.002267563748662327,0.0006478930100400904,-0.0012957860200802918,0.0006478930100399793,0.03213036354780144,17.31315040588379
1472,2017-11-07,0.6284418234895014,0.6300615560146017,0.6300615560146017,0.6264982062458592,0.03578798211043705,0.0012957242336022468,0.0003239465050201007,-0.00032388471854183365,-0.0006478930100399793,-0.03999468626843201,17.32205581665039
1473,2017-11-08,0.6290897164995415,0.6274700457609194,0.6290897164995415,0.6264982062458592,0.02903954301908515,0.0006478930100400904,-0.0025915102536823165,-0.0009718395150601911,0.0,-0.0067484390913519,17.25080680847168
1474,2017-11-09,0.6274700457609194,0.626174259740839,0.6290897164995415,0.6252024202257789,0.06373821015808351,-0.0016196707386221254,-0.0012957860200804028,0.0,-0.0012957860200802918,0.03469866713899836,17.21518325805664
1475,2017-11-10,0.6268221527508792,0.6271460992558991,0.6284418234895014,0.626174259740839,0.04870920603994155,-0.0006478930100402014,0.0009718395150601911,-0.0006478930100400904,0.00097183951506008,-0.01502900411814196,17.241901397705078
1476,2017-11-13,0.626174259740839,0.624878535507237,0.6271460992558991,0.6245545890022169,0.07448080414471062,-0.0006478930100402014,-0.0022675637486621048,-0.0012957242336022468,-0.0016196707386220144,0.025771598104769068,17.179561614990234
1477,2017-11-14,0.6245545890022169,0.6196954532133943,0.6252024202257789,0.6190476219898322,0.06930877208519683,-0.0016196707386220144,-0.005183082293842789,-0.001943679030120271,-0.005506967012384734,-0.00517203205951379,17.037065505981445
1478,2017-11-15,0.617427889464732,0.6183997289797922,0.6190476219898322,0.61580821872611,0.036523048310676175,-0.007126699537484904,-0.0012957242336020247,-0.006154798235946668,-0.003239403263722185,-0.03278572377452065,17.001440048217773
1479,2017-11-16,0.6183997289797922,0.617427889464732,0.6193715684948523,0.61678005824117,0.05346499579329584,0.0009718395150601911,-0.0009718395150601911,0.0003239465050201007,0.000971839515059969,0.016941947482619665,16.974720001220703
1480,2017-11-17,0.617427889464732,0.618075782474772,0.6196954532133943,0.617427889464732,0.07607492361510872,-0.0009718395150601911,0.0006478930100399793,0.00032388471854194467,0.0006478312235620454,0.022609927821812877,16.992534637451172
1481,2017-11-20,0.6151603257160697,0.6154842722210898,0.6154842722210898,0.6125688154623875,0.0549174157552141,-0.002267563748662327,-0.0025915102536822054,-0.004211180992304442,-0.004859074002344532,-0.02115750785989462,16.921287536621094
1482,2017-11-21,0.6145124327060295,0.61580821872611,0.6183997289797922,0.6145124327060295,0.030394544568923525,-0.0006478930100402014,0.0003239465050202117,0.002915456758702417,0.001943617243642004,-0.02452287118629057,16.930194854736328
1483,2017-11-22,0.617427889464732,0.6209912392334744,0.6216391322435146,0.617427889464732,0.0412522694061905,0.002915456758702528,0.005183020507364411,0.003239403263722407,0.002915456758702528,0.010857724837266974,17.072689056396484
1484,2017-11-24,0.6219630787485346,0.6200193997184145,0.6232588029821368,0.6187236754848122,0.03163441526812204,0.004535189283802588,-0.000971839515059969,0.0016196707386221254,0.0012957860200801807,-0.009617854138068462,17.04597282409668
1485,2017-11-27,0.6190476219898322,0.6196954532133943,0.6203433462234345,0.618075782474772,0.02795908426692645,-0.002915456758702417,-0.0003239465050202117,-0.002915456758702306,-0.0006478930100402014,-0.003675331001195589,17.037065505981445
1486,2017-11-28,0.618075782474772,0.6193715684948523,0.6193715684948523,0.6171039429597119,0.03306912279148032,-0.0009718395150601911,-0.00032388471854194467,-0.0009717777285821461,-0.00097183951506008,0.00511003852455387,17.028160095214844
1487,2017-11-29,0.6203433462234345,0.624230642497197,0.624878535507237,0.6203433462234345,0.05814993579241022,0.002267563748662438,0.004859074002344643,0.005506967012384734,0.003239403263722518,0.025080813000929902,17.1617488861084
1488,2017-11-30,0.6222869634670766,0.618075782474772,0.6258503132358191,0.617427889464732,0.06061196475224727,0.001943617243642115,-0.006154860022424935,0.000971777728582035,-0.002915456758702417,0.002462028959837048,16.992534637451172
1489,2017-12-01,0.617427889464732,0.617427889464732,0.6203433462234345,0.6171039429597119,0.12830004870920603,-0.004859074002344532,-0.0006478930100399793,-0.005506967012384623,-0.0003239465050201007,0.06768808395695876,16.974720001220703
1490,2017-12-04,0.617751835969752,0.6148363792110497,0.6183997289797922,0.6141884862010096,0.14231058761014923,0.00032394650501998967,-0.0025915102536823165,-0.001943617243642226,-0.002915456758702306,0.014010538900943198,16.90347671508789
1491,2017-12-05,0.6141884862010096,0.6106251982187453,0.6154842722210898,0.6096533587036851,0.07161138909799407,-0.0035633497687423965,-0.004211180992304442,-0.002915456758702417,-0.004535127497324543,-0.07069919851215516,16.78769874572754
1492,2017-12-06,0.6099773052087051,0.6041463916913006,0.6103012517137252,0.6034984986812603,0.06910507904175707,-0.004211180992304553,-0.006478806527444703,-0.005183020507364633,-0.006154860022424824,-0.002506310056236999,16.609580993652344
1493,2017-12-07,0.6025267209526783,0.5986394246789157,0.6025267209526783,0.5970197539402936,0.09396448656068725,-0.007450584256026738,-0.005506967012384845,-0.007774530761046838,-0.006478744740966658,0.024859407518930177,16.45817756652832
1494,2017-12-08,0.599935210698996,0.5970197539402936,0.599935210698996,0.5963718609302535,0.046052340255944735,-0.0025915102536823165,-0.0016196707386221254,-0.0025915102536823165,-0.0006478930100400904,-0.04791214630474251,16.41364860534668
1495,2017-12-11,0.5954000214151933,0.592808511161511,0.5960479144252335,0.591836733432929,0.058557321879289734,-0.004535189283802699,-0.004211242778782598,-0.003887296273762497,-0.004535127497324543,0.012504981623344999,16.297870635986328
1496,2017-12-12,0.5915127869279091,0.5892452231792467,0.592808511161511,0.5889212766742267,0.06529690475136164,-0.00388723448728423,-0.0035632879822643515,-0.003239403263722518,-0.002915456758702306,0.006739582872071909,16.199907302856445
1497,2017-12-13,0.5895691696842668,0.5911888404228889,0.5915127869279091,0.5892452231792467,0.05664437851481203,-0.0019436172436423371,0.001943617243642226,-0.0012957242336019137,0.00032394650501998967,-0.008652526236549614,16.253339767456055
1498,2017-12-14,0.5921606799379491,0.5908648939178689,0.5924846264429692,0.5908648939178689,0.0638356285701634,0.0025915102536823165,-0.00032394650501998967,0.00097183951506008,0.0016196707386222364,0.007191250055351366,16.24443244934082
1499,2017-12-15,0.5921606799379491,0.5937803506765711,0.5937803506765711,0.5902170009078286,0.032511180976840984,0.0,0.002915456758702195,0.0012957242336019137,-0.0006478930100403124,-0.03132444759332241,16.324588775634766
1500,2017-12-18,0.5970197539402936,0.5944282436866113,0.5983154781738956,0.5941042971815913,0.06640393216136031,0.004859074002344532,0.0006478930100402014,0.004535127497324543,0.0038872962737627192,0.03389275118451933,16.3424015045166
1501,2017-12-19,0.5944282436866113,0.5950761366966515,0.5976676469503337,0.5944282436866113,0.051950582296417656,-0.0025915102536823165,0.0006478930100402014,-0.0006478312235619343,0.00032394650501998967,-0.014453349864942656,16.360212326049805
1502,2017-12-20,0.5960479144252335,0.5976676469503337,0.5989633711839358,0.5957239679202135,0.04928486029314086,0.0016196707386222364,0.0025915102536822054,0.0012957242336021357,0.0012957242336022468,-0.002665722003276798,16.431461334228516
1503,2017-12-21,0.5960479144252335,0.5983154781738956,0.599611264193976,0.5954000214151933,0.10159854758003808,0.0,0.0006478312235619343,0.0006478930100402014,-0.0003239465050202117,0.052313687286897226,16.44927215576172
1504,2017-12-22,0.5983154781738956,0.5963718609302535,0.5989633711839358,0.5937803506765711,0.05420891821281495,0.0022675637486621048,-0.001943617243642115,-0.0006478930100402014,-0.0016196707386222364,-0.047389629367223136,16.395837783813477
1505,2017-12-26,0.5966958074352736,0.6015548814376181,0.6025267209526783,0.5966958074352736,0.05930124429880884,-0.0016196707386220144,0.005183020507364633,0.0035633497687425075,0.002915456758702528,0.005092326085993894,16.538330078125
1506,2017-12-27,0.6025267209526783,0.6047942847013406,0.6057661242164007,0.6025267209526783,0.09118363370677059,0.005830913517404723,0.003239403263722407,0.003239403263722407,0.005830913517404723,0.031882389407961745,16.627391815185547
1507,2017-12-28,0.6051182312063605,0.6064139554399626,0.6070618484500028,0.6044703381963205,0.05997431696408803,0.0025915102536822054,0.0016196707386220144,0.0012957242336020247,0.001943617243642115,-0.031209316742682555,16.671920776367188
1508,2017-12-29,0.6073857949550229,0.607709741460043,0.608033687965063,0.6054421777113806,0.07715538236726742,0.002267563748662327,0.0012957860200804028,0.0009718395150601911,0.0009718395150601911,0.017181065403179388,16.70754623413086
1509,2018-01-02,0.608681580975103,0.6145124327060295,0.61580821872611,0.608681580975103,0.11669840145241996,0.0012957860200801807,0.006802691245986536,0.00777453076104706,0.003239403263722407,0.039543019085152536,16.894567489624023
1510,2018-01-03,0.6154842722210898,0.6141884862010096,0.6154842722210898,0.6122448689573675,0.08770313952973476,0.006802691245986758,-0.00032394650501987865,-0.0003239465050202117,0.0035632879822644625,-0.0289952619226852,16.885663986206055
1511,2018-01-04,0.6115969759473273,0.6132167084724276,0.6145124327060295,0.6099773052087051,0.0573351636186512,-0.003887296273762497,-0.000971777728582035,-0.0009718395150603021,-0.002267563748662438,-0.030367975911083554,16.858945846557617
1512,2018-01-05,0.6119209224523474,0.6099773052087051,0.6119209224523474,0.608681580975103,0.06394190320152326,0.0003239465050201007,-0.003239403263722518,-0.0025915102536820944,-0.0012957242336020247,0.0066067395828720635,16.769887924194336
1513,2018-01-08,0.6060900089349426,0.6057661242164007,0.6067379019449827,0.6031746139627184,0.08328388610902006,-0.005830913517404834,-0.004211180992304331,-0.005183020507364744,-0.005506967012384623,0.019341982907496794,16.654111862182617
1514,2018-01-09,0.6041463916913006,0.6070618484500028,0.6070618484500028,0.6028506674576982,0.04106628880131072,-0.001943617243642004,0.0012957242336020247,0.0003239465050201007,-0.0003239465050202117,-0.04221759730770934,16.689733505249023
1515,2018-01-10,0.6073857949550229,0.6047942847013406,0.607709741460043,0.6044703381963205,0.06350794845680378,0.003239403263722296,-0.0022675637486622158,0.0006478930100402014,0.0016196707386222364,0.022441659655493065,16.627391815185547
1516,2018-01-11,0.6031746139627184,0.6025267209526783,0.6038224451862805,0.601230934932598,0.0879953947659744,-0.004211180992304442,-0.0022675637486622158,-0.003887296273762497,-0.003239403263722407,0.024487446309170616,16.56505012512207
1517,2018-01-12,0.6041463916913006,0.601230934932598,0.6041463916913006,0.5976676469503337,0.0775804808927069,0.0009717777285821461,-0.0012957860200802918,0.0003239465050201007,-0.0035632879822643515,-0.010414913873267498,16.5294246673584
1518,2018-01-16,0.599611264193976,0.6005831037090361,0.6005831037090361,0.5983154781738956,0.04767302838418279,-0.004535127497324543,-0.0006478312235619343,-0.0035632879822644625,0.0006478312235619343,-0.029907452508524113,16.511615753173828
1519,2018-01-17,0.6015548814376181,0.6054421777113806,0.6064139554399626,0.599935210698996,0.07728822565646726,0.001943617243642115,0.004859074002344532,0.005830851730926456,0.0016197325251003925,0.02961519727228447,16.645204544067383
1520,2018-01-18,0.6083576344700831,0.6051182312063605,0.6122448689573675,0.6034984986812603,0.06883053624407741,0.006802753032464914,-0.0003239465050201007,0.005830913517404945,0.0035632879822642405,-0.008457689412389849,16.63629722595215
1521,2018-01-19,0.6038224451862805,0.6034984986812603,0.6054421777113806,0.601878827942638,0.046087765133064694,-0.004535189283802588,-0.0016197325251002814,-0.006802691245986869,-0.0016196707386222364,-0.022742771111012715,16.591768264770508
1522,2018-01-22,0.6060900089349426,0.6054421777113806,0.6073857949550229,0.6047942847013406,0.048487800557941815,0.0022675637486621048,0.0019436790301203821,0.001943617243642226,0.002915456758702528,0.0024000354248771213,16.645204544067383
1523,2018-01-23,0.6047942847013406,0.6031746139627184,0.6047942847013406,0.6015548814376181,0.031802683434441835,-0.0012957242336020247,-0.0022675637486622158,-0.0025915102536823165,-0.003239403263722407,-0.01668511712349998,16.582862854003906
1524,2018-01-24,0.6054421777113806,0.609005465693645,0.609005465693645,0.6051182312063605,0.053022184829296375,0.0006478930100400904,0.005830851730926567,0.004211180992304442,0.0035633497687423965,0.02121950139485454,16.743167877197266
1525,2018-01-25,0.6138646014824677,0.6070618484500028,0.6138646014824677,0.6067379019449827,0.0581676482309702,0.00842242377108704,-0.001943617243642226,0.004859135788822688,0.0016196707386221254,0.005145463401673822,16.689733505249023
1526,2018-01-26,0.6070618484500028,0.6119209224523474,0.6122448689573675,0.6067379019449827,0.07217818713191339,-0.006802753032464914,0.004859074002344643,-0.0016197325251001704,0.0,0.014010538900943191,16.823322296142578
1527,2018-01-29,0.6154842722210898,0.6125688154623875,0.61580821872611,0.6115969759473273,0.05507682770225391,0.00842242377108704,0.0006478930100400904,0.0035633497687425075,0.004859074002344643,-0.017101359429659478,16.84113311767578
1528,2018-01-30,0.6141884862010096,0.6135406549774476,0.6151603257160697,0.6099773052087051,0.09320285170260816,-0.0012957860200801807,0.00097183951506008,-0.0006478930100403124,-0.0016196707386222364,0.038126024000354246,16.86785125732422
1529,2018-01-31,0.6132167084724276,0.6099773052087051,0.6135406549774476,0.6096533587036851,0.06662533764336005,-0.000971777728582035,-0.0035633497687425075,-0.0016196707386221254,-0.00032394650501998967,-0.026577514059248103,16.769887924194336
1530,2018-02-01,0.608681580975103,0.6154842722210898,0.6154842722210898,0.608033687965063,0.10034096444227959,-0.004535127497324543,0.005506967012384734,0.001943617243642226,-0.0016196707386221254,0.03371562679891954,16.921287536621094
1531,2018-02-02,0.6145124327060295,0.6145124327060295,0.6148363792110497,0.6119209224523474,0.05828277908161006,0.005830851730926456,-0.0009718395150603021,-0.0006478930100400904,0.003887234487284452,-0.042058185360669534,16.894567489624023
1532,2018-02-05,0.6119209224523474,0.6103012517137252,0.6145124327060295,0.609329412198665,0.0915024576008502,-0.0025915102536820944,-0.004211180992304331,-0.0003239465050202117,-0.0025915102536824275,0.03321967851924014,16.778793334960938
1533,2018-02-06,0.6109491447237652,0.6148363792110497,0.6151603257160697,0.6109491447237652,0.1085772483726697,-0.0009717777285822571,0.004535127497324543,0.0006478930100402014,0.0016197325251001704,0.017074790771819504,16.90347671508789
1534,2018-02-07,0.61645611173615,0.6141884862010096,0.61645611173615,0.6125688154623875,0.07068148607359519,0.005506967012384845,-0.0006478930100400904,0.0012957860200802918,0.0016196707386223475,-0.037895762299074515,16.885663986206055
1535,2018-02-08,0.6151603257160697,0.6109491447237652,0.6151603257160697,0.6109491447237652,0.07731479431430723,-0.0012957860200802918,-0.003239341477244473,-0.0012957860200802918,-0.0016196707386223475,0.006633308240712038,16.796606063842773
1536,2018-02-09,0.6103012517137252,0.6096533587036851,0.6119209224523474,0.6073857949550229,0.08963379533277244,-0.004859074002344532,-0.0012957860200800697,-0.003239403263722296,-0.0035633497687422855,0.012319001018465212,16.7609806060791
1537,2018-02-12,0.6106251982187453,0.6135406549774476,0.6138646014824677,0.6099773052087051,0.05703405216313156,0.0003239465050201007,0.003887296273762497,0.001943679030120271,0.0025915102536822054,-0.03259974316964088,16.86785125732422
1538,2018-02-13,0.6135406549774476,0.6135406549774476,0.6145124327060295,0.6119209224523474,0.08695036089093566,0.002915456758702306,0.0,0.0006478312235618233,0.0019436172436423371,0.029916308727804104,16.86785125732422
1539,2018-02-14,0.6122448689573675,0.61580821872611,0.61678005824117,0.6109491447237652,0.09076739140061107,-0.0012957860200800697,0.002267563748662438,0.002267625535140483,-0.0009717777285822571,0.003817030509675412,16.930194854736328
1540,2018-02-15,0.617751835969752,0.6193715684948523,0.6196954532133943,0.6154842722210898,0.16180312624540583,0.005506967012384512,0.0035633497687422855,0.002915394972224261,0.004535127497324654,0.07103573484479475,17.028160095214844
1541,2018-02-16,0.61678005824117,0.6145124327060295,0.61678005824117,0.6135406549774476,0.07445423548687065,-0.000971777728582035,-0.004859135788822799,-0.002915394972224261,-0.001943617243642226,-0.08734889075853518,16.894567489624023
1542,2018-02-20,0.6145124327060295,0.6148363792110497,0.617751835969752,0.6145124327060295,0.05164947084089802,-0.002267625535140483,0.0003239465050202117,0.000971777728582035,0.000971777728581924,-0.022804764645972628,16.90347671508789
1543,2018-02-21,0.6148363792110497,0.6132167084724276,0.6171039429597119,0.6128927619674075,0.08790683257317451,0.0003239465050202117,-0.0016196707386221254,-0.0006478930100400904,-0.0016196707386220144,0.03625736173227649,16.858945846557617
1544,2018-02-22,0.6135406549774476,0.61678005824117,0.61678005824117,0.6135406549774476,0.06334853650976398,-0.0012957242336021357,0.0035633497687423965,-0.00032388471854194467,0.0006478930100400904,-0.024558296063410534,16.956911087036133
1545,2018-02-23,0.6183997289797922,0.6187236754848122,0.6196954532133943,0.61678005824117,0.06409245892928309,0.004859074002344643,0.001943617243642226,0.002915394972224261,0.003239403263722407,0.000743922419519108,17.010347366333008
1546,2018-02-26,0.6187236754848122,0.6200193997184145,0.6219630787485346,0.618075782474772,0.05635212327857238,0.00032394650501998967,0.0012957242336022468,0.002267625535140372,0.0012957242336020247,-0.0077403356507107085,17.04597282409668
1547,2018-02-27,0.6196954532133943,0.6187236754848122,0.6209912392334744,0.6183997289797922,0.04514900588938582,0.000971777728582035,-0.0012957242336022468,-0.0009718395150601911,0.0003239465050202117,-0.011203117389186557,17.010347366333008
1548,2018-02-28,0.6209912392334744,0.6209912392334744,0.6245545890022169,0.6206672927284544,0.07621662312358854,0.0012957860200801807,0.0022675637486622158,0.0035633497687425075,0.0022675637486622158,0.03106761723420272,17.072689056396484
1549,2018-03-01,0.624230642497197,0.6303854407331435,0.6310333337431836,0.6226109099720964,0.2765443032369481,0.003239403263722518,0.009394201499669075,0.006478744740966658,0.001943617243642004,0.20032768011335958,17.330961227416992
1550,2018-03-02,0.6297376095095816,0.6281178769844814,0.6310333337431836,0.6252024202257789,0.1414249656821503,0.005506967012384623,-0.0022675637486621048,0.0,0.0025915102536824275,-0.13511933755479782,17.268617630004883
1551,2018-03-05,0.6300615560146017,0.6358924077455282,0.6362163542505483,0.6287657699945214,0.12512952220696985,0.0003239465050201007,0.007774530761046838,0.005183020507364744,0.0035633497687425075,-0.016295443475180443,17.48236083984375
1552,2018-03-06,0.6358924077455282,0.6345966835119261,0.6375121402706285,0.6336248439968659,0.08299163087278041,0.005830851730926567,-0.0012957242336021357,0.0012957860200801807,0.004859074002344532,-0.04213789133418944,17.446739196777344
1553,2018-03-07,0.632977012773304,0.6290897164995415,0.633948790501886,0.6287657699945214,0.06753752822919895,-0.002915394972224261,-0.005506967012384623,-0.0035633497687425075,-0.004859074002344532,-0.015454102643581463,17.29533576965332
1554,2018-03-08,0.6284418234895014,0.6310333337431836,0.6320051732582439,0.6274700457609194,0.04770845326130275,-0.004535189283802588,0.001943617243642115,-0.001943617243642115,-0.0012957242336020247,-0.019829074967896203,17.348772048950195
1555,2018-03-09,0.6300615560146017,0.6268221527508792,0.6300615560146017,0.625526366730799,0.04737191692866315,0.0016197325251002814,-0.004211180992304442,-0.001943617243642226,-0.0019436790301203821,-0.0003365363326395948,17.232995986938477
1556,2018-03-12,0.6264982062458592,0.6277939304794612,0.6284418234895014,0.625526366730799,0.07997166009830403,-0.0035633497687425075,0.000971777728582035,-0.0016197325251002814,0.0,0.03259974316964088,17.259714126586914
1557,2018-03-13,0.6297376095095816,0.6281178769844814,0.6316812267532238,0.6268221527508792,0.029464641544524644,0.003239403263722407,0.0003239465050202117,0.003239403263722407,0.0012957860200801807,-0.050507018553779384,17.268617630004883
1558,2018-03-14,0.6297376095095816,0.6284418234895014,0.6310333337431836,0.6281178769844814,0.022884470619492538,0.0,0.00032394650501998967,-0.0006478930100402014,0.0012957242336022468,-0.006580170925032106,17.277524948120117
1559,2018-03-15,0.6284418234895014,0.6245545890022169,0.6284418234895014,0.6235827494871568,0.05079927379001904,-0.0012957860200801807,-0.003887234487284452,-0.0025915102536822054,-0.004535127497324654,0.027914803170526505,17.170654296875
1560,2018-03-16,0.6245545890022169,0.6216391322435146,0.6245545890022169,0.6206672927284544,0.3230217420183324,-0.003887234487284452,-0.002915456758702306,-0.003887234487284452,-0.002915456758702306,0.27222246822831336,17.090499877929688
1561,2018-03-19,0.6171039429597119,0.6103012517137252,0.617427889464732,0.6099773052087051,0.07717309480582739,-0.007450646042505005,-0.011337880529789457,-0.007126699537484904,-0.010689987519749367,-0.245848647212505,16.778793334960938
1562,2018-03-20,0.6106251982187453,0.609005465693645,0.6122448689573675,0.608681580975103,0.10545100296683346,-0.006478744740966658,-0.0012957860200801807,-0.005183020507364522,-0.0012957242336020247,0.028277908161006074,16.743167877197266
1563,2018-03-21,0.6109491447237652,0.6106251982187453,0.6119209224523474,0.6083576344700831,0.03985298675995218,0.00032394650501987865,0.0016197325251002814,-0.0003239465050201007,-0.00032394650501998967,-0.06559801620688128,16.78769874572754
1564,2018-03-22,0.6109491447237652,0.6106251982187453,0.6119209224523474,0.6083576344700831,0.06919364123455697,0.0,0.0,0.0,0.0,0.029340654474604794,16.78769874572754
1565,2018-03-23,0.6083576344700831,0.6112730912287854,0.6122448689573675,0.6034984986812603,0.17057078333259532,-0.0025915102536820944,0.0006478930100400904,0.0003239465050201007,-0.004859135788822799,0.10137714209803834,16.805511474609375
1566,2018-03-26,0.6109491447237652,0.609329412198665,0.6125688154623875,0.609005465693645,0.039551875304432535,0.0025915102536820944,-0.0019436790301203821,0.00032394650501998967,0.005506967012384734,-0.1310189080281628,16.7520751953125
1567,2018-03-27,0.6070618484500028,0.6057661242164007,0.608681580975103,0.6051182312063605,0.0329982730372404,-0.003887296273762386,-0.0035632879822642405,-0.003887234487284452,-0.003887234487284452,-0.006553602267192135,16.654111862182617
1568,2018-03-28,0.6025267209526783,0.6054421777113806,0.6070618484500028,0.6022027744476582,0.041978479387149624,-0.0045351274973244315,-0.0003239465050201007,-0.0016197325251002814,-0.002915456758702306,0.008980206349909224,16.645204544067383
1569,2018-03-29,0.6054421777113806,0.609329412198665,0.6106251982187453,0.6031746139627184,0.1255723331709693,0.002915456758702306,0.003887234487284341,0.0035633497687425075,0.0009718395150601911,0.08359385378381967,16.7520751953125
1570,2018-04-02,0.6122448689573675,0.6060900089349426,0.6138646014824677,0.6057661242164007,0.05927467564096887,0.006802691245986869,-0.003239403263722407,0.003239403263722407,0.0025915102536823165,-0.06629765753000044,16.663013458251953
1571,2018-04-03,0.6067379019449827,0.6025267209526783,0.608033687965063,0.6022027744476582,0.09975645396980029,-0.005506967012384845,-0.0035632879822642405,-0.005830913517404723,-0.0035633497687425075,0.04048177832883142,16.56505012512207
1572,2018-04-04,0.5954000214151933,0.600906988427578,0.6015548814376181,0.5934564041715511,0.1589071425408493,-0.011337880529789346,-0.0016197325251003925,-0.006478806527444814,-0.00874637027610714,0.05915068857104902,16.520517349243164
1573,2018-04-05,0.6047942847013406,0.6096533587036851,0.6099773052087051,0.6038224451862805,0.044413939689146704,0.00939426328614723,0.00874637027610714,0.008422423771086929,0.010366041014729377,-0.11449320285170261,16.7609806060791
1574,2018-04-06,0.6067379019449827,0.6064139554399626,0.609329412198665,0.6047942847013406,0.03597396271531683,0.001943617243642115,-0.003239403263722518,-0.0006478930100400904,0.00097183951506008,-0.008439976973829873,16.671920776367188
1575,2018-04-09,0.6106251982187453,0.6151603257160697,0.6171039429597119,0.6073857949550229,0.060160297568967805,0.0038872962737626082,0.00874637027610714,0.007774530761046949,0.0025915102536823165,0.024186334853650973,16.912382125854492
1576,2018-04-10,0.6132167084724276,0.6119209224523474,0.6151603257160697,0.6112730912287854,0.06582827790816101,0.0025915102536823165,-0.003239403263722296,-0.001943617243642226,0.003887296273762497,0.005667980339193204,16.823322296142578
1577,2018-04-11,0.6125688154623875,0.6122448689573675,0.6161321652311299,0.6109491447237652,0.03073993712084311,-0.0006478930100400904,0.0003239465050201007,0.0009718395150601911,-0.0003239465050202117,-0.0350883407873179,16.83222770690918
1578,2018-04-12,0.6125688154623875,0.6145124327060295,0.6148363792110497,0.6112730912287854,0.03397245715803923,0.0,0.0022675637486619937,-0.0012957860200801807,0.0003239465050202117,0.0032325200371961203,16.894567489624023
1579,2018-04-13,0.61580821872611,0.6125688154623875,0.61580821872611,0.6112730912287854,0.03564628260195722,0.003239403263722518,-0.001943617243642004,0.0009718395150603021,0.0,0.0016738254439179895,16.84113311767578
1580,2018-04-16,0.6161321652311299,0.6106251982187453,0.61645611173615,0.6106251982187453,0.022707346233892752,0.00032394650501987865,-0.001943617243642226,0.0006478930100399793,-0.0006478930100400904,-0.01293893636806447,16.78769874572754
1581,2018-04-17,0.6115969759473273,0.6103012517137252,0.6125688154623875,0.608033687965063,0.020511003852455387,-0.004535189283802588,-0.0003239465050201007,-0.003887296273762497,-0.0025915102536823165,-0.0021963423814373648,16.778793334960938
1582,2018-04-18,0.6145124327060295,0.6171039429597119,0.617427889464732,0.6145124327060295,0.04994022051986007,0.002915456758702195,0.006802691245986758,0.004859074002344532,0.006478744740966547,0.029429216667404685,16.965816497802734
1583,2018-04-19,0.6196954532133943,0.6154842722210898,0.6196954532133943,0.6135406549774476,0.021529469069654163,0.005183020507364744,-0.0016196707386221254,0.0022675637486622158,-0.000971777728581924,-0.02841075145020591,16.921287536621094
1584,2018-04-20,0.6122448689573675,0.6106251982187453,0.6135406549774476,0.609329412198665,0.049869370765620154,-0.007450584256026738,-0.004859074002344532,-0.006154798235946668,-0.004211242778782598,0.02833990169596599,16.78769874572754
1585,2018-04-23,0.6109491447237652,0.608681580975103,0.6119209224523474,0.608033687965063,0.026940619049727672,-0.0012957242336023578,-0.001943617243642226,-0.0016197325251001704,-0.0012957242336020247,-0.02292875171589248,16.734262466430664
1586,2018-04-24,0.607709741460043,0.6132167084724276,0.6132167084724276,0.6070618484500028,0.02146747553469424,-0.003239403263722185,0.004535127497324543,0.0012957860200801807,-0.0009718395150601911,-0.005473143515033432,16.858945846557617
1587,2018-04-25,0.6103012517137252,0.617427889464732,0.6183997289797922,0.6103012517137252,0.029252092281804896,0.0025915102536822054,0.004211180992304442,0.005183020507364633,0.003239403263722407,0.007784616747110656,16.974720001220703
1588,2018-04-26,0.6187236754848122,0.6145124327060295,0.6193715684948523,0.6132167084724276,0.04315635655138821,0.00842242377108704,-0.002915456758702528,0.00097183951506008,0.002915456758702417,0.013904264269583317,16.894567489624023
1589,2018-04-27,0.6135406549774476,0.6226109099720964,0.6226109099720964,0.6135406549774476,0.032236638179161316,-0.005183020507364633,0.008098477266066939,0.00323934147724414,0.00032394650501998967,-0.010919718372226897,17.117218017578125
1590,2018-04-30,0.6229348564771167,0.6235827494871568,0.6245545890022169,0.6216391322435146,0.03722268963379533,0.009394201499669075,0.0009718395150603021,0.0019436790301204931,0.00809847726606705,0.004986051454634016,17.143938064575195
1591,2018-05-01,0.6235827494871568,0.6310333337431836,0.6320051732582439,0.6235827494871568,0.054943984413054064,0.0006478930100400904,0.007450584256026849,0.00745058425602696,0.001943617243642115,0.017721294779258732,17.348772048950195
1592,2018-05-02,0.6287657699945214,0.6258503132358191,0.6310333337431836,0.625526366730799,0.05281849178585662,0.005183020507364633,-0.005183020507364522,-0.0009718395150603021,0.001943617243642226,-0.0021254926271974464,17.20627784729004
1593,2018-05-03,0.6264982062458592,0.632977012773304,0.632977012773304,0.6252024202257789,0.048018420936102375,-0.0022675637486622158,0.007126699537484904,0.0019436790301203821,-0.0003239465050201007,-0.004800070849754243,17.40220832824707
1594,2018-05-04,0.6284418234895014,0.6258503132358191,0.6287657699945214,0.6252024202257789,0.04764645972634282,0.001943617243642226,-0.007126699537484904,-0.004211242778782598,0.0,-0.000371961209759554,17.20627784729004
1595,2018-05-07,0.623906695992177,0.6203433462234345,0.623906695992177,0.6203433462234345,0.0295000664216446,-0.0045351274973244315,-0.005506967012384623,-0.004859074002344421,-0.004859074002344421,-0.018146393304698222,17.05487632751465
1596,2018-05-08,0.6222869634670766,0.6216391322435146,0.6222869634670766,0.6190476219898322,0.019572244608776514,-0.0016197325251003925,0.0012957860200801807,-0.0016197325251003925,-0.0012957242336022468,-0.009927821812868085,17.090499877929688
1597,2018-05-09,0.6196954532133943,0.61678005824117,0.6196954532133943,0.61580821872611,0.04639773280786432,-0.0025915102536823165,-0.004859074002344643,-0.0025915102536823165,-0.003239403263722185,0.026825488199087807,16.956911087036133
1598,2018-05-10,0.61678005824117,0.6171039429597119,0.6200193997184145,0.6154842722210898,0.02230881636629323,-0.002915394972224261,0.00032388471854194467,0.0003239465050202117,-0.0003239465050202117,-0.02408891644157109,16.965816497802734
1599,2018-05-11,0.6154842722210898,0.6138646014824677,0.61678005824117,0.6128927619674075,0.02540849311428951,-0.0012957860200801807,-0.003239341477244251,-0.003239341477244473,-0.0025915102536823165,0.0030996767479962786,16.876758575439453
1600,2018-05-14,0.6135406549774476,0.6106251982187453,0.6145124327060295,0.6106251982187453,0.035557720409157334,-0.001943617243642226,-0.003239403263722407,-0.002267625535140483,-0.0022675637486622158,0.010149227294867825,16.78769874572754
1601,2018-05-15,0.6099773052087051,0.6073857949550229,0.6099773052087051,0.6041463916913006,0.0484169508037019,-0.0035633497687425075,-0.003239403263722407,-0.0045351274973244315,-0.006478806527444703,0.012859230394544563,16.698638916015625
1602,2018-05-16,0.6096533587036851,0.608033687965063,0.6096533587036851,0.6070618484500028,0.013806845857503431,-0.00032394650501998967,0.0006478930100400904,-0.00032394650501998967,0.002915456758702195,-0.03461010494619847,16.71645164489746
1603,2018-05-17,0.6125688154623875,0.6044703381963205,0.6125688154623875,0.6044703381963205,0.0195013948545366,0.002915456758702417,-0.0035633497687425075,0.002915456758702417,-0.0025915102536823165,0.0056945489970331685,16.618486404418945
1604,2018-05-18,0.608681580975103,0.6112730912287854,0.6138646014824677,0.6073857949550229,0.04376743568170748,-0.003887234487284452,0.006802753032464914,0.0012957860200801807,0.002915456758702417,0.024266040827170883,16.805511474609375
1605,2018-05-21,0.617427889464732,0.6151603257160697,0.6187236754848122,0.6138646014824677,0.07019439401319577,0.008746308489628984,0.003887234487284341,0.004859074002344532,0.006478806527444814,0.02642695833148829,16.912382125854492
1606,2018-05-22,0.6193715684948523,0.6187236754848122,0.6213151857384945,0.617427889464732,0.03360935216755967,0.001943679030120271,0.0035633497687425075,0.0025915102536823165,0.0035632879822643515,-0.0365850418456361,17.010347366333008
1607,2018-05-23,0.6193715684948523,0.624878535507237,0.624878535507237,0.6190476219898322,0.04163308683523004,0.0,0.006154860022424824,0.0035633497687425075,0.0016197325251001704,0.008023734667670368,17.179561614990234
1608,2018-05-24,0.6277939304794612,0.6229348564771167,0.6290897164995415,0.6229348564771167,0.03263516804676084,0.008422361984608884,-0.0019436790301203821,0.004211180992304442,0.003887234487284452,-0.0089979187884692,17.12612533569336
1609,2018-05-25,0.6235827494871568,0.6271460992558991,0.6274700457609194,0.6226109099720964,0.025222512509409732,-0.004211180992304442,0.004211242778782487,-0.0016196707386221254,-0.0003239465050202117,-0.007412655537351105,17.241901397705078
1610,2018-05-29,0.6277939304794612,0.6226109099720964,0.6284418234895014,0.6200193997184145,0.040915733073550904,0.004211180992304442,-0.004535189283802699,0.000971777728582035,-0.0025915102536819834,0.015693220564141172,17.117218017578125
1611,2018-05-30,0.6219630787485346,0.6229348564771167,0.6229348564771167,0.617427889464732,0.03540716468139751,-0.005830851730926567,0.0003239465050202117,-0.005506967012384734,-0.0025915102536824275,-0.0055085683921533915,17.12612533569336
1612,2018-05-31,0.624230642497197,0.6222869634670766,0.6252024202257789,0.6203433462234345,0.06981357658415623,0.002267563748662327,-0.0006478930100400904,0.0022675637486622158,0.002915456758702417,0.03440641190275871,17.10831069946289
1613,2018-06-01,0.623906695992177,0.6200193997184145,0.623906695992177,0.6187236754848122,0.036487623433556216,-0.00032394650501998967,-0.0022675637486621048,-0.0012957242336019137,-0.0016196707386222364,-0.03332595315060001,17.04597282409668
1614,2018-06-04,0.6271460992558991,0.6051182312063605,0.6271460992558991,0.6041463916913006,0.11005623699242793,0.003239403263722185,-0.01490116851205392,0.003239403263722185,-0.014577283793511642,0.07356861355887172,16.63629722595215
1615,2018-06-05,0.608033687965063,0.6038224451862805,0.608033687965063,0.601878827942638,0.06661648142408005,-0.019112411290836184,-0.0012957860200800697,-0.019112411290836184,-0.002267563748662549,-0.04343975556834788,16.60067367553711
1616,2018-06-06,0.6064139554399626,0.6067379019449827,0.6106251982187453,0.6064139554399626,0.053234734092016116,-0.0016197325251003925,0.002915456758702195,0.0025915102536823165,0.004535127497324543,-0.013381747332063938,16.680824279785156
1617,2018-06-07,0.6103012517137252,0.601878827942638,0.6103012517137252,0.600259157204016,0.0920781118540495,0.0038872962737626082,-0.004859074002344643,-0.0003239465050201007,-0.006154798235946557,0.038843377762033386,16.547237396240234
1618,2018-06-08,0.6031746139627184,0.608033687965063,0.608681580975103,0.6015548814376181,0.052809635566576626,-0.007126637751006748,0.006154860022424935,-0.0016196707386221254,0.0012957242336021357,-0.039268476287472875,16.71645164489746
1619,2018-06-11,0.6067379019449827,0.601230934932598,0.6067379019449827,0.601230934932598,0.055023690386573974,0.0035632879822642405,-0.006802753032464914,-0.0019436790301203821,-0.0003239465050201007,0.002214054819997348,16.5294246673584
1620,2018-06-12,0.6034984986812603,0.608681580975103,0.6096533587036851,0.6025267209526783,0.0739140061107913,-0.003239403263722407,0.007450646042505005,0.002915456758702417,0.0012957860200802918,0.018890315724217323,16.734262466430664
1621,2018-06-13,0.6070618484500028,0.6047942847013406,0.608681580975103,0.6041463916913006,0.0268343444183678,0.0035633497687425075,-0.003887296273762497,-0.000971777728582035,0.0016196707386222364,-0.0470796616924235,16.627391815185547
1622,2018-06-14,0.6022027744476582,0.5966958074352736,0.6022027744476582,0.5963718609302535,0.07071691095071514,-0.004859074002344532,-0.008098477266066939,-0.006478806527444814,-0.00777453076104706,0.043882566532347345,16.404741287231445
1623,2018-06-15,0.5931324576665311,0.5979915316688756,0.6005831037090361,0.5908648939178689,0.0726652791923128,-0.00907031678112713,0.0012957242336020247,-0.0016196707386221254,-0.005506967012384623,0.0019483682415976644,16.440364837646484
1624,2018-06-18,0.592808511161511,0.5921606799379491,0.5944282436866113,0.5895691696842668,0.08872160474693354,-0.0003239465050201007,-0.005830851730926567,-0.006154860022424824,-0.0012957242336021357,0.016056325554620735,16.280061721801758
1625,2018-06-19,0.5847100338954441,0.5863297664205444,0.5873015441491264,0.5740200463756948,0.15018376655005977,-0.008098477266066939,-0.005830913517404723,-0.007126699537484904,-0.015549123308571944,0.06146216180312623,16.119752883911133
1626,2018-06-20,0.5892452231792467,0.5889212766742267,0.5905409474128488,0.5853579269054842,0.042377009254749146,0.004535189283802588,0.0025915102536823165,0.003239403263722407,0.011337880529789346,-0.10780675729531063,16.19099998474121
1627,2018-06-21,0.5889212766742267,0.5873015441491264,0.5898930544028087,0.5866537129255643,0.03490236018243812,-0.00032394650501998967,-0.0016197325251002814,-0.0006478930100400904,0.0012957860200801807,-0.007474649072311025,16.146467208862305
1628,2018-06-22,0.5889212766742267,0.5898930544028087,0.5908648939178689,0.5863297664205444,0.03007572067484391,0.0,0.0025915102536823165,0.0009718395150601911,-0.00032394650501998967,-0.00482663950759421,16.21771812438965
1629,2018-06-25,0.583090363156822,0.5804988529031396,0.5847100338954441,0.5804988529031396,0.05296904751361644,-0.005830913517404723,-0.009394201499669075,-0.006154860022424824,-0.005830913517404723,0.02289332683877253,15.95944595336914
1630,2018-06-26,0.5811467459131797,0.5795270133880794,0.5834143096618419,0.5779073426494573,0.03882566532347341,-0.001943617243642226,-0.0009718395150601911,-0.0012957242336021357,-0.0025915102536823165,-0.01414338219014303,15.932726860046388
1631,2018-06-27,0.5779073426494573,0.575315832395775,0.5788791821645175,0.574991885890755,0.08898729132533321,-0.003239403263722407,-0.004211180992304442,-0.0045351274973244315,-0.002915456758702306,0.050161626001859805,15.81694793701172
1632,2018-06-28,0.5766115566293771,0.5756397789007951,0.5798509598930995,0.575315832395775,0.05036531904529956,-0.0012957860200801807,0.0003239465050201007,0.000971777728582035,0.00032394650501998967,-0.03862197228003365,15.825854301452637
1633,2018-06-29,0.5736960998706747,0.5840622026718821,0.5869776594305844,0.5736960998706747,0.07434796085551078,-0.002915456758702417,0.00842242377108704,0.007126699537484904,-0.0016197325251002814,0.023982641810211217,16.05741310119629
1634,2018-07-02,0.5792030668830593,0.5720764291320526,0.5798509598930995,0.5714285361220125,0.08825222512509409,0.005506967012384623,-0.011985773539829547,-0.007126699537484904,-0.0022675637486622158,0.013904264269583314,15.727890968322754
1635,2018-07-03,0.5746679393857349,0.5724003756370727,0.5756397789007951,0.5720764291320526,0.024894832396050125,-0.0045351274973244315,0.0003239465050201007,-0.004211180992304442,0.0006478930100400904,-0.06335739272904396,15.736797332763672
1636,2018-07-05,0.5743439928807148,0.5720764291320526,0.5759637254058151,0.5717524826270325,0.07914803170526502,-0.0003239465050201007,-0.0003239465050201007,0.00032394650501998967,-0.0003239465050201007,0.05425319930921489,15.727890968322754
1637,2018-07-06,0.5714285361220125,0.5801749063981195,0.5808227994081597,0.5714285361220125,0.08354071646813975,-0.002915456758702306,0.008098477266066939,0.004859074002344643,-0.00032394650501998967,0.0043926847628747295,15.950541496276855
1638,2018-07-09,0.5779073426494573,0.5740200463756948,0.5779073426494573,0.5724003756370727,0.03205065757428154,0.006478806527444814,-0.006154860022424713,-0.002915456758702417,0.0009718395150601911,-0.05149005889385821,15.781328201293944
1639,2018-07-10,0.5740200463756948,0.5707807048984506,0.5746679393857349,0.5694849188783703,0.06403046539432317,-0.003887296273762497,-0.003239341477244251,-0.003239403263722407,-0.002915456758702417,0.031979807820041624,15.692267417907717
1640,2018-07-11,0.5691609723733503,0.5597667708736812,0.5691609723733503,0.558794931358621,0.07502103352078998,-0.004859074002344532,-0.011013934024769356,-0.005506967012384623,-0.010689987519749256,0.010990568126466815,15.389467239379885
1641,2018-07-12,0.5597667708736812,0.5636540053609655,0.5652737378860658,0.5597667708736812,0.2092547491475889,-0.009394201499669075,0.003887234487284341,-0.003887234487284452,0.0009718395150601911,0.13423371562679892,15.49633502960205
1642,2018-07-13,0.5636540053609655,0.5623582811273635,0.5636540053609655,0.558794931358621,0.08351414781029978,0.003887234487284341,-0.0012957242336020247,-0.0016197325251002814,-0.0009718395150601911,-0.12574060133728912,15.46071434020996
1643,2018-07-16,0.5649497913810458,0.5613864416123033,0.566893408624688,0.5607385486022632,0.036806447327635834,0.0012957860200802918,-0.0009718395150601911,0.003239403263722407,0.001943617243642226,-0.04670770048266395,15.433995246887209
1644,2018-07-17,0.5610624951072832,0.5613864416123033,0.5639779518659856,0.5597667708736812,0.03571713235619714,-0.0038872962737626082,0.0,-0.002915456758702306,-0.000971777728582035,-0.0010893149714386943,15.433995246887209
1645,2018-07-18,0.5617103881173233,0.5597667708736812,0.5617103881173233,0.5581470383485809,0.03104104857636275,0.0006478930100400904,-0.0016196707386221254,-0.002267563748662327,-0.0016197325251002814,-0.004676083779834389,15.389467239379885
1646,2018-07-19,0.558794931358621,0.5610624951072832,0.5623582811273635,0.5584709848536009,0.026922906611167693,-0.002915456758702306,0.0012957242336020247,0.0006478930100402014,0.00032394650501998967,-0.004118141965195058,15.425088882446287
1647,2018-07-20,0.5636540053609655,0.5649497913810458,0.5659215691096278,0.5620343346223434,0.03886109020059337,0.004859074002344532,0.0038872962737626082,0.0035632879822642405,0.0035633497687425075,0.011938183589425676,15.531962394714355
1648,2018-07-23,0.566893408624688,0.5662455156146479,0.5678652481397481,0.5646258448760257,0.027737678784926716,0.003239403263722407,0.0012957242336020247,0.0019436790301203821,0.0025915102536823165,-0.011123411415666654,15.567584991455078
1649,2018-07-24,0.5649497913810458,0.5643018983710056,0.5672173551297081,0.5633300588559456,0.03727582694947527,-0.001943617243642115,-0.001943617243642226,-0.0006478930100400904,-0.0012957860200801807,0.009538148164548552,15.51414966583252
1650,2018-07-25,0.566893408624688,0.5724003756370727,0.5727243221420927,0.566569462119668,0.062028959837045566,0.001943617243642115,0.00809847726606705,0.005506967012384623,0.003239403263722407,0.0247531328875703,15.736797332763672
1651,2018-07-26,0.5759637254058151,0.5685130793633101,0.5772594496394172,0.5685130793633101,0.07112429703759465,0.00907031678112713,-0.0038872962737626082,0.004535127497324543,0.001943617243642115,0.009095337200549086,15.629925727844238
1652,2018-07-27,0.5681891946447682,0.5659215691096278,0.5681891946447682,0.5643018983710056,0.07502988974006997,-0.007774530761046838,-0.0025915102536823165,-0.009070254994648974,-0.004211180992304442,0.0039055927024753134,15.558677673339844
1653,2018-07-30,0.5649497913810458,0.5694849188783703,0.5743439928807148,0.5649497913810458,0.0338307576495594,-0.003239403263722407,0.0035633497687425075,0.006154798235946557,0.0006478930100402014,-0.041199132090510564,15.656643867492676
1654,2018-07-31,0.5714285361220125,0.5678652481397481,0.5733722151521329,0.5659215691096278,0.04407740335650711,0.006478744740966658,-0.0016196707386221254,-0.000971777728581924,0.000971777728581924,0.010246645706947707,15.612114906311035
1655,2018-08-01,0.5678652481397481,0.5649497913810458,0.5691609723733503,0.5630061123509255,0.03121817296196254,-0.0035632879822643515,-0.002915456758702306,-0.004211242778782598,-0.002915456758702306,-0.01285923039454457,15.531962394714355
1656,2018-08-02,0.5649497913810458,0.5630061123509255,0.5672173551297081,0.5617103881173233,0.04530841783642563,-0.002915456758702306,-0.0019436790301203821,-0.001943617243642226,-0.0012957242336021357,0.014090244874463087,15.478524208068848
1657,2018-08-03,0.5617103881173233,0.5672173551297081,0.5691609723733503,0.5617103881173233,0.027613691715006862,-0.003239403263722518,0.004211242778782598,0.001943617243642226,0.0,-0.017694726121418765,15.5943021774292
1658,2018-08-06,0.5681891946447682,0.5714285361220125,0.5727243221420927,0.5681891946447682,0.030810786875083027,0.006478806527444925,0.004211180992304442,0.0035633497687423965,0.006478806527444925,0.0031970951600761646,15.710076332092283
1659,2018-08-07,0.5727243221420927,0.5685130793633101,0.5733722151521329,0.5681891946447682,0.030704512243723156,0.0045351274973244315,-0.002915456758702417,0.0006478930100402014,0.0,-0.00010627463135987059,15.629925727844238
1660,2018-08-08,0.5675413016347282,0.5681891946447682,0.5691609723733503,0.5662455156146479,0.024310321923570827,-0.005183020507364522,-0.00032388471854183365,-0.004211242778782598,-0.0019436790301203821,-0.006394190320152329,15.621021270751951
1661,2018-08-09,0.5681891946447682,0.566569462119668,0.5681891946447682,0.5659215691096278,0.024629145817650445,0.0006478930100400904,-0.0016197325251002814,-0.000971777728582035,-0.0003239465050201007,0.0003188238940796187,15.576489448547363
1662,2018-08-10,0.5639779518659856,0.5574991453385407,0.5675413016347282,0.5568513141149788,0.04751361643714298,-0.004211242778782598,-0.009070316781127241,-0.0006478930100400904,-0.009070254994648974,0.022884470619492538,15.327123641967772
1663,2018-08-13,0.5526400713361962,0.5532879643462364,0.5558794745999186,0.5519922401126343,0.03670902891555595,-0.011337880529789457,-0.004211180992304331,-0.011661827034809558,-0.004859074002344532,-0.010804587521587035,15.211348533630373
1664,2018-08-14,0.5558794745999186,0.5578230918435608,0.5578230918435608,0.5549076350848585,0.026046140902448743,0.003239403263722407,0.0045351274973244315,0.001943617243642226,0.002915394972224261,-0.010662888013107205,15.336030006408691
1665,2018-08-15,0.5584709848536009,0.5529640178412163,0.5584709848536009,0.5526400713361962,0.037311251826595226,0.0025915102536823165,-0.004859074002344532,0.0006478930100400904,-0.002267563748662327,0.011265110924146483,15.202441215515137
1666,2018-08-16,0.5555555280948986,0.5600907173787012,0.5636540053609655,0.5555555280948986,0.036018243811716776,-0.002915456758702306,0.007126699537484904,0.005183020507364633,0.002915456758702417,-0.001293008014878451,15.398371696472168
1667,2018-08-17,0.5578230918435608,0.5649497913810458,0.5652737378860658,0.5578230918435608,0.02640924589292831,0.0022675637486622158,0.004859074002344643,0.0016197325251002814,0.0022675637486622158,-0.009608997918788467,15.531962394714355
1668,2018-08-20,0.5655976226046078,0.5594428243686611,0.5655976226046078,0.558794931358621,0.016313155913740423,0.007774530761046949,-0.005506967012384734,0.00032388471854194467,0.0009718395150601911,-0.010096089979187886,15.380560874938965
1669,2018-08-21,0.5574991453385407,0.558794931358621,0.5623582811273635,0.5565273676099588,0.02005933666917593,-0.00809847726606705,-0.0006478930100400904,-0.003239341477244251,-0.0022675637486622158,0.0037461807554355075,15.362747192382812
1670,2018-08-22,0.5568513141149788,0.5552315815898785,0.5568513141149788,0.5526400713361962,0.02709117477748749,-0.0006478312235619343,-0.0035633497687425075,-0.005506967012384734,-0.0038872962737626082,0.00703183810831156,15.26478099822998
1671,2018-08-23,0.5523161248311762,0.550372507587534,0.5542598038612965,0.5497246145774939,0.0340787317893991,-0.004535189283802588,-0.004859074002344532,-0.0025915102536823165,-0.002915456758702306,0.0069875570119116125,15.13119411468506
1672,2018-08-24,0.5529640178412163,0.5519922401126343,0.5552315815898785,0.5513443471025942,0.023167869636452197,0.0006478930100400904,0.0016197325251002814,0.000971777728582035,0.0016197325251002814,-0.010910862152946905,15.175722122192385
1673,2018-08-27,0.5494006680724738,0.5565273676099588,0.5568513141149788,0.5494006680724738,0.02610813443740867,-0.0035633497687425075,0.004535127497324543,0.0016197325251002814,-0.0019436790301203821,0.0029402648009564727,15.300406455993652
1674,2018-08-28,0.5545837503663166,0.5474570508288317,0.5545837503663166,0.5474570508288317,0.04895718017978125,0.005183082293842789,-0.00907031678112713,-0.0022675637486622158,-0.001943617243642115,0.02284904574237258,15.051039695739746
1675,2018-08-29,0.5497246145774939,0.550372507587534,0.5526400713361962,0.5474570508288317,0.05128636585041846,-0.004859135788822688,0.002915456758702306,-0.0019436790301203821,0.0,0.00232918567063721,15.13119411468506
1676,2018-08-30,0.549076783353932,0.5458373800902095,0.5494006680724738,0.5455134335851894,0.06709471726519949,-0.0006478312235619343,-0.0045351274973244315,-0.003239403263722407,-0.001943617243642226,0.015808351414781027,15.006511688232422
1677,2018-08-31,0.5474570508288317,0.5526400713361962,0.5529640178412163,0.5474570508288317,0.08902271620245317,-0.0016197325251002814,0.006802691245986647,0.0035633497687425075,0.001943617243642226,0.02192799893725368,15.19353485107422
1678,2018-09-04,0.5464852731002496,0.5523161248311762,0.5526400713361962,0.5445415940701293,0.09379621839436744,-0.000971777728582035,-0.00032394650501998967,-0.0003239465050201007,-0.002915456758702417,0.004773502191914275,15.1846284866333
1679,2018-09-05,0.5545837503663166,0.5523161248311762,0.5549076350848585,0.5516682936076143,0.047239073639463315,0.008098477266066939,0.0,0.002267563748662327,0.007126699537485015,-0.04655714475490413,15.1846284866333
1680,2018-09-06,0.5506964540925541,0.5510204005975741,0.5529640178412163,0.550372507587534,0.0348315104281982,-0.003887296273762497,-0.0012957242336021357,-0.001943617243642226,-0.0012957860200802918,-0.012407563211265113,15.149003982543944
1681,2018-09-07,0.5523161248311762,0.5539358573562765,0.5539358573562765,0.5510204005975741,0.03528317761147766,0.0016196707386221254,0.002915456758702417,0.0009718395150601911,0.0006478930100400904,0.00045166718327945693,15.229159355163574
1682,2018-09-10,0.5558794745999186,0.5578230918435608,0.5584709848536009,0.5558794745999186,0.03465438604259841,0.0035633497687423965,0.003887234487284341,0.0045351274973244315,0.004859074002344532,-0.0006287915688792459,15.336030006408691
1683,2018-09-11,0.5562034211049387,0.5523161248311762,0.5562034211049387,0.5519922401126343,0.04955054687154054,0.0003239465050201007,-0.005506967012384623,-0.0022675637486622158,-0.003887234487284341,0.014896160828942129,15.1846284866333
1684,2018-09-12,0.5519922401126343,0.5558794745999186,0.558794931358621,0.5519922401126343,0.11404153566842315,-0.004211180992304442,0.0035633497687423965,0.0025915102536823165,0.0,0.06449098879688261,15.2825927734375
1685,2018-09-13,0.5562034211049387,0.5532879643462364,0.5562034211049387,0.5513443471025942,0.05626356108577248,0.004211180992304442,-0.0025915102536822054,-0.0025915102536823165,-0.0006478930100400904,-0.05777797458265067,15.211348533630373
1686,2018-09-14,0.5532879643462364,0.5523161248311762,0.5539358573562765,0.5513443471025942,0.06211752202984546,-0.002915456758702306,-0.0009718395150601911,-0.0022675637486622158,0.0,0.005853960944072978,15.1846284866333
1687,2018-09-17,0.5539358573562765,0.5474570508288317,0.5539358573562765,0.5474570508288317,0.0753398574148696,0.0006478930100400904,-0.004859074002344532,0.0,-0.003887296273762497,0.013222335385024132,15.051039695739746
1688,2018-09-18,0.5487528368489119,0.5471331043238116,0.5487528368489119,0.5458373800902095,0.054377186379134745,-0.005183020507364633,-0.0003239465050201007,-0.005183020507364633,-0.0016196707386221254,-0.020962671035734848,15.042132377624512
1689,2018-09-19,0.5474570508288317,0.5497246145774939,0.5497246145774939,0.5464852731002496,0.031563565513882126,-0.0012957860200801807,0.0025915102536823165,0.000971777728582035,0.0006478930100400904,-0.02281362086525262,15.11338233947754
1690,2018-09-20,0.5494006680724738,0.5532879643462364,0.5549076350848585,0.5494006680724738,0.0423327281583492,0.001943617243642115,0.0035633497687425075,0.005183020507364633,0.00291539497222415,0.010769162644467076,15.211348533630373
1691,2018-09-21,0.5526400713361962,0.5532879643462364,0.5536119108512564,0.5506964540925541,0.02723287428596732,0.003239403263722407,0.0,-0.0012957242336021357,0.0012957860200802918,-0.015099853872381882,15.211348533630373
1692,2018-09-24,0.5523161248311762,0.5516682936076143,0.5542598038612965,0.5510204005975741,0.057450294469291056,-0.00032394650501998967,-0.0016196707386221254,0.0006478930100400904,0.00032394650501998967,0.030217420183323736,15.166817665100098
1693,2018-09-25,0.550372507587534,0.5500485610825139,0.5523161248311762,0.5481049438388718,0.029030686799805163,-0.001943617243642226,-0.0016197325251003925,-0.001943679030120271,-0.002915456758702306,-0.028419607669485893,15.122286796569824
1694,2018-09-26,0.5494006680724738,0.5494006680724738,0.5500485610825139,0.5487528368489119,0.03979099322499225,-0.0009718395150601911,-0.0006478930100400904,-0.002267563748662327,0.0006478930100400904,0.010760306425187088,15.10447597503662
1695,2018-09-27,0.5494006680724738,0.5471331043238116,0.5494006680724738,0.5458373800902095,0.023725811451091528,0.0,-0.0022675637486622158,-0.0006478930100400904,-0.002915456758702306,-0.016065181773900723,15.042132377624512
1696,2018-09-28,0.5468091578187915,0.5477809973338517,0.5500485610825139,0.5464852731002496,0.03704556524819554,-0.0025915102536823165,0.0006478930100400904,0.0006478930100400904,0.0006478930100400904,0.013319753797104015,15.059946060180664
1697,2018-10-01,0.5481049438388718,0.5523161248311762,0.5529640178412163,0.5481049438388718,0.10378603374219546,0.0012957860200802918,0.004535127497324543,0.002915456758702417,0.0016196707386221254,0.06674046849399992,15.1846284866333
1698,2018-10-02,0.5532879643462364,0.5623582811273635,0.5626822276323835,0.5532879643462364,0.13122260107160252,0.005183020507364633,0.010042156296187321,0.00971820979116722,0.005183020507364633,0.027436567329407066,15.46071434020996
1699,2018-10-03,0.5633300588559456,0.5565273676099588,0.5633300588559456,0.5562034211049387,0.04364344861178763,0.010042094509709165,-0.005830913517404723,0.0006478312235620454,0.002915456758702306,-0.0875791524598149,15.300406455993652
1700,2018-10-04,0.5565273676099588,0.5555555280948986,0.5581470383485809,0.5545837503663166,0.05765398751273081,-0.006802691245986758,-0.0009718395150601911,-0.005183020507364633,-0.0016196707386221254,0.014010538900943184,15.273687362670898
1701,2018-10-05,0.5578230918435608,0.5620343346223434,0.5620343346223434,0.5578230918435608,0.024779701545410263,0.0012957242336020247,0.006478806527444814,0.003887296273762497,0.003239341477244251,-0.032874285967320546,15.451807975769045
1702,2018-10-08,0.5636540053609655,0.5652737378860658,0.5655976226046078,0.5617103881173233,0.02457600850197051,0.005830913517404723,0.003239403263722407,0.0035632879822643515,0.003887296273762497,-0.0002036930434397531,15.54086685180664
1703,2018-10-09,0.5652737378860658,0.5646258448760257,0.5655976226046078,0.5623582811273635,0.03498206615595802,0.0016197325251002814,-0.0006478930100400904,0.0,0.0006478930100402014,0.010406057653987513,15.523056030273438
1704,2018-10-10,0.5623582811273635,0.5597667708736812,0.5636540053609655,0.5591188778636411,0.03490236018243812,-0.002915456758702306,-0.004859074002344532,-0.001943617243642226,-0.003239403263722407,-7.970597351990294e-05,15.389467239379885
1705,2018-10-11,0.5597667708736812,0.5610624951072832,0.5639779518659856,0.5578230918435608,0.06271088872160474,-0.0025915102536823165,0.0012957242336020247,0.0003239465050201007,-0.0012957860200802918,0.02780852853916662,15.425088882446287
1706,2018-10-12,0.5659215691096278,0.5685130793633101,0.5691609723733503,0.5655976226046078,0.05086126732497897,0.006154798235946557,0.007450584256026849,0.005183020507364633,0.007774530761046949,-0.011849621396625772,15.629925727844238
1707,2018-10-15,0.5685130793633101,0.575315832395775,0.5759637254058151,0.5685130793633101,0.08769428331045477,0.0025915102536823165,0.006802753032464914,0.006802753032464803,0.002915456758702306,0.0368330159854758,15.81694793701172
1708,2018-10-16,0.5756397789007951,0.575315832395775,0.5769355031343971,0.5743439928807148,0.10896692202098925,0.007126699537485015,0.0,0.000971777728582035,0.005830913517404723,0.021272638710534475,15.81694793701172
1709,2018-10-17,0.5740200463756948,0.574991885890755,0.5772594496394172,0.5740200463756948,0.04535269893282558,-0.0016197325251002814,-0.00032394650501998967,0.0003239465050201007,-0.00032394650501998967,-0.06361422308816367,15.808045387268066
1710,2018-10-18,0.5733722151521329,0.5685130793633101,0.5736960998706747,0.5685130793633101,0.05764513129345083,-0.0006478312235619343,-0.006478806527444925,-0.0035633497687425075,-0.005506967012384734,0.01229243236062525,15.629925727844238
1711,2018-10-19,0.5685130793633101,0.5681891946447682,0.5724003756370727,0.5675413016347282,0.046052340255944735,-0.004859135788822799,-0.00032388471854183365,-0.0012957242336020247,-0.000971777728581924,-0.011592791037506094,15.621021270751951
1712,2018-10-22,0.5698088653833904,0.5707807048984506,0.5720764291320526,0.5691609723733503,0.03422043129787893,0.0012957860200802918,0.0025915102536823165,-0.0003239465050201007,0.0016196707386221254,-0.011831908958065802,15.692267417907717
1713,2018-10-23,0.5672173551297081,0.5720764291320526,0.5733722151521329,0.566893408624688,0.029597484833724482,-0.0025915102536823165,0.0012957242336020247,0.0012957860200802918,-0.002267563748662327,-0.00462294646415445,15.727890968322754
1714,2018-10-24,0.574991885890755,0.5707807048984506,0.5762876719108352,0.5704567583934305,0.03571713235619714,0.007774530761046949,-0.0012957242336020247,0.002915456758702306,0.0035633497687425075,0.006119647522472658,15.692267417907717
1715,2018-10-25,0.5707807048984506,0.5688370258683302,0.5727243221420927,0.5678652481397481,0.03352964619403977,-0.004211180992304442,-0.0019436790301203821,-0.0035633497687425075,-0.0025915102536823165,-0.0021874861621573732,15.638832092285156
1716,2018-10-26,0.5714285361220125,0.5740200463756948,0.5756397789007951,0.5714285361220125,0.037337820484435194,0.0006478312235619343,0.005183020507364633,0.002915456758702417,0.0035632879822643515,0.0038081742903954274,15.781328201293944
1717,2018-10-29,0.5740200463756948,0.5672173551297081,0.5762876719108352,0.5672173551297081,0.029331798255324802,0.0025915102536823165,-0.006802691245986758,0.0006478930100400904,-0.004211180992304442,-0.008006022229110392,15.5943021774292
1718,2018-10-30,0.5685130793633101,0.5652737378860658,0.5685130793633101,0.5639779518659856,0.022663065137492805,-0.005506967012384734,-0.001943617243642226,-0.007774592547525105,-0.003239403263722407,-0.006668733117831997,15.54086685180664
1719,2018-10-31,0.5636540053609655,0.5639779518659856,0.5655976226046078,0.5626822276323835,0.06302971261568437,-0.004859074002344532,-0.0012957860200801807,-0.002915456758702306,-0.0012957242336021357,0.04036664747819156,15.505243301391602
1720,2018-11-01,0.5678652481397481,0.5707807048984506,0.5730482686471128,0.566893408624688,0.08431120754549883,0.004211242778782598,0.006802753032464914,0.007450646042505005,0.004211180992304442,0.02128149492981446,15.692267417907717
1721,2018-11-02,0.5740200463756948,0.5756397789007951,0.5756397789007951,0.5724003756370727,0.10544214674755346,0.006154798235946668,0.004859074002344532,0.0025915102536823165,0.005506967012384734,0.02113093920205464,15.825854301452637
1722,2018-11-05,0.574991885890755,0.5724003756370727,0.5762876719108352,0.5711045896169924,0.04210246645706948,0.0009718395150601911,-0.003239403263722407,0.0006478930100400904,-0.0012957860200802918,-0.06333968029048398,15.736797332763672
1723,2018-11-06,0.5724003756370727,0.5694849188783703,0.5727243221420927,0.5694849188783703,0.029562059956604526,-0.0025915102536823165,-0.002915456758702417,-0.0035633497687425075,-0.0016196707386221254,-0.012540406500464951,15.656643867492676
1724,2018-11-07,0.5698088653833904,0.5698088653833904,0.5704567583934305,0.5681891946447682,0.03868396581499358,-0.0025915102536823165,0.0003239465050201007,-0.0022675637486622158,-0.0012957242336020247,0.009121905858389054,15.665552139282228
1725,2018-11-08,0.5691609723733503,0.566893408624688,0.5704567583934305,0.5633300588559456,0.072497011025993,-0.0006478930100400904,-0.002915456758702417,0.0,-0.004859135788822688,0.03381304521099942,15.58539581298828
1726,2018-11-09,0.5633300588559456,0.5607385486022632,0.5649497913810458,0.5600907173787012,0.07305495284063233,-0.005830913517404723,-0.006154860022424713,-0.005506967012384623,-0.003239341477244362,0.0005579418146393345,15.416182518005373
1727,2018-11-12,0.5591188778636411,0.5604146020972431,0.5623582811273635,0.5591188778636411,0.041261125625470484,-0.004211180992304442,-0.0003239465050201007,-0.0025915102536823165,-0.00097183951506008,-0.03179382721516185,15.407276153564451
1728,2018-11-13,0.5604146020972431,0.5581470383485809,0.5604146020972431,0.5568513141149788,0.03498206615595802,0.0012957242336020247,-0.0022675637486622158,-0.0019436790301203821,-0.002267563748662327,-0.00627905946951246,15.34493637084961
1729,2018-11-14,0.5604146020972431,0.5597667708736812,0.5607385486022632,0.5581470383485809,0.040844883319310986,0.0,0.0016197325251002814,0.0003239465050201007,0.0012957242336021357,0.0058628171633529624,15.389467239379885
1730,2018-11-15,0.5600907173787012,0.5584709848536009,0.5639779518659856,0.5581470383485809,0.04018066687331178,-0.00032388471854194467,-0.0012957860200802918,0.003239403263722407,0.0,-0.000664216445999205,15.353842735290527
1731,2018-11-16,0.5574991453385407,0.5643018983710056,0.5655976226046078,0.5574991453385407,0.03159899039100208,-0.0025915720401604725,0.005830913517404723,0.0016196707386221254,-0.0006478930100402014,-0.008581676482309702,15.51414966583252
1732,2018-11-19,0.5626822276323835,0.5623582811273635,0.5630061123509255,0.5594428243686611,0.014754461320462294,0.005183082293842789,-0.001943617243642115,-0.0025915102536823165,0.0019436790301203821,-0.016844529070539786,15.46071434020996
1733,2018-11-20,0.5623582811273635,0.558794931358621,0.5623582811273635,0.558794931358621,0.03832086082451402,-0.00032394650501998967,-0.0035633497687425075,-0.0006478312235619343,-0.0006478930100400904,0.023566399504051726,15.362747192382812
1734,2018-11-21,0.5594428243686611,0.5584709848536009,0.5607385486022632,0.5574991453385407,0.017127928087499446,-0.002915456758702417,-0.0003239465050201007,-0.0016197325251002814,-0.0012957860200802918,-0.021192932737014572,15.353842735290527
1735,2018-11-23,0.5552315815898785,0.5558794745999186,0.5581470383485809,0.5539358573562765,0.018863747066377362,-0.004211242778782598,-0.0025915102536823165,-0.0025915102536823165,-0.0035632879822642405,0.0017358189788779163,15.2825927734375
1736,2018-11-26,0.5555555280948986,0.5532879643462364,0.5558794745999186,0.5513443471025942,0.03204180135500155,0.0003239465050201007,-0.0025915102536822054,-0.002267563748662327,-0.0025915102536823165,0.013178054288624189,15.211348533630373
1737,2018-11-27,0.5552315815898785,0.5536119108512564,0.5555555280948986,0.5526400713361962,0.056378691936412345,-0.0003239465050201007,0.00032394650501998967,-0.00032394650501998967,0.0012957242336020247,0.024336890581410794,15.220253944396973
1738,2018-11-28,0.5568513141149788,0.558794931358621,0.558794931358621,0.5555555280948986,0.029526635079484567,0.0016197325251002814,0.005183020507364633,0.003239403263722407,0.002915456758702417,-0.026852056856927778,15.362747192382812
1739,2018-11-29,0.5591188778636411,0.5600907173787012,0.5620343346223434,0.5584709848536009,0.049479697117300624,0.002267563748662327,0.0012957860200801807,0.003239403263722407,0.002915456758702306,0.019953062037816056,15.398371696472168
1740,2018-11-30,0.5584709848536009,0.5600907173787012,0.5610624951072832,0.5574991453385407,0.034627817384758446,-0.0006478930100402014,0.0,-0.0009718395150601911,-0.0009718395150601911,-0.014851879732542178,15.398371696472168
1741,2018-12-03,0.5643018983710056,0.5626822276323835,0.5672173551297081,0.5613864416123033,0.14928043218350087,0.005830913517404723,0.0025915102536823165,0.006154860022424824,0.0038872962737626082,0.11465261479874242,15.469619750976562
1742,2018-12-04,0.5604146020972431,0.5600907173787012,0.5623582811273635,0.5594428243686611,0.13160341850064208,-0.003887296273762497,-0.0025915102536823165,-0.004859074002344532,-0.001943617243642226,-0.01767701368285879,15.398371696472168
1743,2018-12-06,0.5568513141149788,0.558794931358621,0.5591188778636411,0.5539358573562765,0.06373821015808351,-0.0035632879822643515,-0.0012957860200801807,-0.003239403263722407,-0.005506967012384623,-0.06786520834255858,15.362747192382812
1744,2018-12-07,0.5623582811273635,0.5639779518659856,0.5655976226046078,0.5623582811273635,0.07722623212150732,0.005506967012384734,0.005183020507364633,0.006478744740966658,0.00842242377108704,0.013488021963423816,15.505243301391602
1745,2018-12-10,0.5636540053609655,0.5617103881173233,0.5636540053609655,0.5610624951072832,0.03102333613780277,0.0012957242336020247,-0.002267563748662327,-0.001943617243642226,-0.0012957860200802918,-0.046202895983704556,15.442901611328123
1746,2018-12-11,0.5604146020972431,0.558794931358621,0.5607385486022632,0.5555555280948986,0.020103617765575874,-0.003239403263722407,-0.002915456758702306,-0.002915456758702306,-0.005506967012384623,-0.010919718372226897,15.362747192382812
1747,2018-12-12,0.5604146020972431,0.5613864416123033,0.5626822276323835,0.5600907173787012,0.024779701545410263,0.0,0.0025915102536823165,0.001943679030120271,0.004535189283802588,0.004676083779834389,15.433995246887209
1748,2018-12-13,0.5604146020972431,0.5639779518659856,0.5646258448760257,0.5597667708736812,0.0305008192002834,0.0,0.0025915102536823165,0.001943617243642226,-0.00032394650501998967,0.005721117654873136,15.505243301391602
1749,2018-12-14,0.5639779518659856,0.5613864416123033,0.5662455156146479,0.5610624951072832,0.02516051897444981,0.0035633497687425075,-0.0025915102536823165,0.0016196707386221254,0.0012957242336020247,-0.005340300225833591,15.433995246887209
1750,2018-12-17,0.5607385486022632,0.5578230918435608,0.5607385486022632,0.5571752606199989,0.031156179427002613,-0.003239403263722407,-0.0035633497687425075,-0.005506967012384623,-0.003887234487284341,0.005995660452552804,15.336030006408691
1751,2018-12-18,0.5594428243686611,0.5578230918435608,0.5597667708736812,0.5571752606199989,0.030226276402603728,-0.0012957242336021357,0.0,-0.000971777728582035,0.0,-0.000929903024398885,15.336030006408691
1752,2018-12-19,0.5578230918435608,0.5568513141149788,0.5607385486022632,0.5558794745999186,0.0585838905371297,-0.0016197325251002814,-0.000971777728582035,0.000971777728582035,-0.0012957860200802918,0.028357614134525973,15.309310913085938
1753,2018-12-20,0.5584709848536009,0.5552315815898785,0.5584709848536009,0.5545837503663166,0.02285790196165257,0.0006478930100400904,-0.0016197325251002814,-0.002267563748662327,-0.0012957242336020247,-0.03572598857547713,15.26478099822998
1754,2018-12-21,0.5532879643462364,0.5506964540925541,0.5539358573562765,0.5506964540925541,0.07138998361599433,-0.005183020507364522,-0.0045351274973244315,-0.0045351274973244315,-0.003887296273762497,0.04853208165434176,15.140100479125977
1755,2018-12-24,0.5464852731002496,0.549076783353932,0.5494006680724738,0.541626137311427,0.032652880485320813,-0.006802691245986758,-0.0016196707386221254,-0.004535189283802699,-0.00907031678112713,-0.038737103130673516,15.257116317749023
1756,2018-12-26,0.5481049438388718,0.5494006680724738,0.5519922401126343,0.5481049438388718,0.09378736217508746,0.0016196707386221254,0.00032388471854183365,0.0025915720401604725,0.006478806527444814,0.061134481689766644,15.26611614227295
1757,2018-12-27,0.5494006680724738,0.5474570508288317,0.5494006680724738,0.5468091578187915,0.03714298366027543,0.0012957242336020247,-0.001943617243642115,-0.0025915720401604725,-0.0012957860200802918,-0.05664437851481203,15.21210765838623
1758,2018-12-28,0.5500485610825139,0.5497246145774939,0.5506964540925541,0.549076783353932,0.030837355532922994,0.0006478930100400904,0.0022675637486622158,0.0012957860200802918,0.002267625535140483,-0.006305628127352435,15.275117874145508
1759,2018-12-31,0.5500485610825139,0.5487528368489119,0.550372507587534,0.5477809973338517,0.038949652393393264,0.0,-0.000971777728582035,-0.0003239465050201007,-0.0012957860200802918,0.00811229686047027,15.248114585876465
1760,2019-01-02,0.5468091578187915,0.5477809973338517,0.5506964540925541,0.5468091578187915,0.022477084532613028,-0.003239403263722407,-0.0009718395150601911,0.0003239465050201007,-0.0009718395150601911,-0.016472567860780236,15.221110343933104
1761,2019-01-03,0.5481049438388718,0.5497246145774939,0.550372507587534,0.5481049438388718,0.043590311296107694,0.0012957860200802918,0.001943617243642226,-0.0003239465050201007,0.0012957860200802918,0.021113226763494666,15.275117874145508
1762,2019-01-04,0.5500485610825139,0.5487528368489119,0.5510204005975741,0.5477809973338517,0.0234158437762919,0.001943617243642115,-0.000971777728582035,0.0006478930100400904,-0.0003239465050201007,-0.020174467519815793,15.248114585876465
1763,2019-01-07,0.5536119108512564,0.5558794745999186,0.5568513141149788,0.5526400713361962,0.045379267590665545,0.0035633497687425075,0.007126637751006748,0.005830913517404723,0.004859074002344532,0.021963423814373644,15.446141242980955
1764,2019-01-08,0.5584709848536009,0.5597667708736812,0.5597667708736812,0.5571752606199989,0.029154673869725013,0.004859074002344532,0.0038872962737626082,0.002915456758702417,0.004535189283802699,-0.016224593720940532,15.554156303405762
1765,2019-01-09,0.5600907173787012,0.5607385486022632,0.5620343346223434,0.5597667708736812,0.02738343001372714,0.0016197325251002814,0.000971777728582035,0.0022675637486622158,0.0025915102536823165,-0.001771243855997872,15.58116054534912
1766,2019-01-10,0.5578230918435608,0.5565273676099588,0.558794931358621,0.5558794745999186,0.021361200903334366,-0.002267625535140372,-0.004211180992304442,-0.003239403263722407,-0.0038872962737626082,-0.006022229110392775,15.464143753051758
1767,2019-01-11,0.5574991453385407,0.5584709848536009,0.5591188778636411,0.5571752606199989,0.01753531417437896,-0.0003239465050201007,0.001943617243642115,0.0003239465050201007,0.0012957860200802918,-0.003825886728955407,15.51815128326416
1768,2019-01-14,0.5555555280948986,0.5558794745999186,0.5578230918435608,0.5545837503663166,0.011637072133906036,-0.001943617243642115,-0.0025915102536823165,-0.0012957860200802918,-0.0025915102536823165,-0.005898242040472923,15.446141242980955
1769,2019-01-15,0.5539358573562765,0.5532879643462364,0.5549076350848585,0.5526400713361962,0.012460700526945047,-0.0016196707386221254,-0.0025915102536822054,-0.002915456758702306,-0.0019436790301203821,0.0008236283930390109,15.374133110046388
1770,2019-01-16,0.5555555280948986,0.5539358573562765,0.5565273676099588,0.5532879643462364,0.02103352078997476,0.0016196707386221254,0.0006478930100400904,0.0016197325251002814,0.0006478930100402014,0.008572820263029713,15.392133712768556
1771,2019-01-17,0.5552315815898785,0.5571752606199989,0.5571752606199989,0.5536119108512564,0.01902315901341717,-0.0003239465050201007,0.003239403263722407,0.0006478930100400904,0.00032394650501998967,-0.0020103617765575878,15.482148170471191
1772,2019-01-18,0.5568513141149788,0.5597667708736812,0.5607385486022632,0.5558794745999186,0.04190762963290971,0.0016197325251002814,0.0025915102536823165,0.0035632879822643515,0.0022675637486622158,0.02288447061949254,15.554156303405762
1773,2019-01-22,0.5565273676099588,0.5549076350848585,0.5568513141149788,0.5523161248311762,0.045990346720984815,-0.00032394650501998967,-0.004859135788822688,-0.003887234487284452,-0.0035633497687423965,0.004082717088075102,15.419137001037598
1774,2019-01-23,0.5549076350848585,0.5565273676099588,0.5565273676099588,0.5532879643462364,0.019660806801576405,-0.0016197325251002814,0.0016197325251002814,-0.00032394650501998967,0.0009718395150601911,-0.02632953991940841,15.464143753051758
1775,2019-01-24,0.5565273676099588,0.5568513141149788,0.5568513141149788,0.5545837503663166,0.011070274099986715,0.0016197325251002814,0.00032394650501998967,0.00032394650501998967,0.0012957860200801807,-0.00859053270158969,15.473145484924316
1776,2019-01-25,0.5532879643462364,0.5532879643462364,0.5536119108512564,0.5500485610825139,0.024832838861090202,-0.003239403263722407,-0.0035633497687423965,-0.003239403263722407,-0.004535189283802699,0.013762564761103487,15.374133110046388
1777,2019-01-28,0.5529640178412163,0.5536119108512564,0.5536119108512564,0.5516682936076143,0.029314085816764823,-0.0003239465050201007,0.00032394650501998967,0.0,0.0016197325251003925,0.0044812469556746205,15.383131980895996
1778,2019-01-29,0.5529640178412163,0.5510204005975741,0.5529640178412163,0.5500485610825139,0.010131514856307842,0.0,-0.0025915102536823165,-0.0006478930100400904,-0.0016197325251003925,-0.01918257096045698,15.311121940612791
1779,2019-01-30,0.5510204005975741,0.5506964540925541,0.5510204005975741,0.5484288903438918,0.010822299960147013,-0.001943617243642226,-0.00032394650501998967,-0.001943617243642226,-0.0016196707386221254,0.000690785103839171,15.30212116241455
1780,2019-01-31,0.5516682936076143,0.5481049438388718,0.5532879643462364,0.5481049438388718,0.04286410131514856,0.0006478930100402014,-0.0025915102536823165,0.002267563748662327,-0.00032394650501998967,0.03204180135500155,15.230110168457031
1781,2019-02-01,0.5500485610825139,0.5484288903438918,0.5506964540925541,0.5477809973338517,0.06124075632112651,-0.0016197325251003925,0.00032394650501998967,-0.0025915102536823165,-0.0003239465050201007,0.018376655005977946,15.239113807678224
1782,2019-02-04,0.549076783353932,0.5545837503663166,0.5545837503663166,0.549076783353932,0.03106761723420272,-0.000971777728581924,0.006154860022424824,0.003887296273762497,0.0012957860200802918,-0.03017313908692379,15.410138130187988
1783,2019-02-05,0.5526400713361962,0.5529640178412163,0.5532879643462364,0.550372507587534,0.04346632422618784,0.0035632879822642405,-0.0016197325251002814,-0.0012957860200801807,0.0012957242336020247,0.012398706991985121,15.365131378173828
1784,2019-02-06,0.5539358573562765,0.5542598038612965,0.5549076350848585,0.5532879643462364,0.026453526989328256,0.0012957860200802918,0.0012957860200801807,0.0016196707386221254,0.002915456758702417,-0.017012797236859584,15.40113639831543
1785,2019-02-07,0.5516682936076143,0.549076783353932,0.5516682936076143,0.5474570508288317,0.039268476287472875,-0.0022675637486622158,-0.005183020507364522,-0.003239341477244251,-0.005830913517404723,0.01281494929814462,15.257116317749023
1786,2019-02-08,0.549076783353932,0.5451894870801693,0.549076783353932,0.5451894870801693,0.0412522694061905,-0.0025915102536823165,-0.0038872962737626082,-0.0025915102536823165,-0.002267563748662327,0.0019837931187176236,15.149100303649902
1787,2019-02-11,0.5448655405751494,0.5445415940701293,0.5448655405751494,0.5419500838164469,0.025736173227649116,-0.004211242778782598,-0.0006478930100400904,-0.004211242778782598,-0.003239403263722407,-0.015516096178541383,15.131096839904783
1788,2019-02-12,0.5458373800902095,0.5471331043238116,0.5474570508288317,0.5455134335851894,0.02412434131869105,0.0009718395150601911,0.0025915102536823165,0.0025915102536823165,0.0035633497687425075,-0.0016118319089580661,15.203107833862305
1789,2019-02-13,0.5455134335851894,0.5461613265952295,0.5468091578187915,0.5451894870801693,0.02712659965460745,-0.0003239465050201007,-0.000971777728582035,-0.0006478930100402014,-0.0003239465050201007,0.0030022583359163996,15.176104545593262
1790,2019-02-14,0.5451894870801693,0.5413021908064068,0.5451894870801693,0.5403304130778248,0.04201390426426958,-0.0003239465050201007,-0.004859135788822688,-0.0016196707386221254,-0.004859074002344532,0.014887304609662134,15.041083335876465
1791,2019-02-15,0.5442176475651092,0.5464852731002496,0.5468091578187915,0.542597976826487,0.03917991409467298,-0.0009718395150601911,0.005183082293842789,0.0016196707386221254,0.0022675637486622158,-0.002833990169596602,15.185107231140137
1792,2019-02-19,0.5458373800902095,0.5442176475651092,0.5468091578187915,0.5429219233315071,0.020820971527255015,0.0016197325251003925,-0.002267625535140483,0.0,0.0003239465050201007,-0.018358942567417966,15.122095108032228
1793,2019-02-20,0.5409783060878649,0.5406543595828449,0.5413021908064068,0.5374149563191225,0.02485940751893017,-0.004859074002344643,-0.0035632879822642405,-0.005506967012384623,-0.005506967012384623,0.004038435991675155,15.023082733154297
1794,2019-02-21,0.542274030321467,0.5419500838164469,0.5432458698365272,0.5400064665728048,0.031076473453482707,0.0012957242336021357,0.0012957242336020247,0.0019436790301203821,0.0025915102536823165,0.006217065934552537,15.059088706970217
1795,2019-02-22,0.5442176475651092,0.5429219233315071,0.5451894870801693,0.542274030321467,0.02103352078997476,0.001943617243642115,0.0009718395150601911,0.001943617243642115,0.0022675637486622158,-0.010042952663507947,15.086091995239258
1796,2019-02-25,0.542274030321467,0.5367670633090823,0.542274030321467,0.5364431168040623,0.022884470619492538,-0.001943617243642115,-0.006154860022424824,-0.002915456758702306,-0.005830913517404723,0.0018509498295177784,14.915068626403809
1797,2019-02-26,0.5367670633090823,0.5357952855805004,0.5374149563191225,0.5344994995604201,0.03365363326395961,-0.005506967012384734,-0.000971777728581924,-0.004859074002344532,-0.001943617243642226,0.010769162644467076,14.88806438446045
1798,2019-02-27,0.5364431168040623,0.5380628493291626,0.5387106805527245,0.5351473925704602,0.01481645485542222,-0.00032394650501998967,0.0022675637486622158,0.0012957242336020247,0.0006478930100400904,-0.018837178408537394,14.95107364654541
1799,2019-02-28,0.5364431168040623,0.5325558823167779,0.5364431168040623,0.5325558823167779,0.02905725545764513,0.0,-0.005506967012384734,-0.0022675637486622158,-0.0025915102536823165,0.01424080060222291,14.798051834106444
1800,2019-03-01,0.5335276600453599,0.532879828821798,0.5344994995604201,0.5293164790530555,0.03577912589115707,-0.002915456758702417,0.0003239465050201007,-0.001943617243642226,-0.003239403263722407,0.006721870433511936,14.80705451965332
1801,2019-03-04,0.532879828821798,0.5289925325480355,0.5341755530554,0.5283446395379953,0.11455519638666253,-0.0006478312235619343,-0.003887296273762497,-0.0003239465050201007,-0.0009718395150601911,0.07877607049550547,14.6990385055542
1802,2019-03-05,0.5296404255580756,0.5319079893067378,0.5325558823167779,0.5296404255580756,0.02004162423061595,-0.003239403263722407,0.002915456758702306,-0.0016196707386221254,0.0012957860200802918,-0.09451357215604658,14.780049324035645
1803,2019-03-06,0.5299643720630957,0.5293164790530555,0.5309361497916776,0.5276968083144333,0.023389275118451933,0.0003239465050201007,-0.0025915102536823165,-0.0016197325251002814,-0.001943617243642226,0.0033476508878359824,14.708040237426758
1804,2019-03-07,0.5276968083144333,0.5251052362742729,0.5276968083144333,0.5241334585456909,0.03061595005092326,-0.002267563748662327,-0.004211242778782598,-0.003239341477244251,-0.0035633497687423965,0.007226674932471328,14.591022491455078
1805,2019-03-08,0.5264010222943531,0.5280206930329753,0.5283446395379953,0.525429182779293,0.03201523269716158,-0.0012957860200801807,0.002915456758702417,0.0006478312235619343,0.0012957242336020247,0.0013992826462383215,14.67203426361084
1806,2019-03-11,0.5280206930329753,0.526077075789333,0.5280206930329753,0.525429182779293,0.03382190143027941,0.0016196707386221254,-0.001943617243642226,-0.00032394650501998967,0.0,0.0018066687331178277,14.618026733398438
1807,2019-03-12,0.5257531292843131,0.5289925325480355,0.5302883185681156,0.525429182779293,0.039312757383872826,-0.0022675637486622158,0.002915456758702417,0.002267625535140372,0.0,0.005490855953593415,14.6990385055542
1808,2019-03-13,0.5286685860430154,0.5302883185681156,0.5325558823167779,0.5280206930329753,0.013744852322543506,0.002915456758702306,0.0012957860200801807,0.0022675637486622158,0.0025915102536823165,-0.02556790506132932,14.7350435256958
1809,2019-03-14,0.5312600962966977,0.5335276600453599,0.5361191702990422,0.5312600962966977,0.023522118407651775,0.0025915102536823165,0.003239341477244251,0.0035632879822643515,0.003239403263722407,0.009777266085108269,14.825055122375488
1810,2019-03-15,0.532879828821798,0.5403304130778248,0.5403304130778248,0.532879828821798,0.05419120577425497,0.0016197325251002814,0.006802753032464914,0.004211242778782598,0.0016197325251002814,0.030669087366603197,15.014081954956056
1811,2019-03-18,0.5406543595828449,0.5406543595828449,0.5409783060878649,0.5374149563191225,0.026719213567727936,0.007774530761046949,0.0003239465050201007,0.0006478930100400904,0.004535127497324543,-0.027471992206527036,15.023082733154297
1812,2019-03-19,0.5409783060878649,0.5393585735627646,0.5429219233315071,0.5377389028241425,0.03321967851924014,0.00032394650501998967,-0.0012957860200802918,0.001943617243642226,0.00032394650501998967,0.006500464951512203,14.987077713012695
1813,2019-03-20,0.5374149563191225,0.5406543595828449,0.541626137311427,0.5374149563191225,0.01880175353141744,-0.0035633497687423965,0.0012957860200802918,-0.0012957860200801807,-0.00032394650501998967,-0.0144179249878227,15.023082733154297
1814,2019-03-21,0.5400064665728048,0.5448655405751494,0.5451894870801693,0.5400064665728048,0.03549572687419741,0.0025915102536823165,0.004211180992304442,0.0035633497687423965,0.0025915102536823165,0.01669397334277997,15.140098571777344
1815,2019-03-22,0.5455134335851894,0.5429219233315071,0.5481049438388718,0.5429219233315071,0.07318779612983217,0.005506967012384623,-0.001943617243642226,0.002915456758702417,0.002915456758702306,0.037692069255634765,15.086091995239258
1816,2019-03-25,0.5438937628465673,0.5451894870801693,0.5468091578187915,0.5438937628465673,0.02777310366204667,-0.0016196707386221254,0.0022675637486622158,-0.0012957860200802918,0.0009718395150601911,-0.0454146924677855,15.149100303649902
1817,2019-03-26,0.5458373800902095,0.5445415940701293,0.5471331043238116,0.5442176475651092,0.011406810432626311,0.001943617243642226,-0.0006478930100400904,0.0003239465050201007,0.00032388471854183365,-0.01636629322942036,15.131096839904783
1818,2019-03-27,0.5429219233315071,0.5413021908064068,0.5435698163415472,0.5400064665728048,0.016578842492140106,-0.002915456758702417,-0.003239403263722407,-0.0035632879822643515,-0.004211180992304331,0.005172032059513795,15.041083335876465
1819,2019-03-28,0.5406543595828449,0.5393585735627646,0.5406543595828449,0.5387106805527245,0.02428375326573086,-0.0022675637486622158,-0.001943617243642226,-0.002915456758702306,-0.0012957860200802918,0.007704910773590753,14.987077713012695
1820,2019-03-29,0.5393585735627646,0.5335276600453599,0.5396825200677847,0.532879828821798,0.07022981889031572,-0.0012957860200802918,-0.005830913517404723,-0.0009718395150601911,-0.005830851730926567,0.045946065624584864,14.825055122375488
1821,2019-04-01,0.5348234460654402,0.5380628493291626,0.5387106805527245,0.5341755530554,0.09213124916972944,-0.0045351274973244315,0.004535189283802699,-0.0009718395150601911,0.0012957242336020247,0.021901430279413714,14.95107364654541
1822,2019-04-02,0.5380628493291626,0.5396825200677847,0.5403304130778248,0.5370910098141024,0.03781605632555462,0.003239403263722407,0.0016196707386221254,0.0016197325251002814,0.002915456758702417,-0.05431519284417482,14.996079444885254
1823,2019-04-03,0.5413021908064068,0.5435698163415472,0.5435698163415472,0.5413021908064068,0.029739184342204312,0.003239341477244251,0.003887296273762497,0.003239403263722407,0.004211180992304442,-0.008076871983350307,15.104095458984377
1824,2019-04-04,0.5442176475651092,0.550372507587534,0.550372507587534,0.5442176475651092,0.050631005623699245,0.002915456758702306,0.006802691245986758,0.006802691245986758,0.002915456758702306,0.020891821281494933,15.293120384216309
1825,2019-04-05,0.5481049438388718,0.5477809973338517,0.5484288903438918,0.5451894870801693,0.04021609175043174,0.0038872962737626082,-0.0025915102536823165,-0.001943617243642226,0.0009718395150601911,-0.010414913873267505,15.221110343933104
1826,2019-04-08,0.5464852731002496,0.5458373800902095,0.5468091578187915,0.5448655405751494,0.02640924589292831,-0.0016196707386221254,-0.001943617243642115,-0.0016197325251002814,-0.00032394650501998967,-0.013806845857503431,15.16710376739502
1827,2019-04-09,0.5461613265952295,0.5442176475651092,0.5461613265952295,0.5435698163415472,0.029411504228844705,-0.0003239465050201007,-0.0016197325251003925,-0.0006478312235619343,-0.0012957242336021357,0.003002258335916396,15.122095108032228
1828,2019-04-10,0.5445415940701293,0.5458373800902095,0.5474570508288317,0.5445415940701293,0.01215958907142541,-0.0016197325251002814,0.0016197325251003925,0.0012957242336021357,0.000971777728582035,-0.017251915157419296,15.16710376739502
1829,2019-04-11,0.5464852731002496,0.5429219233315071,0.5474570508288317,0.542597976826487,0.032378337687641146,0.0019436790301203821,-0.002915456758702417,0.0,-0.001943617243642226,0.020218748616215736,15.086091995239258
1830,2019-04-12,0.542274030321467,0.5468091578187915,0.5468091578187915,0.542274030321467,0.044227959084266924,-0.004211242778782598,0.003887234487284341,-0.0006478930100402014,-0.00032394650501998967,0.011849621396625779,15.194106101989746
1831,2019-04-15,0.5458373800902095,0.5458373800902095,0.5474570508288317,0.5451894870801693,0.012912367710224505,0.0035633497687425075,-0.000971777728581924,0.0006478930100402014,0.002915456758702306,-0.03131559137404242,15.16710376739502
1832,2019-04-16,0.5413021908064068,0.5403304130778248,0.542597976826487,0.5396825200677847,0.029951733604924057,-0.004535189283802699,-0.005506967012384734,-0.004859074002344643,-0.005506967012384623,0.01703936589469955,15.014081954956056
1833,2019-04-17,0.5406543595828449,0.5383867958341826,0.541626137311427,0.5380628493291626,0.021440906876854272,-0.0006478312235619343,-0.001943617243642226,-0.00097183951506008,-0.0016196707386221254,-0.008510826728069784,14.960074424743652
1834,2019-04-18,0.5419500838164469,0.5419500838164469,0.542597976826487,0.5396825200677847,0.03365363326395961,0.0012957242336020247,0.0035632879822643515,0.00097183951506008,0.0016196707386221254,0.012212726387105341,15.059088706970217
1835,2019-04-22,0.541626137311427,0.5354713390754803,0.542274030321467,0.5348234460654402,0.03202408891644157,-0.00032394650501998967,-0.006478744740966658,-0.00032394650501998967,-0.004859074002344532,-0.0016295443475180457,14.879063606262209
1836,2019-04-23,0.5351473925704602,0.5332037135403399,0.5351473925704602,0.5325558823167779,0.020156755081255813,-0.006478744740966769,-0.002267625535140372,-0.007126637751006859,-0.002267563748662327,-0.011867333835185755,14.816054344177246
1837,2019-04-24,0.5309361497916776,0.5267249687993731,0.5309361497916776,0.5267249687993731,0.01070716910950715,-0.004211242778782598,-0.006478744740966769,-0.004211242778782598,-0.005830913517404723,-0.009449585971748662,14.636029243469238
1838,2019-04-25,0.5267249687993731,0.5244574050507109,0.5267249687993731,0.5238095120406708,0.018651197803657617,-0.004211180992304442,-0.0022675637486622158,-0.004211180992304442,-0.002915456758702306,0.007944028694150467,14.573020935058594
1839,2019-04-26,0.5251052362742729,0.524781351555731,0.5280206930329753,0.5244574050507109,0.0169153788247797,-0.0016197325251002814,0.0003239465050201007,0.0012957242336021357,0.0006478930100400904,-0.0017358189788779163,14.582021713256836
1840,2019-04-29,0.5264010222943531,0.5215419482920086,0.5267249687993731,0.5215419482920086,0.018846034627817386,0.0012957860200802918,-0.003239403263722407,-0.0012957242336021357,-0.002915456758702306,0.0019306558030376848,14.492009162902832
1841,2019-04-30,0.5231616190306307,0.5202461622719283,0.524781351555731,0.5192743845433463,0.016826816631979807,-0.003239403263722407,-0.0012957860200802918,-0.001943617243642115,-0.002267563748662327,-0.0020192179958375793,14.45600414276123
1842,2019-05-01,0.5189504380383263,0.5208940552819684,0.5212180017869885,0.5173307364064651,0.02837532657308595,-0.004211180992304442,0.0006478930100400904,-0.0035633497687425075,-0.001943648136881193,0.011548509941106143,14.474006652832031
1843,2019-05-02,0.5212180017869885,0.5221898413020487,0.5244574050507109,0.5212180017869885,0.023353850241331974,0.0022675637486622158,0.0012957860200802918,0.003239403263722407,0.003887265380523419,-0.005021476331753975,14.51001262664795
1844,2019-05-03,0.5225137260205905,0.5192743845433463,0.5228376725256106,0.5192743845433463,0.01184962139662578,0.0012957242336020247,-0.002915456758702417,-0.0016197325251002814,-0.001943617243642226,-0.011504228844706194,14.429000854492188
1845,2019-05-06,0.5124716315108815,0.5140913331427427,0.5144152796477627,0.5108519607722593,0.015710933002701148,-0.010042094509709054,-0.0051830514006036,-0.008422392877847962,-0.00842242377108704,0.003861311606075368,14.28498077392578
1846,2019-05-07,0.5102040677622192,0.5121477158991005,0.5144152796477627,0.5089083126353781,0.019731656555816324,-0.002267563748662327,-0.001943617243642226,0.0,-0.001943648136881193,0.0040207235531151755,14.230974197387695
1847,2019-05-08,0.5121477158991005,0.5079365040135568,0.5131195245209216,0.5079365040135568,0.01777443209493867,0.0019436481368813041,-0.004211211885543631,-0.0012957551268411027,-0.0009718086218212241,-0.0019572244608776525,14.113957405090332
1848,2019-05-09,0.5079365040135568,0.5063168023816957,0.508260419625338,0.5037252921280134,0.05060443696585928,-0.004211211885543631,-0.0016197016318610924,-0.00485910489558361,-0.004211211885543409,0.03283000487092061,14.068950653076172
1849,2019-05-10,0.5072886110035169,0.5050210472548545,0.5095561747521791,0.5040492386330335,0.035663995040517205,-0.0006478930100399793,-0.0012957551268412137,0.0012957551268411027,0.0003239465050201007,-0.014940441925342073,14.03294563293457
1850,2019-05-13,0.5027534835061923,0.5037252921280134,0.5037252921280134,0.49951408024246985,0.02763140415356684,-0.004535127497324543,-0.0012957551268411027,-0.005830882624165645,-0.004535158390563676,-0.008032590886950363,13.996940612792969
1851,2019-05-14,0.5072886110035169,0.5121477158991005,0.5144152796477627,0.5072886110035169,0.026728069787007928,0.004535127497324543,0.00842242377108704,0.010689987519749256,0.007774530761047005,-0.0009033343665589139,14.230974197387695
1852,2019-05-15,0.5134434710259417,0.5131195245209216,0.5166828433964249,0.5124716315108815,0.02243280343621308,0.006154860022424824,0.000971808621821113,0.0022675637486622158,0.005183020507364633,-0.004295266350794847,14.257976531982422
1853,2019-05-16,0.5157110347746038,0.5205701087769484,0.5205701087769484,0.5150631417645637,0.017437895762299073,0.0022675637486621048,0.007450584256026849,0.00388726538052353,0.0025915102536822054,-0.004994907673914008,14.465005874633787
1854,2019-05-17,0.5189504380383263,0.5157110347746038,0.5192743845433463,0.5153870882695838,0.024505158747730595,0.003239403263722518,-0.004859074002344643,-0.0012957242336021357,0.0003239465050201007,0.007067262985431522,14.32998752593994
1855,2019-05-20,0.5218658947970286,0.5225137260205905,0.5238095120406708,0.5208940552819684,0.025576761280609307,0.002915456758702306,0.006802691245986758,0.004535127497324543,0.005506967012384623,0.0010716025328787113,14.519012451171877
1856,2019-05-21,0.525429182779293,0.5251052362742729,0.5293164790530555,0.5244574050507109,0.03354735863259974,0.0035632879822643515,0.0025915102536823165,0.005506967012384623,0.0035633497687425075,0.007970597351990436,14.591022491455078
1857,2019-05-22,0.5238095120406708,0.5234855655356507,0.5257531292843131,0.5221898413020487,0.045202143205065756,-0.0016196707386221254,-0.0016196707386221254,-0.0035633497687423965,-0.0022675637486622158,0.011654784572466013,14.546016693115234
1858,2019-05-23,0.5221898413020487,0.5218658947970286,0.5264010222943531,0.5208940552819684,0.03159899039100208,-0.0016196707386221254,-0.0016196707386221254,0.0006478930100400904,-0.0012957860200802918,-0.013603152814063678,14.501011848449709
1859,2019-05-24,0.5244574050507109,0.5270489153043932,0.5280206930329753,0.5244574050507109,0.034096444227959086,0.0022675637486622158,0.005183020507364633,0.0016196707386221254,0.0035633497687425075,0.0024974538369570073,14.645030975341797
1860,2019-05-28,0.5335276600453599,0.5354713390754803,0.5354713390754803,0.5315840428017178,0.031103042111322678,0.009070254994648974,0.00842242377108704,0.007450646042505005,0.007126637751006859,-0.002993402116636408,14.879063606262209
1861,2019-05-29,0.5403304130778248,0.5354713390754803,0.542597976826487,0.53385160655038,0.0471682238852234,0.006802753032464914,0.0,0.007126637751006748,0.0022675637486622158,0.01606518177390072,14.879063606262209
1862,2019-05-30,0.5413021908064068,0.542597976826487,0.5435698163415472,0.5396825200677847,0.040233804188991716,0.000971777728582035,0.007126637751006748,0.0009718395150601911,0.005830913517404723,-0.006934419696231681,15.0770902633667
1863,2019-05-31,0.5400064665728048,0.5383867958341826,0.5458373800902095,0.5383867958341826,0.057955098968250456,-0.0012957242336020247,-0.004211180992304442,0.002267563748662327,-0.0012957242336021357,0.01772129477925874,14.960074424743652
1864,2019-06-03,0.5403304130778248,0.5374149563191225,0.5419500838164469,0.5361191702990422,0.04625603329938449,0.00032394650501998967,-0.00097183951506008,-0.0038872962737626082,-0.002267625535140372,-0.011699065668865964,14.933070182800291
1865,2019-06-04,0.5370910098141024,0.5393585735627646,0.5413021908064068,0.5370910098141024,0.04626488951866448,-0.003239403263722407,0.001943617243642115,-0.0006478930100400904,0.0009718395150601911,8.856219279991528e-06,14.987077713012695
1866,2019-06-05,0.5370910098141024,0.5319079893067378,0.5393585735627646,0.5312600962966977,0.035770269671877075,0.0,-0.007450584256026849,-0.001943617243642226,-0.005830913517404723,-0.010494619846787408,14.780049324035645
1867,2019-06-06,0.5344994995604201,0.5390346270577446,0.5400064665728048,0.5335276600453599,0.020298454589735643,-0.0025915102536823165,0.007126637751006859,0.0006478930100402014,0.0022675637486622158,-0.015471815082141432,14.978076934814451
1868,2019-06-07,0.5377389028241425,0.5332037135403399,0.5383867958341826,0.5332037135403399,0.04788557764690254,0.003239403263722407,-0.005830913517404723,-0.0016196707386222364,-0.00032394650501998967,0.027587123057166894,14.816054344177246
1869,2019-06-10,0.5322319358117579,0.5374149563191225,0.5387106805527245,0.5312600962966977,0.0347518044546783,-0.005506967012384623,0.004211242778782598,0.00032388471854194467,-0.001943617243642226,-0.013133773192224238,14.933070182800291
1870,2019-06-11,0.5380628493291626,0.5396825200677847,0.5409783060878649,0.5354713390754803,0.022370809901253154,0.005830913517404723,0.0022675637486622158,0.002267625535140372,0.004211242778782598,-0.012380994553425145,14.996079444885254
1871,2019-06-12,0.5413021908064068,0.542597976826487,0.5442176475651092,0.5413021908064068,0.04473276358322632,0.003239341477244251,0.002915456758702306,0.003239341477244251,0.005830851730926567,0.02236195368197317,15.0770902633667
1872,2019-06-13,0.5438937628465673,0.5432458698365272,0.5445415940701293,0.542597976826487,0.046530576097064166,0.0025915720401604725,0.0006478930100402014,0.0003239465050201007,0.0012957860200801807,0.0017978125138378431,15.0950927734375
1873,2019-06-14,0.5455134335851894,0.5435698163415472,0.5468091578187915,0.542597976826487,0.01980250631005624,0.0016196707386221254,0.00032394650501998967,0.0022675637486622158,0.0,-0.026728069787007928,15.104095458984377
1874,2019-06-17,0.5455134335851894,0.5474570508288317,0.5481049438388718,0.5445415940701293,0.06222379666120533,0.0,0.003887234487284452,0.0012957860200802918,0.001943617243642226,0.042421290351149096,15.21210765838623
1875,2019-06-18,0.5438937628465673,0.5445415940701293,0.5477809973338517,0.5438937628465673,0.022282247708453263,-0.0016196707386221254,-0.002915456758702417,-0.0003239465050201007,-0.0006478312235619343,-0.039941548952752065,15.131096839904783
1876,2019-06-19,0.5429219233315071,0.542274030321467,0.5448655405751494,0.5413021908064068,0.014231944382942922,-0.0009718395150601911,-0.0022675637486622158,-0.002915456758702306,-0.0025915720401604725,-0.008050303325510341,15.068089485168455
1877,2019-06-20,0.5406543595828449,0.5429219233315071,0.5458373800902095,0.5406543595828449,0.021680024797413985,-0.0022675637486622158,0.0006478930100400904,0.0009718395150601911,-0.0006478312235619343,0.007448080414471063,15.086091995239258
1878,2019-06-21,0.5435698163415472,0.5367670633090823,0.5435698163415472,0.5367670633090823,0.03903821458619315,0.002915456758702306,-0.006154860022424824,-0.002267563748662327,-0.0038872962737626082,0.017358189788779167,14.915068626403809
1879,2019-06-24,0.5390346270577446,0.5377389028241425,0.5403304130778248,0.5374149563191225,0.017995837576938404,-0.004535189283802588,0.0009718395150601911,-0.003239403263722407,0.0006478930100402014,-0.021042377009254747,14.942071914672852
1880,2019-06-25,0.5413021908064068,0.5403304130778248,0.5429219233315071,0.5400064665728048,0.02255679050613293,0.0022675637486622158,0.0025915102536823165,0.0025915102536823165,0.0025915102536823165,0.004560952929194527,15.014081954956056
1881,2019-06-26,0.5396825200677847,0.5406543595828449,0.542274030321467,0.5383867958341826,0.014364787672142762,-0.0016196707386221254,0.0003239465050201007,-0.0006478930100400904,-0.0016196707386222364,-0.008192002833990169,15.023082733154297
1882,2019-06-27,0.5419500838164469,0.542597976826487,0.5432458698365272,0.5403304130778248,0.021786299428773855,0.0022675637486622158,0.001943617243642115,0.0009718395150601911,0.001943617243642226,0.007421511756631093,15.0770902633667
1883,2019-06-28,0.5429219233315071,0.5367670633090823,0.5471331043238116,0.5361191702990422,0.04839923836514192,0.0009718395150601911,-0.005830913517404723,0.003887234487284341,-0.004211242778782598,0.026612938936368066,14.915068626403809
1884,2019-07-01,0.5383867958341826,0.5361191702990422,0.5403304130778248,0.5354713390754803,0.04447593322410663,-0.004535127497324543,-0.0006478930100400904,-0.006802691245986758,-0.0006478312235619343,-0.0039233051410352895,14.897065162658691
1885,2019-07-02,0.53385160655038,0.5335276600453599,0.5361191702990422,0.5325558823167779,0.024744276668290308,-0.004535189283802588,-0.0025915102536823165,-0.004211242778782598,-0.002915456758702417,-0.019731656555816324,14.825055122375488
1886,2019-07-03,0.5351473925704602,0.5406543595828449,0.5409783060878649,0.5351473925704602,0.018155249523978213,0.0012957860200801807,0.007126699537485015,0.004859135788822688,0.0025915102536823165,-0.006589027144312094,15.023082733154297
1887,2019-07-05,0.5406543595828449,0.5374149563191225,0.5406543595828449,0.5367670633090823,0.021688881016693973,0.005506967012384734,-0.003239403263722407,-0.00032394650501998967,0.0016196707386221254,0.0035336314927157594,14.933070182800291
1888,2019-07-08,0.5400064665728048,0.5374149563191225,0.5413021908064068,0.5367670633090823,0.012876942833104548,-0.0006478930100400904,0.0,0.0006478312235619343,0.0,-0.008811938183589425,14.933070182800291
1889,2019-07-09,0.5390346270577446,0.5390346270577446,0.5396825200677847,0.5312600962966977,0.012487269184785016,-0.0009718395150601911,0.0016196707386221254,-0.0016196707386221254,-0.005506967012384623,-0.00038967364831953184,14.978076934814451
1890,2019-07-10,0.5406543595828449,0.5396825200677847,0.5413021908064068,0.5374149563191225,0.010662888013107205,0.0016197325251002814,0.0006478930100400904,0.0016196707386221254,0.006154860022424824,-0.0018243811716778108,14.996079444885254
1891,2019-07-11,0.5400064665728048,0.5432458698365272,0.5435698163415472,0.5370910098141024,0.022547934286852943,-0.0006478930100400904,0.0035633497687425075,0.002267625535140372,-0.0003239465050201007,0.011885046273745738,15.0950927734375
1892,2019-07-12,0.542274030321467,0.5471331043238116,0.5471331043238116,0.542274030321467,0.01781871319133862,0.0022675637486622158,0.003887234487284341,0.0035632879822643515,0.005183020507364633,-0.004729221095514324,15.203107833862305
1893,2019-07-15,0.5429219233315071,0.5413021908064068,0.5429219233315071,0.5387106805527245,0.025178231413009785,0.0006478930100400904,-0.005830913517404723,-0.004211180992304442,-0.0035633497687425075,0.0073595182216711665,15.041083335876465
1894,2019-07-16,0.5377389028241425,0.5370910098141024,0.5377389028241425,0.5344994995604201,0.01327547270070407,-0.005183020507364633,-0.004211180992304442,-0.005183020507364633,-0.004211180992304442,-0.011902758712305716,14.924068450927734
1895,2019-07-17,0.5380628493291626,0.5354713390754803,0.5393585735627646,0.5351473925704602,0.01382455829606341,0.0003239465050201007,-0.0016196707386221254,0.0016196707386221254,0.0006478930100400904,0.0005490855953593412,14.879063606262209
1896,2019-07-18,0.5344994995604201,0.5315840428017178,0.5344994995604201,0.5312600962966977,0.02353983084621175,-0.0035633497687425075,-0.003887296273762497,-0.004859074002344532,-0.003887296273762497,0.00971527255014834,14.771047592163086
1897,2019-07-19,0.5315840428017178,0.5377389028241425,0.5393585735627646,0.5315840428017178,0.020537572510295355,-0.002915456758702306,0.006154860022424713,0.004859074002344532,0.0003239465050201007,-0.003002258335916396,14.942071914672852
1898,2019-07-22,0.5370910098141024,0.5348234460654402,0.5387106805527245,0.53385160655038,0.018146393304698225,0.005506967012384623,-0.002915456758702306,-0.0006478930100400904,0.0022675637486622158,-0.00239117920559713,14.861062049865724
1899,2019-07-23,0.5332037135403399,0.5364431168040623,0.5377389028241425,0.5312600962966977,0.01368285878758358,-0.003887296273762497,0.0016196707386221254,-0.000971777728582035,-0.0025915102536823165,-0.004463534517114644,14.906065940856934
1900,2019-07-24,0.5383867958341826,0.5364431168040623,0.5396825200677847,0.5357952855805004,0.02735686135588717,0.005183082293842678,0.0,0.001943617243642226,0.004535189283802699,0.01367400256830359,14.906065940856934
1901,2019-07-25,0.5380628493291626,0.5319079893067378,0.5380628493291626,0.5319079893067378,0.01609175043174069,-0.00032394650501998967,-0.004535127497324543,-0.0016196707386221254,-0.0038872962737626082,-0.01126511092414648,14.780049324035645
1902,2019-07-26,0.5322319358117579,0.5296404255580756,0.532879828821798,0.5296404255580756,0.02017446751981579,-0.005830913517404723,-0.0022675637486622158,-0.005183020507364633,-0.0022675637486622158,0.004082717088075099,14.717041015625
1903,2019-07-29,0.5312600962966977,0.5286685860430154,0.5315840428017178,0.5286685860430154,0.03765664437851481,-0.0009718395150601911,-0.0009718395150601911,-0.0012957860200801807,-0.0009718395150601911,0.017482176858699024,14.690035820007324
1904,2019-07-30,0.5286685860430154,0.5241334585456909,0.5286685860430154,0.5241334585456909,0.014169950847982997,-0.0025915102536823165,-0.0045351274973244315,-0.002915456758702417,-0.0045351274973244315,-0.023486693530531816,14.564019203186035
1905,2019-07-31,0.5234855655356507,0.5163588968914049,0.5244574050507109,0.5163588968914049,0.02443430899349068,-0.005183020507364633,-0.007774561654286027,-0.004211180992304442,-0.007774561654286027,0.010264358145507683,14.347989082336426
1906,2019-08-01,0.5166828433964249,0.5102040677622192,0.5166828433964249,0.5098801212571992,0.049949076739140064,-0.006802722139225836,-0.006154829129185746,-0.007774561654286027,-0.006478775634205736,0.025514767745649383,14.176966667175291
1907,2019-08-02,0.5108519607722593,0.5095561747521791,0.5124716315108815,0.509232259140398,0.032272063056281275,-0.005830882624165645,-0.0006478930100400904,-0.004211211885543409,-0.0006478621168011234,-0.01767701368285879,14.15896224975586
1908,2019-08-05,0.5017816439911321,0.5098801212571992,0.5114998228890604,0.4985422716206488,0.030155426648363813,-0.00907031678112713,0.0003239465050201007,-0.000971808621821113,-0.010689987519749256,-0.002116636407917462,14.167963981628418
1909,2019-08-06,0.508584366130358,0.5050210472548545,0.5105280142672393,0.5037252921280134,0.029438072886684673,0.006802722139225836,-0.004859074002344643,-0.000971808621821113,0.005183020507364633,-0.0007173537616791403,14.03294563293457
1910,2019-08-07,0.5024295370011723,0.5043731542448145,0.5043731542448145,0.5008098353693111,0.019554532170216535,-0.006154829129185635,-0.0006478930100399793,-0.006154860022424713,-0.002915456758702306,-0.009883540716468138,14.01494312286377
1911,2019-08-08,0.5046971007498345,0.5079365040135568,0.508260419625338,0.5046971007498345,0.058699021387769564,0.0022675637486622158,0.0035633497687422855,0.003887265380523419,0.003887265380523419,0.03914448921755303,14.113957405090332
1912,2019-08-09,0.5095561747521791,0.5102040677622192,0.5108519607722593,0.5079365040135568,0.04530841783642563,0.004859074002344532,0.002267563748662327,0.0025915411469212835,0.003239403263722296,-0.013390603551343937,14.176966667175291
1913,2019-08-12,0.5118237693940804,0.49335922022004514,0.5118237693940804,0.49271135810324407,0.06154186777664615,0.002267594641901294,-0.016844847542174024,0.000971808621821113,-0.015225145910312765,0.016233449940220523,13.70889949798584
1914,2019-08-13,0.49335922022004514,0.49173954948142296,0.4985422716206488,0.4901198478495618,0.029367223132444758,-0.018464549174035227,-0.001619670738622181,-0.013281497773431572,-0.002591510253682261,-0.03217464464420139,13.663894653320312
1915,2019-08-14,0.4901198478495618,0.49271135810324407,0.4940071132300852,0.4901198478495618,0.019253420714696896,-0.003239372370483329,0.000971808621821113,-0.004535158390563565,0.0,-0.010113802417747862,13.690898895263672
1916,2019-08-15,0.49076770996636276,0.4901198478495618,0.4936831667250652,0.48914803922774075,0.030996767479962804,0.0006478621168009568,-0.002591510253682261,-0.0003239465050200452,-0.0009718086218210575,0.011743346765265908,13.618887901306152
1917,2019-08-16,0.4875283375958795,0.48850014621770066,0.49173954948142296,0.4875283375958795,0.012673249789664793,-0.0032393723704832733,-0.001619701631861148,-0.001943617243642226,-0.001619701631861259,-0.01832351769029801,13.573882102966309
1918,2019-08-19,0.4875283375958795,0.48688044458583934,0.48914803922774075,0.4859086359640183,0.021130939202054642,0.0,-0.0016197016318613144,-0.0025915102536822054,-0.0016197016318612034,0.008457689412389849,13.528876304626465
1919,2019-08-20,0.48720439109085945,0.48720439109085945,0.48785228410089954,0.4859086359640183,0.013585440375503698,-0.0003239465050200452,0.0003239465050201007,-0.0012957551268412137,0.0,-0.0075454988265509434,13.537877082824709
1920,2019-08-21,0.48947195483952166,0.48817619971268056,0.4897959013445417,0.48785228410089954,0.010848868617986982,0.0022675637486622158,0.000971808621821113,0.0019436172436421706,0.0019436481368812486,-0.002736571757516716,13.564879417419434
1921,2019-08-22,0.49044379435458185,0.4897959013445417,0.4914156029764029,0.48882409272272065,0.012451844307665058,0.0009718395150601911,0.001619701631861148,0.0016197016318612034,0.000971808621821113,0.0016029756896780763,13.609888076782228
1922,2019-08-23,0.492387411598224,0.483964987827137,0.492387411598224,0.48266923270029577,0.022122835761413454,0.0019436172436421706,-0.005830913517404723,0.000971808621821113,-0.0061548600224248795,0.009670991453748395,13.447864532470703
1923,2019-08-26,0.48817619971268056,0.4901198478495618,0.49044379435458185,0.48720439109085945,0.013169198069344197,-0.004211211885543464,0.006154860022424824,-0.0019436172436421706,0.004535158390563676,-0.008953637692069256,13.618887901306152
1924,2019-08-27,0.48914803922774075,0.4865565289740584,0.48947195483952166,0.48526074295397814,0.009405304875348713,0.0009718395150601911,-0.0035633188755034295,-0.0009718395150601911,-0.0019436481368813041,-0.0037638931939954837,13.519874572753906
1925,2019-08-28,0.48526074295397814,0.48785228410089954,0.48882409272272065,0.48234531708851486,0.015294690696541647,-0.0038872962737626082,0.0012957551268411582,-0.0006478621168010124,-0.0029154258654632836,0.0058893858211929336,13.555879592895508
1926,2019-08-29,0.48785228410089954,0.4859086359640183,0.48850014621770066,0.48461288083717713,0.01003409644422796,0.0025915411469213945,-0.0019436481368812486,-0.00032394650501998967,0.0022675637486622713,-0.005260594252313688,13.501872062683104
1927,2019-08-30,0.4865565289740584,0.48526074295397814,0.4875283375958795,0.48461288083717713,0.009201611831908959,-0.0012957551268411582,-0.0006478930100401459,-0.0009718086218211686,0.0,-0.0008324846123190007,13.483868598937988
1928,2019-09-03,0.4833171257103359,0.4849368273421972,0.4859086359640183,0.48266923270029577,0.02556790506132932,-0.0032394032637224623,-0.00032391561178096717,-0.0016197016318612034,-0.0019436481368813596,0.01636629322942036,13.474868774414062
1929,2019-09-04,0.4865565289740584,0.48688044458583934,0.4875283375958795,0.48526074295397814,0.041951910729309656,0.0032394032637224623,0.0019436172436421706,0.0016197016318612034,0.002591510253682372,0.016384005667980338,13.528876304626465
1930,2019-09-05,0.48850014621770066,0.4833171257103359,0.48850014621770066,0.48266923270029577,0.030438825665323473,0.0019436172436422816,-0.0035633188755034295,0.0009718086218211686,-0.002591510253682372,-0.011513085063986184,13.429862022399902
1931,2019-09-06,0.4829931792053159,0.48072561545665365,0.4842889343321571,0.48040166895163366,0.031262454058362484,-0.005506967012384734,-0.002591510253682261,-0.004211211885543575,-0.0022675637486621048,0.0008236283930390109,13.3578519821167
1932,2019-09-09,0.4794298603298125,0.48072561545665365,0.4829931792053159,0.4735989468124078,0.019253420714696896,-0.0035633188755034295,0.0,-0.0012957551268411582,-0.006802722139225892,-0.012009033343665588,13.3578519821167
1933,2019-09-10,0.48266923270029577,0.48850014621770066,0.48850014621770066,0.4813734775734547,0.04799185227826241,0.0032393723704832733,0.007774530761047005,0.005506967012384734,0.007774530761046949,0.028738431563565512,13.573882102966309
1934,2019-09-11,0.48817619971268056,0.48947195483952166,0.4901198478495618,0.4859086359640183,0.03650533587211619,0.005506967012384789,0.000971808621821002,0.001619701631861148,0.004535158390563565,-0.011486516406146216,13.600885391235352
1935,2019-09-12,0.492387411598224,0.49886618723242976,0.49886618723242976,0.492063465093204,0.0504981623344994,0.004211211885543464,0.009394232392908097,0.008746339382867951,0.0061548291291856905,0.013992826462383208,13.861921310424805
1936,2019-09-13,0.5011337818743311,0.5001619423592709,0.5027534835061923,0.49886618723242976,0.035761413452597084,0.008746370276107085,0.0012957551268411582,0.0038872962737625527,0.006802722139225781,-0.014736748881902316,13.897927284240724
1937,2019-09-16,0.5027534835061923,0.5050210472548545,0.5059928558766756,0.5008098353693111,0.07582694947526901,0.0016197016318612034,0.00485910489558361,0.003239372370483329,0.0019436481368813596,0.040065536022671926,14.03294563293457
1938,2019-09-17,0.5034013456229933,0.5008098353693111,0.5040492386330335,0.49951408024246985,0.031563565513882126,0.0006478621168010124,-0.004211211885543409,-0.001943617243642115,-0.0012957551268412693,-0.04426338396138688,13.915928840637209
1939,2019-09-18,0.4998380267474899,0.5008098353693111,0.5017816439911321,0.49919013373744986,0.022246822831333304,-0.0035633188755034295,0.0,-0.002267594641901405,-0.00032394650501998967,-0.009316742682548822,13.915928840637209
1940,2019-09-19,0.4998380267474899,0.5024295370011723,0.5040492386330335,0.4998380267474899,0.013629721471903644,0.0,0.0016197016318612034,0.002267594641901405,0.0006478930100400349,-0.00861710135942966,13.960935592651367
1941,2019-09-20,0.5011337818743311,0.49951408024246985,0.5017816439911321,0.49757043210558866,0.03696585927467564,0.0012957551268412137,-0.0029154567587024727,-0.002267594641901405,-0.0022675946419012383,0.023336137802771995,13.879923820495604
1942,2019-09-23,0.5021055904961522,0.5030773991179733,0.5046971007498345,0.5021055904961522,0.02469999557189036,0.000971808621821113,0.003563318875503485,0.002915456758702417,0.004535158390563565,-0.01226586370278528,13.978938102722168
1943,2019-09-24,0.5030773991179733,0.5040492386330335,0.5059928558766756,0.5030773991179733,0.02073240933445512,0.000971808621821113,0.0009718395150601911,0.0012957551268411027,0.000971808621821113,-0.00396758623743524,14.005942344665527
1944,2019-09-25,0.5040492386330335,0.5089083126353781,0.5089083126353781,0.5037252921280134,0.016906522605499713,0.0009718395150601911,0.004859074002344532,0.002915456758702417,0.0006478930100400904,-0.003825886728955407,14.140961647033691
1945,2019-09-26,0.5095561747521791,0.5098801212571992,0.5102040677622192,0.5076125575085368,0.020998095912854804,0.005506936119145545,0.000971808621821113,0.0012957551268411027,0.003887265380523419,0.00409157330735509,14.167963981628418
1946,2019-09-27,0.5098801212571992,0.509232259140398,0.5111758763840403,0.5089083126353781,0.025098525439489882,0.0003239465050201007,-0.0006478621168011234,0.000971808621821113,0.0012957551268412137,0.0041004295266350785,14.149961471557615
1947,2019-09-30,0.5098801212571992,0.5137673866377226,0.5144152796477627,0.5089083126353781,0.021113226763494666,0.0,0.004535127497324543,0.003239403263722407,0.0,-0.003985298675995216,14.27597999572754
1948,2019-10-01,0.5127955780159016,0.5144152796477627,0.5144152796477627,0.5121477158991005,0.018872603285657354,0.002915456758702417,0.0006478930100400904,0.0,0.003239403263722407,-0.002240623477837312,14.29398250579834
1949,2019-10-02,0.5140913331427427,0.5131195245209216,0.5147392261527828,0.5111758763840403,0.07667714652614799,0.0012957551268411027,-0.0012957551268411027,0.0003239465050201007,-0.0009718395150601911,0.057804543240490634,14.257976531982422
1950,2019-10-03,0.5108519607722593,0.5144152796477627,0.5153870882695838,0.5108519607722593,0.03372448301819953,-0.00323937237048344,0.0012957551268411027,0.0006478621168010124,-0.0003239156117810227,-0.042952663507948456,14.29398250579834
1951,2019-10-04,0.5131195245209216,0.5108519607722593,0.5134434710259417,0.5105280142672393,0.022122835761413454,0.002267563748662327,-0.0035633188755034295,-0.001943617243642115,-0.00032394650501998967,-0.011601647256786078,14.194968223571776
1952,2019-10-07,0.5089083126353781,0.5063168023816957,0.5089083126353781,0.5040492386330335,0.017446751981579064,-0.00421121188554352,-0.0045351583905635096,-0.004535158390563621,-0.006478775634205736,-0.004676083779834389,14.068950653076172
1953,2019-10-08,0.5043731542448145,0.509232259140398,0.5108519607722593,0.5043731542448145,0.014435637426382677,-0.0045351583905635096,0.002915456758702306,0.001943648136881193,0.0003239156117810227,-0.0030111145551963876,14.149961471557615
1954,2019-10-09,0.5108519607722593,0.5102040677622192,0.5121477158991005,0.5095561747521791,0.030536244077403355,0.006478806527444703,0.000971808621821113,0.0012957551268412137,0.005183020507364522,0.01610060665102068,14.176966667175291
1955,2019-10-10,0.5108519607722593,0.508260419625338,0.5114998228890604,0.5079365040135568,0.011619359695346056,0.0,-0.001943648136881193,-0.0006478930100400904,-0.0016196707386222364,-0.018916884382057297,14.122958183288574
1956,2019-10-11,0.5108519607722593,0.5150631417645637,0.5153870882695838,0.5108519607722593,0.034370987025638754,0.0,0.006802722139225725,0.003887265380523419,0.002915456758702417,0.0227516273302927,14.311984062194824
1957,2019-10-14,0.5160349812796239,0.5147392261527828,0.5173307364064651,0.5137673866377226,0.015843776291900986,0.005183020507364633,-0.00032391561178091166,0.0019436481368813041,0.002915425865463339,-0.018527210733737767,14.302983283996582
1958,2019-10-15,0.5144152796477627,0.5179785985232661,0.5186264915333062,0.5144152796477627,0.02525793738652969,-0.0016197016318612034,0.003239372370483329,0.0012957551268411027,0.0006478930100400904,0.009414161094628705,14.39299488067627
1959,2019-10-16,0.5163588968914049,0.5166828433964249,0.5173307364064651,0.5144152796477627,0.028977549484125228,0.001943617243642226,-0.0012957551268412137,-0.0012957551268411027,0.0,0.0037196120975955364,14.356989860534668
1960,2019-10-17,0.517654652018246,0.5150631417645637,0.5183025450282862,0.5147392261527828,0.009856972058628172,0.0012957551268411027,-0.0016197016318612034,0.000971808621821113,0.0003239465050201007,-0.019120577425497054,14.311984062194824
1961,2019-10-18,0.5153870882695838,0.5160349812796239,0.5163588968914049,0.5134434710259417,0.010282070584067661,-0.0022675637486622158,0.0009718395150601911,-0.0019436481368813041,-0.0012957551268411027,0.0004250985254394893,14.338988304138184
1962,2019-10-21,0.5160349812796239,0.5150631417645637,0.5163588968914049,0.5147392261527828,0.014878448390382146,0.0006478930100400904,-0.0009718395150601911,0.0,0.0012957551268411027,0.004596377806314484,14.311984062194824
1963,2019-10-22,0.5150631417645637,0.5134434710259417,0.5160349812796239,0.5134434710259417,0.008581676482309702,-0.0009718395150601911,-0.0016196707386220144,-0.0003239156117810227,-0.0012957551268411027,-0.006296771908072443,14.26697826385498
1964,2019-10-23,0.5121477158991005,0.5144152796477627,0.5153870882695838,0.5105280142672393,0.039454456892352656,-0.002915425865463228,0.000971808621821002,-0.0006478930100400904,-0.002915456758702417,0.030872780410042953,14.29398250579834
1965,2019-10-24,0.5137673866377226,0.5131195245209216,0.5150631417645637,0.5124716315108815,0.007306380905991232,0.0016196707386221254,-0.0012957551268411027,-0.0003239465050201007,0.001943617243642226,-0.03214807598636142,14.257976531982422
1966,2019-10-25,0.5127955780159016,0.5144152796477627,0.5166828433964249,0.5121477158991005,0.03422043129787893,-0.000971808621821002,0.0012957551268411027,0.0016197016318612034,-0.0003239156117810227,0.0269140503918877,14.29398250579834
1967,2019-10-28,0.5147392261527828,0.5173307364064651,0.5173307364064651,0.5137673866377226,0.012239295044945312,0.001943648136881193,0.002915456758702417,0.0006478930100402014,0.0016196707386221254,-0.02198113625293362,14.374993324279783
1968,2019-10-29,0.5179785985232661,0.5157110347746038,0.5179785985232661,0.5150631417645637,0.024487446309170616,0.003239372370483329,-0.0016197016318613144,0.0006478621168010124,0.0012957551268411027,0.012248151264225304,14.32998752593994
1969,2019-10-30,0.5150631417645637,0.5173307364064651,0.5183025450282862,0.5144152796477627,0.01510871009166187,-0.002915456758702417,0.0016197016318613144,0.0003239465050201007,-0.0006478621168010124,-0.009378736217508746,14.374993324279783
1970,2019-10-31,0.5160349812796239,0.5163588968914049,0.517006789901445,0.5127955780159016,0.02805650267900633,0.0009718395150601911,-0.0009718395150601911,-0.0012957551268412137,-0.0016197016318610924,0.012947792587344461,14.347989082336426
1971,2019-11-01,0.5160349812796239,0.5205701087769484,0.5208940552819684,0.5160349812796239,0.024770845326130275,0.0,0.00421121188554352,0.003887265380523419,0.003239403263722296,-0.0032856573528760556,14.465005874633787
1972,2019-11-04,0.5205701087769484,0.5205701087769484,0.5225137260205905,0.5202461622719283,0.046450870123544256,0.004535127497324543,0.0,0.0016196707386221254,0.004211180992304442,0.02168002479741398,14.465005874633787
1973,2019-11-05,0.5212180017869885,0.524781351555731,0.524781351555731,0.5208940552819684,0.01567550812558119,0.0006478930100400904,0.004211242778782598,0.002267625535140483,0.0006478930100400904,-0.030775361997963067,14.582021713256836
1974,2019-11-06,0.5234855655356507,0.5215419482920086,0.5234855655356507,0.5205701087769484,0.02471770801045034,0.0022675637486622158,-0.003239403263722407,-0.0012957860200802918,-0.00032394650501998967,0.009042199884869151,14.492009162902832
1975,2019-11-07,0.5221898413020487,0.5208940552819684,0.5221898413020487,0.5199222157669083,0.01641057432582031,-0.0012957242336020247,-0.0006478930100402014,-0.0012957242336020247,-0.0006478930100400904,-0.008307133684630031,14.474006652832031
1976,2019-11-08,0.5215419482920086,0.5221898413020487,0.5241334585456909,0.5202461622719283,0.028481601204445824,-0.0006478930100400904,0.0012957860200802918,0.001943617243642226,0.00032394650501998967,0.012071026878625515,14.51001262664795
1977,2019-11-11,0.5208940552819684,0.5205701087769484,0.5218658947970286,0.5192743845433463,0.017136784306779437,-0.0006478930100402014,-0.0016197325251002814,-0.002267563748662327,-0.000971777728582035,-0.011344816897666386,14.465005874633787
1978,2019-11-12,0.5218658947970286,0.5267249687993731,0.5267249687993731,0.5218658947970286,0.022964176593012444,0.0009718395150601911,0.006154860022424713,0.004859074002344532,0.0025915102536823165,0.005827392286233007,14.636029243469238
1979,2019-11-13,0.5270489153043932,0.524781351555731,0.5276968083144333,0.5241334585456909,0.13368463003143957,0.005183020507364633,-0.001943617243642115,0.0009718395150601911,0.002267563748662327,0.11072045343842712,14.582021713256836
1980,2019-11-14,0.5241334585456909,0.5244574050507109,0.5251052362742729,0.5228376725256106,0.015728645441261124,-0.002915456758702306,-0.0003239465050201007,-0.0025915720401604725,-0.0012957860200802918,-0.11795598459017845,14.573020935058594
1981,2019-11-15,0.5241334585456909,0.5225137260205905,0.5244574050507109,0.5218658947970286,0.012496125404065004,0.0,-0.0019436790301203821,-0.0006478312235619343,-0.000971777728582035,-0.0032325200371961203,14.519012451171877
1982,2019-11-18,0.5215419482920086,0.5199222157669083,0.5221898413020487,0.5195983310483664,0.01538325288934154,-0.0025915102536823165,-0.0025915102536822054,-0.0022675637486622158,-0.0022675637486622158,0.0028871274852765357,14.447002410888672
1983,2019-11-19,0.5192743845433463,0.5179785985232661,0.5199222157669083,0.5173307364064651,0.016871097728379754,-0.002267563748662327,-0.001943617243642226,-0.002267625535140372,-0.002267594641901294,0.0014878448390382142,14.39299488067627
1984,2019-11-20,0.5189504380383263,0.517654652018246,0.5205701087769484,0.517654652018246,0.014736748881902316,-0.00032394650501998967,-0.0003239465050201007,0.0006478930100400904,0.00032391561178091166,-0.002134348846477438,14.383995056152344
1985,2019-11-21,0.5192743845433463,0.5195983310483664,0.5225137260205905,0.5189504380383263,0.010547757162467343,0.00032394650501998967,0.0019436790301203821,0.001943617243642115,0.0012957860200802918,-0.004188991719434973,14.438002586364746
1986,2019-11-22,0.5205701087769484,0.5192743845433463,0.5205701087769484,0.5189504380383263,0.008528539166629765,0.0012957242336021357,-0.0003239465050201007,-0.001943617243642115,0.0,-0.0020192179958375776,14.429000854492188
1987,2019-11-25,0.5202461622719283,0.5241334585456909,0.524781351555731,0.5202461622719283,0.010273214364787672,-0.0003239465050201007,0.004859074002344643,0.004211242778782598,0.0012957242336020247,0.001744675198157906,14.564019203186035
1988,2019-11-26,0.5221898413020487,0.5225137260205905,0.5231616190306307,0.5215419482920086,0.019598813266616482,0.0019436790301203821,-0.0016197325251003925,-0.0016197325251002814,0.0012957860200802918,0.00932559890182881,14.519012451171877
1989,2019-11-27,0.5231616190306307,0.5208940552819684,0.5231616190306307,0.5205701087769484,0.01581720763406102,0.000971777728582035,-0.0016196707386221254,0.0,-0.0009718395150601911,-0.0037816056325554633,14.474006652832031
1990,2019-11-29,0.5208940552819684,0.5231616190306307,0.5251052362742729,0.5208940552819684,0.014533055838462561,-0.002267563748662327,0.002267563748662327,0.001943617243642115,0.00032394650501998967,-0.0012841517955984576,14.537015914916992
1991,2019-12-02,0.5221898413020487,0.5208940552819684,0.5234855655356507,0.5199222157669083,0.011504228844706196,0.0012957860200802918,-0.002267563748662327,-0.0016196707386221254,-0.00097183951506008,-0.0030288269937563655,14.474006652832031
1992,2019-12-03,0.5221898413020487,0.5241334585456909,0.524781351555731,0.5221898413020487,0.05239339326041713,0.0,0.003239403263722518,0.0012957860200802918,0.002267625535140372,0.04088916441571093,14.564019203186035
1993,2019-12-04,0.525429182779293,0.5228376725256106,0.5267249687993731,0.5212180017869885,0.017615020147898862,0.003239341477244251,-0.0012957860200802918,0.001943617243642115,-0.0009718395150601911,-0.03477837311251827,14.528013229370115
1994,2019-12-05,0.5215419482920086,0.5244574050507109,0.5264010222943531,0.5215419482920086,0.011681353230305983,-0.003887234487284341,0.0016197325251002814,-0.00032394650501998967,0.0003239465050201007,-0.005933666917592879,14.573020935058594
1995,2019-12-06,0.5270489153043932,0.5267249687993731,0.5283446395379953,0.525429182779293,0.009918965593588097,0.005506967012384623,0.0022675637486622158,0.001943617243642115,0.003887234487284341,-0.0017623876367178857,14.636029243469238
1996,2019-12-09,0.526077075789333,0.5289925325480355,0.5309361497916776,0.526077075789333,0.014311650356462827,-0.0009718395150601911,0.002267563748662327,0.0025915102536823165,0.0006478930100400904,0.0043926847628747295,14.6990385055542
1997,2019-12-10,0.5293164790530555,0.5332037135403399,0.53385160655038,0.5293164790530555,0.01101713678430678,0.003239403263722407,0.004211180992304442,0.002915456758702417,0.003239403263722407,-0.003294513572156047,14.816054344177246
1998,2019-12-11,0.5309361497916776,0.5322319358117579,0.5325558823167779,0.5302883185681156,0.026364964796528362,0.0016196707386221254,-0.000971777728582035,-0.0012957242336021357,0.0009718395150601911,0.015347828012221582,14.789051055908203
1999,2019-12-12,0.5332037135403399,0.5374149563191225,0.5380628493291626,0.532879828821798,0.026302971261568435,0.002267563748662327,0.005183020507364633,0.005506967012384734,0.0025915102536823165,-6.199353495992682e-05,14.933070182800291
2000,2019-12-13,0.5374149563191225,0.5357952855805004,0.5438937628465673,0.5357952855805004,0.03875481556923349,0.004211242778782598,-0.0016196707386221254,0.005830913517404723,0.002915456758702417,0.012451844307665057,14.88806438446045
2001,2019-12-16,0.5400064665728048,0.5451894870801693,0.5468091578187915,0.5400064665728048,0.03121817296196254,0.0025915102536823165,0.009394201499668964,0.00291539497222415,0.004211180992304442,-0.007536642607270952,15.149100303649902
2002,2019-12-17,0.5442176475651092,0.5413021908064068,0.5442176475651092,0.5400064665728048,0.027330292698047202,0.004211180992304331,-0.003887296273762497,-0.0025915102536823165,0.0,-0.0038878802639153373,15.041083335876465
2003,2019-12-18,0.5406543595828449,0.5403304130778248,0.5432458698365272,0.5390346270577446,0.022645352698932825,-0.0035632879822642405,-0.000971777728582035,-0.000971777728581924,-0.0009718395150601911,-0.004684939999114377,15.014081954956056
2004,2019-12-19,0.5377389028241425,0.5361191702990422,0.5390346270577446,0.5354713390754803,0.042562989859628926,-0.002915456758702417,-0.004211242778782598,-0.004211242778782598,-0.0035632879822643515,0.0199176371606961,14.897065162658691
2005,2019-12-20,0.5361191702990422,0.5383867958341826,0.5383867958341826,0.5354713390754803,0.03721383341451534,-0.0016197325251002814,0.002267625535140372,-0.0006478312235620454,0.0,-0.005349156445113586,14.960074424743652
2006,2019-12-23,0.53385160655038,0.5267249687993731,0.53385160655038,0.5257531292843131,0.027604835495726874,-0.0022675637486622158,-0.011661827034809447,-0.004535189283802588,-0.00971820979116722,-0.009608997918788467,14.865904808044434
2007,2019-12-24,0.5273728618094133,0.5293164790530555,0.5299643720630957,0.5273728618094133,0.00847540185094983,-0.006478744740966658,0.0025915102536823165,-0.003887234487284341,0.0016197325251002814,-0.019129433644777045,14.939045906066896
2008,2019-12-26,0.5306122032866576,0.5302883185681156,0.5315840428017178,0.5293164790530555,0.01779214453349865,0.003239341477244251,0.0009718395150601911,0.0016196707386221254,0.001943617243642115,0.00931674268254882,14.966474533081056
2009,2019-12-27,0.5335276600453599,0.5351473925704602,0.5367670633090823,0.5335276600453599,0.011504228844706196,0.002915456758702306,0.004859074002344532,0.005183020507364522,0.004211180992304442,-0.006287915688792455,15.10361385345459
2010,2019-12-30,0.5364431168040623,0.5354713390754803,0.5377389028241425,0.5341755530554,0.014674755346942391,0.002915456758702417,0.0003239465050201007,0.0009718395150601911,0.0006478930100400904,0.0031705265022361952,15.112756729125977
2011,2019-12-31,0.5387106805527245,0.5364431168040623,0.5387106805527245,0.5348234460654402,0.012345569676305186,0.0022675637486622158,0.000971777728582035,0.000971777728582035,0.0006478930100402014,-0.0023291856706372047,15.140183448791504
2012,2020-01-02,0.5396825200677847,0.5344994995604201,0.5396825200677847,0.5332037135403399,0.024912544834610105,0.0009718395150601911,-0.001943617243642226,0.0009718395150601911,-0.0016197325251002814,0.012566975158304919,15.0853271484375
2013,2020-01-03,0.53385160655038,0.5283446395379953,0.53385160655038,0.5280206930329753,0.07409998671567108,-0.005830913517404723,-0.006154860022424824,-0.005830913517404723,-0.005183020507364633,0.04918744188106098,14.911617279052734
2014,2020-01-06,0.5315840428017178,0.5296404255580756,0.5315840428017178,0.526077075789333,0.026214409068768544,-0.0022675637486622158,0.0012957860200802918,-0.0022675637486622158,-0.001943617243642226,-0.047885577646902544,14.94818878173828
2015,2020-01-07,0.5283446395379953,0.5309361497916776,0.5309361497916776,0.5273728618094133,0.019350839126776778,-0.003239403263722518,0.0012957242336020247,-0.0006478930100402014,0.0012957860200802918,-0.006863569941991766,14.984759330749512
2016,2020-01-08,0.5293164790530555,0.5283446395379953,0.5293164790530555,0.5276968083144333,0.015888057388300934,0.0009718395150601911,-0.0025915102536823165,-0.0016196707386221254,0.00032394650501998967,-0.0034627817384758446,14.911617279052734
2017,2020-01-09,0.5293164790530555,0.5296404255580756,0.5309361497916776,0.5280206930329753,0.01369171500686357,0.0,0.0012957860200802918,0.0016196707386221254,0.00032388471854194467,-0.002196342381437363,14.94818878173828
2018,2020-01-10,0.5312600962966977,0.5344994995604201,0.5344994995604201,0.5302883185681156,0.023043882566532347,0.001943617243642226,0.004859074002344532,0.0035633497687425075,0.002267625535140372,0.009352167559668776,15.0853271484375
2019,2020-01-13,0.5377389028241425,0.5312600962966977,0.5377389028241425,0.5296404255580756,0.01538325288934154,0.006478806527444814,-0.003239403263722407,0.003239403263722407,-0.0006478930100400904,-0.007660629677190807,14.993902206420898
2020,2020-01-14,0.5325558823167779,0.5341755530554,0.5351473925704602,0.5325558823167779,0.02810963999468627,-0.005183020507364633,0.002915456758702306,-0.0025915102536823165,0.002915456758702306,0.01272638710534473,15.07618522644043
2021,2020-01-15,0.5354713390754803,0.5354713390754803,0.5370910098141024,0.53385160655038,0.014010538900943188,0.002915456758702417,0.0012957860200802918,0.001943617243642226,0.0012957242336021357,-0.014099101093743082,15.112756729125977
2022,2020-01-16,0.5354713390754803,0.5296404255580756,0.5354713390754803,0.5286685860430154,0.019403976442456717,0.0,-0.005830913517404723,-0.0016196707386221254,-0.005183020507364633,0.005393437541513529,14.94818878173828
2023,2020-01-17,0.5302883185681156,0.5344994995604201,0.5351473925704602,0.5302883185681156,0.014037107558783155,-0.005183020507364633,0.004859074002344532,-0.0003239465050201007,0.0016197325251002814,-0.005366868883673562,15.0853271484375
2024,2020-01-21,0.5348234460654402,0.5341755530554,0.5351473925704602,0.5325558823167779,0.019527963512376567,0.004535127497324543,-0.0003239465050201007,0.0,0.0022675637486622158,0.005490855953593412,15.07618522644043
2025,2020-01-22,0.5361191702990422,0.532879828821798,0.5374149563191225,0.5322319358117579,0.012806093078864633,0.0012957242336020247,-0.0012957242336020247,0.002267563748662327,-0.00032394650501998967,-0.006721870433511934,15.039616584777832
2026,2020-01-23,0.5357952855805004,0.5315840428017178,0.5357952855805004,0.5315840428017178,0.007270956028871275,-0.00032388471854183365,-0.0012957860200801807,-0.0016196707386221254,-0.0006478930100400904,-0.005535137049993358,15.003045082092283
2027,2020-01-24,0.5296404255580756,0.5257531292843131,0.5296404255580756,0.525429182779293,0.02244165965549307,-0.006154860022424824,-0.005830913517404723,-0.006154860022424824,-0.006154860022424824,0.015170703626621793,14.83847713470459
2028,2020-01-27,0.5218658947970286,0.5173307364064651,0.5218658947970286,0.517006789901445,0.02977460921932427,-0.007774530761046949,-0.008422392877847962,-0.007774530761046949,-0.008422392877847962,0.007332949563831202,14.60076904296875
2029,2020-01-28,0.5173307364064651,0.5183025450282862,0.5202461622719283,0.517006789901445,0.011947039808705663,-0.0045351583905635096,0.000971808621821113,-0.0016197325251002814,0.0,-0.01782756941061861,14.628196716308594
2030,2020-01-29,0.517006789901445,0.5137673866377226,0.517006789901445,0.5134434710259417,0.012035602001505557,-0.0003239465050201007,-0.004535158390563621,-0.003239372370483329,-0.0035633188755033185,8.856219279989447e-05,14.500200271606444
2031,2020-01-30,0.5127955780159016,0.5098801212571992,0.5131195245209216,0.509232259140398,0.024593720940530486,-0.004211211885543409,-0.003887265380523419,-0.003887265380523419,-0.004211211885543631,0.012558118939024929,14.39048957824707
2032,2020-01-31,0.5089083126353781,0.5069646644984968,0.5095561747521791,0.5063168023816957,0.013496878182703804,-0.00388726538052353,-0.002915456758702417,-0.0035633497687425075,-0.002915456758702306,-0.011096842757826682,14.308204650878906
2033,2020-02-03,0.5037252921280134,0.5059928558766756,0.5069646644984968,0.5027534835061923,0.01806668733117832,-0.005183020507364633,-0.000971808621821113,-0.0025915102536823165,-0.0035633188755034295,0.004569809148474515,14.28077793121338
2034,2020-02-04,0.5089083126353781,0.5069646644984968,0.5111758763840403,0.5066407488867158,0.061019350839126775,0.005183020507364633,0.000971808621821113,0.00421121188554352,0.00388726538052353,0.042952663507948456,14.308204650878906
2035,2020-02-05,0.509232259140398,0.5072886110035169,0.5095561747521791,0.5059928558766756,0.00904219988486915,0.00032394650501998967,0.0003239465050201007,-0.0016197016318612034,-0.0006478930100402014,-0.051977150954257624,14.317347526550291
2036,2020-02-06,0.5072886110035169,0.5108519607722593,0.5108519607722593,0.5066407488867158,0.014869592171102156,-0.001943648136881193,0.0035633497687423965,0.0012957860200801807,0.0006478930100402014,0.005827392286233007,14.417917251586914
2037,2020-02-07,0.5111758763840403,0.5131195245209216,0.5144152796477627,0.5111758763840403,0.025869016516848958,0.003887265380523419,0.002267563748662327,0.0035633188755034295,0.0045351274973244315,0.010999424345746802,14.481914520263672
2038,2020-02-10,0.5118237693940804,0.5124716315108815,0.5140913331427427,0.5111758763840403,0.028623300712925653,0.0006478930100400904,-0.0006478930100400904,-0.00032394650501998967,0.0,0.0027542841960766958,14.463629722595217
2039,2020-02-11,0.5127955780159016,0.5124716315108815,0.5144152796477627,0.5114998228890604,0.008032590886950361,0.0009718086218212241,0.0,0.00032394650501998967,0.0003239465050201007,-0.020590709825975294,14.463629722595217
2040,2020-02-12,0.5131195245209216,0.5127955780159016,0.5140913331427427,0.5114998228890604,0.012522694061904973,0.00032394650501998967,0.0003239465050201007,-0.00032394650501998967,0.0,0.004490103174954612,14.472771644592283
2041,2020-02-13,0.5137673866377226,0.5153870882695838,0.5153870882695838,0.5127955780159016,0.006739582872071912,0.0006478621168010124,0.0025915102536822054,0.0012957551268411027,0.0012957551268412137,-0.005783111189833061,14.545912742614746
2042,2020-02-14,0.517006789901445,0.5163588968914049,0.5186264915333062,0.5157110347746038,0.011805340300225833,0.003239403263722407,0.000971808621821113,0.003239403263722407,0.002915456758702195,0.005065757428153921,14.573341369628906
2043,2020-02-18,0.5189504380383263,0.5202461622719283,0.5212180017869885,0.5160349812796239,0.029252092281804896,0.0019436481368813041,0.003887265380523419,0.0025915102536823165,0.0003239465050201007,0.017446751981579064,14.683053016662598
2044,2020-02-19,0.5199222157669083,0.5199222157669083,0.5208940552819684,0.5179785985232661,0.013248904042864102,0.000971777728582035,-0.00032394650501998967,-0.0003239465050201007,0.001943617243642226,-0.016003188238940792,14.673910140991213
2045,2020-02-20,0.5183025450282862,0.5166828433964249,0.5195983310483664,0.5160349812796239,0.01876632865429748,-0.0016196707386221254,-0.00323937237048344,-0.0012957242336020247,-0.001943617243642226,0.005517424611433378,14.582483291625977
2046,2020-02-21,0.5186264915333062,0.5173307364064651,0.5199222157669083,0.5166828433964249,0.008068015764070319,0.00032394650501998967,0.0006478930100402014,0.00032388471854194467,0.0006478621168010124,-0.01069831289022716,14.60076904296875
2047,2020-02-24,0.5079365040135568,0.5069646644984968,0.5079365040135568,0.5043731542448145,0.01948368241597662,-0.010689987519749367,-0.010366071907968344,-0.011985711753351502,-0.012309689151610348,0.011415666651906301,14.308204650878906
2048,2020-02-25,0.5063168023816957,0.5066407488867158,0.5076125575085368,0.5053449937598747,0.012735243324624718,-0.0016197016318610924,-0.00032391561178091166,-0.00032394650501998967,0.0009718395150601911,-0.006748439091351902,14.299062728881836
2049,2020-02-26,0.5040492386330335,0.5043731542448145,0.5066407488867158,0.5034013456229933,0.014524199619182571,-0.0022675637486622158,-0.002267594641901294,-0.000971808621821002,-0.0019436481368814151,0.0017889562945578533,14.235064506530762
2050,2020-02-27,0.5014576974861121,0.49724651649380774,0.5017816439911321,0.49627467697874755,0.016879953947659745,-0.0025915411469213945,-0.0071266377510068035,-0.004859104895583721,-0.0071266686442457705,0.002355754328477174,14.033926963806152
2051,2020-02-28,0.49173954948142296,0.4940071132300852,0.49562681486194643,0.48947195483952166,0.08654297480405615,-0.009718148004689176,-0.003239403263722518,-0.0061548291291856905,-0.006802722139225892,0.0696630208563964,13.942500114440918
2052,2020-03-02,0.49724651649380774,0.4998380267474899,0.500485888864291,0.4965986234837676,0.02724173050524731,0.005506967012384789,0.005830913517404668,0.004859074002344588,0.007126668644245937,-0.05930124429880884,14.107067108154297
2053,2020-03-03,0.5024295370011723,0.5030773991179733,0.5069646644984968,0.5021055904961522,0.05353584554753576,0.005183020507364577,0.00323937237048344,0.006478775634205736,0.005506967012384623,0.026294115042288447,14.198493957519531
2054,2020-03-04,0.5027534835061923,0.4998380267474899,0.5034013456229933,0.49951408024246985,0.013558871717663729,0.00032394650501998967,-0.00323937237048344,-0.0035633188755034295,-0.002591510253682372,-0.03997697382987203,14.107067108154297
2055,2020-03-05,0.4969225699887876,0.49335922022004514,0.4969225699887876,0.49271135810324407,0.012717530886064738,-0.005830913517404723,-0.006478806527444758,-0.006478775634205736,-0.006802722139225781,-0.0008413408315989905,13.924214363098145
2056,2020-03-06,0.49109165647138286,0.48688044458583934,0.49109165647138286,0.4865565289740584,0.023619536819731658,-0.005830913517404723,-0.006478775634205791,-0.005830913517404723,-0.0061548291291856905,0.01090200593366692,13.741362571716309
2057,2020-03-09,0.4771622656879112,0.47845805170799144,0.48104956196167376,0.47457075543422883,0.028711862905725544,-0.013929390783471662,-0.008422392877847906,-0.01004209450970911,-0.011985773539829547,0.005092326085993887,13.503654479980469
2058,2020-03-10,0.4833171257103359,0.48623258246903833,0.4875283375958795,0.4833171257103359,0.024009210468051188,0.006154860022424713,0.007774530761046894,0.006478775634205736,0.008746370276107085,-0.004702652437674357,13.723077774047852
2059,2020-03-11,0.483964987827137,0.48072561545665365,0.48558468945899824,0.4797538068348326,0.031421866005402296,0.0006478621168010679,-0.005506967012384678,-0.0019436481368812486,-0.0035633188755033185,0.007412655537351109,13.567652702331545
2060,2020-03-12,0.4716553295687656,0.4622610971758575,0.4716553295687656,0.46064139554399625,0.05265907983881681,-0.012309658258371381,-0.01846451828079615,-0.01392935989023264,-0.01911241129083635,0.021237213833414516,13.046523094177246
2061,2020-03-13,0.4706834900537054,0.46161320416581736,0.4732750003073877,0.4551344285316116,0.07688083956958774,-0.0009718395150601911,-0.0006478930100401459,0.0016196707386221254,-0.005506967012384623,0.024221759730770932,13.028238296508787
2062,2020-03-16,0.4454162496336834,0.44217684636996096,0.4515710787628691,0.43731777236761643,0.047309923393703227,-0.025267240420021986,-0.019436357795856396,-0.021703921544518612,-0.017816656163995193,-0.029570916175884518,12.479681015014648
2063,2020-03-17,0.4386135274944576,0.44152898425315995,0.4460641426437235,0.43764171887263653,0.025727317008369128,-0.006802722139225836,-0.0006478621168010124,-0.0055069361191456,0.0003239465050201007,-0.0215826063853341,12.461395263671877
2064,2020-03-18,0.4386135274944576,0.44412049450684227,0.4515710787628691,0.4386135274944576,0.03385732630739937,0.0,0.0025915102536823165,0.0055069361191456,0.0009718086218210575,0.008130009299030242,12.53453540802002
2065,2020-03-19,0.44574019613870347,0.44962746151922695,0.4528668338897103,0.44574019613870347,0.03754151352787495,0.0071266686442458815,0.005506967012384678,0.0012957551268411582,0.0071266686442458815,0.0036841872204755807,12.689960479736328
2066,2020-03-20,0.45351472689975036,0.4531907803947303,0.45999350253395616,0.44962746151922695,0.04351060532258779,0.007774530761046894,0.003563318875503374,0.0071266686442458815,0.0038872653805234747,0.00596909179471284,12.790529251098633
2067,2020-03-23,0.4512471631510881,0.4645286609245197,0.46647227816816184,0.4512471631510881,0.02227339148917327,-0.0022675637486622713,0.011337880529789401,0.00647877563420568,0.001619701631861148,-0.02123721383341452,13.110522270202637
2068,2020-03-24,0.46971168143188435,0.4761904570660901,0.4761904570660901,0.467120171178202,0.037089846344595494,0.01846451828079626,0.011661796141570369,0.009718178897928254,0.01587300802711389,0.014816454855422222,13.439656257629396
2069,2020-03-25,0.4752186484442689,0.475542594949289,0.4794298603298125,0.4726271381905867,0.01538325288934154,0.005506967012384567,-0.0006478621168010679,0.003239403263722407,0.005506967012384734,-0.021706593455253956,13.421371459960938
2070,2020-03-26,0.475542594949289,0.46873987281006324,0.47845805170799144,0.466796224673182,0.026887481734047734,0.0003239465050201007,-0.006802722139225781,-0.0009718086218210575,-0.005830913517404723,0.011504228844706194,13.229374885559082
2071,2020-03-27,0.4658244160513609,0.4577259387852939,0.4680919798000231,0.4557822906484127,0.025293362263649647,-0.009718178897928142,-0.011013934024769356,-0.010366071907968344,-0.0110139340247693,-0.0015941194703980865,12.918527603149414
2072,2020-03-30,0.4577259387852939,0.4541626199097905,0.46064139554399625,0.4525429182779293,0.01892574060133729,-0.008098477266066995,-0.003563318875503374,-0.007450584256026849,-0.0032393723704833843,-0.006367621662312358,12.81795883178711
2073,2020-03-31,0.4544865355215715,0.4557822906484127,0.4567541301634729,0.4512471631510881,0.020776690430855067,-0.003239403263722407,0.001619670738622181,-0.0038872653805233637,-0.0012957551268412137,0.0018509498295177784,12.863670349121094
2074,2020-04-01,0.45189502526788916,0.44152898425315995,0.45189502526788916,0.44088109124311986,0.022087410884293494,-0.0025915102536823165,-0.01425330639525274,-0.004859104895583721,-0.010366071907968233,0.001310720453438427,12.461395263671877
2075,2020-04-02,0.4460641426437235,0.44055717563133895,0.4460641426437235,0.4379656653776566,0.03855997874507373,-0.005830882624165645,-0.000971808621821002,-0.005830882624165645,-0.0029154258654632836,0.016472567860780232,12.433967590332031
2076,2020-04-03,0.4386135274944576,0.4356980707357552,0.4402332291263188,0.43181080535523186,0.02255679050613293,-0.007450615149265927,-0.004859104895583721,-0.005830913517404723,-0.006154860022424713,-0.016003188238940796,12.296828269958496
2077,2020-04-06,0.43764171887263653,0.44152898425315995,0.44217684636996096,0.4308389967334107,0.0535801266439357,-0.0009718086218210575,0.005830913517404723,0.0019436172436421706,-0.0009718086218211686,0.03102333613780277,12.461395263671877
2078,2020-04-07,0.4454162496336834,0.44962746151922695,0.4567541301634729,0.4454162496336834,0.07043351193375548,0.007774530761046894,0.008098477266066995,0.01457728379351192,0.01457725290027273,0.016853385289819778,12.689960479736328
2079,2020-04-08,0.4502753236360279,0.4512471631510881,0.4548104820265915,0.4486556528974059,0.021538325288934155,0.004859074002344477,0.001619701631861148,-0.0019436481368813596,0.0032394032637224623,-0.04889518664482133,12.735673904418944
2080,2020-04-09,0.4567541301634729,0.44638805825550454,0.4567541301634729,0.4447683566236433,0.04825753885666209,0.00647880652744498,-0.004859104895583555,0.0019436481368813596,-0.0038872962737626082,0.026719213567727936,12.59853458404541
2081,2020-04-13,0.4493035150142069,0.4399092826212988,0.4493035150142069,0.4363459637457954,0.040446353451711464,-0.007450615149265982,-0.006478775634205736,-0.007450615149265982,-0.008422392877847906,-0.007811185404950627,12.415681838989258
2082,2020-04-14,0.4399092826212988,0.44055717563133895,0.44250079287498106,0.4360220172407753,0.030394544568923525,-0.009394232392908097,0.0006478930100401459,-0.006802722139225836,-0.0003239465050201007,-0.010051808882787939,12.433967590332031
2083,2020-04-15,0.4369938258625964,0.43828958098943754,0.43926142050449773,0.43407836910389397,0.020838683965814994,-0.002915456758702417,-0.002267594641901405,-0.003239372370483329,-0.0019436481368813041,-0.009555860603108531,12.36996841430664
2084,2020-04-16,0.43828958098943754,0.4369938258625964,0.4412050377481399,0.4353741242307352,0.028207058406766152,0.0012957551268411582,-0.0012957551268411582,0.0019436172436421706,0.0012957551268412137,0.007368374440951158,12.333398818969728
2085,2020-04-17,0.4431486858850211,0.44217684636996096,0.4434726014968021,0.4399092826212988,0.03076650577868308,0.004859104895583555,0.005183020507364577,0.0022675637486622158,0.004535158390563621,0.0025594473719169272,12.479681015014648
2086,2020-04-20,0.4431486858850211,0.43828958098943754,0.4437965480018222,0.43731777236761643,0.02642695833148829,0.0,-0.003887265380523419,0.0003239465050201007,-0.002591510253682372,-0.004339547447194791,12.36996841430664
2087,2020-04-21,0.4308389967334107,0.43407836910389397,0.4353741242307352,0.42792353997470833,0.032989416817960415,-0.012309689151610403,-0.004211211885543575,-0.00842242377108704,-0.009394232392908097,0.006562458486472127,12.251113891601562
2088,2020-04-22,0.43407836910389397,0.43505020861895416,0.43828958098943754,0.43278261397705287,0.026852056856927778,0.0032393723704832733,0.0009718395150601911,0.0029154567587023617,0.004859074002344532,-0.006137359961032637,12.278542518615724
2089,2020-04-23,0.43828958098943754,0.43926142050449773,0.4402332291263188,0.4356980707357552,0.03385732630739937,0.004211211885543575,0.004211211885543575,0.0019436481368812486,0.0029154567587023617,0.007005269450471592,12.3973970413208
2090,2020-04-24,0.43926142050449773,0.43148685885021176,0.43926142050449773,0.4288953485965294,0.059921179648408096,0.0009718395150601911,-0.007774561654285972,-0.0009718086218210575,-0.006802722139225836,0.026063853341008726,12.177973747253418
2091,2020-04-27,0.43019110372337055,0.42857140209150935,0.43148685885021176,0.4275995934696883,0.030270557499003675,-0.009070316781127186,-0.002915456758702417,-0.007774561654285972,-0.0012957551268411027,-0.02965062214940442,12.095688819885254
2092,2020-04-28,0.4308389967334107,0.43245869836527195,0.4353741242307352,0.4308389967334107,0.033272815834920075,0.0006478930100401459,0.0038872962737626082,0.003887265380523419,0.003239403263722407,0.0030022583359163996,12.205401420593262
2093,2020-04-29,0.43472626211393406,0.4331065604820729,0.4356980707357552,0.4308389967334107,0.030226276402603728,0.0038872653805233637,0.0006478621168009568,0.0003239465050200452,0.0,-0.003046539432316347,12.223687171936035
2094,2020-04-30,0.43245869836527195,0.4434726014968021,0.4437965480018222,0.4308389967334107,0.05763627507417084,-0.0022675637486621048,0.01036604101472921,0.008098477266066995,0.0,0.02740999867156711,12.516250610351562
2095,2020-05-01,0.44282473938000105,0.4447683566236433,0.44574019613870347,0.44088109124311986,0.031032192357082763,0.0103660410147291,0.0012957551268411582,0.0019436481368812486,0.010042094509709165,-0.026604082717088074,12.552821159362791
2096,2020-05-04,0.44152898425315995,0.4431486858850211,0.4460641426437235,0.4402332291263188,0.06303856883496435,-0.0012957551268411027,-0.001619670738622181,0.0003239465050200452,-0.0006478621168010679,0.032006376477881585,12.507108688354492
2097,2020-05-05,0.4460641426437235,0.44250079287498106,0.4467120047605246,0.44185293075818,0.03979099322499225,0.004535158390563565,-0.0006478930100400349,0.0006478621168010679,0.0016197016318612034,-0.0232475756099721,12.488823890686035
2098,2020-05-06,0.4431486858850211,0.44250079287498106,0.4434726014968021,0.43958533611627876,0.01200903334366559,-0.002915456758702417,0.0,-0.0032394032637224623,-0.0022675946419012383,-0.02778195988132666,12.488823890686035
2099,2020-05-07,0.4454162496336834,0.4486556528974059,0.4489795685091868,0.44412049450684227,0.02269849001461276,0.002267563748662327,0.006154860022424824,0.005506967012384678,0.0045351583905635096,0.010689456670947171,12.6625337600708
2100,2020-05-08,0.4502753236360279,0.4493035150142069,0.45092321664606805,0.4476838133823457,0.025904441393968913,0.004859074002344477,0.0006478621168010124,0.0019436481368812486,0.0035633188755034295,0.0032059513793561527,12.68081760406494
2101,2020-05-11,0.45189502526788916,0.4454162496336834,0.45351472689975036,0.4454162496336834,0.03702785280963557,0.001619701631861259,-0.0038872653805234747,0.0025915102536823165,-0.0022675637486622713,0.011123411415666654,12.57110595703125
2102,2020-05-12,0.4454162496336834,0.44574019613870347,0.4486556528974059,0.44152898425315995,0.020998095912854804,-0.006478775634205736,0.0003239465050200452,-0.004859074002344477,-0.0038872653805234747,-0.016029756896780763,12.580248832702637
2103,2020-05-13,0.4454162496336834,0.43893747399947763,0.4460641426437235,0.4386135274944576,0.03771863791347474,0.0,-0.006802722139225836,-0.002591510253682372,-0.0029154567587023617,0.016720542000619936,12.388254165649414
2104,2020-05-14,0.4386135274944576,0.43828958098943754,0.44185293075818,0.43731777236761643,0.015640083248461233,-0.006802722139225836,-0.0006478930100400904,-0.00421121188554352,-0.0012957551268411582,-0.022078554665013506,12.36996841430664
2105,2020-05-15,0.44055717563133895,0.43828958098943754,0.44250079287498106,0.43828958098943754,0.018394367444537926,0.0019436481368813596,0.0,0.0006478621168010679,0.000971808621821113,0.0027542841960766923,12.36996841430664
2106,2020-05-18,0.44217684636996096,0.44088109124311986,0.4431486858850211,0.43893747399947763,0.019173714741176993,0.0016196707386220144,0.0025915102536823165,0.0006478930100400349,0.0006478930100400904,0.0007793472966390672,12.443110466003418
2107,2020-05-19,0.44152898425315995,0.44088109124311986,0.4444444410118623,0.44055717563133895,0.08752601514413497,-0.0006478621168010124,0.0,0.0012957551268412137,0.0016197016318613144,0.06835230040295798,12.443110466003418
2108,2020-05-20,0.4434726014968021,0.4431486858850211,0.44412049450684227,0.44152898425315995,0.07120400301111456,0.0019436172436421706,0.0022675946419012383,-0.0003239465050200452,0.000971808621821002,-0.01632201213302041,12.507108688354492
2109,2020-05-21,0.4434726014968021,0.43958533611627876,0.4437965480018222,0.43764171887263653,0.023725811451091528,0.0,-0.003563349768742341,-0.0003239465050200452,-0.003887265380523419,-0.04747819156002303,12.406538963317873
2110,2020-05-22,0.43828958098943754,0.43764171887263653,0.43926142050449773,0.43472626211393406,0.05985918611344817,-0.005183020507364577,-0.001943617243642226,-0.004535127497324487,-0.0029154567587024727,0.03613337466235664,12.351683616638184
2111,2020-05-26,0.44250079287498106,0.4454162496336834,0.4454162496336834,0.4412050377481399,0.03075764955940309,0.00421121188554352,0.007774530761046894,0.0061548291291856905,0.006478775634205847,-0.029101536554045078,12.57110595703125
2112,2020-05-27,0.44152898425315995,0.44185293075818,0.44282473938000105,0.4399092826212988,0.02005933666917593,-0.000971808621821113,-0.0035633188755034295,-0.002591510253682372,-0.0012957551268411027,-0.01069831289022716,12.470538139343262
2113,2020-05-28,0.44185293075818,0.44282473938000105,0.44412049450684227,0.43926142050449773,0.01495815436390205,0.0003239465050200452,0.0009718086218210575,0.0012957551268412137,-0.0006478621168010679,-0.00510118230527388,12.497965812683104
2114,2020-05-29,0.4402332291263188,0.44250079287498106,0.44250079287498106,0.43731777236761643,0.032953991940840456,-0.0016197016318612034,-0.00032394650501998967,-0.0016197016318612034,-0.0019436481368813041,0.017995837576938407,12.488823890686035
2115,2020-06-01,0.43958533611627876,0.44282473938000105,0.44412049450684227,0.4379656653776566,0.021237213833414516,-0.0006478930100400349,0.00032394650501998967,0.0016197016318612034,0.0006478930100401459,-0.01171677810742594,12.497965812683104
2116,2020-06-02,0.4437965480018222,0.44055717563133895,0.4437965480018222,0.43958533611627876,0.027702253907806756,0.004211211885543464,-0.0022675637486621048,-0.0003239465050200452,0.001619670738622181,0.006465040074392241,12.433967590332031
2117,2020-06-03,0.44055717563133895,0.4431486858850211,0.4431486858850211,0.43958533611627876,0.027259442943807288,-0.0032393723704832733,0.00259151025368215,-0.0006478621168011234,0.0,-0.00044281096399946887,12.507108688354492
2118,2020-06-04,0.4431486858850211,0.4476838133823457,0.4480077598873658,0.44185293075818,0.04428995261922685,0.00259151025368215,0.004535127497324598,0.004859074002344699,0.0022675946419012383,0.017030509675419563,12.63510513305664
2119,2020-06-05,0.44962746151922695,0.4486556528974059,0.4502753236360279,0.44638805825550454,0.04440508346986671,0.006478775634205847,0.0009718395150601911,0.0022675637486621048,0.004535127497324543,0.00011513085063986211,12.6625337600708
2120,2020-06-08,0.449951408024247,0.4483317063923858,0.449951408024247,0.4454162496336834,0.0720807687198335,0.0003239465050200452,-0.0003239465050201007,-0.00032391561178091166,-0.000971808621821113,0.02767568524996679,12.653390884399414
2121,2020-06-09,0.4480077598873658,0.4486556528974059,0.4489795685091868,0.4447683566236433,0.09539033786476553,-0.001943648136881193,0.0003239465050201007,-0.0009718395150601911,-0.0006478930100401459,0.023309569144932027,12.6625337600708
2122,2020-06-10,0.44962746151922695,0.4467120047605246,0.449951408024247,0.4460641426437235,0.061630429969446045,0.001619701631861148,-0.0019436481368813041,0.0009718395150601911,0.0012957860200802362,-0.033759907895319484,12.607677459716797
2123,2020-06-11,0.4434726014968021,0.44055717563133895,0.4434726014968021,0.4399092826212988,0.08794225745029446,-0.006154860022424824,-0.006154829129185635,-0.006478806527444869,-0.006154860022424713,0.02631182748084842,12.433967590332031
2124,2020-06-12,0.4431486858850211,0.44088109124311986,0.4450923031286634,0.4399092826212988,0.046371164150024353,-0.0003239156117810227,0.00032391561178091166,0.001619701631861259,0.0,-0.04157109330027011,12.443110466003418
2125,2020-06-15,0.4356980707357552,0.43828958098943754,0.4399092826212988,0.4331065604820729,0.039268476287472875,-0.007450615149265871,-0.0025915102536823165,-0.005183020507364577,-0.006802722139225892,-0.007102687862551478,12.36996841430664
2126,2020-06-16,0.44250079287498106,0.43828958098943754,0.44282473938000105,0.43666987935757634,0.04799185227826241,0.006802722139225836,0.0,0.0029154567587022506,0.0035633188755034295,0.008723375990789532,12.36996841430664
2127,2020-06-17,0.43731777236761643,0.43828958098943754,0.43958533611627876,0.43505020861895416,0.036381348802196345,-0.005183020507364633,0.0,-0.003239403263722296,-0.001619670738622181,-0.011610503476066063,12.36996841430664
2128,2020-06-18,0.43764171887263653,0.4369938258625964,0.43893747399947763,0.4353741242307352,0.05517424611433379,0.0003239465050201007,-0.0012957551268411582,-0.0006478621168011234,0.0003239156117810227,0.018792897312137444,12.333398818969728
2129,2020-06-19,0.4386135274944576,0.4369938258625964,0.43926142050449773,0.43666987935757634,0.07582694947526901,0.0009718086218210575,0.0,0.0003239465050201007,0.0012957551268411582,0.02065270336093522,12.333398818969728
2130,2020-06-22,0.4356980707357552,0.43666987935757634,0.43666987935757634,0.43407836910389397,0.02484169508037019,-0.0029154567587023617,-0.0003239465050200452,-0.0025915411469213945,-0.002591510253682372,-0.050985254394898816,12.32425594329834
2131,2020-06-23,0.43505020861895416,0.43731777236761643,0.4386135274944576,0.4331065604820729,0.03712527122171545,-0.0006478621168010679,0.0006478930100400904,0.0019436481368812486,-0.0009718086218210575,0.012283576141345263,12.342541694641112
2132,2020-06-24,0.4369938258625964,0.43407836910389397,0.43926142050449773,0.43375445349211306,0.036585041845636095,0.001943617243642226,-0.0032394032637224623,0.0006478930100401459,0.0006478930100401459,-0.0005402293760793583,12.251113891601562
2133,2020-06-25,0.4356980707357552,0.43472626211393406,0.4363459637457954,0.43181080535523186,0.020121330204135854,-0.0012957551268411582,0.0006478930100400904,-0.0029154567587023617,-0.001943648136881193,-0.01646371164150024,12.269400596618652
2134,2020-06-26,0.43181080535523186,0.42630383834284713,0.43181080535523186,0.425979891837827,0.04731877961298322,-0.0038872653805233637,-0.008422423771086929,-0.0045351583905635096,-0.00583091351740489,0.027197449408847364,12.031691551208496
2135,2020-06-29,0.4288953485965294,0.43245869836527195,0.43278261397705287,0.4282474864797284,0.03303369791436036,-0.0029154567587024727,0.006154860022424824,0.000971808621821002,0.002267594641901405,-0.014285081698622859,12.205401420593262
2136,2020-06-30,0.43278261397705287,0.43764171887263653,0.4386135274944576,0.43213475186025185,0.028826993756365406,0.0038872653805234747,0.005183020507364577,0.005830913517404723,0.0038872653805234747,-0.0042067041579949525,12.351683616638184
2137,2020-07-01,0.4399092826212988,0.4431486858850211,0.4431486858850211,0.43764171887263653,0.04293495106938848,0.007126668644245937,0.005506967012384567,0.0045351583905635096,0.005506967012384678,0.014107957313023074,12.507108688354492
2138,2020-07-02,0.4431486858850211,0.44152898425315995,0.4437965480018222,0.44152898425315995,0.03517690298011779,0.003239403263722296,-0.001619701631861148,0.0006478621168011234,0.003887265380523419,-0.0077580480892706916,12.461395263671877
2139,2020-07-06,0.44250079287498106,0.43926142050449773,0.44282473938000105,0.43926142050449773,0.05286277288225656,-0.0006478930100400349,-0.0022675637486622158,-0.0009718086218211686,-0.0022675637486622158,0.017685869902138773,12.3973970413208
2140,2020-07-07,0.4379656653776566,0.44088109124311986,0.44185293075818,0.43764171887263653,0.18598060487977683,-0.004535127497324487,0.0016196707386221254,-0.0009718086218210575,-0.0016197016318612034,0.13311783199752025,12.443110466003418
2141,2020-07-08,0.44152898425315995,0.44250079287498106,0.44282473938000105,0.4399092826212988,0.03698357171323562,0.003563318875503374,0.0016197016318612034,0.0009718086218210575,0.0022675637486622713,-0.1489970331665412,12.488823890686035
2142,2020-07-09,0.4450923031286634,0.44412049450684227,0.4460641426437235,0.4431486858850211,0.057379444715051145,0.0035633188755034295,0.0016197016318612034,0.0032394032637224623,0.003239403263722296,0.020395873001815522,12.53453540802002
2143,2020-07-10,0.4434726014968021,0.43926142050449773,0.4437965480018222,0.4386135274944576,0.039985830049152016,-0.001619701631861259,-0.004859074002344532,-0.002267594641901294,-0.0045351583905635096,-0.01739361466589913,12.3973970413208
2144,2020-07-13,0.43958533611627876,0.4353741242307352,0.43958533611627876,0.4353741242307352,0.04754904131426294,-0.0038872653805233637,-0.0038872962737625527,-0.004211211885543464,-0.003239403263722407,0.0075632112651109265,12.28768539428711
2145,2020-07-14,0.43472626211393406,0.43375445349211306,0.4363459637457954,0.43278261397705287,0.03468095470043838,-0.004859074002344699,-0.0016196707386221254,-0.0032393723704833843,-0.0025915102536823165,-0.012868086613824561,12.241971969604492
2146,2020-07-15,0.43440231560891407,0.4402332291263188,0.4402332291263188,0.4331065604820729,0.01958995704733649,-0.00032394650501998967,0.006478775634205736,0.003887265380523419,0.0003239465050200452,-0.01509099765310189,12.424823760986328
2147,2020-07-16,0.4402332291263188,0.44250079287498106,0.44250079287498106,0.43828958098943754,0.019961918257096044,0.005830913517404723,0.0022675637486622713,0.0022675637486622713,0.005183020507364633,0.000371961209759554,12.488823890686035
2148,2020-07-17,0.4444444410118623,0.44412049450684227,0.4447683566236433,0.44217684636996096,0.03500863481379799,0.00421121188554352,0.0016197016318612034,0.0022675637486622158,0.003887265380523419,0.015046716556701947,12.53453540802002
2149,2020-07-20,0.4437965480018222,0.44088109124311986,0.4437965480018222,0.43764171887263653,0.033485365097639816,-0.0006478930100400904,-0.003239403263722407,-0.0009718086218210575,-0.0045351274973244315,-0.0015232697161581751,12.443110466003418
2150,2020-07-21,0.4402332291263188,0.43958533611627876,0.44250079287498106,0.43958533611627876,0.02115750785989461,-0.0035633188755034295,-0.0012957551268411027,-0.0012957551268411582,0.001943617243642226,-0.012327857237745207,12.406538963317873
2151,2020-07-22,0.44250079287498106,0.44703595126554463,0.4473598977705647,0.44185293075818,0.06844086259575786,0.0022675637486622713,0.007450615149265871,0.00485910489558361,0.0022675946419012383,0.04728335473586326,12.616820335388184
2152,2020-07-23,0.44703595126554463,0.4447683566236433,0.44703595126554463,0.4437965480018222,0.08971350130629234,0.004535158390563565,-0.0022675946419013493,-0.0003239465050200452,0.001943617243642226,0.021272638710534475,12.552821159362791
2153,2020-07-24,0.4454162496336834,0.4454162496336834,0.44703595126554463,0.4434726014968021,0.030314838595403622,-0.0016197016318612034,0.0006478930100401459,0.0,-0.0003239465050201007,-0.059398662710888714,12.57110595703125
2154,2020-07-27,0.4489795685091868,0.4493035150142069,0.450599270141048,0.4483317063923858,0.10325466058539609,0.003563318875503374,0.0038872653805234747,0.003563318875503374,0.004859104895583666,0.07293982198999246,12.68081760406494
2155,2020-07-28,0.4460641426437235,0.4467120047605246,0.44703595126554463,0.4437965480018222,0.05125979719257849,-0.0029154258654632836,-0.0025915102536823165,-0.003563318875503374,-0.004535158390563565,-0.0519948633928176,12.607677459716797
2156,2020-07-29,0.4493035150142069,0.450599270141048,0.450599270141048,0.44703595126554463,0.056812646681131826,0.0032393723704833843,0.003887265380523419,0.003563318875503374,0.003239403263722407,0.005552849488553335,12.717388153076172
2157,2020-07-30,0.45092321664606805,0.45221897177290926,0.45383867340477047,0.4493035150142069,0.06311827480848425,0.001619701631861148,0.001619701631861259,0.0032394032637224623,0.0022675637486622713,0.006305628127352428,12.763102531433104
2158,2020-07-31,0.4544865355215715,0.45934564041715503,0.4596695560289361,0.45351472689975036,0.11265110924146482,0.0035633188755034295,0.0071266686442457705,0.005830882624165645,0.004211211885543464,0.049532834432980566,12.964240074157717
2159,2020-08-03,0.45934564041715503,0.458697747407115,0.45999350253395616,0.45740199228027384,0.14788114953726253,0.004859104895583555,-0.0006478930100400349,0.0003239465050200452,0.0038872653805234747,0.03523004029579771,12.94595432281494
2160,2020-08-04,0.458697747407115,0.45740199228027384,0.459021693912135,0.45610623715343274,0.09440729752468671,-0.0006478930100400349,-0.0012957551268411582,-0.0009718086218211686,-0.0012957551268411027,-0.05347385201257582,12.909382820129396
2161,2020-08-05,0.459021693912135,0.45934564041715503,0.46161320416581736,0.45610623715343274,0.10507018553779392,0.00032394650501998967,0.001943648136881193,0.002591510253682372,0.0,0.010662888013107205,12.964240074157717
2162,2020-08-06,0.4596695560289361,0.458049885290314,0.45999350253395616,0.45610623715343274,0.039773280786432275,0.0006478621168011234,-0.0012957551268410472,-0.0016197016318612034,0.0,-0.06529690475136164,12.9276704788208
2163,2020-08-07,0.4570780457752538,0.4531907803947303,0.4570780457752538,0.4525429182779293,0.04823097019882212,-0.0025915102536823165,-0.004859104895583666,-0.0029154567587023617,-0.0035633188755034295,0.008457689412389849,12.790529251098633
2164,2020-08-10,0.45351472689975036,0.4525429182779293,0.45545837503663167,0.4515710787628691,0.08096355665766285,-0.0035633188755034295,-0.0006478621168010124,-0.0016196707386221254,-0.0009718395150601911,0.03273258645884072,12.772245407104492
2165,2020-08-11,0.45092321664606805,0.4512471631510881,0.45351472689975036,0.45092321664606805,0.08727804100429527,-0.0025915102536823165,-0.0012957551268412137,-0.0019436481368813041,-0.0006478621168010679,0.006314484346632426,12.735673904418944
2166,2020-08-12,0.4525429182779293,0.4551344285316116,0.4551344285316116,0.45189502526788916,0.08143293627950228,0.001619701631861259,0.00388726538052353,0.001619701631861259,0.000971808621821113,-0.005845104724792993,12.845385551452637
2167,2020-08-13,0.458049885290314,0.46258501278763847,0.46323290579767856,0.4577259387852939,0.13495106938847806,0.005506967012384678,0.007450584256026849,0.008098477266066939,0.005830913517404723,0.05351813310897578,13.055665016174316
2168,2020-08-14,0.4635568523026986,0.46096531115577727,0.4648526074295398,0.45999350253395616,0.16306070938316433,0.005506967012384623,-0.0016197016318612034,0.001619701631861259,0.0022675637486622713,0.02810963999468627,13.0099515914917
2169,2020-08-17,0.4619371506708374,0.46420471441949973,0.46550046954634083,0.46161320416581736,0.0931585706062082,-0.0016197016318612034,0.0032394032637224623,0.0006478621168010124,0.0016197016318612034,-0.06990213877695613,13.10137939453125
2170,2020-08-18,0.4658244160513609,0.4638807679144797,0.4658244160513609,0.4619371506708374,0.05499712172873401,0.0038872653805234747,-0.0003239465050200452,0.0003239465050200452,0.0003239465050200452,-0.0381614488774742,13.092236518859863
2171,2020-08-19,0.4648526074295398,0.4658244160513609,0.4661483625563809,0.4638807679144797,0.0770756763937475,-0.0009718086218210575,0.001943648136881193,0.0003239465050200452,0.0019436172436422816,0.022078554665013496,13.147092819213867
2172,2020-08-20,0.4648526074295398,0.4635568523026986,0.46517652304132073,0.4622610971758575,0.039011645928353184,0.0,-0.0022675637486622713,-0.0009718395150601911,-0.001619670738622181,-0.03806403046539432,13.083094596862791
2173,2020-08-21,0.4622610971758575,0.4629089592926585,0.46420471441949973,0.46096531115577727,0.048620643847141654,-0.0025915102536823165,-0.0006478930100400904,-0.000971808621821002,-0.0012957860200802362,0.00960899791878847,13.064807891845703
2174,2020-08-24,0.46647227816816184,0.4629089592926585,0.46647227816816184,0.4619371506708374,0.06730726652791923,0.004211180992304331,0.0,0.0022675637486621048,0.0009718395150601356,0.018686622680777573,13.064807891845703
2175,2020-08-25,0.46517652304132073,0.46971168143188435,0.4706834900537054,0.46517652304132073,0.17500774919186998,-0.0012957551268411027,0.006802722139225836,0.004211211885543575,0.003239372370483329,0.10770048266395076,13.25680446624756
2176,2020-08-26,0.4700356279369044,0.467120171178202,0.4706834900537054,0.4661483625563809,0.11286365850418456,0.004859104895583666,-0.002591510253682372,0.0,0.0009718395150601911,-0.06214409068768542,13.18366241455078
2177,2020-08-27,0.47035957444192444,0.4729510846956068,0.4732750003073877,0.467444117683222,0.21271753088606474,0.0003239465050200452,0.005830913517404834,0.0025915102536823165,0.0012957551268411027,0.09985387238188018,13.34822940826416
2178,2020-08-28,0.4742468398224479,0.47457075543422883,0.4752186484442689,0.4716553295687656,0.11093300270114688,0.0038872653805234747,0.0016196707386220144,0.001943648136881193,0.004211211885543575,-0.10178452818491786,13.393942832946776
2179,2020-08-31,0.47748621219293125,0.47748621219293125,0.47813410520297134,0.47489470193924893,0.1356684231501572,0.003239372370483329,0.002915456758702417,0.002915456758702417,0.003239372370483329,0.024735420449010323,13.476226806640623
2180,2020-09-01,0.47845805170799144,0.4797538068348326,0.48461288083717713,0.47813410520297134,0.12386308284993136,0.0009718395150601911,0.0022675946419013493,0.006478775634205791,0.003239403263722407,-0.011805340300225842,13.5402250289917
2181,2020-09-02,0.47813410520297134,0.47910591382479245,0.4797538068348326,0.475542594949289,0.10347606606739583,-0.0003239465050201007,-0.0006478930100401459,-0.004859074002344532,-0.0025915102536823165,-0.02038701678253553,13.521939277648926
2182,2020-09-03,0.4787819673197724,0.4752186484442689,0.4787819673197724,0.4732750003073877,0.09232608599388921,0.0006478621168010679,-0.00388726538052353,-0.0009718395150601911,-0.002267594641901294,-0.011149980073506621,13.41222858428955
2183,2020-09-04,0.4771622656879112,0.4778101586979513,0.47845805170799144,0.4729510846956068,0.13522561218615772,-0.0016197016318612034,0.002591510253682372,-0.00032391561178096717,-0.00032391561178091166,0.042899526192268514,13.485368728637695
2184,2020-09-08,0.47100743655872546,0.4752186484442689,0.47586651056107004,0.4690637884218442,0.1222512509409733,-0.006154829129185746,-0.002591510253682372,-0.0025915411469213945,-0.0038872962737626082,-0.012974361245184418,13.41222858428955
2185,2020-09-09,0.4752186484442689,0.4735989468124078,0.475542594949289,0.4719792451805466,0.05582075012177302,0.004211211885543464,-0.001619701631861148,-0.0003239156117810227,0.002915456758702417,-0.0664305008192003,13.366515159606934
2186,2020-09-10,0.4761904570660901,0.47683835007613024,0.48040166895163366,0.4761904570660901,0.07956427401142452,0.0009718086218211686,0.0032394032637224623,0.004859074002344643,0.004211211885543464,0.0237435238896515,13.457941055297852
2187,2020-09-11,0.47845805170799144,0.4813734775734547,0.4813734775734547,0.47748621219293125,0.05915068857104902,0.0022675946419013493,0.004535127497324487,0.0009718086218210575,0.0012957551268411582,-0.020413585440375498,13.585938453674316
2188,2020-09-14,0.48104956196167376,0.47651440357111013,0.48169742407847477,0.475542594949289,0.06844971881503786,0.0025915102536823165,-0.004859074002344588,0.0003239465050200452,-0.001943617243642226,0.009299030243988843,13.448798179626465
2189,2020-09-15,0.47813410520297134,0.4778101586979513,0.4787819673197724,0.47489470193924893,0.08620643847141655,-0.002915456758702417,0.0012957551268411582,-0.0029154567587023617,-0.0006478930100400904,0.01775671965637869,13.485368728637695
2190,2020-09-16,0.47683835007613024,0.47683835007613024,0.4787819673197724,0.475542594949289,0.04812469556746225,-0.0012957551268411027,-0.0009718086218210575,0.0,0.0006478930100400904,-0.0380817429039543,13.457941055297852
2191,2020-09-17,0.4761904570660901,0.48234531708851486,0.48266923270029577,0.475542594949289,0.06057653987512731,-0.0006478930100401459,0.005506967012384623,0.0038872653805233637,0.0,0.012451844307665057,13.61336612701416
2192,2020-09-18,0.4833171257103359,0.48526074295397814,0.48558468945899824,0.48040166895163366,0.09075853518133109,0.007126668644245826,0.0029154258654632836,0.0029154567587024727,0.004859074002344643,0.03018199530620378,13.695649147033691
2193,2020-09-21,0.48364107221535596,0.47683835007613024,0.48364107221535596,0.475542594949289,0.16877297081875747,0.0003239465050200452,-0.008422392877847906,-0.0019436172436422816,-0.004859074002344643,0.07801443563742638,13.457941055297852
2194,2020-09-22,0.4771622656879112,0.4752186484442689,0.4794298603298125,0.47489470193924893,0.058052517380330335,-0.006478806527444758,-0.0016197016318613144,-0.004211211885543464,-0.0006478930100400904,-0.11072045343842714,13.41222858428955
2195,2020-09-23,0.47457075543422883,0.4735989468124078,0.4771622656879112,0.4735989468124078,0.06722756055439932,-0.002591510253682372,-0.001619701631861148,-0.002267594641901294,-0.0012957551268411582,0.00917504317406899,13.366515159606934
2196,2020-09-24,0.4729510846956068,0.4735989468124078,0.475542594949289,0.4719792451805466,0.07853695257494575,-0.0016196707386220144,0.0,-0.001619670738622181,-0.001619701631861148,0.011309392020546427,13.366515159606934
2197,2020-09-25,0.4735989468124078,0.4739228933174279,0.47586651056107004,0.4716553295687656,0.02753398574148696,0.0006478621168009568,0.0003239465050201007,0.0003239156117810227,-0.0003239156117810227,-0.05100296683345879,13.375657081604004
2198,2020-09-28,0.4739228933174279,0.4706834900537054,0.47457075543422883,0.47035957444192444,0.04177478634370987,0.0003239465050201007,-0.0032394032637224623,-0.0012957551268412137,-0.0012957551268411582,0.014240800602222908,13.284231185913086
2199,2020-09-29,0.4700356279369044,0.47100743655872546,0.4726271381905867,0.4690637884218442,0.03802860558827437,-0.0038872653805234747,0.0003239465050200452,-0.001943617243642115,-0.0012957860200802362,-0.0037461807554355006,13.293374061584473
2200,2020-09-30,0.47100743655872546,0.47748621219293125,0.48040166895163366,0.47100743655872546,0.16764823097019882,0.0009718086218210575,0.006478775634205791,0.007774530761046949,0.0019436481368812486,0.12961962538192445,13.476226806640623
2201,2020-10-01,0.47683835007613024,0.47457075543422883,0.47683835007613024,0.4735989468124078,0.02555904884204933,0.005830913517404779,-0.002915456758702417,-0.0035633188755034295,0.0025915102536823165,-0.1420891821281495,13.393942832946776
2202,2020-10-02,0.47133138306374556,0.4742468398224479,0.47651440357111013,0.47133138306374556,0.07804986051454633,-0.005506967012384678,-0.00032391561178091166,-0.0003239465050201007,-0.0022675637486622158,0.052490811672497,13.38479995727539
2203,2020-10-05,0.4761904570660901,0.47651440357111013,0.4771622656879112,0.4742468398224479,0.033671345702519596,0.004859074002344532,0.0022675637486622158,0.0006478621168010679,0.0029154567587023617,-0.04437851481202674,13.448798179626465
2204,2020-10-06,0.47683835007613024,0.47651440357111013,0.4813734775734547,0.47651440357111013,0.19013417172209185,0.0006478930100401459,0.0,0.00421121188554352,0.0022675637486622158,0.15646282601957226,13.448798179626465
2205,2020-10-07,0.48040166895163366,0.4833171257103359,0.483964987827137,0.48040166895163366,0.12173759022273392,0.0035633188755034295,0.006802722139225781,0.002591510253682261,0.00388726538052353,-0.06839658149935793,13.640793800354004
2206,2020-10-08,0.4859086359640183,0.4829931792053159,0.4859086359640183,0.48234531708851486,0.04496302528450605,0.005506967012384623,-0.00032394650501998967,0.0019436481368813041,0.001943648136881193,-0.07677456493822787,13.631650924682615
2207,2020-10-09,0.48364107221535596,0.48461288083717713,0.48558468945899824,0.4820213705834948,0.047628747287782845,-0.002267563748662327,0.0016197016318612034,-0.0003239465050200452,-0.0003239465050200452,0.002665722003276798,13.677364349365234
2208,2020-10-12,0.48461288083717713,0.47910591382479245,0.48461288083717713,0.47813410520297134,0.11211087986538547,0.0009718086218211686,-0.005506967012384678,-0.000971808621821113,-0.0038872653805234747,0.06448213257760263,13.521939277648926
2209,2020-10-13,0.4797538068348326,0.4797538068348326,0.48040166895163366,0.47748621219293125,0.029845458973564186,-0.004859074002344532,0.0006478930100401459,-0.004211211885543464,-0.0006478930100400904,-0.08226542089182129,13.5402250289917
2210,2020-10-14,0.4797538068348326,0.48234531708851486,0.48234531708851486,0.4787819673197724,0.04075632112651109,0.0,0.002591510253682261,0.001943648136881193,0.0012957551268411582,0.010910862152946905,13.61336612701416
2211,2020-10-15,0.47813410520297134,0.48169742407847477,0.48266923270029577,0.47683835007613024,0.04277553912234867,-0.001619701631861259,-0.0006478930100400904,0.00032391561178091166,-0.0019436172436421706,0.002019217995837576,13.595080375671388
2212,2020-10-16,0.48266923270029577,0.4800777224466136,0.48266923270029577,0.4800777224466136,0.0643404330691228,0.0045351274973244315,-0.001619701631861148,0.0,0.0032393723704833843,0.021564893946774126,13.54936695098877
2213,2020-10-19,0.4833171257103359,0.4820213705834948,0.4842889343321571,0.4813734775734547,0.13954744719479253,0.0006478930100401459,0.001943648136881193,0.0016197016318613144,0.0012957551268411027,0.07520701412566974,13.604223251342772
2214,2020-10-20,0.4820213705834948,0.48169742407847477,0.48234531708851486,0.47910591382479245,0.06597883363592083,-0.0012957551268411027,-0.0003239465050200452,-0.001943617243642226,-0.0022675637486622713,-0.0735686135588717,13.595080375671388
2215,2020-10-21,0.4833171257103359,0.4820213705834948,0.48526074295397814,0.4820213705834948,0.07673028384182792,0.0012957551268411027,0.0003239465050200452,0.0029154258654632836,0.0029154567587023617,0.010751450205907093,13.604223251342772
2216,2020-10-22,0.48364107221535596,0.4833171257103359,0.48526074295397814,0.48169742407847477,0.06593455253952088,0.0003239465050200452,0.0012957551268411027,0.0,-0.0003239465050200452,-0.010795731302307043,13.640793800354004
2217,2020-10-23,0.4829931792053159,0.483964987827137,0.483964987827137,0.48169742407847477,0.06798919541247841,-0.0006478930100400349,0.0006478621168010679,-0.0012957551268411582,0.0,0.002054642872957535,13.65907859802246
2218,2020-10-26,0.4820213705834948,0.48234531708851486,0.48266923270029577,0.47813410520297134,0.15687021210645175,-0.000971808621821113,-0.0016196707386221254,-0.0012957551268412137,-0.0035633188755034295,0.08888101669397333,13.61336612701416
2219,2020-10-27,0.48234531708851486,0.47910591382479245,0.48526074295397814,0.47845805170799144,0.04788557764690254,0.0003239465050200452,-0.003239403263722407,0.002591510253682372,0.0003239465050201007,-0.1089846344595492,13.521939277648926
2220,2020-10-28,0.4726271381905867,0.4726271381905867,0.4742468398224479,0.47133138306374556,0.0981623344994022,-0.009718178897928142,-0.006478775634205736,-0.011013903131530223,-0.0071266686442458815,0.05027675685249967,13.339086532592772
2221,2020-10-29,0.4719792451805466,0.47100743655872546,0.4719792451805466,0.46873987281006324,0.07937829340654474,-0.0006478930100400904,-0.001619701631861259,-0.002267594641901294,-0.0025915102536823165,-0.01878404109285746,13.293374061584473
2222,2020-10-30,0.4706834900537054,0.47133138306374556,0.4729510846956068,0.46971168143188435,0.07838639684718593,-0.0012957551268412137,0.0003239465050201007,0.0009718395150601911,0.000971808621821113,-0.0009918965593588153,13.30251693725586
2223,2020-11-02,0.4706834900537054,0.4716553295687656,0.4719792451805466,0.46971168143188435,0.0514192091396183,0.0,0.0003239465050200452,-0.0009718395150601911,0.0,-0.026967187707567633,13.311659812927246
2224,2020-11-03,0.47489470193924893,0.4735989468124078,0.4752186484442689,0.4729510846956068,0.0502501881946597,0.00421121188554352,0.0019436172436421706,0.003239403263722296,0.0032394032637224623,-0.0011690209449585973,13.366515159606934
2225,2020-11-04,0.4739228933174279,0.475542594949289,0.47651440357111013,0.47133138306374556,0.038772528007793475,-0.0009718086218210575,0.0019436481368812486,0.0012957551268412137,-0.001619701631861259,-0.011477660186866225,13.421371459960938
2226,2020-11-05,0.4787819673197724,0.4797538068348326,0.48234531708851486,0.4787819673197724,0.047779303015542667,0.004859074002344532,0.004211211885543575,0.005830913517404723,0.007450584256026849,0.009006775007749192,13.5402250289917
2227,2020-11-06,0.48169742407847477,0.4820213705834948,0.4833171257103359,0.4813734775734547,0.035451445777797456,0.0029154567587023617,0.0022675637486622158,0.0009718086218210575,0.0025915102536823165,-0.01232785723774521,13.604223251342772
2228,2020-11-09,0.48526074295397814,0.4842889343321571,0.4875283375958795,0.4842889343321571,0.1044236815303547,0.003563318875503374,0.0022675637486622713,0.004211211885543575,0.0029154567587023617,0.06897223575255723,13.668220520019531
2229,2020-11-10,0.48364107221535596,0.4897959013445417,0.49044379435458185,0.48364107221535596,0.15196386662533765,-0.001619670738622181,0.005506967012384623,0.0029154567587023617,-0.0006478621168011234,0.04754018509498295,13.82364559173584
2230,2020-11-11,0.49044379435458185,0.48882409272272065,0.49076770996636276,0.48688044458583934,0.08815480671301422,0.006802722139225892,-0.0009718086218210575,0.00032391561178091166,0.0032393723704833843,-0.06380905991232343,13.796218872070312
2231,2020-11-12,0.48720439109085945,0.48623258246903833,0.48914803922774075,0.48623258246903833,0.049479697117300624,-0.003239403263722407,-0.0025915102536823165,-0.0016196707386220144,-0.0006478621168010124,-0.038675109595713596,13.723077774047852
2232,2020-11-13,0.4859086359640183,0.4865565289740584,0.48850014621770066,0.48558468945899824,0.0335030775361998,-0.0012957551268411582,0.0003239465050200452,-0.0006478930100400904,-0.0006478930100400904,-0.015976619581100825,13.732221603393556
2233,2020-11-16,0.49076770996636276,0.49335922022004514,0.4936831667250652,0.48850014621770066,0.06068281450648718,0.004859074002344477,0.006802691245986758,0.005183020507364522,0.002915456758702417,0.02717973697028738,13.924214363098145
2234,2020-11-17,0.4953028683569264,0.49757043210558866,0.4978943786106087,0.49465500624012537,0.09076739140061107,0.004535158390563621,0.00421121188554352,0.00421121188554352,0.006154860022424713,0.030084576894123895,14.043068885803224
2235,2020-11-18,0.4998380267474899,0.5008098353693111,0.5027534835061923,0.49951408024246985,0.07285125979719258,0.0045351583905635096,0.0032394032637224623,0.00485910489558361,0.004859074002344477,-0.017916131603418498,14.134495735168455
2236,2020-11-19,0.49951408024246985,0.49886618723242976,0.5008098353693111,0.49757043210558866,0.09463755922596644,-0.0003239465050200452,-0.0019436481368813596,-0.001943648136881193,-0.001943648136881193,0.02178629942877386,14.079639434814451
2237,2020-11-20,0.5008098353693111,0.4985422716206488,0.5014576974861121,0.4953028683569264,0.07167338263295399,0.0012957551268412693,-0.00032391561178096717,0.0006478621168010124,-0.0022675637486622713,-0.022964176593012448,14.070497512817385
2238,2020-11-23,0.500485888864291,0.5024295370011723,0.5037252921280134,0.500485888864291,0.053332152504096,-0.0003239465050201007,0.00388726538052353,0.002267594641901294,0.005183020507364633,-0.018341230128857987,14.180208206176758
2239,2020-11-24,0.49919013373744986,0.5043731542448145,0.5046971007498345,0.49919013373744986,0.12706017801000752,-0.0012957551268411582,0.001943617243642226,0.000971808621821113,-0.0012957551268411582,0.07372802550591151,14.235064506530762
2240,2020-11-25,0.5037252921280134,0.5014576974861121,0.5037252921280134,0.49951408024246985,0.07976796705486427,0.004535158390563565,-0.002915456758702417,-0.000971808621821113,0.00032394650501998967,-0.04729221095514324,14.152779579162598
2241,2020-11-27,0.5037252921280134,0.5072886110035169,0.5076125575085368,0.5037252921280134,0.05604215560377275,0.0,0.005830913517404723,0.003887265380523419,0.004211211885543575,-0.023725811451091525,14.317347526550291
2242,2020-11-30,0.508260419625338,0.5040492386330335,0.508260419625338,0.5014576974861121,0.10814329362795023,0.004535127497324543,-0.003239372370483329,0.0006478621168011234,-0.002267594641901294,0.052101138024177485,14.225922584533691
2243,2020-12-01,0.5053449937598747,0.4985422716206488,0.5056689093716557,0.4978943786106087,0.07126599654607448,-0.002915425865463228,-0.005506967012384734,-0.0025915102536823165,-0.0035633188755034295,-0.03687729708187576,14.070497512817385
2244,2020-12-02,0.49595076136696653,0.49951408024246985,0.5001619423592709,0.49465500624012537,0.1754062790594695,-0.009394232392908208,0.0009718086218210575,-0.005506967012384734,-0.003239372370483329,0.10414028251339504,14.097925186157228
2245,2020-12-03,0.5021055904961522,0.49821832511562875,0.5021055904961522,0.4969225699887876,0.06860027454279768,0.0061548291291856905,-0.0012957551268411027,0.0019436481368813041,0.0022675637486622158,-0.10680600451667183,14.061355590820312
2246,2020-12-04,0.49724651649380774,0.49562681486194643,0.49757043210558866,0.49271135810324407,0.10986140016826816,-0.004859074002344477,-0.0025915102536823165,-0.004535158390563565,-0.00421121188554352,0.04126112562547048,13.988213539123535
2247,2020-12-07,0.4936831667250652,0.4953028683569264,0.4965986234837676,0.49044379435458185,0.11581277952442103,-0.003563349768742563,-0.0003239465050200452,-0.0009718086218210575,-0.0022675637486622158,0.005951379356152864,13.979070663452148
2248,2020-12-08,0.4936831667250652,0.4936831667250652,0.4940071132300852,0.4914156029764029,0.058592746756409686,0.0,-0.0016197016318612034,-0.002591510253682372,0.0009718086218210575,-0.05722003276801134,13.933357238769531
2249,2020-12-09,0.49335922022004514,0.49465500624012537,0.49595076136696653,0.4914156029764029,0.0874197405127751,-0.0003239465050200452,0.0009718395150601911,0.0019436481368813041,0.0,0.02882699375636541,13.960785865783691
2250,2020-12-10,0.4965986234837676,0.4969225699887876,0.4998380267474899,0.49627467697874755,0.08232741442678121,0.0032394032637224623,0.0022675637486622158,0.0038872653805233637,0.004859074002344643,-0.005092326085993887,14.024784088134766
2251,2020-12-11,0.4998380267474899,0.5014576974861121,0.5017816439911321,0.49757043210558866,0.09048399238365142,0.003239403263722296,0.004535127497324543,0.001943617243642226,0.0012957551268411027,0.008156577956870206,14.152779579162598
2252,2020-12-14,0.5001619423592709,0.5014576974861121,0.5024295370011723,0.49886618723242976,0.06429615197272284,0.0003239156117810227,0.0,0.0006478930100402014,0.0012957551268411027,-0.026187840410928573,14.152779579162598
2253,2020-12-15,0.5014576974861121,0.5024295370011723,0.5034013456229933,0.5008098353693111,0.06242748970464509,0.0012957551268412137,0.0009718395150601911,0.000971808621821002,0.0019436481368813596,-0.0018686622680777545,14.180208206176758
2254,2020-12-16,0.5037252921280134,0.5027534835061923,0.5037252921280134,0.4998380267474899,0.051029535491298766,0.002267594641901294,0.00032394650501998967,0.0003239465050201007,-0.0009718086218212241,-0.011397954213346322,14.18935203552246
2255,2020-12-17,0.5040492386330335,0.5056689093716557,0.5069646644984968,0.5024295370011723,0.11877961298321746,0.0003239465050201007,0.002915425865463339,0.003239372370483329,0.0025915102536824275,0.06775007749191869,14.271634101867676
2256,2020-12-18,0.5043731542448145,0.5056689093716557,0.5063168023816957,0.5030773991179733,0.058699021387769564,0.0003239156117810227,0.0,-0.0006478621168010124,0.0006478621168010124,-0.060080591595447895,14.271634101867676
2257,2020-12-21,0.5030773991179733,0.5079365040135568,0.5079365040135568,0.5021055904961522,0.05392551919585529,-0.0012957551268412137,0.0022675946419011828,0.0016197016318610924,-0.000971808621821113,-0.004773502191914275,14.335633277893066
2258,2020-12-22,0.508260419625338,0.5059928558766756,0.508260419625338,0.5056689093716557,0.04252756498250897,0.005183020507364633,-0.001943648136881193,0.0003239156117811337,0.0035633188755034295,-0.011397954213346322,14.28077793121338
2259,2020-12-23,0.509232259140398,0.5111758763840403,0.5114998228890604,0.5079365040135568,0.093335694991808,0.00097183951506008,0.005183020507364633,0.003239403263722407,0.0022675946419011828,0.05080813000929903,14.427059173583984
2260,2020-12-24,0.5118237693940804,0.5127955780159016,0.5131195245209216,0.5102040677622192,0.0380020369304344,0.0025915102536823165,0.0016197016318613144,0.0016197016318612034,0.002267563748662327,-0.055333658061373595,14.472771644592283
2261,2020-12-28,0.5118237693940804,0.5108519607722593,0.5121477158991005,0.5072886110035169,0.07420626134703096,0.0,-0.0019436172436423371,-0.000971808621821113,-0.002915456758702306,0.036204224416596556,14.417917251586914
2262,2020-12-29,0.5102040677622192,0.5124716315108815,0.5127955780159016,0.5098801212571992,0.0510029668334588,-0.0016197016318612034,0.0016196707386222364,0.0006478621168011234,0.0025915102536823165,-0.023203294513572156,14.463629722595217
2263,2020-12-30,0.5131195245209216,0.517654652018246,0.5183025450282862,0.5131195245209216,0.062170659345525396,0.002915456758702417,0.005183020507364522,0.005506967012384623,0.003239403263722407,0.011167692512066597,14.609911918640137
2264,2020-12-31,0.5186264915333062,0.5228376725256106,0.5231616190306307,0.5183025450282862,0.05614843023513262,0.005506967012384623,0.005183020507364633,0.004859074002344532,0.005183020507364633,-0.006022229110392775,14.756193161010742
2265,2021-01-04,0.5286685860430154,0.5218658947970286,0.5293164790530555,0.5186264915333062,0.20228490457423726,0.010042094509709165,-0.000971777728582035,0.006154860022424713,0.00032394650501998967,0.14613647433910465,14.728766441345217
2266,2021-01-05,0.5218658947970286,0.524781351555731,0.5264010222943531,0.5202461622719283,0.08153921091086215,-0.006802691245986758,0.002915456758702417,-0.002915456758702306,0.0016196707386221254,-0.1207456936633751,14.811049461364746
2267,2021-01-06,0.5244574050507109,0.5225137260205905,0.5264010222943531,0.5218658947970286,0.09526635079484568,0.0025915102536823165,-0.002267625535140483,0.0,0.0016197325251002814,0.013727139883983525,14.747050285339355
2268,2021-01-07,0.5221898413020487,0.5221898413020487,0.5231616190306307,0.5205701087769484,0.13605809679847672,-0.0022675637486622158,-0.00032388471854183365,-0.003239403263722407,-0.0012957860200801807,0.040791746003631044,14.737909317016602
2269,2021-01-08,0.5221898413020487,0.5228376725256106,0.5238095120406708,0.5199222157669083,0.11597219147146083,0.0,0.0006478312235619343,0.0006478930100400904,-0.0006478930100400904,-0.020085905327015888,14.756193161010742
2270,2021-01-11,0.5208940552819684,0.5189504380383263,0.5208940552819684,0.5166828433964249,0.11214630474250542,-0.0012957860200802918,-0.003887234487284341,-0.002915456758702417,-0.00323937237048344,-0.0038258867289554105,14.646482467651367
2271,2021-01-12,0.5205701087769484,0.5270489153043932,0.5273728618094133,0.5186264915333062,0.19226852056856927,-0.00032394650501998967,0.008098477266066939,0.006478806527444925,0.0019436481368813041,0.08012221582606385,14.875048637390137
2272,2021-01-13,0.5312600962966977,0.5289925325480355,0.5312600962966977,0.5270489153043932,0.12437674356817074,0.010689987519749256,0.001943617243642226,0.003887234487284341,0.00842242377108704,-0.06789177700039853,14.929903984069824
2273,2021-01-14,0.5289925325480355,0.5348234460654402,0.5354713390754803,0.5276968083144333,0.07903290085462517,-0.0022675637486622158,0.005830913517404723,0.004211242778782598,0.0006478930100400904,-0.04534384271354558,15.094470977783203
2274,2021-01-15,0.5367670633090823,0.5364431168040623,0.5377389028241425,0.53385160655038,0.2082451401496701,0.007774530761046838,0.0016196707386221254,0.0022675637486622158,0.006154798235946668,0.12921223929504494,15.140183448791504
2275,2021-01-19,0.5387106805527245,0.5351473925704602,0.5393585735627646,0.5344994995604201,0.18105654696010273,0.001943617243642226,-0.0012957242336021357,0.0016196707386221254,0.0006478930100400904,-0.027188593189567373,15.10361385345459
2276,2021-01-20,0.532879828821798,0.5325558823167779,0.5341755530554,0.5302883185681156,0.06817517601735819,-0.005830851730926567,-0.0025915102536823165,-0.005183020507364633,-0.004211180992304442,-0.11288137094274454,15.030472755432127
2277,2021-01-21,0.5344994995604201,0.5335276600453599,0.5344994995604201,0.5319079893067378,0.07060178010007528,0.0016196707386221254,0.000971777728582035,0.0003239465050201007,0.0016196707386221254,0.002426604082717096,15.057899475097656
2278,2021-01-22,0.5276968083144333,0.5251052362742729,0.5293164790530555,0.5234855655356507,0.11204888633042553,-0.006802691245986758,-0.00842242377108704,-0.005183020507364633,-0.00842242377108704,0.04144710623035025,14.820192337036133
2279,2021-01-25,0.5231616190306307,0.5289925325480355,0.5296404255580756,0.5225137260205905,0.07549041314262941,-0.004535189283802588,0.0038872962737626082,0.0003239465050201007,-0.0009718395150601911,-0.03655847318779612,14.929903984069824
2280,2021-01-26,0.5312600962966977,0.5341755530554,0.5348234460654402,0.5306122032866576,0.1119957490147456,0.008098477266066939,0.005183020507364522,0.005183020507364633,0.00809847726606705,0.036505335872116185,15.07618522644043
2281,2021-01-27,0.5351473925704602,0.5322319358117579,0.5361191702990422,0.5296404255580756,0.07123942788823451,0.003887296273762497,-0.001943617243642115,0.0012957242336020247,-0.000971777728582035,-0.04075632112651109,15.021329879760742
2282,2021-01-28,0.5332037135403399,0.5280206930329753,0.5344994995604201,0.5276968083144333,0.06401275295576318,-0.001943679030120271,-0.004211242778782598,-0.0016196707386221254,-0.001943617243642226,-0.007226674932471325,14.902475357055664
2283,2021-01-29,0.5296404255580756,0.5309361497916776,0.5322319358117579,0.5267249687993731,0.0756675375282292,-0.0035632879822643515,0.002915456758702306,-0.0022675637486622158,-0.0009718395150601911,0.01165478457246602,14.984759330749512
2284,2021-02-01,0.5332037135403399,0.532879828821798,0.5332037135403399,0.5283446395379953,0.09548775627684541,0.0035632879822643515,0.0019436790301203821,0.000971777728582035,0.0016196707386221254,0.01982021874861621,15.039616584777832
2285,2021-02-02,0.5302883185681156,0.53385160655038,0.53385160655038,0.5293164790530555,0.11451091529026258,-0.002915394972224261,0.000971777728582035,0.0006478930100400904,0.0009718395150601911,0.019023159013417168,15.067042350769045
2286,2021-02-03,0.5322319358117579,0.5344994995604201,0.5348234460654402,0.5306122032866576,0.09154673869725015,0.001943617243642226,0.0006478930100400904,0.0009718395150601911,0.0012957242336021357,-0.022964176593012434,15.0853271484375
2287,2021-02-04,0.5344994995604201,0.5364431168040623,0.5364431168040623,0.5315840428017178,0.0899260505690121,0.0022675637486622158,0.001943617243642226,0.0016196707386221254,0.0009718395150601911,-0.0016206881282380542,15.140183448791504
2288,2021-02-05,0.5380628493291626,0.5400064665728048,0.5409783060878649,0.5367670633090823,0.05673294070761192,0.0035633497687425075,0.0035633497687425075,0.004535189283802588,0.005183020507364522,-0.03319310986140017,15.240752220153809
2289,2021-02-08,0.5419500838164469,0.542597976826487,0.5438937628465673,0.5406543595828449,0.09225523623964929,0.003887234487284341,0.0025915102536822054,0.002915456758702417,0.0038872962737626082,0.03552229553203737,15.313894271850586
2290,2021-02-09,0.5432458698365272,0.542597976826487,0.5455134335851894,0.5396825200677847,0.24723021742018333,0.0012957860200802918,0.0,0.0016196707386221254,-0.0009718395150601911,0.15497498118053404,15.313894271850586
2291,2021-02-10,0.5409783060878649,0.5383867958341826,0.5409783060878649,0.5364431168040623,0.14138954080503033,-0.002267563748662327,-0.004211180992304442,-0.004535127497324543,-0.003239403263722407,-0.105840676615153,15.195039749145508
2292,2021-02-11,0.5387106805527245,0.5396825200677847,0.5413021908064068,0.5377389028241425,0.09111278395253067,-0.002267625535140372,0.0012957242336021357,0.00032388471854194467,0.0012957860200801807,-0.05027675685249966,15.231609344482422
2293,2021-02-12,0.5400064665728048,0.5406543595828449,0.5438937628465673,0.5396825200677847,0.06430500819200283,0.0012957860200802918,0.0009718395150601911,0.0025915720401604725,0.001943617243642226,-0.02680777576052784,15.259037971496582
2294,2021-02-16,0.5461613265952295,0.5494006680724738,0.5506964540925541,0.5451894870801693,0.1985121551609618,0.006154860022424713,0.008746308489628873,0.006802691245986758,0.005506967012384623,0.13420714696895897,15.505888938903809
2295,2021-02-17,0.5494006680724738,0.5471331043238116,0.5500485610825139,0.5442176475651092,0.14743833857326308,0.003239341477244251,-0.0022675637486622158,-0.0006478930100402014,-0.0009718395150601911,-0.05107381658769872,15.441889762878418
2296,2021-02-18,0.5494006680724738,0.549076783353932,0.5500485610825139,0.5468091578187915,0.08218571491830137,0.0,0.0019436790301203821,0.0,0.0025915102536823165,-0.0652526236549617,15.496745109558104
2297,2021-02-19,0.5519922401126343,0.5523161248311762,0.5545837503663166,0.5510204005975741,0.12569632024088917,0.0025915720401604725,0.003239341477244251,0.004535189283802699,0.004211242778782598,0.0435106053225878,15.58817195892334
2298,2021-02-22,0.5539358573562765,0.5600907173787012,0.5613864416123033,0.5536119108512564,0.22212283576141345,0.001943617243642226,0.007774592547524994,0.006802691245986758,0.0025915102536823165,0.09642651552052428,15.807595252990724
2299,2021-02-23,0.5617103881173233,0.5626822276323835,0.5639779518659856,0.5591188778636411,0.19368551565336758,0.007774530761046838,0.0025915102536823165,0.0025915102536823165,0.005506967012384734,-0.028437320108045866,15.880738258361816
2300,2021-02-24,0.5655976226046078,0.5704567583934305,0.5704567583934305,0.5652737378860658,0.1945799938006465,0.003887234487284452,0.007774530761046949,0.006478806527444814,0.006154860022424713,0.0008944781472789154,16.10015869140625
2301,2021-02-25,0.5694849188783703,0.5685130793633101,0.5701328118884104,0.5649497913810458,0.19634238143736438,0.003887296273762497,-0.0019436790301203821,-0.0003239465050201007,-0.00032394650501998967,0.001762387636717877,16.045303344726562
2302,2021-02-26,0.5630061123509255,0.5604146020972431,0.5655976226046078,0.5591188778636411,0.1607580923703671,-0.006478806527444814,-0.008098477266066939,-0.004535189283802588,-0.005830913517404723,-0.03558428906699729,15.816736221313477
2303,2021-03-01,0.5652737378860658,0.5568513141149788,0.5652737378860658,0.5565273676099588,0.12969933135544437,0.002267625535140372,-0.0035632879822643515,-0.00032388471854194467,-0.0025915102536823165,-0.03105876101492272,15.716168403625488
2304,2021-03-02,0.5552315815898785,0.5594428243686611,0.5607385486022632,0.5542598038612965,0.18571491830137715,-0.010042156296187321,0.0025915102536823165,-0.004535189283802588,-0.002267563748662327,0.05601558694593278,15.78930950164795
2305,2021-03-03,0.5555555280948986,0.5562034211049387,0.5584709848536009,0.5555555280948986,0.11368728689722357,0.0003239465050201007,-0.003239403263722407,-0.002267563748662327,0.0012957242336021357,-0.07202763140415358,15.697883605957031
2306,2021-03-04,0.5555555280948986,0.5545837503663166,0.5597667708736812,0.5532879643462364,0.126670504361688,0.0,-0.0016196707386221254,0.0012957860200802918,-0.0022675637486622158,0.01298321746446443,15.65217113494873
2307,2021-03-05,0.5555555280948986,0.5571752606199989,0.5574991453385407,0.5536119108512564,0.10840012398706991,0.0,0.0025915102536823165,-0.002267625535140483,0.00032394650501998967,-0.01827038037461809,15.725314140319824
2308,2021-03-08,0.5568513141149788,0.5562034211049387,0.5581470383485809,0.5536119108512564,0.12090510561041491,0.0012957860200801807,-0.0009718395150601911,0.0006478930100402014,0.0,0.012504981623344999,15.697883605957031
2309,2021-03-09,0.5562034211049387,0.558794931358621,0.5594428243686611,0.5549076350848585,0.07180622592215383,-0.0006478930100400904,0.0025915102536823165,0.0012957860200801807,0.0012957242336021357,-0.049098879688261085,15.771024703979492
2310,2021-03-10,0.5578230918435608,0.5568513141149788,0.5578230918435608,0.5536119108512564,0.14284196076694858,0.0016196707386221254,-0.001943617243642226,-0.0016197325251002814,-0.0012957242336021357,0.07103573484479475,15.716168403625488
2311,2021-03-11,0.5600907173787012,0.5607385486022632,0.5613864416123033,0.5584709848536009,0.10770048266395076,0.002267625535140372,0.003887234487284452,0.0035633497687425075,0.004859074002344532,-0.03514147810299782,15.82588005065918
2312,2021-03-12,0.558794931358621,0.5604146020972431,0.5607385486022632,0.5571752606199989,0.047194792543063364,-0.0012957860200801807,-0.0003239465050201007,-0.0006478930100400904,-0.0012957242336020247,-0.06050569012088739,15.816736221313477
2313,2021-03-15,0.558794931358621,0.5594428243686611,0.5600907173787012,0.5571752606199989,0.0634990922375238,0.0,-0.000971777728582035,-0.0006478312235620454,0.0,0.016304299694460435,15.78930950164795
2314,2021-03-16,0.5607385486022632,0.5623582811273635,0.5630061123509255,0.5600907173787012,0.06161271753088606,0.001943617243642226,0.002915456758702417,0.002915394972224261,0.002915456758702306,-0.0018863747066377376,15.871594429016112
2315,2021-03-17,0.5604146020972431,0.5607385486022632,0.5607385486022632,0.5584709848536009,0.05963778063144844,-0.0003239465050201007,-0.0016197325251002814,-0.0022675637486622158,-0.0016197325251002814,-0.001974936899437625,15.82588005065918
2316,2021-03-18,0.5597667708736812,0.5487528368489119,0.5597667708736812,0.5484288903438918,0.14127440995439047,-0.0006478312235619343,-0.011985711753351391,-0.000971777728582035,-0.010042094509709165,0.08163662932294204,15.487603187561035
2317,2021-03-19,0.5487528368489119,0.5481049438388718,0.5510204005975741,0.5468091578187915,0.096665633441084,-0.011013934024769356,-0.0006478930100400904,-0.00874637027610714,-0.0016197325251002814,-0.04460877651330647,15.469318389892578
2318,2021-03-22,0.5481049438388718,0.5484288903438918,0.5487528368489119,0.5442176475651092,0.12644024266040826,-0.0006478930100400904,0.00032394650501998967,-0.0022675637486622158,-0.0025915102536823165,0.02977460921932426,15.478460311889648
2319,2021-03-23,0.5442176475651092,0.5471331043238116,0.5497246145774939,0.5438937628465673,0.10737280255059116,-0.0038872962737626082,-0.0012957860200801807,0.000971777728582035,-0.00032388471854183365,-0.019067440109817105,15.441889762878418
2320,2021-03-24,0.5464852731002496,0.5461613265952295,0.5477809973338517,0.5455134335851894,0.059735199043528316,0.002267625535140483,-0.000971777728582035,-0.001943617243642226,0.0016196707386221254,-0.047637603507062844,15.414463996887209
2321,2021-03-25,0.5451894870801693,0.5445415940701293,0.5458373800902095,0.5429219233315071,0.10351149094451578,-0.0012957860200802918,-0.0016197325251002814,-0.001943617243642115,-0.0025915102536823165,0.04377629190098747,15.368748664855955
2322,2021-03-26,0.5461613265952295,0.5481049438388718,0.5487528368489119,0.5461613265952295,0.058238497985210115,0.0009718395150601911,0.0035633497687425075,0.002915456758702306,0.003239403263722407,-0.04527299295930567,15.469318389892578
2323,2021-03-29,0.5464852731002496,0.5451894870801693,0.5464852731002496,0.5438937628465673,0.05322587787273613,0.0003239465050201007,-0.002915456758702417,-0.0022675637486622158,-0.0022675637486622158,-0.005012620112473984,15.387033462524414
2324,2021-03-30,0.5432458698365272,0.5383867958341826,0.5432458698365272,0.5367670633090823,0.10467165567019439,-0.003239403263722407,-0.006802691245986758,-0.003239403263722407,-0.007126699537485015,0.05144577779745826,15.195039749145508
2325,2021-03-31,0.5367670633090823,0.5487528368489119,0.5519922401126343,0.5367670633090823,0.2046672275605544,-0.006478806527444925,0.010366041014729266,0.00874637027610703,0.0,0.09999557189036,15.487603187561035
2326,2021-04-01,0.5519922401126343,0.5477809973338517,0.5539358573562765,0.5461613265952295,0.15379710401629546,0.015225176803551954,-0.0009718395150601911,0.001943617243642226,0.00939426328614723,-0.05087012354425893,15.460174560546877
2327,2021-04-05,0.5497246145774939,0.5481049438388718,0.5526400713361962,0.5477809973338517,0.06643050081920028,-0.002267625535140372,0.0003239465050201007,-0.0012957860200802918,0.0016196707386221254,-0.08736660319709517,15.469318389892578
2328,2021-04-06,0.550372507587534,0.5519922401126343,0.5536119108512564,0.5494006680724738,0.033981313377319224,0.0006478930100400904,0.003887296273762497,0.0009718395150601911,0.0016196707386221254,-0.03244918744188106,15.57903003692627
2329,2021-04-07,0.5532879643462364,0.5549076350848585,0.5558794745999186,0.5523161248311762,0.05051587477305938,0.002915456758702417,0.002915394972224261,0.0022675637486622158,0.002915456758702417,0.01653456139574016,15.6613130569458
2330,2021-04-08,0.5568513141149788,0.5600907173787012,0.5604146020972431,0.5565273676099588,0.11349245007306381,0.0035633497687423965,0.005183082293842678,0.004535127497324543,0.004211242778782598,0.06297657530000443,15.807595252990724
2331,2021-04-09,0.5617103881173233,0.5594428243686611,0.5626822276323835,0.558794931358621,0.06439357038480273,0.004859074002344532,-0.0006478930100400904,0.002267625535140372,0.0022675637486622158,-0.049098879688261085,15.78930950164795
2332,2021-04-12,0.558794931358621,0.5555555280948986,0.558794931358621,0.5552315815898785,0.0597529114820883,-0.002915456758702306,-0.003887296273762497,-0.003887296273762497,-0.0035633497687425075,-0.00464065890271443,15.679597854614258
2333,2021-04-13,0.558794931358621,0.5600907173787012,0.5617103881173233,0.5584709848536009,0.0700881193818359,0.0,0.004535189283802588,0.002915456758702306,0.003239403263722407,0.010335207899747602,15.807595252990724
2334,2021-04-14,0.5633300588559456,0.566569462119668,0.5685130793633101,0.5633300588559456,0.07795244210246646,0.004535127497324543,0.006478744740966769,0.006802691245986758,0.004859074002344643,0.007864322720630562,15.990447998046877
2335,2021-04-15,0.5694849188783703,0.5678652481397481,0.5694849188783703,0.5662455156146479,0.07373688172519152,0.006154860022424713,0.0012957860200801807,0.0009718395150601911,0.002915456758702306,-0.004215560377274941,16.02701759338379
2336,2021-04-16,0.5694849188783703,0.566569462119668,0.5711045896169924,0.5652737378860658,0.0537483948102555,0.0,-0.0012957860200801807,0.0016196707386221254,-0.000971777728582035,-0.019988486914936023,15.990447998046877
2337,2021-04-19,0.5685130793633101,0.5685130793633101,0.5704567583934305,0.566893408624688,0.038453704113713856,-0.0009718395150601911,0.001943617243642115,-0.0006478312235619343,0.0016196707386221254,-0.015294690696541643,16.045303344726562
2338,2021-04-20,0.5733722151521329,0.575315832395775,0.5772594496394172,0.5733722151521329,0.1277598193331267,0.004859135788822799,0.006802753032464914,0.006802691245986758,0.006478806527444925,0.08930611521941284,16.23729705810547
2339,2021-04-21,0.575315832395775,0.5779073426494573,0.5788791821645175,0.5733722151521329,0.06701501129167958,0.001943617243642115,0.0025915102536823165,0.0016197325251002814,0.0,-0.06074480804144711,16.31043815612793
2340,2021-04-22,0.5798509598930995,0.5850339804004641,0.5873015441491264,0.5772594496394172,0.13754594163751493,0.004535127497324543,0.007126637751006748,0.008422361984608884,0.003887234487284341,0.07053093034583535,16.511577606201172
2341,2021-04-23,0.5863297664205444,0.5898930544028087,0.5898930544028087,0.5847100338954441,0.07394057476863126,0.006478806527444814,0.004859074002344643,0.0025915102536823165,0.007450584256026849,-0.06360536686888367,16.64871597290039
2342,2021-04-26,0.5947521901916313,0.601878827942638,0.601878827942638,0.5915127869279091,0.2270026125846876,0.008422423771086929,0.011985773539829325,0.011985773539829325,0.006802753032465025,0.15306203781605632,16.98699378967285
2343,2021-04-27,0.601878827942638,0.601878827942638,0.6070618484500028,0.5957239679202135,0.18161448877474207,0.007126637751006748,0.0,0.005183020507364744,0.004211180992304442,-0.04538812380994553,16.98699378967285
2344,2021-04-28,0.5944282436866113,0.5950761366966515,0.601878827942638,0.5931324576665311,0.13914891732719303,-0.007450584256026738,-0.006802691245986536,-0.005183020507364744,-0.0025915102536824275,-0.04246557144754903,16.794998168945312
2345,2021-04-29,0.5970197539402936,0.5924846264429692,0.5970197539402936,0.5892452231792467,0.10718682194571137,0.0025915102536823165,-0.0025915102536823165,-0.004859074002344421,-0.003887234487284452,-0.03196209538148166,16.721858978271484
2346,2021-04-30,0.5892452231792467,0.5960479144252335,0.5966958074352736,0.5885973301692066,0.06305628127352433,-0.007774530761046949,0.0035632879822643515,-0.00032394650501998967,-0.0006478930100400904,-0.04413054067218704,16.822425842285156
2347,2021-05-03,0.6015548814376181,0.5941042971815913,0.601878827942638,0.591836733432929,0.19810476907408228,0.012309658258371492,-0.001943617243642226,0.005183020507364411,0.003239403263722407,0.13504848780055795,16.76757049560547
2348,2021-05-04,0.5970197539402936,0.5989633711839358,0.601230934932598,0.5954000214151933,0.16904751361643713,-0.004535127497324543,0.004859074002344532,-0.0006478930100399793,0.0035632879822643515,-0.029057255457645148,16.904708862304688
2349,2021-05-05,0.6038224451862805,0.6128927619674075,0.6135406549774476,0.600906988427578,0.18203958730018155,0.006802691245986869,0.013929390783471662,0.012309720044849537,0.005506967012384623,0.012992073683744415,17.29784393310547
2350,2021-05-06,0.6154842722210898,0.6222869634670766,0.6229348564771167,0.6128927619674075,0.21504671655670193,0.011661827034809336,0.009394201499669075,0.009394201499669075,0.011985773539829547,0.033007129256520384,17.562978744506836
2351,2021-05-07,0.6235827494871568,0.626174259740839,0.6271460992558991,0.617751835969752,0.31803569056369835,0.008098477266066939,0.003887296273762386,0.004211242778782487,0.004859074002344532,0.10298897400699641,17.67268943786621
2352,2021-05-10,0.6235827494871568,0.6148363792110497,0.6235827494871568,0.6148363792110497,0.29397334277996723,0.0,-0.011337880529789235,-0.0035633497687423965,-0.002915456758702306,-0.02406234778373112,17.352699279785156
2353,2021-05-11,0.6187236754848122,0.6232588029821368,0.6235827494871568,0.6187236754848122,0.20344506929991588,-0.004859074002344532,0.00842242377108704,0.0,0.003887296273762497,-0.09052827348005135,17.59040641784668
2354,2021-05-12,0.6219630787485346,0.617427889464732,0.624230642497197,0.61678005824117,0.2187486162157375,0.003239403263722407,-0.005830913517404723,0.0006478930100402014,-0.001943617243642226,0.015303546915821614,17.425838470458984
2355,2021-05-13,0.6119209224523474,0.600259157204016,0.6122448689573675,0.5950761366966515,0.25245538679537705,-0.01004215629618721,-0.017168732260716024,-0.011985773539829436,-0.0217039215445185,0.033706770579639556,16.941282272338867
2356,2021-05-14,0.6057661242164007,0.5947521901916313,0.6057661242164007,0.5937803506765711,0.16932205641411682,-0.006154798235946668,-0.005506967012384734,-0.006478744740966769,-0.0012957860200804028,-0.08313333038126022,16.785856246948242
2357,2021-05-17,0.5960479144252335,0.5957239679202135,0.5983154781738956,0.592808511161511,0.12085196829473498,-0.00971820979116722,0.0009717777285822571,-0.007450646042505116,-0.00097183951506008,-0.048470088119381846,16.81328582763672
2358,2021-05-18,0.6022027744476582,0.6022027744476582,0.6051182312063605,0.600259157204016,0.15616171456405262,0.006154860022424713,0.006478806527444703,0.006802753032464914,0.007450646042505005,0.03530974626931764,16.996135711669922
2359,2021-05-19,0.5941042971815913,0.5963718609302535,0.5963718609302535,0.5895691696842668,0.14493202851702608,-0.008098477266066939,-0.005830913517404723,-0.00874637027610703,-0.010689987519749256,-0.011229686047026538,16.83156967163086
2360,2021-05-20,0.5963718609302535,0.5954000214151933,0.5989633711839358,0.5937803506765711,0.08510826728069787,0.0022675637486622158,-0.0009718395150601911,0.0025915102536823165,0.004211180992304331,-0.05982376123632821,16.804141998291016
2361,2021-05-21,0.5924846264429692,0.5957239679202135,0.5966958074352736,0.5915127869279091,0.11685781339945978,-0.003887234487284341,0.0003239465050202117,-0.0022675637486622158,-0.0022675637486619937,0.03174954611876191,16.81328582763672
2362,2021-05-24,0.5889212766742267,0.5921606799379491,0.592808511161511,0.5876254906541465,0.1282646238320861,-0.0035633497687425075,-0.0035632879822644625,-0.0038872962737626082,-0.0038872962737626082,0.011406810432626313,16.712717056274414
2363,2021-05-25,0.5944282436866113,0.5892452231792467,0.5966958074352736,0.5856818734105042,0.10577868308019306,0.005506967012384623,-0.002915456758702417,0.0038872962737626082,-0.0019436172436423371,-0.02248594075189303,16.63043212890625
2364,2021-05-26,0.5879494371591666,0.5902170009078286,0.591836733432929,0.583738256166862,0.09589514236372493,-0.006478806527444703,0.000971777728581924,-0.004859074002344643,-0.001943617243642115,-0.009883540716468131,16.657859802246094
2365,2021-05-27,0.592808511161511,0.601878827942638,0.6031746139627184,0.592808511161511,0.09885311960324138,0.004859074002344421,0.011661827034809447,0.011337880529789457,0.009070254994648974,0.002957977239516449,16.98699378967285
2366,2021-05-28,0.6038224451862805,0.6022027744476582,0.6073857949550229,0.601878827942638,0.06997298853119603,0.011013934024769467,0.0003239465050202117,0.004211180992304442,0.009070316781127019,-0.028880131072045345,16.996135711669922
2367,2021-06-01,0.6122448689573675,0.6119209224523474,0.6183997289797922,0.6096533587036851,0.11907186821945712,0.00842242377108704,0.009718148004689176,0.011013934024769356,0.00777453076104706,0.049098879688261085,17.270414352416992
2368,2021-06-02,0.6145124327060295,0.6128927619674075,0.61645611173615,0.6067379019449827,0.08302705574990037,0.0022675637486619937,0.00097183951506008,-0.001943617243642226,-0.002915456758702417,-0.03604481246955675,17.29784393310547
2369,2021-06-03,0.6141884862010096,0.6047942847013406,0.6141884862010096,0.6028506674576982,0.06595226497808086,-0.00032394650501987865,-0.008098477266066939,-0.002267625535140372,-0.003887234487284452,-0.017074790771819504,17.069276809692383
2370,2021-06-04,0.608033687965063,0.61580821872611,0.61678005824117,0.608033687965063,0.056166142673692604,-0.006154798235946668,0.011013934024769467,0.0025915720401603615,0.005183020507364744,-0.009786122304388259,17.380126953125
2371,2021-06-07,0.6196954532133943,0.6154842722210898,0.6200193997184145,0.6135406549774476,0.11088872160474693,0.01166176524833129,-0.0003239465050202117,0.003239341477244473,0.005506967012384623,0.054722578931054325,17.37098503112793
2372,2021-06-08,0.618075782474772,0.618075782474772,0.6216391322435146,0.61645611173615,0.04868263738210158,-0.0016196707386222364,0.0025915102536822054,0.0016197325251001704,0.002915456758702417,-0.06220608422264535,17.444124221801758
2373,2021-06-09,0.61580821872611,0.61645611173615,0.617751835969752,0.6115969759473273,0.06036399061240756,-0.0022675637486619937,-0.0016196707386220144,-0.0038872962737626082,-0.004859135788822688,0.011681353230305981,17.398412704467773
2374,2021-06-10,0.6183997289797922,0.6200193997184145,0.6222869634670766,0.61678005824117,0.054802284904574235,0.0025915102536822054,0.0035632879822644625,0.004535127497324543,0.005183082293842678,-0.005561705707833327,17.498979568481445
2375,2021-06-11,0.61580821872611,0.61678005824117,0.6171039429597119,0.6109491447237652,0.0557499003675331,-0.0025915102536822054,-0.003239341477244473,-0.005183020507364633,-0.005830913517404834,0.0009476154629588646,17.407554626464844
2376,2021-06-14,0.600259157204016,0.6051182312063605,0.6083576344700831,0.5992873176889558,0.148350529159102,-0.01554906152209401,-0.011661827034809447,-0.008746308489628873,-0.011661827034809336,0.09260062879156888,17.078420639038086
2377,2021-06-15,0.5986394246789157,0.599935210698996,0.600906988427578,0.5963718609302535,0.11763716069609884,-0.0016197325251002814,-0.005183020507364522,-0.007450646042505116,-0.002915456758702306,-0.030713368463003154,16.932138442993164
2378,2021-06-16,0.600259157204016,0.5957239679202135,0.6028506674576982,0.5957239679202135,0.16453969800292256,0.0016197325251002814,-0.004211242778782487,0.001943679030120271,-0.0006478930100399793,0.04690253730682373,16.81328582763672
2379,2021-06-17,0.5869776594305844,0.5727243221420927,0.5898930544028087,0.5724003756370727,0.25267679227737677,-0.013281497773431572,-0.02299964577812086,-0.012957613054889516,-0.023323592283140848,0.08813709427445421,16.16415786743164
2380,2021-06-18,0.5824424701467819,0.583738256166862,0.5885973301692066,0.5782312891544774,0.17677899304786787,-0.004535189283802588,0.011013934024769356,-0.0012957242336021357,0.005830913517404723,-0.0758977992295089,16.475006103515625
2381,2021-06-21,0.5779073426494573,0.5853579269054842,0.5866537129255643,0.5766115566293771,0.19787450737280254,-0.004535127497324543,0.0016196707386221254,-0.001943617243642226,-0.0016197325251002814,0.021095514324934672,16.520721435546875
2382,2021-06-22,0.5840622026718821,0.5795270133880794,0.5850339804004641,0.5795270133880794,0.08052960191294337,0.006154860022424824,-0.005830913517404723,-0.0016197325251002814,0.002915456758702306,-0.11734490545985918,16.356151580810547
2383,2021-06-23,0.5814706924181998,0.5798509598930995,0.583738256166862,0.5772594496394172,0.0461674711065846,-0.0025915102536823165,0.0003239465050201007,-0.0012957242336020247,-0.0022675637486622158,-0.03436213080635877,16.36529541015625
2384,2021-06-24,0.5724003756370727,0.5779073426494573,0.5795270133880794,0.5681891946447682,0.11927556126289687,-0.00907031678112713,-0.001943617243642226,-0.004211242778782598,-0.009070254994648974,0.07310809015631228,16.31043815612793
2385,2021-06-25,0.5795270133880794,0.5775833961444372,0.5801749063981195,0.5743439928807148,0.04782358411194261,0.007126637751006748,-0.0003239465050201007,0.0006478930100400904,0.006154798235946557,-0.07145197715095426,16.301298141479492
2386,2021-06-28,0.5795270133880794,0.5898930544028087,0.5902170009078286,0.5795270133880794,0.09717929415932339,0.0,0.012309658258371492,0.010042094509709054,0.005183020507364633,0.04935571004738078,16.64871597290039
2387,2021-06-29,0.5892452231792467,0.5876254906541465,0.5924846264429692,0.5866537129255643,0.042846388876588586,0.00971820979116722,-0.0022675637486622158,0.002267625535140594,0.007126699537484904,-0.0543329052827348,16.584718704223633
2388,2021-06-30,0.5843861491769021,0.6034984986812603,0.6047942847013406,0.5811467459131797,0.1414958154363902,-0.004859074002344532,0.015873008027113777,0.012309658258371381,-0.005506967012384623,0.0986494265598016,17.03270721435547
2389,2021-07-01,0.6106251982187453,0.5983154781738956,0.6125688154623875,0.5976676469503337,0.1379976088207944,0.026239049041843154,-0.005183020507364633,0.007774530761046949,0.01652090103715398,-0.0034982066155958003,16.886425018310547
2390,2021-07-02,0.601230934932598,0.5944282436866113,0.6015548814376181,0.592808511161511,0.07179736970287384,-0.00939426328614723,-0.003887234487284341,-0.011013934024769356,-0.004859135788822688,-0.06620023911792056,16.77671241760254
2391,2021-07-06,0.5937803506765711,0.5775833961444372,0.5937803506765711,0.5743439928807148,0.16098835407164683,-0.00745058425602696,-0.01684484754217408,-0.00777453076104706,-0.018464518280796205,0.08919098436877299,16.301298141479492
2392,2021-07-07,0.5769355031343971,0.5766115566293771,0.5785552356594974,0.5724003756370727,0.09625824735420449,-0.01684484754217397,-0.00097183951506008,-0.015225115017073687,-0.001943617243642115,-0.06473010671744234,16.273868560791016
2393,2021-07-08,0.5730482686471128,0.5724003756370727,0.5772594496394172,0.5724003756370727,0.0751627330292698,-0.003887234487284341,-0.004211180992304442,-0.0012957860200801807,0.0,-0.021095514324934686,16.15501594543457
2394,2021-07-09,0.5724003756370727,0.5736960998706747,0.5746679393857349,0.5701328118884104,0.05110924146481867,-0.0006478930100400904,0.0012957242336020247,-0.0025915102536823165,-0.002267563748662327,-0.024053491564451135,16.191585540771484
2395,2021-07-12,0.5762876719108352,0.5834143096618419,0.583738256166862,0.5756397789007951,0.11155293805074613,0.003887296273762497,0.00971820979116722,0.00907031678112713,0.005506967012384734,0.060443696585927464,16.465862274169922
2396,2021-07-13,0.583090363156822,0.5850339804004641,0.5866537129255643,0.5808227994081597,0.04160651817739007,0.006802691245986758,0.0016196707386221254,0.002915456758702306,0.005183020507364633,-0.06994641987335606,16.511577606201172
2397,2021-07-14,0.5882733836641866,0.5915127869279091,0.5934564041715511,0.5879494371591666,0.05453659832617456,0.005183020507364633,0.006478806527445036,0.006802691245986758,0.007126637751006859,0.012930080148784488,16.694429397583008
2398,2021-07-15,0.5905409474128488,0.5934564041715511,0.5944282436866113,0.5905409474128488,0.051879732542177745,0.0022675637486622158,0.001943617243642004,0.0009718395150601911,0.0025915102536822054,-0.0026568657839968132,16.749284744262695
2399,2021-07-16,0.5979915316688756,0.5950761366966515,0.600259157204016,0.5947521901916313,0.11489173271930213,0.007450584256026849,0.0016197325251003925,0.005830913517404723,0.004211242778782487,0.06301200017712438,16.794998168945312
2400,2021-07-19,0.5950761366966515,0.5879494371591666,0.5954000214151933,0.5853579269054842,0.12761811982464685,-0.00291539497222415,-0.007126699537484904,-0.004859135788822688,-0.00939426328614712,0.012726387105344725,16.593862533569336
2401,2021-07-20,0.5954000214151933,0.5979915316688756,0.6005831037090361,0.5941042971815913,0.09072311030421114,0.00032388471854183365,0.010042094509709054,0.005183082293842789,0.00874637027610714,-0.036895009520435715,16.877281188964844
2402,2021-07-21,0.6022027744476582,0.6070618484500028,0.6073857949550229,0.599611264193976,0.0661648142408006,0.006802753032464914,0.00907031678112713,0.006802691245986758,0.005506967012384734,-0.024558296063410534,17.133275985717773
2403,2021-07-22,0.609005465693645,0.6128927619674075,0.6138646014824677,0.6073857949550229,0.06318026834344419,0.006802691245986758,0.005830913517404723,0.006478806527444814,0.007774530761046838,-0.0029845458973564165,17.29784393310547
2404,2021-07-23,0.6154842722210898,0.6099773052087051,0.6161321652311299,0.609005465693645,0.06462383208608245,0.006478806527444814,-0.002915456758702417,0.0022675637486622158,0.0016196707386221254,0.0014435637426382653,17.215559005737305
2405,2021-07-26,0.61645611173615,0.624230642497197,0.624230642497197,0.6138646014824677,0.09897710667316123,0.0009718395150601911,0.014253337288491874,0.00809847726606705,0.004859135788822688,0.03435327458707878,17.617835998535156
2406,2021-07-27,0.6252024202257789,0.6206672927284544,0.6281178769844814,0.617751835969752,0.06506664305008192,0.008746308489628873,-0.0035633497687425075,0.003887234487284452,0.003887234487284341,-0.03391046362307931,17.51726531982422
2407,2021-07-28,0.6229348564771167,0.6216391322435146,0.624230642497197,0.6187236754848122,0.07139883983527433,-0.0022675637486622158,0.0009718395150601911,-0.003887234487284452,0.0009718395150601911,0.006332196785192409,17.544694900512695
2408,2021-07-29,0.6209912392334744,0.6193715684948523,0.6213151857384945,0.6171039429597119,0.05532480184209361,-0.001943617243642226,-0.002267563748662327,-0.002915456758702417,-0.0016197325251002814,-0.016074037993180718,17.480695724487305
2409,2021-07-30,0.6106251982187453,0.6041463916913006,0.6106251982187453,0.6028506674576982,0.08062702032502325,-0.010366041014729155,-0.015225176803551732,-0.010689987519749256,-0.014253275502013718,0.025302218482929642,17.05099105834961
2410,2021-08-02,0.6034984986812603,0.6051182312063605,0.607709741460043,0.6034984986812603,0.03774520657131471,-0.007126699537485015,0.000971839515059969,-0.002915456758702306,0.0006478312235620454,-0.042881813753708545,17.078420639038086
2411,2021-08-03,0.6034984986812603,0.6073857949550229,0.609329412198665,0.6034984986812603,0.028012221582606384,0.0,0.002267563748662327,0.0016196707386220144,0.0,-0.009732984988708324,17.142419815063477
2412,2021-08-04,0.607709741460043,0.6044703381963205,0.6103012517137252,0.6034984986812603,0.05199486339281761,0.004211242778782709,-0.002915456758702417,0.0009718395150601911,0.0,0.023982641810211223,17.060134887695312
2413,2021-08-05,0.607709741460043,0.607709741460043,0.609329412198665,0.6067379019449827,0.023513262188371784,0.0,0.003239403263722518,-0.0009718395150601911,0.003239403263722407,-0.028481601204445824,17.151561737060547
2414,2021-08-06,0.608681580975103,0.6115969759473273,0.6115969759473273,0.6064139554399626,0.023619536819731658,0.00097183951506008,0.003887234487284341,0.002267563748662327,-0.0003239465050201007,0.00010627463135987406,17.26127052307129
2415,2021-08-09,0.608033687965063,0.607709741460043,0.6096533587036851,0.6067379019449827,0.05365097639817562,-0.0006478930100400904,-0.003887234487284341,-0.001943617243642226,0.0003239465050201007,0.030031439578443963,17.151561737060547
2416,2021-08-10,0.6125688154623875,0.61678005824117,0.6171039429597119,0.6125688154623875,0.05521852721073374,0.004535127497324543,0.009070316781127019,0.007450584256026849,0.005830913517404834,0.001567550812558119,17.407554626464844
2417,2021-08-11,0.6171039429597119,0.6193715684948523,0.6196954532133943,0.6154842722210898,0.08317761147766019,0.0045351274973244315,0.0025915102536823165,0.0025915102536823165,0.002915456758702306,0.02795908426692645,17.480695724487305
2418,2021-08-12,0.617751835969752,0.6245545890022169,0.6274700457609194,0.617751835969752,0.06140902448744631,0.0006478930100400904,0.005183020507364633,0.007774592547525105,0.0022675637486622158,-0.021768586990213876,17.626977920532227
2419,2021-08-13,0.6271460992558991,0.626174259740839,0.6274700457609194,0.6235827494871568,0.055944737191692864,0.00939426328614712,0.0016196707386220144,0.0,0.005830913517404723,-0.005464287295753448,17.67268943786621
2420,2021-08-16,0.6290897164995415,0.6287657699945214,0.6294136630045615,0.6252024202257789,0.0370809901253155,0.0019436172436423371,0.0025915102536824275,0.001943617243642115,0.0016196707386221254,-0.018863747066377362,17.745830535888672
2421,2021-08-17,0.6268221527508792,0.624878535507237,0.6271460992558991,0.6219630787485346,0.06441128282336271,-0.002267563748662327,-0.003887234487284341,-0.002267563748662327,-0.003239341477244251,0.02733029269804721,17.636119842529297
2422,2021-08-18,0.6252024202257789,0.6252024202257789,0.6264982062458592,0.623906695992177,0.09695788867732365,-0.0016197325251002814,0.00032388471854183365,-0.0006478930100399793,0.0019436172436423371,0.032546605853960936,17.645261764526367
2423,2021-08-19,0.6209912392334744,0.61645611173615,0.6216391322435146,0.6145124327060295,0.08594960811229686,-0.004211180992304442,-0.008746308489628873,-0.004859074002344532,-0.009394263286147453,-0.011008280565026785,17.398412704467773
2424,2021-08-20,0.6138646014824677,0.6103012517137252,0.61580821872611,0.609005465693645,0.04763760350706284,-0.007126637751006748,-0.006154860022424824,-0.005830913517404612,-0.005506967012384512,-0.038312004605234026,17.224700927734375
2425,2021-08-23,0.6135406549774476,0.6138646014824677,0.61645611173615,0.6125688154623875,0.1381570207678342,-0.0003239465050201007,0.0035633497687425075,0.0006478930100399793,0.0035633497687425075,0.09051941726077137,17.325271606445312
2426,2021-08-24,0.6154842722210898,0.6203433462234345,0.6213151857384945,0.6154842722210898,0.07110658459903467,0.001943617243642226,0.006478744740966769,0.004859074002344532,0.002915456758702306,-0.06705043616879953,17.50812339782715
2427,2021-08-25,0.6183997289797922,0.6232588029821368,0.6245545890022169,0.6183997289797922,0.09772837975468272,0.002915456758702417,0.002915456758702306,0.003239403263722407,0.002915456758702417,0.026621795155648054,17.59040641784668
2428,2021-08-26,0.6226109099720964,0.6209912392334744,0.6232588029821368,0.6200193997184145,0.035088340787317894,0.00421118099230422,-0.002267563748662327,-0.0012957860200801807,0.0016196707386222364,-0.06264003896736484,17.526409149169922
2429,2021-08-27,0.623906695992177,0.6258503132358191,0.6268221527508792,0.6232588029821368,0.06706814860735952,0.0012957860200805138,0.004859074002344643,0.0035633497687423965,0.003239403263722296,0.031979807820041624,17.66354751586914
2430,2021-08-30,0.6300615560146017,0.6281178769844814,0.6310333337431836,0.625526366730799,0.0394987379887526,0.006154860022424713,0.002267563748662327,0.004211180992304442,0.0022675637486622158,-0.027569410618606918,17.7275447845459
2431,2021-08-31,0.6235827494871568,0.6196954532133943,0.6235827494871568,0.617427889464732,0.05579418146393305,-0.006478806527444925,-0.00842242377108715,-0.007450584256026849,-0.008098477266066939,0.01629544347518045,17.489837646484375
2432,2021-09-01,0.6187236754848122,0.617427889464732,0.6219630787485346,0.6161321652311299,0.12808749944648629,-0.004859074002344532,-0.0022675637486622158,-0.0016196707386221254,-0.0012957242336021357,0.07229331798255323,17.425838470458984
2433,2021-09-02,0.6203433462234345,0.618075782474772,0.6209912392334744,0.618075782474772,0.0614975866802462,0.0016196707386222364,0.0006478930100399793,-0.0009718395150601911,0.001943617243642115,-0.06658991276624009,17.444124221801758
2434,2021-09-03,0.6183997289797922,0.617751835969752,0.6196954532133943,0.6171039429597119,0.024505158747730595,-0.001943617243642226,-0.00032394650501998967,-0.0012957860200801807,-0.00097183951506008,-0.0369924279325156,17.434982299804688
2435,2021-09-07,0.6187236754848122,0.6138646014824677,0.6190476219898322,0.6135406549774476,0.07579152459814906,0.00032394650501998967,-0.003887234487284341,-0.0006478312235620454,-0.0035632879822643515,0.05128636585041846,17.325271606445312
2436,2021-09-08,0.61580821872611,0.6099773052087051,0.6171039429597119,0.6099773052087051,0.046530576097064166,-0.002915456758702195,-0.0038872962737626082,-0.001943679030120271,-0.0035633497687425075,-0.02926094850108489,17.215559005737305
2437,2021-09-09,0.6070618484500028,0.6047942847013406,0.6096533587036851,0.6044703381963205,0.0663330824071204,-0.008746370276107251,-0.005183020507364522,-0.007450584256026849,-0.005506967012384623,0.019802506310056228,17.069276809692383
2438,2021-09-10,0.6025267209526783,0.6022027744476582,0.6041463916913006,0.5989633711839358,0.13397688526767923,-0.0045351274973244315,-0.0025915102536823165,-0.005506967012384512,-0.005506967012384623,0.06764380286055884,16.996135711669922
2439,2021-09-13,0.600259157204016,0.6005831037090361,0.601878827942638,0.5983154781738956,0.18763671788513483,-0.002267563748662327,-0.0016196707386221254,-0.002267563748662549,-0.0006478930100402014,0.053659832617455605,16.950424194335938
2440,2021-09-14,0.601230934932598,0.6015548814376181,0.6041463916913006,0.6005831037090361,0.11776114776601869,0.000971777728582035,0.000971777728582035,0.002267563748662549,0.002267625535140483,-0.06987557011911615,16.97784996032715
2441,2021-09-15,0.6051182312063605,0.607709741460043,0.607709741460043,0.6038224451862805,0.05047159367665943,0.003887296273762497,0.006154860022424824,0.0035633497687423965,0.003239341477244362,-0.06728955408935926,17.151561737060547
2442,2021-09-16,0.6060900089349426,0.6073857949550229,0.6073857949550229,0.6015548814376181,0.04871806225922154,0.000971777728582035,-0.0003239465050201007,-0.0003239465050201007,-0.002267563748662327,-0.0017535314174378924,17.142419815063477
2443,2021-09-17,0.6057661242164007,0.6025267209526783,0.6057661242164007,0.600906988427578,0.05787539299473055,-0.00032388471854183365,-0.004859074002344532,-0.0016196707386221254,-0.0006478930100402014,0.009157330735509013,17.005279541015625
2444,2021-09-20,0.5966958074352736,0.5966958074352736,0.5979915316688756,0.5947521901916313,0.1013328610016384,-0.00907031678112713,-0.005830913517404723,-0.007774592547525105,-0.006154798235946668,0.04345746800690784,16.84071159362793
2445,2021-09-21,0.5973437004453137,0.5960479144252335,0.5983154781738956,0.5934564041715511,0.03315768498428021,0.0006478930100400904,-0.0006478930100400904,0.00032394650501998967,-0.0012957860200801807,-0.06817517601735817,16.822425842285156
2446,2021-09-22,0.600259157204016,0.6015548814376181,0.6025267209526783,0.599935210698996,0.023796661205331443,0.002915456758702306,0.005506967012384623,0.004211242778782709,0.006478806527444925,-0.00936102377894877,16.97784996032715
2447,2021-09-23,0.6038224451862805,0.609005465693645,0.609329412198665,0.6038224451862805,0.05489970331665412,0.0035632879822644625,0.007450584256026849,0.006802691245986647,0.003887234487284452,0.031103042111322678,17.188129425048828
2448,2021-09-24,0.6070618484500028,0.609005465693645,0.6096533587036851,0.6064139554399626,0.043120931674268254,0.003239403263722296,0.0,0.0003239465050201007,0.0025915102536820944,-0.011778771642385867,17.188129425048828
2449,2021-09-27,0.6099773052087051,0.6135406549774476,0.6145124327060295,0.6099773052087051,0.08306248062702032,0.002915456758702306,0.004535189283802588,0.004859074002344421,0.0035633497687425075,0.039941548952752065,17.316129684448242
2450,2021-09-28,0.6151603257160697,0.6154842722210898,0.61580821872611,0.6125688154623875,0.07561440021254927,0.005183020507364633,0.001943617243642226,0.0012957860200805138,0.0025915102536824275,-0.0074480804144710505,17.37098503112793
2451,2021-09-29,0.61678005824117,0.6154842722210898,0.6171039429597119,0.6138646014824677,0.06521719877784174,0.0016197325251002814,0.0,0.0012957242336019137,0.0012957860200801807,-0.010397201434707529,17.37098503112793
2452,2021-09-30,0.61678005824117,0.6193715684948523,0.6219630787485346,0.6154842722210898,0.10423770092547492,0.0,0.003887296273762497,0.004859135788822688,0.0016196707386221254,0.03902050214763318,17.480695724487305
2453,2021-10-01,0.6219630787485346,0.6284418234895014,0.6290897164995415,0.6216391322435146,0.08934154009653279,0.005183020507364633,0.009070254994649085,0.007126637751006859,0.006154860022424824,-0.014896160828942129,17.7366886138916
2454,2021-10-04,0.6271460992558991,0.6271460992558991,0.6316812267532238,0.6252024202257789,0.09559403090820529,0.005183020507364522,-0.0012957242336022468,0.0025915102536823165,0.0035632879822642405,0.0062524908116724925,17.700119018554688
2455,2021-10-05,0.6222869634670766,0.6232588029821368,0.623906695992177,0.6200193997184145,0.03261745560820086,-0.004859135788822577,-0.003887296273762386,-0.007774530761046838,-0.005183020507364411,-0.06297657530000442,17.59040641784668
2456,2021-10-06,0.6216391322435146,0.6222869634670766,0.6235827494871568,0.6193715684948523,0.07603064251870877,-0.0006478312235619343,-0.0009718395150601911,-0.0003239465050202117,-0.0006478312235621564,0.043413186910507905,17.562978744506836
2457,2021-10-07,0.624230642497197,0.6271460992558991,0.6274700457609194,0.6229348564771167,0.12448301819953062,0.0025915102536823165,0.004859135788822577,0.0038872962737626082,0.0035632879822643515,0.04845237568082185,17.700119018554688
2458,2021-10-08,0.6300615560146017,0.6287657699945214,0.6320051732582439,0.6284418234895014,0.06646592569632025,0.005830913517404723,0.0016196707386222364,0.004535127497324543,0.005506967012384734,-0.05801709250321037,17.745830535888672
2459,2021-10-11,0.6271460992558991,0.6268221527508792,0.6294136630045615,0.625526366730799,0.07755391223486693,-0.002915456758702528,-0.001943617243642226,-0.0025915102536824275,-0.002915456758702417,0.011087986538546687,17.690977096557617
2460,2021-10-12,0.6303854407331435,0.6268221527508792,0.6303854407331435,0.6258503132358191,0.11244741619802506,0.003239341477244362,0.0,0.000971777728582035,0.0003239465050201007,0.03489350396315813,17.690977096557617
2461,2021-10-13,0.6222869634670766,0.6171039429597119,0.6222869634670766,0.6154842722210898,0.11862020103617765,-0.008098477266066939,-0.00971820979116722,-0.008098477266066939,-0.010366041014729266,0.00617278483815259,17.41669464111328
2462,2021-10-14,0.6190476219898322,0.6193715684948523,0.6203433462234345,0.6171039429597119,0.0912456272417305,-0.003239341477244362,0.002267625535140372,-0.001943617243642115,0.0016196707386221254,-0.027374573794447146,17.480695724487305
2463,2021-10-15,0.6219630787485346,0.6219630787485346,0.624230642497197,0.6200193997184145,0.06582827790816101,0.002915456758702417,0.0025915102536823165,0.003887296273762497,0.002915456758702528,-0.025417349333569497,17.553834915161133
2464,2021-10-18,0.6213151857384945,0.6209912392334744,0.6219630787485346,0.6187236754848122,0.08955408935925253,-0.0006478930100400904,-0.0009718395150601911,-0.002267563748662327,-0.0012957242336022468,0.023725811451091525,17.526409149169922
2465,2021-10-19,0.6200193997184145,0.6193715684948523,0.6213151857384945,0.617427889464732,0.03942788823451269,-0.0012957860200800697,-0.0016196707386221254,-0.0006478930100400904,-0.0012957860200801807,-0.050126201124739846,17.480695724487305
2466,2021-10-20,0.6187236754848122,0.6213151857384945,0.6213151857384945,0.617751835969752,0.04110171367843068,-0.0012957242336022468,0.001943617243642226,0.0,0.00032394650501998967,0.0016738254439179895,17.535551071166992
2467,2021-10-21,0.6187236754848122,0.6151603257160697,0.6203433462234345,0.6141884862010096,0.051552052428818135,0.0,-0.006154860022424824,-0.00097183951506008,-0.0035633497687423965,0.010450338750387457,17.361841201782227
2468,2021-10-22,0.61580821872611,0.6148363792110497,0.618075782474772,0.6132167084724276,0.043696585927467564,-0.002915456758702195,-0.00032394650501998967,-0.002267563748662438,-0.000971777728582035,-0.00785546650135057,17.352699279785156
2469,2021-10-25,0.617427889464732,0.6200193997184145,0.6206672927284544,0.617427889464732,0.09019173714741177,0.0016196707386220144,0.005183020507364744,0.0025915102536824275,0.004211180992304442,0.04649515121994421,17.498979568481445
2470,2021-10-26,0.6200193997184145,0.6235827494871568,0.6252024202257789,0.6187236754848122,0.0876588584333348,0.0025915102536824275,0.0035633497687422855,0.0045351274973244315,0.0012957860200801807,-0.0025328787140769665,17.599550247192383
2471,2021-10-27,0.6216391322435146,0.6222869634670766,0.6264982062458592,0.6209912392334744,0.12888455918168534,0.0016197325251001704,-0.0012957860200801807,0.0012957860200802918,0.0022675637486622158,0.04122570074835054,17.562978744506836
2472,2021-10-28,0.624878535507237,0.6252024202257789,0.6281178769844814,0.6232588029821368,0.06689102422175973,0.003239403263722407,0.002915456758702306,0.0016196707386222364,0.002267563748662327,-0.061993534959925614,17.645261764526367
2473,2021-10-29,0.623906695992177,0.624878535507237,0.625526366730799,0.6213151857384945,0.0800779347296639,-0.00097183951506008,-0.00032388471854183365,-0.0025915102536824275,-0.001943617243642226,0.013186910507904173,17.636119842529297
2474,2021-11-01,0.6290897164995415,0.6323291197632639,0.633948790501886,0.6287657699945214,0.10495505468715405,0.005183020507364522,0.007450584256026849,0.00842242377108704,0.007450584256026849,0.024877119957490146,17.846399307250977
2475,2021-11-02,0.6310333337431836,0.6300615560146017,0.632977012773304,0.6274700457609194,0.11321790727538414,0.001943617243642115,-0.0022675637486622158,-0.000971777728582035,-0.0012957242336020247,0.00826285258823009,17.78240203857422
2476,2021-11-03,0.6284418234895014,0.6294136630045615,0.6333008974918459,0.6271460992558991,0.056228136208652524,-0.0025915102536822054,-0.0006478930100402014,0.00032388471854194467,-0.0003239465050202117,-0.056989771066731615,17.764118194580078
2477,2021-11-04,0.6287657699945214,0.6274700457609194,0.6336248439968659,0.626174259740839,0.09303458353628836,0.00032394650501998967,-0.001943617243642115,0.00032394650501998967,-0.0009718395150601911,0.03680644732763584,17.709260940551758
2478,2021-11-05,0.6264982062458592,0.624230642497197,0.6264982062458592,0.6235827494871568,0.04129655050259044,-0.0022675637486622158,-0.003239403263722407,-0.007126637751006748,-0.0025915102536822054,-0.05173803303369792,17.617835998535156
2479,2021-11-08,0.624230642497197,0.6226109099720964,0.6252024202257789,0.6219630787485346,0.10663773635035204,-0.0022675637486622158,-0.0016197325251005035,-0.0012957860200802918,-0.0016196707386221254,0.0653411858477616,17.572120666503906
2480,2021-11-09,0.6226109099720964,0.6271460992558991,0.6277939304794612,0.6193715684948523,0.125829163530089,-0.0016197325251005035,0.004535189283802699,0.0025915102536823165,-0.0025915102536823165,0.01919142717973696,17.700119018554688
2481,2021-11-10,0.6281178769844814,0.6313572802482037,0.6316812267532238,0.6274700457609194,0.07913031926670504,0.005506967012384956,0.004211180992304553,0.0038872962737626082,0.00809847726606705,-0.04669884426338396,17.818973541259766
2482,2021-11-11,0.6313572802482037,0.6349206300169462,0.6365403007555684,0.6313572802482037,0.10201478988619758,0.003239403263722296,0.0035633497687425075,0.004859074002344643,0.003887234487284341,0.022884470619492545,17.91954231262207
2483,2021-11-12,0.6365403007555684,0.6397797040192907,0.6410754900393709,0.6358924077455282,0.1306558030376832,0.005183020507364744,0.004859074002344532,0.0045351892838024765,0.004535127497324543,0.028641013151485623,18.05668067932129
2484,2021-11-15,0.642047267767953,0.6433430537880331,0.6439908850115952,0.6407515435343509,0.17711552938050745,0.005506967012384512,0.0035633497687423965,0.002915394972224261,0.004859135788822688,0.04645972634282425,18.157249450683597
2485,2021-11-16,0.6413993747579129,0.6436670002930532,0.6436670002930532,0.6407515435343509,0.05160518974449808,-0.0006478930100400904,0.0003239465050201007,-0.00032388471854194467,0.0,-0.12551033963600938,18.166393280029297
2486,2021-11-17,0.6462585105467356,0.6514415310541001,0.6520893622776621,0.6456106175366955,0.21672939821989992,0.004859135788822688,0.007774530761046838,0.008422361984608884,0.004859074002344532,0.16512420847540185,18.385814666748047
2487,2021-11-18,0.6527372552877023,0.6485260742953978,0.6553287655413845,0.6475542347803377,0.08613558871717664,0.006478744740966769,-0.002915456758702306,0.003239403263722407,0.001943617243642226,-0.13059380950272328,18.30353164672852
2488,2021-11-19,0.6504696915390399,0.6501457450340199,0.6520893622776621,0.6485260742953978,0.061772129477925874,-0.002267563748662438,0.0016196707386221254,-0.003239403263722407,0.00097183951506008,-0.024363459239250762,18.349245071411133
2489,2021-11-22,0.6488500208004179,0.6530612017927223,0.6537090948027624,0.6488500208004179,0.13968914670327237,-0.0016196707386220144,0.002915456758702417,0.0016197325251002814,0.0003239465050201007,0.0779170172253465,18.43152618408203
2490,2021-11-23,0.6527372552877023,0.6579202757950668,0.6579202757950668,0.6514415310541001,0.08780941416109463,0.003887234487284452,0.004859074002344532,0.004211180992304442,0.0025915102536822054,-0.051879732542177745,18.568666458129883
2491,2021-11-24,0.6569484980664848,0.6563006050564448,0.6598639548251872,0.6563006050564448,0.07946685559934465,0.004211242778782487,-0.0016196707386220144,0.0019436790301203821,0.004859074002344754,-0.00834255856174998,18.522953033447266
2492,2021-11-26,0.6482021277903779,0.6469063417702974,0.6488500208004179,0.6413993747579129,0.1071602532878714,-0.008746370276106918,-0.009394263286147453,-0.011013934024769356,-0.014901230298531964,0.027693397688526758,18.2578182220459
2493,2021-11-29,0.6494978520239798,0.6394557575142706,0.6494978520239798,0.6375121402706285,0.11255369082938493,0.0012957242336019137,-0.007450584256026738,0.0006478312235619343,-0.003887234487284341,0.005393437541513529,18.04753875732422
2494,2021-11-30,0.632977012773304,0.6271460992558991,0.6342727370069059,0.6258503132358191,0.23858654740291368,-0.016520839250675823,-0.012309658258371492,-0.015225115017073909,-0.011661827034809447,0.12603285657352875,17.700119018554688
2495,2021-12-01,0.6290897164995415,0.626174259740839,0.6313572802482037,0.625526366730799,0.22162688748173404,-0.003887296273762497,-0.0009718395150601911,-0.002915456758702195,-0.0003239465050201007,-0.01695965992117965,17.67268943786621
2496,2021-12-02,0.633948790501886,0.6368642472605883,0.6391318110092506,0.6316812267532238,0.12202098923969358,0.004859074002344532,0.010689987519749367,0.007774530761046949,0.006154860022424824,-0.09960589824204046,17.974397659301758
2497,2021-12-03,0.6410754900393709,0.6394557575142706,0.6433430537880331,0.6375121402706285,0.06333082407120401,0.007126699537484904,0.0025915102536823165,0.004211242778782487,0.005830913517404723,-0.05869016516848957,18.04753875732422
2498,2021-12-06,0.640103650524311,0.6413993747579129,0.642047267767953,0.6368642472605883,0.05588274365673294,-0.000971839515059969,0.001943617243642226,-0.0012957860200801807,-0.0006478930100402014,-0.007448080414471071,18.102392196655277
2499,2021-12-07,0.641723321262933,0.6407515435343509,0.641723321262933,0.6381600332806686,0.049337997608820794,0.0016196707386220144,-0.0006478312235619343,-0.00032394650501998967,0.0012957860200802918,-0.006544746047912144,18.084108352661133
2500,2021-12-08,0.6407515435343509,0.6410754900393709,0.641723321262933,0.6384839179992104,0.054660585396094405,-0.000971777728582035,0.00032394650501998967,0.0,0.00032388471854183365,0.005322587787273611,18.09325218200684
2501,2021-12-09,0.6375121402706285,0.6375121402706285,0.6391318110092506,0.633948790501886,0.12661736704600807,-0.003239403263722407,-0.0035633497687423965,-0.0025915102536823165,-0.0045351274973244315,0.07195678164991366,17.9926815032959
2502,2021-12-10,0.6358924077455282,0.6388078645042304,0.6391318110092506,0.6355685230269863,0.04538812380994554,-0.0016197325251002814,0.0012957242336019137,0.0,0.0016197325251002814,-0.08122924323606254,18.029253005981445
2503,2021-12-13,0.6381600332806686,0.6404275970293308,0.641723321262933,0.6375121402706285,0.10177567196563787,0.002267625535140372,0.0016197325251003925,0.0025915102536823165,0.001943617243642226,0.05638754815569234,18.074966430664062
2504,2021-12-14,0.640103650524311,0.6404275970293308,0.6413993747579129,0.6384839179992104,0.06350794845680378,0.0019436172436423371,0.0,-0.0003239465050201007,0.000971777728581924,-0.03826772350883409,18.074966430664062
2505,2021-12-15,0.6394557575142706,0.6375121402706285,0.6397797040192907,0.6333008974918459,0.09067882920781119,-0.0006478930100403124,-0.002915456758702306,-0.0016196707386221254,-0.005183020507364522,0.027170880751007404,17.9926815032959
2506,2021-12-16,0.6355685230269863,0.6394557575142706,0.6404275970293308,0.6345966835119261,0.05760085019705088,-0.003887234487284341,0.001943617243642115,0.0006478930100400904,0.0012957860200801807,-0.03307797901076031,18.04753875732422
2507,2021-12-17,0.6378360867756485,0.6342727370069059,0.6384839179992104,0.6342727370069059,0.05352698932825577,0.0022675637486622158,-0.005183020507364744,-0.0019436790301203821,-0.0003239465050202117,-0.004073860868795111,17.901256561279297
2508,2021-12-20,0.6290897164995415,0.6268221527508792,0.6294136630045615,0.625526366730799,0.10809015631227029,-0.00874637027610703,-0.007450584256026738,-0.009070254994648974,-0.008746370276106918,0.05456316698401452,17.690977096557617
2509,2021-12-21,0.6290897164995415,0.6371881937656084,0.6375121402706285,0.6281178769844814,0.060842226453526986,0.0,0.010366041014729266,0.00809847726606705,0.0025915102536824275,-0.0472479298587433,17.983539581298828
2510,2021-12-22,0.6410754900393709,0.6446387780216354,0.6446387780216354,0.6410754900393709,0.06974272682991631,0.011985773539829436,0.00745058425602696,0.007126637751006859,0.012957613054889516,0.008900500376389321,18.193819046020508
2511,2021-12-23,0.6443148315166153,0.6456106175366955,0.6472302882753176,0.642695160777993,0.038728246911393524,0.003239341477244362,0.00097183951506008,0.0025915102536822054,0.0016196707386221254,-0.031014479918522783,18.221248626708984
2512,2021-12-27,0.6452866710316754,0.6462585105467356,0.6465823952652775,0.6446387780216354,0.04099543904707081,0.00097183951506008,0.0006478930100400904,-0.0006478930100400904,0.0019436172436423371,0.002267192135677283,18.23953437805176
2513,2021-12-28,0.6443148315166153,0.6404275970293308,0.6446387780216354,0.640103650524311,0.04057034052163132,-0.00097183951506008,-0.005830913517404723,-0.001943617243642115,-0.0045351274973244315,-0.0004250985254394893,18.074966430664062
2514,2021-12-29,0.640103650524311,0.6465823952652775,0.6472302882753176,0.640103650524311,0.06945047159367666,-0.004211180992304331,0.006154798235946668,0.0025915102536822054,0.0,0.028880131072045345,18.248676300048828
2515,2021-12-30,0.6446387780216354,0.642047267767953,0.6452866710316754,0.6413993747579129,0.044484789443386616,0.0045351274973244315,-0.004535127497324543,-0.001943617243642226,0.0012957242336019137,-0.024965682150290047,18.12067985534668
2516,2021-12-31,0.642047267767953,0.6397797040192907,0.642695160777993,0.6388078645042304,0.031227029181242528,-0.0025915102536824275,-0.0022675637486622158,-0.0025915102536823165,-0.0025915102536824275,-0.013257760262144088,18.05668067932129
2517,2022-01-03,0.6378360867756485,0.6371881937656084,0.640103650524311,0.6349206300169462,0.04928486029314086,-0.004211180992304442,-0.0025915102536823165,-0.0025915102536820944,-0.00388723448728423,0.01805783111189833,17.983539581298828
2518,2022-01-04,0.6391318110092506,0.6413993747579129,0.6433430537880331,0.6384839179992104,0.06687331178319975,0.0012957242336021357,0.004211180992304442,0.003239403263722185,0.0035632879822642405,0.017588451490058887,18.102392196655277
2519,2022-01-05,0.6388078645042304,0.6378360867756485,0.6397797040192907,0.6368642472605883,0.09841030863924191,-0.0003239465050202117,-0.0035632879822643515,-0.0035633497687423965,-0.0016196707386221254,0.031536996856042165,18.0018253326416
2520,2022-01-06,0.6362163542505483,0.6371881937656084,0.6375121402706285,0.6333008974918459,0.04638887658858434,-0.0025915102536820944,-0.0006478930100400904,-0.0022675637486622158,-0.0035633497687423965,-0.052021432050657575,17.983539581298828
2521,2022-01-07,0.6394557575142706,0.642695160777993,0.642695160777993,0.6381600332806686,0.039454456892352656,0.003239403263722296,0.005506967012384623,0.005183020507364522,0.004859135788822688,-0.006934419696231681,18.13896369934082
2522,2022-01-10,0.6384839179992104,0.6375121402706285,0.6388078645042304,0.632977012773304,0.06327768675552407,-0.0009718395150601911,-0.005183020507364522,-0.0038872962737626082,-0.005183020507364633,0.023823229863171418,17.9926815032959
2523,2022-01-11,0.6365403007555684,0.6413993747579129,0.642047267767953,0.6342727370069059,0.0735066200239118,-0.001943617243642004,0.003887234487284341,0.003239403263722518,0.0012957242336019137,0.010228933268387724,18.102392196655277
2524,2022-01-12,0.6436670002930532,0.641723321262933,0.6436670002930532,0.6394557575142706,0.11604304122570075,0.007126699537484793,0.0003239465050201007,0.0016197325251002814,0.005183020507364744,0.04253642120178895,18.11153793334961
2525,2022-01-13,0.6430191072830131,0.6381600332806686,0.6430191072830131,0.6371881937656084,0.05543993269273347,-0.0006478930100400904,-0.0035632879822643515,-0.0006478930100400904,-0.0022675637486622158,-0.06060310853296728,18.010969161987305
2526,2022-01-14,0.6397797040192907,0.6459345640417156,0.6459345640417156,0.6394557575142706,0.06897223575255723,-0.003239403263722407,0.007774530761046949,0.002915456758702417,0.0022675637486622158,0.01353230305982376,18.230392456054688
2527,2022-01-18,0.6443148315166153,0.6465823952652775,0.6478781812853577,0.6430191072830131,0.13414515343399902,0.004535127497324543,0.0006478312235619343,0.001943617243642115,0.0035633497687425075,0.06517291768144179,18.248676300048828
2528,2022-01-19,0.6507936380440601,0.6575963292900467,0.6575963292900467,0.6507936380440601,0.1878315547092946,0.006478806527444814,0.011013934024769245,0.009718148004689064,0.007774530761046949,0.05368640127529559,18.559526443481445
2529,2022-01-20,0.6585681688051068,0.6563006050564448,0.6605117860487493,0.6563006050564448,0.1403179382721516,0.007774530761046727,-0.0012957242336019137,0.002915456758702528,0.005506967012384734,-0.047513616437143,18.522953033447266
2530,2022-01-21,0.6546808725313444,0.6527372552877023,0.6546808725313444,0.6504696915390399,0.20972412876942834,-0.003887296273762386,-0.0035633497687425075,-0.005830913517404834,-0.005830913517404945,0.06940619049727673,18.422386169433597
2531,2022-01-24,0.6478781812853577,0.6517654775591203,0.6517654775591203,0.6433430537880331,0.2561484302351326,-0.006802691245986758,-0.000971777728582035,-0.00291539497222415,-0.007126637751006748,0.04642430146570428,18.39495849609375
2532,2022-01-25,0.6517654775591203,0.6543569878128025,0.6556527120464046,0.6507936380440601,0.19637780631448434,0.0038872962737626082,0.0025915102536822054,0.003887234487284341,0.00745058425602696,-0.059770623920648275,18.46809959411621
2533,2022-01-26,0.6540330413077825,0.6533851482977424,0.6550048190363644,0.6514415310541001,0.15404507815613513,0.0022675637486622158,-0.00097183951506008,-0.0006478930100402014,0.0006478930100399793,-0.04233272815834921,18.440671920776367
2534,2022-01-27,0.6511175845490801,0.6459345640417156,0.6517654775591203,0.6452866710316754,0.11676039498737989,-0.002915456758702417,-0.007450584256026849,-0.00323934147724414,-0.006154860022424713,-0.037284683168755245,18.230392456054688
2535,2022-01-28,0.6488500208004179,0.6537090948027624,0.6537090948027624,0.6485260742953978,0.12237523801089314,-0.0022675637486622158,0.007774530761046838,0.001943617243642115,0.003239403263722407,0.005614843023513255,18.44981384277344
2536,2022-01-31,0.6550048190363644,0.6540330413077825,0.6566245515614648,0.6520893622776621,0.1692689190984369,0.006154798235946557,0.0003239465050201007,0.002915456758702417,0.0035632879822643515,0.04689368108754374,18.45895767211914
2537,2022-02-01,0.6579202757950668,0.6631032963024314,0.6640751358174917,0.6579202757950668,0.19988486914936013,0.002915456758702417,0.009070254994648863,0.007450584256026849,0.005830913517404723,0.03061595005092324,18.714948654174805
2538,2022-02-02,0.6647230288275318,0.6614836255638094,0.6647230288275318,0.659540008320167,0.2073329495638312,0.006802753032464914,-0.0016196707386220144,0.0006478930100400904,0.0016197325251001704,0.007448080414471064,18.66923713684082
2539,2022-02-03,0.6605117860487493,0.6624554650788695,0.6660187530611338,0.6601878395437291,0.10638976221051233,-0.004211242778782487,0.0009718395150601911,0.0012957242336020247,0.0006478312235620454,-0.10094318735331886,18.696664810180664
2540,2022-02-04,0.6637511893124716,0.666990592576194,0.6679624320912542,0.6624554650788695,0.1479165744143825,0.003239403263722296,0.0045351274973244315,0.0019436790301203821,0.002267625535140483,0.04152681220387017,18.82466125488281
2541,2022-02-07,0.6695821028298763,0.6699060493348964,0.6721736130835586,0.6686102633148162,0.12373023956073152,0.005830913517404723,0.002915456758702417,0.004211180992304442,0.006154798235946668,-0.024186334853650973,18.906946182250977
2542,2022-02-08,0.6702299958399164,0.6747651233372408,0.675089069842261,0.6692581563248563,0.12876057211176548,0.0006478930100400904,0.004859074002344421,0.002915456758702417,0.0006478930100400904,0.005030332551033953,19.044084548950195
2543,2022-02-09,0.6786524196110034,0.6861030038670303,0.6861030038670303,0.6786524196110034,0.2193419829074968,0.00842242377108704,0.011337880529789457,0.011013934024769245,0.00939426328614712,0.09058141079573132,19.364076614379883
2544,2022-02-10,0.6883705676156926,0.6812439298646857,0.6922578638894551,0.6805960368546458,0.1997520258601603,0.009718148004689176,-0.004859074002344532,0.006154860022424824,0.0019436172436423371,-0.019589957047336487,19.22693634033203
2545,2022-02-11,0.6812439298646857,0.683511493613348,0.6854551108569902,0.6789763043295454,0.1542664836381349,-0.007126637751006859,0.0022675637486622158,-0.006802753032464914,-0.0016197325251003925,-0.045485542222025416,19.290935516357425
2546,2022-02-14,0.6802720903496255,0.6809199833596657,0.6809199833596657,0.6737932838221807,0.17963069565602444,-0.0009718395150601911,-0.0025915102536822054,-0.0045351274973244315,-0.005183020507364633,0.025364212017889548,19.217796325683597
2547,2022-02-15,0.6773566335909232,0.6783284731059834,0.6783284731059834,0.675736962852301,0.10517646016915379,-0.002915456758702306,-0.0025915102536823165,-0.0025915102536823165,0.001943679030120271,-0.07445423548687065,19.1446533203125
2548,2022-02-16,0.6793002508345652,0.6802720903496255,0.6809199833596657,0.6786524196110034,0.14660585396094408,0.001943617243642004,0.001943617243642115,0.0025915102536823165,0.002915456758702417,0.041429393791790295,19.19951057434082
2549,2022-02-17,0.6818917610882477,0.6825396540982879,0.6828636006033078,0.6796241973395855,0.13398574148695921,0.0025915102536824275,0.002267563748662327,0.001943617243642004,0.000971777728582035,-0.012620112473984868,19.263505935668945
2550,2022-02-18,0.6825396540982879,0.6815678763697058,0.6841593866233882,0.6809199833596657,0.1252712217154497,0.0006478930100402014,-0.000971777728582035,0.0012957860200804028,0.0012957860200802918,-0.008714519771509527,19.23608016967773
2551,2022-02-22,0.6825396540982879,0.6929056951130171,0.6932296416180372,0.6818917610882477,0.2642607270956029,0.0,0.011337818743311301,0.009070254994649085,0.000971777728581924,0.1389895053801532,19.55607032775879
2552,2022-02-23,0.6948493741431374,0.6932296416180372,0.6954972053666992,0.6906381313643548,0.2464862950006642,0.012309720044849537,0.0003239465050201007,0.0022675637486619937,0.00874637027610714,-0.017774432094938675,19.56521415710449
2553,2022-02-24,0.7087787031401309,0.6896663536357728,0.7094265961501711,0.6854551108569902,0.5984944427224018,0.013929328996993506,-0.0035632879822644625,0.013929390783471884,-0.005183020507364633,0.3520081477217376,19.464645385742188
2554,2022-02-25,0.676384794075863,0.6702299958399164,0.6796241973395855,0.6682863168097961,0.351662755169818,-0.03239390906426787,-0.019436357795856396,-0.029802398810585662,-0.01716879404719407,-0.24683168755258383,18.916088104248047
2555,2022-02-28,0.6789763043295454,0.6780045266009633,0.6802720903496255,0.6728215060935987,0.37164238586547405,0.0025915102536823165,0.007774530761046949,0.0006478930100400904,0.004535189283802588,0.01997963069565606,19.13551139831543
2556,2022-03-01,0.6906381313643548,0.6945254276381173,0.6974408843968197,0.6877226746056524,0.44840809458442193,0.011661827034809447,0.01652090103715398,0.01716879404719418,0.014901168512053697,0.07676570871894789,19.601783752441406
2557,2022-03-02,0.7013281188841042,0.6942014811330973,0.7013281188841042,0.6912860243743949,0.4901740247088518,0.010689987519749367,-0.00032394650501998967,0.003887234487284452,0.0035633497687425075,0.04176593012442986,19.592639923095703
2558,2022-03-03,0.6990605551354417,0.7097505426551911,0.7175250734162382,0.6967929913867797,0.894194748261967,-0.002267563748662438,0.015549061522093788,0.01619695453213399,0.005506967012384845,0.4040207235531152,20.03148651123047
2559,2022-03-04,0.7230320404286227,0.7074829789065289,0.7333980814433521,0.6997084481454819,1.0,0.02397148529318094,-0.0022675637486622158,0.01587300802711389,0.002915456758702195,0.10580525173803301,19.96748924255371
2560,2022-03-07,0.7201165836699204,0.7201165836699204,0.7220602627000406,0.7078069254115489,0.7423814373643891,-0.002915456758702306,0.012633604763391482,-0.011337818743311412,0.008098477266066939,-0.2576185626356109,20.324050903320312
2561,2022-03-08,0.7201165836699204,0.7191448059413383,0.7269193367023852,0.7022999583991643,0.7013328610016384,0.0,-0.000971777728582035,0.004859074002344532,-0.005506967012384623,-0.04104857636275072,20.2966251373291
2562,2022-03-09,0.7129899459189136,0.7081308719165689,0.7129899459189136,0.7010041723790841,0.45760970641633086,-0.007126637751006748,-0.011013934024769467,-0.013929390783471551,-0.0012957860200801807,-0.24372315458530752,19.985774993896484
2563,2022-03-10,0.7116941598988332,0.7052154151578666,0.7126659994138934,0.700680225874064,0.40178010007527787,-0.0012957860200804028,-0.002915456758702306,-0.0003239465050202117,-0.0003239465050201007,-0.055829606341052995,19.90349006652832
2564,2022-03-11,0.7022999583991643,0.7074829789065289,0.7097505426551911,0.6984126621254018,0.2270823185582075,-0.009394201499668964,0.002267563748662327,-0.002915456758702306,-0.0022675637486622158,-0.17469778151707036,19.96748924255371
2565,2022-03-14,0.7039196291377864,0.7061871928864486,0.7120181064038533,0.7022999583991643,0.28180489748926185,0.0016196707386221254,-0.0012957860200802918,0.0022675637486622158,0.003887296273762497,0.05472257893105434,19.930917739868164
2566,2022-03-15,0.6997084481454819,0.7035956826327662,0.7055393616628867,0.6967929913867797,0.3294247885577647,-0.004211180992304442,-0.0025915102536824275,-0.006478744740966658,-0.005506967012384512,0.04761989106850284,19.857778549194336
2567,2022-03-16,0.7035956826327662,0.6922578638894551,0.7055393616628867,0.691609970879415,0.23693929061683566,0.00388723448728423,-0.011337818743311079,0.0,-0.005183020507364744,-0.09248549794092903,19.53778648376465
2568,2022-03-17,0.6932296416180372,0.700356341155522,0.7022999583991643,0.6932296416180372,0.19465084355488643,-0.010366041014728933,0.008098477266066939,-0.003239403263722407,0.0016196707386222364,-0.04228844706194923,19.7663516998291
2569,2022-03-18,0.6974408843968197,0.700680225874064,0.700680225874064,0.6951732588616792,0.1593233848470088,0.004211242778782487,0.00032388471854194467,-0.0016197325251002814,0.001943617243642004,-0.035327458707877624,19.77549362182617
2570,2022-03-21,0.7081308719165689,0.7155814561725958,0.717849019921258,0.7078069254115489,0.473347208076872,0.010689987519749145,0.014901230298531853,0.01716879404719407,0.012633666549869638,0.31402382322986316,20.196054458618164
2571,2022-03-22,0.7191448059413383,0.7168771804061979,0.7194686906598802,0.7129899459189136,0.30036753310011954,0.011013934024769467,0.0012957242336020247,0.0016196707386221254,0.005183020507364744,-0.17297967497675243,20.23262405395508
2572,2022-03-23,0.7214123696900006,0.7201165836699204,0.725299604177285,0.7184969129312982,0.33645662666607623,0.0022675637486622158,0.003239403263722518,0.005830913517404834,0.005506967012384623,0.03608909356595669,20.324050903320312
2573,2022-03-24,0.7184969129312982,0.7152575096675756,0.7201165836699204,0.7133138924239336,0.36604525528052073,-0.002915456758702306,-0.004859074002344754,-0.005183020507364633,-0.005183020507364633,0.0295886286144445,20.186912536621094
2574,2022-03-25,0.7155814561725958,0.7207644766799605,0.7210884231849806,0.7146096166575356,0.2354957268741974,-0.002915456758702417,0.005506967012384845,0.0009718395150601911,0.0012957242336020247,-0.13054952840632333,20.34233665466309
2575,2022-03-28,0.7107223821702513,0.7100744891602112,0.7120181064038533,0.7071590324015087,0.3523358278350972,-0.004859074002344532,-0.010689987519749256,-0.009070316781127241,-0.00745058425602696,0.1168401009608998,20.04062843322754
2576,2022-03-29,0.7000323946505019,0.7045675221478265,0.7078069254115489,0.6932296416180372,0.3769295487756277,-0.010689987519749367,-0.005506967012384734,-0.004211180992304442,-0.01392939078347144,0.024593720940530472,19.885204315185547
2577,2022-03-30,0.7087787031401309,0.7133138924239336,0.7155814561725958,0.7084548184215891,0.2995527609263605,0.008746308489628984,0.00874637027610714,0.007774530761046949,0.015225176803551843,-0.07737678784926716,20.132057189941406
2578,2022-03-31,0.7152575096675756,0.7087787031401309,0.7201165836699204,0.7078069254115489,0.24336890581410794,0.006478806527444703,-0.004535189283802699,0.004535127497324543,-0.0006478930100402014,-0.05618385511225257,20.004058837890625
2579,2022-04-01,0.7087787031401309,0.7042435756428065,0.7120181064038533,0.7029478514092043,0.1397688526767923,-0.006478806527444703,-0.0045351274973244315,-0.00809847726606705,-0.004859074002344532,-0.10360005313731566,19.87606430053711
2580,2022-04-04,0.7107223821702513,0.7091026496451511,0.7116941598988332,0.7061871928864486,0.16101492272948678,0.0019436790301203821,0.004859074002344643,-0.0003239465050201007,0.003239341477244251,0.021246070052694493,20.013202667236328
2581,2022-04-05,0.7149335631625557,0.7116941598988332,0.7191448059413383,0.7113702133938132,0.3093565956693088,0.004211180992304442,0.0025915102536820944,0.007450646042505116,0.005183020507364633,0.148341672939822,20.08634376525879
2582,2022-04-06,0.7091026496451511,0.7113702133938132,0.7116941598988332,0.7074829789065289,0.19638666253376433,-0.005830913517404612,-0.00032394650501998967,-0.007450646042505116,-0.003887234487284341,-0.11296993313554446,20.07719993591309
2583,2022-04-07,0.7113702133938132,0.7129899459189136,0.7139617854339737,0.7094265961501711,0.14881105256166144,0.0022675637486621048,0.0016197325251003925,0.002267625535140483,0.001943617243642226,-0.04757560997210289,20.122913360595703
2584,2022-04-08,0.716553295687656,0.7240038799436829,0.7243278264487027,0.716553295687656,0.490820528716291,0.005183082293842789,0.011013934024769245,0.010366041014729044,0.007126699537484904,0.34200947615462957,20.43376350402832
2585,2022-04-11,0.7269193367023852,0.7298347934610876,0.7304826246846495,0.7240038799436829,0.4646769694017624,0.010366041014729155,0.005830913517404723,0.006154798235946779,0.007450584256026849,-0.026143559314528608,20.598329544067383
2586,2022-04-12,0.734045974453392,0.7356656451920142,0.7376093242221345,0.7324263037147698,0.3495903998583005,0.007126637751006859,0.005830851730926567,0.007126699537485015,0.008422423771086929,-0.11508656954346191,20.762895584106445
2587,2022-04-13,0.7333980814433521,0.7346938674634321,0.7353417604734722,0.7291869004510476,0.25938095027232877,-0.0006478930100399793,-0.000971777728582035,-0.002267563748662327,-0.003239403263722185,-0.09020944958597171,20.735469818115234
2588,2022-04-14,0.7330741349383318,0.7311305176946896,0.734045974453392,0.7298347934610876,0.289979187884692,-0.0003239465050202117,-0.0035633497687425075,-0.0012957860200801807,0.0006478930100399793,0.030598237612363244,20.63490104675293
2589,2022-04-18,0.7346938674634321,0.7398768879707968,0.7411726122043988,0.734369920958412,0.3438161448877474,0.0016197325251002814,0.00874637027610714,0.007126637751006748,0.0045351274973244315,0.05383695700305541,20.88175201416016
2590,2022-04-19,0.7369614312120943,0.7327502502197899,0.7369614312120943,0.7321023572097498,0.3957844396227251,0.0022675637486622158,-0.007126637751006859,-0.004211180992304442,-0.0022675637486622158,0.05196829473497766,20.680614471435547
2591,2022-04-20,0.7353417604734722,0.733722027948372,0.735989591697034,0.7285390074410073,0.271655670194394,-0.0016196707386221254,0.0009717777285821461,-0.0009718395150603021,-0.0035633497687425075,-0.12412876942833106,20.70804023742676
2592,2022-04-21,0.733722027948372,0.7324263037147698,0.7346938674634321,0.7301587399661077,0.24116370721339062,-0.0016197325251001704,-0.0012957242336022468,-0.0012957242336019137,0.0016197325251003925,-0.0304919629810034,20.67147254943848
2593,2022-04-22,0.7311305176946896,0.7233559869336427,0.7321023572097498,0.7230320404286227,0.3046185183545145,-0.0025915102536824275,-0.00907031678112713,-0.0025915102536823165,-0.007126699537485015,0.06345481114112386,20.415477752685547
2594,2022-04-25,0.716553295687656,0.7175250734162382,0.7188208594363182,0.7113702133938132,0.4922375238010893,-0.014577222007033597,-0.005830913517404501,-0.013281497773431572,-0.011661827034809447,0.18761900544657484,20.25090789794922
2595,2022-04-26,0.7227080939236026,0.7194686906598802,0.7243278264487027,0.7142856701525157,0.26989328255767614,0.006154798235946557,0.001943617243642004,0.005506967012384512,0.002915456758702417,-0.22234424124341318,20.30576705932617
2596,2022-04-27,0.7201165836699204,0.7194686906598802,0.7223841474185826,0.7175250734162382,0.2995084798299606,-0.0025915102536822054,0.0,-0.00194367903012016,0.003239403263722518,0.029615197272284455,20.30576705932617
2597,2022-04-28,0.7214123696900006,0.7227080939236026,0.7233559869336427,0.7172011269112181,0.17564539698002923,0.0012957860200801807,0.003239403263722407,0.00097183951506008,-0.0003239465050201007,-0.12386308284993136,20.397192001342773
2598,2022-04-29,0.7243278264487027,0.7149335631625557,0.724651772953723,0.7146096166575356,0.13187796129832174,0.002915456758702195,-0.007774530761046838,0.0012957860200802918,-0.0025915102536824275,-0.04376743568170749,20.17776870727539
2599,2022-05-02,0.7116941598988332,0.7123420529088734,0.7126659994138934,0.7055393616628867,0.18894743833857328,-0.012633666549869527,-0.0025915102536823165,-0.011985773539829547,-0.009070254994648974,0.05706947704025153,20.10462760925293
2600,2022-05-03,0.7139617854339737,0.7084548184215891,0.7175250734162382,0.7071590324015087,0.11986892795465616,0.002267625535140483,-0.003887234487284341,0.004859074002344754,0.0016196707386220144,-0.06907851038391712,19.994918823242188
2601,2022-05-04,0.7133138924239336,0.7149335631625557,0.7172011269112181,0.7100744891602112,0.1549307000841341,-0.0006478930100400904,0.006478744740966658,-0.0003239465050201007,0.002915456758702528,0.03506177212947793,20.17776870727539
2602,2022-05-05,0.7181729664262781,0.7162293491826358,0.7181729664262781,0.7123420529088734,0.14270911747774875,0.004859074002344532,0.0012957860200800697,0.00097183951506008,0.0022675637486622158,-0.01222158260638534,20.214340209960938
2603,2022-05-06,0.7120181064038533,0.7074829789065289,0.7133138924239336,0.7058633081679068,0.22987202763140416,-0.006154860022424824,-0.008746370276106918,-0.004859074002344532,-0.006478744740966658,0.0871629101536554,19.96748924255371
2604,2022-05-09,0.7032717361277463,0.6909620778693747,0.7039196291377864,0.6890184606257327,0.5379621839436745,-0.00874637027610703,-0.0165209010371542,-0.00939426328614723,-0.01684484754217408,0.3080901563122703,19.5012149810791
2605,2022-05-10,0.6987366086304218,0.6958211518717194,0.700680225874064,0.6951732588616792,0.18277465350042066,-0.004535127497324543,0.004859074002344754,-0.003239403263722407,0.006154798235946557,-0.3551875304432538,19.638355255126957
2606,2022-05-11,0.7029478514092043,0.7084548184215891,0.7100744891602112,0.7022999583991643,0.296656777221804,0.004211242778782598,0.012633666549869638,0.00939426328614723,0.007126699537485015,0.11388212372138334,19.994918823242188
2607,2022-05-12,0.7055393616628867,0.7116941598988332,0.7126659994138934,0.7016520653891242,0.2925917725722889,0.0025915102536823165,0.00323934147724414,0.0025915102536822054,-0.0006478930100400904,-0.0040650046495150916,20.08634376525879
2608,2022-05-13,0.7126659994138934,0.7184969129312982,0.7188208594363182,0.7097505426551911,0.1745826506664305,0.007126637751006748,0.006802753032465025,0.006154860022424824,0.008098477266066939,-0.11800912190585841,20.27833747863769
2609,2022-05-16,0.7327502502197899,0.7398768879707968,0.7418205052144391,0.7321023572097498,0.6893326838772528,0.020084250805896486,0.02137997503949851,0.02299964577812086,0.022351814554558702,0.5147500332108222,20.88175201416016
2610,2022-05-17,0.7353417604734722,0.7437641224580811,0.7453838549831815,0.7353417604734722,0.4493911349245007,0.0025915102536823165,0.003887234487284341,0.0035633497687423965,0.003239403263722407,-0.23994154895275205,20.9914608001709
2611,2022-05-18,0.735989591697034,0.7256235506823051,0.7363135382020543,0.7243278264487027,0.33906921135367313,0.0006478312235618233,-0.018140571775775993,-0.009070316781127241,-0.011013934024769467,-0.1103219235708276,20.479475021362305
2612,2022-05-19,0.7214123696900006,0.725299604177285,0.7282150609359873,0.7191448059413383,0.19002789709073198,-0.014577222007033486,-0.0003239465050201007,-0.008098477266066939,-0.005183020507364411,-0.14904131426294115,20.4703311920166
2613,2022-05-20,0.7220602627000406,0.7204405301749404,0.7233559869336427,0.7191448059413383,0.12732586458840722,0.0006478930100400904,-0.004859074002344643,-0.004859074002344643,0.0,-0.06270203250232476,20.333192825317383
2614,2022-05-23,0.7227080939236026,0.7269193367023852,0.7272432832074053,0.7217363161950207,0.1869902138776956,0.0006478312235619343,0.006478806527444814,0.0038872962737626082,0.0025915102536823165,0.059664349289288376,20.516048431396484
2615,2022-05-24,0.724651772953723,0.7181729664262781,0.724651772953723,0.7136378389289536,0.13223221006952132,0.0019436790301203821,-0.00874637027610703,-0.0025915102536823165,-0.00809847726606705,-0.05475800380817428,20.269193649291992
2616,2022-05-25,0.7113702133938132,0.7146096166575356,0.7162293491826358,0.7100744891602112,0.17554797856794935,-0.013281559559909728,-0.0035633497687425075,-0.00842242377108715,-0.0035633497687423965,0.043315768498428026,20.16862678527832
2617,2022-05-26,0.7162293491826358,0.7217363161950207,0.725299604177285,0.7152575096675756,0.15822521365629014,0.004859135788822577,0.007126699537485015,0.009070254994649196,0.005183020507364411,-0.01732276491165921,20.36976432800293
2618,2022-05-27,0.7230320404286227,0.7262714436923451,0.7285390074410073,0.7223841474185826,0.14430323694814684,0.006802691245986869,0.0045351274973244315,0.003239403263722296,0.00712663775100697,-0.013921976708143297,20.49776077270508
2619,2022-05-31,0.7256235506823051,0.7123420529088734,0.7256235506823051,0.7110463286752713,0.20668644555639198,0.0025915102536824275,-0.013929390783471662,-0.002915456758702195,-0.011337818743311301,0.062383208608245144,20.10462760925293
2620,2022-06-01,0.7155814561725958,0.7116941598988332,0.7191448059413383,0.7074829789065289,0.16707257671699952,-0.010042094509709276,-0.0006478930100402014,-0.006478744740966769,-0.0035633497687423965,-0.03961386883939247,20.08634376525879
2621,2022-06-02,0.7168771804061979,0.7152575096675756,0.7194686906598802,0.7146096166575356,0.15996103263516806,0.0012957242336020247,0.0035633497687423965,0.00032388471854183365,0.007126637751006748,-0.007111544081831456,20.186912536621094
2622,2022-06-03,0.7136378389289536,0.7084548184215891,0.7149335631625557,0.7074829789065289,0.20714696895895143,-0.003239341477244251,-0.006802691245986536,-0.0045351274973244315,-0.007126637751006748,0.04718593632378337,19.994918823242188
2623,2022-06-06,0.7162293491826358,0.717849019921258,0.7197926371649002,0.7142856701525157,0.1293362263649648,0.0025915102536822054,0.009394201499668964,0.004859074002344421,0.006802691245986758,-0.07781074259398663,20.26005172729492
2624,2022-06-07,0.7159054026776159,0.7162293491826358,0.7168771804061979,0.7116941598988332,0.20400301111455518,-0.00032394650501987865,-0.0016196707386222364,-0.002915456758702306,-0.0025915102536824275,0.07466678474959038,20.214340209960938
2625,2022-06-08,0.7181729664262781,0.7184969129312982,0.7217363161950207,0.716553295687656,0.1857503431784971,0.0022675637486622158,0.002267563748662438,0.004859135788822799,0.004859135788822799,-0.018252667936058092,20.27833747863769
2626,2022-06-09,0.7152575096675756,0.7184969129312982,0.7207644766799605,0.7149335631625557,0.09772837975468272,-0.002915456758702528,0.0,-0.0009718395150601911,-0.0016197325251002814,-0.08802196342381437,20.27833747863769
2627,2022-06-10,0.7146096166575356,0.7129899459189136,0.7155814561725958,0.7103984356652312,0.13048753487136341,-0.0006478930100399793,-0.005506967012384623,-0.005183020507364633,-0.004535127497324543,0.03275915511668069,20.122913360595703
2628,2022-06-13,0.7087787031401309,0.7048914686528467,0.7087787031401309,0.6967929913867797,0.29745383695700306,-0.005830913517404723,-0.008098477266066939,-0.006802753032464914,-0.01360544427845145,0.16696630208563965,19.89434814453125
2629,2022-06-14,0.7045675221478265,0.7029478514092043,0.7058633081679068,0.700680225874064,0.17446751981579064,-0.004211180992304442,-0.0019436172436423371,-0.00291539497222415,0.00388723448728423,-0.12298631714121241,19.83949279785156
2630,2022-06-15,0.6997084481454819,0.7032717361277463,0.7061871928864486,0.6990605551354417,0.20123101447991854,-0.004859074002344532,0.00032388471854194467,0.00032388471854183365,-0.0016196707386222364,0.02676349466412789,19.848634719848636
2631,2022-06-16,0.7058633081679068,0.7103984356652312,0.7123420529088734,0.7055393616628867,0.2511003852455387,0.006154860022424824,0.007126699537484904,0.006154860022424824,0.006478806527444925,0.04986937076562015,20.04977226257324
2632,2022-06-17,0.7133138924239336,0.7061871928864486,0.7162293491826358,0.7061871928864486,0.177505203028827,0.007450584256026849,-0.004211242778782598,0.003887296273762386,0.0006478312235619343,-0.07359518221671169,19.930917739868164
2633,2022-06-21,0.7042435756428065,0.6984126621254018,0.7065111393914687,0.6971169378917996,0.5149005889385821,-0.00907031678112713,-0.007774530761046838,-0.00971820979116711,-0.009070254994648974,0.33739538590975515,19.71149444580078
2634,2022-06-22,0.6958211518717194,0.6899902383543147,0.6980887156203817,0.6896663536357728,0.31312048886330424,-0.00842242377108704,-0.00842242377108704,-0.00842242377108704,-0.007450584256026849,-0.2017801000752779,19.473785400390625
2635,2022-06-23,0.6838354401183679,0.6692581563248563,0.6848072178469502,0.6689342098198363,0.7594562281362086,-0.011985711753351502,-0.02073208202945842,-0.013281497773431461,-0.020732143815936466,0.4463357392729044,18.888660430908203
2636,2022-06-24,0.6744411768322208,0.6715257200735185,0.675736962852301,0.6705539423449365,0.27037151839879553,-0.00939426328614712,0.0022675637486622158,-0.009070254994649196,0.0016197325251001704,-0.4890847097374131,18.952655792236328
2637,2022-06-27,0.6708778270634784,0.6634272428074516,0.6715257200735185,0.6627793497974114,0.22045786653677546,-0.0035633497687423965,-0.008098477266066939,-0.004211242778782487,-0.007774592547525105,-0.04991365186202007,18.724090576171875
2638,2022-06-28,0.6679624320912542,0.6663426995661539,0.6715257200735185,0.6656948065561138,0.19789221981136254,-0.002915394972224261,0.002915456758702306,0.0,0.002915456758702417,-0.02256564672541292,18.80637550354004
2639,2022-06-29,0.6718496665785385,0.6705539423449365,0.6718496665785385,0.6682863168097961,0.16196253819244563,0.003887234487284341,0.004211242778782598,0.00032394650501998967,0.0025915102536823165,-0.03592968161891691,18.92523193359375
2640,2022-06-30,0.6679624320912542,0.6601878395437291,0.6705539423449365,0.6598639548251872,0.2319886640393216,-0.003887234487284341,-0.010366102801207422,-0.0012957242336020247,-0.008422361984608884,0.07002612584687598,18.632665634155277
2641,2022-07-01,0.659540008320167,0.6472302882753176,0.659540008320167,0.6469063417702974,0.42268963379533275,-0.00842242377108715,-0.012957551268411471,-0.011013934024769467,-0.01295761305488985,0.19070096975601114,18.2669620513916
2642,2022-07-05,0.6436670002930532,0.6333008974918459,0.6439908850115952,0.6310333337431836,0.4268874817340477,-0.015873008027113777,-0.013929390783471662,-0.015549123308571833,-0.015873008027113777,0.004197847938714971,17.87382698059082
2643,2022-07-06,0.6397797040192907,0.6362163542505483,0.6407515435343509,0.6310333337431836,0.35969534605676834,-0.003887296273762497,0.002915456758702417,-0.003239341477244251,0.0,-0.06719213567727939,17.956111907958984
2644,2022-07-07,0.6478781812853577,0.6482021277903779,0.6514415310541001,0.6452866710316754,0.2218305805251738,0.008098477266066939,0.011985773539829547,0.010689987519749145,0.014253337288491763,-0.13786476553159455,18.29438781738281
2645,2022-07-08,0.6511175845490801,0.6601878395437291,0.6608357325537694,0.6507936380440601,0.10880751007394943,0.003239403263722407,0.01198571175335117,0.009394201499669297,0.005506967012384734,-0.11302307045122437,18.632665634155277
2646,2022-07-11,0.6640751358174917,0.6559766585514246,0.6647230288275318,0.6550048190363644,0.08195545321702165,0.012957551268411582,-0.004211180992304442,0.003887296273762386,0.004211180992304331,-0.026852056856927778,18.513811111450195
2647,2022-07-12,0.649173967305438,0.6378360867756485,0.6514415310541001,0.6375121402706285,0.18946109905681266,-0.014901168512053697,-0.018140571775776104,-0.013281497773431683,-0.017492678765735903,0.10750564583979101,18.0018253326416
2648,2022-07-13,0.640103650524311,0.640103650524311,0.6475542347803377,0.6384839179992104,0.31361643714298365,-0.009070316781127019,0.002267563748662438,-0.003887296273762386,0.000971777728581924,0.12415533808617099,18.06582260131836
2649,2022-07-14,0.6365403007555684,0.6323291197632639,0.6368642472605883,0.6313572802482037,0.4111588362927866,-0.0035633497687425075,-0.00777453076104706,-0.010689987519749367,-0.007126637751006748,0.09754239914980295,17.846399307250977
2650,2022-07-15,0.6336248439968659,0.6365403007555684,0.6388078645042304,0.6316812267532238,0.07452508524111057,-0.002915456758702528,0.004211180992304553,0.001943617243642115,0.0003239465050201007,-0.33663375105167603,17.965253829956055
2651,2022-07-18,0.6469063417702974,0.6501457450340199,0.6537090948027624,0.6469063417702974,0.12471327990081034,0.013281497773431461,0.01360544427845145,0.014901230298531964,0.015225115017073576,0.05018819465969977,18.349245071411133
2652,2022-07-19,0.6433430537880331,0.6462585105467356,0.6485260742953978,0.6404275970293308,0.1557631846964531,-0.0035632879822642405,-0.003887234487284341,-0.005183020507364633,-0.006478744740966547,0.03104990479564275,18.23953437805176
2653,2022-07-20,0.6475542347803377,0.6462585105467356,0.6478781812853577,0.6433430537880331,0.10981711907186822,0.004211180992304553,0.0,-0.0006478930100400904,0.002915456758702306,-0.045946065624584864,18.23953437805176
2654,2022-07-21,0.6381600332806686,0.6349206300169462,0.642047267767953,0.633948790501886,0.1754948412522694,-0.009394201499669075,-0.011337880529789346,-0.005830913517404723,-0.00939426328614712,0.06567772218040119,17.91954231262207
2655,2022-07-22,0.6281178769844814,0.6252024202257789,0.632977012773304,0.624878535507237,0.151671611389098,-0.01004215629618721,-0.009718209791167332,-0.009070254994648974,-0.009070254994648974,-0.023823229863171425,17.645261764526367
2656,2022-07-25,0.6326530662682839,0.6336248439968659,0.6345966835119261,0.6277939304794612,0.0739140061107913,0.0045351892838024765,0.00842242377108704,0.0016196707386221254,0.00291539497222415,-0.07775760527830669,17.88296890258789
2657,2022-07-26,0.6413993747579129,0.6413993747579129,0.6433430537880331,0.6375121402706285,0.09486782092724616,0.008746308489628984,0.007774530761046949,0.00874637027610703,0.009718209791167332,0.020953814816454863,18.102392196655277
2658,2022-07-27,0.6462585105467356,0.6459345640417156,0.6478781812853577,0.6433430537880331,0.11293450825842448,0.004859135788822688,0.004535189283802699,0.004535127497324543,0.005830913517404612,0.01806668733117832,18.230392456054688
2659,2022-07-28,0.6507936380440601,0.6520893622776621,0.6540330413077825,0.6501457450340199,0.12493468538281008,0.004535127497324543,0.006154798235946557,0.006154860022424824,0.006802691245986758,0.0120001771243856,18.40410041809082
2660,2022-07-29,0.6556527120464046,0.6540330413077825,0.658892115310127,0.6527372552877023,0.12502324757560998,0.004859074002344532,0.0019436790301203821,0.004859074002344532,0.0025915102536824275,8.856219279990141e-05,18.45895767211914
2661,2022-08-01,0.6456106175366955,0.6465823952652775,0.6472302882753176,0.6397797040192907,0.1420891821281495,-0.010042094509709165,-0.007450646042505005,-0.011661827034809447,-0.012957551268411582,0.01706593455253952,18.248676300048828
2662,2022-08-02,0.6407515435343509,0.6375121402706285,0.6436670002930532,0.6371881937656084,0.14495859717486606,-0.004859074002344532,-0.009070254994648974,-0.0035632879822643515,-0.0025915102536823165,0.0028694150467165613,17.9926815032959
2663,2022-08-03,0.6439908850115952,0.640103650524311,0.6456106175366955,0.6358924077455282,0.08645441261125625,0.003239341477244251,0.0025915102536824275,0.001943617243642226,-0.0012957860200801807,-0.05850418456360981,18.06582260131836
2664,2022-08-04,0.640103650524311,0.6498217985289999,0.6507936380440601,0.6391318110092506,0.07312580259487225,-0.00388723448728423,0.009718148004688953,0.005183020507364633,0.003239403263722407,-0.013328610016383996,18.340103149414062
2665,2022-08-05,0.6452866710316754,0.6469063417702974,0.6511175845490801,0.6446387780216354,0.10386573971571536,0.005183020507364411,-0.002915456758702528,0.00032394650501998967,0.005506967012384734,0.030739937120843108,18.2578182220459
2666,2022-08-08,0.6459345640417156,0.6504696915390399,0.6527372552877023,0.6459345640417156,0.11918699907009697,0.0006478930100402014,0.0035633497687425075,0.0016196707386222364,0.0012957860200801807,0.015321259354381611,18.358386993408203
2667,2022-08-09,0.6524133087826823,0.6530612017927223,0.6540330413077825,0.6494978520239798,0.10376832130363547,0.006478744740966769,0.0025915102536824275,0.0012957860200801807,0.0035632879822642405,-0.015418677766461497,18.43152618408203
2668,2022-08-10,0.658892115310127,0.6618075720688293,0.6637511893124716,0.6566245515614648,0.12651994863392818,0.006478806527444703,0.00874637027610703,0.009718148004689064,0.007126699537485015,0.022751627330292706,18.67837905883789
2669,2022-08-11,0.6637511893124716,0.6679624320912542,0.6679624320912542,0.6637511893124716,0.10123544258955852,0.004859074002344532,0.006154860022424824,0.004211242778782598,0.007126637751006748,-0.02528450604436966,18.852088928222656
2670,2022-08-12,0.6673145390812141,0.6692581563248563,0.6695821028298763,0.6618075720688293,0.1344905459859186,0.0035633497687425075,0.0012957242336021357,0.0016196707386221254,-0.001943617243642226,0.03325510339636009,18.888660430908203
2671,2022-08-15,0.6631032963024314,0.6647230288275318,0.6663426995661539,0.6605117860487493,0.1389983615994332,-0.004211242778782709,-0.004535127497324543,-0.003239403263722407,-0.0012957860200800697,0.004507815613514599,18.760662078857425
2672,2022-08-16,0.6614836255638094,0.6546808725313444,0.6640751358174917,0.6543569878128025,0.09909223752380109,-0.0016196707386220144,-0.010042156296187321,-0.0022675637486622158,-0.006154798235946779,-0.03990612407563213,18.47724151611328
2673,2022-08-17,0.6569484980664848,0.6546808725313444,0.6585681688051068,0.6533851482977424,0.0785015276978258,-0.004535127497324543,0.0,-0.005506967012384845,-0.00097183951506008,-0.020590709825975287,18.47724151611328
2674,2022-08-18,0.6546808725313444,0.6449627245266554,0.6546808725313444,0.6449627245266554,0.1576672718416508,-0.002267625535140372,-0.009718148004689064,-0.003887296273762386,-0.00842242377108704,0.079165744143825,18.20296287536621
2675,2022-08-19,0.6459345640417156,0.6511175845490801,0.6520893622776621,0.6436670002930532,0.09249435416020901,-0.008746308489628873,0.006154860022424713,-0.0025915102536823165,-0.0012957242336021357,-0.06517291768144179,18.376672744750977
2676,2022-08-22,0.6511175845490801,0.6563006050564448,0.6579202757950668,0.6498217985289999,0.10480449895939424,0.005183020507364522,0.005183020507364744,0.005830913517404723,0.006154798235946668,0.012310144799185227,18.522953033447266
2677,2022-08-23,0.6592160618151471,0.6656948065561138,0.666990592576194,0.6592160618151471,0.17306823716955233,0.00809847726606705,0.009394201499668964,0.00907031678112713,0.00939426328614723,0.06826373821015809,18.788089752197266
2678,2022-08-24,0.6692581563248563,0.6682863168097961,0.6718496665785385,0.6643990823225118,0.14734977638046318,0.010042094509709165,0.0025915102536823165,0.004859074002344532,0.005183020507364633,-0.025718460789089154,18.861230850219727
2679,2022-08-25,0.667638485586234,0.6640751358174917,0.6689342098198363,0.6627793497974114,0.12887570296240536,-0.0016196707386223475,-0.004211180992304442,-0.002915456758702195,-0.0016197325251003925,-0.018474073418057818,18.74237632751465
2680,2022-08-26,0.6663426995661539,0.6724975595885788,0.6734693991036389,0.6650469753325519,0.1934906788292078,-0.0012957860200800697,0.00842242377108715,0.004535189283802588,0.002267625535140483,0.06461497586680245,18.98008728027344
2681,2022-08-29,0.6692581563248563,0.6734693991036389,0.675089069842261,0.666990592576194,0.21345259708630385,0.002915456758702417,0.00097183951506008,0.0016196707386221254,0.001943617243642115,0.019961918257096034,19.00751304626465
2682,2022-08-30,0.6705539423449365,0.6705539423449365,0.6718496665785385,0.667638485586234,0.20480007084975424,0.0012957860200801807,-0.002915456758702417,-0.003239403263722518,0.0006478930100399793,-0.008652526236549607,18.92523193359375
2683,2022-08-31,0.6682863168097961,0.6682863168097961,0.6699060493348964,0.6653709218375718,0.09824204047292211,-0.002267625535140372,-0.002267625535140372,-0.001943617243642115,-0.0022675637486621048,-0.10655803037683213,18.861230850219727
2684,2022-09-01,0.6647230288275318,0.6579202757950668,0.6666666460711739,0.6569484980664848,0.21519727228446175,-0.0035632879822643515,-0.010366041014729266,-0.003239403263722518,-0.00842242377108704,0.11695523181153965,18.568666458129883
2685,2022-09-02,0.6608357325537694,0.6601878395437291,0.6647230288275318,0.6598639548251872,0.06544746047912146,-0.003887296273762386,0.0022675637486622158,-0.001943617243642115,0.002915456758702417,-0.1497498118053403,18.632665634155277
2686,2022-09-06,0.6608357325537694,0.6618075720688293,0.6621315185738494,0.6572724445715049,0.1079218881459505,0.0,0.0016197325251002814,-0.0025915102536823165,-0.0025915102536823165,0.04247442766682903,18.67837905883789
2687,2022-09-07,0.6614836255638094,0.6575963292900467,0.6705539423449365,0.6569484980664848,0.14789886197582253,0.0006478930100399793,-0.004211242778782598,0.00842242377108704,-0.0003239465050201007,0.03997697382987203,18.559526443481445
2688,2022-09-08,0.658244222300087,0.6572724445715049,0.6614836255638094,0.6530612017927223,0.18054288624186335,-0.003239403263722407,-0.00032388471854183365,-0.00907031678112713,-0.003887296273762497,0.03264402426604082,18.55038452148437
2689,2022-09-09,0.6614836255638094,0.6695821028298763,0.6695821028298763,0.6611596790587893,0.12449187441881061,0.003239403263722407,0.012309658258371381,0.008098477266066939,0.008098477266066939,-0.056051011823052735,18.897802352905277
2690,2022-09-12,0.6682863168097961,0.6741172303272008,0.6741172303272008,0.6656948065561138,0.1373333923747952,0.006802691245986758,0.004535127497324543,0.004535127497324543,0.004535127497324543,0.01284151795598458,19.025798797607425
2691,2022-09-13,0.6682863168097961,0.6699060493348964,0.6718496665785385,0.667638485586234,0.10502590444139397,0.0,-0.004211180992304442,-0.002267563748662327,0.00194367903012016,-0.03230748793340123,18.906946182250977
2692,2022-09-14,0.6679624320912542,0.6656948065561138,0.6702299958399164,0.6650469753325519,0.06779435858831864,-0.00032388471854194467,-0.004211242778782598,-0.0016196707386221254,-0.0025915102536820944,-0.037231545853075323,18.788089752197266
2693,2022-09-15,0.6656948065561138,0.6653709218375718,0.6712017735684983,0.6647230288275318,0.07985652924766418,-0.002267625535140372,-0.00032388471854194467,0.000971777728581924,-0.0003239465050201007,0.012062170659345534,18.778949737548828
2694,2022-09-16,0.6611596790587893,0.6647230288275318,0.6663426995661539,0.658892115310127,0.07478191560023026,-0.004535127497324543,-0.0006478930100400904,-0.004859074002344421,-0.005830913517404723,-0.005074613647433918,18.760662078857425
2695,2022-09-19,0.6598639548251872,0.6647230288275318,0.6656948065561138,0.658892115310127,0.09776380463180269,-0.0012957242336020247,0.0,-0.0006478930100400904,0.0,0.02298188903157243,18.760662078857425
2696,2022-09-20,0.6673145390812141,0.6734693991036389,0.675413016347281,0.6666666460711739,0.08875702962405349,0.007450584256026849,0.00874637027610714,0.00971820979116722,0.007774530761046838,-0.009006775007749199,19.00751304626465
2697,2022-09-21,0.6741172303272008,0.6689342098198363,0.6747651233372408,0.6673145390812141,0.11764601691537882,0.006802691245986758,-0.004535189283802588,-0.0006478930100402014,0.0006478930100402014,0.02888898729132533,18.8795166015625
2698,2022-09-22,0.6692581563248563,0.6692581563248563,0.6712017735684983,0.6663426995661539,0.06495151219944206,-0.004859074002344532,0.00032394650501998967,-0.0035633497687425075,-0.0009718395150601911,-0.05269450471593676,18.888660430908203
2699,2022-09-23,0.6611596790587893,0.6563006050564448,0.6611596790587893,0.6533851482977424,0.2099012531550281,-0.00809847726606705,-0.012957551268411471,-0.010042094509709054,-0.012957551268411471,0.14494974095558605,18.522953033447266
2700,2022-09-26,0.6575963292900467,0.6456106175366955,0.6621315185738494,0.6456106175366955,0.3719434973209937,-0.0035633497687425075,-0.010689987519749367,0.0009718395150601911,-0.007774530761046949,0.16204224416596558,18.221248626708984
2701,2022-09-27,0.6533851482977424,0.6469063417702974,0.6550048190363644,0.6465823952652775,0.22643581455076828,-0.004211180992304331,0.0012957242336019137,-0.007126699537485015,0.000971777728582035,-0.1455076827702254,18.2578182220459
2702,2022-09-28,0.6485260742953978,0.6524133087826823,0.6530612017927223,0.6485260742953978,0.09180356905636984,-0.004859074002344643,0.005506967012384956,-0.001943617243642115,0.001943679030120271,-0.13463224549439845,18.41324234008789
2703,2022-09-29,0.6537090948027624,0.6527372552877023,0.6546808725313444,0.6494978520239798,0.06161271753088606,0.005183020507364633,0.00032394650501998967,0.0016196707386221254,0.000971777728582035,-0.03019085152548378,18.422386169433597
2704,2022-09-30,0.6540330413077825,0.6485260742953978,0.6566245515614648,0.6482021277903779,0.1619005446574857,0.0003239465050201007,-0.004211180992304553,0.0019436790301203821,-0.0012957242336019137,0.10028782712659964,18.30353164672852
2705,2022-10-03,0.6494978520239798,0.6498217985289999,0.6517654775591203,0.6472302882753176,0.0784218217243059,-0.004535189283802699,0.0012957242336021357,-0.004859074002344532,-0.0009718395150603021,-0.08347872293317982,18.340103149414062
2706,2022-10-04,0.6540330413077825,0.6517654775591203,0.6575963292900467,0.6504696915390399,0.13736881725191516,0.004535189283802699,0.0019436790301203821,0.005830851730926456,0.003239403263722296,0.058946995527609264,18.39495849609375
2707,2022-10-05,0.6517654775591203,0.6556527120464046,0.6575963292900467,0.6514415310541001,0.12687419740512776,-0.0022675637486622158,0.003887234487284341,0.0,0.0009718395150601911,-0.0104946198467874,18.50466728210449
2708,2022-10-06,0.6543569878128025,0.6527372552877023,0.6543569878128025,0.6494978520239798,0.056378691936412345,0.0025915102536822054,-0.002915456758702306,-0.003239341477244251,-0.001943679030120271,-0.07049550546871541,18.422386169433597
2709,2022-10-07,0.6533851482977424,0.6537090948027624,0.6550048190363644,0.6511175845490801,0.053420714696895896,-0.00097183951506008,0.00097183951506008,0.0006478312235619343,0.0016197325251002814,-0.002957977239516449,18.44981384277344
2710,2022-10-10,0.658892115310127,0.6614836255638094,0.6634272428074516,0.6585681688051068,0.07521587034494974,0.005506967012384623,0.007774530761046949,0.00842242377108715,0.007450584256026738,0.021795155648053843,18.66923713684082
2711,2022-10-11,0.6598639548251872,0.658892115310127,0.6611596790587893,0.6579202757950668,0.06088650754992694,0.0009718395150601911,-0.0025915102536823165,-0.002267563748662327,-0.0006478930100399793,-0.014329362795022803,18.59609603881836
2712,2022-10-12,0.6553287655413845,0.6537090948027624,0.6572724445715049,0.6517654775591203,0.09798521011380242,-0.004535189283802699,-0.005183020507364633,-0.003887234487284341,-0.006154798235946557,0.03709870256387548,18.44981384277344
2713,2022-10-13,0.6482021277903779,0.6537090948027624,0.6559766585514246,0.6472302882753176,0.09337997608820794,-0.007126637751006637,0.0,-0.0012957860200802918,-0.004535189283802699,-0.004605234025594471,18.44981384277344
2714,2022-10-14,0.6543569878128025,0.6498217985289999,0.6559766585514246,0.6485260742953978,0.048664924943541604,0.006154860022424602,-0.003887296273762497,0.0,0.0012957860200801807,-0.04471505114466634,18.340103149414062
2715,2022-10-17,0.6504696915390399,0.6498217985289999,0.6524133087826823,0.649173967305438,0.04577779745826507,-0.0038872962737626082,0.0,-0.0035633497687422855,0.0006478930100402014,-0.0028871274852765375,18.340103149414062
2716,2022-10-18,0.6472302882753176,0.6488500208004179,0.6488500208004179,0.6456106175366955,0.07070805473143515,-0.003239403263722296,-0.000971777728582035,-0.0035632879822644625,-0.0035633497687425075,0.024930257273170088,18.312673568725582
2717,2022-10-19,0.6465823952652775,0.6475542347803377,0.6488500208004179,0.6452866710316754,0.06803347650887837,-0.0006478930100400904,-0.0012957860200801807,0.0,-0.0003239465050201007,-0.0026745782225567893,18.276103973388672
2718,2022-10-20,0.6478781812853577,0.6478781812853577,0.6514415310541001,0.6478781812853577,0.03993269273347208,0.0012957860200801807,0.00032394650501998967,0.0025915102536822054,0.0025915102536823165,-0.028100783775406285,18.285245895385746
2719,2022-10-21,0.6459345640417156,0.6494978520239798,0.6527372552877023,0.6452866710316754,0.16848071558251781,-0.001943617243642115,0.0016196707386221254,0.0012957242336022468,-0.0025915102536823165,0.12854802284904573,18.33095932006836
2720,2022-10-24,0.6501457450340199,0.6472302882753176,0.6504696915390399,0.6472302882753176,0.08292963733782048,0.004211180992304331,-0.0022675637486622158,-0.002267563748662438,0.001943617243642226,-0.08555107824469733,18.2669620513916
2721,2022-10-25,0.6443148315166153,0.6452866710316754,0.6469063417702974,0.6439908850115952,0.08401009608997918,-0.005830913517404612,-0.001943617243642226,-0.0035633497687425075,-0.003239403263722407,0.0010804587521587028,18.21210289001465
2722,2022-10-26,0.6446387780216354,0.642695160777993,0.6462585105467356,0.642371214272973,0.15011291679581987,0.0003239465050201007,-0.0025915102536823165,-0.0006478312235618233,-0.0016196707386222364,0.06610282070584068,18.13896369934082
2723,2022-10-27,0.6439908850115952,0.6388078645042304,0.6456106175366955,0.6381600332806686,0.11172120621706594,-0.0006478930100402014,-0.0038872962737626082,-0.0006478930100400904,-0.004211180992304331,-0.03839171057875393,18.029253005981445
2724,2022-10-28,0.6352445765219661,0.6355685230269863,0.6365403007555684,0.6316812267532238,0.08336359208253996,-0.008746308489629095,-0.00323934147724414,-0.009070316781127019,-0.006478806527444814,-0.028357614134525977,17.937828063964844
2725,2022-10-31,0.6410754900393709,0.642371214272973,0.6443148315166153,0.6381600332806686,0.10112031173891865,0.005830913517404834,0.006802691245986647,0.007774530761046838,0.006478806527444814,0.01775671965637869,18.12982177734375
2726,2022-11-01,0.6446387780216354,0.6494978520239798,0.6501457450340199,0.6439908850115952,0.10528273480051366,0.0035632879822644625,0.007126637751006859,0.005830913517404612,0.005830851730926567,0.004162423061595005,18.33095932006836
2727,2022-11-02,0.6469063417702974,0.6459345640417156,0.6488500208004179,0.6456106175366955,0.08447061949253863,0.0022675637486619937,-0.0035632879822642405,-0.0012957242336020247,0.0016197325251002814,-0.020812115307975027,18.230392456054688
2728,2022-11-03,0.6407515435343509,0.642695160777993,0.6443148315166153,0.6394557575142706,0.04273125802594872,-0.006154798235946446,-0.003239403263722518,-0.004535189283802588,-0.006154860022424824,-0.04173936146658991,18.13896369934082
2729,2022-11-04,0.6498217985289999,0.6507936380440601,0.6514415310541001,0.6465823952652775,0.06407474649072312,0.009070254994648974,0.00809847726606705,0.007126699537484793,0.007126637751006859,0.021343488464774393,18.367528915405277
2730,2022-11-07,0.6498217985289999,0.6530612017927223,0.6533851482977424,0.6482021277903779,0.08946552716645265,0.0,0.0022675637486622158,0.0019436172436423371,0.0016197325251003925,0.02539078067572953,18.43152618408203
2731,2022-11-08,0.6511175845490801,0.6498217985289999,0.6530612017927223,0.6488500208004179,0.06380020369304344,0.0012957860200801807,-0.003239403263722407,-0.0003239465050201007,0.0006478930100399793,-0.025665323473409205,18.340103149414062
2732,2022-11-09,0.649173967305438,0.6469063417702974,0.6507936380440601,0.6462585105467356,0.06831687552583803,-0.001943617243642115,-0.002915456758702528,-0.0022675637486622158,-0.0025915102536823165,0.004516671832794583,18.2578182220459
2733,2022-11-10,0.6482021277903779,0.6488500208004179,0.6498217985289999,0.6449627245266554,0.1269007660629677,-0.00097183951506008,0.0019436790301204931,-0.0009718395150601911,-0.0012957860200801807,0.05858389053712969,18.312673568725582
2734,2022-11-11,0.6517654775591203,0.6504696915390399,0.6537090948027624,0.6494978520239798,0.08556879068325732,0.0035633497687423965,0.0016196707386220144,0.003887296273762497,0.0045351274973244315,-0.041331975379710395,18.358386993408203
2735,2022-11-14,0.6469063417702974,0.6501457450340199,0.6520893622776621,0.6465823952652775,0.05730859496081123,-0.00485913578882291,-0.00032394650501998967,-0.0016197325251002814,-0.002915456758702306,-0.02826019572244609,18.349245071411133
2736,2022-11-15,0.6469063417702974,0.6520893622776621,0.6546808725313444,0.6465823952652775,0.08423150157197892,0.0,0.001943617243642226,0.0025915102536823165,0.0,0.026922906611167696,18.40410041809082
2737,2022-11-16,0.6501457450340199,0.6498217985289999,0.6501457450340199,0.6472302882753176,0.0671567108001594,0.003239403263722518,-0.0022675637486622158,-0.004535127497324543,0.0006478930100400904,-0.017074790771819517,18.340103149414062
2738,2022-11-17,0.642695160777993,0.6439908850115952,0.6443148315166153,0.641723321262933,0.11538768099898153,-0.007450584256026849,-0.005830913517404723,-0.005830913517404612,-0.005506967012384623,0.04823097019882212,18.17553329467773
2739,2022-11-18,0.6443148315166153,0.6443148315166153,0.6456106175366955,0.6433430537880331,0.048921755302661296,0.0016196707386222364,0.0003239465050201007,0.0012957860200801807,0.0016197325251001704,-0.06646592569632023,18.18467712402344
2740,2022-11-21,0.6443148315166153,0.6456106175366955,0.6462585105467356,0.642695160777993,0.06837886906079794,0.0,0.0012957860200801807,0.0006478930100400904,-0.0006478930100400904,0.01945711375813665,18.221248626708984
2741,2022-11-22,0.6456106175366955,0.6465823952652775,0.6488500208004179,0.6452866710316754,0.11660983925962007,0.0012957860200801807,0.000971777728582035,0.0025915102536823165,0.0025915102536823165,0.04823097019882212,18.248676300048828
2742,2022-11-23,0.6430191072830131,0.6439908850115952,0.6449627245266554,0.642371214272973,0.13503963158127796,-0.0025915102536823165,-0.0025915102536823165,-0.003887296273762497,-0.002915456758702417,0.018429792321657895,18.17553329467773
2743,2022-11-25,0.6433430537880331,0.6436670002930532,0.6485260742953978,0.6430191072830131,0.04110171367843068,0.00032394650501998967,-0.00032388471854194467,0.0035633497687423965,0.0006478930100402014,-0.09393791790284728,18.166393280029297
2744,2022-11-28,0.640103650524311,0.640103650524311,0.641723321262933,0.6378360867756485,0.086666961873976,-0.003239403263722185,-0.0035633497687422855,-0.006802753032464803,-0.005183020507364633,0.045565248195545326,18.06582260131836
2745,2022-11-29,0.6413993747579129,0.642047267767953,0.6462585105467356,0.6407515435343509,0.09643537173980428,0.0012957242336019137,0.001943617243642004,0.004535189283802588,0.002915456758702417,0.009768409865828276,18.12067985534668
2746,2022-11-30,0.6446387780216354,0.6494978520239798,0.6498217985289999,0.6433430537880331,0.12125935438161449,0.003239403263722518,0.007450584256026849,0.0035632879822643515,0.0025915102536822054,0.02482398264181021,18.33095932006836
2747,2022-12-01,0.6472302882753176,0.6452866710316754,0.6478781812853577,0.6443148315166153,0.2322454943984413,0.0025915102536822054,-0.004211180992304442,-0.001943617243642226,0.0009717777285821461,0.11098614001682681,18.21210289001465
2748,2022-12-02,0.6433430537880331,0.6433430537880331,0.6449627245266554,0.6410754900393709,0.1344994022051986,-0.003887234487284452,-0.001943617243642226,-0.002915456758702306,-0.003239341477244362,-0.0977460921932427,18.157249450683597
2749,2022-12-05,0.6443148315166153,0.6404275970293308,0.6446387780216354,0.6394557575142706,0.13894522428375328,0.0009717777285821461,-0.002915456758702306,-0.00032394650501998967,-0.0016197325251002814,0.004445822078554679,18.074966430664062
2750,2022-12-06,0.6404275970293308,0.6358924077455282,0.6413993747579129,0.6342727370069059,0.12263206837001284,-0.003887234487284452,-0.004535189283802588,-0.003239403263722518,-0.005183020507364744,-0.01631315591374044,17.94696807861328
2751,2022-12-07,0.6368642472605883,0.6365403007555684,0.6378360867756485,0.633948790501886,0.06465040074392242,-0.0035633497687425075,0.0006478930100402014,-0.0035632879822643515,-0.00032394650501987865,-0.057981667626090416,17.965253829956055
2752,2022-12-08,0.6375121402706285,0.6368642472605883,0.6375121402706285,0.632977012773304,0.06210866581056547,0.0006478930100402014,0.00032394650501987865,-0.00032394650501998967,-0.000971777728582035,-0.002541734933356951,17.974397659301758
2753,2022-12-09,0.6368642472605883,0.6336248439968659,0.6391318110092506,0.6333008974918459,0.14813797989638222,-0.0006478930100402014,-0.003239403263722407,0.0016196707386221254,0.00032388471854194467,0.08602931408581675,17.88296890258789
2754,2022-12-12,0.6355685230269863,0.6391318110092506,0.6397797040192907,0.6342727370069059,0.0914138954080503,-0.0012957242336020247,0.005506967012384734,0.0006478930100400904,0.000971839515059969,-0.056724084488331925,18.03839492797852
2755,2022-12-13,0.6436670002930532,0.6430191072830131,0.6462585105467356,0.642695160777993,0.12567860780232917,0.008098477266066939,0.003887296273762497,0.006478806527444814,0.00842242377108715,0.034264712394278876,18.148107528686523
2756,2022-12-14,0.6410754900393709,0.642371214272973,0.6443148315166153,0.640103650524311,0.12231324447593322,-0.0025915102536823165,-0.0006478930100402014,-0.001943679030120271,-0.0025915102536820944,-0.003365363326395948,18.12982177734375
2757,2022-12-15,0.6433430537880331,0.642047267767953,0.6452866710316754,0.6410754900393709,0.08612673249789665,0.0022675637486622158,-0.00032394650501998967,0.00097183951506008,0.000971839515059969,-0.03618651197803657,18.12067985534668
2758,2022-12-16,0.6391318110092506,0.640103650524311,0.641723321262933,0.6378360867756485,0.17118186246291459,-0.004211242778782487,-0.001943617243642004,-0.0035633497687423965,-0.003239403263722407,0.08505512996501793,18.06582260131836
2759,2022-12-19,0.6375121402706285,0.6371881937656084,0.6384839179992104,0.6355685230269863,0.11818624629145817,-0.0016196707386221254,-0.002915456758702528,-0.003239403263722518,-0.0022675637486622158,-0.052995616171456414,18.071334838867188
2760,2022-12-20,0.6391318110092506,0.642047267767953,0.6433430537880331,0.6388078645042304,0.1469955276092636,0.0016196707386221254,0.004859074002344532,0.004859135788822688,0.00323934147724414,0.028809281317805427,18.20914459228516
2761,2022-12-21,0.642371214272973,0.649173967305438,0.649173967305438,0.642371214272973,0.19144489217553026,0.003239403263722296,0.007126699537485015,0.005830913517404834,0.0035633497687425075,0.044449364566266664,18.411264419555664
2762,2022-12-22,0.6488500208004179,0.6507936380440601,0.6511175845490801,0.6475542347803377,0.15254837709781693,0.006478806527444925,0.0016196707386221254,0.001943617243642115,0.005183020507364744,-0.03889651507771333,18.45720100402832
2763,2022-12-23,0.6524133087826823,0.6543569878128025,0.6543569878128025,0.6507936380440601,0.136669175928796,0.0035632879822644625,0.0035633497687423965,0.003239403263722407,0.003239403263722407,-0.015879201169020946,18.55826187133789
2764,2022-12-27,0.6527372552877023,0.6514415310541001,0.6569484980664848,0.6514415310541001,0.1981667626090422,0.00032394650501998967,-0.002915456758702417,0.0025915102536823165,0.0006478930100399793,0.06149758668024621,18.47557640075684
2765,2022-12-28,0.6546808725313444,0.6559766585514246,0.6572724445715049,0.6540330413077825,0.19652836204224416,0.001943617243642115,0.004535127497324543,0.0003239465050201007,0.0025915102536824275,-0.0016384005667980373,18.604196548461918
2766,2022-12-29,0.6530612017927223,0.6527372552877023,0.6550048190363644,0.6524133087826823,0.16602754284196078,-0.0016196707386221254,-0.003239403263722296,-0.002267625535140483,-0.0016197325251001704,-0.030500819200283386,18.5123233795166
2767,2022-12-30,0.6527372552877023,0.6527372552877023,0.6556527120464046,0.6517654775591203,0.07611920471150865,-0.00032394650501998967,0.0,0.0006478930100402014,-0.0006478312235620454,-0.08990833813045213,18.5123233795166
