,date,open,close,high,low,volume,dopen,dclose,dhigh,dlow,dvolume,price
0,2012-01-03,0.22250386961626972,0.22371137929055196,0.2252408979867559,0.22230261800388934,0.17127537884556135,0.22250386961626972,0.22371137929055196,0.2252408979867559,0.22230261800388934,0.17127537884556135,39.87947082519531
1,2012-01-04,0.22334912316721076,0.2235101276781716,0.22395287800435187,0.22198060898196767,0.1359861317203254,0.000845253550941033,-0.00020125161238035427,-0.0012880199824040206,-0.0003220090219216709,-0.035289247125235956,39.84360122680664
2,2012-01-05,0.222624627025811,0.2237516263919715,0.22451638574007343,0.2202901018800856,0.10678522227849177,-0.0007244961413997442,0.00024149871379988697,0.0005635077357215579,-0.001690507101882066,-0.029200909441833622,39.88663101196289
3,2012-01-06,0.22427488702627354,0.22210136639150896,0.22427488702627354,0.22153785865578737,0.14227133806233644,0.0016502600004625334,-0.0016502600004625334,-0.00024149871379988697,0.0012477567757017693,0.03548611578384467,39.59246063232422
4,2012-01-09,0.22334912316721076,0.22395287800435187,0.22439564443581486,0.22129635994198743,0.09624674630185111,-0.0009257638590627892,0.0018515116128429154,0.00012075740954131664,-0.00024149871379994248,-0.04602459176048533,39.92251205444336
5,2012-01-10,0.22636789735291638,0.22773641153815943,0.22942693474532425,0.225844652823897,0.20475927060498422,0.0030187741857056194,0.0037835335338075593,0.005031290309509384,0.0045482928819095825,0.10851252430313311,40.59698867797852
6,2012-01-11,0.22644840766103813,0.22725341411055966,0.22805842056008116,0.22564340121151663,0.13016899752453331,8.051030812175619e-05,-0.00048299742759977393,-0.001368514185243086,-0.00020125161238038203,-0.07459027308045091,40.51088333129883
7,2012-01-12,0.2284609237848419,0.2301916940934262,0.23075518572386508,0.2272936612119792,0.11137283927882112,0.0020125161238037648,0.002938279982866554,0.0026967651637839207,0.0016502600004625612,-0.018796158245712194,41.0346794128418
8,2012-01-13,0.22842067668342234,0.22821942507104195,0.22874266960006134,0.22612639863911643,0.09141399081350422,-4.024710141956045e-05,-0.00197226902238426,-0.002012516123803737,-0.0011672625728627595,-0.019958848465316897,40.68307876586914
9,2012-01-17,0.23075518572386508,0.2300709366838849,0.23224445731864948,0.22958793925628507,0.11490174274270375,0.002334509040442745,0.0018515116128429432,0.0035017877185881396,0.0034615406171686347,0.023487751929199524,41.01315307617188
10,2012-01-18,0.23003068958246534,0.23421672634103372,0.2344582250548336,0.22958793925628507,0.14760559689203212,-0.0007244961413997442,0.004145789657148818,0.002213767736184119,0.0,0.032703854149328374,41.752197265625
11,2012-01-19,0.23437771474671185,0.2354644831167355,0.23570598183053543,0.23304946376817096,0.14846368784329836,0.00434702516424651,0.001247756775701797,0.0012477567757018249,0.0034615245118858884,0.0008580909512662382,41.974609375
12,2012-01-20,0.23518272119623337,0.23095643733624546,0.23518272119623337,0.228541417987681,0.23689847753487434,0.0008050064495215281,-0.00450804578049005,-0.0005232606343020529,-0.0045080457804899665,0.08843478969157598,41.17100143432617
13,2012-01-23,0.2312381992567476,0.2319224482967278,0.23506197989197478,0.23067469152102604,0.12541794306072507,-0.003944521939485773,0.0009660109604823497,-0.00012074130425859808,0.0021332735333450537,-0.11148053447414927,41.34319305419922
14,2012-01-24,0.230151430886724,0.23196269539814737,0.23216394701052773,0.22938667153862202,0.09836038403377118,-0.0010867683700236108,4.024710141956045e-05,-0.002898032881447049,-0.0012880199824040206,-0.027057559026953892,41.350379943847656
15,2012-01-25,0.23067469152102604,0.23389471731911204,0.23473997087005308,0.22741441862152048,0.13653218637891285,0.0005232606343020529,0.0019320219209646716,0.0025760238595253504,-0.0019722529171015413,0.03817180234514167,41.694786071777344
16,2012-01-26,0.23667199279101778,0.23276771795295154,0.23711474311719805,0.23143945086912796,0.16982664650406734,0.005997301269991734,-0.0011269993661605082,0.0023747722471449684,0.004025032247607474,0.033294460125154496,41.49388122558594
17,2012-01-27,0.22990993217292408,0.2345387192576727,0.23630973666767655,0.2287024224986418,0.22688006204603164,-0.0067620606180937015,0.0017710013047211592,-0.0008050064495215004,-0.0027370283704861442,0.0570534155419643,41.8095817565918
18,2012-01-30,0.23325071538055134,0.23417646313433146,0.23457896635909228,0.23143945086912796,0.13808121230579629,0.0033407832076272626,-0.00036225612334123136,-0.0017307703085842618,0.0027370283704861442,-0.08879884974023536,41.74501037597656
19,2012-01-31,0.23502173279055522,0.2336129715038926,0.23574622893195496,0.23188220119530828,0.12803676723176247,0.0017710174100038778,-0.0005634916304388671,0.0011672625728626762,0.0004427503261803245,-0.01004444507403382,41.644561767578125
20,2012-02-01,0.2360279908524571,0.23723550052673933,0.23884551342578236,0.2360279908524571,0.12857170176824106,0.0010062580619018824,0.0036225290228467377,0.0030992844938274033,0.004145789657148818,0.0005349345364785985,42.29032516479492
21,2012-02-02,0.23723550052673933,0.23759775665008057,0.23840276309960207,0.23562548762769633,0.12009855827971003,0.0012075096742822367,0.00036225612334123136,-0.00044275032618029675,-0.00040250322476076406,-0.008473143488531037,42.35490036010742
22,2012-02-03,0.24001277599864507,0.24448055857243287,0.24468181018481325,0.239489515364343,0.20998208031277998,0.0027772754719057324,0.0068828019223523,0.006279047085211181,0.0038640277366466524,0.08988352203306996,43.58184814453125
23,2012-02-06,0.2417435302019467,0.24274978826384858,0.2435950579200723,0.2415020314881468,0.1446598623796353,0.0017307542033016265,-0.0017307703085842896,-0.0010867522647409478,0.0020125161238038203,-0.06532221793314469,43.27333068847656
24,2012-02-07,0.24142153728530769,0.24214603342670743,0.24274978826384858,0.23952976246576255,0.10716040244926002,-0.00032199291663900786,-0.0006037548371411461,-0.0008452696562237239,-0.00197226902238426,-0.037499459930375276,43.16568374633789
25,2012-02-08,0.24178377730336623,0.24097877085384473,0.2425485366514682,0.2399322656905233,0.1207968948652659,0.00036224001805854056,-0.001167262572862704,-0.00020125161238038203,0.00040250322476076406,0.013636492416005883,42.95760726928711
26,2012-02-09,0.24097877085384473,0.24105928116196648,0.24186428761148798,0.2401335173029037,0.11836753774289853,-0.0008050064495215004,8.051030812175619e-05,-0.0006842490399802115,0.00020125161238038203,-0.0024293571223673732,42.97195816040039
27,2012-02-10,0.23916750634242134,0.2388052663243628,0.23920776954912357,0.23651098828005693,0.13583756830552712,-0.0018112645114233827,-0.0022540148376036795,-0.002656518062364416,-0.0036225290228467655,0.017470030562628594,42.57014846801758
28,2012-02-13,0.2407372721400448,0.24206553922386836,0.24262904695958995,0.2388857605272019,0.101562412570696,0.001569765797623468,0.003260272899505562,0.0034212774104663835,0.0023747722471449684,-0.03427515573483113,43.151344299316406
29,2012-02-14,0.2408580295495861,0.2408580295495861,0.24186428761148798,0.23872475601624105,0.08181530681266844,0.00012075740954128888,-0.0012075096742822644,-0.0007647593481019677,-0.00016100451096084933,-0.01974710575802756,42.93608093261719
30,2012-02-15,0.24194478181432708,0.23747699924053925,0.24194478181432708,0.2367122398924373,0.11539580905971222,0.0010867522647409755,-0.0033810303090468508,8.049420283909314e-05,-0.002012516123803737,0.033580502247043786,42.33336639404297
31,2012-02-16,0.23747699924053925,0.23936875795480173,0.23977127728484515,0.23731599472957843,0.08355376437382026,-0.004467782573787826,0.0018917587142624759,-0.0021735045294819233,0.0006037548371411183,-0.03184204468589197,42.67059326171875
32,2012-02-17,0.24097877085384473,0.24190453471290752,0.2425485366514682,0.24057626762908396,0.11773602813320065,0.0035017716133054766,0.00253577675810579,0.0027772593666230416,0.003260272899505534,0.034182263759380396,43.12264633178711
33,2012-02-21,0.24343405340911145,0.24105928116196648,0.24387680373529175,0.24021402761102545,0.08294828434931349,0.0024552825552667246,-0.000845253550941033,0.0013282670838235533,-0.0003622400180585128,-0.03478774378388716,42.97195816040039
34,2012-02-22,0.2391272592410018,0.23952976246576255,0.24077751924146434,0.23816124828051946,0.09395107854560135,-0.00430679416810964,-0.0015295186962039353,-0.0030992844938274033,-0.0020527793305059883,0.011002794196287857,42.699317932128906
35,2012-02-23,0.23739650503770018,0.23747699924053925,0.23848325730244116,0.23478021797147264,0.13554780767146768,-0.0017307542033016265,-0.0020527632252232975,-0.0022942619390231844,-0.003381030309046823,0.04159672912586633,42.60037612915039
36,2012-02-24,0.23747699924053925,0.23856375150528022,0.24017378050960592,0.23691349150481766,0.09580842225299341,8.049420283906539e-05,0.0010867522647409755,0.001690523207164757,0.002133273533345026,-0.03973938541847427,42.79532623291016
37,2012-02-27,0.23647074117863737,0.24029452181386451,0.241099528263386,0.23626948956625698,0.13071877069529095,-0.0010062580619018824,0.0017307703085842896,0.0009257477537800707,-0.0006440019385606788,0.03491034844229754,43.10581970214844
38,2012-02-28,0.2403750160167036,0.2404957734262449,0.24202529212244883,0.2396102727738843,0.11321159042536237,0.0039042748380662406,0.00020125161238038203,0.0009257638590628448,0.003340783207627318,-0.017507180269928577,43.141902923583984
39,2012-02-29,0.2404152792234058,0.23977127728484515,0.24230703793766828,0.2396102727738843,0.16865655467452395,4.026320670219574e-05,-0.0007244961413997442,0.0002817458152194474,0.0,0.05544496424916158,43.01194763183594
40,2012-03-01,0.2388857605272019,0.2419850289157466,0.24226679083624875,0.2386845089148215,0.1486234067946071,-0.0015295186962039076,0.002213751630901456,-4.0247101419532694e-05,-0.0009257638590627892,-0.020033147879916863,43.40907669067383
41,2012-03-02,0.24194478181432708,0.2404957734262449,0.24238754824579004,0.23997251279194284,0.1014843946439259,0.00305902128712518,-0.0014892554895017118,0.00012075740954128888,0.0012880038771213298,-0.047139012150681184,43.141902923583984
42,2012-03-05,0.24069702503862528,0.23787950246529999,0.2411800224662251,0.23755749344337834,0.12748327554883468,-0.001247756775701797,-0.002616270960944911,-0.0012075257795649275,-0.002415019348564501,0.025998880904908775,42.6725959777832
43,2012-03-06,0.23494122248243346,0.23252620313386896,0.23558522442099408,0.23164070248150834,0.18510873992017593,-0.005755802556191819,-0.005353299331431027,-0.005594798045231025,-0.005916790961870005,0.05762546437134125,41.71227264404297
44,2012-03-07,0.23204320570626916,0.23240546182961033,0.23329096248197093,0.23067469152102604,0.2164084484596506,-0.0028980167761643028,-0.00012074130425862584,-0.0022942619390231567,-0.0009660109604822942,0.03129970853947467,41.69062423706055
45,2012-03-08,0.2368329973019786,0.23944926826292348,0.2399322656905233,0.23490097538101393,0.15328528779513476,0.004789791595709442,0.007043806433313149,0.006641303208552385,0.004226283859987884,-0.06312316066451584,42.95419692993164
46,2012-03-09,0.24069702503862528,0.24061653083578619,0.242186280528127,0.23896625473004096,0.12092693654801662,0.00386402773664668,0.001167262572862704,0.0022540148376036795,0.0040652793490270345,-0.03235835124711814,43.16358184814453
47,2012-03-12,0.2407372721400448,0.23852350440386066,0.2411800224662251,0.23804050697626086,0.1378211643546965,4.0247101419532694e-05,-0.002093026431925521,-0.0010062580619018824,-0.0009257477537800984,0.016894227806679873,42.78811264038086
48,2012-03-13,0.24033476891528405,0.2429912869776485,0.2433132959995702,0.23900650183146047,0.16517963955222031,-0.00040250322476076406,0.004467782573787826,0.0021332735333450814,0.0009659948551996034,0.027358475197523824,43.58957290649414
49,2012-03-14,0.2431120443871898,0.2435950579200723,0.24548681663433475,0.24279005147055077,0.12106806293847457,0.00277727547190576,0.0006037709424238091,0.0021735206347645586,0.0037835496390903056,-0.04411157661374575,43.69789123535156
50,2012-03-15,0.24363530502149183,0.2449233088986132,0.24516480761241308,0.24238754824579004,0.09989825442414413,0.0005232606343020252,0.0013282509785408902,-0.0003220090219216709,-0.0004025032247607363,-0.021169808514330438,43.93614959716797
51,2012-03-16,0.24468181018481325,0.2429912869776485,0.24484281469577407,0.24238754824579004,0.189358326457037,0.001046505163321415,-0.0019320219209646994,-0.00032199291663900786,0.0,0.08946007203289288,43.58957290649414
52,2012-03-19,0.2424680424486291,0.2433535431009897,0.2447220572862328,0.24202529212244883,0.08453442456909527,-0.002213767736184147,0.0003622561233412036,-0.00012075740954126113,-0.0003622561233412036,-0.10482390188794175,43.654571533203125
53,2012-03-20,0.24186428761148798,0.23940902116150395,0.24186428761148798,0.2388052663243628,0.11949679676737342,-0.0006037548371411183,-0.003944521939485746,-0.0028577696747448256,-0.003220025798086029,0.03496237219827815,42.94696044921875
54,2012-03-21,0.23908701213958228,0.23936875795480173,0.2407372721400448,0.23836249989289984,0.14050316781822497,-0.0027772754719057047,-4.02632067022235e-05,-0.0011270154714431713,-0.0004427664314629598,0.021006371050851555,42.93974685668945
55,2012-03-22,0.2375172463419588,0.2404957734262449,0.24077751924146434,0.23498148568913568,0.19748600245775946,-0.001569765797623468,0.0011270154714431713,4.0247101419532694e-05,-0.00338101420376416,0.05698283463953449,43.141902923583984
56,2012-03-23,0.2408982766510056,0.24214603342670743,0.24242779534720957,0.23884551342578236,0.15239004713656856,0.0033810303090467952,0.0016502600004625334,0.0016502761057452242,0.00386402773664668,-0.0450959553211909,43.43794250488281
57,2012-03-26,0.2447220572862328,0.24866659533100122,0.24894834114622064,0.24456105277527196,0.18454784662730947,0.003823780635227203,0.006520561904293787,0.006520545799011068,0.005715539349489596,0.03215779949074091,44.60765838623047
58,2012-03-27,0.24894834114622064,0.24673457341003655,0.24955209598336184,0.246694326308617,0.10877257225423291,0.004226283859987828,-0.0019320219209646716,0.0006037548371412016,0.0021332735333450537,-0.07577527437307656,44.26107025146485
59,2012-03-28,0.24621132888101718,0.24452080567385237,0.24673457341003655,0.24242779534720957,0.1016404304974661,-0.0027370122652034534,-0.0022137677361841746,-0.002817522573325293,-0.004266530961407444,-0.0071321417567668105,43.86394500732422
60,2012-03-29,0.24202529212244883,0.244319554061472,0.24484281469577407,0.2407372721400448,0.10132467569261716,-0.004186036758568351,-0.00020125161238038203,-0.0018917587142624759,-0.001690523207164757,-0.0003157548048489389,43.82784652709961
61,2012-03-30,0.2464528275948171,0.24572831534813463,0.24713707663479728,0.24488306179719363,0.09972737993632491,0.004427535472368266,0.0014087612866626464,0.002294261939023212,0.004145789657148818,-0.0015972957562922496,44.08057403564453
62,2012-04-02,0.24379629342717,0.2460100611633541,0.24709682953337775,0.2429912869776485,0.11180000779116836,-0.0026565341676471066,0.00028174581521947517,-4.0247101419532694e-05,-0.001891774819545139,0.012072627854843448,44.131126403808594
63,2012-04-03,0.24516480761241308,0.24403780824625257,0.2468150837181583,0.2429912869776485,0.09474974413094829,0.001368514185243086,-0.0019722529171015413,-0.0002817458152194474,0.0,-0.01705026366022007,43.77731323242188
64,2012-04-04,0.24194478181432708,0.2421057863252879,0.24242779534720957,0.24065677793720572,0.10760244501028789,-0.0032200257980860014,-0.0019320219209646716,-0.004387288370948733,-0.0023345090404427726,0.012852700879339596,43.43073272705078
65,2012-04-05,0.2408580295495861,0.23944926826292348,0.2415422785895663,0.23940902116150395,0.10897687793718193,-0.0010867522647409755,-0.002656518062364416,-0.0008855167576432565,-0.0012477567757017693,0.0013744329268940425,42.95419692993164
66,2012-04-09,0.23634998376909608,0.23300921666675145,0.23755749344337834,0.2329287063586297,0.17222632635787669,-0.004508045780490022,-0.006440051596172031,-0.003984785146187969,-0.006480314802874254,0.06324944842069476,41.798919677734375
67,2012-04-10,0.23204320570626916,0.22773641153815943,0.23260671344199071,0.22769616443673993,0.25516717368284986,-0.0043067780628269214,-0.0052728051285920174,-0.004950780001387628,-0.005232541921889766,0.08294084732497317,40.8530502319336
68,2012-04-11,0.23055393411148473,0.22974892766196325,0.23196269539814737,0.22878293280676357,0.18475587082242864,-0.0014892715947844304,0.0020125161238038203,-0.0006440180438433418,0.0010867683700236386,-0.07041130286042122,41.21407318115234
69,2012-04-12,0.23023194119484577,0.23663174568959822,0.23699400181293942,0.22978919086866545,0.17317727387019205,-0.00032199291663895235,0.006882818027634963,0.005031306414792047,0.0010062580619018824,-0.011578596952236592,42.44875717163086
70,2012-04-13,0.23586698634149625,0.2337337128081512,0.2360682379538766,0.23341171989151221,0.10105722613157866,0.005635045146650475,-0.0028980328814470213,-0.000925763859062817,0.0036225290228467655,-0.07212004773861339,41.92889022827149
71,2012-04-16,0.23578649213865718,0.23345196699293178,0.23622924246483748,0.2328482121557906,0.12332658098742434,-8.049420283906539e-05,-0.00028174581521941966,0.0001610045109608771,-0.0005635077357216134,0.022269354855845677,41.87834548950195
72,2012-04-17,0.23558522442099408,0.2371952534253198,0.23808075407768037,0.23333120958339046,0.19020898038396294,-0.0002012677176631006,0.0037432864323880266,0.0018515116128428877,0.0004829974275998572,0.0668823993965386,42.549842834472656
73,2012-04-18,0.23586698634149625,0.23639023087051567,0.23731599472957843,0.23482048117817483,0.13373133218354577,0.000281761920502166,-0.0008050225548041356,-0.0007647593481019399,0.0014892715947843749,-0.056477648200417174,42.40543365478516
74,2012-04-19,0.23610848505529616,0.23345196699293178,0.23715499021861758,0.2319224482967278,0.16879771647938352,0.00024149871379991472,-0.002938263877583891,-0.00016100451096084933,-0.0028980328814470213,0.03506638429583775,41.87834548950195
75,2012-04-20,0.2409385237524252,0.23904676503816272,0.24351454761195052,0.23892600762862143,0.31304893207871914,0.00483003869712903,0.005594798045230942,0.0063595573933329375,0.007003559331893616,0.14425121559933562,42.88197708129883
76,2012-04-23,0.23747699924053925,0.2382820056900608,0.23848325730244116,0.23562548762769633,0.1723712066749064,-0.003461524511885944,-0.0007647593481019122,-0.005031290309509356,-0.0033005200009250946,-0.14067772540381274,42.74478149414063
77,2012-04-24,0.2395700095671821,0.24122028567292733,0.24250828955004863,0.23852350440386066,0.14208190642806803,0.002093010326642858,0.0029382799828665263,0.004025032247607474,0.0028980167761643305,-0.030289300246838374,43.27189254760742
78,2012-04-25,0.24339379020240923,0.24343405340911145,0.24488306179719363,0.24222654373482919,0.1281556533780027,0.0038237806352271198,0.002213767736184119,0.002374772247144996,0.0037030393309685217,-0.01392625305006534,43.66900253295898
79,2012-04-26,0.2429912869776485,0.24552706373575428,0.24617106567431496,0.24258878375288773,0.1147085925962652,-0.0004025032247607363,0.00209301032664283,0.0012880038771213298,0.00036224001805854056,-0.013447060781737491,44.044464111328125
80,2012-04-27,0.2465735688990757,0.246694326308617,0.24733832824717764,0.24536605922479346,0.1469332190628641,0.003582281921427205,0.0011672625728627317,0.0011672625728626762,0.0027772754719057324,0.032224626466598905,44.25385665893555
81,2012-04-30,0.2457685624495542,0.2441585495505112,0.2463723172866953,0.24287054567338986,0.124563570621629,-0.0008050064495215004,-0.0025357767581058177,-0.0009660109604823219,-0.002495513551403594,-0.02236964844123511,43.79896545410156
82,2012-05-01,0.24343405340911145,0.24524531792053483,0.24741883855529942,0.24230703793766828,0.10864996759582252,-0.002334509040442745,0.0010867683700236386,0.0010465212686041059,-0.0005635077357215856,-0.01591360302580648,43.993927001953125
83,2012-05-02,0.2433535431009897,0.24407805534767213,0.2444000643695938,0.24158252569098584,0.15098221842894632,-8.051030812175619e-05,-0.001167262572862704,-0.0030187741857056194,-0.000724512246682435,0.04233225083312381,43.784515380859375
84,2012-05-03,0.24403780824625257,0.24339379020240923,0.24504406630815445,0.2417435302019467,0.12427384540197117,0.0006842651452628745,-0.0006842651452629023,0.000644001938560651,0.00016100451096084933,-0.026708373026975152,43.66178512573242
85,2012-05-04,0.2421057863252879,0.23872475601624105,0.24238754824579004,0.2383222527914803,0.0982638089605519,-0.0019320219209646716,-0.0046690341861681806,-0.002656518062364416,-0.0034212774104663835,-0.026010036441419276,42.82422256469727
86,2012-05-07,0.23804050697626086,0.2395700095671821,0.24001277599864507,0.2375172463419588,0.10119466942426807,-0.0040652793490270345,0.0008452535509410608,-0.0023747722471449684,-0.0008050064495215004,0.00293086046371617,42.97584533691406
87,2012-05-08,0.2380002598748413,0.23896625473004096,0.23940902116150395,0.23578649213865718,0.11411795120603745,-4.024710141956045e-05,-0.0006037548371411461,-0.0006037548371411183,-0.0017307542033016265,0.01292328178176938,42.8675422668457
88,2012-05-09,0.23578649213865718,0.23494122248243346,0.23771849795433916,0.23409596893149243,0.14766874077012157,-0.002213767736184119,-0.004025032247607502,-0.0016905232071647847,-0.001690523207164757,0.033550789564084124,42.14549255371094
89,2012-05-10,0.23687324440339816,0.23574622893195496,0.23787950246529999,0.23490097538101393,0.10034401549734215,0.0010867522647409755,0.0008050064495215004,0.00016100451096082158,0.0008050064495215004,-0.04732472527277942,42.2899055480957
90,2012-05-11,0.23433746764529234,0.2356657347291159,0.2382820056900608,0.23381422311627295,0.1091180397420415,-0.0025357767581058177,-8.049420283906539e-05,0.00040250322476081957,-0.0010867522647409755,0.00877402424469935,42.27546310424805
91,2012-05-14,0.23329096248197093,0.23405572183007287,0.23582673924007672,0.23143945086912796,0.13768743957417723,-0.001046505163321415,-0.0016100128990430285,-0.0024552664499840893,-0.002374772247144996,0.02856939983213573,41.98664093017578
92,2012-05-15,0.23369346570673166,0.23135894056100625,0.2356657347291159,0.23083569603198686,0.11247235020593474,0.0004025032247607363,-0.0026967812690666115,-0.00016100451096082158,-0.0006037548371410906,-0.025215089368242488,41.50288391113281
93,2012-05-16,0.23180170699246921,0.22999044248104583,0.23369346570673166,0.22978919086866545,0.14316286020873248,-0.0018917587142624481,-0.001368498079960423,-0.001972269022384232,-0.001046505163321415,0.03069051000279774,41.52686309814453
94,2012-05-17,0.2297086805605437,0.22330887606579125,0.2305136870100652,0.2231076244534108,0.17752715399244257,-0.002093026431925521,-0.006681566415254581,-0.0031797786966664687,-0.006681566415254636,0.03436429378371009,40.320457458496094
95,2012-05-18,0.22451638574007343,0.22230261800388934,0.22532139218959496,0.22129635994198743,0.18374546252979237,-0.005192294820470261,-0.0010062580619019101,-0.0051922948204702335,-0.0018112645114233827,0.006218308537349809,40.138763427734375
96,2012-05-21,0.22266487412723054,0.22954767604958282,0.22986968507150451,0.22266487412723054,0.16909487872338166,-0.0018515116128428877,0.0072450580456934754,0.004548292881909555,0.0013685141852431137,-0.01465058380641071,41.44692993164063
97,2012-05-22,0.23079544893056733,0.23055393411148473,0.23224445731864948,0.22910492572340257,0.14735670447744278,0.008130574803336788,0.0010062580619019101,0.0023747722471449684,0.006440051596172031,-0.02173817424593888,41.62860107421875
98,2012-05-23,0.22761567023390086,0.2319224482967278,0.23232495152148858,0.22572389541435572,0.1480030527214197,-0.0031797786966664687,0.001368514185243086,8.049420283909314e-05,-0.0033810303090468508,0.000646348243976913,41.87569808959961
99,2012-05-24,0.23240546182961033,0.2305136870100652,0.23296895346004928,0.22753515992577908,0.10743900754680899,0.0047897915957094694,-0.0014087612866626187,0.0006440019385607065,0.001811264511423355,-0.04056404517461071,41.62133407592773
100,2012-05-25,0.23107719474578678,0.22842067668342234,0.2316809495829279,0.22721316700914013,0.08772161447174108,-0.0013282670838235533,-0.002093010326642858,-0.0012880038771213853,-0.00032199291663895235,-0.01971739307506791,41.24342346191406
101,2012-05-29,0.23067469152102604,0.23023194119484577,0.2311174418472063,0.22866217539722228,0.1385083808181435,-0.0004025032247607363,0.0018112645114234383,-0.0005635077357215856,0.0014490083880821514,0.05078676634640243,41.57046508789063
102,2012-05-30,0.22829991927388107,0.22620690894723822,0.22829991927388107,0.22580440572247748,0.13108651384171888,-0.0023747722471449684,-0.004025032247607557,-0.0028175225733252374,-0.002857769674744798,-0.007421866976424635,40.84371566772461
103,2012-05-31,0.22620690894723822,0.22403338831247363,0.22636789735291638,0.22049135349246596,0.1893843206278265,-0.002093010326642858,-0.0021735206347645863,-0.0019320219209646994,-0.005313052230011522,0.05829780678610763,40.45125961303711
104,2012-06-01,0.21819709155344275,0.2171103231834191,0.21948509543056405,0.21654681544769752,0.2221364446065637,-0.00800981739379547,-0.006923065129054523,-0.006882801922352327,-0.003944538044768436,0.032752123978737196,39.20124053955078
105,2012-06-04,0.21638582704201936,0.21413179609913302,0.2167480670600779,0.21151552513818814,0.2129538089959663,-0.0018112645114233827,-0.0029785270842860867,-0.0027370283704861442,-0.005031290309509384,-0.0091826356105974,38.6634521484375
106,2012-06-05,0.21332678964961152,0.21449405222247422,0.21537956898011748,0.21256204640679222,0.1431702972330728,-0.003059037392407843,0.0003622561233412036,-0.001368498079960423,0.0010465212686040781,-0.06978351176289349,38.72885513305664
107,2012-06-06,0.216506568346278,0.22000835606486613,0.22000835606486613,0.215419816081537,0.17721511769976378,0.0031797786966664687,0.005514303842391904,0.004628787084748648,0.002857769674744798,0.03404482046669097,39.72451019287109
108,2012-06-07,0.222624627025811,0.22286612573961093,0.22632765025149681,0.22222212380105025,0.1812529261149339,0.006118058679533023,0.002857769674744798,0.006319294186630686,0.006802307719513234,0.004037808415170124,40.24050521850586
109,2012-06-08,0.22286612573961093,0.22536165539629718,0.22552264380197534,0.22210136639150896,0.1113579652301405,0.00024149871379991472,0.0024955296566862573,-0.0008050064495214726,-0.00012075740954128888,-0.06989496088479341,40.69110107421875
110,2012-06-11,0.2280986676615007,0.2219001147791286,0.22817916186433976,0.2215781057572069,0.11345676432778154,0.005232541921889766,-0.003461540617168579,0.002656518062364416,-0.0005232606343020529,0.0020987990976410464,40.06607437133789
111,2012-06-12,0.2228258786381914,0.22560315411009713,0.22576415862105795,0.22153785865578737,0.1029405640097602,-0.005272789023309299,0.0037030393309685217,-0.0024150032432818103,-4.0247101419532694e-05,-0.010516200318021335,40.734710693359375
112,2012-06-13,0.2244358915372344,0.22185986767770904,0.22471763735245381,0.22073285220626587,0.11148797149848957,0.0016100128990430007,-0.003743286432388082,-0.0010465212686041336,-0.0008050064495215004,0.00854740748872937,40.05882263183594
113,2012-06-14,0.22294661994245,0.2222623709024698,0.22463714314961478,0.2203303489815051,0.15897241572257775,-0.0014892715947844026,0.00040250322476076406,-8.049420283903763e-05,-0.00040250322476076406,0.04748444422408818,40.13150405883789
114,2012-06-15,0.2235101276781716,0.22556289090339487,0.22560315411009713,0.22318813476153257,0.18539106352989507,0.0005635077357216134,0.003300520000925067,0.0009660109604823497,0.002857785780027461,0.026418647807317314,40.72743988037109
115,2012-06-18,0.22435538122911264,0.22491888896483425,0.22572389541435572,0.2234296334753325,0.08346090781277114,0.000845253550941033,-0.0006440019385606233,0.00012074130425859808,0.00024149871379994248,-0.10193015571712392,40.61114883422852
116,2012-06-19,0.22624715604865778,0.22773641153815943,0.22829991927388107,0.22576415862105795,0.11828951981612842,0.001891774819545139,0.002817522573325182,0.0025760238595253504,0.0023345251457254357,0.03482861200335728,41.1198844909668
117,2012-06-20,0.2280986676615007,0.22757542313248133,0.22878293280676357,0.22552264380197534,0.12876485191467962,0.0018515116128429154,-0.00016098840567810302,0.0004830135328824925,-0.00024151481908260553,0.010475332098551199,41.090816497802734
118,2012-06-21,0.22862192829580277,0.2231076244534108,0.22938667153862202,0.22294661994245,0.1524309153560387,0.0005232606343020807,-0.004467798679070517,0.0006037387318584553,-0.0025760238595253504,0.023666063441359075,40.28410339355469
119,2012-06-22,0.22270512122865005,0.2234296334753325,0.22431513412769305,0.2218196205762895,0.1267069210365087,-0.005916807067152724,0.00032200902192169867,-0.005071537410928972,-0.0011269993661604805,-0.025723994319529986,40.34225845336914
120,2012-06-25,0.22045110639104643,0.21622482253105854,0.22069260510484634,0.21602357091867816,0.17390164004093905,-0.002254014837603624,-0.0072048109442739705,-0.00362252902284671,-0.005796049657611352,0.04719471900443034,39.04136657714844
121,2012-06-26,0.21662732575581928,0.2143733109182156,0.2171103231834191,0.21268278771105084,0.18477070945670768,-0.0038237806352271475,-0.0018515116128429432,-0.003582281921427233,-0.003340783207627318,0.010869069415768623,38.7070541381836
122,2012-06-27,0.21493680254865452,0.21735182189721902,0.21787508253152105,0.2148563083458154,0.12184445286520217,-0.001690523207164757,0.0029785109790034237,0.0007647593481019399,0.0021735206347645586,-0.06292625659150551,39.24485778808594
123,2012-06-28,0.21376953997579184,0.2130047967329725,0.21578207220487824,0.21014701095294505,0.24466956592567934,-0.0011672625728626762,-0.00434702516424651,-0.0020930103266428024,-0.0047092973928703485,0.12282511306047718,38.45995330810547
124,2012-06-29,0.21888134059342296,0.22475788445387337,0.22483839476199513,0.21743233220534078,0.18092976970014626,0.005111800617631113,0.011753087720900862,0.009056322557116886,0.007285321252395727,-0.06373979622553308,40.58208084106445
125,2012-07-02,0.22516038767863414,0.2220208721886699,0.22616666184581868,0.21988759865532478,0.1595482184785265,0.006279047085211181,-0.002737012265203481,0.0013282670838235533,0.002455266449984006,-0.021381551221619777,40.087890625
126,2012-07-03,0.22125611284056793,0.2237516263919715,0.22516038767863414,0.22024985477866604,0.08948978471585255,-0.003904274838066213,0.0017307542033015988,-0.0010062741671845454,0.0003622561233412591,-0.07005843376267394,40.400386810302734
127,2012-07-05,0.22298688314915222,0.22576415862105795,0.22693140508863796,0.22258437992439148,0.10300370788784967,0.0017307703085842896,0.0020125322290864556,0.0017710174100038223,0.0023345251457254357,0.013513923171997122,40.76378631591797
128,2012-07-06,0.22258437992439148,0.22093410381864625,0.22294661994245,0.21863984187962304,0.1124686671081662,-0.0004025032247607363,-0.004830054802411693,-0.003984785146187969,-0.003944538044768436,0.009464959220316538,39.89167022705078
129,2012-07-09,0.2203303489815051,0.22222212380105025,0.22254411671768926,0.21888134059342296,0.10641376061989369,-0.0022540309428863703,0.0012880199824039928,-0.0004025032247607363,0.00024149871379991472,-0.006054906488272518,40.12422561645508
130,2012-07-10,0.22270512122865005,0.21618457542963898,0.22608615153769693,0.2151380541610349,0.19929875943351122,0.0023747722471449406,-0.0060375483714112665,0.0035420348200076723,-0.0037432864323880544,0.09288499881361753,39.03409194946289
131,2012-07-11,0.21626506963247805,0.21614431222293676,0.2186800889810426,0.21529905867199572,0.14074834172064413,-0.006440051596172003,-4.02632067022235e-05,-0.007406062556654325,0.00016100451096082158,-0.05855041771286709,39.02682876586914
132,2012-07-12,0.21457454642531332,0.21574182510345874,0.2172310805929604,0.21224003738487057,0.13918444174508005,-0.0016905232071647291,-0.00040248711947801774,-0.0014490083880822069,-0.003059021287125152,-0.0015638999755640814,38.95415496826172
133,2012-07-13,0.21598332381725863,0.21968634704294443,0.2202096076772465,0.21574182510345874,0.11949307825520326,0.0014087773919453095,0.00394452193948569,0.0029785270842861145,0.0035017877185881674,-0.01969136348987678,39.6663818359375
134,2012-07-16,0.21884109349200342,0.2192838438181837,0.21992784575674437,0.21574182510345874,0.10786989457132637,0.002857769674744798,-0.0004025032247607363,-0.0002817619205021382,0.0,-0.011623183683876895,39.59368896484375
135,2012-07-17,0.21984735155390528,0.2195253425319836,0.22109510832960705,0.21678833026678013,0.12814077932932205,0.0010062580619018546,0.00024149871379991472,0.0011672625728626762,0.0010465051633213873,0.020270884757995683,39.637298583984375
136,2012-07-18,0.2266496592734185,0.23417646313433146,0.23542423601531598,0.22499939927295595,0.3117673911272758,0.006802307719513234,0.014651120602347856,0.014329127685708931,0.008211069006175825,0.18362661179795375,42.28269958496094
137,2012-07-19,0.2344582250548336,0.23325071538055134,0.23594748054433534,0.23127844635816716,0.2166424668255593,0.007808565781415089,-0.0009257477537801262,0.0005232445290193621,0.006279047085211209,-0.09512492430171651,42.11555480957031
138,2012-07-20,0.23240546182961033,0.23240546182961033,0.23506197989197478,0.2308759431334064,0.13236433628099203,-0.0020527632252232697,-0.0008452535509410053,-0.0008855006523605657,-0.00040250322476076406,-0.08427813054456726,41.96293258666992
139,2012-07-23,0.2284609237848419,0.2311979360500454,0.23228470442006904,0.22721316700914013,0.1310493641344189,-0.003944538044768436,-0.0012075257795649275,-0.0027772754719057324,-0.0036627761242662704,-0.00131497214657314,41.74489974975586
140,2012-07-24,0.23107719474578678,0.22813891476292025,0.23160043927480614,0.22512014057721463,0.12496102645101657,0.002616270960944883,-0.003059021287125152,-0.0006842651452629023,-0.002093026431925493,-0.00608833768340232,41.19256210327149
141,2012-07-25,0.22930617733578293,0.22862192829580277,0.23204320570626916,0.22673015347625763,0.11137655779099129,-0.00177101741000385,0.00048301353288252025,0.0004427664314630153,0.0016100128990430007,-0.013584468660025287,41.27977752685547
142,2012-07-26,0.2328482121557906,0.23240546182961033,0.23614873215671572,0.23095643733624546,0.11437428064496709,0.0035420348200076723,0.0037835335338075593,0.004105526450446567,0.004226283859987828,0.002997722853975801,41.96293258666992
143,2012-07-27,0.23429722054387278,0.2375172463419588,0.2395700095671821,0.2327274547462493,0.1336941824762458,0.0014490083880821791,0.005111784512348477,0.0034212774104663835,0.00177101741000385,0.0193199018312787,42.88591003417969
144,2012-07-30,0.23667199279101778,0.23502173279055522,0.23876500311766058,0.23413621603291196,0.11613873237690839,0.002374772247144996,-0.002495513551403594,-0.0008050064495215281,0.0014087612866626464,-0.0175554500993374,42.43531036376953
145,2012-07-31,0.23405572183007287,0.23365321860531216,0.23586698634149625,0.23349221409435128,0.11008014279086734,-0.002616270960944911,-0.0013685141852430582,-0.0028980167761643305,-0.0006440019385606788,-0.006058589586041052,42.1882209777832
146,2012-08-01,0.23506197989197478,0.23345196699293178,0.2360279908524571,0.23252620313386896,0.13347131964684758,0.0010062580619019101,-0.00020125161238038203,0.00016100451096084933,-0.0009660109604823219,0.023391176855980245,42.1518783569336
147,2012-08-02,0.23184195409388877,0.23071493862244558,0.23208345280768866,0.22821942507104195,0.11846411281611781,-0.0032200257980860014,-0.0027370283704861997,-0.003944538044768436,-0.004306778062827005,-0.015007206830729772,41.65766906738281
148,2012-08-03,0.23526323150435516,0.23711474311719805,0.23804050697626086,0.23506197989197478,0.10267311444872172,0.0034212774104663835,0.00639980449475247,0.005957054168572201,0.006842554820932822,-0.015790998367396086,42.81321334838867
149,2012-08-06,0.23864426181340198,0.2360279908524571,0.239489515364343,0.2360279908524571,0.07637703588541316,0.003381030309046823,-0.0010867522647409478,0.0014490083880821236,0.0009660109604823219,-0.026296078563308567,42.61698532104492
150,2012-08-07,0.23747699924053925,0.23574622893195496,0.2392882637519626,0.2354644831167355,0.14536191747736135,-0.0011672625728627317,-0.0002817619205021382,-0.00020125161238038203,-0.0005635077357215856,0.0689848815919482,42.56612014770508
151,2012-08-08,0.23457896635909228,0.2371952534253198,0.23791974956671955,0.23413621603291196,0.10213446140007296,-0.002898032881446966,0.0014490244933648422,-0.0013685141852430582,-0.0013282670838235533,-0.043227456077288395,42.8277587890625
152,2012-08-09,0.23679273409527637,0.23735624183099796,0.2383222527914803,0.23598772764575485,0.07035931451884224,0.0022137677361840913,0.00016098840567815853,0.00040250322476076406,0.0018515116128428877,-0.03177514688123072,42.85683441162109
153,2012-08-10,0.23626948956625698,0.2375172463419588,0.23759775665008057,0.2352229844029356,0.06777760464070319,-0.0005232445290193899,0.00016100451096084933,-0.0007244961413997442,-0.0007647432428192491,-0.002581709878139049,42.88591003417969
154,2012-08-13,0.23626948956625698,0.23630973666767655,0.2375172463419588,0.23478021797147264,0.06464987551837831,0.0,-0.0012075096742822644,-8.051030812175619e-05,-0.0004427664314629598,-0.003127729122324882,42.667877197265625
155,2012-08-14,0.23695373860623722,0.23518272119623337,0.23731599472957843,0.23413621603291196,0.07149229205548728,0.0006842490399802392,-0.0011270154714431713,-0.00020125161238038203,-0.0006440019385606788,0.006842416537108972,42.46437454223633
156,2012-08-15,0.23506197989197478,0.2353437257071942,0.23594748054433534,0.23425697344245325,0.06333118485963501,-0.0018917587142624481,0.00016100451096082158,-0.001368514185243086,0.00012075740954128888,-0.008161107195852266,42.493446350097656
157,2012-08-16,0.23389471731911204,0.23651098828005693,0.2375172463419588,0.23365321860531216,0.09871700705809024,-0.0011672625728627317,0.0011672625728627317,0.001569765797623468,-0.0006037548371410906,0.03538582219845522,42.978397369384766
158,2012-08-17,0.23735624183099796,0.239489515364343,0.23973101407814293,0.23586698634149625,0.12641347730468072,0.003461524511885916,0.002978527084286059,0.002213767736184119,0.0022137677361840913,0.027696470246590485,43.51963424682617
159,2012-08-20,0.2388857605272019,0.239489515364343,0.24001277599864507,0.23848325730244116,0.08298915256878363,0.0015295186962039353,0.0,0.0002817619205021382,0.002616270960944911,-0.043424324735897094,43.51963424682617
160,2012-08-21,0.24029452181386451,0.23791974956671955,0.24142153728530769,0.23715499021861758,0.09143626647212355,0.0014087612866626187,-0.0015697657976234403,0.0014087612866626187,-0.001328267083823581,0.008447113903339923,43.23437881469727
161,2012-08-22,0.23783925536388048,0.23699400181293942,0.23816124828051946,0.23586698634149625,0.08099064705653201,-0.0024552664499840338,-0.0009257477537801262,-0.003260289004788225,-0.0012880038771213298,-0.010445619415591537,43.0661506652832
162,2012-08-23,0.23610848505529616,0.23538398891389642,0.23679273409527637,0.23461922956579445,0.06605402112823201,-0.0017307703085843174,-0.0016100128990430007,-0.001368514185243086,-0.001247756775701797,-0.014936625928300001,42.77359390258789
163,2012-08-24,0.23425697344245325,0.23490097538101393,0.23562548762769633,0.23208345280768866,0.11482376023033526,-0.0018515116128429154,-0.0004830135328824925,-0.001167246467580041,-0.00253577675810579,0.04876973910210325,42.68581008911133
164,2012-08-27,0.23542423601531598,0.23502173279055522,0.23651098828005693,0.23377395990957076,0.06669665086003874,0.0011672625728627317,0.00012075740954128888,0.0008855006523605935,0.0016905071018820939,-0.04812710937029652,42.70775985717773
165,2012-08-28,0.23433746764529234,0.23570598183053543,0.23659149858817868,0.23389471731911204,0.1191104610600947,-0.0010867683700236386,0.0006842490399802115,8.051030812175619e-05,0.00012075740954128888,0.05241381020005595,42.83210754394531
166,2012-08-29,0.23651098828005693,0.23639023087051567,0.23655123538147646,0.2344179779534141,0.07427827220217374,0.0021735206347645863,0.0006842490399802392,-4.02632067022235e-05,0.0005232606343020529,-0.04483218885792095,42.95644378662109
167,2012-08-30,0.2344582250548336,0.23389471731911204,0.23542423601531598,0.23329096248197093,0.08104267081251261,-0.002052763225223325,-0.002495513551403622,-0.0011269993661604805,-0.0011270154714431713,0.006764398610338868,42.50296401977539
168,2012-08-31,0.23574622893195496,0.23526323150435516,0.23679273409527637,0.23409596893149243,0.1018558917169256,0.0012880038771213576,0.0013685141852431137,0.0013684980799603952,0.0008050064495215004,0.020813220904412996,42.75164794921875
169,2012-09-04,0.23538398891389642,0.23151994507196708,0.2354644831167355,0.2300709366838849,0.1048796087416909,-0.00036224001805854056,-0.003743286432388082,-0.0013282509785408625,-0.0040250322476075295,0.003023717024765296,42.0714225769043
170,2012-09-05,0.23143945086912796,0.23091619023482596,0.23264696054341025,0.23035268249910434,0.0847721614471741,-0.003944538044768464,-0.0006037548371411183,-0.002817522573325265,0.0002817458152194474,-0.0201074472945168,41.961700439453125
171,2012-09-06,0.2329287063586297,0.23755749344337834,0.23852350440386066,0.2329287063586297,0.13033987201235253,0.0014892554895017396,0.006641303208552385,0.005876543860450417,0.0025760238595253504,0.04556771056517843,43.16856002807617
172,2012-09-07,0.23840276309960207,0.241099528263386,0.2411800224662251,0.23816124828051946,0.10929263274203087,0.005474056740972372,0.0035420348200076446,0.0026565180623644435,0.005232541921889766,-0.021047239270321663,43.81221771240234
173,2012-09-10,0.24057626762908396,0.23973101407814293,0.2409385237524252,0.23936875795480173,0.11304815296188347,0.0021735045294818955,-0.0013685141852430582,-0.00024149871379991472,0.0012075096742822644,0.0037555202198526066,43.56352615356445
174,2012-09-11,0.2403750160167036,0.24065677793720572,0.242186280528127,0.23940902116150395,0.11429998123036714,-0.00020125161238035427,0.0009257638590627892,0.001247756775701797,4.02632067022235e-05,0.0012518282684836624,43.73175811767578
175,2012-09-12,0.24105928116196648,0.24190453471290752,0.24262904695958995,0.2400530231000646,0.09580842225299341,0.0006842651452628745,0.001247756775701797,0.0004427664314629598,0.000644001938560651,-0.01849155897737373,43.95848846435547
176,2012-09-13,0.2408982766510056,0.2460100611633541,0.2465333217976562,0.23920776954912357,0.1431702972330728,-0.0001610045109608771,0.004105526450446595,0.0039042748380662406,-0.000845253550941033,0.047361874980079405,44.70455932617188
177,2012-09-14,0.24584907275767595,0.24560755793859337,0.2493508443709814,0.244319554061472,0.1660934373572357,0.0049507961066703465,-0.0004025032247607363,0.0028175225733252096,0.005111784512348422,0.022923140124162883,44.63140487670898
178,2012-09-17,0.24460131598197415,0.2484250966172013,0.24858608502287946,0.2444000643695938,0.1355106579641677,-0.001247756775701797,0.002817538678607928,-0.0007647593481019399,8.05103081218117e-05,-0.030582779393068,45.143402099609375
179,2012-09-18,0.2480628404938601,0.24709682953337775,0.24874708953384028,0.24524531792053483,0.12132067386523404,0.003461524511885944,-0.0013282670838235533,0.00016100451096082158,0.000845253550941033,-0.014189984098933656,44.90202713012695
180,2012-09-19,0.24673457341003655,0.24665407920719745,0.2476200901676798,0.24524531792053483,0.1153103541086018,-0.0013282670838235533,-0.00044275032618029675,-0.0011269993661604805,0.0,-0.006010319756632243,44.821571350097656
181,2012-09-20,0.24452080567385237,0.2437157992243309,0.2453258121233739,0.24250828955004863,0.12708953823161728,-0.0022137677361841746,-0.002938279982866554,-0.002294278044305903,-0.0027370283704861997,0.011779184123015485,44.287628173828125
182,2012-09-21,0.2453258121233739,0.2435950579200723,0.24617106567431496,0.24351454761195052,0.1936227516281771,0.0008050064495215281,-0.00012074130425859808,0.0008452535509410608,0.0010062580619018824,0.06653321339655982,44.26570129394531
183,2012-09-24,0.2421057863252879,0.24202529212244883,0.24283029857197033,0.2398920185891038,0.08494675444716349,-0.0032200257980860014,-0.001569765797623468,-0.0033407671023446273,-0.00362252902284671,-0.10867599718101362,43.98044204711914
184,2012-09-25,0.2424680424486291,0.23872475601624105,0.24351454761195052,0.23864426181340198,0.10830081701024538,0.0003622561233412036,-0.0033005361062077854,0.0006842490399801837,-0.0012477567757018249,0.023354062563081895,43.380672454833984
185,2012-09-26,0.2391272592410018,0.2392480166505431,0.2401335173029037,0.2360279908524571,0.14269482347691512,-0.0033407832076272903,0.0005232606343020529,-0.003381030309046823,-0.002616270960944883,0.034394006466669735,43.47576141357422
186,2012-09-27,0.241099528263386,0.2424680424486291,0.24347430051053098,0.24025427471244498,0.11152140269361939,0.0019722690223841766,0.0032200257980860014,0.0033407832076272903,0.004226283859987884,-0.031173420783295727,44.06089019775391
187,2012-09-28,0.2408580295495861,0.2404957734262449,0.2421057863252879,0.23876500311766058,0.11332300413286067,-0.00024149871379988697,-0.0019722690223842043,-0.001368514185243086,-0.0014892715947844026,0.0018016014392412821,43.702484130859375
188,2012-10-01,0.2429912869776485,0.2447220572862328,0.24673457341003655,0.24190453471290752,0.16890169316254147,0.0021332574280623906,0.0042262838599879116,0.004628787084748648,0.003139531595246936,0.0555786890296808,44.47049331665039
189,2012-10-02,0.2463723172866953,0.24733832824717764,0.24778107857335796,0.24508431340957398,0.16412836304011388,0.003381030309046823,0.0026162709609448276,0.001046505163321415,0.0031797786966664687,-0.004773330122427588,44.94590759277344
190,2012-10-03,0.24741883855529942,0.24536605922479346,0.24846534371862083,0.24508431340957398,0.17508660591916309,0.0010465212686041059,-0.0019722690223841766,0.0006842651452628745,0.0,0.010958242879049201,44.58750915527344
191,2012-10-04,0.24717732373621681,0.24661383210577792,0.24822384500482092,0.24609057147147587,0.10565596325401688,-0.00024151481908260553,0.0012477728809844602,-0.00024149871379991472,0.0010062580619018824,-0.0694306426651462,44.81426239013672
192,2012-10-05,0.24834458630907955,0.2472578340443386,0.24927035016814234,0.24641256438811487,0.13166599969543616,0.0011672625728627317,0.0006440019385606788,0.001046505163321415,0.00032199291663900786,0.026010036441419276,44.93128967285156
193,2012-10-08,0.24568806824671513,0.24665407920719745,0.24721758694291904,0.24407805534767213,0.10113524405834877,-0.002656518062364416,-0.0006037548371411461,-0.0020527632252232975,-0.002334509040442745,-0.03053075563708739,44.821571350097656
194,2012-10-09,0.24677482051145608,0.24423905985863295,0.24697607212383646,0.24355479471337008,0.11569297130371037,0.0010867522647409478,-0.002415019348564501,-0.00024151481908257777,-0.0005232606343020529,0.014557727245361599,44.382720947265625
195,2012-10-10,0.24387680373529175,0.2424680424486291,0.24460131598197415,0.242186280528127,0.12520248184126556,-0.0028980167761643305,-0.00177101741000385,-0.0023747561418623053,-0.001368514185243086,0.009509510537555194,44.06089019775391
196,2012-10-11,0.244319554061472,0.24266929406100948,0.24544656953291522,0.24266929406100948,0.10161071781450645,0.00044275032618024124,0.00020125161238038203,0.0008452535509410608,0.0004830135328824925,-0.02359176402675911,44.09746551513672
197,2012-10-12,0.24383655663387221,0.24230703793766828,0.2457685624495542,0.2417032831005272,0.0934570476429945,-0.00048299742759977393,-0.0003622561233412036,0.0003219929166389801,-0.0009660109604822942,-0.008153670171511945,44.03165054321289
198,2012-10-15,0.2429912869776485,0.2449233088986132,0.2452050547138326,0.242186280528127,0.08305229644687309,-0.0008452696562237239,0.002616270960944911,-0.0005635077357215856,0.0004829974275998017,-0.010404751196121415,44.50704574584961
199,2012-10-16,0.2463320701852758,0.2476200901676798,0.2479420830843188,0.24564782114529557,0.07964964532476777,0.003340783207627318,0.0026967812690666115,0.0027370283704861997,0.003461540617168579,-0.0034026511221053185,44.99711227416992
200,2012-10-17,0.24621132888101718,0.2491093456571815,0.2493508443709814,0.24621132888101718,0.11176285808386839,-0.00012074130425862584,0.0014892554895017118,0.001408761286662591,0.0005635077357216134,0.03211321275910062,45.26773834228516
201,2012-10-18,0.24874708953384028,0.24721758694291904,0.24902883534905976,0.2452050547138326,0.2103015536297991,0.002535760652823099,-0.0018917587142624759,-0.00032200902192164316,-0.0010062741671845732,0.09853869554593071,44.92398834228516
202,2012-10-19,0.2447220572862328,0.251524365005746,0.255509150151934,0.2447220572862328,0.36577849708362403,-0.004025032247607474,0.004306778062826949,0.006480314802874226,-0.0004829974275998017,0.15547694345382493,45.70659637451172
203,2012-10-22,0.25011560371908337,0.250679111454805,0.255509150151934,0.24802259339244054,0.20339599321460064,0.00539354643285056,-0.0008452535509410053,0.0,0.00330053610620773,-0.1623825038690234,45.55298614501953
204,2012-10-23,0.2474993327581385,0.24774083147193837,0.24830433920766,0.24544656953291522,0.12568911113393372,-0.0026162709609448553,-0.0029382799828666095,-0.0072048109442739705,-0.0025760238595253226,-0.07770688208066692,45.01905059814453
205,2012-10-24,0.24741883855529942,0.24560755793859337,0.24858608502287946,0.24488306179719363,0.1308339029149594,-8.049420283909314e-05,-0.002133273533344998,0.0002817458152194474,-0.0005635077357215856,0.0051447917810256705,44.63140487670898
206,2012-10-25,0.2505986172519659,0.2472578340443386,0.25063886435338545,0.24584907275767595,0.11244263752297509,0.0031797786966664965,0.0016502761057452242,0.0020527793305059883,0.0009660109604823219,-0.018391265391984296,44.93128967285156
207,2012-10-26,0.24709682953337775,0.2474993327581385,0.24890809404480113,0.24564782114529557,0.1198756600359102,-0.0035017877185881674,0.00024149871379991472,-0.0017307703085843174,-0.00020125161238038203,0.0074330225129351085,44.97518157958984
208,2012-10-31,0.24846534371862083,0.24649307469623663,0.24927035016814234,0.2449635560000327,0.13295869618338993,0.001368514185243086,-0.0010062580619018824,0.0003622561233412036,-0.0006842651452628745,0.013083036147479729,44.79230880737305
209,2012-11-01,0.2465735688990757,0.2520878727414676,0.2536978856405106,0.2465735688990757,0.20869682084916652,-0.001891774819545139,0.00559479804523097,0.004427535472368266,0.0016100128990430007,0.07573812466577659,45.80899810791016
210,2012-11-02,0.25377837984334967,0.25128286629194607,0.25430164047765175,0.2505986172519659,0.13924762103757113,0.0072048109442739705,-0.0008050064495215281,0.0006037548371411461,0.00402504835289022,-0.06944919981159539,45.662696838378906
211,2012-11-05,0.2510011204767266,0.2527721217814478,0.2534563869267107,0.2502766082300442,0.08724242220341324,-0.0027772593666230416,0.0014892554895017396,-0.0008452535509410608,-0.00032200902192169867,-0.052005198834157884,45.93332290649414
212,2012-11-06,0.2525306230676479,0.25571040176431437,0.2571594101523965,0.2525306230676479,0.14980837267283115,0.0015295025909212723,0.002938279982866554,0.003703023225685831,0.0022540148376036795,0.0625659504694179,46.467262268066406
213,2012-11-07,0.2525306230676479,0.2500351095162443,0.2532148882129108,0.2484250966172013,0.12711553240240675,0.0,-0.005675292248070063,-0.00394452193948569,-0.004105526450446595,-0.022692840270424397,45.43596267700195
214,2012-11-08,0.2497533475957422,0.24673457341003655,0.251524365005746,0.246694326308617,0.11753172245025162,-0.0027772754719057047,-0.0033005361062077576,-0.0016905232071648402,-0.0017307703085842896,-0.009583809952155131,44.8361930847168
215,2012-11-09,0.2452050547138326,0.24484281469577407,0.24766033726909933,0.24403780824625257,0.18221874767592988,-0.0045482928819095825,-0.0018917587142624759,-0.0038640277366466524,-0.0026565180623644435,0.06468702522567826,44.49242401123047
216,2012-11-12,0.24528556502195437,0.24729808114575813,0.2481835817981187,0.2447220572862328,0.10917002808362049,8.051030812175619e-05,0.0024552664499840615,0.0005232445290193621,0.0006842490399802392,-0.0730487195923094,44.9386100769043
217,2012-11-13,0.2455673108371738,0.24649307469623663,0.24951184888194225,0.24552706373575428,0.09446742052122917,0.0002817458152194474,-0.0008050064495215004,0.0013282670838235533,0.0008050064495214726,-0.01470260756239132,44.79230880737305
218,2012-11-14,0.24673457341003655,0.24134102697718593,0.2474993327581385,0.24081778244816657,0.14286569796473433,0.0011672625728627317,-0.005152047719050701,-0.002012516123803737,-0.004709281287587713,0.04839827744350517,43.85609817504883
219,2012-11-15,0.24113977536480555,0.2388052663243628,0.24279005147055077,0.2376782508529196,0.20209589511670817,-0.0055947980452309976,-0.002535760652823127,-0.004709281287587741,-0.003139531595246964,0.059230197151973835,43.39529800415039
220,2012-11-16,0.23779900826246095,0.23808075407768037,0.2386845089148215,0.23461922956579445,0.1773525609924532,-0.0033407671023445995,-0.000724512246682435,-0.004105542555729258,-0.003059021287125152,-0.024743334124254973,43.56469345092773
221,2012-11-19,0.24077751924146434,0.2432730488981506,0.24347430051053098,0.2403750160167036,0.13602699993979553,0.002978510979003396,0.0051922948204702335,0.0047897915957094694,0.005755786450909156,-0.04132556105265767,44.51479721069336
222,2012-11-20,0.242709541162429,0.2439572979381308,0.2447623043876523,0.2419850289157466,0.11219006201061724,0.0019320219209646439,0.0006842490399802115,0.0012880038771213298,0.0016100128990430007,-0.023836937929178292,44.63999557495117
223,2012-11-21,0.24391705083671128,0.24387680373529175,0.24480255148907187,0.24295103987622893,0.06504733134776589,0.0012075096742822922,-8.049420283906539e-05,4.024710141956045e-05,0.0009660109604823219,-0.04714273066285135,44.62527084350586
224,2012-11-23,0.24460131598197415,0.2465735688990757,0.2465735688990757,0.244319554061472,0.03382567614946294,0.0006842651452628745,0.0026967651637839485,0.0017710174100038223,0.0013685141852430582,-0.031221655198302944,45.11874008178711
225,2012-11-26,0.24391705083671128,0.2441585495505112,0.24504406630815445,0.24238754824579004,0.08850540600840738,-0.0006842651452628745,-0.002415019348564501,-0.0015295025909212445,-0.001932005815681953,0.05467972985894444,44.67682266235352
226,2012-11-27,0.24411830244909163,0.24399756114483304,0.24625157598243672,0.24367555212291137,0.1140102205963077,0.00020125161238035427,-0.00016098840567815853,0.0012075096742822644,0.0012880038771213298,0.025504814587900312,44.64737319946289
227,2012-11-28,0.24250828955004863,0.24649307469623663,0.246694326308617,0.2408982766510056,0.11262466754730478,-0.0016100128990430007,0.002495513551403594,0.00044275032618029675,-0.00277727547190576,-0.0013855530490029105,45.104000091552734
228,2012-11-29,0.24733832824717764,0.24689557792099737,0.24838483341049908,0.24504406630815445,0.08331602749574142,0.004830038697129002,0.0004025032247607363,0.001690507101882066,0.004145789657148846,-0.02930864005156336,45.17765045166016
229,2012-11-30,0.24721758694291904,0.24685533081957783,0.24753957985955802,0.2457685624495542,0.1309453520368593,-0.00012074130425859808,-4.0247101419532694e-05,-0.0008452535509410608,0.0007244961413997442,0.04762932454111789,45.17030715942383
230,2012-12-03,0.24778107857335796,0.24387680373529175,0.24834458630907955,0.2437157992243309,0.09653650693591055,0.0005634916304389226,-0.0029785270842860867,0.0008050064495215281,-0.0020527632252232975,-0.03440884510094876,44.62527084350586
231,2012-12-04,0.24367555212291137,0.2435950579200723,0.2453258121233739,0.2424680424486291,0.0852996589593124,-0.004105526450446595,-0.0002817458152194474,-0.003018774185705647,-0.001247756775701797,-0.011236847976598158,44.573726654052734
232,2012-12-05,0.24460131598197415,0.24782134178006018,0.24838483341049908,0.2430315501843507,0.11871668832847566,0.0009257638590627892,0.004226283859987884,0.00305902128712518,0.0005635077357215856,0.03341702936916327,45.34705352783203
233,2012-12-06,0.24717732373621681,0.2476200901676798,0.24770058437051887,0.24528556502195437,0.08454558010560574,0.0025760077542426596,-0.00020125161238038203,-0.0006842490399802115,0.0022540148376036795,-0.03417110822286992,45.31023025512695
234,2012-12-07,0.24862634822958168,0.24943135467910318,0.24955209598336184,0.24693582502241693,0.0835686384225009,0.00144902449336487,0.0018112645114233827,0.001851511612842971,0.0016502600004625612,-0.0009769416831048455,45.64167022705078
235,2012-12-10,0.24882759984196207,0.2489885882476402,0.24955209598336184,0.24753957985955802,0.10945607020550978,0.00020125161238038203,-0.00044276643146298755,0.0,0.0006037548371410906,0.025887431783008882,45.560638427734375
236,2012-12-11,0.24955209598336184,0.2481433346966992,0.250679111454805,0.24757982696097758,0.16949233455276924,0.0007244961413997719,-0.0008452535509410053,0.0011270154714431435,4.024710141956045e-05,0.06003626434725946,45.40598678588867
237,2012-12-12,0.2493508443709814,0.24592956696051502,0.24955209598336184,0.24572831534813463,0.13894302176923268,-0.00020125161238043754,-0.0022137677361841746,-0.0011270154714431435,-0.0018515116128429432,-0.030549312783536564,45.00088882446289
238,2012-12-13,0.24617106567431496,0.24850559082004037,0.24955209598336184,0.2455673108371738,0.16179186247879562,-0.003179778696666441,0.0025760238595253504,0.0,-0.00016100451096082158,0.022848840709562945,45.47226333618164
239,2012-12-14,0.2480628404938601,0.24774083147193837,0.24914959275860102,0.24729808114575813,0.12042915171883799,0.001891774819545139,-0.0007647593481019954,-0.00040250322476081957,0.0017307703085843174,-0.041362710759957635,45.33231735229492
240,2012-12-17,0.24830433920766,0.2511218617809853,0.2514438708029069,0.24782134178006018,0.14596371440409958,0.00024149871379991472,0.0033810303090469063,0.002294278044305903,0.0005232606343020529,0.025534562685261594,45.95098876953125
241,2012-12-18,0.2515646121071656,0.2574411720728987,0.25780341209095725,0.2511218617809853,0.19894585492136233,0.003260272899505562,0.006319310291913405,0.00635954128805033,0.0033005200009250946,0.052982140517262744,47.1073112487793
242,2012-12-19,0.2576021765838595,0.2566764127247967,0.25901093787052215,0.25663616562337715,0.19398305775026473,0.006037564476693902,-0.0007647593481019954,0.0012075257795648997,0.005514303842391877,-0.004962797171097599,46.96739959716797
243,2012-12-20,0.25699840564143567,0.2587694230514395,0.25957442950096105,0.2567166598262162,0.16387578752775603,-0.0006037709424238091,0.00209301032664283,0.0005634916304388948,8.049420283906539e-05,-0.030107270222508697,47.35036849975586
244,2012-12-21,0.2551871411300123,0.25844743013480054,0.2588499333595613,0.2551871411300123,0.21358531860566418,-0.0018112645114233827,-0.0003219929166389801,-0.0007244961413997442,-0.0015295186962039353,0.04970953107790815,47.29145050048828
245,2012-12-24,0.25643491401099683,0.2562739095000359,0.25957442950096105,0.2551871411300123,0.08311915883713271,0.0012477728809845434,-0.002173520634764614,0.0007244961413997442,0.0,-0.1304661597685315,46.89372253417969
246,2012-12-26,0.2567166598262162,0.25683741723575754,0.25872917595002,0.2561933991919142,0.10333430132697763,0.0002817458152193919,0.0005635077357216134,-0.0008452535509410608,0.0010062580619019101,0.02021514248984492,46.9968376159668
247,2012-12-27,0.25651540821383584,0.2565556553152554,0.25732041466335737,0.2534966340281302,0.10547765174185735,-0.00020125161238038203,-0.00028176192050211046,-0.0014087612866626187,-0.0026967651637839762,0.002143350414879716,46.94526672363281
248,2012-12-28,0.25454313919145166,0.2532551353143303,0.25615315209049466,0.2529733733938282,0.07766604927559842,-0.0019722690223841766,-0.0033005200009251223,-0.001167262572862704,-0.0005232606343020252,-0.027811602466258925,46.34135437011719
249,2012-12-31,0.25245012886480883,0.25546890305051445,0.25571040176431437,0.2503973495343028,0.1482259155508179,-0.00209301032664283,0.002213767736184147,-0.00044275032618029675,-0.002576023859525378,0.07055986627521948,46.746429443359375
250,2013-01-02,0.26029894174764345,0.26062095076956515,0.2619894488495255,0.25824617852242016,0.19348158982331756,0.007848812882834622,0.005152047719050701,0.0062790470852111535,0.00784882898811734,0.04525567427249966,47.68917083740234
251,2013-01-03,0.26001717982714134,0.261627208831467,0.26363972495527077,0.25977568111334143,0.11048131713242507,-0.00028176192050211046,0.0010062580619018546,0.001650276105745252,0.0015295025909212723,-0.0830002726908925,47.87329864501953
252,2013-01-04,0.26263345078808625,0.26698049205761537,0.2674635055904979,0.26263345078808625,0.15376076155129245,0.002616270960944911,0.005353283226148364,0.0038237806352271475,0.0028577696747448256,0.043279444418867385,48.85285568237305
253,2013-01-07,0.265933986894294,0.2671012494671567,0.26887226687716054,0.26565224107907454,0.15841524094188142,0.00330053610620773,0.00012075740954131664,0.0014087612866626187,0.0030187902909882824,0.004654479390588967,48.87495040893555
254,2013-01-08,0.2666584991409764,0.2646057359157531,0.266698746242396,0.2638007133609489,0.11060016786426369,0.0007245122466824072,-0.002495513551403594,-0.0021735206347645586,-0.001851527718125634,-0.04781507307761773,48.41831588745117
255,2013-01-09,0.2658534926914549,0.26782574560855643,0.26782574560855643,0.26512898044477246,0.11954134808461209,-0.0008050064495214726,0.0032200096928033384,0.0011269993661604527,0.0013282670838235533,0.0089411802203484,49.00751495361328
256,2013-01-10,0.26915401269238,0.2673427481809566,0.26915401269238,0.26601448109713305,0.1642249735277348,0.003300520000925067,-0.00048299742759982944,0.0013282670838235533,0.0008855006523605935,0.04468362544312271,48.91913604736328
257,2013-01-11,0.26706100236573715,0.26689999785477636,0.2676647572028783,0.2660547443038353,0.08716068576447299,-0.00209301032664283,-0.00044275032618024124,-0.001489255489501684,4.026320670225125e-05,-0.07706428776326181,48.83811569213867
258,2013-01-14,0.26726225397811754,0.2687112623661997,0.2687112623661997,0.26613523850667437,0.06833481483580113,0.00020125161238038203,0.0018112645114233272,0.0010465051633213873,8.049420283906539e-05,-0.018825870928671856,49.169559478759766
259,2013-01-15,0.26673899334381546,0.2691942597937995,0.26955651591714075,0.2663767372204743,0.08444900503238648,-0.0005232606343020807,0.00048299742759982944,0.0008452535509410608,0.00024149871379991472,0.016114190196585346,49.257938385009766
260,2013-01-16,0.26782574560855643,0.26859050495665837,0.26859050495665837,0.26718174366999575,0.07748030073909856,0.0010867522647409755,-0.0006037548371411461,-0.0009660109604823774,0.0008050064495214726,-0.006968704293287914,49.1474723815918
261,2013-01-17,0.269677273326682,0.27092503010238383,0.2716897733452031,0.26863075205807796,0.08431156173969706,0.0018515277181255785,0.0023345251457254634,0.0030992683885447403,0.0014490083880822069,0.006831261000598499,49.57462692260742
262,2013-01-18,0.27160927914236405,0.2729375462261876,0.2729375462261876,0.2702407810624036,0.12622029174384056,0.0019320058156820363,0.0020125161238037648,0.001247772880984488,0.0016100290043256638,0.041908730004143496,49.942901611328125
263,2013-01-22,0.27269603140710497,0.2753123023680499,0.2753123023680499,0.27221303397950514,0.13532494484206947,0.00108675226474092,0.0023747561418622776,0.0023747561418622776,0.0019722529171015135,0.009104653098228915,50.377437591552734
264,2013-01-23,0.2749097991432891,0.2747890739443132,0.2753123023680499,0.27390354108138726,0.12200417181651091,0.002213767736184147,-0.0005232284237366991,0.0,0.0016905071018821216,-0.013320773025558563,50.28168869018555
265,2013-01-24,0.2751513139623717,0.27466831653477186,0.2785725913728381,0.27390354108138726,0.1529992810876471,0.00024151481908257777,-0.00012075740954131664,0.003260289004788197,0.0,0.03099510927113619,50.25957489013672
266,2013-01-25,0.27837133976045775,0.27503055655283043,0.27873361198908164,0.2735010378566265,0.20937288177610308,0.003220025798086057,0.0003622400180585683,0.0001610206162435679,-0.00040250322476076406,0.05637360068845598,50.32588577270508
267,2013-01-28,0.2785725913728381,0.2774053449052581,0.2785725913728381,0.2759965836185954,0.16447754904009265,0.00020125161238032652,0.002374788352427659,-0.0001610206162435679,0.0024955457619689203,-0.04489533273601043,50.76041412353516
268,2013-01-29,0.2774053449052581,0.27808959394523824,0.2785323281661359,0.27611730881757135,0.13444085972001374,-0.0011672464675799854,0.000684249039980156,-4.026320670219574e-05,0.00012072519897593503,-0.030036689320078913,50.88563537597656
269,2013-01-30,0.27736508169855584,0.2763990868433562,0.2785725913728381,0.2761978352309758,0.09201575232584083,-4.026320670225125e-05,-0.001690507101882066,4.026320670219574e-05,8.0526413404447e-05,-0.042425107394172906,50.576290130615234
270,2013-01-31,0.2753123023680499,0.27466831653477186,0.27647958104619524,0.2739840674947917,0.1309899387684996,-0.0020527793305059605,-0.0017307703085843174,-0.00209301032664283,-0.0022137677361840913,0.038974186442658765,50.25957489013672
271,2013-02-01,0.2776065965176384,0.2783311087643209,0.27998135265950075,0.2761978352309758,0.13671421640324255,0.0022942941495885383,0.0036627922295490167,0.0035017716133055043,0.0022137677361840913,0.0057242776347429525,50.929813385009766
272,2013-02-04,0.2766808326585756,0.2759563204118932,0.27748583910809715,0.275272071371913,0.11258379932783466,-0.0009257638590627892,-0.002374788352427659,-0.002495513551403594,-0.0009257638590627892,-0.02413041707540789,50.49527740478516
273,2013-02-05,0.2776468275137753,0.28126935653662205,0.2824366352147675,0.2775663333109362,0.17004210772352685,0.0009659948551996589,0.005313036124728832,0.004950796106670319,0.002294261939023212,0.05745830839569219,51.46746444702149
274,2013-02-06,0.27986059524995943,0.28143037715286556,0.28175238617478726,0.27897509459759884,0.12717495776832607,0.002213767736184147,0.00016102061624351238,-0.0006842490399802115,0.0014087612866626187,-0.04286714995520077,51.4969367980957
275,2013-02-07,0.28143037715286556,0.28324164166428895,0.2835233874795084,0.2800618468623398,0.15261294538036838,0.001569781902906131,0.0018112645114233827,0.0017710013047211315,0.0010867522647409755,0.0254379876120423,51.82836151123047
276,2013-02-08,0.28287936943566505,0.28388562749756696,0.284932148766171,0.2824768662109043,0.12187044703599166,0.0014489922827994883,0.0006439858332780157,0.0014087612866626187,0.0024150193485644733,-0.030742498344376715,51.94620513916016
277,2013-02-11,0.2834428932766693,0.2821146261928458,0.2836038816823475,0.28143037715286556,0.0862803191545874,0.0005635238410042764,-0.001771001304721187,-0.0013282670838234978,-0.0010464890580387243,-0.035590127881404254,51.62215042114258
278,2013-02-12,0.2820341319900067,0.2834428932766693,0.2840466481138105,0.28159136555854375,0.07594986737306593,-0.0014087612866626187,0.0013282670838235533,0.0004427664314629598,0.00016098840567818629,-0.010330451781521477,51.86519241333008
279,2013-02-13,0.2834428932766693,0.2824768662109043,0.2848918855594688,0.2813096197433243,0.09598673376515293,0.0014087612866626187,-0.0009660270657650405,0.0008452374456583422,-0.0002817458152194474,0.020036866392087002,51.68842697143555
280,2013-02-14,0.28175238617478726,0.2821146261928458,0.2832818726604258,0.2808668533118613,0.10711953422978988,-0.001690507101882066,-0.0003622400180585128,-0.0016100128990430007,-0.0004427664314630153,0.011132800464636952,51.62215042114258
281,2013-02-15,0.2832818726604258,0.28219512039568484,0.2835233874795084,0.2808266223157245,0.11362020179126044,0.0015294864856385537,8.049420283906539e-05,0.00024151481908257777,-4.0230996136814134e-05,0.006500667561470552,51.63687133789063
282,2013-02-19,0.28267811782328467,0.28549564039660996,0.2855761668100144,0.2818731113737632,0.11811864532830921,-0.0006037548371411461,0.0033005200009251223,0.002052779330506016,0.0010464890580387243,0.004498443537048771,52.24079895019531
283,2013-02-20,0.28501264296901013,0.2831611474614499,0.2875081565204137,0.2831208842547477,0.15634615452720002,0.0023345251457254634,-0.002334492935160082,0.0019319897103993178,0.001247772880984488,0.03822750919889081,51.81363296508789
284,2013-02-21,0.2803033616814224,0.28094737972526573,0.2816718597613828,0.27909585200714015,0.15395022859996246,-0.004709281287587741,-0.002213767736184147,-0.005836296759030912,-0.0040250322476075295,-0.0023959259272375577,51.709922790527344
285,2013-02-22,0.28175238617478726,0.2813096197433243,0.2827183810299869,0.2799008584566616,0.13429226089081386,0.00144902449336487,0.0003622400180585683,0.0010465212686041059,0.0008050064495214726,-0.0196579677091486,51.77658081054688
286,2013-02-25,0.2813096197433243,0.27752610231479935,0.28227561459852396,0.27752610231479935,0.19700681018943164,-0.0004427664314629598,-0.0037835174285249518,-0.0004427664314629598,-0.0023747561418622776,0.06271454929861778,51.080223083496094
287,2013-02-26,0.2780090997423992,0.27821035135477956,0.2799410894527985,0.2770833358833364,0.14064061111091436,-0.0033005200009251223,0.0006842490399802115,-0.0023345251457254634,-0.0004427664314629598,-0.05636619907851728,51.20615005493164
288,2013-02-27,0.2781298249413751,0.2831611474614499,0.28380513329472784,0.2778078481300188,0.1007006031072596,0.00012072519897593503,0.004950796106670319,0.0038640438419293432,0.0007245122466824072,-0.039940008003654756,52.117374420166016
289,2013-02-28,0.283322135867128,0.282154889399548,0.2852541577880927,0.282154889399548,0.13685537820810212,0.0051923109257528965,-0.0010062580619018546,0.00144902449336487,0.004347041269529228,0.036154775100842515,51.93216323852539
290,2013-03-01,0.28058510749664184,0.28195360557660226,0.282798875232826,0.2786530855756772,0.11069674293748295,-0.002737028370486172,-0.00020128382294576364,-0.0024552825552667246,-0.0035018038238708304,-0.026158635270619165,51.89512634277344
291,2013-03-04,0.280102110069042,0.28054487650050497,0.28114859912708073,0.27732481849185364,0.13264665989071114,-0.00048299742759982944,-0.0014087290760972926,-0.001650276105745252,-0.0013282670838235533,0.02194991695322819,51.63584518432617
292,2013-03-05,0.28175238617478726,0.28448938233470805,0.2852541577880927,0.28163162876524594,0.1393961844523694,0.001650276105745252,0.0039445058342030825,0.0041055586610119765,0.004306810273392303,0.006749524561658254,52.36185836791992
293,2013-03-06,0.28505290617571233,0.2868641706871357,0.2874276623175746,0.28497241197287326,0.13083018440278923,0.003300520000925067,0.002374788352427659,0.0021735045294818955,0.003340783207627318,-0.008566000049580164,52.7989501953125
294,2013-03-07,0.2883131629699352,0.2904866997099825,0.29125144295280175,0.2875886829338181,0.1566581908198788,0.003260256794222871,0.0036225290228467655,0.0038237806352271475,0.0026162709609448553,0.025828006417089572,53.46567535400391
295,2013-03-08,0.29249921583378624,0.29664500549093503,0.29696701451285673,0.29249921583378624,0.18303968891989617,0.004186052863851042,0.006158305780952555,0.005715571560054977,0.004910532899968123,0.02638149810001736,54.599151611328125
296,2013-03-11,0.2952764752004093,0.29728899132421305,0.2975707693499978,0.2936262313052294,0.1260457341582528,0.0027772593666230416,0.0006439858332780157,0.0006037548371410906,0.0011270154714431713,-0.05699395476164337,54.717681884765625
297,2013-03-12,0.29732925453091524,0.29620223905947207,0.29745001194045656,0.29410922873282924,0.11099765910805288,0.0020527793305059605,-0.0010867522647409755,-0.00012075740954126113,0.00048299742759982944,-0.015048075050199908,54.517669677734375
298,2013-03-13,0.29676576290047635,0.29765126355283694,0.2979330093680564,0.2960009874470917,0.12606800981687213,-0.0005634916304388948,0.00144902449336487,0.00048299742759982944,0.0018917587142624481,0.01507035070881925,54.784366607666016
299,2013-03-14,0.29857699520133435,0.29708773971183267,0.2989795306366605,0.29551799001949186,0.17048415028455471,0.0018112323008580011,-0.0005635238410042764,0.0010465212686041059,-0.00048299742759982944,0.04441614046768258,54.68064498901367
300,2013-03-15,0.296121744856633,0.29567897842517005,0.29728899132421305,0.29515571779086797,0.22179097711875512,-0.002455250344701343,-0.0014087612866626187,-0.0016905393124474477,-0.0003622722286238944,0.0513068268342004,54.42136001586914
301,2013-03-18,0.2927004674461666,0.2974097487337543,0.29893926742995824,0.2920162184061864,0.15821465377110255,-0.0034212774104663835,0.0017307703085842618,0.0016502761057451965,-0.0031394993846815544,-0.06357632334765256,54.73990249633789
302,2013-03-19,0.29813426098043677,0.2979732725747586,0.299341770654719,0.29555822101562873,0.15811807869788327,0.005433793534270148,0.0005635238410042764,0.00040250322476076406,0.0035420026094423185,-9.657507321927938e-05,54.84362411499024
303,2013-03-20,0.299341770654719,0.30067003773854256,0.3013542867785228,0.299341770654719,0.13505377676886082,0.0012075096742822367,0.0026967651637839762,0.0020125161238037648,0.003783549639090278,-0.02306430192902245,55.33998489379883
304,2013-03-21,0.3002272713070796,0.3002272713070796,0.3018775474128248,0.29962351646993846,0.15189229772179155,0.0008855006523605935,-0.0004427664314629598,0.0005232606343020252,0.0002817458152194474,0.01683852095293073,55.25848007202149
305,2013-03-22,0.30123352936898146,0.3026422906556441,0.3028033112718876,0.3005895435357035,0.1339282362565561,0.0010062580619018546,0.0024150193485644733,0.0009257638590627892,0.0009660270657650405,-0.017964061465235465,55.7029914855957
306,2013-03-25,0.3036888119242482,0.3013140235718205,0.3048963215985304,0.299341770654719,0.16136837706421694,0.0024552825552667246,-0.0013282670838235533,0.00209301032664283,-0.001247772880984488,0.027440140807660857,55.45850372314453
307,2013-03-26,0.30232028163372243,0.3038095693337895,0.3044133241709306,0.30155553839090316,0.12752414376830482,-0.001368530290525749,0.002495545761968976,-0.00048299742759982944,0.002213767736184147,-0.03384423329591213,55.91783905029297
308,2013-03-27,0.3019983048223661,0.302561796452805,0.3026825538623463,0.30018704031094273,0.10458984810763144,-0.00032197681135631706,-0.001247772880984488,-0.0017307703085842618,-0.001368498079960423,-0.02293429566067337,55.68818283081055
309,2013-03-28,0.30248130224996594,0.3032863086994874,0.3040108209461699,0.3018775474128248,0.12966009257324584,0.00048299742759982944,0.0007245122466824072,0.0013282670838235533,0.001690507101882066,0.0250702444656144,55.8215217590332
310,2013-04-01,0.3026825538623463,0.2991807822490408,0.30300456288426797,0.29825501838997803,0.14677350011155538,0.00020125161238038203,-0.004105526450446595,-0.0010062580619019101,-0.0036225290228467655,0.017113407538309533,55.06587219238281
311,2013-04-02,0.3007907951480839,0.29869775261087567,0.3011932983728446,0.2978122519585151,0.13238664735401298,-0.0018917587142624481,-0.00048302963816515554,-0.0018112645114233827,-0.0004427664314629598,-0.014386852757542395,54.97697448730469
312,2013-04-03,0.29978453708618197,0.29515571779086797,0.3001467771042405,0.2945519951642922,0.18065488311476746,-0.0010062580619019101,-0.0035420348200077,-0.0010465212686041059,-0.003260256794222871,0.04826823576075448,54.32503509521485
313,2013-04-04,0.2958802300375504,0.2968462571033154,0.29696701451285673,0.2951959809975702,0.15785059372244317,-0.0039043070486315945,0.0016905393124474477,-0.00317976259138375,0.0006439858332780157,-0.02280428939232429,54.63618469238281
314,2013-04-05,0.2925797100366253,0.29374695650420535,0.29447146875088775,0.2915331887680212,0.16090034033239958,-0.003300520000925067,-0.0030993005991100664,-0.002495545761968976,-0.0036627922295490167,0.0030497466099564108,54.065765380859375
315,2013-04-08,0.2936262313052294,0.29604125065379394,0.29628273326231114,0.2929419500546838,0.12290684949941744,0.0010465212686041059,0.002294294149588594,0.0018112645114233827,0.0014087612866626187,-0.037993490832982146,54.48804473876953
316,2013-04-09,0.29640349067185245,0.2960009874470917,0.2967254996937741,0.2945519951642922,0.1087205484982523,0.0027772593666230416,-4.026320670225125e-05,0.0004427664314629598,0.0016100451096083823,-0.014186301001165136,54.48062896728516
317,2013-04-10,0.2959607242403895,0.29950275906039714,0.29962351646993846,0.29503499259189203,0.1630771219424091,-0.0004427664314629598,0.003501771613305449,0.0028980167761643583,0.00048299742759982944,0.054356573444156786,55.125144958496094
318,2013-04-11,0.29962351646993846,0.30067003773854256,0.3013140235718205,0.2986575216147388,0.11804806442587942,0.0036627922295489612,0.0011672786781454225,0.001690507101882066,0.0036225290228467655,-0.045029057516529664,55.33998489379883
319,2013-04-12,0.2993820338614212,0.2988587732271192,0.29998578869856235,0.2970072455089936,0.07963480669048875,-0.00024148260851725167,-0.0018112645114233827,-0.0013282348732581717,-0.0016502761057451965,-0.03841325773539067,55.00659942626953
320,2013-04-15,0.29732925453091524,0.2906074571195238,0.2975305061432956,0.29052693070611935,0.1254513742558549,-0.0020527793305059605,-0.008251316107595386,-0.0024552825552667246,-0.006480314802874254,0.045816567565366145,53.487911224365234
321,2013-04-16,0.2927407306528688,0.2945519951642922,0.2947532145661072,0.2917344403804016,0.09186715349664094,-0.004588523878046424,0.003944538044768409,-0.0027772915771884232,0.0012075096742822367,-0.033584220759213954,54.21392440795898
322,2013-04-17,0.2927809616490057,0.2893596842385393,0.2927809616490057,0.28746792552427686,0.1472007040383042,4.0230996136869646e-05,-0.0051923109257528965,-0.0019722529171015135,-0.004266514856124726,0.055333550541663265,53.25825119018555
323,2013-04-18,0.2891986958328611,0.28766917713665724,0.2893596842385393,0.2854554094004731,0.19825491994574515,-0.0035822658161445697,-0.001690507101882066,-0.0034212774104663835,-0.0020125161238037648,0.05105421590744094,52.94709777832031
324,2013-04-19,0.2967254996937741,0.29857699520133435,0.29962351646993846,0.292458952627084,0.24380775646224292,0.007526803860912978,0.01090781806467711,0.01026383223139915,0.007003543226610898,0.045552836516497774,54.95475387573242
325,2013-04-22,0.2990197616327973,0.3002272713070796,0.30143478098136184,0.29801350357089545,0.13994595762312703,0.002294261939023212,0.001650276105745252,0.0018112645114233827,0.005554550943811465,-0.10386179883911589,55.25848007202149
326,2013-04-23,0.3018775474128248,0.3009115203470598,0.3018775474128248,0.2968462571033154,0.10815965520538583,0.0028577857800274886,0.0006842490399802115,0.0004427664314629598,-0.001167246467580041,-0.031786302417741205,55.3844108581543
327,2013-04-24,0.3017567900032835,0.3011932983728446,0.302561796452805,0.3003882919233231,0.13972681330589898,-0.00012075740954131664,0.0002817780257847735,0.0006842490399802115,0.0035420348200077,0.03156715810051315,55.4362907409668
328,2013-04-25,0.30159580159760535,0.29998578869856235,0.302038535818503,0.2995832854738016,0.19429881255511366,-0.00016098840567813077,-0.0012075096742822367,-0.0005232606343020252,-0.0008050064495215281,0.05457199924921469,55.21402740478516
329,2013-04-26,0.3000260196946992,0.29745001194045656,0.3005895435357035,0.29656451128809597,0.1237277907433837,-0.001569781902906131,-0.00253577675810579,-0.0014489922827994883,-0.0030187741857056194,-0.07057102181172996,54.747318267822266
330,2013-04-29,0.2979330093680564,0.2970475087156958,0.2982952493861149,0.2956387474290332,0.11145825881552993,-0.00209301032664283,-0.00040250322476076406,-0.002294294149588594,-0.0009257638590627892,-0.01226953192785378,54.67324447631836
331,2013-04-30,0.297731757755676,0.2960009874470917,0.2977719887518129,0.2938274829176098,0.10839739208346466,-0.00020125161238038203,-0.0010465212686041059,-0.0005232606343020252,-0.0018112645114233827,-0.003060866732065265,54.48062896728516
332,2013-05-01,0.29463248936713127,0.29193572420334735,0.29539723260995054,0.2916942093842647,0.11779917201129012,-0.0030992683885447403,-0.004065263243744344,-0.002374756141862333,-0.0021332735333450814,0.009401779927825454,53.73238754272461
333,2013-05-02,0.2931432016670642,0.297731757755676,0.29837577579951935,0.29306270746422514,0.11629101430387681,-0.0014892877000670657,0.005796033552328661,0.0029785431895688053,0.001368498079960423,-0.0015081577074133046,54.7991828918457
334,2013-05-03,0.30071026873467943,0.30284354226802446,0.3046950699861501,0.30071026873467943,0.11942621586494363,0.00756706706761523,0.0051117845123484495,0.006319294186630742,0.007647561270454295,0.003135201561066822,55.74003219604492
335,2013-05-06,0.30300456288426797,0.30622458868235397,0.30658682870041254,0.3028838054747267,0.13403593145188422,0.0022942941495885383,0.003381046414329514,0.0018917587142624481,0.002173536740047277,0.014609715586940589,56.36233139038086
336,2013-05-07,0.3067075861099538,0.3095251086832791,0.3101288635204202,0.30642584029473435,0.10851996132747344,0.003703023225685831,0.0033005200009251223,0.0035420348200076446,0.0035420348200076446,-0.025515970124410786,56.969818115234375
337,2013-05-08,0.30872010223375757,0.3118596338290045,0.31214137964422395,0.30823710480615774,0.11212319962035762,0.0020125161238037648,0.002334525145725408,0.0020125161238037648,0.0018112645114233827,0.003603238292884184,57.39949798583984
338,2013-05-09,0.311698613212761,0.31306714350328674,0.3139929073623496,0.3112961099880002,0.15022442106306952,0.0029785109790034237,0.0012075096742822367,0.001851527718125634,0.003059005181842489,0.0381012214427119,57.62174987792969
339,2013-05-10,0.3129463860937455,0.3129061228870432,0.31427465317756903,0.31085337576710265,0.08587542630085951,0.001247772880984488,-0.00016102061624351238,0.0002817458152194474,-0.0004427342208975782,-0.06434899476221001,57.59210205078125
340,2013-05-13,0.31270487127466284,0.31338912031464305,0.3140331383584864,0.3118193706223023,0.07403681681192474,-0.00024151481908263328,0.00048299742759982944,-0.00024151481908263328,0.0009659948551996589,-0.011838609488934768,57.680999755859375
341,2013-05-14,0.313308626111804,0.3186216944470982,0.3186216944470982,0.313308626111804,0.11321530893753254,0.0006037548371411461,0.005232574132455148,0.004588556088611806,0.001489255489501684,0.0391784921256078,58.64405059814453
342,2013-05-15,0.31749467897565503,0.3215599422193994,0.3215599422193994,0.3160859176889924,0.12336373069472431,0.004186052863851042,0.0029382477723011724,0.0029382477723011724,0.0027772915771884232,0.010148421757191772,59.18487930297852
343,2013-05-16,0.3191449228708349,0.3168909241385139,0.3191449228708349,0.3161664118918315,0.12871282815869903,0.0016502438951798704,-0.00466901808088549,-0.0024150193485644733,8.049420283906539e-05,0.005349097463974717,58.62639999389648
344,2013-05-17,0.31890344026231765,0.325021482836568,0.3253837228546265,0.31817892801563524,0.15097849991677614,-0.00024148260851725167,0.008130558698054124,0.006238799983791621,0.0020125161238037648,0.022265671758077116,60.13060760498047
345,2013-05-20,0.3232907125279837,0.3241359821842074,0.3269937357536695,0.3229284725099252,0.0939213658626417,0.004387272265666042,-0.0008855006523605935,0.0016100128990430007,0.004749544494289937,-0.05705713405413444,59.96677780151367
346,2013-05-21,0.3240152247746661,0.3226064634880035,0.32550448026416784,0.3216404686328038,0.1180666215723286,0.0007245122466824072,-0.0015295186962039353,-0.001489255489501684,-0.0012880038771213576,0.024145255709686897,59.68381118774414
347,2013-05-22,0.32264672669470573,0.32035243254511714,0.3253837228546265,0.31922544928423935,0.15357504842919423,-0.0013684980799603674,-0.0022540309428863425,-0.00012075740954131664,-0.0024150193485644733,0.03550842685686563,59.26678466796875
348,2013-05-23,0.3167701667289726,0.3189436712584545,0.3204329589585216,0.3161664118918315,0.14577796586759972,-0.005876559965733108,-0.0014087612866626187,-0.004950763896104937,-0.0030590373924078706,-0.007797082561594504,59.00618743896485
349,2013-05-24,0.31801793960995706,0.3191449228708349,0.3196681835051369,0.3159651602794511,0.0900024081793102,0.0012477728809844324,0.00020125161238038203,-0.0007647754533846585,-0.00020125161238038203,-0.055775557688289526,59.04341125488281
350,2013-05-28,0.32312972412230556,0.32107694479179955,0.32554474347087003,0.3209964505889605,0.12312599381664548,0.005111784512348505,0.0019320219209646439,0.005876559965733108,0.005031290309509384,0.03312358563733528,59.40084457397461
351,2013-05-29,0.31870218864993727,0.31717266995373333,0.32071470477374103,0.3161261486851292,0.12205987867026005,-0.004427535472368294,-0.003904274838066213,-0.004830038697129002,-0.004870301903831253,-0.001066115146385424,58.67851257324219
352,2013-05-30,0.31801793960995706,0.319748677707976,0.32139895381372124,0.3167701667289726,0.10338260657078807,-0.0006842490399802115,0.0025760077542426596,0.0006842490399802115,0.0006440180438433973,-0.01867727209947198,59.15509414672852
353,2013-05-31,0.3188229460594786,0.31580417187377297,0.3225662002813013,0.31580417187377297,0.12197445913355125,0.0008050064495215281,-0.003944505834203027,0.001167246467580041,-0.0009659948551996589,0.018591852562763175,58.42537307739258
354,2013-06-03,0.3161664118918315,0.3173739215661137,0.31874241964607414,0.3140331383584864,0.1040698230342351,-0.0026565341676471066,0.0015697496923407495,-0.0038237806352271475,-0.0017710335152865686,-0.01790463609931614,58.715763092041016
355,2013-06-04,0.3167701667289726,0.3129061228870432,0.31890344026231765,0.31145713060424374,0.12835624054878156,0.0006037548371411461,-0.004467798679070489,0.00016102061624351238,-0.0025760077542426596,0.02428641751454645,57.88919448852539
356,2013-06-05,0.31189986482514137,0.30872010223375757,0.31226213705376527,0.3079553267803729,0.10069692000949106,-0.004870301903831253,-0.00418602065328566,-0.006641303208552385,-0.0035018038238708304,-0.027659320539290502,57.11476135253906
357,2013-06-06,0.3089616170528402,0.3125841138651216,0.3125841138651216,0.30711008933471456,0.10632462257101473,-0.0029382477723011724,0.003864011631364017,0.00032197681135631706,-0.0008452374456583422,0.005627702561523673,57.8296127319336
358,2013-06-07,0.31552239384798814,0.3182996854251765,0.31886317705561545,0.3134696467280475,0.12094177518229564,0.006560776795147938,0.005715571560054922,0.006279063190493872,0.0063595573933329375,0.01461715261128091,58.88704299926758
359,2013-06-10,0.3189436712584545,0.3166896725261335,0.31922544928423935,0.31511989062322737,0.08733527876446236,0.0034212774104663835,-0.0016100128990430007,0.0003622722286238944,0.0016502438951798704,-0.03360649641783328,58.589168548583984
360,2013-06-11,0.3136306351337257,0.3145966621994907,0.3175751731784941,0.31266464027852603,0.05830524381044796,-0.005313036124728832,-0.00209301032664283,-0.001650276105745252,-0.002455250344701343,-0.0290300349540144,58.20193099975586
361,2013-06-12,0.3170116815480552,0.31121561578516116,0.3177361615841723,0.3109741009660786,0.07828268483661566,0.003381046414329514,-0.003381046414329514,0.00016098840567818629,-0.0016905393124474477,0.0199774410261677,57.576454162597656
362,2013-06-13,0.3112961099880002,0.31520038482606644,0.3160054234861533,0.31065212415472226,0.08871343020352657,-0.005715571560054977,0.003984769040905278,-0.0017307380980189913,-0.00032197681135631706,0.01043074536691091,58.31365585327149
363,2013-06-14,0.3145966621994907,0.31467715640232974,0.31656891511659224,0.31338912031464305,0.09795177266787311,0.0033005522114904484,-0.0005232284237366991,0.0005634916304389503,0.0027369961599207904,0.009238342464346544,58.21684265136719
364,2013-06-17,0.31729342736327465,0.32083546218328235,0.3218819512413211,0.3168506609318117,0.14065544974519337,0.0026967651637839762,0.006158305780952611,0.005313036124728832,0.0034615406171686347,0.04270367707732026,59.35614776611328
365,2013-06-18,0.3214794480165603,0.3254239860613288,0.32639001312709376,0.32083546218328235,0.1197308151332821,0.00418602065328566,0.004588523878046424,0.004508061885772685,0.00398480125147066,-0.02092463461191127,60.205074310302734
366,2013-06-19,0.32534349185848965,0.32071470477374103,0.3257459950832504,0.32071470477374103,0.1135533394010008,0.0038640438419293432,-0.004709281287587741,-0.0006440180438433418,-0.00012075740954131664,-0.006177475732281293,59.33380889892578
367,2013-06-20,0.31801793960995706,0.3126243770718238,0.3191449228708349,0.31189986482514137,0.1262351657925212,-0.007325552248532596,-0.008090327701917255,-0.006601072212415515,-0.008814839948599662,0.012681826391520393,57.83708572387695
368,2013-06-21,0.31520038482606644,0.31495890221754924,0.3159651602794511,0.31109485837561984,0.1637309072107263,-0.002817554783890619,0.0023345251457254634,-0.0031797625913838057,-0.0008050064495215281,0.03749574141820511,58.26898193359375
369,2013-06-24,0.31189986482514137,0.3085188506213772,0.31210111643752175,0.3065063344975734,0.13303671411016005,-0.003300520000925067,-0.006440051596172058,-0.0038640438419293432,-0.004588523878046424,-0.03069419310056626,57.07753372192383
370,2013-06-25,0.31177910741560005,0.3125438828689847,0.31391238094894514,0.31061186094802,0.09005811503305934,-0.00012075740954131664,0.0040250322476075295,0.0018112645114233827,0.004105526450446595,-0.04297859907710071,57.82217025756836
371,2013-06-26,0.3159651602794511,0.3209964505889605,0.32143921702042344,0.3157236454603685,0.13499803450071005,0.004186052863851042,0.008452567719975768,0.0075268360714783045,0.005111784512348505,0.044939919467650705,59.38595581054688
372,2013-06-27,0.3226064634880035,0.32280771510038386,0.32602774089846986,0.3226064634880035,0.12451526537781854,0.006641303208552385,0.0018112645114233827,0.004588523878046424,0.006882818027634963,-0.010482769122891505,59.72106552124024
373,2013-06-28,0.3220027086508624,0.3193461744832153,0.32280771510038386,0.3191851860775371,0.12909544535380757,-0.0006037548371410906,-0.003461540617168579,-0.0032200257980860014,-0.0034212774104663835,0.004580179975989029,59.08062744140625
374,2013-07-01,0.32143921702042344,0.3232907125279837,0.32639001312709376,0.32143921702042344,0.07973881878804835,-0.0005634916304389503,0.003944538044768409,0.003582298026709896,0.0022540309428863425,-0.04935662656575922,59.81040954589844
375,2013-07-02,0.3189436712584545,0.3134696467280475,0.321358690607019,0.31246338866614565,0.3336764398610339,-0.0024955457619689203,-0.00982106579993619,-0.005031322520074766,-0.008975828354277793,0.25393762107298556,57.99346160888672
376,2013-07-03,0.3113766041908393,0.3160054234861533,0.31785691899371354,0.31121561578516116,0.09590127881404252,-0.00756706706761523,0.00253577675810579,-0.003501771613305449,-0.001247772880984488,-0.23777516104699137,58.46261215209961
377,2013-07-05,0.318138664808933,0.32224422346994497,0.32232471767278403,0.318138664808933,0.07804863105630536,0.0067620606180937015,0.006238799983791676,0.004467798679070489,0.006923049023771832,-0.017852647757737164,59.61680221557617
378,2013-07-08,0.32393473057182703,0.3246994738146463,0.32618872930414805,0.3222039602632427,0.1433597288673412,0.005796065762894043,0.002455250344701343,0.003864011631364017,0.004065295454309725,0.06531109781103583,60.07099914550781
379,2013-07-09,0.3273157447755912,0.327597522801376,0.3286440118594148,0.32659123252890876,0.10879112940068209,0.0033810142037641877,0.0028980489867296844,0.0024552825552667246,0.004387272265666042,-0.034568599466659106,60.60716247558594
380,2013-07-10,0.3270339989603718,0.3268730105546936,0.3290465150841755,0.3257459950832504,0.09039614549652762,-0.0002817458152194474,-0.0007245122466824072,0.00040250322476070854,-0.0008452374456583422,-0.018394983904154463,60.47312927246094
381,2013-07-11,0.3307370221860576,0.3323470350851006,0.33274953830986137,0.32997227894323833,0.092465231911209,0.003703023225685831,0.005474024530407018,0.0037030232256858864,0.0042262838599879116,0.002069086414681384,61.48583984375
382,2013-07-12,0.33230680408896374,0.3315420286355791,0.333071547331783,0.3295295125117753,0.0994005050093671,0.001569781902906131,-0.0008050064495215281,0.00032200902192164316,-0.0004427664314630153,0.0069352730981580984,61.336944580078125
383,2013-07-15,0.33206528926988116,0.33126028282035963,0.33278980151656357,0.32888552667849735,0.12578940471932315,-0.00024151481908257777,-0.0002817458152194474,-0.0002817458152194474,-0.0006439858332779602,0.026388899709956046,61.28480911254883
384,2013-07-16,0.33146153443274,0.3301735305556187,0.33262878090032005,0.3294892815156385,0.07022558973832299,-0.0006037548371411461,-0.00108675226474092,-0.00016102061624351238,0.0006037548371411461,-0.05556381498100016,61.08373641967773
385,2013-07-17,0.3315420286355791,0.3318238066613639,0.33387655378130454,0.3309785370051402,0.0835500458616501,8.049420283906539e-05,0.0016502761057451965,0.001247772880984488,0.001489255489501684,0.01332445612332711,61.3890380859375
386,2013-07-18,0.3318238066613639,0.3339570479841436,0.3352450840718303,0.3300930363527796,0.138226092622826,0.000281778025784829,0.0021332413227797,0.001368530290525749,-0.0008855006523605935,0.054676046761175906,61.78369903564453
387,2013-07-19,0.33963235633749633,0.3363720673327081,0.3415241150517588,0.33367530216892416,0.11823009445020913,0.007808549676132426,0.0024150193485644733,0.0062790309799284905,0.0035822658161445697,-0.01999599817261688,62.230499267578125
388,2013-07-22,0.33427905700606525,0.33423882600992844,0.3352450840718303,0.333071547331783,0.09632476422862121,-0.005353299331431083,-0.0021332413227796443,-0.0062790309799284905,-0.0006037548371411461,-0.021905330221587915,61.83583450317383
389,2013-07-23,0.33584883890897144,0.33516455765842584,0.3364525937461125,0.3337960595784654,0.0753220762755382,0.0015697819029061866,0.0009257316484974076,0.0012075096742822367,0.0007245122466824072,-0.021002687953083007,62.00712585449219
390,2013-07-24,0.3357280814994301,0.3341180686003871,0.3364525937461125,0.3334338195604069,0.07397739144600543,-0.00012075740954131664,-0.0010464890580387243,0.0,-0.0003622400180585128,-0.0013446848295327746,61.81353759765625
391,2013-07-25,0.3332325679480265,0.3334740505565438,0.3340778053936849,0.33230680408896374,0.09558924252136373,-0.002495513551403594,-0.0006440180438433418,-0.0023747883524276037,-0.0011270154714431713,0.021611851075358304,61.69437026977539
392,2013-07-26,0.33226654088226154,0.3335948079660851,0.33387655378130454,0.33126028282035963,0.09413682708210121,-0.000966027065764985,0.00012075740954131664,-0.00020125161238038203,-0.0010465212686041059,-0.0014524154392625277,61.7166862487793
393,2013-07-29,0.3325885499041832,0.33311181053848526,0.33456080282128475,0.33198479506704204,0.08416668142266734,0.00032200902192164316,-0.00048299742759982944,0.0006842490399802115,0.0007245122466824072,-0.009970145659433868,61.62733840942383
394,2013-07-30,0.3350438324594499,0.3340778053936849,0.3370563485832537,0.33303131633564614,0.09059304956953795,0.0024552825552667246,0.0009659948551996589,0.0024955457619689203,0.0010465212686041059,0.006426368146870615,61.80606460571289
395,2013-07-31,0.33528531506796716,0.3339973111908458,0.3372978311917709,0.3337960595784654,0.11211948110818745,0.00024148260851725167,-8.04942028391209e-05,0.00024148260851725167,0.0007647432428192769,0.0215264315386495,61.79117202758789
396,2013-08-01,0.3372978311917709,0.34035686858417874,0.3409606234213199,0.3366135821517907,0.08315630854443268,0.0020125161238037648,0.0063595573933329375,0.0036627922295489612,0.002817522573325293,-0.028963172563754774,62.96772384643555
397,2013-08-02,0.3397128505403354,0.34083986601177857,0.34124236923653933,0.3383040892536728,0.08887314915483531,0.0024150193485644733,0.00048299742759982944,0.0002817458152194474,0.001690507101882066,0.005716840610402632,63.05706024169922
398,2013-08-05,0.33922985311273557,0.3402361111746375,0.3409606234213199,0.33814310084799465,0.05586841424933864,-0.00048299742759982944,-0.0006037548371410906,-0.0002817458152194474,-0.00016098840567813077,-0.03300473490549667,62.94536209106445
399,2013-08-06,0.33995436535941803,0.33874685568513574,0.3409203602146177,0.3377405976232339,0.07705313222675134,0.0007245122466824627,-0.0014892554895017396,-4.026320670219574e-05,-0.00040250322476076406,0.021184717977412698,62.66984558105469
400,2013-08-07,0.33806260664515553,0.3366940763546298,0.3381028376412924,0.3354463356842107,0.09057817552085731,-0.0018917587142625036,-0.0020527793305059605,-0.002817522573325293,-0.002294261939023212,0.013525043294105976,62.290069580078125
401,2013-08-08,0.33850534086605316,0.3361305847241909,0.33967261954419853,0.33609032151748863,0.078319799129514,0.0004427342208976337,-0.0005634916304388948,0.001569781902906131,0.0006439858332779602,-0.012258376391343306,62.185848236083984
402,2013-08-09,0.33621107892702995,0.3353658092708062,0.3368550969708733,0.3345205718251479,0.08413696873970769,-0.002294261939023212,-0.0007647754533846585,-0.0028175225733252374,-0.0015697496923407495,0.005817169610193684,62.04437255859375
403,2013-08-12,0.33391681698800674,0.3358085757022692,0.336291573129869,0.332548286697481,0.07857241005627348,-0.002294261939023212,0.0004427664314629598,-0.0005635238410042764,-0.001972285127666895,-0.005564558683434209,62.12628173828125
404,2013-08-13,0.33600982731464957,0.3368550969708733,0.3378613550327752,0.33472182343752827,0.05398883029772888,0.00209301032664283,0.0010465212686041059,0.0015697819029061866,0.002173536740047277,-0.024583579758544603,62.31988525390625
405,2013-08-14,0.33725760019563406,0.33548656668034754,0.33778082861937075,0.33496330604604546,0.0640221198352522,0.001247772880984488,-0.001368530290525749,-8.0526413404447e-05,0.00024148260851719616,0.010033289537523325,62.06666564941406
406,2013-08-15,0.33246779249464187,0.3300930363527796,0.33287029571940263,0.3291672724937168,0.08526250925201243,-0.004789807700992188,-0.0053935303275679525,-0.004910532899968123,-0.005796033552328661,0.021240389416760222,61.0688705444336
407,2013-08-16,0.3286440118594148,0.3298917847403992,0.33065652798321854,0.3281207512251127,0.13289555230530048,-0.003823780635227092,-0.00020125161238038203,-0.0022137677361840913,-0.0010465212686041059,0.047633043053288054,61.33827590942383
408,2013-08-19,0.3288050002650929,0.3278792686165955,0.3300930363527796,0.32763775379751287,0.08589398344730868,0.00016098840567813077,-0.0020125161238037093,-0.0005634916304389503,-0.00048299742759982944,-0.047001568857991796,60.96410751342773
409,2013-08-20,0.32800002602613676,0.3289257576746342,0.33081754859946205,0.32763775379751287,0.06556367332339369,-0.0008049742389561465,0.0010464890580387243,0.0007245122466824627,0.0,-0.020330310123914994,61.15867233276367
410,2013-08-21,0.3284427602470344,0.3243372337965878,0.3288050002650929,0.3240957189775052,0.10787733159566669,0.0004427342208976337,-0.004588523878046424,-0.0020125483343691464,-0.0035420348200076446,0.042313658272273,60.30549240112305
411,2013-08-22,0.32429697058988555,0.3251019770394071,0.32634974992039156,0.32353222734706627,0.09795549118004328,-0.004145789657148846,0.0007647432428192769,-0.002455250344701343,-0.0005634916304389503,-0.009921840415623412,60.447696685791016
412,2013-08-23,0.32534349185848965,0.32763775379751287,0.32836226604419533,0.3236529847566076,0.067071831030807,0.0010465212686041059,0.00253577675810579,0.0020125161238037648,0.00012075740954131664,-0.030883660149236283,60.919189453125
413,2013-08-26,0.3280805202289758,0.32622899251085025,0.32872450606225384,0.3258264892860895,0.07605759798279568,0.002737028370486172,-0.0014087612866626187,0.0003622400180585128,0.0021735045294818955,0.008985766951988688,60.65725326538086
414,2013-08-27,0.32268695769084255,0.3189839344651567,0.3240152247746661,0.3183399164213134,0.113036997425373,-0.005393562538133279,-0.007245058045693531,-0.004709281287587741,-0.007486572864776109,0.03697939944257732,59.31012725830078
415,2013-08-28,0.3189436712584545,0.31978894091467824,0.3209561873822583,0.31749467897565503,0.11318187774240272,-0.0037432864323880266,0.0008050064495215281,-0.003059037392407815,-0.0008452374456583422,0.00014488031702972193,59.45981597900391
416,2013-08-29,0.3189839344651567,0.32224422346994497,0.3239749615679639,0.3183399164213134,0.06735043612835595,4.026320670219574e-05,0.0024552825552667246,0.0030187741857056194,0.0008452374456583422,-0.04583144161404677,59.91634368896485
417,2013-08-30,0.3234517331442272,0.3202719383422781,0.3234517331442272,0.31902419767185897,0.07311558198256903,0.004467798679070489,-0.001972285127666895,-0.0005232284237366991,0.0006842812505455931,0.005765145854213075,59.54962158203125
418,2013-09-03,0.3237737421661489,0.3259472466956308,0.3261484983080112,0.3232504815318468,0.1496226595507329,0.00032200902192169867,0.005675308353352726,0.0026967651637839762,0.004226283859987856,0.07650707756816387,60.6048583984375
419,2013-09-04,0.3236127215499054,0.32586675249279173,0.32639001312709376,0.3229284725099252,0.12400636042653106,-0.00016102061624351238,-8.049420283906539e-05,0.00024151481908257777,-0.00032200902192164316,-0.02561629912420184,60.58988952636719
420,2013-09-05,0.3256252376737091,0.327597522801376,0.3296905331280189,0.3247799680174854,0.0674507297137454,0.0020125161238037093,0.0017307703085842618,0.0033005200009251223,0.0018514955075601969,-0.05655563071278566,60.91170883178711
421,2013-09-06,0.3282817718413562,0.32868427506611697,0.3309785370051402,0.32300896671276424,0.07652563471461304,0.0026565341676471066,0.0010867522647409755,0.001288003877121302,-0.0017710013047211315,0.009074905000867647,61.11375045776367
422,2013-09-09,0.3294087873127994,0.3317835434546617,0.33299105312894395,0.3291270092870146,0.08432640037397608,0.0011270154714431713,0.0030992683885447403,0.0020125161238037648,0.00611804257425036,0.0078007656593630376,61.69001388549805
423,2013-09-10,0.3339973111908458,0.3386260982755945,0.33922985311273557,0.3332727989441634,0.08776620120338137,0.004588523878046424,0.006842554820932767,0.006238799983791621,0.004145789657148791,0.0034398008294052873,62.962310791015625
424,2013-09-11,0.3389078440908139,0.3382235950508337,0.3397128505403354,0.3366940763546298,0.09333816149675427,0.004910532899968123,-0.00040250322476076406,0.00048299742759982944,0.0034212774104663835,0.005571960293372896,62.8874626159668
425,2013-09-12,0.3384248466632141,0.3372173369889318,0.3397933447431745,0.3371770737822296,0.07489118925102083,-0.00048299742759982944,-0.0010062580619019101,8.04942028391209e-05,0.00048299742759982944,-0.01844697224573344,62.70036315917969
426,2013-09-13,0.33818333184413146,0.3383040892536728,0.3384651098699163,0.3353658092708062,0.06161872146927269,-0.00024151481908263328,0.0010867522647409755,-0.0013282348732582272,-0.0018112645114233827,-0.013272467781748135,62.90241622924805
427,2013-09-16,0.3425706363203629,0.3425303731136607,0.3434561369727235,0.3398738711565789,0.07931533337346966,0.004387304476231424,0.0042262838599879116,0.004991027102807188,0.004508061885772685,0.01769661190419697,63.6882209777832
428,2013-09-17,0.3426913937299042,0.3439391344003233,0.3448246350526839,0.3421681330956021,0.07379164290950559,0.00012075740954131664,0.0014087612866626187,0.001368498079960423,0.002294261939023212,-0.005523690463964073,63.95016860961914
429,2013-09-18,0.3438184092013474,0.3487691730974523,0.3496949369565151,0.34172536666413916,0.08456413725205492,0.0011270154714431713,0.004830038697129002,0.004870301903831198,-0.0004427664314629598,0.01077249434254933,64.84823608398438
430,2013-09-19,0.3498559575727586,0.3493326969384566,0.3523917021202991,0.34884969951085676,0.08489104759341434,0.006037548371411239,0.0005635238410042764,0.0026967651637839762,0.007124332846717596,0.00032691034135942654,64.95304107666016
431,2013-09-20,0.3486081846917742,0.3440598918098646,0.3490106879165349,0.3440598918098646,0.12855310920739027,-0.0012477728809844324,-0.005272805128591962,-0.0033810142037641877,-0.0047898077009921325,0.04366206161397593,63.97261428833008
432,2013-09-23,0.34297313954512365,0.3386260982755945,0.3440598918098646,0.33802234343845333,0.12135410506036384,-0.00563504514665053,-0.005433793534270148,-0.004950796106670263,-0.006037548371411294,-0.007199004147026428,62.962310791015625
433,2013-09-24,0.33850534086605316,0.3391090957031943,0.34196688148322174,0.3370563485832537,0.08465702922750566,-0.004467798679070489,0.00048299742759982944,-0.0020930103266428857,-0.0009659948551996589,-0.03669707583285818,63.05210494995117
434,2013-09-25,0.33943110472511595,0.33745885180801444,0.34079963501564176,0.33745885180801444,0.0835240516908606,0.0009257638590627892,-0.0016502438951798704,-0.0011672464675799854,0.00040250322476076406,-0.001132977536645055,62.74525451660156
435,2013-09-26,0.33818333184413146,0.3383040892536728,0.3398336079498767,0.3369758221698492,0.05154084520010908,-0.001247772880984488,0.0008452374456583422,-0.0009660270657650405,-0.00048302963816521105,-0.03198320649075153,62.90241622924805
436,2013-09-27,0.336291573129869,0.33641233053941033,0.3373380943984731,0.334681560230826,0.06331631081095439,-0.0018917587142624481,-0.0018917587142624481,-0.002495513551403594,-0.002294261939023212,0.01177546561084531,62.55067825317383
437,2013-09-30,0.3332727989441634,0.33423882600992844,0.3358085757022692,0.3315420286355791,0.0924763874477195,-0.0030187741857056194,-0.0021735045294818955,-0.0015295186962039353,-0.003139531595246936,0.029160076636765106,62.14654922485352
438,2013-10-01,0.33460106602798695,0.33496330604604546,0.33617081572032775,0.333514313763246,0.09091248747215543,0.0013282670838235533,0.0007244800361170256,0.0003622400180585683,0.001972285127666895,-0.0015638999755640676,62.28123474121094
439,2013-10-02,0.33266904410702225,0.3334338195604069,0.3335948079660851,0.33037478216799904,0.10886914732745218,-0.0019320219209646994,-0.0015294864856385537,-0.0025760077542426596,-0.003139531595246936,0.01795665985529675,61.996864318847656
440,2013-10-03,0.3325885499041832,0.32783900540989325,0.3332727989441634,0.32618872930414805,0.09781432937518371,-8.049420283906539e-05,-0.005594814150513661,-0.00032200902192169867,-0.004186052863850986,-0.011054817952268467,60.95660018920898
441,2013-10-04,0.32872450606225384,0.3310188002118424,0.3320250582737443,0.32727551377945435,0.09422596513098017,-0.0038640438419293432,0.0031797948019491318,-0.0012477406704191063,0.0010867844753063016,-0.003588364244203543,61.547828674316406
442,2013-10-07,0.32783900540989325,0.33371556537562636,0.3356878182927279,0.32643024412323063,0.1328249714028707,-0.0008855006523605935,0.0026967651637839762,0.003662760018983635,-0.0008452696562237239,0.03859900627189053,62.04925155639648
443,2013-10-08,0.3332727989441634,0.329328260899395,0.33548656668034754,0.32920750348985367,0.11319671637668174,0.005433793534270148,-0.004387304476231368,-0.00020125161238038203,0.0027772593666230416,-0.01962825502618895,61.23350524902344
444,2013-10-09,0.3300527731460774,0.32965026992131663,0.33206528926988116,0.32783900540989325,0.097858916106824,-0.0032200257980860014,0.00032200902192164316,-0.0034212774104663835,-0.001368498079960423,-0.015337800269857746,61.29337310791016
445,2013-10-10,0.3334740505565438,0.3424901421175238,0.3424901421175238,0.3332727989441634,0.1338242241589965,0.0034212774104663835,0.012839872196207192,0.010424852847642663,0.005433793534270148,0.035965308052172504,63.68075180053711
446,2013-10-11,0.3421681330956021,0.34800442985463304,0.3482056814670134,0.34172536666413916,0.12596027920714237,0.008694082539058345,0.005514287737109214,0.005715539349489596,0.008452567719975768,-0.007863944951854135,64.70604705810547
447,2013-10-14,0.3448648982593861,0.34607240793366834,0.3467164259775117,0.3434561369727235,0.10589370013209572,0.0026967651637839762,-0.0019320219209646994,-0.0014892554895017396,0.0017307703085843174,-0.02006657907504665,64.3468246459961
448,2013-10-15,0.3451869072813078,0.3426913937299042,0.34615290213650746,0.3420071124793586,0.07333844481196723,0.00032200902192169867,-0.003381014203764132,-0.0005635238410042209,-0.00144902449336487,-0.032555255320128484,63.71817779541016
449,2013-10-16,0.34530766469084906,0.34514664407460555,0.346837183387053,0.3421681330956021,0.08986124637445063,0.00012075740954126113,0.002455250344701343,0.0006842812505455376,0.00016102061624351238,0.016522801562483397,64.17469787597656
450,2013-10-17,0.34369765179180606,0.3491314453260762,0.34929243373175434,0.3428926453422846,0.0995305112777162,-0.0016100128990430007,0.00398480125147066,0.002455250344701343,0.0007245122466824627,0.00966926490326557,64.91561889648438
451,2013-10-18,0.3449856556689274,0.34043736278701786,0.3459114195279902,0.33689532796701016,0.26151924241512053,0.0012880038771213576,-0.008694082539058345,-0.003381014203764132,-0.005997317375274425,0.16198873113740433,63.29906463623047
452,2013-10-21,0.34043736278701786,0.3407191086022373,0.3414838840556219,0.33834435246037503,0.13047731530504195,-0.004548292881909555,0.0002817458152194474,-0.004427535472368294,0.00144902449336487,-0.1310419271100786,63.3514518737793
453,2013-10-22,0.3420071124793586,0.3467969201803508,0.3480849240574721,0.34172536666413916,0.12385779701173279,0.0015697496923407495,0.00607781157811349,0.006601040001850189,0.003381014203764132,-0.0066195182933091595,64.48151397705078
454,2013-10-23,0.3466761627708095,0.3489301937136958,0.3489301937136958,0.3443014066289472,0.10025115893629304,0.004669050291450871,0.002133273533345026,0.0008452696562237239,0.002576039964808041,-0.02360663807543975,64.878173828125
455,2013-10-24,0.34957417954697384,0.3513049498555581,0.35190870469269925,0.34905095112323714,0.08379893827623941,0.0028980167761643583,0.0023747561418622776,0.0029785109790034237,0.004749544494289937,-0.016452220660053626,65.31970977783203
456,2013-10-25,0.35098294083363646,0.3521904505079187,0.3523514711241622,0.3487691730974523,0.10206759900981333,0.0014087612866626187,0.0008855006523605935,0.0004427664314629598,-0.000281778025784829,0.018268660733573916,65.484375
457,2013-10-28,0.3507414582251192,0.3515062014679385,0.3523917021202991,0.3498156943660564,0.07212004773861339,-0.00024148260851725167,-0.0006842490399802115,4.0230996136869646e-05,0.0010465212686041059,-0.02994755127119994,65.3571548461914
458,2013-10-29,0.3506207008155779,0.35202946210224056,0.35227097692132314,0.3498961885688955,0.07209405356782389,-0.00012075740954131664,0.0005232606343020807,-0.00012072519897593503,8.049420283906539e-05,-2.5994170789495064e-05,65.4544448852539
459,2013-10-30,0.35227097692132314,0.34905095112323714,0.3539614840232052,0.348447196286096,0.06789649078694342,0.001650276105745252,-0.0029785109790034237,0.001690507101882066,-0.0014489922827994883,-0.004197562780880473,64.90062713623047
460,2013-10-31,0.34957417954697384,0.349091182119374,0.35279420534505984,0.34816541826031117,0.08506564059340371,-0.0026967973743493023,4.0230996136869646e-05,-0.001167278678145367,-0.000281778025784829,0.017169149806460296,64.90812683105469
461,2013-11-01,0.3492522027356175,0.3498156943660564,0.353277234983225,0.3483264388765547,0.11487574857191425,-0.00032197681135631706,0.0007245122466824072,0.00048302963816515554,0.00016102061624351238,0.02981010797851054,65.0428237915039
462,2013-11-04,0.35017793438411493,0.3474006750174919,0.35017793438411493,0.3457503989117467,0.12036972635291868,0.0009257316484974076,-0.002415019348564529,-0.0030993005991100664,-0.0025760399648079857,0.005493977781004425,64.59378814697266
463,2013-11-05,0.3463541537488878,0.3475214324270332,0.3489301937136958,0.3438184092013474,0.0733755945192672,-0.0038237806352271475,0.00012075740954131664,-0.0012477406704191063,-0.0019319897103993178,-0.046994131833651476,64.61624908447266
464,2013-11-06,0.3494534543479979,0.34905095112323714,0.3509427098374996,0.3477226840394136,0.06663722549411943,0.003099300599110122,0.0015295186962039353,0.0020125161238037648,0.003904274838066213,-0.006738369025147767,64.90062713623047
465,2013-11-07,0.349091182119374,0.3439793976070255,0.35013770338797806,0.3434561369727235,0.08885831052055629,-0.0003622722286238944,-0.005071553516211635,-0.0008050064495215281,-0.004266547066690107,0.022221085026436854,63.95765686035156
466,2013-11-08,0.34422091242610814,0.35194896789940144,0.35202946210224056,0.3436171253784016,0.10183729915607481,-0.004870269693265872,0.007969570292375938,0.0018917587142625036,0.00016098840567813077,0.012978988635518524,65.43946075439453
467,2013-11-11,0.351667222084182,0.3518684736965624,0.3528747317584643,0.35049994340603663,0.07587928647063615,0.0074463096580738575,-8.049420283906539e-05,0.0008452696562237239,0.006882818027635018,-0.025958012685438667,65.4245376586914
468,2013-11-12,0.3511036982431777,0.34852769048893506,0.35178794728315793,0.34800442985463304,0.09056701998434684,-0.0005635238410042764,-0.003340783207627318,-0.0010867844753063571,-0.002495513551403594,0.014687733513710693,64.80332946777344
469,2013-11-13,0.34760192662987227,0.35223071371462095,0.35223071371462095,0.3466761627708095,0.0987801509361797,-0.003501771613305449,0.0037030232256858864,0.0004427664314630153,-0.0013282670838235533,0.008213130951832862,65.49186706542969
470,2013-11-14,0.35319670856982055,0.35689976400607176,0.3575035188432129,0.35178794728315793,0.10398064957095453,0.005594781939948279,0.004669050291450816,0.005272805128591962,0.0051117845123484495,0.005200498634774828,66.35999298095703
471,2013-11-15,0.35532998210316563,0.3566985123936914,0.3573022672308325,0.3550482362879462,0.09555209281406377,0.0021332735333450814,-0.00020125161238038203,-0.00020125161238038203,0.0032602890047882527,-0.008428556756890762,66.32258605957031
472,2013-11-18,0.35774500145173016,0.35693999500220863,0.36032104141653815,0.35637650337176974,0.08976838981340152,0.002415019348564529,0.00024148260851725167,0.0030187741857056194,0.0013282670838235533,-0.005783703000662249,66.36746978759766
473,2013-11-19,0.3542834930451269,0.35363947500128357,0.35605449434984804,0.3529954569574402,0.0660354285673812,-0.003461508406603253,-0.003300520000925067,-0.004266547066690107,-0.003381046414329514,-0.023732961246020312,66.08916473388672
474,2013-11-20,0.3548067214688636,0.3510634672470409,0.3548067214688636,0.3505804376088757,0.06673751907950887,0.0005232284237366991,-0.0025760077542426596,-0.0012477728809844324,-0.002415019348564529,0.0007020905121276622,65.60773468017578
475,2013-11-21,0.3518282104898602,0.3539614840232052,0.35440421824410284,0.3516269588774798,0.0601105637618594,-0.0029785109790034237,0.0028980167761643028,-0.00040250322476076406,0.0010465212686041059,-0.006626955317649466,66.14933776855469
476,2013-11-22,0.35367973820798576,0.35742299242980846,0.3577047704555933,0.3529149627546011,0.07112079498248758,0.0018515277181255785,0.003461508406603253,0.0033005522114904484,0.001288003877121302,0.011010231220628178,66.7962417602539
477,2013-11-25,0.3582280310898953,0.3565777549841501,0.3593147833546363,0.35613498855268716,0.06184530281084106,0.004548292881909555,-0.0008452374456583422,0.0016100128990430007,0.003220025798086057,-0.00927549217164652,66.63826751708984
478,2013-11-26,0.3568192375926673,0.3563362401650675,0.3586305343146561,0.3558935059441699,0.06812679064068194,-0.0014087934972280003,-0.00024151481908263328,-0.0006842490399802115,-0.00024148260851725167,0.006281487829840886,66.59312438964844
479,2013-11-27,0.3581877678831931,0.3577047704555933,0.3598782749850752,0.35698025820891083,0.04349862415049704,0.0013685302905258045,0.0013685302905258045,0.0012477406704191063,0.00108675226474092,-0.024628166490184907,66.84891510009766
480,2013-11-29,0.3575437498393498,0.3562557459622284,0.35887201692317333,0.3557727485346286,0.04294885097973942,-0.0006440180438433418,-0.00144902449336487,-0.0010062580619018546,-0.0012075096742822367,-0.0005497731707576198,66.5781021118164
481,2013-12-02,0.35613498855268716,0.35476649047272674,0.3581877678831931,0.35420296663172246,0.07624331110489392,-0.0014087612866626187,-0.001489255489501684,-0.0006842490399802115,-0.001569781902906131,0.0332944601251545,66.29979705810547
482,2013-12-03,0.3540017150193421,0.35045971240989976,0.3540017150193421,0.34888993050699363,0.08608716900814885,-0.0021332735333450814,-0.004306778062826977,-0.004186052863851042,-0.005313036124728832,0.009843857903254927,65.49491882324219
483,2013-12-04,0.34953394855083697,0.3494936853441347,0.35134521306226035,0.34691767758989206,0.09002840235009969,-0.004467766468505108,-0.0009660270657650405,-0.002656501957081725,-0.001972252917101569,0.003941233341950845,65.31439208984375
484,2013-12-05,0.3489704247098327,0.34961444275367604,0.3513854440583972,0.34816541826031117,0.06661863293326864,-0.0005635238410042764,0.00012075740954131664,4.0230996136869646e-05,0.0012477406704191063,-0.023409769416831053,65.33695220947266
485,2013-12-06,0.3545249756536441,0.35549100271940914,0.35613498855268716,0.3530759833708446,0.061436691444943,0.005554550943811409,0.005876559965733108,0.004749544494289937,0.004910565110533449,-0.005181941488325639,66.43518829345703
486,2013-12-09,0.3557324853279264,0.35367973820798576,0.35629600916893067,0.3531162143669815,0.06704955537218765,0.0012075096742822922,-0.0018112645114233827,0.00016102061624351238,4.0230996136869646e-05,0.005612863927244652,66.09671020507812
487,2013-12-10,0.35283446855176204,0.35355898079844444,0.35532998210316563,0.3518684736965624,0.06576426049417256,-0.0028980167761643583,-0.00012075740954131664,-0.0009660270657650405,-0.0012477406704191063,-0.0012852948780150975,66.0741195678711
488,2013-12-11,0.35331746597936187,0.34796416664793084,0.35339796018220093,0.34723968661181376,0.10727185157115993,0.00048299742759982944,-0.005594814150513605,-0.0019320219209646994,-0.00462878708474862,0.04150759107698737,65.0285415649414
489,2013-12-12,0.347038402788868,0.3473201808146528,0.3489704247098327,0.34583092532515114,0.10871682998608213,-0.006279063190493872,-0.0006439858332780157,-0.004427535472368238,-0.0014087612866626187,0.0014449784149222072,64.90819549560547
490,2013-12-13,0.3484069330793938,0.3486081846917742,0.35170745308031887,0.34522717048801,0.15570724330756344,0.0013685302905258045,0.0012880038771213576,0.002737028370486172,-0.0006037548371411461,0.04699041332148131,65.14891052246094
491,2013-12-16,0.34993645177559773,0.351667222084182,0.3531162143669815,0.34800442985463304,0.11632076240123809,0.0015295186962039353,0.003059037392407815,0.0014087612866626187,0.0027772593666230416,-0.03938648090632535,65.7205810546875
492,2013-12-17,0.3525124595298404,0.3480849240574721,0.3541224724288834,0.34792393565179397,0.13582641276901664,0.0025760077542426596,-0.003582298026709896,0.0010062580619019101,-8.049420283906539e-05,0.019505650367778543,65.05111694335938
493,2013-12-18,0.34929243373175434,0.35601423114314584,0.35613498855268716,0.3457503989117467,0.1331146966225285,-0.003220025798086057,0.007929307085673742,0.0020125161238037648,-0.002173536740047277,-0.00271171614648813,66.53295135498047
494,2013-12-19,0.3544847446575073,0.3567790065965305,0.35710101561845214,0.3540822414327465,0.09502091220415694,0.005192310925752952,0.0007647754533846585,0.000966027065764985,0.008331842520999833,-0.038093784418371565,66.67588806152344
495,2013-12-20,0.3575035188432129,0.36044179882607946,0.36225306333750285,0.3566582491869892,0.14263164418442403,0.0030187741857056194,0.0036627922295489612,0.005152047719050701,0.0025760077542426596,0.04761073198026709,67.36040496826172
496,2013-12-23,0.36225306333750285,0.3611260478660597,0.3630983007831612,0.3596770233726948,0.08538135998385103,0.004749544494289937,0.0006842490399802115,0.0008452374456583422,0.0030187741857056194,-0.057250284200573,67.48827362060547
497,2013-12-24,0.36209204272125933,0.36406429563836085,0.3647083136822042,0.3610857846593574,0.031734314076162215,-0.00016102061624351238,0.0029382477723011724,0.0016100128990430007,0.0014087612866626187,-0.05364704590768882,68.0373764038086
498,2013-12-26,0.3645875562726629,0.3666805988098711,0.3671635962374709,0.3644667988631216,0.08073063451983384,0.002495513551403594,0.002616303171510237,0.0024552825552667246,0.0033810142037641877,0.04899632044367162,68.52631378173828
499,2013-12-27,0.36760633045836855,0.36684158721554927,0.3680088336831293,0.3665598414003298,0.039594505101444556,0.0030187741857056194,0.00016098840567818629,0.0008452374456583978,0.0020930425372082118,-0.04113612941838928,68.55641174316406
500,2013-12-30,0.3675660994622317,0.3662780955851104,0.3680490968898315,0.36543282592888665,0.053873662663658804,-4.0230996136869646e-05,-0.0005634916304388948,4.026320670219574e-05,-0.0011270154714431713,0.014279157562214248,68.4510726928711
501,2013-12-31,0.3657548349508083,0.36776735107461206,0.36853209431743134,0.365191311109804,0.054103962517397325,-0.0018112645114233827,0.001489255489501684,0.00048299742759982944,-0.00024151481908263328,0.00023029985373852063,68.72942352294922
502,2014-01-02,0.3661170749688668,0.36354106721462415,0.36684158721554927,0.3624543149498832,0.06479103732323786,0.0003622400180585128,-0.0042262838599879116,-0.001690507101882066,-0.0027369961599207904,0.010687074805840538,67.9395980834961
503,2014-01-03,0.36422531625460436,0.3643460736641457,0.3661170749688668,0.363581298210761,0.054698322419795234,-0.0018917587142624481,0.0008050064495215281,-0.0007245122466824627,0.0011269832608777897,-0.010092714903442629,68.09004974365234
504,2014-01-06,0.36607684397273,0.3639838014355218,0.3673245846431491,0.36386307623654585,0.07265126376292183,0.001851527718125634,-0.0003622722286238944,0.0012075096742822922,0.000281778025784829,0.017952941343126597,68.02235412597656
505,2014-01-07,0.36454732527652606,0.36547308913558885,0.36684158721554927,0.3641448220517653,0.058457561151818,-0.0015295186962039353,0.0014892877000670657,-0.00048299742759982944,0.0002817458152194474,-0.01419370261110383,68.30066680908203
506,2014-01-08,0.3625348091527223,0.364024064642224,0.36547308913558885,0.36193105431558115,0.0982638089605519,-0.0020125161238037648,-0.00144902449336487,-0.001368498079960423,-0.002213767736184147,0.039806247808733895,68.02986145019531
507,2014-01-09,0.36583532915364736,0.3641448220517653,0.3680490968898315,0.3632593213994047,0.06733184356750516,0.003300520000925067,0.00012075740954131664,0.0025760077542426596,0.0013282670838235533,-0.03093196539304674,68.05244445800781
508,2014-01-10,0.3649498285012868,0.3628970491707808,0.3655133201317257,0.3612870362717378,0.11139511493744046,-0.000885500652360538,-0.001247772880984488,-0.00253577675810579,-0.001972285127666895,0.044063271369935306,67.81924438476562
509,2014-01-13,0.36172980270320076,0.3577047704555933,0.36406429563836085,0.3571815098212912,0.09203430947229001,-0.003220025798086057,-0.005192278715187515,-0.00144902449336487,-0.004105526450446595,-0.019360805465150455,66.84891510009766
510,2014-01-14,0.3593147833546363,0.3597977807822361,0.3602002840069969,0.35468599626988767,0.10777703801027726,-0.0024150193485644733,0.00209301032664283,-0.0038640116313639616,-0.0024955135514035387,0.01574272853798725,67.24006652832031
511,2014-01-15,0.36156878208695725,0.36189079110887895,0.3628970491707808,0.36064301822789446,0.09179288949644263,0.002253998732320961,0.00209301032664283,0.0026967651637839207,0.005957021958006792,-0.01598414851383463,67.63117218017578
512,2014-01-16,0.36168953949649857,0.3624543149498832,0.36329955239554157,0.36120654206889874,0.06087207963990637,0.00012075740954131664,0.0005635238410042764,0.00040250322476076406,0.0005635238410042764,-0.03092080985653626,67.73648071289062
513,2014-01-17,0.36313856398986344,0.36205181172512246,0.36406429563836085,0.3608845330469771,0.09660336932617018,0.00144902449336487,-0.00040250322476076406,0.0007647432428192769,-0.00032200902192164316,0.035731289686263816,67.66128540039062
514,2014-01-21,0.3647083136822042,0.3646278194793651,0.3663988207840863,0.3616493085003617,0.09297041835032635,0.0015697496923407495,0.0025760077542426596,0.0023345251457254634,0.000764775453384603,-0.003632950975843832,68.1427001953125
515,2014-01-22,0.3659158233564865,0.3666403356031689,0.36728435364701223,0.36313856398986344,0.10163299347312578,0.0012075096742822922,0.0020125161238037648,0.0008855328629259196,0.0014892554895017396,0.008662575122799429,68.518798828125
516,2014-01-23,0.36370205562030233,0.361448024677416,0.36511081690696495,0.3591537627383928,0.1552206140148953,-0.002213767736184147,-0.0051923109257528965,-0.002173536740047277,-0.00398480125147066,0.05358762054176951,67.54844665527344
517,2014-01-24,0.36044179882607946,0.3560947575565503,0.3659158233564865,0.3559337369403068,0.1865686277981804,-0.003260256794222871,-0.005353267120865701,0.0008050064495215281,-0.0032200257980860014,0.03134801378328511,66.54798889160156
518,2014-01-27,0.3591537627383928,0.3634203098050829,0.36615733817556906,0.3591537627383928,0.24469184158429866,-0.0012880360876866837,0.007325552248532596,0.00024151481908257777,0.0032200257980860014,0.05812321378611826,67.91703796386719
519,2014-01-28,0.36329955239554157,0.36406429563836085,0.36704283882792965,0.36281655496794174,0.10876513522989259,0.004145789657148791,0.0006439858332779602,0.0008855006523605935,0.0036627922295489612,-0.13592670635440607,68.0373764038086
520,2014-01-29,0.3606027872317576,0.36120654206889874,0.36442656786698474,0.35927452014793404,0.1472712495263324,-0.0026967651637839762,-0.002857753569462107,-0.002616270960944911,-0.0035420348200077,0.0385061142964398,67.50333404541016
521,2014-01-30,0.3650303227041259,0.3690956181584356,0.3697798671984158,0.36406429563836085,0.11702653601113429,0.004427535472368294,0.007889076089536873,0.005353299331431083,0.004789775490426806,-0.0302447135151981,68.9776382446289
522,2014-01-31,0.3646680826860674,0.3672038272336078,0.370906882669859,0.36329955239554157,0.13768003796423853,-0.0003622400180585128,-0.0018917909248278297,0.0011270154714431713,-0.0007647432428192769,0.02065350195310424,68.62413024902344
523,2014-02-03,0.3672038272336078,0.3572217408174281,0.37014210721647434,0.35685950079936957,0.1573677183563468,0.0025357445475404083,-0.009982086416179703,-0.0007647754533846585,-0.006440051596172003,0.019687680392108275,66.75863647460938
524,2014-02-04,0.3580670104736518,0.3612870362717378,0.3622128001308006,0.35528975110702876,0.14617914020915745,-0.009136816759955979,0.004065295454309725,-0.007929307085673742,-0.001569749692340805,-0.011188578147189349,67.51837921142578
525,2014-02-05,0.35903303753941684,0.3606027872317576,0.36205181172512246,0.3562557459622284,0.1587346788444989,0.0009660270657650405,-0.0006842490399802115,-0.00016098840567813077,0.0009659948551996589,0.012555538635341451,67.39048767089844
526,2014-02-06,0.36189079110887895,0.36684158721554927,0.36704283882792965,0.36132729947844006,0.08116895856869154,0.002857753569462107,0.006238799983791676,0.004991027102807188,0.005071553516211635,-0.07756572027580737,68.55641174316406
527,2014-02-07,0.3690553549517334,0.37497214591360334,0.3754954065479054,0.3681698542993728,0.15585584213676335,0.007164563842854466,0.008130558698054069,0.008452567719975768,0.006842554820932767,0.07468688356807181,70.07589721679688
528,2014-02-10,0.37473066330508614,0.37372440524318423,0.3775481858784114,0.3723156439565216,0.12189272269461099,0.005675308353352726,-0.0012477406704191063,0.0020527793305059605,0.004145789657148791,-0.033963119442152356,69.84269714355469
529,2014-02-11,0.37473066330508614,0.37899717816121087,0.380566960064117,0.3740866452612428,0.11064103608373381,0.0,0.005272772918026636,0.0030187741857056194,0.001771001304721187,-0.011251686610877179,70.8281021118164
530,2014-02-12,0.38060719106025387,0.3795204387955129,0.38185496394123836,0.377990920099309,0.09204174649663031,0.005876527755167726,0.0005232606343020252,0.0012880038771213576,0.003904274838066213,-0.018599289587103496,70.9258804321289
531,2014-02-13,0.3762601497907247,0.3804864658612779,0.3807682116764974,0.3753746491383641,0.08690067322777481,-0.004347041269529173,0.000966027065764985,-0.0010867522647409755,-0.002616270960944911,-0.005141073268855503,71.10640716552734
532,2014-02-14,0.3803254452450344,0.3808084426726343,0.3816537123288579,0.3779104258964699,0.0950060381554763,0.004065295454309725,0.0003219768113564281,0.000885500652360538,0.00253577675810579,0.008105364927701489,71.16658020019531
533,2014-02-18,0.3800034362231127,0.3797619536145955,0.38125120910409727,0.3778299316936308,0.0869452599594151,-0.00032200902192169867,-0.0010464890580387798,-0.00040250322476065303,-8.049420283906539e-05,-0.0080607781960612,70.97100830078125
534,2014-02-19,0.3782726981250938,0.374126908467945,0.38265997039075983,0.3736438788297798,0.15844867213701125,-0.0017307380980189357,-0.00563504514665053,0.0014087612866625632,-0.004186052863851042,0.07150341217759615,69.91791534423828
535,2014-02-20,0.37525392393938817,0.37658215881264634,0.37847391752690884,0.3732011446088822,0.08535164730089138,-0.0030187741857056194,0.002455250344701343,-0.004186052863850986,-0.0004427342208975782,-0.07309702483611986,70.37675476074219
536,2014-02-21,0.37770917428408957,0.3780714143021481,0.38012419363265404,0.3771859136497875,0.11955994064546288,0.0024552503447013985,0.0014892554895017396,0.0016502761057451965,0.003984769040905278,0.0342082933445715,70.65506744384766
537,2014-02-24,0.3798021846107324,0.37738716526216787,0.38322346202119884,0.377346934266031,0.1099278254494973,0.00209301032664283,-0.0006842490399802115,0.003099268388544796,0.00016102061624351238,-0.009632115195965588,70.52716827392578
538,2014-02-25,0.37686393683843117,0.3778299316936308,0.3795204387955129,0.37525392393938817,0.12058518757237818,-0.002938247772301228,0.0004427664314629598,-0.003703023225685942,-0.00209301032664283,0.01065736212288089,70.95044708251953
539,2014-02-26,0.3765419278165095,0.37778966848692863,0.3805266968574148,0.37634067620412914,0.09735001115553651,-0.00032200902192164316,-4.026320670219574e-05,0.0010062580619019101,0.0010867522647409755,-0.02323517641684167,70.94290924072266
540,2014-02-27,0.376823673631729,0.3798424478174346,0.3803657084517366,0.3760991613850465,0.07666679651947261,0.0002817458152194474,0.0020527793305059605,-0.00016098840567818629,-0.00024151481908263328,-0.0206832146360639,71.32838439941406
541,2014-02-28,0.37956070200221514,0.38012419363265404,0.38322346202119884,0.3776689110773873,0.11930361120653325,0.002737028370486172,0.0002817458152194474,0.002857753569462218,0.001569749692340805,0.04263681468706064,71.38130187988281
542,2014-03-03,0.37316088140217996,0.37670291622218766,0.37863493814315236,0.37259738977174106,0.1001916981559721,-0.006399820600035189,-0.0034212774104663835,-0.00458852387804648,-0.005071521305646254,-0.019111913050561147,70.73882293701172
543,2014-03-04,0.38100969428501463,0.3807682116764974,0.38471274972126585,0.3804462026545758,0.14499417433093342,0.007848812882834677,0.004065295454309725,0.00607781157811349,0.007848812882834733,0.04480247617496132,71.50225067138672
544,2014-03-05,0.3839077432717443,0.38100969428501463,0.38579950198600677,0.38060719106025387,0.15672505321013844,0.0028980489867296844,0.00024148260851725167,0.00108675226474092,0.00016098840567807526,0.011730878879205014,71.54757690429688
545,2014-03-06,0.38257947618792076,0.3813719665136385,0.38439074069934415,0.38117071490125815,0.13902100428160116,-0.0013282670838235533,0.0003622722286238944,-0.0014087612866626187,0.0005635238410042764,-0.017704048928537275,71.61560821533203
546,2014-03-07,0.3843102464965051,0.38414922588026157,0.38604098459452396,0.3832637252279009,0.17868240718770695,0.0017307703085843174,0.0027772593666230416,0.0016502438951798148,0.0020930103266427746,0.039661402906105786,72.13713836669922
547,2014-03-10,0.38257947618792076,0.3833844826374423,0.3840687316774224,0.38113045169455595,0.09385450347238208,-0.0017307703085843174,-0.0007647432428192769,-0.001972252917101569,-0.0021332735333449704,-0.08482790371532486,71.9935302734375
548,2014-03-11,0.3829014852098424,0.3787959265488305,0.38346497684028136,0.3780714143021481,0.0908976488378764,0.00032200902192164316,-0.004588556088611806,-0.0006037548371410351,-0.0030590373924078706,-0.002956854634505679,71.1318588256836
549,2014-03-12,0.37541491234506635,0.37774943749079176,0.37778966848692863,0.37275837817741925,0.09841240778975179,-0.007486572864776053,-0.0010464890580387243,-0.005675308353352726,-0.005313036124728832,0.0075147589518753805,70.93533325195312
550,2014-03-13,0.3797216904078933,0.37372440524318423,0.3803254452450344,0.3728388723802583,0.13123507725651715,0.0043067780628269214,-0.0040250322476075295,0.00253577675810579,8.049420283906539e-05,0.03282266946676536,70.17951202392578
551,2014-03-14,0.37275837817741925,0.3703433588288547,0.3746501368916817,0.3698200981945527,0.12201532735302138,-0.006963312230474028,-0.003381046414329514,-0.005675308353352726,-0.0030187741857056194,-0.009219749903495764,69.54463195800781
552,2014-03-17,0.3723558749526585,0.3759381729793684,0.37762868008125045,0.3721948865469803,0.11576355220614015,-0.00040250322476076406,0.005594814150513661,0.0029785431895687497,0.0023747883524276037,-0.0062517751468812305,70.5952377319336
553,2014-03-18,0.37722617685648974,0.377346934266031,0.37778966848692863,0.37577715236312487,0.08619861813004877,0.004870301903831253,0.0014087612866626187,0.00016098840567818629,0.0035822658161445697,-0.029564934076091384,70.85977935791016
554,2014-03-19,0.3775079226717092,0.3738853936488624,0.378433686530772,0.37114836527837625,0.08838651986216715,0.0002817458152194474,-0.003461540617168579,0.0006440180438433418,-0.00462878708474862,0.002187901732118386,70.2097396850586
555,2014-03-20,0.3738853936488624,0.374126908467945,0.3758979097726662,0.3722753807498194,0.08874686139865638,-0.0036225290228467655,0.00024151481908257777,-0.00253577675810579,0.0011270154714431713,0.0003603415364892282,70.25508880615234
556,2014-03-21,0.37855444394031323,0.3742878968736231,0.38149272392317984,0.37416713946408187,0.17828491594391777,0.004669050291450816,0.00016098840567813077,0.005594814150513661,0.0018917587142624481,0.08953805454526138,70.28532409667969
557,2014-03-24,0.37597840397550525,0.3701823704231766,0.3769846620374071,0.36833084270505095,0.13725655254965985,-0.0025760399648079857,-0.004105526450446539,-0.004508061885772741,-0.005836296759030912,-0.041028363394257916,69.51436614990234
558,2014-03-25,0.3726778839745801,0.37207412913743904,0.3740061510584037,0.36941759496979193,0.08793707569120059,-0.0033005200009251223,0.0018917587142624481,-0.0029785109790034237,0.0010867522647409755,-0.04931947685845926,69.86961364746094
559,2014-03-26,0.3737646362393211,0.365634077541267,0.3746099058955448,0.3655938143345648,0.11988309706025052,0.0010867522647409755,-0.006440051596172058,0.0006037548371411461,-0.0038237806352271475,0.031946021369049935,68.66029357910156
560,2014-03-27,0.3661170749688668,0.3634605730117851,0.36704283882792965,0.3624543149498832,0.1232448799628857,-0.007647561270454295,-0.0021735045294818955,-0.007567067067615174,-0.0031394993846815544,0.0033617829026351825,68.25215148925781
561,2014-03-28,0.3642655794613066,0.36583532915364736,0.36845160011459227,0.36418505304790216,0.09191174022828123,-0.0018514955075601969,0.0023747561418622776,0.0014087612866626187,0.0017307380980189357,-0.03133313973460447,68.69808197021484
562,2014-03-31,0.3689345975421921,0.37336213301456034,0.3740061510584037,0.36796860268699244,0.12371291669470307,0.00466901808088549,0.007526803860912978,0.005554550943811409,0.003783549639090278,0.03180117646642183,70.11149597167969
563,2014-04-01,0.3749319149174665,0.3753746491383641,0.37577715236312487,0.37275837817741925,0.08321945242252214,0.005997317375274425,0.0020125161238037648,0.001771001304721187,0.004789775490426806,-0.040493464272180923,70.48942565917969
564,2014-04-02,0.3760589303889097,0.3778701949003331,0.3791179355707522,0.3748916517107643,0.10707126440038106,0.0011270154714431713,0.002495545761968976,0.003340783207627318,0.002133273533345026,0.02385181197785892,70.95802307128906
565,2014-04-03,0.3787556955526936,0.3794802077993761,0.3797216904078933,0.3766224220193486,0.08623204932517858,0.0026967651637839207,0.0016100128990430007,0.0006037548371410906,0.0017307703085843174,-0.020839215075202477,71.2603759765625
566,2014-04-04,0.380566960064117,0.37565642716414893,0.3830222104088184,0.3754954065479054,0.12357919191418382,0.0018112645114233827,-0.0038237806352271475,0.0033005200009251223,-0.0011270154714431713,0.03734714258900523,70.54231262207031
567,2014-04-07,0.37545514334120317,0.3699006246079571,0.37617965558788563,0.3685723575241336,0.10500961501003998,-0.005111816722913831,-0.005755802556191847,-0.006842554820932767,-0.006923049023771832,-0.018569576904143834,69.46147918701172
568,2014-04-08,0.3760991613850465,0.3701823704231766,0.3760991613850465,0.36696234462509053,0.07708656342188114,0.0006440180438433418,0.0002817458152195029,-8.04942028391209e-05,-0.0016100128990430562,-0.027923051588158845,69.51436614990234
569,2014-04-09,0.37098737687269806,0.3751733975259837,0.37541491234506635,0.3697798671984158,0.10198961649744485,-0.0051117845123484495,0.004991027102807133,-0.000684249039980156,0.002817522573325293,0.024903053075563716,70.45161437988281
570,2014-04-10,0.37513316652984685,0.36764659366507074,0.3759381729793684,0.36764659366507074,0.09427798888696078,0.004145789657148791,-0.007526803860912978,0.0005232606343020252,-0.0021332735333450814,-0.007711627610484079,69.03819274902344
571,2014-04-11,0.3639838014355218,0.36386307623654585,0.3680490968898315,0.3630983007831612,0.10217532961954308,-0.01114936509432507,-0.0037835174285248963,-0.007889076089536873,-0.004548292881909555,0.007897340732582303,68.32771301269531
572,2014-04-14,0.3670025756212274,0.3659560865631887,0.3675258362555295,0.3623335575403419,0.07206434088486424,0.0030187741857056194,0.00209301032664283,-0.0005232606343020252,-0.0007647432428192769,-0.030110988734678837,68.72075653076172
573,2014-04-15,0.36660007239646664,0.3691358491545725,0.36937736397365506,0.36209204272125933,0.13269868364669177,-0.00040250322476076406,0.0031797625913838057,0.0018515277181255785,-0.00024151481908257777,0.060634342761827525,69.31785583496094
574,2014-04-16,0.3723558749526585,0.3755356697546076,0.3756161639574467,0.37062510464407417,0.12863484564633054,0.005755802556191847,0.006399820600035133,0.006238799983791621,0.008533061922814833,-0.004063838000361225,70.51964569091797
575,2014-04-17,0.3767834104250267,0.37473066330508614,0.3781116775088503,0.37118862848507844,0.14604169691646804,0.004427535472368238,-0.0008050064495214726,0.002495513551403594,0.0005635238410042764,0.017406851270137497,70.36847686767578
576,2014-04-21,0.3762199187945878,0.37505264011644246,0.3762199187945878,0.3721948865469803,0.09835294700943085,-0.0005634916304388948,0.00032197681135631706,-0.0018917587142624481,0.0010062580619018546,-0.047688749907037184,70.42896270751953
577,2014-04-22,0.37529415493552504,0.3756966581602858,0.37831292912123066,0.3742878968736231,0.10634689822963406,-0.0009257638590627892,0.0006440180438433418,0.00209301032664283,0.00209301032664283,0.007993951220203202,70.54986572265625
578,2014-04-23,0.37360364783364297,0.37847391752690884,0.37899717816121087,0.37360364783364297,0.12830793530497112,-0.001690507101882066,0.0027772593666230416,0.0006842490399802115,-0.000684249039980156,0.02196103707533706,71.0714111328125
579,2014-04-24,0.3805266968574148,0.37686393683843117,0.3806474542669561,0.37597840397550525,0.10521763920515917,0.006923049023771832,-0.0016099806884776746,0.001650276105745252,0.0023747561418622776,-0.023090296099811947,70.76907348632812
580,2014-04-25,0.37690416783456804,0.37291939879366276,0.3775079226717092,0.3721546233402781,0.11034015532756551,-0.0036225290228467655,-0.003944538044768409,-0.003139531595246936,-0.0038237806352271475,0.005122516122406343,70.02835083007812
581,2014-04-28,0.3737646362393211,0.3721546233402781,0.37577715236312487,0.3678881084841534,0.10427041020501397,-0.003139531595246936,-0.0007647754533846585,-0.0017307703085843174,-0.004266514856124726,-0.00606974512255154,69.8847427368164
582,2014-04-29,0.37295962978979963,0.3721948865469803,0.3739658878517015,0.3702226014193134,0.09668878886287897,-0.0008050064495214726,4.026320670219574e-05,-0.0018112645114233827,0.0023344929351600263,-0.007581621342134998,69.8923110961914
583,2014-04-30,0.3713496168907566,0.3739256568555646,0.37529415493552504,0.3699006246079571,0.12722326301213652,-0.0016100128990430562,0.0017307703085843174,0.0013282670838235533,-0.00032197681135631706,0.030534474149257543,70.21731567382812
584,2014-05-01,0.3736438788297798,0.3712691226879175,0.3750124091203056,0.3702226014193134,0.09295926281381586,0.002294261939023212,-0.0026565341676471066,-0.0002817458152194474,0.00032197681135631706,-0.034264000198320654,69.71846771240234
585,2014-05-02,0.3712288594812153,0.3717923833222196,0.37368414203648204,0.3705848736479373,0.10511734561976974,-0.0024150193485644733,0.0005232606343020807,-0.0013282670838235533,0.0003622722286238944,0.012158082805953874,69.81671905517578
586,2014-05-05,0.37098737687269806,0.37275837817741925,0.3738853936488624,0.36957861558603544,0.11943361747488233,-0.00024148260851725167,0.0009659948551996589,0.00020125161238038203,-0.0010062580619018546,0.014316271855112597,69.99812316894531
587,2014-05-06,0.37187287752505865,0.3686125885202704,0.37243636915549755,0.3685723575241336,0.09554097269195491,0.0008855006523605935,-0.004145789657148846,-0.00144902449336487,-0.0010062580619018546,-0.023892644782927422,69.21961975097656
588,2014-05-07,0.3700213498069331,0.3740061510584037,0.37420740267078406,0.36841133690789,0.09374677286265233,-0.0018515277181255785,0.005393562538133279,0.001771033515286513,-0.0001610206162435679,-0.0017941998293025813,70.232421875
589,2014-05-08,0.373040156203204,0.37416713946408187,0.37690416783456804,0.37259738977174106,0.08243937939802601,0.0030188063962709455,0.00016098840567818629,0.0026967651637839762,0.004186052863851042,-0.011307393464626322,70.26264953613281
590,2014-05-09,0.37336213301456034,0.37352315363080385,0.3742878968736231,0.37151063750700014,0.068052491226082,0.00032197681135631706,-0.0006439858332780157,-0.002616270960944911,-0.00108675226474092,-0.014386888171944015,70.14173126220703
591,2014-05-12,0.37513316652984685,0.37992294202027366,0.38008396263651717,0.37513316652984685,0.08852396315485656,0.001771033515286513,0.006399788389469807,0.005796065762894043,0.00362252902284671,0.020471471928774562,71.34351348876953
592,2014-05-13,0.3803657084517366,0.37923869298029345,0.3814524607164776,0.37855444394031323,0.09349791586246463,0.005232541921889766,-0.0006842490399802115,0.001368498079960423,0.0034212774104663835,0.004973952707608073,71.21501159667969
593,2014-05-14,0.37939968138597163,0.3732816388117213,0.380566960064117,0.37279864138412144,0.09795177266787311,-0.000966027065764985,-0.005957054168572173,-0.0008855006523605935,-0.005755802556191791,0.004453856805408482,70.09636688232422
594,2014-05-15,0.37211439234414123,0.36692208141838834,0.37279864138412144,0.3662780955851104,0.18509761979806708,-0.007285289041830401,-0.0063595573933329375,-0.007768318679995556,-0.006520545799011068,0.08714584713019397,68.90213012695312
595,2014-05-16,0.3664793471974907,0.36708310203463185,0.3675660994622317,0.3650303227041259,0.13162513147596602,-0.00563504514665053,0.00016102061624351238,-0.005232541921889766,-0.001247772880984488,-0.05347248832210105,68.9323959350586
596,2014-05-19,0.3663183265812472,0.3698603614012549,0.37006161301363527,0.36603658076602774,0.10573026266861682,-0.00016102061624351238,0.0027772593666230416,0.002495513551403594,0.0010062580619018546,-0.025894868807349203,69.45393371582031
597,2014-05-20,0.36724409044031003,0.36370205562030233,0.3681698542993728,0.3625348091527223,0.10261737218057095,0.0009257638590628448,-0.006158305780952555,-0.0018917587142624481,-0.003501771613305449,-0.0031128904880458746,68.63359069824219
598,2014-05-21,0.36547308913558885,0.3673245846431491,0.3679283394802902,0.36511081690696495,0.10067460893647011,-0.001771001304721187,0.0036225290228467655,-0.00024151481908263328,0.0025760077542426596,-0.001942763244100837,69.31717681884766
599,2014-05-22,0.36772708786790986,0.36808936009653376,0.36921634335741155,0.3662780955851104,0.0884088309351881,0.0022539987323210164,0.0007647754533846585,0.0012880038771213576,0.0011672786781454225,-0.012265778001282007,69.46150207519531
600,2014-05-23,0.3673245846431491,0.3701823704231766,0.3706653678507764,0.3673245846431491,0.06923005549436734,-0.00040250322476076406,0.00209301032664283,0.00144902449336487,0.0010464890580387243,-0.019178775440820764,69.85645294189453
601,2014-05-27,0.37211439234414123,0.37175212011551734,0.3723156439565216,0.37082635625645455,0.0668823993965386,0.0047898077009921325,0.0015697496923407495,0.0016502761057451965,0.003501771613305449,-0.0023476560978287347,70.15270233154297
602,2014-05-28,0.3714301110935957,0.3723558749526585,0.3738853936488624,0.3713898800974588,0.07607987364141502,-0.0006842812505455376,0.0006037548371411461,0.001569749692340805,0.0005635238410042764,0.009197474244876422,70.26664733886719
603,2014-05-29,0.37255712656503887,0.3736438788297798,0.3737646362393211,0.37187287752505865,0.05855785473720743,0.0011270154714431713,0.001288003877121302,-0.00012075740954131664,0.00048299742759982944,-0.01752201890420759,70.50968933105469
604,2014-05-30,0.3726778839745801,0.3749319149174665,0.3751733975259837,0.3723156439565216,0.08960867086209277,0.00012075740954126113,0.0012880360876867392,0.0014087612866626187,0.0004427664314629598,0.03105081612488534,70.75274658203125
605,2014-06-02,0.3755356697546076,0.37597840397550525,0.3766224220193486,0.3732011446088822,0.061540703542502594,0.0028577857800274886,0.0010464890580387243,0.00144902449336487,0.0008855006523605935,-0.02806796731959018,70.95020294189453
606,2014-06-03,0.37513316652984685,0.3753746491383641,0.37597840397550525,0.3728388723802583,0.1031820194000092,-0.00040250322476076406,-0.0006037548371411461,-0.0006440180438433418,-0.0003622722286238944,0.04164131585750661,70.83628845214844
607,2014-06-04,0.3751733975259837,0.37774943749079176,0.37831292912123066,0.3739256568555646,0.08524023359339308,4.0230996136869646e-05,0.002374788352427659,0.002334525145725408,0.0010867844753063016,-0.017941785806616123,71.28445434570312
608,2014-06-05,0.3783531923279329,0.38217697296316,0.3837064916593639,0.3775481858784114,0.12422554015816072,0.0031797948019491873,0.004427535472368238,0.005393562538133223,0.0036225290228467655,0.03898530656476763,72.11997985839844
609,2014-06-06,0.3830624736155206,0.3831832310250619,0.3846322233078614,0.3824184555716773,0.10310771998540927,0.0047092812875876855,0.0010062580619019101,0.0009257316484975187,0.004870269693265927,-0.021117820172751448,72.30986022949219
610,2014-06-09,0.3840687316774224,0.3856384813697633,0.3883755097402494,0.3827002335974621,0.09943021769232677,0.0010062580619017991,0.0024552503447013985,0.0037432864323880266,0.0002817780257847735,-0.003677502293082502,72.77317810058594
611,2014-06-10,0.38459199231172453,0.3837467226555008,0.38503472653262216,0.38221720395929687,0.09789978432629413,0.0005232606343021362,-0.0018917587142625036,-0.0033407832076272626,-0.00048302963816521105,-0.0015304333660326325,72.41619873046875
612,2014-06-11,0.38201595234691643,0.38201595234691643,0.38278072780030115,0.3803657084517366,0.07656650293408318,-0.0025760399648080967,-0.0017307703085843729,-0.0022539987323210164,-0.0018514955075602524,-0.021333281392210954,72.089599609375
613,2014-06-12,0.3817744697383993,0.3769846620374071,0.3819354581440774,0.37613942459174876,0.09197860261854085,-0.00024148260851714065,-0.005031290309509329,-0.0008452696562237239,-0.004226283859987856,0.01541209968445767,71.14014434814453
614,2014-06-13,0.3771456826536506,0.37742742846887006,0.3792789561869957,0.3760589303889097,0.06965350549454441,-0.004628787084748676,0.0004427664314629598,-0.002656501957081725,-8.049420283906539e-05,-0.02232509712399644,71.22367858886719
615,2014-06-16,0.3767431794288899,0.3775481858784114,0.37867520134985455,0.3759381729793684,0.06998413434807399,-0.00040250322476070854,0.00012075740954131664,-0.0006037548371411461,-0.00012075740954131664,0.0003306288535295798,71.24644470214844
616,2014-06-17,0.3767431794288899,0.37956070200221514,0.38028521424889755,0.3763004129974269,0.06890686366517808,0.0,0.0020125161238037648,0.0016100128990430007,0.0003622400180585128,-0.0010772706828959117,71.6262435913086
617,2014-06-18,0.37919842977359125,0.3791179355707522,0.3796411962050542,0.3756966581602858,0.11049615576670409,0.002455250344701343,-0.0004427664314629598,-0.0006440180438433418,-0.0006037548371410906,0.04158929210152601,71.54270935058594
618,2014-06-19,0.38008396263651717,0.38012419363265404,0.3803254452450344,0.377990920099309,0.08731672161801318,0.0008855328629259196,0.0010062580619018546,0.0006842490399802115,0.002294261939023212,-0.023179434148690906,71.73260498046875
619,2014-06-20,0.3813317033069363,0.3816537123288579,0.3820964787603209,0.380043699429815,0.11521377903538253,0.0012477406704191063,0.0015295186962038798,0.0017710335152864576,0.0020527793305059605,0.02789705741736935,72.02122497558594
620,2014-06-23,0.3807682116764974,0.37943994459267383,0.38173420653169704,0.3781519407155525,0.08311172181279239,-0.0005634916304388948,-0.0022137677361840913,-0.0003622722286238389,-0.0018917587142624481,-0.032102057222590144,71.60346221923828
621,2014-06-24,0.378956947165074,0.37440865428316444,0.3791179355707522,0.37404638205454055,0.10601630479050611,-0.0018112645114233827,-0.005031290309509384,-0.0026162709609448553,-0.0041055586610119765,0.022904582977713722,70.6540298461914
622,2014-06-25,0.3730803871993409,0.3751733975259837,0.3763004129974269,0.3726778839745801,0.08398465139833765,-0.005876559965733108,0.0007647432428192769,-0.002817522573325293,-0.001368498079960423,-0.022031653392168463,70.79830169677734
623,2014-06-26,0.37597840397550525,0.37456964268884263,0.3763004129974269,0.3727181471812824,0.06365434127442265,0.0028980167761643583,-0.0006037548371410906,0.0,4.026320670225125e-05,-0.020330310123914994,70.68440246582031
624,2014-06-27,0.3726376529784433,0.3753746491383641,0.3756966581602858,0.3723558749526585,0.07507690237311905,-0.0033407509970619365,0.0008050064495214726,-0.0006037548371410906,-0.0003622722286238944,0.011422561098696396,70.83628845214844
625,2014-06-30,0.37505264011644246,0.374126908467945,0.37521366073268597,0.3727181471812824,0.08745044639853243,0.002414987137999147,-0.0012477406704191063,-0.00048299742759982944,0.0003622722286238944,0.01237354402541338,70.60086059570312
626,2014-07-01,0.3754954065479054,0.3807279484697952,0.3816537123288579,0.3746501368916817,0.1626833846251917,0.0004427664314629598,0.006601040001850189,0.006440051596171947,0.0019319897103993178,0.07523293822665926,71.84650421142578
627,2014-07-02,0.37931918718313257,0.3794802077993761,0.3807682116764974,0.3782324349183916,0.08398096830056911,0.0038237806352271475,-0.0012477406704191063,-0.000885500652360538,0.003582298026709896,-0.07870241632462258,71.6110610961914
628,2014-07-03,0.38149272392317984,0.38189522714794055,0.38314296781835966,0.3810902206984191,0.05651479790771715,0.002173536740047277,0.0024150193485644733,0.0023747561418622776,0.0028577857800274886,-0.027466170392851964,72.06678771972656
629,2014-07-07,0.38125120910409727,0.3798827110241368,0.3814121975097754,0.37863493814315236,0.10824879325426479,-0.00024151481908257777,-0.0020125161238037648,-0.0017307703085842618,-0.0024552825552667246,0.051733995346547636,71.68701934814453
630,2014-07-08,0.379600932998352,0.37919842977359125,0.3804462026545758,0.37778966848692863,0.08985380935011032,-0.001650276105745252,-0.0006842812505455376,-0.0009659948551996034,-0.0008452696562237239,-0.018394983904154463,71.55787658691406
631,2014-07-09,0.3808487058793364,0.3805266968574148,0.38185496394123836,0.3781519407155525,0.06996182327505303,0.0012477728809843769,0.0013282670838235533,0.0014087612866625632,0.0003622722286238944,-0.019891986075057294,71.80855560302734
632,2014-07-10,0.3763004129974269,0.3794802077993761,0.3805266968574148,0.37541491234506635,0.10329715161967766,-0.004548292881909499,-0.0010464890580387243,-0.0013282670838235533,-0.002737028370486172,0.03333532834462463,71.6110610961914
633,2014-07-11,0.3792789561869957,0.3819757213507797,0.3822977303727013,0.37867520134985455,0.09423712066749064,0.0029785431895688053,0.002495513551403594,0.001771033515286513,0.003260289004788197,-0.00906003095218702,72.08197784423828
634,2014-07-14,0.3838674800650421,0.3853567355545438,0.38583973298214364,0.38274046459359895,0.11585640876718926,0.004588523878046424,0.003381014203764132,0.0035420026094423185,0.004065263243744399,0.021619288099698625,72.7199935913086
635,2014-07-15,0.3846322233078614,0.3862422362069044,0.3874900090878889,0.3839077432717443,0.14954836013613296,0.0007647432428192769,0.0008855006523605935,0.001650276105745252,0.001167278678145367,0.03369195136894369,72.88709259033203
636,2014-07-16,0.3882145213345713,0.3879730065154887,0.3894622620049904,0.3871680000659672,0.11760602186485156,0.003582298026709896,0.0017307703085843174,0.0019722529171015135,0.003260256794222871,-0.0319423382712814,73.21372985839844
637,2014-07-17,0.3839479742678812,0.3830624736155206,0.38781201810981053,0.3830222104088184,0.14028770659876547,-0.004266547066690107,-0.004910532899968123,-0.0016502438951798704,-0.004145789657148791,0.02268168473391391,72.28707122802734
638,2014-07-18,0.38761076649743015,0.3897037768240729,0.3915553045421986,0.3849944955364853,0.1667137914304231,0.0036627922295489612,0.006641303208552329,0.003743286432388082,0.001972285127666895,0.02642608483165762,73.54032135009766
639,2014-07-21,0.38922077939647315,0.3917967871507158,0.39244080519455915,0.38757050329072795,0.13898013606213103,0.0016100128990430007,0.0020930103266428857,0.000885500652360538,0.0025760077542426596,-0.02773365536829206,73.93531799316406
640,2014-07-22,0.3941715755031434,0.3911930323135747,0.3948155613364215,0.3895025252116926,0.14252763208686445,0.004950796106670263,-0.0006037548371410906,0.002374756141862333,0.0019320219209646439,0.003547496024733421,73.82137298583984
641,2014-07-23,0.39344706325646106,0.38881827617171244,0.39364831486884144,0.3887780129650102,0.11775462069405145,-0.0007245122466823517,-0.0023747561418622776,-0.001167246467580041,-0.0007245122466824072,-0.024773011392813002,73.37322235107422
642,2014-07-24,0.3887780129650102,0.38644348781928484,0.3896232826212339,0.38608124780122627,0.08148471337354049,-0.004669050291450871,-0.0023747883524276037,-0.0040250322476075295,-0.0026967651637839207,-0.036269907320510955,72.92510223388672
643,2014-07-25,0.38567874457646545,0.38543722975738287,0.38732902068221076,0.3849944955364853,0.08342375810547117,-0.0030992683885447403,-0.0010062580619019657,-0.0022942619390231567,-0.0010867522647409755,0.0019390447319306836,72.7352066040039
644,2014-07-28,0.38571900778316776,0.3830624736155206,0.3864032568231479,0.3798021846107324,0.1228659812799473,4.0263206702306764e-05,-0.0023747561418622776,-0.0009257638590628448,-0.0051923109257528965,0.039442223174476126,72.28707122802734
645,2014-07-29,0.38278072780030115,0.3774676916755723,0.3838674800650421,0.3771054194469484,0.12953005089049513,-0.0029382799828666095,-0.005594781939948279,-0.00253577675810579,-0.0026967651637839762,0.006664069610547829,71.23127746582031
646,2014-07-30,0.3816939755355602,0.37863493814315236,0.3816939755355602,0.3756966581602858,0.09794805415570296,-0.00108675226474092,0.001167246467580041,-0.0021735045294818955,-0.0014087612866626187,-0.03158199673479217,71.45155334472656
647,2014-07-31,0.3755759007507445,0.3696188465821723,0.3760991613850465,0.3696188465821723,0.15261666389253853,-0.006118074784815741,-0.009016091560980044,-0.005594814150513716,-0.00607781157811349,0.05466860973683557,69.75012969970703
648,2014-08-01,0.369296869770816,0.3685723575241336,0.37151063750700014,0.36603658076602774,0.1721111587238066,-0.0062790309799284905,-0.0010464890580387243,-0.004588523878046369,-0.0035822658161445697,0.019494494831268083,69.55268096923828
649,2014-08-04,0.3737646362393211,0.36772708786790986,0.3737646362393211,0.36527183752320846,0.12350117398741373,0.004467766468505108,-0.0008452696562237239,0.002253998732320961,-0.0007647432428192769,-0.048609984736392886,69.39315032958984
650,2014-08-05,0.3657145717441061,0.36724409044031003,0.3714301110935957,0.3646278194793651,0.15929188903959685,-0.008050064495215004,-0.00048299742759982944,-0.002334525145725408,-0.0006440180438433418,0.03579071505218312,69.3020248413086
651,2014-08-06,0.36370205562030233,0.3645070620698238,0.3663183265812472,0.3629775433736199,0.14437753876991619,-0.0020125161238037648,-0.0027370283704862275,-0.005111784512348505,-0.0016502761057451965,-0.01491435026968066,68.78550720214844
652,2014-08-07,0.3662378323784081,0.3661170749688668,0.3678881084841534,0.3646278194793651,0.1333078821833687,0.00253577675810579,0.0016100128990430007,0.0015697819029061866,0.0016502761057451965,-0.011069656586547488,69.08932495117188
653,2014-08-08,0.36672082980600795,0.37316088140217996,0.37348289042410165,0.36579506594694516,0.10860913479075401,0.00048299742759982944,0.007043806433313149,0.005594781939948279,0.001167246467580041,-0.024698747392614684,70.41857147216797
654,2014-08-11,0.3743281600803254,0.37497214591360334,0.37770917428408957,0.37416713946408187,0.10445612332711221,0.007607330274317425,0.0018112645114233827,0.0042262838599879116,0.008372073517136702,-0.004153011463641804,70.7603530883789
655,2014-08-12,0.37360364783364297,0.3739658878517015,0.3765016646098073,0.372516895568902,0.08162215666622989,-0.0007245122466824072,-0.0010062580619018546,-0.0012075096742822922,-0.0016502438951798704,-0.02283396666088232,70.57046508789062
656,2014-08-13,0.37545514334120317,0.37943994459267383,0.3797619536145955,0.3746501368916817,0.08307829061766257,0.0018514955075601969,0.005474056740972344,0.0032602890047882527,0.0021332413227797,0.001456133951432681,71.60346221923828
657,2014-08-14,0.38024495104219536,0.37992294202027366,0.3814524607164776,0.37943994459267383,0.07271068912884114,0.004789807700992188,0.00048299742759982944,0.001690507101882066,0.0047898077009921325,-0.010367601488821432,71.69459533691406
658,2014-08-15,0.3803254452450344,0.3792789561869957,0.38149272392317984,0.37634067620412914,0.12844909710983068,8.049420283906539e-05,-0.0006439858332779602,4.026320670225125e-05,-0.0030992683885446848,0.05573840798098954,71.57308197021484
659,2014-08-18,0.3808487058793364,0.3834247136335791,0.3839882374745834,0.3807279484697952,0.10517305247351888,0.0005232606343019697,0.004145757446583409,0.0024955135514035387,0.004387272265666042,-0.023276044636311805,72.35541534423828
660,2014-08-19,0.38265997039075983,0.38125120910409727,0.38298197941268153,0.38104995749171683,0.08892145439864575,0.0018112645114234383,-0.00217350452948184,-0.0010062580619018546,0.00032200902192164316,-0.016251598074873128,72.28672790527344
661,2014-08-20,0.38253921298121857,0.3854774929640851,0.38632276262030885,0.3807279484697952,0.09554837430189361,-0.00012075740954126113,0.004226283859987856,0.003340783207627318,-0.00032200902192164316,0.00662691990324786,73.08805847167969
662,2014-08-21,0.38632276262030885,0.38616174200406533,0.3877315239069714,0.38455172910502233,0.05616189339556824,0.003783549639090278,0.0006842490399802115,0.0014087612866625632,0.0038237806352271475,-0.03938648090632537,73.2177963256836
663,2014-08-22,0.3853567355545438,0.3846322233078614,0.38596049039168495,0.3833844826374423,0.05384394998069915,-0.0009660270657650405,-0.0015295186962039353,-0.0017710335152864576,-0.001167246467580041,-0.0023179434148690933,72.92779541015625
664,2014-08-25,0.38656424522882604,0.3856384813697633,0.3870875058631281,0.38523597814500243,0.044044678809084505,0.0012075096742822367,0.0010062580619019101,0.0011270154714431713,0.0018514955075601414,-0.009799271171614644,73.11859130859375
665,2014-08-26,0.38596049039168495,0.38443097169548096,0.38656424522882604,0.38422972008310063,0.05655563071278566,-0.0006037548371410906,-0.0012075096742823477,-0.0005232606343020807,-0.0010062580619017991,0.012510951903701155,72.88961791992188
666,2014-08-27,0.38539699876124606,0.3846724865145636,0.38596049039168495,0.38350524004698355,0.04843539173640352,-0.0005634916304388948,0.00024151481908263328,-0.0006037548371410906,-0.0007244800361170811,-0.008120238976382137,72.93543243408203
667,2014-08-28,0.3829417162059793,0.3835857342498227,0.3839882374745834,0.38117071490125815,0.03513321127169575,-0.00245528255526678,-0.00108675226474092,-0.001972252917101569,-0.002334525145725408,-0.013302180464707776,72.72937774658203
668,2014-08-29,0.383786985862203,0.3833039884346033,0.3846724865145636,0.3816939755355602,0.043483750101816404,0.0008452696562237239,-0.0002817458152193919,0.0006842490399802115,0.0005232606343020807,0.008350538830120657,72.67596435546875
669,2014-09-02,0.38310273682222284,0.38439074069934415,0.3855579871669242,0.38261970718405763,0.06213878195707066,-0.000684249039980156,0.0010867522647408645,0.0008855006523605935,0.0009257316484974076,0.01865503185525426,72.88201904296875
670,2014-09-03,0.38583973298214364,0.38422972008310063,0.38620200521076753,0.3834247136335791,0.04985069288276771,0.0027369961599207904,-0.00016102061624351238,0.0006440180438433418,0.0008050064495214726,-0.012288089074302955,72.85147094726562
671,2014-09-04,0.3843102464965051,0.3823379613688382,0.3864837510259869,0.3816537123288579,0.09366507183811369,-0.0015294864856385537,-0.0018917587142624481,0.0002817458152193919,-0.001771001304721187,0.043814378955345984,72.49280548095703
672,2014-09-05,0.3823379613688382,0.38483347492024184,0.3856384813697633,0.3803657084517366,0.07144770532384699,-0.001972285127666895,0.0024955135514036497,-0.0008452696562236128,-0.001288003877121302,-0.0222173665142667,72.96595001220703
673,2014-09-08,0.38455172910502233,0.38334421943074004,0.3849140013336463,0.3822977303727013,0.07511036898265049,0.002213767736184147,-0.001489255489501795,-0.0007244800361170256,0.0019320219209646994,0.0036626636588034944,72.68358612060547
674,2014-09-09,0.38253921298121857,0.3802046878354931,0.38350524004698355,0.37968145941175646,0.08322688944686246,-0.0020125161238037648,-0.003139531595246936,-0.0014087612866627297,-0.0026162709609448553,0.008116520464211976,72.08831024169922
675,2014-09-10,0.37968145941175646,0.3798021846107324,0.3808084426726343,0.3775481858784114,0.092758675643037,-0.002857753569462107,-0.00040250322476070854,-0.002696797374349247,-0.0021332735333450814,0.009531786196174535,72.01202392578125
676,2014-09-11,0.37887642075166955,0.3813317033069363,0.38153295491931666,0.3781116775088503,0.05683051729816447,-0.0008050386600869097,0.0015295186962038798,0.0007245122466823517,0.0005634916304388948,-0.03592815834487253,72.30199432373047
677,2014-09-12,0.3814121975097754,0.3803657084517366,0.3822977303727013,0.37943994459267383,0.11234978096192598,0.0025357767581058455,-0.0009659948551996589,0.0007647754533846585,0.0013282670838235533,0.05551926366376151,72.11882781982422
678,2014-09-15,0.379600932998352,0.38096946328887776,0.3816939755355602,0.37742742846887006,0.10072663269245072,-0.0018112645114233827,0.0006037548371411461,-0.0006037548371410906,-0.0020125161238037648,-0.011623148269475261,72.23330688476562
679,2014-09-16,0.38024495104219536,0.3818147007345361,0.3824587187783794,0.3779104258964699,0.08312287734930286,0.0006440180438433418,0.0008452374456583422,0.0007647432428191658,0.00048299742759982944,-0.017603755343147856,72.39359283447266
680,2014-09-17,0.3830222104088184,0.38455172910502233,0.38632276262030885,0.3819757213507797,0.11640618193794688,0.0027772593666230416,0.0027370283704862275,0.0038640438419294543,0.004065295454309781,0.03328330458864402,72.91255187988281
681,2014-09-18,0.3864032568231479,0.3879730065154887,0.3884157729469517,0.38507498973932436,0.09792577849708363,0.003381046414329514,0.0034212774104663835,0.00209301032664283,0.0030992683885446848,-0.018480403440863255,73.56121063232422
682,2014-09-19,0.3893012735993123,0.3884157729469517,0.3901465432555359,0.38736925167834757,0.2001791260433968,0.0028980167761644138,0.0004427664314629598,0.0017307703085842063,0.002294261939023212,0.10225334754631317,73.64515686035156
683,2014-09-22,0.38567874457646545,0.38117071490125815,0.3877315239069714,0.38060719106025387,0.08287398493471355,-0.0036225290228468765,-0.007245058045693531,-0.0024150193485644733,-0.0067620606180937015,-0.11730514110868324,72.27146911621094
684,2014-09-23,0.3797619536145955,0.3758979097726662,0.38008396263651717,0.3756161639574467,0.12405094715817135,-0.005916790961869922,-0.005272805128591962,-0.0076475612704542395,-0.004991027102807188,0.04117696222345779,71.27173614501953
685,2014-09-24,0.3755759007507445,0.3776689110773873,0.378433686530772,0.37529415493552504,0.08726097934986242,-0.004186052863851042,0.0017710013047211315,-0.0016502761057451965,-0.00032200902192164316,-0.03678996780830893,71.60752868652344
686,2014-09-25,0.3764614336136704,0.37191314073176085,0.37690416783456804,0.3716313627059761,0.08410725605674804,0.0008855328629259196,-0.005755770345626465,-0.0015295186962039353,-0.0036627922295489612,-0.003153723293114377,70.51618957519531
687,2014-09-26,0.3720338659307368,0.3755356697546076,0.375736921366988,0.37130938589461976,0.08888058617917563,-0.00442756768293362,0.0036225290228467655,-0.001167246467580041,-0.00032197681135631706,0.004773330122427588,71.20304870605469
688,2014-09-29,0.3720338659307368,0.3764614336136704,0.3776689110773873,0.37175212011551734,0.11347903998640087,0.0,0.0009257638590627892,0.0019319897103993178,0.0004427342208975782,0.024598453807225237,71.3785629272461
689,2014-09-30,0.3760589303889097,0.3748111575079252,0.37722617685648974,0.3729998929965018,0.09519550520414632,0.004025064458172911,-0.0016502761057451965,-0.0004427342208975782,0.001247772880984488,-0.018283534782254543,71.065673828125
690,2014-10-01,0.3733219020184235,0.3689345975421921,0.37372440524318423,0.3674856052593926,0.16561424508890785,-0.002737028370486172,-0.005876559965733108,-0.0035017716133055043,-0.005514287737109214,0.07041873988476152,69.95147705078125
691,2014-10-02,0.36865285172697265,0.3667610930127102,0.3697798671984158,0.3634605730117851,0.10120954347294871,-0.004669050291450871,-0.0021735045294818955,-0.003944538044768409,-0.0040250322476075295,-0.06440470161595914,69.53933715820312
692,2014-10-03,0.3699006246079571,0.3691358491545725,0.3707458620536155,0.36688185042225147,0.09447113903339932,0.0012477728809844324,0.0023747561418622776,0.0009659948551996589,0.0034212774104663835,-0.006738404439549386,69.98959350585938
693,2014-10-06,0.37062510464407417,0.37010187622033747,0.3732816388117213,0.3689345975421921,0.08888430469134578,0.0007244800361170811,0.000966027065764985,0.00253577675810579,0.0020527471199406344,-0.005586834342053537,70.17277526855469
694,2014-10-07,0.36696234462509053,0.3614077936812791,0.36772708786790986,0.36120654206889874,0.09622447064323178,-0.003662760018983635,-0.008694082539058345,-0.005554550943811409,-0.00772805547329336,0.007340165951885996,68.52435302734375
695,2014-10-08,0.36177003369933763,0.36808936009653376,0.3683711059117532,0.35935501435077316,0.1283785162074009,-0.0051923109257528965,0.006681566415254636,0.0006440180438433418,-0.0018515277181255785,0.03215404556416912,69.79119110107422
696,2014-10-09,0.36780758207074893,0.36132729947844006,0.3686125885202704,0.3602405150031337,0.09997255383874407,0.006037548371411294,-0.0067620606180937015,0.00024148260851719616,0.000885500652360538,-0.028405962368656834,68.50907897949219
697,2014-10-10,0.36044179882607946,0.3538004634069617,0.3614077936812791,0.3537602324108248,0.17273894982133434,-0.007365783244669466,-0.00752683607147836,-0.00720479483899128,-0.0064802825923088725,0.07276639598259027,67.08197021484375
698,2014-10-13,0.3542834930451269,0.34478440405654703,0.3562154827555262,0.34438190083178627,0.15311813181948572,-0.006158305780952555,-0.009016059350414662,-0.0051923109257528965,-0.009378331579038557,-0.019620818001848617,65.37246704101562
699,2014-10-14,0.34615290213650746,0.34691767758989206,0.3500169459784368,0.3449856556689274,0.20883054562968575,-0.00813059090861945,0.002133273533345026,-0.006198536777089425,0.0006037548371411461,0.055712413810200034,65.7769546508789
700,2014-10-15,0.34281211892888014,0.3425706363203629,0.3450259188756296,0.3336350711727873,0.2938775936622387,-0.003340783207627318,-0.004347041269529173,-0.004991027102807188,-0.011350584496140126,0.08504704803255295,64.95276641845703
701,2014-10-16,0.3370160853765515,0.3477226840394136,0.34937292793459346,0.33600982731464957,0.22328797928965793,-0.005796033552328661,0.005152047719050701,0.004347009058963847,0.0023747561418622776,-0.07058961437258077,65.92959594726562
702,2014-10-17,0.3591537627383928,0.3624945459460201,0.3653925627221844,0.35778526465843236,0.2910767748812732,0.0221376773618413,0.01477186190660651,0.01601963478759094,0.02177543734378279,0.06778879559161527,68.73039245605469
703,2014-10-20,0.3596367601659926,0.36225306333750285,0.3623335575403419,0.35810727368035405,0.16765730191839814,0.00048299742759982944,-0.00024148260851725167,-0.003059005181842489,0.00032200902192169867,-0.12341947296287506,68.68461608886719
704,2014-10-21,0.3646680826860674,0.3740061510584037,0.374126908467945,0.3646680826860674,0.16863424360150298,0.005031322520074766,0.011753087720900834,0.011793350927603086,0.0065608090057133195,0.0009769416831048316,70.91304779052734
705,2014-10-22,0.37658215881264634,0.36692208141838834,0.3774676916755723,0.366801324008847,0.19516062201855006,0.011914076126578965,-0.007084069640015345,0.003340783207627318,0.0021332413227796443,0.02652637841704708,69.56986999511719
706,2014-10-23,0.37352315363080385,0.37666265301548546,0.3803657084517366,0.3727181471812824,0.15156910589260228,-0.003059005181842489,0.009740571597097125,0.0028980167761643028,0.005916823172435359,-0.04359151612594778,71.41674041748047
707,2014-10-24,0.3765016646098073,0.38117071490125815,0.3817744697383993,0.3751733975259837,0.09894730691182876,0.0029785109790034237,0.004508061885772685,0.0014087612866626742,0.002455250344701343,-0.052621798980773515,72.27146911621094
708,2014-10-27,0.3791179355707522,0.3771456826536506,0.3800034362231127,0.37533441814222723,0.15310329318520668,0.002616270960944911,-0.0040250322476075295,-0.0017710335152865686,0.00016102061624351238,0.05415598627337792,71.50830841064453
709,2014-10-28,0.3799632052269759,0.3830624736155206,0.3839479742678812,0.378956947165074,0.1183080769625776,0.0008452696562237239,0.005916790961869978,0.003944538044768464,0.0036225290228467655,-0.034795216222629086,72.63016510009766
710,2014-10-29,0.38334421943074004,0.38257947618792076,0.3853567355545438,0.3798424478174346,0.09675193274096844,0.003381014203764132,-0.00048299742759982944,0.0014087612866626187,0.0008855006523605935,-0.02155614422160916,72.53858947753906
711,2014-10-30,0.3799632052269759,0.38475298071740266,0.3864837510259869,0.378956947165074,0.08515477864228267,-0.003381014203764132,0.0021735045294818955,0.0011270154714431158,-0.0008855006523605935,-0.011597154098685766,72.95069122314453
712,2014-10-31,0.3901465432555359,0.3868862542507478,0.3903477948679163,0.3859202593955481,0.14843022123376692,0.010183338028559974,0.002133273533345137,0.0038640438419293988,0.0069633122304740835,0.06327544259148425,73.35516357421875
713,2014-11-03,0.38740951488504977,0.38503472653262216,0.38740951488504977,0.38410899488412475,0.11481632320599496,-0.0027370283704861165,-0.001851527718125634,-0.002938279982866554,-0.0018112645114233272,-0.03361389802777197,73.00408935546875
714,2014-11-04,0.3851957471488657,0.3835454710431204,0.38583973298214364,0.38189522714794055,0.09997255383874407,-0.0022137677361840913,-0.0014892554895017396,-0.001569781902906131,-0.0022137677361842023,-0.01484376936725089,72.72174835205078
715,2014-11-05,0.3876912607002693,0.3892610426031754,0.3899855226392924,0.3851957471488657,0.10315230671704956,0.0024955135514036497,0.005715571560054977,0.004145789657148791,0.0033005200009251223,0.003179752878305492,73.80542755126953
716,2014-11-06,0.3899855226392924,0.3892610426031754,0.3903075316612141,0.3869265174574499,0.1121157625960173,0.002294261939023101,0.0,0.00032200902192169867,0.0017307703085842063,0.008963455878967741,73.80542755126953
717,2014-11-07,0.38922077939647315,0.3895025252116926,0.3903477948679163,0.3869265174574499,0.08785162074009016,-0.0007647432428192769,0.00024148260851719616,4.026320670219574e-05,0.0,-0.024264141855927138,73.85123443603516
718,2014-11-10,0.38990502843645336,0.39151504133549636,0.3919578077669593,0.3879730065154887,0.06790764632345389,0.0006842490399802115,0.0020125161238037648,0.0016100128990430007,0.0010464890580388353,-0.01994397441663627,74.23282623291016
719,2014-11-11,0.3912332955202769,0.3903477948679163,0.3928433084193199,0.38938176780215134,0.045875992931285435,0.0013282670838235533,-0.001167246467580041,0.0008855006523605935,0.0014087612866626187,-0.022031653392168456,74.01150512695312
720,2014-11-12,0.3878522491059474,0.39046855227745764,0.39115280131743785,0.3877315239069714,0.06726498117724554,-0.003381046414329514,0.00012075740954131664,-0.001690507101882066,-0.0016502438951799259,0.021388988245960104,74.03437805175781
721,2014-11-13,0.39058927747643357,0.39066977167927264,0.39364831486884144,0.38938176780215134,0.08983525220366113,0.002737028370486172,0.00020121940181500042,0.002495513551403594,0.0016502438951799259,0.022570271026415595,74.07254028320312
722,2014-11-14,0.39099178070119434,0.3895830194145317,0.3916760297411745,0.3887377819688733,0.05007727422433607,0.00040250322476076406,-0.00108675226474092,-0.0019722851276669506,-0.0006439858332780157,-0.039757977979325065,73.86646270751953
723,2014-11-17,0.3871277690698303,0.3885365303564929,0.38901952778409277,0.3871277690698303,0.06469074373784843,-0.003864011631364017,-0.0010464890580388353,-0.002656501957081725,-0.0016100128990430007,0.014613469513512362,73.66806030273438
724,2014-11-18,0.38740951488504977,0.3897440400307753,0.3913942839259551,0.3867654968412064,0.08275509878847333,0.0002817458152194474,0.0012075096742824032,0.002374756141862333,-0.0003622722286238944,0.018064355050624897,74.29568481445312
725,2014-11-19,0.3886975187621711,0.3886975187621711,0.38922077939647315,0.3864032568231479,0.05014041810242553,0.0012880038771213576,-0.0010465212686041614,-0.002173504529481951,-0.0003622400180585128,-0.032614680686047795,74.09619903564453
726,2014-11-20,0.3869667484535868,0.3893415368060144,0.3899452916431556,0.38579950198600677,0.06454214490864855,-0.0017307703085843174,0.0006440180438432863,0.0007245122466824627,-0.0006037548371411461,0.014401726806223022,74.21896362304688
727,2014-11-21,0.3934068000497588,0.3953790851774258,0.39610359742410817,0.39288353941545684,0.12374634788983288,0.006440051596172003,0.006037548371411405,0.006158305780952555,0.007084037429450074,0.059204202981184326,75.3698959350586
728,2014-11-24,0.39662682584784487,0.3955400735831039,0.3979148619355315,0.39429233291268484,0.07261783256779202,0.003220025798086057,0.00016098840567807526,0.0018112645114233272,0.0014087934972280003,-0.051128515322040866,75.40060424804688
729,2014-11-25,0.3954998103764017,0.3979953561383706,0.39932362322219417,0.39505707615550406,0.10360175088801613,-0.0011270154714431713,0.0024552825552667246,0.0014087612866626742,0.0007647432428192213,0.03098391832022411,75.86862182617188
730,2014-11-26,0.39904184519640934,0.39880036258789214,0.399363854218331,0.3979550929316684,0.08109094064192145,0.0035420348200076446,0.0008050064495215281,4.0230996136814134e-05,0.0028980167761643583,-0.02251081024609468,76.0220947265625
731,2014-11-28,0.3994846116278723,0.3987600993811899,0.39988711485263306,0.39823683874688787,0.05754372793240099,0.0004427664314629598,-4.026320670225125e-05,0.0005232606343020807,0.0002817458152194474,-0.023547212709520454,76.014404296875
732,2014-12-01,0.39686834066692744,0.39203830196979844,0.39811611354791193,0.3917162929478768,0.1130184048645222,-0.0026162709609448553,-0.00672179741139145,-0.0017710013047211315,-0.006520545799011068,0.055474676932121214,74.7330551147461
733,2014-12-02,0.3923200477850179,0.39388982968792396,0.39388982968792396,0.3913540529298183,0.06261425571322835,-0.004548292881909555,0.001851527718125523,-0.004226283859987967,-0.0003622400180585128,-0.05040414915129386,75.08597564697266
734,2014-12-03,0.39501681294880187,0.40238262840403666,0.4027449006326605,0.39501681294880187,0.09977936827790389,0.0026967651637839762,0.008492798716112693,0.008855070944736532,0.0036627600189835796,0.03716511256467554,76.70494079589844
735,2014-12-04,0.40189963097643683,0.3995248748345745,0.40189963097643683,0.39751235871077084,0.07083106976282975,0.006882818027634963,-0.0028577535694621625,-0.0008452696562236683,0.002495545761968976,-0.028948298515074133,76.16020965576172
736,2014-12-05,0.400973867117374,0.4012556129325935,0.40314740385742137,0.4000078722621744,0.054694603907625074,-0.0009257638590628448,0.0017307380980189913,0.0012477728809845434,0.0024955135514035387,-0.01613646585520468,76.49012756347656
737,2014-12-08,0.39996760905547213,0.3974720955040686,0.4016178851612174,0.3967475832573861,0.058286686663998784,-0.0010062580619018546,-0.0037835174285248963,-0.0015295186962039908,-0.0032602890047882527,0.00359208275637371,75.76889038085938
738,2014-12-09,0.39240054198785695,0.39976635744309186,0.40012862967171564,0.3922395535821788,0.06371008354257342,-0.007567067067615174,0.0022942619390232677,-0.0014892554895017396,-0.0045080296752073035,0.005423396878574634,76.20621490478516
739,2014-12-10,0.3992430968087897,0.39244080519455915,0.3994846116278723,0.39203830196979844,0.08870971169135641,0.006842554820932767,-0.007325552248532707,-0.0006440180438433418,-0.00020125161238038203,0.024999628148782996,74.80979919433594
740,2014-12-11,0.3932458116440807,0.39401055488689996,0.3964658374421667,0.39272255100977865,0.0822239181785665,-0.005997285164709043,0.001569749692340805,-0.0030187741857056194,0.0006842490399802115,-0.006485793512789911,75.10900115966797
741,2014-12-12,0.39083079229551615,0.3859202593955481,0.39240054198785695,0.38575923877930457,0.08780331549627972,-0.002415019348564529,-0.008090295491351873,-0.004065295454309725,-0.0069633122304740835,0.005579397317713217,73.5667724609375
742,2014-12-15,0.39054904648029676,0.3856384813697633,0.39175655615457894,0.3838674800650421,0.12342315606064362,-0.0002817458152193919,-0.0002817780257847735,-0.0006439858332780157,-0.0018917587142624481,0.0356198405643639,73.5130615234375
743,2014-12-16,0.38604098459452396,0.38793277551935185,0.3946948361374455,0.3856384813697633,0.15001267835578017,-0.004508061885772796,0.0022942941495885383,0.002938279982866554,0.001771001304721187,0.026589522295136545,73.9504165649414
744,2014-12-17,0.3880132697221909,0.39308482323840244,0.3937690722783828,0.38475298071740266,0.18248619723696838,0.0019722851276669506,0.00515204771905059,-0.0009257638590626782,-0.000885500652360649,0.03247351888118821,74.93252563476562
745,2014-12-18,0.39831736516029237,0.4050391625716838,0.4050391625716838,0.3971500864821469,0.13584868842763598,0.010304095438101457,0.011954339333281383,0.011270090293301005,0.012397105764744232,-0.0466375088093324,77.21135711669922
746,2014-12-19,0.40515991998122497,0.40717243610502885,0.4095471922468911,0.4042743871182991,0.16402806945472445,0.0068425548209326,0.002133273533345026,0.0045080296752073035,0.007124300636152214,0.028179381027088474,77.61800384521484
747,2014-12-22,0.4064076606516442,0.40737368771740917,0.4104729561059539,0.40584416902120535,0.09479801396035711,0.0012477406704192173,0.00020125161238032652,0.0009257638590627892,0.001569781902906242,-0.06923005549436734,77.65638732910156
748,2014-12-23,0.4089837006164522,0.4104729561059539,0.4120829690049969,0.4087019548012327,0.056358762054176954,0.0025760399648079857,0.0030992683885447403,0.0016100128990430007,0.0028577857800273776,-0.03843925190618016,78.24718475341797
749,2014-12-24,0.4119219805993187,0.4103924619031149,0.4121232322116991,0.4103521986964126,0.022529402806945473,0.002938279982866554,-8.049420283900988e-05,4.026320670219574e-05,0.0016502438951798704,-0.03382935924723148,78.23182678222656
750,2014-12-26,0.41075470192117336,0.40906419481929135,0.41131822576217764,0.409023931612589,0.03810865846705221,-0.001167278678145367,-0.0013282670838235533,-0.0008050064495214726,-0.0013282670838236088,0.01557925566010674,77.97864532470703
751,2014-12-29,0.4082189251630675,0.4092251832249694,0.4102717044935735,0.4072529303078679,0.036555949442400246,-0.0025357767581058455,0.00016098840567807526,-0.0010465212686041614,-0.001771001304721076,-0.0015527090246519673,78.00933837890625
752,2014-12-30,0.407333424510707,0.40540140258974233,0.4082591883697698,0.4047976477526012,0.05518123320029323,-0.000885500652360538,-0.003823780635227092,-0.0020125161238036537,-0.0024552825552667246,0.018625283757892984,77.2803955078125
753,2014-12-31,0.4064076606516442,0.40218137679165633,0.4079371793478481,0.4019801251792759,0.06475016910376774,-0.0009257638590627892,-0.0032200257980860014,-0.00032200902192169867,-0.002817522573325293,0.009568935903474511,76.66658782958984
754,2015-01-02,0.40330839226309945,0.4034291496726408,0.40592466322404436,0.3988808567907312,0.07907387798322066,-0.0030992683885447403,0.001247772880984488,-0.0020125161238037648,-0.0030992683885446848,0.014323708879452918,76.90444946289062
755,2015-01-05,0.4021008825888172,0.39574132519548433,0.4021008825888172,0.3944533213183629,0.117223404669743,-0.0012075096742822367,-0.007687824477156491,-0.0038237806352271475,-0.004427535472368294,0.03814952668652234,75.43893432617188
756,2015-01-06,0.3956608309926452,0.3948155613364215,0.40045060648307196,0.3925615626041004,0.15718196981984695,-0.006440051596172003,-0.0009257638590628448,-0.001650276105745252,-0.0018917587142625036,0.039958565150103945,75.26248168945312
757,2015-01-07,0.3987600993811899,0.3976733471164489,0.40189963097643683,0.3964255742354645,0.09696739396042794,0.0030992683885446848,0.002857785780027433,0.00144902449336487,0.0038640116313640727,-0.060214575859419,75.8072280883789
758,2015-01-08,0.4010543613202131,0.40491840516214245,0.405723411611664,0.4010543613202131,0.09513607983822701,0.002294261939023212,0.007245058045693531,0.0038237806352271475,0.00462878708474862,-0.0018313141222009305,77.18836975097656
759,2015-01-09,0.405280645180201,0.39819660775075094,0.4056429174088249,0.397753841319288,0.09849782732646058,0.0042262838599879116,-0.006721797411391506,-8.049420283906539e-05,-0.0033005200009251223,0.003361747488233563,75.906982421875
760,2015-01-12,0.399283360015492,0.3962645858297863,0.39996760905547213,0.3913942839259551,0.10251707859518151,-0.005997285164709043,-0.0019320219209646439,-0.0056753083533527815,-0.006359557393332882,0.004019251268720936,75.53868865966797
761,2015-01-13,0.39904184519640934,0.3990821084031116,0.4034291496726408,0.3944533213183629,0.12714524508536643,-0.00024151481908263328,0.002817522573325293,0.00346154061716869,0.003059037392407815,0.024628166490184913,76.07579040527344
762,2015-01-14,0.3931653174412416,0.39723058068498596,0.39831736516029237,0.3931653174412416,0.11512835949867373,-0.005876527755167726,-0.001851527718125634,-0.0051117845123484495,-0.001288003877121302,-0.0120168855866927,75.72282409667969
763,2015-01-15,0.3995248748345745,0.3908710555022184,0.40004810325831125,0.39083079229551615,0.12981981152455457,0.006359557393332882,-0.006359525182767556,0.0017307380980188802,-0.0023345251457254634,0.014691452025880847,74.51056671142578
764,2015-01-16,0.38990502843645336,0.39533882197072345,0.39574132519548433,0.3884157729469517,0.1794104564562225,-0.009619846398121135,0.004467766468505052,-0.0043067780628269214,-0.0024150193485644733,0.04959064493166793,75.36221313476562
765,2015-01-20,0.3996053690374136,0.3983978593631314,0.40149712775167606,0.39421180649928034,0.1412312170867405,0.009700340600960256,0.003059037392407926,0.005755802556191736,0.005796033552328661,-0.038179239369482004,75.9453125
766,2015-01-21,0.3963853432393276,0.3994846116278723,0.4005311328964764,0.39505707615550406,0.09306327491137546,-0.0032200257980860014,0.00108675226474092,-0.0009659948551996589,0.0008452696562237239,-0.04816794217536503,76.15252685546875
767,2015-01-22,0.40149712775167606,0.40004810325831125,0.4023021342011976,0.39497658195266494,0.16442927921068382,0.0051117845123484495,0.0005634916304389503,0.001771001304721187,-8.04942028391209e-05,0.07136600429930835,76.25994110107422
768,2015-01-23,0.40652841806118545,0.41256596643259674,0.4182815057820864,0.4045159019373817,0.2185109306550602,0.005031290309509384,0.012517863174285493,0.0159793715808888,0.009539319984716743,0.05408165144437638,78.64618682861328
769,2015-01-26,0.412243957410675,0.41011071608789534,0.4125257354364599,0.4075749393297895,0.12257993915805801,0.00571553934948954,-0.0024552503447013985,-0.005755770345626521,0.003059037392407815,-0.09593099149700218,78.17813110351562
770,2015-01-27,0.40584416902120535,0.40612591483642474,0.40974844385927145,0.40238262840403666,0.09346816776510336,-0.006399788389469641,-0.003984801251470604,-0.0027772915771884232,-0.005192310925752841,-0.02911177139295465,77.41851043701172
771,2015-01-28,0.4086616915945305,0.40177887356689546,0.41256596643259674,0.40153739095837837,0.14164354696480871,0.0028175225733251263,-0.004347041269529284,0.002817522573325293,-0.0008452374456582867,0.048175379199705354,76.58985900878906
772,2015-01-29,0.4006921213021546,0.4031876348535582,0.4037511586945624,0.3946948361374455,0.1682887761136944,-0.007969570292375883,0.0014087612866627297,-0.008814807738034336,-0.006842554820932878,0.026645229148885674,76.85842895507812
773,2015-01-30,0.3995248748345745,0.3934873264631633,0.40149712775167606,0.39260179360023734,0.15225260384387915,-0.0011672464675800964,-0.009700308390394874,-0.0022540309428863425,-0.0020930425372081563,-0.01603617226981524,75.00926971435547
774,2015-02-02,0.3967475832573861,0.40157762195451513,0.4019801251792759,0.3901867742516728,0.1323420606223727,-0.0027772915771883677,0.008090295491351818,0.00048299742759982944,-0.002415019348564529,-0.019910543221506455,76.551513671875
775,2015-02-03,0.402503385813578,0.4076151703259264,0.40777619094216994,0.40234239740789984,0.10268423457083058,0.005755802556191847,0.006037548371411294,0.005796065762894043,0.012155623156227036,-0.029657826051542116,77.7024154663086
776,2015-02-04,0.4060856516297225,0.4055221599992836,0.4085409341849892,0.40415366191932317,0.09154771559402347,0.0035822658161445142,-0.00209301032664283,0.0007647432428192769,0.0018112645114233272,-0.011136518976807105,77.3034439086914
777,2015-02-05,0.40652841806118545,0.4119219805993187,0.41256596643259674,0.40584416902120535,0.09492805564310783,0.0004427664314629598,0.006399820600035133,0.0040250322476075295,0.0016905071018821771,0.003380340049084357,78.52339935302734
778,2015-02-06,0.41155970837069483,0.4095471922468911,0.4140149909259615,0.40829945157647196,0.08932634725237365,0.005031290309509384,-0.0023747883524276037,0.001449024493364759,0.0024552825552666135,-0.005601708390734178,78.07070922851562
779,2015-02-09,0.40833968257260883,0.4089032064136131,0.4104729561059539,0.4070516786954875,0.08370976481295883,-0.0032200257980860014,-0.0006439858332780157,-0.003542034820007589,-0.001247772880984488,-0.005616582439414819,77.9479751586914
780,2015-02-10,0.410553450308793,0.4123244838240795,0.413129490273601,0.40842017677544795,0.0632457299085246,0.002213767736184147,0.0034212774104663835,0.0026565341676471066,0.0013684980799604785,-0.020464034904434228,78.6001205444336
781,2015-02-11,0.41131822576217764,0.41228422061737735,0.41381373931358123,0.41003018967449095,0.07149229205548728,0.0007647754533846585,-4.026320670214023e-05,0.0006842490399802115,0.0016100128990430007,0.008246562146962677,78.59244537353516
782,2015-02-12,0.41320998447644003,0.41659099868020427,0.41743626833642794,0.41316972126973783,0.07214232339723271,0.0018917587142623926,0.0043067780628269214,0.00362252902284671,0.0031395315952468805,0.0006500313417454329,79.4134521484375
783,2015-02-13,0.41558474061830236,0.4201330335002119,0.42041477931543136,0.41558474061830236,0.07318616288499881,0.002374756141862333,0.0035420348200076446,0.0029785109790034237,0.002415019348564529,0.0010438394877660961,80.08866882324219
784,2015-02-17,0.41888526061922743,0.418603514804008,0.42029402190589005,0.41723501672404756,0.0853776768860825,0.003300520000925067,-0.0015295186962039353,-0.00012075740954131664,0.0016502761057451965,0.01219151400108369,79.7970962524414
785,2015-02-18,0.4195292786630709,0.42109906056597696,0.42242729543923513,0.41884502962309056,0.08421126815430763,0.0006440180438434528,0.002495545761968976,0.0021332735333450814,0.0016100128990430007,-0.0011664087317748706,80.27278137207031
786,2015-02-19,0.41969026706874896,0.4214210373773333,0.42258831605547864,0.418684009006847,0.07287040808014987,0.00016098840567807526,0.00032197681135631706,0.00016102061624351238,-0.0001610206162435679,-0.011340860074157758,80.33418273925781
787,2015-02-20,0.42097830315643564,0.42407757154498044,0.42419832895452164,0.4169130077021259,0.12535851769480577,0.0012880360876866837,0.002656534167647162,0.0016100128990430007,-0.001771001304721076,0.0524881096146559,80.84060668945312
788,2015-02-23,0.42383605672589775,0.4201330335002119,0.42383605672589775,0.419046281235471,0.11425539449872685,0.002857753569462107,-0.00394453804476852,-0.0003622722286238944,0.0021332735333450814,-0.011103123196078923,80.08866882324219
789,2015-02-24,0.4179192657640279,0.4198110244782903,0.42077705154405526,0.4169130077021259,0.08737614698393249,-0.005916790961869867,-0.00032200902192164316,-0.003059005181842489,-0.0021332735333450814,-0.026879247514794355,80.42639923095703
790,2015-02-25,0.41900601802876875,0.42017329670691417,0.42190406701549843,0.41888526061922743,0.07961621412963796,0.0010867522647408645,0.0003622722286238944,0.0011270154714431713,0.0019722529171015135,-0.007759932854294535,80.49578857421875
791,2015-02-26,0.4194085212535295,0.4171545225212085,0.4200525392973729,0.4163092528649848,0.07075305183605965,0.00040250322476076406,-0.003018774185705675,-0.001851527718125523,-0.002576007754242604,-0.008863162293578308,79.91747283935547
792,2015-02-27,0.4159872438430631,0.4136929819040399,0.41808025416970596,0.4134917302916595,0.11125767164475106,-0.0034212774104663835,-0.003461540617168579,-0.0019722851276669506,-0.0028175225733253484,0.04050461980869141,79.2542953491211
793,2015-03-02,0.4136929819040399,0.42093803994973344,0.4211392915621139,0.41268672384213795,0.11851238264552663,-0.002294261939023212,0.007245058045693531,0.003059037392407926,-0.0008050064495215281,0.007254711000775571,80.64231872558594
794,2015-03-03,0.41812051737640815,0.4187645354202515,0.420213527703051,0.416993501904965,0.09231663308200913,0.004427535472368238,-0.002173504529481951,-0.0009257638590629003,0.0043067780628270325,-0.0261957495635175,80.22592163085938
795,2015-03-04,0.4200525392973729,0.4147797341687809,0.4200525392973729,0.412243957410675,0.09310042461867543,0.0019320219209647549,-0.003984801251470604,-0.00016098840567807526,-0.004749544494289992,0.0007837915366663006,79.46250915527344
796,2015-03-05,0.41747649933256487,0.4151017431907025,0.41795952897073,0.4146187457631027,0.08331602749574142,-0.002576039964808041,0.00032200902192158765,-0.0020930103266428857,0.0023747883524277147,-0.00978439712293401,79.52420806884766
797,2015-03-06,0.41180122318977747,0.41003018967449095,0.41365271869733766,0.40894343740975,0.09165172769158306,-0.0056752761427874,-0.005071553516211524,-0.0043068102733923586,-0.005675308353352726,0.008335700195841636,78.5525894165039
798,2015-03-09,0.4111572051459341,0.4151420063974048,0.41659099868020427,0.410553450308793,0.09223121354530033,-0.0006440180438433418,0.005111816722913831,0.0029382799828666095,0.0016100128990430007,0.0005794858537172681,79.53192138671875
799,2015-03-10,0.41111697414979725,0.40721266710116566,0.412163463207836,0.40721266710116566,0.11156227091308951,-4.0230996136869646e-05,-0.007929339296239124,-0.004427535472368294,-0.003340783207627318,0.019331057367789187,78.0128402709961
800,2015-03-11,0.4076151703259264,0.40511965677452283,0.40842017677544795,0.4048379109593034,0.09171115305750237,-0.0035018038238708304,-0.00209301032664283,-0.0037432864323880266,-0.0023747561418622776,-0.019851117855587144,77.61184692382812
801,2015-03-12,0.40648815485448325,0.4124049780269185,0.4128477122478162,0.40648815485448325,0.0967556512531386,-0.0011270154714431713,0.007285321252395671,0.004427535472368238,0.0016502438951798704,0.005044498195636238,79.007568359375
802,2015-03-13,0.41204270579829466,0.40721266710116566,0.41236471482021636,0.4037108954878602,0.09622818915540193,0.005554550943811409,-0.005192310925752841,-0.00048299742759982944,-0.0027772593666230416,-0.0005274620977366723,78.0128402709961
803,2015-03-16,0.4085409341849892,0.4136929819040399,0.41397472771925936,0.40809816775352625,0.08307829061766257,-0.003501771613305449,0.006480314802874254,0.0016100128990430007,0.004387272265666042,-0.01314989853773936,79.2542953491211
804,2015-03-17,0.41067420771833435,0.4113987199650167,0.41260622963929894,0.40990943226494964,0.06871743203090969,0.002133273533345137,-0.002294261939023212,-0.001368498079960423,0.0018112645114233827,-0.014360858586752887,78.81477355957031
805,2015-03-18,0.4104729561059539,0.41795952897073,0.41965003607261203,0.4072931613040047,0.10990926830304812,-0.00020125161238043754,0.0065608090057133195,0.007043806433313093,-0.002616270960944911,0.04119183627213843,80.07168579101562
806,2015-03-19,0.4156652348211414,0.4146589767592395,0.4169532709088281,0.4124452090230554,0.08313771598358188,0.005192278715187515,-0.003300552211490504,-0.0026967651637839207,0.005152047719050701,-0.026771552319466235,79.43938446044922
807,2015-03-20,0.41743626833642794,0.4242385599506585,0.42725733413636413,0.416993501904965,0.3700875089864044,0.001771033515286513,0.009579583191418994,0.01030406322753602,0.004548292881909555,0.28694979300282253,81.27461242675781
808,2015-03-23,0.42419832895452164,0.4198110244782903,0.42419832895452164,0.4182815057820864,0.1493737671361436,0.0067620606180937015,-0.004427535472368238,-0.003059005181842489,0.001288003877121413,-0.22071374185026083,80.42639923095703
809,2015-03-24,0.41900601802876875,0.41884502962309056,0.42194429801163535,0.41747649933256487,0.08911832305725446,-0.0051923109257528965,-0.0009659948551997144,-0.002254030942886287,-0.0008050064495215281,-0.06025544407888912,80.2413558959961
810,2015-03-25,0.42025379090975323,0.4102717044935735,0.42025379090975323,0.4102314412868714,0.0917074345453322,0.001247772880984488,-0.008573325129517084,-0.0016905071018821216,-0.0072450580456934754,0.002589111488077736,78.59886932373047
811,2015-03-26,0.4080579367573894,0.4112376993487732,0.4130087328640597,0.4060454206335856,0.10316714535132857,-0.01219585415236385,0.0009659948551997144,-0.007245058045693531,-0.004186020653285771,0.011459710805996365,78.78392791748047
812,2015-03-27,0.41099621674025594,0.4144174941507224,0.4147797341687809,0.4105937135154952,0.11847523293822666,0.002938279982866554,0.0031797948019491873,0.001771001304721187,0.004548292881909555,0.015308087586898098,79.39312744140625
813,2015-03-30,0.41743626833642794,0.422266307033557,0.4230310502763763,0.4169130077021259,0.09604615913107224,0.006440051596172003,0.007848812882834622,0.008251316107595386,0.006319294186630742,-0.02242907380715442,80.89678192138672
814,2015-03-31,0.4196097728659099,0.41985128768499247,0.42190406701549843,0.41775827735834964,0.10219020366822372,0.002173504529481951,-0.002415019348564529,-0.0011269832608778452,0.0008452696562237239,0.006144044537151477,80.43412017822266
815,2015-04-01,0.41880476641638836,0.4155445096221655,0.41900601802876875,0.4130489638601965,0.09842724642403079,-0.0008050064495215281,-0.004306778062826977,-0.0028980489867296844,-0.004709313498153123,-0.003762957244192927,79.60904693603516
816,2015-04-02,0.4160677380459022,0.41663126188690647,0.41864377801071023,0.41381373931358123,0.07565270512906778,-0.002737028370486172,0.0010867522647409755,-0.0003622400180585128,0.000764775453384714,-0.022774541294963008,79.8172378540039
817,2015-04-06,0.413853970309718,0.4205757999316749,0.42287006187069803,0.4135319934983617,0.08164815083701939,-0.0022137677361842023,0.003944538044768409,0.0042262838599878005,-0.0002817458152195029,0.005995445707951602,80.57292175292969
818,2015-04-07,0.4200525392973729,0.41912677543831,0.42202479221447436,0.41912677543831,0.0679410775185837,0.006198568987654918,-0.00144902449336487,-0.0008452696562236683,0.005594781939948279,-0.01370707331843568,80.29531860351562
819,2015-04-08,0.41856328380787117,0.4179997599668669,0.4215820579935768,0.4165507676840674,0.07747286371475824,-0.0014892554895017396,-0.0011270154714431158,-0.0004427342208975782,-0.002576007754242604,0.009531786196174535,80.07939910888672
820,2015-04-09,0.41804002317356903,0.42017329670691417,0.4211392915621139,0.4163897470678239,0.07267353942154116,-0.0005232606343021362,0.002173536740047277,-0.0004427664314629043,-0.00016102061624351238,-0.004799324293217083,80.49578857421875
821,2015-04-10,0.4217027831925527,0.4214210373773333,0.42222604382685475,0.4184827573944667,0.07826409227576486,0.0036627600189836906,0.0012477406704191063,0.0010867522647408645,0.00209301032664283,0.005590552854223704,80.73483276367188
822,2015-04-13,0.41985128768499247,0.4157054980278437,0.4212197857649529,0.4157054980278437,0.10408094315634396,-0.0018514955075602524,-0.005715539349489596,-0.0010062580619018546,-0.0027772593666230416,0.025816850880579098,79.63987731933594
823,2015-04-14,0.4144577251468592,0.41558474061830236,0.4167922502925846,0.4124854722297577,0.08123582095895117,-0.005393562538133279,-0.00012075740954131664,-0.004427535472368294,-0.0032200257980860014,-0.022845122197392792,79.61672973632812
824,2015-04-15,0.4175972567421061,0.41775827735834964,0.419569541869773,0.4165507676840674,0.08256938566637509,0.003139531595246936,0.002173536740047277,0.0027772915771884232,0.004065295454309725,0.0013335647074239204,80.03315734863281
825,2015-04-16,0.41550424641546335,0.4182815057820864,0.4192877638439882,0.4147797341687809,0.12482358315832716,-0.0020930103266427746,0.0005232284237367546,-0.000281778025784829,-0.001771033515286513,0.04225419749195207,80.13336944580078
826,2015-04-17,0.4146187457631027,0.40934594063451074,0.41594701284692626,0.4059649264307465,0.2494874473653456,-0.000885500652360649,-0.008935565147575653,-0.0033407509970619365,-0.008814807738034391,0.12466386420701843,78.4215316772461
827,2015-04-20,0.4111572051459341,0.4128879754545184,0.4139344967231225,0.41091572253741687,0.11308526725478182,-0.003461540617168579,0.0035420348200076446,-0.0020125161238037648,0.004950796106670374,-0.13640218011056376,79.10009002685547
828,2015-04-21,0.4133307418859814,0.40785668514500895,0.4144577251468592,0.40660891226402446,0.11733113527947275,0.002173536740047277,-0.00503129030950944,0.0005232284237366991,-0.004306810273392414,0.00424586802469093,78.1362075805664
829,2015-04-22,0.40745418192024835,0.41131822576217764,0.4119622115954556,0.40660891226402446,0.1236757669874031,-0.0058765599657330525,0.00346154061716869,-0.002495513551403594,0.0,0.006344631707930343,78.79935455322266
830,2015-04-23,0.4104729561059539,0.4146187457631027,0.416349516071687,0.40942643483734986,0.12000198320649075,0.003018774185705564,0.003300520000925067,0.004387304476231424,0.002817522573325404,-0.0036737837809123486,79.43170166015625
831,2015-04-24,0.4144577251468592,0.41256596643259674,0.4147797341687809,0.4120024748021579,0.1002957102535317,0.003984769040905278,-0.0020527793305059605,-0.001569781902906131,0.002576039964808041,-0.019706272952959042,79.03838348388672
832,2015-04-27,0.4140954851288007,0.41272698704884025,0.4156652348211414,0.412163463207836,0.06931547503107614,-0.0003622400180585128,0.00016102061624351238,0.000885500652360538,0.00016098840567807526,-0.030980235222455563,79.06922912597656
833,2015-04-28,0.4143772309440201,0.41429673674118095,0.41586648643352186,0.4103119354897104,0.0782269425684649,0.0002817458152194474,0.001569749692340694,0.00020125161238043754,-0.0018515277181255785,0.00891146753738875,79.36998748779297
834,2015-04-29,0.41155970837069483,0.40950692904018887,0.4139344967231225,0.4087019548012327,0.10088635164375945,-0.002817522573325293,-0.004789807700992077,-0.0019319897103993733,-0.0016099806884776746,0.022659409075294554,78.45236206054688
835,2015-04-30,0.4087824490040719,0.40620640903926386,0.4103924619031149,0.405280645180201,0.1162241519136172,-0.0027772593666229306,-0.0033005200009250113,-0.003542034820007589,-0.0034213096210317095,0.015337800269857746,77.82006072998047
836,2015-05-01,0.4087824490040719,0.41256596643259674,0.41264646063543586,0.4082189251630675,0.07798176866604574,0.0,0.006359557393332882,0.002253998732320961,0.0029382799828664985,-0.038242383247571454,79.03838348388672
837,2015-05-04,0.4124854722297577,0.4128879754545184,0.41594701284692626,0.4118817173926165,0.0885128430327477,0.0037030232256857754,0.00032200902192164316,0.003300552211490393,0.0036627922295489612,0.010531074366701962,79.10009002685547
838,2015-05-05,0.41264646063543586,0.4087019548012327,0.4140954851288007,0.4076554335326286,0.08223879222724713,0.00016098840567818629,-0.00418602065328566,-0.0018515277181255785,-0.004226283859987856,-0.006274050805500572,78.29814910888672
839,2015-05-06,0.4111572051459341,0.40648815485448325,0.41155970837069483,0.4037511586945624,0.1424459310623258,-0.0014892554895017396,-0.002213799946749473,-0.0025357767581058455,-0.003904274838066213,0.06020713883507868,77.87403869628906
840,2015-05-07,0.40511965677452283,0.4065686812678877,0.40717243610502885,0.40310714065071906,0.16668036023529328,-0.006037548371411294,8.0526413404447e-05,-0.004387272265665987,-0.0006440180438433418,0.024234429172967475,77.88946533203125
841,2015-05-08,0.4114389509611535,0.41103644773639286,0.4124452090230554,0.4102717044935735,0.14692209894075525,0.006319294186630686,0.004467766468505163,0.00527277291802658,0.00716456384285441,-0.019758261294538032,78.74541473388672
842,2015-05-11,0.4144979883535614,0.4133307418859814,0.41614826445930664,0.4128074812516794,0.12558881754854428,0.0030590373924078706,0.0022942941495885383,0.0037030554362512125,0.002535776758105901,-0.021333281392210968,79.18492126464844
843,2015-05-12,0.41007045288119315,0.41180122318977747,0.41236471482021636,0.40833968257260883,0.09218290830148988,-0.004427535472368238,-0.0015295186962039353,-0.003783549639090278,-0.004467798679070545,-0.0334059092470544,78.89190673828125
844,2015-05-13,0.4149809857811612,0.42037454831929455,0.42355431091067836,0.4146992399659418,0.17131996557720164,0.0049105328999680675,0.008573325129517084,0.011189596090461995,0.006359557393332993,0.07913705727571176,80.53438568115234
845,2015-05-14,0.42206505542117656,0.42842461281450955,0.42898810444494845,0.42061603092781175,0.18374177943202383,0.007084069640015345,0.008050064495215004,0.005433793534270093,0.005916790961869922,0.012421813854822189,82.07655334472656
846,2015-05-15,0.4293503766735724,0.4300748567096894,0.4303566347354742,0.4269755883211447,0.203124825141392,0.007285321252395838,0.0016502438951798704,0.001368530290525749,0.0063595573933329375,0.019383045709368163,82.39273071289062
847,2015-05-18,0.4292698502601679,0.42975287989833305,0.4310811147715913,0.4290283676516507,0.11286984144972395,-8.05264134045025e-05,-0.00032197681135637257,0.0007244800361170811,0.002052779330506016,-0.09025498369166804,82.3310317993164
848,2015-05-19,0.42830385540496824,0.42588883605640376,0.4291893560573289,0.42516432380972136,0.09294442417953686,-0.0009659948551996589,-0.0038640438419292877,-0.0018917587142623926,-0.0038640438419293432,-0.019925417270187096,81.98854064941406
849,2015-05-20,0.4263316024878667,0.4275793431582859,0.42898810444494845,0.42504356640018004,0.1254402187193444,-0.0019722529171015135,0.0016905071018821216,-0.00020125161238043754,-0.00012075740954131664,0.032495794539807554,82.31399536132812
850,2015-05-21,0.4277805947706662,0.4281026037925879,0.42987360509730904,0.4269755883211447,0.09879870808262887,0.0014489922827994883,0.0005232606343020252,0.0008855006523605935,0.0019320219209646439,-0.026641510636715535,82.41473388671875
851,2015-05-22,0.42774033156396396,0.4263316024878667,0.4286660954230268,0.426009593465945,0.05415970478554809,-4.026320670225125e-05,-0.001771001304721187,-0.0012075096742822367,-0.0009659948551996589,-0.04463900329708079,82.07378387451172
852,2015-05-26,0.42468132638212147,0.42198456121833755,0.42532534442596487,0.4204952735182705,0.08106122795896178,-0.003059005181842489,-0.004347041269529173,-0.0033407509970619365,-0.00551431994767454,0.026901523173413697,81.23693084716797
853,2015-05-27,0.42323230188875666,0.42415806574781945,0.4249630721973409,0.4217430463992549,0.07769948047072822,-0.0014490244933648144,0.0021735045294818955,-0.0003622722286239499,0.0012477728809844324,-0.003361747488233563,81.65532684326172
854,2015-05-28,0.42403730833827813,0.42540583862880393,0.4257278476507255,0.42190406701549843,0.08941920381342276,0.0008050064495214726,0.001247772880984488,0.000764775453384603,0.00016102061624351238,0.01171972334269454,81.89554595947266
855,2015-05-29,0.42448007476974103,0.4194085212535295,0.42484231478779966,0.418603514804008,0.0882527950816479,0.0004427664314629043,-0.005997317375274425,-0.0008855328629258641,-0.0033005522114904484,-0.0011664087317748567,80.74100494384766
856,2015-06-01,0.4195292786630709,0.41884502962309056,0.42146130058403547,0.4166714928830434,0.0799319689344869,-0.004950796106670152,-0.0005634916304389503,-0.0033810142037641877,-0.0019320219209645884,-0.008320826147161009,80.63253784179688
857,2015-06-02,0.4184827573944667,0.42085754574689443,0.4231518076859175,0.4152225006002439,0.07259924000694122,-0.0010465212686041614,0.002012516123803876,0.0016905071018820106,-0.0014489922827994883,-0.007332728927545676,81.01996612548828
858,2015-06-03,0.4226285470516155,0.42254805284877645,0.42419832895452164,0.4198110244782903,0.05634392341989793,0.004145789657148791,0.0016905071018820106,0.0010465212686041614,0.004588523878046369,-0.016255316587043288,81.34542083740234
859,2015-06-04,0.4198110244782903,0.41747649933256487,0.42206505542117656,0.4163092528649848,0.09173714722829186,-0.0028175225733252374,-0.00507155351621158,-0.0021332735333450814,-0.003501771613305449,0.03539322380839393,80.36910247802734
860,2015-06-05,0.4173155109268867,0.41755702574596926,0.41884502962309056,0.4160677380459022,0.059207921493354486,-0.002495513551403594,8.052641340439148e-05,-0.0032200257980860014,-0.00024151481908263328,-0.03252922573493738,80.38457489013672
861,2015-06-08,0.4176777509449452,0.4156250038250045,0.4182815057820864,0.41558474061830236,0.05471687956624441,0.0003622400180585128,-0.0019320219209647549,-0.0005635238410041654,-0.00048299742759982944,-0.004491041927110077,80.01263427734375
862,2015-06-09,0.415906749640224,0.4168325134992869,0.41856328380787117,0.41550424641546335,0.05661877459087512,-0.001771001304721187,0.0012075096742824032,0.0002817780257847735,-8.049420283900988e-05,0.0019018950246307148,80.24510192871094
863,2015-06-10,0.4198110244782903,0.4217027831925527,0.4226688102583177,0.41723501672404756,0.0781229304709053,0.0039042748380662684,0.004870269693265816,0.004105526450446539,0.0017307703085842063,0.02150415588003017,81.18267822265625
864,2015-06-11,0.42355431091067836,0.42222604382685475,0.42355431091067836,0.42077705154405526,0.06061575020097673,0.003743286432388082,0.0005232606343020252,0.000885500652360649,0.0035420348200077,-0.017507180269928563,81.28340148925781
865,2015-06-12,0.42037454831929455,0.41880476641638836,0.421823540602094,0.4173557741335889,0.046422047589872895,-0.0031797625913838057,-0.0034212774104663835,-0.0017307703085843729,-0.0034212774104663835,-0.014193702611103837,80.62477111816406
866,2015-06-15,0.4153029948030829,0.416349516071687,0.41723501672404756,0.4118817173926165,0.10658835361988306,-0.005071553516211635,-0.002455250344701343,-0.004588523878046424,-0.0054740567409723995,0.060166306030010164,80.15211486816406
867,2015-06-16,0.4153029948030829,0.41900601802876875,0.4199317818878315,0.4149407547850244,0.06746560376242602,0.0,0.002656501957081725,0.0026967651637839207,0.003059037392407926,-0.039122749857457034,80.66354370117188
868,2015-06-17,0.4201330335002119,0.4194085212535295,0.4214210373773333,0.415463983208761,0.0991516125947778,0.004830038697129002,0.00040250322476076406,0.001489255489501795,0.0005232284237365881,0.03168600883235177,80.74100494384766
869,2015-06-18,0.41985128768499247,0.4247618205849605,0.4263316024878667,0.41985128768499247,0.08275141569070478,-0.0002817458152194474,0.005353299331430972,0.004910565110533449,0.0043873044762314795,-0.016400196904073017,81.77159881591797
870,2015-06-19,0.42351404770397605,0.42399707734214126,0.4262108450783254,0.4230310502763763,0.1033714510342776,0.0036627600189835796,-0.0007647432428192213,-0.00012075740954131664,0.0031797625913838057,0.020620035343572818,81.6243667602539
871,2015-06-22,0.4262510760744623,0.4241178347516825,0.42749884895544676,0.42081728254019213,0.0813101203735511,0.0027370283704862275,0.00012075740954126113,0.0012880038771213576,-0.002213767736184147,-0.02206133066072649,81.6476058959961
872,2015-06-23,0.4237555625230587,0.4216625521964159,0.42403730833827813,0.42069652513065087,0.06719811878698592,-0.002495513551403594,-0.0024552825552666135,-0.0034615406171686347,-0.00012075740954126113,-0.014112001586565184,81.1749267578125
873,2015-06-24,0.42162228898971366,0.41900601802876875,0.42367506832021956,0.41900601802876875,0.08539623403253167,-0.002133273533345026,-0.002656534167647162,-0.0003622400180585683,-0.0016905071018821216,0.01819811524554575,80.66354370117188
874,2015-06-25,0.42291029286683496,0.4160275070497654,0.42291029286683496,0.415463983208761,0.05384766849286931,0.001288003877121302,-0.002978510979003368,-0.000764775453384603,-0.0035420348200077556,-0.031548565539662364,80.09012603759766
875,2015-06-26,0.417516762539267,0.4167520192964478,0.4175972567421061,0.4153029948030829,0.07854641588548399,-0.0053935303275679525,0.0007245122466824072,-0.005313036124728832,-0.00016098840567807526,0.024698747392614677,80.2295913696289
876,2015-06-29,0.41429673674118095,0.40994969547165183,0.4151822373935416,0.4097887070659737,0.0794676507148397,-0.003220025798086057,-0.006802323824795953,-0.002415019348564529,-0.005514287737109214,0.000921234829355716,78.92007446289062
877,2015-06-30,0.41325021547257695,0.41043269289925166,0.4150614799840004,0.40882268000020866,0.08155529427597026,-0.0010465212686039949,0.00048299742759982944,-0.00012075740954120562,-0.0009660270657650405,0.002087643561130559,79.01302337646484
878,2015-07-01,0.4144979883535614,0.4139344967231225,0.41651050447736515,0.4124854722297577,0.08064889808089358,0.0012477728809844324,0.0035018038238708304,0.001449024493364759,0.0036627922295490167,-0.0009063961950766808,79.68717193603516
879,2015-07-02,0.4151420063974048,0.41260622963929894,0.41582625543738494,0.41131822576217764,0.06660751281115979,0.0006440180438433973,-0.0013282670838235533,-0.0006842490399802115,-0.001167246467580041,-0.014041385269733794,79.43150329589844
880,2015-07-06,0.4085409341849892,0.4120829690049969,0.4144174941507224,0.4079774425545504,0.08404411217865858,-0.006601072212415571,-0.0005232606343020252,-0.0014087612866625632,-0.0033407832076272626,0.017436599367498792,79.33074951171875
881,2015-07-07,0.412243957410675,0.4139344967231225,0.4144979883535614,0.40672966967356583,0.08783306359364099,0.0037030232256857754,0.0018515277181255785,8.049420283900988e-05,-0.0012477728809845434,0.0037889514149824083,79.68717193603516
882,2015-07-08,0.410553450308793,0.4064076606516442,0.4121232322116991,0.4055221599992836,0.08715328415453429,-0.0016905071018820106,-0.0075268360714783045,-0.0023747561418622776,-0.0012075096742822367,-0.0006797794391067008,78.2381820678711
883,2015-07-09,0.4118414541859144,0.4072529303078679,0.4134514670849574,0.4070919419021897,0.10106466315591899,0.001288003877121413,0.0008452696562237239,0.0013282348732582827,0.001569781902906131,0.0139113790013847,78.40091705322266
884,2015-07-10,0.4105132193126561,0.41220372641453823,0.41325021547257695,0.4088629432069109,0.0956263922286637,-0.0013282348732582827,0.004950796106670319,-0.00020125161238043754,0.001771001304721187,-0.0054382709272552815,79.35397338867188
885,2015-07-13,0.41594701284692626,0.4176777509449452,0.41808025416970596,0.4150614799840004,0.059753976151941945,0.005433793534270148,0.005474024530406962,0.004830038697129002,0.006198536777089481,-0.03587241607672176,80.40782165527344
886,2015-07-14,0.41747649933256487,0.4189255238259297,0.42025379090975323,0.4161884954554435,0.05360993161479047,0.0015294864856386092,0.001247772880984488,0.002173536740047277,0.0011270154714431158,-0.006144044537151477,80.64802551269531
887,2015-07-15,0.4189255238259297,0.41795952897073,0.42045504252213356,0.4168325134992869,0.10160699930233628,0.0014490244933648144,-0.0009659948551996589,0.00020125161238032652,0.0006440180438433973,0.047997067687545816,80.46204376220703
888,2015-07-16,0.4221858128307179,0.4168727444954237,0.4221858128307179,0.4146992399659418,0.17192916411387854,0.003260289004788197,-0.0010867844753063016,0.0017307703085843174,-0.0021332735333450814,0.07032216481154226,80.25282287597656
889,2015-07-17,0.4223065380296939,0.4248020837916628,0.42914912506119196,0.41969026706874896,0.20217015911690647,0.00012072519897604606,0.007929339296239069,0.0069633122304740835,0.004991027102807133,0.030240995003027932,81.7793197631836
890,2015-07-20,0.42544606962494075,0.42814286699929005,0.42983337410117217,0.4247618205849605,0.16799905089403658,0.003139531595246825,0.0033407832076272626,0.0006842490399802115,0.005071553516211524,-0.034171108222869895,82.4224624633789
891,2015-07-21,0.4267341057126275,0.4242385599506585,0.42826359219826604,0.42339332250500017,0.13834866186683475,0.0012880360876867392,-0.003904307048631539,-0.001569781902906131,-0.001368498079960312,-0.029650389027201823,81.67085266113281
892,2015-07-22,0.42407757154498044,0.4215820579935768,0.4247215573782584,0.420656294134514,0.11618331910854868,-0.002656534167647051,-0.002656501957081725,-0.0035420348200076446,-0.002737028370486172,-0.022165342758286077,81.15945434570312
893,2015-07-23,0.4217430463992549,0.4198915186811294,0.4245203379764434,0.4194487844602317,0.0880113396913989,-0.002334525145725519,-0.0016905393124473922,-0.00020121940181500042,-0.0012075096742822922,-0.028171979417149773,80.833984375
894,2015-07-24,0.4192877638439882,0.41365271869733766,0.42069652513065087,0.4117609599830752,0.10413296691232457,-0.0024552825552667246,-0.006238799983791732,-0.003823812845792529,-0.007687824477156491,0.016121627220925666,79.6329574584961
895,2015-07-27,0.410553450308793,0.4091044258154281,0.41075470192117336,0.4079774425545504,0.12226050125544054,-0.008734313535195215,-0.004548292881909555,-0.009941823209477507,-0.0037835174285248407,0.018127534343115967,78.7573471069336
896,2015-07-28,0.4133709728821182,0.4194085212535295,0.42069652513065087,0.4117609599830752,0.1459414033310786,0.0028175225733252374,0.010304095438101402,0.009941823209477507,0.0037835174285248407,0.02368090207563807,80.74100494384766
897,2015-07-29,0.4194085212535295,0.4248020837916628,0.426009593465945,0.4184022631916276,0.09557440388708473,0.006037548371411294,0.005393562538133279,0.005313068335294158,0.006641303208552385,-0.05036699944399388,81.7793197631836
898,2015-07-30,0.4227090412544545,0.42415806574781945,0.4257278476507255,0.42109906056597696,0.08218304995909637,0.0033005200009250113,-0.0006440180438433418,-0.0002817458152195029,0.002696797374349358,-0.013391353927988361,81.65532684326172
899,2015-07-31,0.42568758444402344,0.4228297986639959,0.4263316024878667,0.422346801236396,0.07351303781195662,0.0029785431895689163,-0.0013282670838235533,0.0006037548371412016,0.0012477406704190508,-0.00867001214713975,81.39965057373047
900,2015-08-03,0.4227090412544545,0.4214210373773333,0.4227090412544545,0.4182010115792473,0.08722382964256245,-0.0029785431895689163,-0.0014087612866626187,-0.0036225612334122026,-0.004145789657148735,0.013710791830605834,81.12843322753906
901,2015-08-04,0.4215015637907377,0.42109906056597696,0.4242385599506585,0.4189657870326319,0.10683352752230221,-0.0012074774637167995,-0.00032197681135631706,0.0015295186962039908,0.000764775453384603,0.019609697879739763,81.06646728515625
902,2015-08-05,0.4246410631754193,0.425566827034482,0.42774033156396396,0.42363480511351737,0.07265866537286053,0.0031394993846815544,0.004467766468505052,0.003501771613305449,0.00466901808088549,-0.03417486214944168,81.9265365600586
903,2015-08-06,0.4258485728497015,0.42580834185356464,0.4278610889735053,0.4242385599506585,0.07892159605625224,0.0012075096742822367,0.00024151481908263328,0.00012075740954131664,0.0006037548371411461,0.006262930683391704,81.97306060791016
904,2015-08-07,0.42528508121926256,0.42448007476974103,0.4264120966907058,0.42258831605547864,0.06767359254314359,-0.0005634916304389503,-0.0013282670838236088,-0.0014489922827994883,-0.0016502438951798704,-0.011248003513108645,81.71735382080078
905,2015-08-10,0.4284648438106464,0.4318861212211128,0.43232888765257577,0.42798184638304654,0.08230937312967691,0.003179762591383861,0.007406046451371773,0.005916790961869978,0.005393530327567897,0.014635780586533323,83.14311218261719
906,2015-08-11,0.427096345730686,0.4241178347516825,0.42850510701734856,0.420656294134514,0.12014682810911885,-0.001368498079960423,-0.0077682864694302856,-0.003823780635227203,-0.007325552248532541,0.03783745497944194,81.6476058959961
907,2015-08-12,0.42379582572976093,0.4248020837916628,0.42576807864686245,0.41711425931450635,0.135796700086057,-0.003300520000925067,0.000684249039980267,-0.0027370283704861165,-0.0035420348200076446,0.015649871976938137,81.7793197631836
908,2015-08-13,0.42254805284877645,0.4247215573782584,0.4262510760744623,0.42109906056597696,0.07697883281215138,-0.001247772880984488,-8.052641340439148e-05,0.00048299742759982944,0.003984801251470604,-0.0588178672739056,81.76383972167969
909,2015-08-14,0.42528508121926256,0.4269755883211447,0.42749884895544676,0.424399580566902,0.05858013039582677,0.0027370283704861165,0.002254030942886287,0.001247772880984488,0.003300520000925067,-0.018398702416324617,82.19776916503906
910,2015-08-17,0.4248825779945019,0.4277805947706662,0.42806234058588566,0.42146130058403547,0.0847721614471741,-0.00040250322476065303,0.0008050064495215281,0.0005634916304388948,-0.002938279982866554,0.026192031051347334,82.35272979736328
911,2015-08-18,0.4257278476507255,0.42749884895544676,0.4293503766735724,0.42492284120120405,0.1273012809389066,0.0008452696562236128,-0.0002817458152194474,0.0012880360876867392,0.003461540617168579,0.042529119491732506,82.7015609741211
912,2015-08-19,0.4246410631754193,0.422789567667859,0.42661334830308617,0.421823540602094,0.0924763874477195,-0.0010867844753062461,-0.004709281287587741,-0.0027370283704862275,-0.0030993005991100664,-0.034824893491187114,81.79053497314453
913,2015-08-20,0.4189657870326319,0.413129490273601,0.41985128768499247,0.4129684696573575,0.14850823916053701,-0.0056752761427874,-0.009660077394258004,-0.0067620606180937015,-0.008855070944736476,0.05603185171281752,79.92173767089844
914,2015-08-21,0.41003018967449095,0.3979953561383706,0.41075470192117336,0.3978745987288293,0.2732538398064957,-0.008935597358140923,-0.015134134135230404,-0.00909658576381911,-0.015093870928528208,0.12474560064595869,76.99397277832031
915,2015-08-24,0.3716313627059761,0.38350524004698355,0.3964255742354645,0.35017793438411493,0.28564594097835827,-0.038398826968514876,-0.014490116091387062,-0.014329127685708876,-0.04769666434471437,0.012392101171862568,74.19081115722656
916,2015-08-25,0.39586208260502553,0.3780714143021481,0.39662682584784487,0.37758841687454825,0.22605168377772505,0.024230719899049458,-0.005433825744835474,0.00020125161238038203,0.02741048249043332,-0.059594257200633216,73.13961029052734
917,2015-08-26,0.3874900090878889,0.3937690722783828,0.3939703238907631,0.38278072780030115,0.19555064082359733,-0.008372073517136647,0.015697657976234736,-0.0026565019570817805,0.0051923109257528965,-0.030501042954127727,76.1763916015625
918,2015-08-27,0.39904184519640934,0.40206061938211496,0.4045159019373817,0.39594257680786465,0.18704038304216794,0.011551836108520452,0.008291547103732144,0.010545578046618598,0.013161849007563509,-0.008510257781429387,77.78044128417969
919,2015-08-28,0.40057136389261333,0.402583880016417,0.40350964387547983,0.3989211199974334,0.1283896717439114,0.0015295186962039908,0.0005232606343020252,-0.0010062580619018546,0.0029785431895687497,-0.05865071129825655,77.88166046142578
920,2015-08-31,0.40093363612123717,0.3995651058307114,0.40403290450978185,0.3988808567907312,0.15756830552712567,0.0003622722286238389,-0.003018774185705564,0.0005232606343020252,-4.026320670219574e-05,0.02917863378321428,77.29766082763672
921,2015-09-01,0.3903477948679163,0.3862422362069044,0.3921992903754766,0.3840687316774224,0.15883500784428997,-0.010585841253320849,-0.013322869623807021,-0.011833614134305281,-0.014812125113308816,0.0012667023171643033,74.72029876708984
922,2015-09-02,0.39054904648029676,0.39449358452506517,0.39449358452506517,0.3884560039430885,0.14186644520860853,0.00020125161238043754,0.008251348318160767,0.002294294149588594,0.004387272265666098,-0.016968562635681445,76.31653594970703
923,2015-09-03,0.3965463316450058,0.3967475832573861,0.4011348877336175,0.39594257680786465,0.11605699593796813,0.005997285164709043,0.002253998732320961,0.006641303208552329,0.007486572864776164,-0.025809449270640397,76.75260162353516
924,2015-09-04,0.3916760297411745,0.3887780129650102,0.3932458116440807,0.38664473943166516,0.13572240067145705,-0.004870301903831309,-0.007969570292375938,-0.007889076089536817,-0.009297837376199491,0.01966540473348892,75.21086120605469
925,2015-09-08,0.39771361032315117,0.4017386425707587,0.40177887356689546,0.3960230710107037,0.13799947586685601,0.006037580581976676,0.012960629605748508,0.008533061922814777,0.009378331579038557,0.0022770751953989643,77.71813201904297
926,2015-09-09,0.4042743871182991,0.3979148619355315,0.40660891226402446,0.3970293290726056,0.12234220227997918,0.006560776795147938,-0.003823780635227203,0.004830038697129002,0.0010062580619018546,-0.015657273586876838,76.9784164428711
927,2015-09-10,0.39735133809452733,0.4006921213021546,0.40310714065071906,0.3954998103764017,0.13090448381738917,-0.006923049023771777,0.002777259366623097,-0.0035017716133053933,-0.0015295186962038798,0.008562281537409996,77.5157241821289
928,2015-09-11,0.4003701122802329,0.400973867117374,0.4010543613202131,0.3961840916269473,0.09498376249685697,0.003018774185705564,0.0002817458152193919,-0.0020527793305059605,0.0006842812505455931,-0.0359207213205322,77.57020568847656
929,2015-09-14,0.40254364902028017,0.399363854218331,0.40254364902028017,0.39819660775075094,0.09305587330143676,0.002173536740047277,-0.0016100128990430007,0.0014892877000670657,0.0020125161238036537,-0.0019278891954202099,77.25873565673828
930,2015-09-15,0.4010543613202131,0.40379138969069933,0.40548189679258134,0.3996053690374136,0.11136168374231065,-0.0014892877000670657,0.004427535472368349,0.0029382477723011724,0.0014087612866626742,0.018305810440873885,78.1152572631836
931,2015-09-16,0.405280645180201,0.4063674296555074,0.4070516786954875,0.40403290450978185,0.12048857708475728,0.0042262838599879116,0.002576039964808041,0.001569781902906131,0.004427535472368238,0.009126893342446638,78.61360931396484
932,2015-09-17,0.40624667224596595,0.40463665934692294,0.4117207289869384,0.4037511586945624,0.1003477340095123,0.0009660270657649295,-0.0017307703085844284,0.004669050291450927,-0.0002817458152194474,-0.020140843075244982,78.27877044677734
933,2015-09-18,0.3996456000335505,0.3946143097240411,0.39992737805933537,0.39344706325646106,0.1820441546759405,-0.00660107221241546,-0.010022349622881843,-0.01179335092760303,-0.010304095438101346,0.08169642066642821,76.33990478515625
934,2015-09-21,0.3951778335650454,0.3934068000497588,0.3968280774602252,0.3912332955202769,0.09967907469251445,-0.004467766468505108,-0.0012075096742822922,-0.0030993005991101774,-0.002213767736184147,-0.08236507998342606,76.1063232421875
935,2015-09-22,0.3875302722945911,0.38656424522882604,0.3880132697221909,0.3832637252279009,0.17018698804055657,-0.007647561270454295,-0.006842554820932767,-0.00881480773803428,-0.007969570292375994,0.07050791334804211,74.7825927734375
936,2015-09-23,0.38728875747550845,0.3807279484697952,0.3882145213345713,0.37887642075166955,0.2123260533128402,-0.00024151481908263328,-0.005836296759030857,0.00020125161238038203,-0.004387304476231368,0.04213906527228364,73.6535415649414
937,2015-09-24,0.37694443104127023,0.376823673631729,0.3781519407155525,0.36925660656411374,0.20710696211721458,-0.010344326434238216,-0.003904274838066213,-0.010062580619018768,-0.009619814187555809,-0.005219091195625636,72.89820098876953
938,2015-09-25,0.3814121975097754,0.3764211704069682,0.38153295491931666,0.3744891484860035,0.14481586281877387,0.004467766468505163,-0.00040250322476076406,0.003381014203764132,0.005232541921889766,-0.062291099298440705,72.82036590576172
939,2015-09-28,0.3736438788297798,0.36865285172697265,0.3758979097726662,0.3685723575241336,0.16206674906417443,-0.007768318679995612,-0.007768318679995556,-0.005635045146650475,-0.005916790961869922,0.017250886245400554,71.31756591796875
940,2015-09-29,0.3701823704231766,0.3723961381593607,0.37473066330508614,0.3691358491545725,0.12822995279260263,-0.0034615084066031976,0.0037432864323880266,-0.001167246467580041,0.0005634916304388948,-0.033836796271571795,72.04171752929688
941,2015-09-30,0.37694443104127023,0.38113045169455595,0.38173420653169704,0.3762601497907247,0.1633780026985774,0.006762060618093646,0.00873431353519527,0.007003543226610898,0.007124300636152214,0.03514804990597478,73.73139190673828
942,2015-10-01,0.3813317033069363,0.38121094589739496,0.38672526584506955,0.3767431794288899,0.1231334308409858,0.004387272265666042,8.049420283900988e-05,0.0049910593133725145,0.00048302963816521105,-0.040244571857591616,73.74694061279297
943,2015-10-02,0.37581741556982706,0.3885767613526298,0.3888585071678493,0.37436839107646225,0.14180701984268923,-0.005514287737109214,0.007365815455234848,0.0021332413227797553,-0.002374788352427659,0.018673589001703433,75.17191314697266
944,2015-10-05,0.3907502980926771,0.39598284001456685,0.39819660775075094,0.3900257858459947,0.13768372106200708,0.014932882522850022,0.007406078661937043,0.009338100582901632,0.01565739476953243,-0.004123298780682155,76.60466003417969
945,2015-10-06,0.39598284001456685,0.39529859097458664,0.39880036258789214,0.39505707615550406,0.09679651947260873,0.005232541921889766,-0.0006842490399802115,0.0006037548371412016,0.005031290309509384,-0.04088720158939835,76.4722900390625
946,2015-10-07,0.3985991109755118,0.40045060648307196,0.4039121471002406,0.39751235871077084,0.11074876669346356,0.0026162709609449664,0.005152015508485319,0.0051117845123484495,0.00245528255526678,0.013952247220854835,77.46898651123047
947,2015-10-08,0.3987600993811899,0.4068101638764049,0.40813843096022845,0.3985991109755118,0.11457858632791611,0.00016098840567807526,0.0063595573933329375,0.004226283859987856,0.0010867522647409755,0.0038298196344525443,78.69924926757812
948,2015-10-09,0.40701141548878533,0.40717243610502885,0.41099621674025594,0.4065686812678877,0.12301086159697702,0.008251316107595441,0.0003622722286239499,0.0028577857800274886,0.007969570292375883,0.008432275269060915,78.76934051513672
949,2015-10-12,0.4076956645287655,0.4085409341849892,0.4092654464316716,0.4058844000173421,0.06545594271366394,0.000684249039980156,0.0013684980799603674,-0.0017307703085843174,-0.0006842812505455931,-0.057554918883313086,79.0340576171875
950,2015-10-13,0.40524041418406415,0.40177887356689546,0.406890658079244,0.40137637034213486,0.13596385606170605,-0.002455250344701343,-0.006762060618093757,-0.0023747883524276037,-0.004508029675207248,0.07050791334804211,77.72591400146484
951,2015-10-14,0.40193989418313897,0.3954998103764017,0.402503385813578,0.3954193161735626,0.1319111735978553,-0.003300520000925178,-0.006279063190493761,-0.004387272265666042,-0.005957054168572284,-0.0040526824638507375,76.51122283935547
952,2015-10-15,0.3977941045259903,0.3964658374421667,0.3977941045259903,0.39207853296593537,0.22355546426509804,-0.00414578965714868,0.000966027065764985,-0.0047092812875876855,-0.003340783207627207,0.09164429066724272,76.69810485839844
953,2015-10-16,0.402503385813578,0.39054904648029676,0.40592466322404436,0.3837064916593639,0.46972571545944874,0.0047092812875876855,-0.005916790961869922,0.008130558698054069,-0.008372041306571487,0.2461702511943507,75.553466796875
954,2015-10-19,0.3895830194145317,0.39115280131743785,0.3925615626041004,0.3884157729469517,0.22094776021616952,-0.012920366399046257,0.0006037548371410906,-0.013363100619943946,0.0047092812875877965,-0.24877795524327923,75.6702651977539
955,2015-10-20,0.3912332955202769,0.3955803367898061,0.3978343355221271,0.3912332955202769,0.17270551862620453,0.0016502761057451965,0.004427535472368238,0.005272772918026691,0.0028175225733252374,-0.048242241589964985,76.52677917480469
956,2015-10-21,0.3979550929316684,0.39755258970690766,0.4021411457955194,0.3953790851774258,0.13495344776906976,0.006721797411391506,0.001972252917101569,0.004306810273392303,0.004145789657148902,-0.03775207085713478,76.90833282470703
957,2015-10-22,0.3995651058307114,0.4128879754545184,0.41417597933163974,0.3995651058307114,0.16404666201557525,0.0016100128990430007,0.01533538574761073,0.012034833536120337,0.004186020653285605,0.02909321424650549,79.87503051757812
958,2015-10-23,0.41582625543738494,0.4151017431907025,0.4177985083544865,0.41091572253741687,0.15262778401464738,0.01626114960667352,0.0022137677361840913,0.0036225290228467655,0.011350616706705452,-0.011418878000927862,80.30330657958984
959,2015-10-26,0.4162689896582825,0.4136929819040399,0.4162689896582825,0.4127672180449771,0.0706453212263299,0.0004427342208975782,-0.0014087612866625632,-0.0015295186962039908,0.0018514955075602524,-0.08198246278831749,80.03076934814453
960,2015-10-27,0.4128879754545184,0.41236471482021636,0.41453825156026364,0.41067420771833435,0.09110195452082544,-0.003381014203764132,-0.0013282670838235533,-0.0017307380980188802,-0.0020930103266427746,0.02045663329449554,79.77381134033203
961,2015-10-28,0.41260622963929894,0.4169130077021259,0.41719475351734536,0.4113987199650167,0.0934570476429945,-0.0002817458152194474,0.004548292881909555,0.002656501957081725,0.0007245122466823517,0.002355093122169069,80.65367889404297
962,2015-10-29,0.4155445096221655,0.41433699994788326,0.41795952897073,0.4118817173926165,0.11623530745012767,0.002938279982866554,-0.0025760077542426596,0.0007647754533846585,0.00048299742759977393,0.02277825980713316,80.15534973144531
963,2015-10-30,0.4157457612345459,0.4157054980278437,0.418603514804008,0.41433699994788326,0.1085905422299032,0.00020125161238038203,0.001368498079960423,0.0006439858332779602,0.00245528255526678,-0.0076447652202244615,80.42008972167969
964,2015-11-02,0.4156652348211414,0.41932802705069044,0.42001227609067066,0.4145784825564005,0.0910276551062255,-8.0526413404447e-05,0.0036225290228467655,0.0014087612866626742,0.00024148260851725167,-0.017562887123677706,81.12090301513672
965,2015-11-03,0.4184827573944667,0.41719475351734536,0.4194487844602317,0.41614826445930664,0.09161829649645324,0.002817522573325293,-0.0021332735333450814,-0.0005634916304389503,0.001569781902906131,0.0005906413902277419,80.70819854736328
966,2015-11-04,0.4173557741335889,0.4160677380459022,0.4194890154563685,0.41542375221262423,0.07208661654348357,-0.0011269832608778452,-0.0011270154714431713,4.0230996136814134e-05,-0.0007245122466824072,-0.01953167995296967,80.49018096923828
967,2015-11-05,0.41610800125260444,0.416993501904965,0.4182815057820864,0.4140149909259615,0.08261765549578391,-0.0012477728809844324,0.0009257638590627892,-0.0012075096742821256,-0.0014087612866627297,0.010531038952300342,80.66927337646484
968,2015-11-06,0.4140552219220984,0.418603514804008,0.418603514804008,0.4130087328640597,0.09119852959404472,-0.002052779330506016,0.0016100128990430007,0.00032200902192158765,-0.0010062580619017991,0.008580874098260804,80.98072052001953
969,2015-11-09,0.4159872438430631,0.41341123608882047,0.417073996107804,0.410633944511632,0.12163642867008298,0.0019320219209646994,-0.005192278715187515,-0.0015295186962039908,-0.0023747883524277147,0.030437899076038263,79.97624206542969
970,2015-11-10,0.41164020257353395,0.412163463207836,0.4140149909259615,0.40777619094216994,0.10242794054630255,-0.004347041269529173,-0.001247772880984488,-0.003059005181842489,-0.0028577535694620515,-0.019208488123780426,79.73487091064453
971,2015-11-11,0.4140954851288007,0.4156250038250045,0.41912677543831,0.41236471482021636,0.08557082703252104,0.0024552825552667246,0.0034615406171685237,0.005111784512348505,0.004588523878046424,-0.01685711351378151,80.40452575683594
972,2015-11-12,0.4124049780269185,0.41043269289925166,0.413129490273601,0.40906419481929135,0.12920317596353734,-0.0016905071018821771,-0.005192310925752841,-0.0059972851647089875,-0.0033005200009250113,0.04363234893101629,79.40005493164062
973,2015-11-13,0.4095471922468911,0.40685042708310715,0.41260622963929894,0.4056831484049617,0.09086793615491676,-0.0028577857800273776,-0.0035822658161445142,-0.0005232606343020807,-0.003381046414329625,-0.03833523980862058,78.70701599121094
974,2015-11-16,0.40685042708310715,0.4144174941507224,0.41453825156026364,0.4063674296555074,0.08535164730089138,-0.0026967651637839762,0.00756706706761523,0.0019320219209646994,0.0006842812505456486,-0.005516288854025372,80.17091369628906
975,2015-11-17,0.4153029948030829,0.4117207289869384,0.4153029948030829,0.4103119354897104,0.09003583937444001,0.008452567719975768,-0.0026967651637839762,0.0007647432428192769,0.003944505834203027,0.004684192073548629,80.11216735839844
976,2015-11-18,0.4130489638601965,0.41884502962309056,0.4192072696411491,0.412243957410675,0.09419625244802052,-0.002254030942886398,0.007124300636152159,0.003904274838066213,0.0019320219209645884,0.0041604130735805045,81.49839782714844
977,2015-11-19,0.41965003607261203,0.422789567667859,0.4233530592982979,0.41888526061922743,0.12662150149979992,0.006601072212415515,0.003944538044768464,0.004145789657148791,0.00664130320855244,0.0324252490517794,82.26594543457031
978,2015-11-20,0.42419832895452164,0.42516432380972136,0.4272171031402273,0.42403730833827813,0.09516951103335683,0.00454829288190961,0.002374756141862333,0.0038640438419293988,0.005152047719050701,-0.03145199046644309,82.72804260253906
979,2015-11-23,0.4248825779945019,0.42097830315643564,0.42637183348400354,0.41795952897073,0.1164396131330767,0.000684249039980267,-0.004186020653285716,-0.0008452696562237794,-0.0060777793675481084,0.02127010209971987,81.91351318359375
980,2015-11-24,0.41578599223068274,0.4152627315963807,0.4177985083544865,0.41091572253741687,0.21356300753264323,-0.009096585763819165,-0.005715571560054922,-0.008573325129517029,-0.007043806433313149,0.09712339439956653,80.80137634277344
981,2015-11-25,0.41651050447736515,0.41711425931450635,0.41824127478594947,0.41421624253834194,0.13837465603762425,0.0007245122466824072,0.001851527718125634,0.0004427664314629598,0.003300520000925067,-0.07518835149501898,81.16165924072266
982,2015-11-27,0.41723501672404756,0.41884502962309056,0.420213527703051,0.4163092528649848,0.04252168246739219,0.0007245122466824072,0.0017307703085842063,0.0019722529171015135,0.0020930103266428857,-0.09585297357023206,81.49839782714844
983,2015-11-30,0.4198110244782903,0.4184022631916276,0.42077705154405526,0.4178790025573255,0.10752074398574925,0.002576007754242715,-0.0004427664314629598,0.0005635238410042764,0.001569749692340694,0.06499906151835705,81.4122543334961
984,2015-12-01,0.4182010115792473,0.4192072696411491,0.42371533152692187,0.4176777509449452,0.12126868552365505,-0.0016100128990430007,0.0008050064495215281,0.0029382799828666095,-0.00020125161238032652,0.013747941537905803,81.56891632080078
985,2015-12-02,0.41824127478594947,0.4149809857811612,0.4197707934821534,0.41425647353447886,0.09223121354530033,4.026320670219574e-05,-0.0042262838599879116,-0.003944538044768464,-0.003421277410466328,-0.029037471978354726,80.7465591430664
986,2015-12-03,0.4162287586621457,0.412163463207836,0.4173155109268867,0.409989958678354,0.10039972235109129,-0.0020125161238037648,-0.0028175225733252374,-0.0024552825552667246,-0.004266514856124837,0.008168508805790967,80.19832611083984
987,2015-12-04,0.4136929819040399,0.42081728254019213,0.42146130058403547,0.41220372641453823,0.13194460479298512,-0.00253577675810579,0.00865381933235615,0.004145789657148791,0.0022137677361842023,0.03154488244189382,81.8822021484375
988,2015-12-07,0.42081728254019213,0.41932802705069044,0.42202479221447436,0.41703376511166723,0.0853776768860825,0.007124300636152214,-0.001489255489501684,0.0005634916304388948,0.004830038697129002,-0.046566927906902617,81.59239196777344
989,2015-12-08,0.4146992399659418,0.41320998447644003,0.4168325134992869,0.4121232322116991,0.10073775281455957,-0.006118042574250304,-0.006118042574250415,-0.005192278715187459,-0.004910532899968123,0.015360075928477074,80.40196228027344
990,2015-12-09,0.41095595353355374,0.41011071608789534,0.4167922502925846,0.4081786941669307,0.09155143410619362,-0.003743286432388082,-0.0030992683885446848,-4.0263206702306764e-05,-0.003944538044768409,-0.009186318708365948,79.7989273071289
991,2015-12-10,0.4111974683526364,0.4095874554535934,0.4119219805993187,0.40773592773546774,0.10446727886362268,0.00024151481908263328,-0.0005232606343019697,-0.004870269693265872,-0.0004427664314629598,0.01291584475742906,79.69710540771484
992,2015-12-11,0.4035901380783189,0.3953790851774258,0.40648815485448325,0.3940910813003044,0.20630085950752733,-0.007607330274317481,-0.014208370276167559,-0.005433825744835474,-0.013644846435163338,0.10183358064390464,76.93244171142578
993,2015-12-14,0.39582181939832334,0.3983978593631314,0.39871986838505297,0.39308482323840244,0.21400876860584125,-0.007768318679995556,0.003018774185705564,-0.0077682864694302856,-0.0010062580619019657,0.007707909098313925,77.51983642578125
994,2015-12-15,0.4002091238745548,0.39634508003262536,0.4023021342011976,0.39598284001456685,0.18893112253028815,0.0043873044762314795,-0.002052779330506016,0.0035822658161446252,0.0028980167761644138,-0.0250776460755531,77.12040710449219
995,2015-12-16,0.40946669804405195,0.4189255238259297,0.420213527703051,0.40773592773546774,0.2734432714407641,0.00925757416949713,0.022580443793304317,0.01791139350185339,0.01175308772090089,0.08451214891047593,81.51409149169922
996,2015-12-17,0.4194085212535295,0.41180122318977747,0.420736788337353,0.41159997157739703,0.13919187876942038,0.009941823209477563,-0.007124300636152214,0.0005232606343020252,0.0038640438419292877,-0.1342513926713437,80.12785339355469
997,2015-12-18,0.41091572253741687,0.4098692012688128,0.41453825156026364,0.40833968257260883,0.20389749655594944,-0.008492798716112637,-0.0019320219209646439,-0.0061985367770893696,-0.003260289004788197,0.06470561778652906,79.75192260742188
998,2015-12-21,0.4134514670849574,0.4129684696573575,0.4175972567421061,0.4102717044935735,0.11376508210829016,0.0025357445475405194,0.0030992683885446848,0.003059005181842489,0.0019320219209646439,-0.09013241444765928,80.35496520996094
999,2015-12-22,0.41429673674118095,0.41924753284785143,0.4204952735182705,0.41260622963929894,0.09480545098469743,0.0008452696562235573,0.006279063190493928,0.0028980167761643583,0.0023345251457254634,-0.018959631123592724,81.57673645019531
1000,2015-12-23,0.4213808063811964,0.42246755864593744,0.4239165509287369,0.4195292786630709,0.13559611291527812,0.007084069640015456,0.0032200257980860014,0.003421277410466439,0.006923049023771943,0.04079066193058069,82.20330047607422
1001,2015-12-24,0.4221052864173135,0.4212197857649529,0.42258831605547864,0.4205355367249727,0.029490670075893063,0.0007244800361170811,-0.0012477728809845434,-0.0013282348732582827,0.0010062580619017991,-0.10610544283938506,81.96051788330078
1002,2015-12-28,0.4195292786630709,0.4199317818878315,0.42109906056597696,0.4179192657640279,0.05330905085862217,-0.002576007754242604,-0.001288003877121413,-0.001489255489501684,-0.0026162709609448,0.023818380782729107,81.70989227294922
1003,2015-12-29,0.42343355350113704,0.42399707734214126,0.4255265960383452,0.419569541869773,0.07480205120214187,0.0039042748380661574,0.004065295454309781,0.004427535472368238,0.001650276105745141,0.021493000343519697,82.50090789794922
1004,2015-12-30,0.4242385599506585,0.42045504252213356,0.424399580566902,0.41936829025739264,0.08265480520308388,0.0008050064495214726,-0.0035420348200077,-0.0011270154714431713,-0.00020125161238038203,0.007852754000942014,81.81169891357422
1005,2015-12-31,0.41888526061922743,0.4168727444954237,0.42093803994973344,0.41651050447736515,0.07724256386101973,-0.005353299331431083,-0.0035822980267098403,-0.003461540617168579,-0.0028577857800274886,-0.005412241342064153,81.11466217041016
1006,2016-01-04,0.409023931612589,0.4128477122478162,0.413129490273601,0.40648815485448325,0.12410665401192049,-0.009861329006638442,-0.0040250322476075295,-0.007808549676132426,-0.010022349622881899,0.04686409015090076,80.33148193359375
1007,2016-01-05,0.413129490273601,0.4162287586621457,0.4169532709088281,0.41164020257353395,0.0948611932528482,0.004105558661012032,0.003381046414329514,0.003823780635227092,0.005152047719050701,-0.029245460759072292,80.98937225341797
1008,2016-01-06,0.41111697414979725,0.411519477374558,0.41256596643259674,0.40846043998215015,0.08623945093511727,-0.0020125161238037648,-0.0047092812875876855,-0.004387304476231368,-0.0031797625913838057,-0.008621742317730927,80.07302856445312
1009,2016-01-07,0.40467689034305987,0.3994041174250333,0.40697118449264846,0.3973111070983904,0.1270598255486576,-0.0064400838067373845,-0.012115359949524729,-0.005594781939948279,-0.011149332883759744,0.040820374613540336,77.71564483642578
1010,2016-01-08,0.40218137679165633,0.3961840916269473,0.40387188389353834,0.3951778335650454,0.1495966299655418,-0.0024955135514035387,-0.0032200257980860014,-0.003099300599110122,-0.002133273533345026,0.022536804416884187,77.08908081054688
1011,2016-01-11,0.397753841319288,0.396143828420245,0.40016886066785246,0.3921992903754766,0.11629101430387681,-0.004427535472368349,-4.0263206702306764e-05,-0.0037030232256858864,-0.0029785431895688053,-0.03330561566166498,77.08126068115234
1012,2016-01-12,0.3994443484211701,0.39916260260595066,0.4008531097078327,0.3937690722783828,0.11688909271844489,0.0016905071018821216,0.003018774185705675,0.000684249039980267,0.001569781902906242,0.0005980784145680762,77.66864013671875
1013,2016-01-13,0.40149712775167606,0.39083079229551615,0.4021008825888172,0.3893012735993123,0.11081934759589335,0.0020527793305059605,-0.008331810310434506,0.001247772880984488,-0.004467798679070489,-0.00606974512255154,76.04743194580078
1014,2016-01-14,0.3917967871507158,0.39743183229736634,0.40041037548693514,0.3884962671497908,0.20259736304365533,-0.009700340600960256,0.006601040001850189,-0.001690507101882066,-0.0008050064495215281,0.09177801544776198,77.33184814453125
1015,2016-01-15,0.38765099749356696,0.39147477812879417,0.3928030452126177,0.38600075359838715,0.1788421261390157,-0.004145789657148846,-0.005957054168572173,-0.007607330274317425,-0.0024955135514036497,-0.023755236904639626,76.17273712158203
1016,2016-01-19,0.396143828420245,0.39175655615457894,0.39666708905454706,0.3872484942688063,0.138775830379182,0.008492830926678019,0.0002817780257847735,0.0038640438419293432,0.0012477406704191618,-0.0400662957598337,76.22758483886719
1017,2016-01-20,0.38435047749264195,0.38736925167834757,0.3899855226392924,0.3771859136497875,0.1844512715540902,-0.01179335092760303,-0.004387304476231368,-0.006681566415254636,-0.010062580619018824,0.04567544117490818,75.37390899658203
1018,2016-01-21,0.3897037768240729,0.3887377819688733,0.3930042968249981,0.38596049039168495,0.11300728474241335,0.005353299331430972,0.001368530290525749,0.003018774185705675,0.008774576741897466,-0.07144398681167684,75.64019775390625
1019,2016-01-22,0.39501681294880187,0.39372880907168045,0.39658659485170794,0.3895025252116926,0.11850866413335646,0.005313036124728943,0.004991027102807133,0.0035822980267098403,0.0035420348200076446,0.005501379390943112,76.61136627197266
1020,2016-01-25,0.39276281421648085,0.3883352787441126,0.3933263058469198,0.3878925123126496,0.09033300161843816,-0.0022539987323210164,-0.0053935303275678415,-0.0032602890047881417,-0.0016100128990430007,-0.028175662514918307,75.56187438964844
1021,2016-01-26,0.38942203100885353,0.39650610064886893,0.3970293290726056,0.3879730065154887,0.12101607459689558,-0.003340783207627318,0.00817082190475632,0.0037030232256857754,8.04942028391209e-05,0.030683072978457418,77.1517333984375
1022,2016-01-27,0.3935275574593001,0.39026726845451193,0.39759285291360985,0.3876912607002693,0.18796905489586396,0.004105526450446595,-0.006238832194357002,0.0005635238410042764,-0.0002817458152193919,0.06695298029896839,75.93779754638672
1023,2016-01-28,0.3941313122964413,0.39433256390882165,0.39666708905454706,0.39083079229551615,0.16713724143060016,0.0006037548371412016,0.004065295454309725,-0.0009257638590627892,0.003139531595246825,-0.020831813465263804,76.72882080078125
1024,2016-01-29,0.40648815485448325,0.415383489005922,0.4163092528649848,0.40202038838597814,0.24664947887708016,0.012356842558041925,0.021050925097100326,0.019642163810437763,0.011189596090461995,0.07951223744648,80.82489013671875
1025,2016-02-01,0.4113584567583145,0.4140954851288007,0.415383489005922,0.40524041418406415,0.20037971321417566,0.004870301903831253,-0.001288003877121302,-0.0009257638590628448,0.0032200257980860014,-0.0462697656629045,80.57426452636719
1026,2016-02-02,0.40974844385927145,0.40515991998122497,0.40974844385927145,0.4028656258316365,0.14176243311104894,-0.0016100128990430562,-0.008935565147575708,-0.00563504514665053,-0.002374788352427659,-0.05861728010312672,78.83558654785156
1027,2016-02-03,0.40833968257260883,0.4111974683526364,0.41168046578023615,0.40016886066785246,0.1396228012083394,-0.0014087612866626187,0.006037548371411405,0.0019320219209646994,-0.0026967651637840317,-0.002139631902709549,80.01036071777344
1028,2016-02-04,0.40930570963837387,0.4127672180449771,0.41747649933256487,0.409023931612589,0.1872149760421573,0.0009660270657650405,0.0015697496923407495,0.0057960335523287165,0.008855070944736532,0.04759217483381792,80.31582641601562
1029,2016-02-05,0.41320998447644003,0.41107671094309495,0.4136124877012009,0.407413918713546,0.13631676057385497,0.0039042748380661574,-0.0016905071018821771,-0.0038640116313639616,-0.0016100128990430007,-0.05089821546830234,79.98689270019531
1030,2016-02-08,0.40652841806118545,0.4086616915945305,0.4091044258154281,0.40202038838597814,0.12815193486583254,-0.006681566415254581,-0.0024150193485644733,-0.004508061885772796,-0.0053935303275678415,-0.008164825708022433,79.5169677734375
1031,2016-02-09,0.40346938066877763,0.4134514670849574,0.4167922502925846,0.40346938066877763,0.13772087076930706,-0.003059037392407815,0.004789775490426917,0.007687824477156491,0.0014489922827994883,0.009568935903474518,80.44894409179688
1032,2016-02-10,0.4151420063974048,0.4129684696573575,0.4208977767430312,0.4124452090230554,0.1501018164046591,0.01167262572862715,-0.00048299742759988495,0.004105526450446595,0.008975828354277793,0.012380945635352053,80.35496520996094
1033,2016-02-11,0.40415366191932317,0.4087019548012327,0.41180122318977747,0.4022216399983584,0.18763842604233438,-0.010988344478081613,-0.004266514856124781,-0.009096553553253728,-0.01022356902469701,0.03753660963767527,79.5248031616211
1034,2016-02-12,0.41329047867927915,0.41651050447736515,0.41771801415164744,0.4101509470840322,0.16507190894249055,0.009136816759955979,0.007808549676132426,0.005916790961869978,0.007929307085673798,-0.022566517099843836,81.04418182373047
1035,2016-02-16,0.4204952735182705,0.42242729543923513,0.42665357929922304,0.41924753284785143,0.19620070757974437,0.007204794838991335,0.005916790961869978,0.008935565147575597,0.00909658576381922,0.03112879863725382,82.19544982910156
1036,2016-02-17,0.42419832895452164,0.427176839933525,0.4290685986477875,0.42371533152692187,0.22430210609446438,0.003703055436251157,0.004749544494289881,0.0024150193485644733,0.004467798679070434,0.028101398514720016,83.11959838867188
1037,2016-02-18,0.42637183348400354,0.4285453702240509,0.4309201263659131,0.425566827034482,0.15213003459987037,0.0021735045294818955,0.0013685302905259156,0.0018515277181255785,0.0018514955075601414,-0.07217207149459401,83.38593292236328
1038,2016-02-19,0.4272171031402273,0.4317653960221369,0.4327716540840387,0.4242385599506585,0.16437353694253304,0.0008452696562237794,0.0032200257980860014,0.001851527718125634,-0.0013282670838234978,0.012243502342662665,84.01245880126953
1039,2016-02-22,0.43470364379443804,0.423312828302161,0.4502402811544291,0.4212197857649529,0.561585467346151,0.007486540654210727,-0.008452567719975934,0.017468627070390375,-0.0030187741857056194,0.39721193040361796,82.36775970458984
1040,2016-02-23,0.41985128768499247,0.4171545225212085,0.4258485728497015,0.4152627315963807,0.2911324817350224,-0.014852356109445575,-0.0061583057809525,-0.02439170830472759,-0.005957054168572173,-0.2704529856111286,81.6313247680664
1041,2016-02-24,0.4118817173926165,0.41578599223068274,0.417516762539267,0.40753467612308736,0.2511850721214289,-0.007969570292375994,-0.001368530290525749,-0.008331810310434506,-0.00772805547329336,-0.0399474096135935,81.363525390625
1042,2016-02-25,0.417073996107804,0.41936829025739264,0.41965003607261203,0.414739503172644,0.17981538472435202,0.005192278715187515,0.003582298026709896,0.002133273533345026,0.007204827049556661,-0.07136968739707686,82.06451416015625
1043,2016-02-26,0.4189657870326319,0.4146992399659418,0.420736788337353,0.41341123608882047,0.29376989846691054,0.0018917909248278852,-0.004669050291450816,0.0010867522647409755,-0.0013282670838235533,0.11395451374255852,81.15086364746094
1044,2016-02-29,0.41292823866122064,0.4079371793478481,0.4165507676840674,0.4076554335326286,0.20696580031235504,-0.006037548371411239,-0.0067620606180937015,-0.004186020653285605,-0.005755802556191847,-0.0868040981545555,79.82762145996094
1045,2016-03-01,0.41703376511166723,0.4261303508754864,0.4261303508754864,0.41578599223068274,0.3054339149558559,0.004105526450446595,0.018193171527638274,0.009579583191418994,0.008130558698054124,0.09846811464350089,83.38774871826172
1046,2016-03-02,0.4258485728497015,0.42862586442688994,0.43333514571447757,0.42415806574781945,0.15612329169780184,0.00881480773803428,0.0024955135514035387,0.007204794838991169,0.008372073517136702,-0.14931062325805408,83.8760986328125
1047,2016-03-03,0.4290685986477875,0.434623149591599,0.43554891345066177,0.4274585857487445,0.19716281062857022,0.0032200257980860014,0.005997285164709043,0.0022137677361842023,0.003300520000925067,0.041039518930768376,85.0496826171875
1048,2016-03-04,0.4340998889572969,0.4353073986315792,0.4384871934335283,0.43333514571447757,0.10958979498602901,0.005031290309509384,0.0006842490399802115,0.002938279982866554,0.0058765599657330525,-0.0875730156425412,85.18358612060547
1049,2016-03-07,0.43397916375832096,0.4325704024716584,0.4356696708602031,0.42910886185448976,0.14423637696505662,-0.00012072519897593503,-0.0027369961599207904,-0.0028175225733252374,-0.0042262838599878005,0.034646581979027605,84.6479721069336
1050,2016-03-08,0.4286660954230268,0.433013136692556,0.4337779121459405,0.42701585152784693,0.11551465979155083,-0.005313068335294158,0.0004427342208975782,-0.0018917587142625591,-0.00209301032664283,-0.028721717173505787,84.73462677001953
1051,2016-03-09,0.43381814314207745,0.43844693022682607,0.4385274566402305,0.43373764893923844,0.13232718657369205,0.005152047719050645,0.005433793534270093,0.004749544494289992,0.006721797411391506,0.01681252678214122,85.7979507446289
1052,2016-03-10,0.4389299598649913,0.43615266828780297,0.44005694312586907,0.4317653960221369,0.1166030505965556,0.005111816722913831,-0.002294261939023101,0.0015294864856385537,-0.0019722529171015135,-0.015724135977136455,85.34899139404297
1053,2016-03-11,0.4411839585973123,0.4388494334515869,0.44231097406875547,0.4372796837592461,0.10394349986365456,0.0022539987323210164,0.0026967651637839207,0.002254030942886398,0.005514287737109158,-0.012659550732901037,85.87671661376953
1054,2016-03-14,0.43756142957446553,0.436756423124944,0.44070096116971247,0.4367161599182418,0.10344203193670738,-0.0036225290228467655,-0.0020930103266428857,-0.0016100128990430007,-0.0005635238410042764,-0.0005014679269471772,85.46714782714844
1055,2016-03-15,0.43381814314207745,0.4374406721649242,0.437843175389685,0.433013136692556,0.07508062088528922,-0.003743286432388082,0.0006842490399802115,-0.0028577857800274886,-0.003703023225685831,-0.028361411051418164,85.60103607177734
1056,2016-03-16,0.4370784321468657,0.4396544399011084,0.4413852102096926,0.4351061470191988,0.09854981566803957,0.0032602890047882527,0.0022137677361842023,0.0035420348200076446,0.00209301032664283,0.02346919478275035,86.03422546386719
1057,2016-03-17,0.44142547341639493,0.446859266950665,0.4481875340344886,0.43703816894016345,0.15643904650265078,0.004347041269529228,0.007204827049556606,0.006802323824795953,0.0019320219209646439,0.05788923083461121,87.4441146850586
1058,2016-03-18,0.44915352888968824,0.45120630822019414,0.4513672966258724,0.4466982463344215,0.20071030665330364,0.007728055473293305,0.004347041269529117,0.0031797625913838057,0.00966007739425806,0.04427126015065286,88.29478454589844
1059,2016-03-21,0.4497572837268294,0.4535408011553543,0.45394330438011504,0.449032771480147,0.10746500171759849,0.0006037548371411461,0.0023344929351601373,0.0025760077542426596,0.0023345251457254634,-0.09324530493570515,88.7516098022461
1060,2016-03-22,0.45072327858202904,0.4547483430402019,0.45672059595730347,0.45011952374488795,0.11586756430369974,0.0009659948551996589,0.0012075418848476183,0.0027772915771884232,0.0010867522647409755,0.008402562586101253,88.9878921508789
1061,2016-03-23,0.452695563709696,0.45164904244109183,0.4537420527677346,0.4505220269696486,0.08177443859319831,0.0019722851276669506,-0.0030993005991100664,-0.0029785431895688608,0.00040250322476065303,-0.034093125710501423,88.38141632080078
1062,2016-03-24,0.44842901664300583,0.44806677662494726,0.45072327858202904,0.446778772747826,0.08794447730113929,-0.004266547066690163,-0.0035822658161445697,-0.003018774185705564,-0.0037432542218225895,0.006170038707940972,87.6803970336914
1063,2016-03-28,0.4488717830744688,0.4491937920963905,0.45028054436113146,0.4471007495591823,0.0792521894953802,0.0004427664314629598,0.0011270154714432268,-0.0004427342208975782,0.00032197681135626155,-0.008692287805759091,87.90094757080078
1064,2016-03-29,0.4475837791973475,0.45040130177067267,0.4515685482382527,0.444283226985857,0.09173714722829186,-0.001288003877121302,0.0012075096742821811,0.0012880038771212465,-0.002817522573325293,0.012484957732911667,88.13724517822266
1065,2016-03-30,0.45490933144588,0.4514880540354136,0.45490933144588,0.4504817959735118,0.08246537356881549,0.007325552248532541,0.00108675226474092,0.003340783207627318,0.006198568987654807,-0.009271773659476373,88.34992218017578
1066,2016-03-31,0.45124653921633107,0.4510050566078138,0.45289681532207626,0.44734226437826485,0.09282553803329661,-0.0036627922295489612,-0.00048299742759977393,-0.0020125161238037648,-0.003139531595246936,0.010360164464481125,88.25540161132812
1067,2016-04-01,0.4487912888716296,0.4557545688915385,0.45664010175446434,0.4460944914972804,0.08778475834983054,-0.002455250344701454,0.004749512283724666,0.003743286432388082,-0.0012477728809844324,-0.005040779683466071,89.1847915649414
1068,2016-04-04,0.45651934434492303,0.4530175727316176,0.45651934434492303,0.45164904244109183,0.08636577410569782,0.007728055473293416,-0.0027369961599209014,-0.00012075740954131664,0.005554550943811409,-0.001418984244132726,88.64922332763672
1069,2016-04-05,0.45064278437919,0.4499182721325075,0.452695563709696,0.4481070076210841,0.1233897248655138,-0.0058765599657330525,-0.0030993005991100664,-0.0038237806352270365,-0.0035420348200077556,0.03702395075981599,88.04273986816406
1070,2016-04-06,0.45003902954204883,0.45507031985155816,0.45563384369256255,0.44786552501256693,0.09323786791136483,-0.0006037548371411461,0.005152047719050645,0.002938279982866554,-0.00024148260851714065,-0.030151856954148973,89.05091094970703
1071,2016-04-07,0.4530980669344566,0.44947553791161,0.45325905534013483,0.4482680282373276,0.10219392218039387,0.0030590373924077596,-0.005594781939948168,-0.0023747883524277147,0.00040250322476065303,0.00895605426902904,87.95610809326172
1072,2016-04-08,0.45112578180678975,0.45128680242303326,0.45478857403633877,0.449556032114449,0.07697883281215138,-0.0019722851276668396,0.0018112645114232717,0.0015295186962039353,0.001288003877121413,-0.025215089368242488,88.31053924560547
1073,2016-04-11,0.4524540488906133,0.45056229017635085,0.454305576608739,0.45040130177067267,0.0800359810320465,0.0013282670838235533,-0.0007245122466824072,-0.00048299742759977393,0.0008452696562236683,0.0030571482198951117,88.16875457763672
1074,2016-04-12,0.451166045013492,0.45494956244201695,0.4562375985297036,0.4508038049954335,0.07950480042213967,-0.001288003877121302,0.004387272265666098,0.0019320219209645884,0.00040250322476081957,-0.0005311806099068256,89.02725982666016
1075,2016-04-13,0.45857212367542904,0.4618323804696519,0.46267765012587564,0.45659983854776215,0.12844537859766053,0.007406078661937043,0.006882818027634963,0.006440051596172058,0.005796033552328661,0.04894057817552086,90.37413787841795
1076,2016-04-14,0.46283863853155377,0.4609468798172913,0.46283863853155377,0.45961861273346777,0.06561941559154445,0.004266514856124726,-0.0008855006523605935,0.00016098840567813077,0.0030187741857056194,-0.06282596300611608,90.20086669921876
1077,2016-04-15,0.46054437659253056,0.4613896462487543,0.4624763985134952,0.4590551211030289,0.07776262434881769,-0.002294261939023212,0.0004427664314629598,-0.0003622400180585683,-0.0005634916304388948,0.012143208757273233,90.28751373291016
1078,2016-04-18,0.461268888839213,0.46473039724581616,0.4649719120648988,0.4593368669182483,0.09606843478969157,0.0007245122466824627,0.003340750997061881,0.002495513551403594,0.0002817458152194474,0.018305810440873885,90.94124603271484
1079,2016-04-19,0.46646116755440054,0.4660989275363421,0.46915793271818457,0.4642071688220795,0.08197130725180701,0.005192278715187515,0.0013685302905259156,0.004186020653285771,0.004870301903831198,-0.014097127537884557,91.20906066894533
1080,2016-04-20,0.4666624191667809,0.46360341398493843,0.4668636707791613,0.4624763985134952,0.09520294222848663,0.00020125161238038203,-0.0024955135514036497,-0.0022942619390232677,-0.0017307703085843174,0.013231634976679618,90.72071075439452
1081,2016-04-21,0.4641266424086751,0.4625568927163343,0.46766867722868277,0.4617116230601106,0.1064471918150235,-0.00253577675810579,-0.0010465212686041059,0.0008050064495214726,-0.000764775453384603,0.011244249586536872,90.51593017578124
1082,2016-04-22,0.45885386949064855,0.45953811853062865,0.4652536578801183,0.45217230307539386,0.1820293160416615,-0.00527277291802658,-0.003018774185705675,-0.0024150193485644733,-0.009539319984716743,0.075582124226638,89.92520904541016
1083,2016-04-25,0.45885386949064855,0.4558350953049428,0.462878901738256,0.45325905534013483,0.1360455570862447,0.0,-0.003703023225685831,-0.0023747561418622776,0.0010867522647409755,-0.045983758955416815,89.20056915283203
1084,2016-04-26,0.45732435079444456,0.46207389528873455,0.46267765012587564,0.45732435079444456,0.11015440679106565,-0.0015295186962039908,0.006238799983791732,-0.00020125161238038203,0.004065295454309725,-0.025891150295179036,90.42141723632812
1085,2016-04-27,0.46231537789725163,0.46464990304297715,0.4667026823734831,0.46054437659253056,0.12129467969444455,0.004991027102807077,0.002576007754242604,0.004025032247607474,0.0032200257980860014,0.011140272903378892,90.9255142211914
1086,2016-04-28,0.4633618991658558,0.4613493830420521,0.4689969443125063,0.45973937014300903,0.11102365327884238,0.0010465212686041614,-0.003300520000925067,0.002294261939023212,-0.0008050064495215281,-0.010271026415602166,90.27964782714844
1087,2016-04-29,0.46050411338582836,0.45994062175538947,0.46291913273439284,0.457606096609664,0.10100523778999967,-0.002857785780027433,-0.0014087612866626187,-0.00607781157811349,-0.002133273533345026,-0.010018415488842705,90.00395202636719
1088,2016-05-02,0.46070536499820863,0.4615506346544325,0.462355641103954,0.4581696204506683,0.11344932730344122,0.000201251612380271,0.0016100128990430562,-0.0005634916304388393,0.0005635238410042764,0.012444089513441545,90.31902313232422
1089,2016-05-03,0.458048863041127,0.46090661661058907,0.4626373869191734,0.45756586561352713,0.09765089191170481,-0.002656501957081614,-0.0006440180438434528,0.0002817458152193919,-0.0006037548371411461,-0.015798435391736407,90.19298553466795
1090,2016-05-04,0.4574451082039859,0.4545470592172561,0.45877334307724404,0.45342007595637834,0.12030658247482921,-0.0006037548371411461,-0.006359557393332993,-0.0038640438419293432,-0.004145789657148791,0.0226556905631244,88.94852447509766
1091,2016-05-05,0.45595585271448413,0.45732435079444456,0.4590551211030289,0.45503008885542134,0.11141739059605979,-0.0014892554895017396,0.0027772915771884787,0.000281778025784829,0.0016100128990430007,-0.008889191878769423,89.49198150634766
1092,2016-05-06,0.45716336238876637,0.4579683366277225,0.45885386949064855,0.45446656501441707,0.12451526537781854,0.0012075096742822367,0.0006439858332779602,-0.00020125161238032652,-0.0005635238410042764,0.01309787478175875,89.6180191040039
1093,2016-05-09,0.457525602406825,0.45547282307631903,0.45885386949064855,0.4547483430402019,0.09928533737529704,0.0003622400180586238,-0.002495513551403483,0.0,0.000281778025784829,-0.025229928002521496,89.12966918945312
1094,2016-05-10,0.45861235467156586,0.4626373869191734,0.4648914178620597,0.4558350953049428,0.10663294035152335,0.0010867522647408645,0.0071645638428543545,0.006037548371411128,0.00108675226474092,0.007347602976226303,90.53168487548828
1095,2016-05-11,0.462878901738256,0.45929660371154607,0.4641266424086751,0.45869284887440503,0.06384008981092251,0.004266547066690163,-0.003340783207627318,-0.0007647754533845474,0.002857753569462218,-0.042792850540600835,89.87792205810547
1096,2016-05-12,0.4610273740201304,0.45961861273346777,0.46203363208203224,0.4568815843629816,0.08785905776443048,-0.001851527718125634,0.00032200902192169867,-0.0020930103266428857,-0.0018112645114234383,0.02401896795350797,89.94094848632812
1097,2016-05-13,0.4593368669182483,0.45563384369256255,0.46086638561445215,0.45426531340203663,0.09334931703326475,-0.001690507101882066,-0.003984769040905223,-0.0011672464675800964,-0.0026162709609449664,0.005490259268834272,89.16118621826172
1098,2016-05-16,0.45732435079444456,0.4622348836944126,0.46340216237255805,0.45478857403633877,0.08906261620350532,-0.0020125161238037648,0.006601040001850078,0.002535776758105901,0.0005232606343021362,-0.004286700829759432,90.45291137695312
1099,2016-05-17,0.45925637271540914,0.45736461400114675,0.46082612240775,0.45498982564871915,0.09272524444790718,0.0019320219209645884,-0.004870269693265872,-0.002576039964808041,0.00020125161238038203,0.003662628244401861,89.96601104736328
1100,2016-05-18,0.45547282307631903,0.4535810643620565,0.458048863041127,0.45124653921633107,0.09169256049665157,-0.0037835496390901113,-0.003783549639090278,-0.002777259366622986,-0.003743286432388082,-0.0010326839512556085,89.22176361083984
1101,2016-05-19,0.4508440359915703,0.4520918088725548,0.4530578037277545,0.4456517572763828,0.11240920632784528,-0.004628787084748731,-0.001489255489501684,-0.0049910593133725145,-0.005594781939948279,0.020716645831193703,88.92881774902344
1102,2016-05-20,0.4537018217715978,0.45571433789540156,0.459216109508707,0.4537018217715978,0.14805135796523014,0.0028577857800274886,0.0036225290228467655,0.0061583057809525,0.008050064495215004,0.035642151637384864,89.64139556884766
1103,2016-05-23,0.4551910772610995,0.45402383079351954,0.45639858693538177,0.45317856113729577,0.063141717810965,0.001489255489501684,-0.0016905071018820106,-0.0028175225733252374,-0.0005232606343020252,-0.08490964015426514,89.30885314941406
1104,2016-05-24,0.45523134046780167,0.4603431249801501,0.4617116230601106,0.45486906823917783,0.07754716312935818,4.026320670219574e-05,0.006319294186630575,0.005313036124728832,0.001690507101882066,0.014405445318393176,90.55186462402344
1105,2016-05-25,0.46122862563251077,0.4617518862668128,0.4638851598001579,0.46058463979923275,0.059074196712835245,0.0059972851647090986,0.0014087612866626742,0.002173536740047277,0.005715571560054922,-0.018472966416522935,90.8290023803711
1106,2016-05-26,0.4617518862668128,0.45961861273346777,0.46400591720969914,0.458048863041127,0.07513636315343998,0.0005232606343020252,-0.002133273533345026,0.00012075740954126113,-0.0025357767581057344,0.016062166440604736,90.40937042236328
1107,2016-05-27,0.460745628204911,0.46018213657447204,0.461268888839213,0.45845136626588767,0.06547453527451473,-0.0010062580619017991,0.0005635238410042764,-0.0027370283704861165,0.00040250322476065303,-0.00966182787892525,90.52022552490234
1108,2016-05-31,0.45998088496209166,0.4581696204506683,0.46122862563251077,0.4563583559392449,0.11071533549833375,-0.0007647432428193324,-0.0020125161238037648,-4.026320670225125e-05,-0.0020930103266427746,0.04524080022381902,90.12435913085938
1109,2016-06-01,0.45841110305918553,0.45861235467156586,0.4594173611210874,0.45265530050299363,0.0827848468858346,-0.001569781902906131,0.0004427342208975782,-0.0018112645114233827,-0.003703055436251268,-0.027930488612499152,90.21145629882812
1110,2016-06-02,0.4590551211030289,0.4609871430239935,0.4609871430239935,0.45700234177252286,0.07954566864160979,0.0006440180438433418,0.002374788352427659,0.001569781902906131,0.004347041269529228,-0.0032391782442248024,90.67858123779295
1111,2016-06-03,0.4618726436763541,0.46203363208203224,0.4627984075354169,0.4577671172259075,0.07984283088560794,0.0028175225733252374,0.0010464890580387243,0.0018112645114233827,0.0007647754533846585,0.0002971622439981447,90.88440704345705
1112,2016-06-06,0.4627984075354169,0.4650524062677379,0.46597817012680065,0.46191287467249104,0.0695346547627058,0.0009257638590627892,0.003018774185705675,0.00317976259138375,0.00414575744658352,-0.010308176122902135,91.47821044921876
1113,2016-06-07,0.4650524062677379,0.46428766302491864,0.46642093655826367,0.4642071688220795,0.0743860028119035,0.0022539987323210164,-0.0007647432428192769,0.0004427664314630153,0.0022942941495884828,0.004851348049197693,91.32781219482422
1114,2016-06-08,0.4649316488581966,0.467185679801083,0.4684736836782043,0.4640864114125382,0.09098306837458521,-0.00012075740954131664,0.0028980167761643583,0.0020527471199406344,-0.00012075740954131664,0.016597065562681715,91.8978500366211
1115,2016-06-09,0.4651731636772791,0.4717742358896947,0.4721364759077532,0.46464990304297715,0.09872069015585878,0.00024151481908252226,0.004588556088611695,0.0036627922295489057,0.0005634916304389503,0.007737621781273574,92.80045318603516
1116,2016-06-10,0.47298174556397704,0.46964096235634967,0.47298174556397704,0.4677894346382241,0.12055175637724837,0.007808581886697918,-0.002133273533345026,0.0008452696562238349,0.003139531595246936,0.021831066221389583,92.3808135986328
1117,2016-06-13,0.46935918433056484,0.46340216237255805,0.46947994174010615,0.46312038434677316,0.08913688020370364,-0.0036225612334122026,-0.006238799983791621,-0.003501803823870886,-0.004669050291450927,-0.03141487617354473,91.15362548828124
1118,2016-06-14,0.46312038434677316,0.4649316488581966,0.4652536578801183,0.4611078682229695,0.07629533486087452,-0.006238799983791676,0.0015294864856385537,-0.004226283859987856,-0.0020125161238036537,-0.012841545342829122,91.45447540283205
1119,2016-06-15,0.4667831765763221,0.4649719120648988,0.4689969443125063,0.46464990304297715,0.10716412096143017,0.0036627922295489612,4.026320670219574e-05,0.0037432864323880266,0.0035420348200076446,0.030868786100555656,91.46237182617188
1120,2016-06-16,0.46275814432871465,0.46605866432963977,0.46694416498200036,0.45885386949064855,0.07966080086127825,-0.004025032247607474,0.0010867522647409755,-0.0020527793305059605,-0.0057960335523286055,-0.027503320100151926,91.67615509033205
1121,2016-06-17,0.46658192496394185,0.46658192496394185,0.46754791981914157,0.4635631507782361,0.12106066132853587,0.003823780635227203,0.0005232606343020807,0.0006037548371412016,0.0047092812875875745,0.04139986046725762,91.77910614013672
1122,2016-06-20,0.4721364759077532,0.4711704810525536,0.4770872720144236,0.4694397107439693,0.10762475608330883,0.005554550943811354,0.0045885560886117505,0.009539352195282014,0.0058765599657331635,-0.013435905245227031,92.68169403076172
1123,2016-06-21,0.47286098815443567,0.4721364759077532,0.4734244797848746,0.47076797782779284,0.08615774991057863,0.0007245122466824627,0.0009659948551996034,-0.0036627922295489612,0.0013282670838235533,-0.021467006172730202,92.87169647216795
1124,2016-06-22,0.4727402307448944,0.46919819592488665,0.47418925523825917,0.4686749352905847,0.08155529427597026,-0.00012075740954126113,-0.002938279982866554,0.0007647754533845474,-0.0020930425372081563,-0.004602455634608371,92.29373168945312
1125,2016-06-23,0.47298174556397704,0.4722169701105923,0.4737464888067962,0.46947994174010615,0.07457171593400172,0.00024151481908263328,0.003018774185705675,-0.0004427664314629598,0.0008050064495214726,-0.006983578341968541,92.88751983642578
1126,2016-06-24,0.45684135336684467,0.4547483430402019,0.4642473998182164,0.4533798127496761,0.13608270679354467,-0.01614039219713237,-0.01746862707039043,-0.009499088988579818,-0.016100128990430063,0.06151099085954295,89.45134735107422
1127,2016-06-27,0.451085550810653,0.4486302682553861,0.451085550810653,0.44355874694974,0.14460415552588615,-0.00575580255619168,-0.006118074784815797,-0.013161849007563398,-0.00982106579993608,0.00852144873234148,88.24794006347656
1128,2016-06-28,0.4561168411201623,0.45909535209916563,0.45925637271540914,0.45233329148107204,0.13536209454936945,0.005031290309509329,0.010465083843779532,0.008170821904756154,0.00877454453133203,-0.009242060976516697,90.30643463134766
1129,2016-06-29,0.46030286177344804,0.46070536499820863,0.4627178811220125,0.45555334948972337,0.14920661116049452,0.004186020653285716,0.0016100128990430007,0.003461508406603364,0.0032200580086513275,0.013844516611125068,90.62315368652344
1130,2016-06-30,0.462878901738256,0.46819193786298485,0.4682724320658239,0.46130911983534983,0.1254662483045355,0.0025760399648079857,0.00748657286477622,0.005554550943811409,0.005755770345626465,-0.023740362855959013,92.09580993652344
1131,2016-07-01,0.4695202049468084,0.4689164501096672,0.4734244797848746,0.46795042304390216,0.08294828434931349,0.006641303208552385,0.0007245122466823517,0.005152047719050701,0.006641303208552329,-0.04251796395522202,92.23831176757812
1132,2016-07-05,0.4663806733515615,0.4638046655973188,0.4687554294934237,0.4615506346544325,0.08977210832557167,-0.0031395315952468805,-0.005111784512348394,-0.004669050291450927,-0.006399788389469641,0.006823823976258178,91.2327880859375
1133,2016-07-06,0.46481092365922067,0.47020445398678856,0.47036547460303213,0.46050411338582836,0.1150874912792036,-0.0015697496923408605,0.006399788389469752,0.0016100451096084378,-0.0010465212686041614,0.025315382953631935,92.49166870117188
1134,2016-07-07,0.47004346558111043,0.46734666820676113,0.47157295206674904,0.4650926694744401,0.07951220203207837,0.005232541921889766,-0.002857785780027433,0.0012074774637169106,0.0045885560886117505,-0.03557528924712523,91.92951202392578
1135,2016-07-08,0.4712107120486905,0.4783350126848427,0.47893876752198383,0.4706472204182516,0.09379135959429262,0.0011672464675800964,0.010988344478081558,0.007365815455234792,0.005554550943811465,0.014279157562214248,94.09098052978516
1136,2016-07-11,0.4788180423230079,0.47724826042010166,0.4791400191343642,0.47543699590867833,0.11022870620566559,0.00760733027431737,-0.001086752264741031,0.00020125161238038203,0.004789775490426751,0.01643734661137297,93.8772430419922
1137,2016-07-12,0.47901929393538817,0.4790595249315251,0.4818368165087136,0.47809353007632543,0.08537395837391233,0.000201251612380271,0.0018112645114234383,0.002696797374349358,0.0026565341676471066,-0.02485474783175326,94.23348999023438
1138,2016-07-13,0.4814343132839527,0.4791802823410664,0.4821990565267721,0.47801303587348637,0.07062676407988072,0.002415019348564529,0.00012075740954131664,0.0003622400180585128,-8.049420283906539e-05,-0.01474719429403161,94.25726318359376
1139,2016-07-14,0.48167579589247006,0.47934127074674454,0.4830845571791326,0.4785765275039252,0.08974611415478219,0.0002414826085173627,0.00016098840567813077,0.000885500652360538,0.0005634916304388393,0.019119350074901467,94.28890991210938
1140,2016-07-15,0.48167579589247006,0.4799047945877488,0.4819173107115526,0.47873751590960345,0.08372835737380964,0.0,0.0005635238410042764,-0.001167246467580041,0.0001609884056782418,-0.00601775678097255,94.39976501464844
1141,2016-07-18,0.4799047945877488,0.47853626429722307,0.47998528879058794,0.4776910268515647,0.04635890371178343,-0.0017710013047212425,-0.001368530290525749,-0.0019320219209646439,-0.0010464890580387243,-0.03736945366202621,94.13056182861328
1142,2016-07-19,0.47732875462294083,0.48038779201534865,0.48070980103727035,0.4763224965610389,0.08108722212975128,-0.0025760399648079857,0.0018515277181255785,0.0007245122466824072,-0.0013685302905258045,0.03472831841796785,94.49478149414062
1143,2016-07-20,0.4807500320334072,0.48252106554869373,0.4830040629762936,0.4797437739715053,0.08077150273930396,0.0034212774104663835,0.0021332735333450814,0.0022942619390232677,0.0034212774104663835,-0.00031571939044731934,94.91439056396484
1144,2016-07-21,0.4822393197334742,0.4776105326487256,0.4830040629762936,0.47616150815536074,0.15257951418523857,0.0014892877000670102,-0.004910532899968123,0.0,-0.0035822658161445697,0.07180801144593461,93.94847869873048
1145,2016-07-22,0.4574451082039859,0.46533415208295736,0.46690393398586355,0.45362132756875867,0.34053741354459205,-0.024794211529488352,-0.012276380565768241,-0.016100128990430063,-0.022540180586602065,0.18795789935935348,91.5336456298828
1146,2016-07-25,0.4631606475534755,0.46485115465535753,0.4687151984972869,0.4631606475534755,0.200628605628765,0.005715539349489651,-0.00048299742759982944,0.0018112645114233272,0.009539319984716854,-0.13990880791582705,91.43862915039062
1147,2016-07-26,0.464046148205836,0.4667026823734831,0.46674291336962004,0.461268888839213,0.11328957293773086,0.0008855006523604825,0.0018515277181255785,-0.0019722851276668396,-0.0018917587142625036,-0.08733903269103414,91.80282592773438
1148,2016-07-27,0.4672259430077852,0.4627178811220125,0.46855417788104337,0.461268888839213,0.1280256471096536,0.0031797948019491873,-0.003984801251470604,0.0018112645114233272,0.0,0.014736074171922756,91.0189971923828
1149,2016-07-28,0.462878901738256,0.46593790692009857,0.46658192496394185,0.45981986434584815,0.11060388637643384,-0.004347041269529173,0.003220025798086057,-0.0019722529171015135,-0.00144902449336487,-0.01742176073321977,91.65240478515624
1150,2016-07-29,0.46529392108682055,0.46823220106968705,0.4689164501096672,0.46308015335063635,0.10920717779092046,0.002415019348564529,0.0022942941495884828,0.0023345251457253524,0.003260289004788197,-0.0013967085855133843,92.10369110107422
1151,2016-08-01,0.4667026823734831,0.46642093655826367,0.4682724320658239,0.4641266424086751,0.08434127442265672,0.0014087612866625632,-0.0018112645114233827,-0.0006440180438432863,0.0010464890580387798,-0.024865903368263734,91.7474136352539
1152,2016-08-02,0.4648914178620597,0.46469016624967935,0.4658574127172594,0.46303989014393415,0.07773663017802819,-0.0018112645114234383,-0.0017307703085843174,-0.002415019348564529,-0.0010867522647409755,-0.0066046442446285325,91.4069595336914
1153,2016-08-03,0.46473039724581616,0.46694416498200036,0.4673869314134633,0.46340216237255805,0.07390681054357565,-0.00016102061624351238,0.0022539987323210164,0.0015295186962039353,0.0003622722286238944,-0.0038298196344525443,91.85035705566406
1154,2016-08-04,0.4670649223915417,0.4667026823734831,0.4692786901277258,0.4665014307611027,0.04793020529728619,0.002334525145725519,-0.00024148260851725167,0.0018917587142624481,0.0030992683885446293,-0.025976605246289454,91.80282592773438
1155,2016-08-05,0.4681114436601457,0.4683931894753651,0.4705264630087102,0.4665014307611027,0.10912547676638182,0.0010465212686039949,0.0016905071018820106,0.0012477728809844324,0.0,0.061195271469095626,92.13536834716795
1156,2016-08-08,0.4693189533344281,0.4670649223915417,0.4700032023744081,0.46573665530771813,0.0746422968364315,0.0012075096742824032,-0.0013282670838234423,-0.0005232606343020807,-0.0007647754533845474,-0.034483179929950314,91.87408447265624
1157,2016-08-09,0.4678296978449263,0.46795042304390216,0.4692384591315889,0.46658192496394185,0.06180075149360239,-0.001489255489501795,0.0008855006523604825,-0.0007647432428192213,0.0008452696562237239,-0.012841545342829115,92.0482940673828
1158,2016-08-10,0.46819193786298485,0.4670246913954048,0.4689164501096672,0.4651731636772791,0.06567884095746376,0.0003622400180585683,-0.0009257316484973521,-0.00032200902192169867,-0.0014087612866627297,0.003878089463861374,91.86618041992188
1159,2016-08-11,0.4687151984972869,0.4683931894753651,0.4694397107439693,0.4672259430077852,0.05818267456643919,0.0005232606343020252,0.001368498079960312,0.0005232606343020807,0.0020527793305060715,-0.007496166391024572,92.13536834716795
1160,2016-08-12,0.46750768882300464,0.4673064372106242,0.46819193786298485,0.4662196849458833,0.05067535263890414,-0.0012075096742822367,-0.00108675226474092,-0.0012477728809844324,-0.0010062580619019101,-0.007507321927535053,91.92159271240234
1161,2016-08-15,0.4689164501096672,0.4702849481896277,0.4710094604363101,0.4670246913954048,0.06865056964065007,0.0014087612866625632,0.002978510979003479,0.0028175225733252374,0.0008050064495215281,0.01797521700174593,92.50748443603516
1162,2016-08-16,0.4686347042944478,0.4678296978449263,0.4727402307448944,0.46754791981914157,0.07198260444592398,-0.0002817458152193919,-0.0024552503447013985,0.0017307703085843174,0.0005232284237367546,0.0033320348052739146,92.02452850341795
1163,2016-08-17,0.46529392108682055,0.4660184333335029,0.4663806733515615,0.46320091076017766,0.06285571110347735,-0.0033407832076272626,-0.0018112645114233827,-0.006359557393332882,-0.004347009058963902,-0.009126893342446638,92.13993072509766
1164,2016-08-18,0.46533415208295736,0.46634041014485916,0.46682343978302443,0.46464990304297715,0.06599831427448286,4.0230996136814134e-05,0.00032197681135626155,0.0004427664314629043,0.0014489922827994883,0.003142603171005509,92.20358276367188
1165,2016-08-19,0.4647706604525185,0.46734666820676113,0.4679101920477654,0.4647706604525185,0.05919304744467385,-0.0005634916304388393,0.0010062580619019657,0.0010867522647409755,0.00012075740954137215,-0.0068052668298090035,92.4025650024414
1166,2016-08-22,0.4665416617572396,0.4692384591315889,0.4706874514143884,0.4658574127172594,0.08243566088585584,0.001771001304721076,0.0018917909248277742,0.002777259366622986,0.0010867522647408645,0.02324261344118199,92.7765884399414
1167,2016-08-23,0.4706069572115493,0.4709691972296079,0.47233772752013364,0.4703252113963299,0.06729101076243665,0.004065295454309725,0.0017307380980189913,0.001650276105745252,0.004467798679070489,-0.015144650123419187,93.1187744140625
1168,2016-08-24,0.47012395978394955,0.46996297137827137,0.47125097525539267,0.4690774385153454,0.06421526998169075,-0.00048299742759977393,-0.0010062258513365285,-0.0010867522647409755,-0.001247772880984488,-0.003075740780745906,92.91983795166016
1169,2016-08-25,0.46947994174010615,0.4700032023744081,0.4718547300925338,0.4683931894753651,0.06774049034780484,-0.0006440180438433973,4.023099613675862e-05,0.0006037548371411461,-0.000684249039980267,0.003525220366114093,92.92780303955078
1170,2016-08-26,0.47145222686777305,0.4699227081715691,0.47394774041917664,0.4683931894753651,0.06329031664016489,0.001972285127666895,-8.049420283900988e-05,0.00209301032664283,0.0,-0.004450173707639948,92.911865234375
1171,2016-08-29,0.4699227081715691,0.4716132152734512,0.47245848492967496,0.46895668110580413,0.08926692188645434,-0.0015295186962039353,0.001690507101882066,-0.001489255489501684,0.0005634916304390059,0.025976605246289447,93.2461395263672
1172,2016-08-30,0.47173397268299255,0.4710094604363101,0.47257924233921617,0.4703252113963299,0.07232063490939225,0.0018112645114234383,-0.0006037548371410906,0.00012075740954120562,0.001368530290525749,-0.01694628697706209,93.1267318725586
1173,2016-08-31,0.47076797782779284,0.4697616875553256,0.47145222686777305,0.46855417788104337,0.07625074812923423,-0.0009659948551997144,-0.001247772880984488,-0.0011270154714431158,-0.001771033515286513,0.003930113219841977,92.8800048828125
1174,2016-09-01,0.46851394688490655,0.4674271946201656,0.47004346558111043,0.4634423933686949,0.10654004837607262,-0.002254030942886287,-0.0023344929351600263,-0.0014087612866626187,-0.0051117845123484495,0.030289300246838388,92.41845703125
1175,2016-09-02,0.46795042304390216,0.4684736836782043,0.4706874514143884,0.46613915853247884,0.09191174022828123,-0.0005635238410043875,0.0010464890580387243,0.0006439858332779602,0.0026967651637839207,-0.014628308147791383,92.6253662109375
1176,2016-09-06,0.4687151984972869,0.46573665530771813,0.4692786901277258,0.46291913273439284,0.08150698903215982,0.000764775453384714,-0.002737028370486172,-0.0014087612866626187,-0.0032200257980860014,-0.010404751196121415,92.084228515625
1177,2016-09-07,0.4649719120648988,0.45981986434584815,0.4658171817211225,0.4577671172259075,0.12690010659734888,-0.003743286432388082,-0.005916790961869978,-0.003461508406603253,-0.005152015508485319,0.04539311756518906,90.91437530517578
1178,2016-09-08,0.45885386949064855,0.45812935724396603,0.4609871430239935,0.4569620785658206,0.10044802759490175,-0.006118042574250249,-0.0016905071018821216,-0.004830038697129002,-0.0008050386600869097,-0.02645207900244713,90.58009338378906
1179,2016-09-09,0.45426531340203663,0.4508440359915703,0.4562375985297036,0.4498377779296685,0.16856366269907322,-0.004588556088611917,-0.007285321252395727,-0.004749544494289937,-0.007124300636152103,0.06811563510417147,89.13967895507812
1180,2016-09-12,0.44786552501256693,0.4568010901601425,0.45889410048678536,0.446778772747826,0.1414912650378403,-0.006399788389469696,0.005957054168572173,0.0026565019570817805,-0.003059005181842489,-0.027072397661232928,90.31751251220705
1181,2016-09-13,0.4541445559924955,0.4491937920963905,0.4547080798334996,0.447946019215406,0.14400979562348826,0.006279030979928546,-0.007607298063751988,-0.004186020653285771,0.0011672464675799854,0.0025185305856479656,88.81342315673828
1182,2016-09-14,0.4498377779296685,0.45897462690018975,0.45998088496209166,0.4498377779296685,0.1626462349178917,-0.004306778062826977,0.009780834803799265,0.005272805128592073,0.0018917587142625036,0.01863643929440345,90.7472686767578
1183,2016-09-15,0.4579683366277225,0.46400591720969914,0.46485115465535753,0.45748533920012263,0.12133554791391467,0.008130558698054013,0.005031290309509384,0.004870269693265872,0.0076475612704541285,-0.04131068700397704,91.74201965332033
1184,2016-09-16,0.4619531378791931,0.45990035854868716,0.46231537789725163,0.4568010901601425,0.14550679779439107,0.003984801251470604,-0.0041055586610119765,-0.002535776758105901,-0.000684249039980156,0.024171249880476406,90.93029022216795
1185,2016-09-19,0.462355641103954,0.4610273740201304,0.4656159301087422,0.46070536499820863,0.10979781918114821,0.0004025032247608751,0.0011270154714432268,0.0033005522114905594,0.0039042748380661574,-0.03570897861324286,91.15310668945312
1186,2016-09-20,0.46428766302491864,0.462355641103954,0.46605866432963977,0.46179214947351505,0.10620945493694466,0.0019320219209646439,0.0013282670838236088,0.0004427342208975782,0.0010867844753064126,-0.003588364244203557,91.4157257080078
1187,2016-09-21,0.4627178811220125,0.46662218817064405,0.4667026823734831,0.46082612240775,0.09058561254519763,-0.001569781902906131,0.004266547066690052,0.0006440180438433418,-0.0009660270657650405,-0.015623842391747023,92.25927734375
1188,2016-09-22,0.46851394688490655,0.4702447171934908,0.472015718498212,0.4677089404353851,0.10758760637600887,0.005796065762894043,0.0036225290228467655,0.005313036124728887,0.006882818027635074,0.017001993830811232,92.97552490234376
1189,2016-09-23,0.4641266424086751,0.46682343978302443,0.46851394688490655,0.463965654002997,0.08723126666690276,-0.004387304476231424,-0.0034212774104663835,-0.003501771613305449,-0.003743286432388082,-0.020356339709106108,92.29907989501952
1190,2016-09-26,0.4658574127172594,0.4666624191667809,0.4703252113963299,0.46444865143059677,0.09682251364339822,0.0017307703085842618,-0.00016102061624351238,0.0018112645114233272,0.00048299742759977393,0.009591246976495466,92.26727294921876
1191,2016-09-27,0.46557566690204,0.46774917143152184,0.4687151984972869,0.46376440239061656,0.13704109133020034,-0.0002817458152193919,0.00108675226474092,-0.0016100128990430007,-0.0006842490399802115,0.04021857768680212,92.48211669921876
1192,2016-09-28,0.468795692700126,0.47157295206674904,0.4719754552915097,0.46634041014485916,0.12374262937766271,0.0032200257980860014,0.003823780635227203,0.0032602567942228156,0.002576007754242604,-0.01329846195253763,93.23816680908205
1193,2016-09-29,0.4738269830096353,0.46766867722868277,0.4738269830096353,0.4674674256163024,0.0697240863969742,0.005031290309509329,-0.0039042748380662684,0.001851527718125634,0.0011270154714432268,-0.05401854298068852,92.46620178222656
1194,2016-09-30,0.46947994174010615,0.4692786901277258,0.4709289662334711,0.4671051855982439,0.14255738018422573,-0.004347041269529173,0.0016100128990430007,-0.0028980167761642472,-0.0003622400180585128,0.07283329378725154,92.78453063964844
1195,2016-10-03,0.46862288301696003,0.4695940315626176,0.470565180108275,0.46708521504771955,0.09168324650902536,-0.0008570587231461202,0.00031534143489181377,-0.0003637861251960528,-1.9970550524328612e-05,-0.05087413367520037,92.84688568115234
1196,2016-10-04,0.4692703153807317,0.464859658244613,0.46931077185082604,0.46364570645725844,0.09319448526937965,0.0006474323637716828,-0.004734373318004581,-0.0012544082574489912,-0.0034395085904611045,0.0015112387603542915,91.91082000732422
1197,2016-10-05,0.4657498616395165,0.4663972940032881,0.4686633394870544,0.4657498616395165,0.07844049141023689,-0.003520453741215235,0.0015376357586751044,-0.0006474323637716273,0.0021041551822580384,-0.014753993859142764,92.21481323242188
1198,2016-10-06,0.4666400972449852,0.46781356035168,0.4689465991988459,0.46534523251744186,0.12087349621597118,0.0008902356054686922,0.0014162663483918703,0.0002832597117914948,-0.0004046291220746179,0.042433004805734295,92.49485778808594
1199,2016-10-07,0.4330543017950883,0.4327305856132025,0.43523940212810047,0.4258920249023746,0.7554843804781652,-0.03358579544989687,-0.03508297473847749,-0.03370719707074543,-0.039453207615067265,0.634610884262194,85.5583267211914
1200,2016-10-10,0.43406593902140556,0.43216409840018494,0.4368580152480951,0.4297766512955701,0.3112308983571259,0.0010116372263172524,-0.0005664872130175524,0.0016186131199946163,0.0038846263931954783,-0.4442534821210393,85.44632720947266
1201,2016-10-11,0.4306668869010388,0.42803666876529234,0.4306668869010388,0.4259325135830343,0.3084264318927935,-0.00339905212036673,-0.004127429634892599,-0.006191128347056263,-0.003844137712535778,-0.0028044664643324113,84.6302719116211
1202,2016-10-12,0.42823901553689503,0.4347133713851773,0.4360082361127207,0.42783435420425503,0.26770419058614375,-0.0024278713641437966,0.0066767026198849555,0.0053413492116818895,0.0019018406212207295,-0.040722241306649754,85.95038604736328
1203,2016-10-13,0.43228546781046806,0.4380719348248843,0.4397714608850677,0.43115246117386763,0.18912328107348134,0.004046452273573031,0.0033585634397070296,0.0037632247723469736,0.0033181069696125998,-0.07858090951266242,86.61442565917969
1204,2016-10-14,0.44507235362665515,0.44106635782317644,0.445396069808541,0.4392454301421445,0.1960956684645378,0.012786885816187088,0.0029944229982921122,0.005624608923473329,0.008092968968276881,0.0069723873910564615,87.20648193359375
1205,2016-10-17,0.4404998383995935,0.4371817314299809,0.44268493873260567,0.4368580152480951,0.1338169996210659,-0.0045725152270616465,-0.003884626393195534,-0.002711131075935347,-0.002387414894049422,-0.062278668843471885,86.43840026855469
1206,2016-10-18,0.44171379018694806,0.43649381038554946,0.44175424665704255,0.4358463780217777,0.12041162159003581,0.0012139517873545613,-0.0006879210444314388,-0.0009306920755631221,-0.0010116372263173634,-0.013405378031030105,86.3023910522461
1207,2016-10-19,0.4370603298091324,0.4381124235055441,0.4396905479448789,0.43463242623442316,0.11551210995463415,-0.004653460377815666,0.0016186131199946163,-0.002063698712163664,-0.0012139517873545613,-0.004899511635401657,86.62245178222656
1208,2016-10-20,0.43734358952092384,0.4375863605520555,0.43936683176299307,0.43588683449187215,0.15078060424052045,0.00028325971179143927,-0.0005260629534885597,-0.00032371618188581364,0.0012544082574489912,0.0352684942858863,86.51841735839844
1209,2016-10-21,0.4368580152480951,0.4409044675216682,0.4434942291873203,0.43503708756706316,0.1246460861774049,-0.0004855742728287482,0.0033181069696126553,0.004127397424327217,-0.0008497469248089917,-0.02613451806311555,87.17447662353516
1210,2016-10-24,0.44280634035345423,0.4421184193090227,0.4455984165801436,0.4402975238385562,0.12768705001575942,0.005948325105359142,0.0012139517873545058,0.002104187392823309,0.00526043627149303,0.0030409638383545184,87.41448974609375
1211,2016-10-25,0.4430895678546803,0.44134958532440255,0.44313005653534004,0.4394882011732762,0.13054325692085944,0.00028322750122605767,-0.000768833984620132,-0.0024683600448035525,-0.000809322665279999,0.0028562069051000227,87.2624740600586
1212,2016-10-26,0.4404998383995935,0.44280634035345423,0.44410120508099754,0.4392049736720501,0.07883954088769739,-0.0025897294550867866,0.0014567550290516817,0.0009711485456574964,-0.0002832275012261132,-0.05170371603316205,87.55050659179688
1213,2016-10-27,0.44414166155109197,0.440378436778745,0.44466772450458053,0.4387193993992214,0.10760117009182954,0.003641823151498469,-0.0024279035747092337,0.0005665194235829896,-0.0004855742728286927,0.028761629204132153,87.07044982910156
1214,2016-10-28,0.44268493873260567,0.4444249212628835,0.44867372030805924,0.44078309811138505,0.10636704902415617,-0.0014567228184863001,0.004046484484138524,0.004005995803478712,0.002063698712163664,-0.0012341210676733716,87.87053680419922
1215,2016-10-31,0.4449509520058066,0.44381794536920616,0.445800731141181,0.44321096947552885,0.09394087919793463,0.0022660132732009175,-0.0006069758936773639,-0.002872989166878226,0.0024278713641437966,-0.012426169826221536,87.75051879882812
1216,2016-11-01,0.44458677935382634,0.4416733015062884,0.4458816440813697,0.440378436778745,0.10831799299503136,-0.0003641726519802435,-0.002144643862917739,8.091294018869322e-05,-0.0028325326967838516,0.014377113797096733,87.32648468017578
1217,2016-11-02,0.44264448226251135,0.4388812574901643,0.44264448226251135,0.4370603298091324,0.1714280857453492,-0.0019422970913149928,-0.0027920440161240956,-0.0032371618188583584,-0.0033181069696125998,0.06311009275031784,86.77442169189453
1218,2016-11-03,0.44005472059685913,0.4384361396874299,0.44033798030865057,0.4370603298091324,0.13825835514270232,-0.0025897616656522238,-0.00044511780273442936,-0.0023065019538607845,0.0,-0.033169730602646885,86.6864242553711
1219,2016-11-04,0.438962170430353,0.43803147835479,0.44187564827789105,0.4370603298091324,0.11603309121687426,-0.0010925501665061121,-0.00040466133263988846,0.001537667969240486,0.0,-0.022225263925828062,86.60641479492188
1220,2016-11-07,0.4444249212628835,0.45017093180720535,0.45053510445918554,0.442887253293643,0.17264740359314518,0.005462750832530505,0.01213945345241535,0.00865945618129449,0.005826923484510582,0.05661431237627092,89.00659942626953
1221,2016-11-08,0.449159294580888,0.4476216266116475,0.4512229932930516,0.4471765410194785,0.12126517949789462,0.00473437331800447,-0.0025493051955578494,0.0006878888338660571,0.004289287725835533,-0.05138222409525056,88.50257110595703
1222,2016-11-09,0.4493616413524906,0.4546625018835127,0.45781878297274786,0.44402025993024347,0.16876768506680928,0.00020234677160263503,0.007040875271865199,0.006595789679696262,-0.003156281089235047,0.047502505568914666,89.89466857910156
1223,2016-11-10,0.45769738135189936,0.45802109753378506,0.4633219902753726,0.456523886034639,0.2421534789337432,0.008335739999408731,0.0033585956502723557,0.005503207302624713,0.012503626104395538,0.07338579386693392,90.5587158203125
1224,2016-11-11,0.45769738135189936,0.45826386856491685,0.45931596226132854,0.4562001698527532,0.12177507605242748,0.0,0.00024277103113179432,-0.0040060280140440385,-0.00032371618188581364,-0.12037840288131572,90.60671997070312
1225,2016-11-14,0.4597610800640629,0.4574141216401078,0.46275547085178964,0.4566048311853932,0.09891801920168856,0.002063698712163553,-0.0008497469248090472,0.0034395085904611045,0.0004046613326399995,-0.02285705685073891,90.4386978149414
1226,2016-11-15,0.45749506679086194,0.4577378378219937,0.459032702549537,0.45356998392757203,0.10323740752414377,-0.002266013273200973,0.00032371618188586915,-0.0037227683022526548,-0.0030348472578211605,0.004319388322455209,90.50271606445312
1227,2016-11-16,0.45510761968624713,0.4542983292315325,0.45656437471529887,0.45267974832210334,0.09135810688774697,-0.002387447104614804,-0.00343950859046116,-0.0024683278342381154,-0.0008902356054686922,-0.011879300636396806,90.35382843017578
1228,2016-11-17,0.455593193959076,0.45765692488180487,0.45883038798849973,0.45498625027596395,0.08110457518654536,0.00048557427282885923,0.0033585956502723557,0.002266013273200862,0.002306501953860618,-0.010253531701201607,91.02179718017578
1229,2016-11-18,0.4571713506089761,0.45356998392757203,0.4572522635491649,0.452760661262292,0.10638185224403356,0.001578156649900131,-0.004086940954232843,-0.0015781244393348604,-0.0022255890136719803,0.025277277057488196,90.20896911621094
1230,2016-11-21,0.454176927610684,0.4540555582004009,0.4551481083669069,0.45231554345955766,0.09323514100244006,-0.0029944229982921122,0.00048557427282885923,-0.002104155182257983,-0.00044511780273431834,-0.0131467112415935,90.30554962158205
1231,2016-11-22,0.4553504229279442,0.4553099664578499,0.4562811150035074,0.45361044039766646,0.0795379128876549,0.001173495317260187,0.0012544082574489912,0.0011330066366004865,0.0012948969381088027,-0.01369722811478516,90.55502319335938
1232,2016-11-23,0.45632157147360175,0.46061082698887196,0.4611368899423604,0.45632157147360175,0.09705943599023979,0.0009711485456575519,0.005300860531022078,0.00485577493885303,0.0027111310759352913,0.017521523102584896,91.60928344726562
1233,2016-11-25,0.4609750318514175,0.4619866368671695,0.46275547085178964,0.45935641873142297,0.03071629168717751,0.004653460377815777,0.0013758098782975514,0.0016185809094292347,0.003034847257821216,-0.06634314430306229,91.88292694091795
1234,2016-11-28,0.461946180397075,0.46069177213962603,0.4620675820179236,0.4586280734274624,0.09671212695354693,0.0009711485456574964,-0.0012948647275434766,-0.0006878888338660571,-0.0007283453039605425,0.06599583526636943,91.62539672851562
1235,2016-11-29,0.45911364770029117,0.4586280734274624,0.46328153380527815,0.4584257588664251,0.12321244037100128,-0.0028325326967838516,-0.0020636987121636086,0.0012139517873545613,-0.00020231456103730894,0.026500313417454346,91.2149658203125
1236,2016-11-30,0.46020619786679734,0.4610559447916063,0.46429313882103007,0.45838527018576536,0.2178849102776135,0.0010925501665061677,0.002427871364143852,0.0010116050157519263,-4.048868065975597e-05,0.09467246990661222,91.69781494140624
1237,2016-12-01,0.4582234120948225,0.4599633946251002,0.46150106259434065,0.4564834295645447,0.14067853993505,-0.00198278577197486,-0.0010925501665060566,-0.0027920762266894217,-0.001901840621220674,-0.0772063703425635,91.48049926757812
1238,2016-12-02,0.4611368899423604,0.45502670674605833,0.46129874803330334,0.4538937001094579,0.1306725549011761,0.0029134778475379264,-0.00493668787904189,-0.00020231456103730894,-0.0025897294550867866,-0.010005985033873899,90.4986572265625
1239,2016-12-05,0.456847602216525,0.45676668927633607,0.4604894575785887,0.4560787682319047,0.11182083145932124,-0.004289287725835422,0.0017399825302777394,-0.0008092904547146174,0.002185068122446787,-0.01885172344185486,90.8447265625
1240,2016-12-06,0.4586280734274624,0.45753552326095637,0.45992293815500584,0.4558764536708674,0.09405912788494569,0.0017804712109374399,0.0007688339846202985,-0.0005665194235828785,-0.00020231456103730894,-0.01776170357437555,90.99766540527344
1241,2016-12-07,0.458749475048311,0.4714554157137439,0.47266936750109845,0.4564834295645447,0.27552641737288885,0.00012140162084856021,0.013919892452787519,0.012746429346092603,0.0006069758936773084,0.18146728948794316,93.76614379882812
1242,2016-12-08,0.4707674946693125,0.4679754506531884,0.4740046886987363,0.46465731147301037,0.1925817807069423,0.012018019621001519,-0.003479965060555479,0.001335321197637851,0.008173881908465686,-0.08294463666594656,93.07402801513672
1243,2016-12-09,0.4659926648812135,0.4703224090771434,0.471131699531858,0.4654666341382904,0.1077194187788406,-0.004774829788099011,0.0023469584239549923,-0.0028729891668782814,0.0008093226652800545,-0.08486236192810169,93.5408172607422
1244,2016-12-12,0.4710102979110095,0.47509723886524236,0.47509723886524236,0.46809682006347153,0.21062060197399873,0.00501763302979602,0.004774829788098955,0.003965539333384338,0.0026301859251811055,0.10290118319515813,94.49044036865234
1245,2016-12-13,0.4759874744707111,0.4778488586218374,0.4791032668792864,0.47465212106250804,0.15722829185716664,0.0049771765597015905,0.0027516197565950473,0.0040060280140440385,0.006555300999036506,-0.0533923101168321,95.03771209716795
1246,2016-12-14,0.47683722139552004,0.4714554157137439,0.4799934702741898,0.4705247236381807,0.15351856245860943,0.0008497469248089362,-0.006393442908093516,0.0008902033949034216,-0.004127397424327328,-0.00370972939855721,93.76614379882812
1247,2016-12-15,0.47064612525902927,0.4707674946693125,0.47542095504712817,0.4699986928952576,0.14722234223769437,-0.00619109613649077,-0.0006879210444313832,-0.0045725152270616465,-0.0005260307429231226,-0.006296220220915055,93.62930297851562
1248,2016-12-16,0.45984202521481704,0.4709293527602553,0.47578512769910847,0.4596801671238741,0.282084987481009,-0.010804100044212228,0.00016185809094282355,0.000364172651980299,-0.01031852577138348,0.13486264524331465,93.6614990234375
1249,2016-12-19,0.4734382014857187,0.47461166459241355,0.4777274570009889,0.47262887882043875,0.13287108095378067,0.01359617627090165,0.003682311832158225,0.00194232930188043,0.012948711696564641,-0.14921390652722835,94.39385986328124
1250,2016-12-20,0.47525909695618535,0.47631119065259697,0.4778488586218374,0.47465212106250804,0.10050313240382334,0.0018208954704666547,0.0016995260601834206,0.0001214016208485047,0.0020232422420692897,-0.03236794854995732,94.73190307617188
1251,2016-12-21,0.47578512769910847,0.4742474919404334,0.4770800246372171,0.47315494177392725,0.10164489271207029,0.0005260307429231226,-0.002063698712163553,-0.0007688339846202985,-0.0014971792885807855,0.0011417603082469474,94.32144165039062
1252,2016-12-22,0.47481397915345086,0.4731144530932675,0.47546141151722254,0.4718600448358185,0.11976502544524756,-0.0009711485456576074,-0.0011330388471659236,-0.0016186131199945608,-0.0012948969381087472,0.018120132733177266,94.09611511230467
1253,2016-12-23,0.47469257753260236,0.47339771280505905,0.47525909695618535,0.4723051626385529,0.05269393811687461,-0.0001214016208485047,0.0002832597117915503,-0.00020231456103719792,0.00044511780273437385,-0.06707108732837294,94.15243530273438
1254,2016-12-27,0.4734786579558131,0.47355957089600187,0.47566375828882523,0.47262887882043875,0.04237758126719812,-0.0012139195767892352,0.00016185809094282355,0.00040466133263988846,0.00032371618188586915,-0.010316356849676488,94.18463134765624
1255,2016-12-28,0.4741665467896792,0.468380079775263,0.4749353807742994,0.4681777652142256,0.09604700907671114,0.0006878888338660571,-0.005179491120738844,-0.0007283775145258131,-0.004451113606213142,0.05366942780951302,93.15447998046876
1256,2016-12-29,0.469877291274409,0.4693917170015803,0.4717386754255354,0.4685823943363003,0.0615951354777934,-0.004289255515270152,0.0010116372263172524,-0.0031967053487640396,0.0004046291220746734,-0.03445187359891774,93.35567474365234
1257,2016-12-30,0.4702010074562949,0.46878474110790297,0.4702010074562949,0.4670447585776251,0.08444482613299524,0.00032371618188586915,-0.0006069758936773084,-0.001537667969240486,-0.00153763575867516,0.022849690655201843,93.23497772216795
1258,2017-01-03,0.4719409899865726,0.4701200623055407,0.47303354015307875,0.4676112457906427,0.11176540792078507,0.001739982530277684,0.00133532119763774,0.0028325326967838516,0.000566487213017608,0.02732058178778983,93.50052642822266
1259,2017-01-04,0.47198144645666706,0.4714149592436494,0.47331679986487013,0.4695130864118635,0.10869118995930885,4.0456470094485386e-05,0.0012948969381086917,0.00028325971179138376,0.001901840621220785,-0.003074217961476222,93.75807189941406
1260,2017-01-05,0.47153632865393263,0.4724670207294958,0.47529955342627966,0.47028192039648364,0.09795729731452593,-0.00044511780273442936,0.0010520614858464117,0.0019827535614095337,0.000768833984620132,-0.010733892644782916,93.96732330322266
1261,2017-01-06,0.47319539824402157,0.47962929762220957,0.4803576751367354,0.4714554157137439,0.1335250787085076,0.0016590695900889352,0.007162276892713759,0.005058121710455721,0.0011734953172602425,0.03556778139398167,95.39183044433594
1262,2017-01-09,0.4785772039257979,0.47566375828882523,0.47906277819862664,0.47566375828882523,0.14274033098299754,0.005381805681776319,-0.003965539333384338,-0.0012948969381087472,0.0042083425750813475,0.009215252274489938,94.6031265258789
1263,2017-01-10,0.4747735226833565,0.4768777100761799,0.4792651249702294,0.4729525950023245,0.1386315166925782,-0.0038036812424414035,0.0012139517873546724,0.00020234677160274606,-0.0027111632865007285,-0.004108814290419344,94.84458923339844
1264,2017-01-11,0.4756232696081655,0.47752514243995153,0.4779702280321205,0.47396423222864187,0.1066774562543604,0.0008497469248089917,0.0006474323637716273,-0.0012948969381088582,0.0010116372263173634,-0.0319540604382178,94.97330474853516
1265,2017-01-12,0.47752514243995153,0.4759874744707111,0.47752514243995153,0.47206239160742114,0.11681642236631949,0.0019018728317860556,-0.0015376679692404305,-0.00044508559216899224,-0.0019018406212207295,0.010138966111959094,94.6675033569336
1266,2017-01-13,0.47614933256165404,0.4777679134710833,0.4787390620167408,0.47590652931995703,0.11041675667827079,-0.001375809878297496,0.0017804390003722248,0.0012139195767892907,0.003844137712535889,-0.0063996656880487,95.0216064453125
1267,2017-01-17,0.47513769533533673,0.4743688613507165,0.47780836994117765,0.4734786579558131,0.12418421155146953,-0.001011637226317308,-0.003399052120366841,-0.0009306920755631776,-0.0024278713641439076,0.013767454873198734,94.34557342529295
1268,2017-01-18,0.47554235666797673,0.4777274570009889,0.4786986055466464,0.47428794841052774,0.08519118464714862,0.0004046613326399995,0.0033585956502724112,0.0008902356054687477,0.0008092904547146174,-0.03899302690432091,95.0135498046875
1269,2017-01-19,0.47882000716749495,0.4771204811073116,0.4805195332276784,0.47469257753260236,0.08916698244508112,0.0032776504995182254,-0.0006069758936773084,0.0018209276810319808,0.0004046291220746179,0.003975797797932501,94.89288330078124
1270,2017-01-20,0.4792651249702294,0.4767563084553314,0.4792651249702294,0.47392377575854744,0.10874661349784503,0.00044511780273442936,-0.000364172651980188,-0.0012544082574489912,-0.0007688017740549169,0.01957963105276392,94.82039642333984
1271,2017-01-23,0.4770395681671228,0.47509723886524236,0.4784962909856091,0.47335725633496456,0.08399031770259693,-0.0022255568031065986,-0.0016590695900890462,-0.0007688339846202985,-0.0005665194235828785,-0.0247562957952481,94.49044036865234
1272,2017-01-24,0.4760279309408055,0.4773227956683489,0.47780836994117765,0.4745307194416595,0.0943694997007483,-0.001011637226317308,0.002225556803106543,-0.0006879210444314388,0.0011734631066949164,0.010379181998151368,94.9330596923828
1273,2017-01-25,0.4785772039257979,0.47699907948646303,0.48015532836513275,0.47635164712269135,0.15866933927350896,0.0025492729849924123,-0.00032371618188586915,0.0023469584239551033,0.0018209276810318697,0.06429983957276066,94.8686981201172
1274,2017-01-26,0.47740374081910303,0.47736328434900865,0.4779297715620262,0.4745712081223191,0.22831951581430104,-0.0011734631066948609,0.0003642048625456251,-0.002225556803106543,-0.0017804390003722248,0.06965017654079209,94.94110107421876
1275,2017-01-27,0.4801148718950383,0.4791841798194752,0.48197625604616456,0.47392377575854744,0.14313569736268952,0.0027111310759352913,0.0018208954704665437,0.004046484484138357,-0.0006474323637716828,-0.08518381845161152,95.30329132080078
1276,2017-01-30,0.4778488586218374,0.48197625604616456,0.48201671251625905,0.47651350521363434,0.1167609988277833,-0.0022660132732009175,0.002792076226689366,4.0456470094485386e-05,0.0025897294550868977,-0.02637469853490622,95.85857391357422
1277,2017-01-31,0.48145022530324144,0.4787795506974006,0.4824618303189934,0.4749353807742994,0.15680707296429167,0.003601366681404039,-0.003196705348763984,0.00044511780273437385,-0.0015781244393349159,0.04004607413650836,95.2228012084961
1278,2017-02-01,0.4803576751367354,0.47748465375929183,0.4812478785316388,0.47521864048609086,0.08866445208608532,-0.0010925501665060566,-0.0012948969381087472,-0.0012139517873546168,0.00028325971179143927,-0.06814262087820634,94.96524047851562
1279,2017-02-02,0.47578512769910847,0.4774441972891974,0.4780107167127804,0.47396423222864187,0.0817992286743327,-0.004572547437626917,-4.0456470094429875e-05,-0.003237161818858414,-0.0012544082574489912,-0.006865223411752622,94.95723724365234
1280,2017-02-03,0.47958884115211514,0.4822999722280505,0.4829878932724819,0.4771204811073116,0.10569088185401475,0.003803713453006674,0.004855774938853086,0.004977176559701535,0.0031562488786697207,0.023891653179682046,95.92296600341795
1281,2017-02-06,0.48165253986427886,0.48290694812172785,0.4839185531374797,0.4809646510304127,0.11107075443299773,0.0020636987121637196,0.0006069758936773639,0.000930659864997796,0.003844169923101104,0.0053798725789829804,96.04369354248048
1282,2017-02-07,0.4842827580000254,0.4844446160909682,0.4862250550913404,0.48323066430361356,0.09418105966972529,0.0026302181357465426,0.001537667969240375,0.0023065019538606735,0.002266013273200862,-0.016889694763272442,96.34951782226562
1283,2017-02-08,0.48403995475832834,0.4844850725610626,0.4855776227275687,0.4827855465008793,0.06739991004741988,-0.0002428032416970649,4.0456470094374364e-05,-0.0006474323637716828,-0.0004451178027342628,-0.026781149622305406,96.3575668334961
1284,2017-02-09,0.4844850725610626,0.4882482973334096,0.48950270559085857,0.4841208999090824,0.08072765971009771,0.0004451178027342628,0.0037632247723469736,0.003925082863289853,0.0013353534082031215,0.013327749662677829,97.10601043701172
1285,2017-02-10,0.48877436028689814,0.4930636158021684,0.4936705916958456,0.4885720135152955,0.13266047150734317,0.004289287725835533,0.004815318468758822,0.004167886104987029,0.004451113606213086,0.05193281179724546,98.06372833251952
1286,2017-02-13,0.4946012837714088,0.500225892694882,0.5009947266795023,0.4940752208179203,0.16350237807706883,0.005826923484510638,0.007162276892713648,0.007324134983656694,0.005503207302624824,0.030841906569725658,99.48816680908205
1287,2017-02-14,0.4997403184220533,0.500225892694882,0.5016017025731796,0.49828356339300156,0.11496155766704087,0.005139034650644525,0.0,0.0006069758936773084,0.0042083425750812364,-0.048540820410027954,99.48816680908205
1288,2017-02-15,0.49917379899847036,0.502896567300723,0.5036654012853432,0.4984049650138501,0.11899646210127811,-0.0005665194235829341,0.002670674605840917,0.0020636987121636086,0.00012140162084856021,0.004034904434237235,100.01934814453124
1289,2017-02-16,0.5029774802409118,0.5024109930278943,0.5035439996644947,0.4989309957567733,0.159208806853395,0.003803681242441459,-0.0004855742728286927,-0.0001214016208485047,0.0005260307429231781,0.040212344752116894,99.92278289794922
1290,2017-02-17,0.5014398122716713,0.5040295739373234,0.5040295739373234,0.49901194090752743,0.10044034266975008,-0.001537667969240486,0.0016185809094291237,0.0004855742728286927,8.094515075413034e-05,-0.058768464183644925,100.24469757080078
1291,2017-02-21,0.505000722482981,0.5046365498310008,0.5058100129376956,0.5025728511188371,0.08754121350988593,0.0035609102113096647,0.0006069758936774194,0.0017804390003721693,0.0035609102113096647,-0.012899129159864145,100.3654327392578
1292,2017-02-22,0.501804017134217,0.5059718710286385,0.5060932726494871,0.4998212313622421,0.11827595610030775,-0.0031967053487640396,0.0013353211976376844,0.0002832597117915503,-0.002751619756594992,0.030734742590421818,101.17047882080078
1293,2017-02-23,0.5058100129376956,0.5050816676337352,0.507509538997879,0.5019658752251599,0.11056085787846485,0.004005995803478601,-0.0008902033949033106,0.0014162663483918703,0.0021446438629177944,-0.007715098221842895,100.99249267578124
1294,2017-02-24,0.50273470920978,0.5059314145585441,0.5059314145585441,0.500225892694882,0.09326471202779323,-0.003075303727915535,0.0008497469248088807,-0.0015781244393349159,-0.0017399825302778504,-0.01729614585067163,101.16238403320312
1295,2017-02-27,0.5041914320282664,0.5053649273455266,0.5062146742703356,0.50273470920978,0.15098749517478777,0.0014567228184864112,-0.0005664872130174414,0.0002832597117915503,0.0025088165148979824,0.05772278314699454,101.04910278320312
1296,2017-02-28,0.5058100129376956,0.5037868029061917,0.5087234907852336,0.5027751656798743,0.10726126266507538,0.0016185809094291237,-0.0015781244393349159,0.0025088165148979824,4.045647009431885e-05,-0.04372623250971239,100.73355102539062
1297,2017-03-01,0.5072667679667473,0.5149146191322899,0.5155620514960615,0.5072667679667473,0.14668655775557687,0.0014567550290517373,0.011127816226098153,0.00683856071082789,0.004491602286872953,0.039425295090501494,102.95858764648438
1298,2017-03-02,0.5129318333603149,0.5111918508300373,0.5153192482543644,0.5091281521178737,0.11141069727415351,0.005665065393567592,-0.0037227683022525992,-0.00024280324169712042,0.0018613841511263551,-0.035275860481423366,102.2142105102539
1299,2017-03-03,0.5110299927390943,0.5107062765572085,0.5124058026173919,0.5086830343151392,0.07217752531244356,-0.001901840621220563,-0.0004855742728288037,-0.0029134456369724893,-0.00044511780273448487,-0.039233171961709945,102.11713409423828
1300,2017-03-06,0.50625513074043,0.5101802136037199,0.5121225429056004,0.5058909580884497,0.11169889967454165,-0.0047748619986642815,-0.0005260629534885597,-0.00028325971179143927,-0.0027920762266894217,0.039521374362098086,102.0119400024414
1301,2017-03-07,0.5097351280115509,0.5109085911182457,0.511515567011923,0.5081569713616507,0.07585031749011052,0.003479997271120805,0.0007283775145258131,-0.0006069758936774194,0.002266013273200973,-0.03584858218443113,102.1575927734375
1302,2017-03-08,0.511515567011923,0.512243944526449,0.5147527610413469,0.5099374425725882,0.11527564799501365,0.0017804390003721693,0.0013353534082032326,0.0032371940294239065,0.0017804712109374954,0.03942533050490313,102.42459106445312
1303,2017-03-09,0.5120415977548463,0.5106253314064544,0.5148336739815357,0.5088044359359878,0.09160937206724487,0.0005260307429232336,-0.0016186131199945608,8.091294018874873e-05,-0.001133006636600431,-0.02366627592776878,102.10093688964844
1304,2017-03-10,0.5143885561788014,0.5140648399969154,0.5153597369350242,0.5118392831938089,0.09923947572519841,0.002346958423955159,0.003439508590461049,0.0005260629534885597,0.003034847257821105,0.007630103657953538,102.78868865966795
1305,2017-03-13,0.5143885561788014,0.5128104317394664,0.5153192482543644,0.5118392831938089,0.11521282284653878,0.0,-0.0012544082574490467,-4.0488680659866993e-05,0.0,0.015973347121340367,102.53784942626952
1306,2017-03-14,0.5059718710286385,0.5086830343151392,0.512243944526449,0.5022491349369513,0.07308647134443692,-0.008416685150162917,-0.004127397424327217,-0.003075303727915424,-0.009590148256857556,-0.04212635150210185,101.71256256103516
1307,2017-03-15,0.5111918508300373,0.513781580285124,0.5160071692987959,0.509856497421834,0.13306692259474237,0.005219979801398766,0.0050985459699848246,0.003763224772346918,0.007607362484882696,0.05998045125030545,102.73204040527344
1308,2017-03-16,0.5158453112078529,0.5113132524508858,0.5158453112078529,0.5107467330273029,0.10134192250620637,0.004653460377815666,-0.0024683278342382264,-0.00016185809094293457,0.0008902356054688587,-0.031725000088536,102.23848724365234
1309,2017-03-17,0.5132960060122952,0.5145504142697442,0.5151978466335159,0.5110704492091886,0.14187940687960165,-0.0025493051955577384,0.0032371618188584694,-0.0006474645743370644,0.0003237161818857581,0.040537484373395286,102.8857421875
1310,2017-03-20,0.5139029819059725,0.5118797396639033,0.514590902950404,0.5111109056792831,0.07503741531531212,0.0006069758936773084,-0.002670674605840917,-0.0006069436831118713,4.0456470094429875e-05,-0.06684199156428954,102.35175323486328
1311,2017-03-21,0.5141457851476696,0.5084807197541019,0.5151169336933271,0.5074690825277847,0.08735645657663145,0.00024280324169712042,-0.003399019909801404,0.0005260307429231226,-0.0036418231514984134,0.01231904126131933,101.67210388183594
1312,2017-03-22,0.5093304666789109,0.5078332551797649,0.5096137263907025,0.5039081723164749,0.07765347716302312,-0.004815318468758711,-0.0006474645743370644,-0.0055032073026246575,-0.0035609102113097757,-0.009702979413608329,101.5426788330078
1313,2017-03-23,0.5082783729824992,0.5079142003305189,0.5097755844816453,0.5063360758911841,0.06541202885565445,-0.0010520936964116823,8.094515075407482e-05,0.00016185809094282355,0.0024279035747092337,-0.012241448307368674,101.558837890625
1314,2017-03-24,0.5081974600423105,0.5048793208621325,0.5099778990426826,0.502896567300723,0.08211328358790386,-8.091294018874873e-05,-0.003034879468386431,0.00020231456103736445,-0.00343950859046116,0.016701254732249413,100.95201110839844
1315,2017-03-27,0.5008328685885595,0.5037868029061917,0.5051221241038295,0.4979193907410214,0.12297962609474769,-0.007364591453751013,-0.001092517955940786,-0.004855774938853141,-0.0049771765597015905,0.04086634250684383,100.73355102539062
1316,2017-03-28,0.5026133075889315,0.5069430517848614,0.5090472069671194,0.49990217651299623,0.07293128543653563,0.0017804390003720583,0.0031562488786697207,0.003925082863289853,0.00198278577197486,-0.050048340658212065,101.36466979980467
1317,2017-03-29,0.5056481548467527,0.5070239647250502,0.5077523422395761,0.5048793208621325,0.05695053670525656,0.003034847257821216,8.091294018874873e-05,-0.0012948647275432545,0.004977144349136264,-0.015980748731279068,101.38085174560548
1318,2017-03-30,0.5063360758911841,0.5074690825277847,0.5087234907852336,0.5057695564676012,0.06581107833311495,0.0006879210444313832,0.00044511780273448487,0.0009711485456574964,0.0008902356054687477,0.00886054162785839,101.46986389160156
1319,2017-03-31,0.50625513074043,0.5052839821947724,0.5080356019513674,0.5045960933609064,0.09857435784836262,-8.094515075407482e-05,-0.0021851003330122243,-0.0006878888338661682,-0.0011734631066948609,0.03276327951524767,101.0329360961914
1320,2017-04-03,0.5047174627711896,0.5030988818617603,0.5067407050132589,0.4988905392866789,0.10734994032673327,-0.001537667969240486,-0.0021851003330121133,-0.0012948969381085806,-0.005705554074227459,0.008775582478370653,100.59600830078124
1321,2017-04-04,0.5036654012853432,0.502491905968083,0.5047579514518493,0.5011565847704452,0.0653676900248255,-0.0010520614858463562,-0.0006069758936773084,-0.0019827535614095337,0.002266045483766299,-0.041982250301907775,100.4746322631836
1322,2017-04-05,0.5039081723164749,0.5000235459232794,0.5062956194210898,0.4997403184220533,0.09553711252217827,0.0002427710311316833,-0.0024683600448036636,0.001537667969240486,-0.0014162663483919258,0.03016942249735277,99.9811019897461
1323,2017-04-06,0.5007114669677108,0.501075639619691,0.5030988818617603,0.4990928538477163,0.0767334110089209,-0.0031967053487640396,0.0010520936964116823,-0.0031967375593294767,-0.0006474645743370089,-0.018803701513257373,100.19145965576172
1324,2017-04-07,0.5016421590432739,0.5028561108306286,0.5036654012853432,0.5001044910740335,0.06886312687917669,0.0009306920755630665,0.0017804712109376064,0.0005665194235828785,0.0010116372263172524,-0.007870284129744207,100.54747009277344
1325,2017-04-10,0.5028156221499689,0.5036249448152489,0.5064979339821271,0.5026942205291203,0.08380559618374409,0.0011734631066949719,0.000768833984620243,0.0028325326967838516,0.002589729455086731,0.014942469304567399,100.7011947631836
1326,2017-04-11,0.5035035431944003,0.5039486609971348,0.5049602660128866,0.5001854362247877,0.07047044491112756,0.0006879210444313832,0.00032371618188586915,-0.001537667969240486,-0.0025087843043325453,-0.01333515127261653,100.7659149169922
1327,2017-04-12,0.5044342352699634,0.4983240520736614,0.5048388643920381,0.49759567455913556,0.10052161872146927,0.0009306920755631776,-0.005624608923473329,-0.0001214016208485047,-0.0025897616656521683,0.03005117381034171,99.64127349853516
1328,2017-04-13,0.4974338164681926,0.4956938339379149,0.4996593732712991,0.495653345257255,0.061990501857485364,-0.007000418801770825,-0.0026302181357465426,-0.005179491120738955,-0.001942329301880541,-0.0385311168639839,99.11537170410156
1329,2017-04-17,0.49771707617998406,0.4994570587102619,0.4994570587102619,0.4952891726052749,0.06862294640738603,0.00028325971179143927,0.003763224772347029,-0.00020231456103719792,-0.0003641726519801325,0.006632444549900668,99.86782836914062
1330,2017-04-18,0.4985263666346987,0.49804079236186993,0.5005091524066735,0.4964626679225351,0.061561881354671694,0.0008092904547146174,-0.0014162663483919813,0.0010520936964115712,0.001173495317260187,-0.007061065052714338,99.58463287353516
1331,2017-04-19,0.5009542379988425,0.4966649824835724,0.5009542379988425,0.4962603211509324,0.06798003336036633,0.002427871364143852,-0.0013758098782975514,0.00044508559216904775,-0.00020234677160269054,0.006418152005694636,99.30951690673828
1332,2017-04-20,0.49953797165045055,0.5008328685885595,0.5041914320282664,0.4978384455902673,0.14698216176590373,-0.0014162663483919813,0.004167886104987084,0.0032371940294239065,0.0015781244393349159,0.0790021284055374,100.14290618896484
1333,2017-04-21,0.5142266980878584,0.5142266980878584,0.5191634181774656,0.5102611587544741,0.2321142397767476,0.014688726437407817,0.013393829499298904,0.014971986149199146,0.012422713164206789,0.08513207801084388,102.82103729248048
1334,2017-04-24,0.519365732738503,0.5251926562230135,0.5290368261461147,0.519365732738503,0.20843319604350305,0.0051390346506445805,0.010965958135155107,0.009873407968649106,0.009104573984028863,-0.02368104373324456,105.01371002197266
1335,2017-04-25,0.525880577267445,0.5232099026616039,0.5314646975102585,0.5207415426168004,0.2389831817006704,0.006514844528942021,-0.0019827535614095337,0.0024278713641437966,0.0013758098782974404,0.03054998565716735,104.61727905273438
1336,2017-04-26,0.5234122172226414,0.5264470644804625,0.5294009987980949,0.522562438087267,0.17332728927545676,-0.0024683600448035525,0.0032371618188585805,-0.0020636987121636086,0.0018208954704665992,-0.06565589242521364,105.2645492553711
1337,2017-04-27,0.5274182452366855,0.5255568610855591,0.5281061340705514,0.5237359334045272,0.12693325447726572,0.0040060280140440385,-0.0008902033949034216,-0.0012948647275434766,0.001173495317260187,-0.04639403479819104,105.08654022216795
1338,2017-04-28,0.5452632205527629,0.5306554070555439,0.5462748255685148,0.5298461166008293,0.22094064192144378,0.017844975316077427,0.0050985459699848246,0.018168691497963407,0.006110183196302077,0.09400738744417805,106.10601043701172
1339,2017-05-01,0.5302102892528096,0.5296842585098864,0.5336902865239305,0.5280656776004571,0.1168977338324403,-0.015052931299953332,-0.0009711485456574964,-0.012584539044584342,-0.0017804390003721693,-0.10404290808900347,105.91182708740234
1340,2017-05-02,0.5289963696760203,0.5308577216165812,0.5323953895858217,0.5289154245252661,0.1459069097039002,-0.0012139195767892907,0.0011734631066947498,-0.0012948969381088027,0.0008497469248089917,0.02900917587145989,106.14644622802734
1341,2017-05-03,0.5281061340705514,0.5303721473437524,0.5322335314948787,0.526568466101311,0.1661590602434386,-0.0008902356054688587,-0.0004855742728288037,-0.00016185809094293457,-0.002346958423955048,0.02025215053953841,106.0493621826172
1342,2017-05-04,0.5312623829492212,0.5308982102972409,0.5317884459027098,0.5286726534941344,0.10446784549404861,0.0031562488786698317,0.0005260629534885597,-0.00044508559216893673,0.0021041873928233645,-0.06169121474938999,106.15454864501952
1343,2017-05-05,0.5312219264791268,0.5317479572220499,0.5331237671003475,0.529077282616209,0.16382011608840852,-4.0456470094429875e-05,0.0008497469248089917,0.0013353211976376844,0.0004046291220746179,0.05935227059435991,106.32447052001952
1344,2017-05-08,0.5319907604637469,0.5306149505854495,0.5319907604637469,0.5293605423280004,0.08646964454565094,0.000768833984620132,-0.001133006636600431,-0.001133006636600542,0.00028325971179143927,-0.07735047154275758,106.09793853759766
1345,2017-05-09,0.5309386667673354,0.5337711994641192,0.5345804899188339,0.5300484311618666,0.10778224392731549,-0.0010520936964115712,0.0031562488786697207,0.002589729455086953,0.0006878888338661682,0.02131259938166455,106.72903442382812
1346,2017-05-10,0.5330023654794989,0.5330833106302532,0.5343781753577964,0.5309386667673354,0.08965102648643097,0.0020636987121634975,-0.0006878888338660571,-0.00020231456103747547,0.0008902356054687477,-0.018131217440884514,106.59146881103516
1347,2017-05-11,0.5336497978432707,0.5337307429940248,0.5361586143581687,0.5291986842370576,0.07682577176834732,0.0006474323637718493,0.0006474323637716273,0.0017804390003722803,-0.0017399825302777394,-0.012825254718083656,106.72093963623048
1348,2017-05-12,0.5329619090094045,0.5320716734039359,0.533245168721196,0.5311814700090324,0.08008474666307801,-0.0006878888338661682,-0.0016590695900888797,-0.0029134456369727113,0.001982785771974749,0.00325897489473069,106.38919830322266
1349,2017-05-15,0.5324358782664814,0.5340544591759108,0.5344186318278908,0.5315456426610127,0.08537225848263455,-0.0005260307429231226,0.00198278577197486,0.0011734631066948609,0.000364172651980299,0.005287511819556542,106.78564453125
1350,2017-05-16,0.5340544591759108,0.5341758607967593,0.5351470093424168,0.5317075007519556,0.06951712463390362,0.0016185809094293457,0.0001214016208485047,0.0007283775145259241,0.00016185809094293457,-0.015855133848730926,106.80995178222656
1351,2017-05-17,0.5315051861909182,0.5257996321166909,0.5315051861909182,0.5254759159348049,0.11590379323655758,-0.0025492729849925233,-0.008376228680068376,-0.0036418231514985244,-0.006231584817150693,0.04638666860265396,105.66739654541016
1352,2017-05-18,0.5252331449036732,0.5277419614185713,0.5308172651464869,0.5219959508742494,0.08932216835298243,-0.0062720412872450115,0.00194232930188043,-0.0006879210444313832,-0.003479965060555479,-0.026581624883575156,106.05769348144533
1353,2017-05-19,0.5315860991311071,0.5317075007519556,0.5341758607967593,0.5288749680551718,0.09231139175056928,0.006352954227433871,0.0039655393333842825,0.0033585956502724112,0.00687901718092232,0.0029892233975868515,106.8546371459961
1354,2017-05-22,0.535349323903454,0.5334879397523278,0.5356730400853399,0.5319907604637469,0.08077571705309682,0.003763224772346918,0.0017804390003721693,0.001497179288580619,0.00311579240857518,-0.011535674697472464,107.21247100830078
1355,2017-05-23,0.5330428541601588,0.5335284284329875,0.5356730400853399,0.5315051861909182,0.08465171706726257,-0.002306469743295181,4.048868065975597e-05,0.0,-0.0004855742728286927,0.0038760000141657563,107.2206039428711
1356,2017-05-24,0.5351874658125111,0.5347018915396824,0.5368465354026001,0.5330833106302532,0.08007366195537077,0.0021446116523522463,0.0011734631066948609,0.001173495317260187,0.0015781244393349159,-0.004578055111891799,107.45643615722656
1357,2017-05-25,0.5377367387975035,0.5412167360686244,0.5419450813725849,0.5347828366904365,0.09245921146293351,0.0025492729849924123,0.006514844528942021,0.0050985459699848246,0.0016995260601833095,0.012385549507562738,108.76567840576172
1358,2017-05-26,0.5410143892970217,0.5391934938265552,0.5427139475677705,0.5375344242364662,0.09947965619698906,0.0032776504995182254,-0.0020232422420691787,0.0007688661951855691,0.0027515875460297767,0.007020444734055553,108.3590850830078
1359,2017-05-30,0.5369679370234487,0.5378986290990118,0.5390720922057067,0.5366846773116573,0.09971243505884103,-0.004046452273573031,-0.0012948647275434766,-0.0036418553620637395,-0.0008497469248089917,0.00023277886185196772,108.0988540649414
1360,2017-05-31,0.540083729432024,0.5381414001301434,0.5401241859021183,0.5380199985092949,0.0804579436273555,0.003115792408575291,0.0002427710311316833,0.0010520936964115712,0.0013353211976376844,-0.019254491431485526,108.14766693115234
1361,2017-06-01,0.5404478698734388,0.5400027842812698,0.5416618216607935,0.5374535112962774,0.08486972812363876,0.0003641404414148619,0.0018613841511263551,0.00153763575867516,-0.0005664872130175524,0.0044117844962832525,108.52171325683594
1362,2017-06-02,0.5407311295852303,0.5423497104946595,0.5446562446590856,0.5397599810395728,0.09727004543667728,0.00028325971179143927,0.0023469262133897217,0.0029944229982921122,0.002306469743295403,0.01240031731303852,108.99337768554688
1363,2017-06-05,0.5419450813725849,0.5401646423722127,0.5428353169780537,0.540083729432024,0.09180517829380495,0.0012139517873546168,-0.002185068122446787,-0.0018209276810319253,0.00032374839245119524,-0.005464867142872323,108.55426025390624
1364,2017-06-06,0.5399623278111754,0.5371297951143915,0.5408930198867385,0.5369274483427889,0.07314929649291181,-0.0019827535614095337,-0.003034847257821216,-0.0019422970913151039,-0.003156281089235047,-0.018655881800893143,107.94434356689452
1365,2017-06-07,0.5376153693872203,0.5370488499636374,0.5395576664785354,0.5363204724491116,0.07668907217809194,-0.002346958423955048,-8.094515075407482e-05,-0.0013353534082031215,-0.0006069758936773084,0.00353977568518013,107.92807006835938
1366,2017-06-08,0.5370488499636374,0.5404074134033444,0.5405693037048527,0.5347423480097767,0.09525999482949736,-0.0005665194235828785,0.003358563439706974,0.0010116372263172524,-0.0015781244393349159,0.01857092265140542,108.6030502319336
1367,2017-06-09,0.5405288472347584,0.541378561949002,0.5425520572662622,0.5379795420392006,0.08580087898544822,0.003479997271120916,0.0009711485456576074,0.0019827535614095337,0.0032371940294239065,-0.00945911584404914,108.79821014404295
1368,2017-06-12,0.539517210008441,0.5392339502966496,0.5431994896300338,0.5365632756908087,0.08242737391587664,-0.0010116372263173634,-0.0021446116523524683,0.0006474323637716273,-0.0014162663483918703,-0.0033735050695715835,108.3672103881836
1369,2017-06-13,0.5412571925387188,0.5438064655237111,0.5439278993551251,0.5396386116292895,0.09956833385864695,0.0017399825302778504,0.004572515227061591,0.0007284097250912502,0.00307533593848075,0.017140959942770317,109.28614807128906
1370,2017-06-14,0.5440897252355027,0.5431994896300338,0.5456678496748375,0.5415404522505103,0.0772063703425635,0.0028325326967838516,-0.0006069758936773084,0.0017399503197124133,0.001901840621220785,-0.022361963516083452,109.16413879394533
1371,2017-06-15,0.5395981229486299,0.544130181705597,0.54469670112918,0.5395981229486299,0.10412790265289283,-0.004491602286872842,0.0009306920755631776,-0.0009711485456574964,-0.00194232930188043,0.02692153231032933,109.3511962890625
1372,2017-06-16,0.5448990479007826,0.5447776140693688,0.5476101467661526,0.5431994896300338,0.1285885944378141,0.00530092495215273,0.0006474323637717383,0.0029134456369726003,0.0036013666814039835,0.02446069178492126,109.48130798339844
1373,2017-06-19,0.5472864305842667,0.5496738776888815,0.5499166809305787,0.5463152820386092,0.10440502034557374,0.0023873826834841516,0.004896263619512786,0.002306534164426055,0.003115792408575402,-0.024183574092240354,110.46527862548828
1374,2017-06-20,0.5472459741141723,0.5459106529165345,0.5480552967794523,0.5452227640826685,0.07131660120904768,-4.0456470094429875e-05,-0.003763224772347029,-0.0018613841511263551,-0.001092517955940786,-0.03308841913652606,109.708984375
1375,2017-06-21,0.5464367158700231,0.5432399461001283,0.5470031708724753,0.5418641684323962,0.09357876694136437,-0.0008092582441492358,-0.002670706816406243,-0.0010521259069770084,-0.0033585956502723002,0.022262165732316694,109.17228698730467
1376,2017-06-22,0.54469670112918,0.5425116007961678,0.54469670112918,0.5410143892970217,0.06944325019212313,-0.0017400147408430655,-0.000728345303960487,-0.002306469743295292,-0.0008497791353744288,-0.024135516749241234,109.02591705322266
1377,2017-06-23,0.5423902313858846,0.5421878846142819,0.5432804025702227,0.5408121069465498,0.23339269967524995,-0.002306469743295403,-0.00032371618188586915,-0.0014162985589573074,-0.00020228235047192733,0.1639494494831268,108.96084594726562
1378,2017-06-26,0.5438469219938056,0.5432804025702227,0.5463152820386092,0.5424711443260735,0.046390316286020875,0.001456690607920974,0.001092517955940786,0.003034879468386542,0.0016590373795236646,-0.1870023833892291,109.1803970336914
1379,2017-06-27,0.5437660090536168,0.5378986290990118,0.544251615537011,0.5376153693872203,0.07184126556905632,-8.091294018874873e-05,-0.005381773471210938,-0.0020636665015982825,-0.004855774938853141,0.025450949283035443,108.0988540649414
1380,2017-06-28,0.5430781202197508,0.5421069716740932,0.5437660090536168,0.5402050988423072,0.08904873375807006,-0.0006878888338660571,0.004208342575081403,-0.0004856064833941298,0.002589729455086842,0.01720746818901374,108.94461059570312
1381,2017-06-29,0.5421069716740932,0.5354302690542082,0.5428353169780537,0.5317884459027098,0.0677583392062216,-0.0009711485456576074,-0.0066767026198849555,-0.0009306920755631776,-0.008416652939597369,-0.02129039455184846,107.60279846191406
1382,2017-06-30,0.5398813826604213,0.5393553519174981,0.5417022781308878,0.5369274483427889,0.06532703429176509,-0.0022255890136718692,0.003925082863289853,-0.0011330388471658681,0.005139002440079143,-0.0024313049144565058,108.39160919189452
1383,2017-07-03,0.5419450813725849,0.5410548457671162,0.5440088122953138,0.5403265004631557,0.03340250946449883,0.0020636987121636086,0.0016994938496180945,0.002306534164426055,0.00339905212036673,-0.03192452482726626,108.73316192626952
1384,2017-07-05,0.5406097601749471,0.5414190828402271,0.5422687975544708,0.5391934938265552,0.06914024457185759,-0.0013353211976377954,0.0003642370731109512,-0.0017400147408430655,-0.001133006636600431,0.03573773510735876,108.8063507080078
1385,2017-07-06,0.5394767535383467,0.5396790680993839,0.542673491097676,0.5389911792655178,0.05286020873248315,-0.001133006636600431,-0.0017400147408431765,0.00040469354320527007,-0.00020231456103747547,-0.016280035839374443,108.45668029785156
1386,2017-07-07,0.5410143892970217,0.5427139475677705,0.5448180705394631,0.5402455875229668,0.06394144582836056,0.0015376357586750489,0.003034879468386542,0.002144579441787031,0.0012544082574490467,0.011081237095877411,109.06656646728516
1387,2017-07-10,0.5425520572662622,0.5450204173110658,0.5484194694314326,0.5414999957804159,0.07579857704934288,0.001537667969240486,0.002306469743295292,0.0036013988919695317,0.0012544082574490467,0.011857131220982323,109.53008270263672
1388,2017-07-11,0.5458701964464402,0.5431185766898451,0.5458701964464402,0.5401646423722127,0.07176367261510566,0.0033181391801779814,-0.001901840621220674,-0.0025492729849924123,-0.0013353534082031215,-0.0040349044342372214,109.14788818359376
1389,2017-07-12,0.5459511093866289,0.5453441334929516,0.5472459741141723,0.544251615537011,0.06253365253513994,8.091294018874873e-05,0.002225556803106543,0.0013757776677321143,0.004086973164798224,-0.00923002007996572,109.59513854980467
1390,2017-07-13,0.5456273932047431,0.5476101467661526,0.5484599259015269,0.5448585914306883,0.09036044777969408,-0.00032371618188586915,0.002266013273200973,0.0012139517873546168,0.0006069758936773084,0.027826795244554142,110.05054473876952
1391,2017-07-14,0.5483385564912437,0.5496334212187872,0.5500380503408618,0.5468008885220034,0.06630989017994057,0.002711163286500673,0.002023274452634616,0.0015781244393349159,0.0019422970913151039,-0.02405055759975351,110.45713806152344
1392,2017-07-17,0.5499975938707674,0.5473268870543612,0.5499975938707674,0.5462748255685148,0.05277893268076396,0.0016590373795236646,-0.002306534164426055,-4.0456470094429875e-05,-0.0005260629534885597,-0.013530957499176613,109.99362182617188
1393,2017-07-18,0.5466794546905894,0.5470436917637004,0.5476506032362469,0.5453036770228573,0.06284402435094255,-0.0033181391801779814,-0.0002831952906607871,-0.002346990634520485,-0.0009711485456574964,0.010065091670178591,109.93668365478516
1394,2017-07-19,0.5482981000211494,0.5509282859463306,0.5510091988865193,0.5474887773558694,0.08145556732100676,0.001618645330559998,0.0038845941826302077,0.0033585956502724112,0.0021851003330121133,0.018611542970064204,110.71735382080078
1395,2017-07-20,0.5510496553566138,0.5460724787969121,0.5519803474321768,0.5457083061449319,0.10877250142542967,0.0027515553354643396,-0.004855807149418467,0.0009711485456574964,-0.0017804712109374954,0.027316934104422916,109.74150848388672
1396,2017-07-21,0.5410143892970217,0.5517376086116106,0.5560672883864097,0.5410143892970217,0.1311011754039898,-0.01003526605959204,0.005665129814698466,0.004086940954232898,-0.004693916847910207,0.02232867397856013,110.88001251220705
1397,2017-07-24,0.5535584718715117,0.5572407837036699,0.5581310193091387,0.5533157330509454,0.14336107461460276,0.012544082574490023,0.005503175092059331,0.0020637309227289347,0.012301343753923666,0.012259899210612962,111.98594665527344
1398,2017-07-25,0.5584142790209302,0.5553793995525437,0.5584142790209302,0.5524254974454766,0.11357965230140489,0.004855807149418467,-0.0018613841511262441,0.0002832597117915503,-0.0008902356054687477,-0.029781422313197872,111.61187744140624
1399,2017-07-26,0.5556626592643351,0.5603970325823396,0.5612063552476196,0.5538012751132088,0.09903254937652946,-0.002751619756595103,0.005017633029795965,0.0027920762266894217,0.0013757776677321143,-0.014547102924875432,112.62025451660156
1400,2017-07-27,0.5598305131587568,0.5542868815966029,0.561246811717714,0.5517376086116106,0.13562012387957686,0.004167853894421647,-0.006110150985736751,4.045647009431885e-05,-0.0020636665015981714,0.03658757450304741,111.3923110961914
1401,2017-07-28,0.5542868815966029,0.5535180154014173,0.5555008333839575,0.5510901118267081,0.0682386647354013,-0.005543631562153872,-0.0007688661951855691,-0.005745978333756452,-0.0006474967849025015,-0.06738145914417557,111.23780822753906
1402,2017-07-31,0.5560672883864097,0.5508069165360474,0.5588189081430048,0.550402222992842,0.14258514507509623,0.0017804067898068432,-0.0027110988653699097,0.003318074759047329,-0.0006878888338660571,0.07434648033969493,110.69296264648438
1403,2017-08-01,0.5517376086116106,0.5544082510068861,0.5546105977784888,0.5495929647486928,0.10604559250064631,-0.0043296797747991445,0.0036013344708386574,-0.004208310364516077,-0.0008092582441492358,-0.03653955257444992,111.41670989990234
1404,2017-08-02,0.5558245495658434,0.5613277246579028,0.5620156134917689,0.5538012751132088,0.17836721901328395,0.004086940954232787,0.00691947365101675,0.007405015713280116,0.004208310364515966,0.07232162651263764,112.80728912353516
1405,2017-08-03,0.5607612052343198,0.5647267767782695,0.5647267767782695,0.5584547354910245,0.09441752162934579,0.004936655668476453,0.00339905212036673,0.002711163286500673,0.004653460377815777,-0.08394969738393816,113.49037170410156
1406,2017-08-04,0.5647267767782695,0.5666690738695846,0.5667905077009985,0.562946305567332,0.1291280620177001,0.00396557154394972,0.0019422970913151039,0.0020637309227289347,0.004491570076307516,0.03471054038835432,113.88072967529295
1407,2017-08-07,0.5673569627034507,0.5622988732035603,0.5673569627034507,0.5581714757792331,0.13087948124984505,0.002630185925181161,-0.0043702006660243375,0.0005664550024522264,-0.004774829788098955,0.0017514192321449462,113.0024642944336
1408,2017-08-08,0.561813331141297,0.5611254423074309,0.5650504929601554,0.5604374890524341,0.07640455287547233,-0.005543631562153761,-0.0011734308961294238,-0.002306469743295292,0.002266013273200973,-0.05447492837437272,112.7666473388672
1409,2017-08-09,0.5620156134917689,0.5624607635050686,0.5637151717625176,0.5592235372650795,0.07233271122034486,0.00020228235047192733,0.0013353211976376844,-0.0013353211976377954,-0.0012139517873546168,-0.004071841655127473,113.03497314453124
1410,2017-08-10,0.5597496002185679,0.5553389430824492,0.5603970325823396,0.5545296204171692,0.11321754004483463,-0.002266013273200973,-0.007121820422619329,-0.0033181391801779814,-0.004693916847910207,0.040884828824489766,111.60376739501952
1411,2017-08-11,0.5536799057029256,0.5527087571572681,0.556674264280087,0.5526277797959486,0.0867172266273803,-0.006069694515642321,-0.002630185925181161,-0.0037227683022525992,-0.001901840621220674,-0.026500313417454333,111.07518005371094
1412,2017-08-14,0.554974770430469,0.5595067969768709,0.5611658987775252,0.5543677945367917,0.08576390635015635,0.0012948647275434766,0.006798039819602808,0.004491634497438168,0.0017400147408431765,-0.0009533202772239457,112.44134521484376
1413,2017-08-15,0.5601137728705482,0.5560672883864097,0.561004008476017,0.5554603124927324,0.06397838304925081,0.005139002440079143,-0.00343950859046116,-0.00016189030150826067,0.001092517955940675,-0.021785523300905538,111.75012969970705
1414,2017-08-16,0.5556222027942407,0.558737995202816,0.5606398358240368,0.5550961398407522,0.07396588176547875,-0.004491570076307516,0.002670706816406243,-0.000364172651980188,-0.000364172651980188,0.009987498716227936,112.8328628540039
1415,2017-08-17,0.5569575239918785,0.549714334158976,0.5579286725375361,0.549714334158976,0.1135242287628687,0.0013353211976377954,-0.009023661043840003,-0.002711163286500673,-0.005381805681776264,0.039558346997389957,111.0105972290039
1416,2017-08-18,0.5492287276755818,0.5460724787969121,0.5499166809305787,0.5456273932047431,0.11002139029857883,-0.007728796316296638,-0.0036418553620638505,-0.008011991606957425,-0.004086940954232898,-0.0035028384642898786,110.27516174316406
1417,2017-08-21,0.5460320223268177,0.5485812953118101,0.5493906179770901,0.544251615537011,0.05589008786313042,-0.0031967053487641506,0.0025088165148979824,-0.0005260629534885597,-0.0013757776677321143,-0.054131302435448406,110.78179931640624
1418,2017-08-22,0.5503617665227476,0.5539631654147171,0.5550152269005634,0.5498762244604842,0.06192399361124195,0.004329744195929908,0.005381870102907027,0.005624608923473273,0.005624608923473273,0.00603390574811153,111.86861419677734
1419,2017-08-23,0.5521422377336852,0.5519803474321768,0.5544487074769805,0.5509687424164249,0.046157537424168914,0.0017804712109376064,-0.001982817982540297,-0.0005665194235828785,0.001092517955940675,-0.015766456187073036,111.46820068359376
1420,2017-08-24,0.5528705830376457,0.5525064103856654,0.5545701413083944,0.5510901118267081,0.07095817205024595,0.000728345303960487,0.0005260629534885597,0.00012143383141394182,0.0001213694102831786,0.024800634626077032,111.57443237304688
1421,2017-08-25,0.5556626592643351,0.5536394492328313,0.5570789578232924,0.5535584718715117,0.07377004012451703,0.0027920762266894217,0.0011330388471658681,0.0025088165148979824,0.0024683600448036636,0.0028118680742710844,111.80325317382812
1422,2017-08-28,0.5549343139603746,0.5538417315833032,0.5562696351580124,0.552668236266043,0.05601573816008018,-0.000728345303960487,0.00020228235047192733,-0.000809322665279999,-0.0008902356054687477,-0.01775430196443685,111.84410858154295
1423,2017-08-29,0.5512520021282165,0.556917067521784,0.5572812401737643,0.550402222992842,0.06279228391017491,-0.0036823118321581694,0.003075335938480861,0.0010116050157519263,-0.002266013273200973,0.006776545750094731,112.46514129638672
1424,2017-08-30,0.556917067521784,0.5585761049013077,0.5589403419744187,0.5546915107186775,0.06592192541018731,0.005665065393567592,0.0016590373795236646,0.0016591018006543168,0.004289287725835478,0.003129641500012395,112.8001708984375
1425,2017-08-31,0.5600733164004538,0.5595067969768709,0.5606802922941311,0.5567552416414066,0.11030590960119842,0.0031562488786697207,0.0009306920755631776,0.0017399503197124133,0.0020637309227290457,0.04438398419101111,112.98809051513672
1426,2017-09-01,0.5595877743381904,0.556917067521784,0.5605589228838479,0.556917067521784,0.06500557776825523,-0.0004855420622633666,-0.002589729455086842,-0.0001213694102831786,0.00016182588037749746,-0.045300331832943186,112.46514129638672
1427,2017-09-05,0.5559459189761266,0.5523850409753822,0.5568361545815953,0.5510091988865193,0.10514773117636018,-0.0036418553620638505,-0.004532026546401835,-0.0037227683022525992,-0.0059078686352647125,0.04014215340810495,111.54993438720705
1428,2017-09-06,0.5552984866123548,0.5525468668557598,0.5552984866123548,0.5510091988865193,0.09014615523548807,-0.0006474323637717383,0.00016182588037760848,-0.001537667969240486,0.0,-0.01500157594087212,111.58261108398438
1429,2017-09-07,0.5520208039022713,0.5546915107186775,0.5560672883864097,0.5516161747801966,0.09091471857945753,-0.0032776827100835515,0.0021446438629176834,0.0007688017740549169,0.0006069758936773084,0.0007685633439694639,112.0157241821289
1430,2017-09-08,0.5536799057029256,0.556674264280087,0.5587784516729104,0.553032473339154,0.10825888635872664,0.0016591018006543168,0.0019827535614095337,0.002711163286500673,0.0014162985589573074,0.017344167779269115,112.41610717773438
1431,2017-09-11,0.5601137728705482,0.5624607635050686,0.5656574688538327,0.5601137728705482,0.0862146962683845,0.00643386716762262,0.005786499224981534,0.00687901718092232,0.007081299531394247,-0.02204419009034214,113.58464813232422
1432,2017-09-12,0.5622179602633716,0.5611658987775252,0.5627440232168601,0.5598305131587568,0.059204486296397296,0.0021041873928233645,-0.0012948647275433656,-0.0029134456369726003,-0.00028325971179143927,-0.027010209971987206,113.32316589355467
1433,2017-09-13,0.5606802922941311,0.5580096498988555,0.5615705278995998,0.5574431304752726,0.07551037464895474,-0.001537667969240486,-0.0031562488786697207,-0.001173495317260298,-0.0023873826834841516,0.016305888352557446,112.68578338623048
1434,2017-09-14,0.5574431304752726,0.5552175736721661,0.5574431304752726,0.5538012751132088,0.1264602951436231,-0.0032371618188584694,-0.0027920762266894217,-0.004127397424327217,-0.0036418553620638505,0.05094992049466837,112.12197875976562
1435,2017-09-15,0.5578882160674417,0.562258416733466,0.5644435170664781,0.5568766110516897,0.16975054095498476,0.00044508559216904775,0.007040843061299928,0.0070003865912054986,0.003075335938480972,0.04329024581136165,113.54378509521484
1436,2017-09-18,0.5636747152924232,0.5570789578232924,0.5638365411728008,0.5555412898540519,0.1063855353418021,0.005786499224981534,-0.005179458910173573,-0.0006069758936773084,-0.0013353211976377954,-0.06336500561318266,112.4978256225586
1437,2017-09-19,0.5579286725375361,0.5574026740051782,0.558737995202816,0.5550961398407522,0.12642335792273285,-0.005746042754887104,0.0003237161818857581,-0.0050985459699848246,-0.00044515001329969994,0.020037822580930745,112.56324005126952
1438,2017-09-20,0.5586570822626272,0.5612063552476196,0.5617323537799774,0.5576859337169697,0.13465943740681585,0.0007284097250911392,0.003803681242441459,0.00299435857716146,0.0025897938762174944,0.008236079484083003,113.3313446044922
1439,2017-09-21,0.5619751570216744,0.5699872130497626,0.5719295101410777,0.561691897309883,0.14464325302527525,0.003318074759047218,0.008780857802142994,0.010197156361100301,0.004005963592913275,0.009983815618459402,115.10457611083984
1440,2017-09-22,0.5689756080340107,0.5735885475206013,0.5748429557780503,0.5685709144908053,0.10778961012285256,0.007000451012336262,0.0036013344708386574,0.0029134456369726003,0.00687901718092232,-0.0368536429024227,115.83179473876952
1441,2017-09-25,0.5735885475206013,0.5697848662781599,0.574235979884373,0.5684495450805221,0.10876509981549097,0.004612939486590584,-0.003803681242441348,-0.0006069758936773084,-0.0001213694102831786,0.0009754896926384149,115.06365966796876
1442,2017-09-26,0.5707964712939119,0.5674783965348646,0.5722127698528692,0.5671142238828843,0.08726777891497356,-0.0027920762266894217,-0.002306469743295292,-0.0020232100315038526,-0.0013353211976377954,-0.02149732090051741,114.59793853759766
1443,2017-09-27,0.5687328047923136,0.564767233248364,0.5688541742025968,0.5644030605963837,0.11233444652602427,-0.0020636665015982825,-0.002711163286500673,-0.0033585956502724112,-0.002711163286500673,0.02506666761105071,114.05043029785156
1444,2017-09-28,0.5645649508978919,0.5688541742025968,0.5688541742025968,0.5636342588223289,0.07695142206529708,-0.004167853894421647,0.004086940954232787,0.0,-0.0007688017740548059,-0.03538302446072719,114.8757553100586
1445,2017-09-29,0.565576555913644,0.573548091050507,0.5736695248819208,0.5632700217492179,0.13573837256658794,0.0010116050157520373,0.004693916847910207,0.0048153506793240375,-0.0003642370731109512,0.05878695050129086,115.82366180419922
1446,2017-10-02,0.5738313507622984,0.5772708593527596,0.5773113158228539,0.573548091050507,0.0931908021716111,0.008254794848654434,0.0037227683022525992,0.0036417909409330873,0.01027806930128905,-0.042547570394976836,116.57540893554688
1447,2017-10-03,0.5774327496542678,0.5773113158228539,0.579253612914169,0.5755309090330472,0.0828005354657525,0.0036013988919694206,4.045647009431885e-05,0.0019422970913151039,0.001982817982540186,-0.010390266705858603,116.58361053466795
1448,2017-10-04,0.5781206384881339,0.5768257737605905,0.5788894402621888,0.5749643896094642,0.0660438571949669,0.0006878888338660571,-0.0004855420622633666,-0.000364172651980188,-0.0005665194235829896,-0.0167566782707856,116.4855499267578
1449,2017-10-05,0.5784443546700198,0.5789298967322831,0.5816815164888782,0.576299710807102,0.0829705245935312,0.00032371618188586915,0.0021041229716926013,0.0027920762266894217,0.0013353211976377954,0.0169266673985643,116.91046905517578
1450,2017-10-06,0.5778778352464369,0.5811555179565204,0.581317343836898,0.5772304028826651,0.08001823841683459,-0.0005665194235828785,0.0022256212242373064,-0.000364172651980188,0.0009306920755631776,-0.002952286176696614,117.35991668701172
1451,2017-10-09,0.5874275592437654,0.5810745405952009,0.5879535577761232,0.5801438485196377,0.08954017940935861,0.009549723997328563,-8.097736131951194e-05,0.0066362139392251995,0.0029134456369726003,0.009521940992524028,117.3435516357422
1452,2017-10-10,0.5827336423958552,0.5799011096990714,0.5835024441699102,0.5673165062333563,0.15137545994454105,-0.004693916847910207,-0.0011734308961295348,-0.004451113606213086,-0.012827342286281462,0.06183528053518243,117.10661315917967
1453,2017-10-11,0.5790917870337915,0.5775136625944566,0.5816410600187838,0.5760973640354993,0.11976134234747902,-0.0036418553620637395,-0.002387447104614804,-0.0018613841511263551,0.008780857802142994,-0.03161411759706202,116.62443542480467
1454,2017-10-12,0.5773922287630427,0.5794155032156773,0.5803461952912404,0.5773922287630427,0.1109968445768156,-0.0016995582707487467,0.001901840621220674,-0.0012948647275433656,0.0012948647275434766,-0.008764497770663418,117.00850677490234
1455,2017-10-13,0.584068963593493,0.5801438485196377,0.5849187427288675,0.5797392193975631,0.07972263440650774,0.006676734830450282,0.000728345303960487,0.004572547437627028,0.002346990634520374,-0.03127421017030786,117.15559387207033
1456,2017-10-16,0.5801438485196377,0.5816815164888782,0.5822075794423668,0.5786871579117169,0.0739695648632473,-0.00392511507385529,0.001537667969240486,-0.002711163286500673,-0.0010520614858462451,-0.00575306954326045,117.46614074707033
1457,2017-10-17,0.5806699114731263,0.5803866517613349,0.5822480359124611,0.5766638834590823,0.0899946524253553,0.0005260629534885597,-0.0012948647275433656,4.045647009431885e-05,-0.002023274452634616,0.016025087562108006,117.20465087890624
1458,2017-10-18,0.5802248258809573,0.5804271082314293,0.5815196906085006,0.5790513305636971,0.06407446232084739,-0.00044508559216904775,4.0456470094429875e-05,-0.000728345303960487,0.002387447104614804,-0.025920190104507912,117.21282196044922
1459,2017-10-19,0.5803057388211461,0.5811555179565204,0.5820052326707641,0.577109033472382,0.09692273639998442,8.091294018885975e-05,0.0007284097250911392,0.0004855420622634776,-0.0019422970913151039,0.03284827407913703,117.35991668701172
1460,2017-10-20,0.5873061254123515,0.5881559045477259,0.5906242645925295,0.5801843049897322,0.12450198497721084,0.0070003865912053875,0.0070003865912054986,0.008619031921765385,0.0030752715173502088,0.02757924857722642,118.7735824584961
1461,2017-10-23,0.5908670678342266,0.5904623742910212,0.5927689084554473,0.5881154480776315,0.10686589628538341,0.003560942421875102,0.002306469743295292,0.0021446438629177944,0.007931143087899328,-0.017636088691827423,119.23933410644533
1462,2017-10-24,0.5931735375775219,0.5912716969563012,0.5948325749570456,0.5903005484106436,0.12264340176576206,0.002306469743295292,0.000809322665279999,0.0020636665015982825,0.0021851003330121133,0.01577750548037865,119.40277862548828
1463,2017-10-25,0.5926474746240333,0.5907456340028127,0.5928093649255417,0.5881559045477259,0.1027349125795496,-0.0005260629534885597,-0.0005260629534885597,-0.0020232100315038526,-0.0021446438629176834,-0.019908489186212464,119.29655456542967
1464,2017-10-26,0.5928093649255417,0.5901386581091354,0.5928093649255417,0.5875084721839542,0.07931990183127871,0.0001618903015083717,-0.0006069758936773084,0.0,-0.0006474323637717383,-0.02341501074827089,119.17401123046876
1465,2017-10-27,0.5902196354704549,0.5915954131381871,0.5924046713823363,0.5888842498516864,0.06907745483778434,-0.002589729455086842,0.0014567550290517373,-0.0004046935432053811,0.0013757776677322253,-0.010242446993494372,119.46817016601562
1466,2017-10-30,0.5894912257453637,0.5852829153808476,0.5897744854571552,0.584837765367548,0.06671634126733977,-0.0007284097250911392,-0.006312497757339441,-0.002630185925181161,-0.004046484484138468,-0.0023611135704445646,118.19336700439452
1467,2017-10-31,0.5841094200635875,0.5833406182895325,0.5870228657005601,0.5830573585777411,0.09027548863020636,-0.005381805681776264,-0.0019422970913151039,-0.002751619756595103,-0.0017804067898068432,0.023559147362866587,117.80119323730467
1468,2017-11-01,0.585080568609245,0.5864563462769772,0.5875084721839542,0.5836238135801933,0.07987413721664052,0.0009711485456574964,0.0031157279874446386,0.0004856064833941298,0.0005664550024522264,-0.010401351413565837,118.43036651611328
1469,2017-11-02,0.5856066315627335,0.5883987077894229,0.5883987077894229,0.5821266665021779,0.07183758247128777,0.0005260629534885597,0.001942361512445756,0.0008902356054687477,-0.001497147078015404,-0.008036554745352753,118.8226318359375
1470,2017-11-03,0.5883582513193286,0.5866182365784854,0.5886414466099893,0.5858494348044306,0.05260526045521672,0.002751619756595103,-0.0017804712109374954,0.0002427388205663572,0.0037227683022527103,-0.01923232201607105,118.46307373046876
1471,2017-11-06,0.5887224239713088,0.5891675095634779,0.5910288937146041,0.5873465818824459,0.07533670242340751,0.000364172651980188,0.0025492729849924123,0.002387447104614804,0.001497147078015293,0.02273144196819079,118.97787475585938
1472,2017-11-07,0.5900172886988522,0.5947112055467624,0.5949944652585538,0.5896126595767776,0.09658279355882864,0.0012948647275433656,0.0055436959832845245,0.00396557154394972,0.002266077694331625,0.021246091135421127,120.09740447998048
1473,2017-11-08,0.5940637731829906,0.5942660555334626,0.5968963058797745,0.5929711908059192,0.09291736757669875,0.004046484484138468,-0.00044515001329981096,0.001901840621220674,0.003358531229141648,-0.0036654259821298912,120.00747680664062
1474,2017-11-09,0.5918786728499785,0.5885200771997061,0.592607018153939,0.5852019380195281,0.08698325961235397,-0.0021851003330121133,-0.005745978333756452,-0.004289287725835478,-0.007769252786391068,-0.005934107964344779,118.84711456298828
1475,2017-11-10,0.5860921736249969,0.5897744854571552,0.5933353634578995,0.5843117668351901,0.10745706889163548,-0.005786499224981645,0.0012544082574490467,0.000728345303960487,-0.0008901711843379845,0.02047380927928151,119.1004409790039
1476,2017-11-13,0.5894507692752693,0.5936996005310105,0.5947921184869511,0.5877512754256513,0.07442035478147543,0.0033585956502724112,0.00392511507385529,0.0014567550290516262,0.00343950859046116,-0.03303671411016004,119.89312744140624
1477,2017-11-14,0.5911907840161125,0.5961274396845889,0.5972604785317548,0.5897744854571552,0.08540551260575625,0.0017400147408431765,0.0024278391535784705,0.0024683600448036636,0.0020232100315038526,0.01098515782428082,120.38339233398438
1478,2017-11-15,0.5935377102295022,0.5922833019720531,0.5965725896978886,0.5916358696082814,0.09316863275619663,0.0023469262133897217,-0.003844137712535778,-0.0006878888338661682,0.0018613841511262441,0.007763120150440381,119.60704040527344
1479,2017-11-16,0.5920809552004505,0.5943470328947821,0.5956014411522311,0.5908265469430015,0.08161815483884677,-0.0014567550290517373,0.0020637309227289347,-0.0009711485456574964,-0.0008093226652798879,-0.011550477917349866,120.63784790039062
1480,2017-11-17,0.5923237584421476,0.5927689084554473,0.5948325749570456,0.5915954131381871,0.06050143251254555,0.00024280324169712042,-0.0015781244393348048,-0.0007688661951855691,0.0007688661951855691,-0.02111672232630122,120.31753540039062
1481,2017-11-20,0.5924856487436558,0.5986362561994869,0.6000930112285386,0.5924856487436558,0.13133027116807322,0.00016189030150826067,0.0058673477440396304,0.005260436271493085,0.0008902356054687477,0.07082883865552767,121.50848388671876
1482,2017-11-21,0.599890664456936,0.6043418424842797,0.6056771636819175,0.599890664456936,0.11189105821773482,0.007405015713280116,0.005705586284792785,0.005584152453378843,0.007405015713280116,-0.019439212950338403,122.66655731201172
1483,2017-11-22,0.6049082974867319,0.6028850874552281,0.606203226635406,0.6020353083198536,0.06707845352391004,0.005017633029795965,-0.0014567550290516262,0.0005260629534885597,0.0021446438629176834,-0.04481260469382478,122.37088775634766
1484,2017-11-24,0.6044227554244685,0.6055962507417287,0.608712043150304,0.6040990392425827,0.04420291035552518,-0.0004855420622633666,0.002711163286500673,0.0025088165148979824,0.0020637309227290457,-0.02287554316838486,122.9211883544922
1485,2017-11-27,0.6066078557574807,0.608712043150304,0.6114231420156739,0.6057985330922007,0.08441525510764207,0.0021851003330121133,0.003115792408575291,0.0027110988653699097,0.0016994938496179834,0.040212344752116894,123.5535888671875
1486,2017-11-28,0.6113017726053908,0.6181403333162188,0.6196375448153648,0.6110994258337882,0.135110227325044,0.004693916847910096,0.009428290165914732,0.008214402799690879,0.005300892741587515,0.05069497221740192,125.4673080444336
1487,2017-11-29,0.6193137642123482,0.6200826304075338,0.6213774951350772,0.6166431218170726,0.12364102545941333,0.008011991606957425,0.0019422970913149928,0.0017399503197124133,0.0055436959832844135,-0.011469201865630663,125.8615264892578
1488,2017-11-30,0.6228747066342233,0.6310890450127833,0.6340834680110755,0.6208514321815887,0.20991486377850416,0.003560942421875102,0.011006414605249537,0.012705972875998284,0.004208310364516077,0.08627383831909083,128.09559631347656
1489,2017-12-01,0.630036983526937,0.624776547255444,0.6323839097403268,0.6186258753784821,0.11134787212567863,0.007162276892713759,-0.00631249775733933,-0.0016995582707487467,-0.002225556803106543,-0.09856699165282552,126.8143081665039
1490,2017-12-04,0.6305225255892004,0.6222272742704515,0.6320197370883465,0.6222272742704515,0.12010124977423318,0.0004855420622633666,-0.0025492729849924123,-0.000364172651980299,0.0036013988919694206,0.00875337764855455,126.29688262939452
1491,2017-12-05,0.6224700775121487,0.6193542851035733,0.6264760411050619,0.619192394802065,0.09542258234733737,-0.008052448077051744,-0.0028729891668782814,-0.0055436959832845245,-0.003034879468386542,-0.02467866742689581,125.71373748779295
1492,2017-12-06,0.6202849771791364,0.6191114818618763,0.6221058404390377,0.6183426156666907,0.10702108219328473,-0.0021851003330122243,-0.0002428032416970094,-0.0043702006660242265,-0.0008497791353743178,0.011598499845947352,125.6644058227539
1493,2017-12-07,0.6191114818618763,0.6202445207090421,0.6223081872106403,0.6184235930280102,0.0755547134797837,-0.001173495317260187,0.0011330388471658681,0.00020234677160257952,8.097736131951194e-05,-0.03146636871350103,125.89439392089844
1494,2017-12-08,0.6227937936940344,0.6217821242571518,0.6236030519381838,0.6193947415736677,0.0547742154824681,0.0036823118321581694,0.0015376035481097228,0.0012948647275434766,0.0009711485456574964,-0.020780497997315593,126.2065200805664
1495,2017-12-11,0.6190305689216875,0.6199612609972506,0.6228342501641289,0.6188686786201791,0.13389459257501657,-0.003763224772346918,-0.001820863259901273,-0.0007688017740549169,-0.0005260629534885597,0.07912037709254846,125.83694458007812
1496,2017-12-12,0.6207705192413999,0.6221058404390377,0.6256667828609127,0.6191114818618763,0.1093452231284374,0.0017399503197124133,0.002144579441787142,0.0028325326967838516,0.00024280324169712042,-0.024549369446579164,126.27223205566406
1497,2017-12-13,0.6209324095429082,0.6304416126490117,0.6333955791772093,0.6195970239241396,0.1871205966618385,0.00016189030150826067,0.008335772209973946,0.007728796316296638,0.0004855420622633666,0.0777753735334011,127.96418762207033
1498,2017-12-14,0.6308462417710863,0.6200421739374394,0.6329908856340041,0.6197993706957423,0.1160848316576419,0.009913832228178099,-0.010399438711572229,-0.00040469354320527007,0.00020234677160269054,-0.0710357650041966,125.85334014892578
1499,2017-12-15,0.6238458551798808,0.6241695713617667,0.6257476958011015,0.621458408075266,0.15865825456580174,-0.0070003865912054986,0.004127397424327217,-0.007243189832902619,0.0016590373795236646,0.04257342290815984,126.6911163330078
1500,2017-12-18,0.6272044508301532,0.6255453490294988,0.6284588590876021,0.6231579663460147,0.13208774980433544,0.0033585956502724112,0.0013757776677321143,0.002711163286500673,0.0016995582707487467,-0.0265705047614663,126.97036743164062
1501,2017-12-19,0.6278114267238305,0.6236030519381838,0.6289039446797712,0.6232388792862035,0.15708419065697257,0.0006069758936773084,-0.0019422970913149928,0.00044508559216904775,8.091294018874873e-05,0.024996440852637136,126.57608032226562
1502,2017-12-20,0.6269616475884561,0.6261118684530818,0.627973252604208,0.6235625954680893,0.1323796353024921,-0.0008497791353744288,0.0025088165148979824,-0.0009306920755631776,0.00032371618188586915,-0.024704555354480462,127.0853500366211
1503,2017-12-21,0.6277709702537361,0.6220249274988489,0.6282969687860939,0.6211346918933801,0.17951634551706797,0.000809322665279999,-0.004086940954232898,0.00032371618188586915,-0.0024279035747092337,0.047136710214575855,126.25579833984376
1504,2017-12-22,0.6240076810602584,0.6210942354232857,0.6243314616632749,0.6196375448153648,0.07951574347224043,-0.0037632891934776813,-0.0009306920755631776,-0.0039655071228189565,-0.001497147078015293,-0.10000060204482754,126.06688690185548
1505,2017-12-26,0.6209324095429082,0.6221868178003571,0.6248979166657271,0.6209324095429082,0.05200300314125742,-0.0030752715173502088,0.0010925823770714382,0.0005664550024522264,0.0012948647275433656,-0.027512740330983006,126.28865814208984
1506,2017-12-27,0.6232793357562979,0.622955619574412,0.6235625954680893,0.6204063465894196,0.06518293309157101,0.0023469262133897217,0.0007688017740549169,-0.0013353211976377954,-0.0005260629534885597,0.013179929950313592,126.4447250366211
1507,2017-12-28,0.6231984228161092,0.6236839648783725,0.6247360907853495,0.6216607548468687,0.06111849304638224,-8.091294018874873e-05,0.000728345303960487,0.001173495317260187,0.0012544082574490467,-0.004064440045188772,126.59253692626952
1508,2017-12-29,0.6246551778451608,0.6205682368909279,0.6260714119829873,0.6205682368909279,0.06168009462728113,0.0014567550290516262,-0.0031157279874446386,0.0013353211976377954,-0.001092517955940786,0.0005616015808988864,125.9600830078125
1509,2018-01-02,0.6224295566209235,0.6219844710287545,0.6231579663460147,0.6179379865446161,0.10580913054102581,-0.0022256212242373064,0.0014162341378266552,-0.0029134456369726003,-0.002630250346311813,0.04412903591374468,126.24759674072266
1510,2018-01-03,0.6187068527398016,0.6168454685886753,0.6215393854365855,0.6142556747124578,0.23417234772692663,-0.003722703881121836,-0.0051390024400792544,-0.0016185809094292347,-0.0036823118321582804,0.12836321718590082,125.20446014404295
1511,2018-01-04,0.6183426156666907,0.6251811763775186,0.6251811763775186,0.6179379865446161,0.1661442570235612,-0.0003642370731109512,0.008335707788843294,0.0036417909409330873,0.0036823118321582804,-0.06802809070336543,126.89641571044922
1512,2018-01-05,0.6271234734688337,0.6295513770435429,0.6322625403300436,0.625221632847613,0.09159828735953764,0.008780857802142994,0.0043702006660243375,0.0070813639525250105,0.007283646302996938,-0.07454596966402356,127.7834930419922
1513,2018-01-08,0.6312509353142917,0.6261523249231761,0.6318173903167438,0.6240886584215779,0.10123844162467109,0.00412746184545798,-0.003399052120366841,-0.00044515001329981096,-0.001132974426035105,0.009640154265133455,127.09357452392578
1514,2018-01-09,0.6272449073002475,0.631291391784386,0.634366727722867,0.6264355846349676,0.12532593644531484,-0.0040060280140441495,0.005139066861209907,0.0025493374061231755,0.0023469262133897217,0.02408749482064375,128.1366729736328
1515,2018-01-10,0.6319388241481577,0.6356615924504103,0.6357829618606935,0.6272853637703419,0.09466878680884369,0.004693916847910207,0.0043702006660243375,0.0014162341378265442,0.0008497791353743178,-0.030657149636471148,129.02369689941406
1516,2018-01-11,0.6357829618606935,0.639020123679552,0.6393439042825685,0.6353378762685244,0.08607059506819043,0.003844137712535778,0.003358531229141648,0.0035609424218749908,0.008052512498182507,-0.008598191740653266,129.70538330078125
1517,2018-01-12,0.6416908304959582,0.6436735840573677,0.6453731423281165,0.6385345816172886,0.08659529484260069,0.0059078686352647125,0.004653460377815777,0.006029238045548002,0.0031967053487641506,0.0005246997744102616,130.6499481201172
1518,2018-01-16,0.6439568437691592,0.6388987542692688,0.6468298329360374,0.6364303942244651,0.12645661204585457,0.002266013273200973,-0.004774829788098955,0.001456690607920863,-0.0021041873928234756,0.03986131720325388,129.68077087402344
1519,2018-01-17,0.6380894960251196,0.6410029416620922,0.6431880419951043,0.6371182830583313,0.11687556441702583,-0.0058673477440396304,0.0021041873928233645,-0.0036417909409330873,0.0006878888338661682,-0.009581047628828734,130.1078643798828
1520,2018-01-18,0.6429856952235016,0.6384536686770997,0.6460205746918881,0.6384132122070054,0.09813096954007317,0.004896199198382023,-0.0025492729849924123,0.0028325326967838516,0.0012949291486741288,-0.018744594876952667,129.5904083251953
1521,2018-01-19,0.6410029416620922,0.6421359160881273,0.6421764369793523,0.6377252589520086,0.139134047051574,-0.0019827535614094227,0.003682247411027517,-0.003844137712535778,-0.0006879532549968204,0.04100307751150084,130.3377685546875
1522,2018-01-22,0.6421764369793523,0.6415290046155807,0.6432689549352931,0.6393843607526629,0.1207996217741907,0.001173495317260187,-0.0006069114725465452,0.001092517955940786,0.0016591018006543168,-0.018334425277383312,130.21461486816406
1523,2018-01-23,0.6433498678754819,0.6457777714501911,0.6488126509185776,0.6424191757999187,0.14419246310704711,0.0011734308961295348,0.004248766834610396,0.0055436959832845245,0.003034815047255779,0.02339284133285642,131.07705688476562
1524,2018-01-24,0.6483675009052778,0.6473154394194316,0.6499456253446128,0.6439163872990648,0.09809403231918291,0.005017633029795965,0.001537667969240486,0.001132974426035105,0.0014972114991460561,-0.0460984307878642,131.38912963867188
1525,2018-01-25,0.6498647124044239,0.65488234543422,0.6550846922058225,0.646101487632077,0.15086928190217833,0.0014972114991460561,0.007566906014788377,0.005139066861209796,0.0021851003330122243,0.05277524958299541,132.925048828125
1526,2018-01-26,0.6584027669648699,0.6676287747803126,0.6680738603724816,0.6514832933138531,0.18548002450676593,0.008538054560445985,0.012746429346092603,0.01298916816665907,0.005381805681776153,0.0346107426045876,135.5122528076172
1527,2018-01-29,0.6670622553567297,0.6533851339350738,0.6681952942038955,0.6531019386444131,0.1355979544641624,0.008659488391859815,-0.01424364084523877,0.0001214338314138308,0.001618645330559998,-0.04988207004260353,132.6211700439453
1528,2018-01-30,0.648853107388672,0.6432689549352931,0.6514832933138531,0.6393843607526629,0.14366776333263684,-0.018209147968057726,-0.010116178999780678,-0.016712000890042322,-0.01371757789175021,0.008069808868474443,130.56777954101562
1529,2018-01-31,0.6473963523596203,0.646101487632077,0.6495814526926325,0.6446042761329308,0.12156078350822146,-0.0014567550290516262,0.0028325326967838516,-0.001901840621220674,0.005219915380267892,-0.022106979824415382,131.1427001953125
1530,2018-02-01,0.6433903243455763,0.6460205746918881,0.6507144915397983,0.6410433981321866,0.10174097198366688,-0.0040060280140440385,-8.091294018885975e-05,0.0011330388471658681,-0.0035608780007442276,-0.019819811524554573,131.12628173828125
1531,2018-02-02,0.6421359160881273,0.6338811212394728,0.6454540552683052,0.6328290597536265,0.155510162162545,-0.0012544082574490467,-0.012139453452415294,-0.005260436271493085,-0.008214338378560115,0.05376919017887813,128.6622772216797
1532,2018-02-05,0.6290253785111851,0.607659917243327,0.6374015427701227,0.5947921184869511,0.21328096723813705,-0.013110537576942138,-0.026221203996145803,-0.008052512498182507,-0.03803694126667534,0.05777080507559204,123.34004974365234
1533,2018-02-06,0.5975841947136405,0.6126370938030286,0.6168454685886753,0.5956014411522311,0.1965427752849974,-0.03144118379754457,0.004977176559701535,-0.020556074181447448,0.000809322665279999,-0.016738191953139664,124.3502960205078
1534,2018-02-07,0.6125966373329342,0.6117873146676542,0.6253026102089325,0.6110589693636937,0.11720070403830422,0.015012442619293687,-0.0008497791353743178,0.008457141620257236,0.015457528211462623,-0.07934207124669317,124.17781829833984
1535,2018-02-08,0.6130012664550089,0.5908670678342266,0.6130012664550089,0.589653116046872,0.12424700128554278,0.0004046291220746179,-0.020920246833427636,-0.012301343753923666,-0.021405853316821766,0.007046297247238556,119.93150329589844
1536,2018-02-09,0.5949135523183651,0.5984744303191094,0.6041799521827714,0.5820862100320836,0.1997463266411919,-0.018087714136643784,0.007607362484882807,-0.008821314272237424,-0.007566906014788377,0.07549932535564913,121.47563934326172
1537,2018-02-12,0.6030874342268308,0.6048273845465432,0.6095213013944533,0.5951562911389314,0.12768333150358924,0.008173881908465686,0.00635295422743376,0.005341349211681834,0.01307008110684782,-0.07206299513760267,122.76508331298828
1538,2018-02-13,0.6023590245017395,0.6009023338938185,0.6047464716063543,0.5992836885632586,0.10402445718575916,-0.0007284097250912502,-0.003925050652724638,-0.004774829788098955,0.004127397424327217,-0.023658874317830078,121.96843719482422
1539,2018-02-14,0.5981102576671291,0.6085096963787013,0.6100878208180361,0.5950349217286482,0.10938216034932766,-0.004248766834610396,0.007607362484882807,0.005341349211681834,-0.004248766834610396,0.005357703163568497,123.51253509521484
1540,2018-02-15,0.6133655035281198,0.6208109757114942,0.6225914469224318,0.610168733758225,0.13432321307783024,0.015255245860990696,0.012301279332792903,0.012503626104395704,0.015133812029576754,0.024941052728502583,126.00939178466795
1541,2018-02-16,0.6194756545138564,0.6232793357562979,0.6273258202404364,0.6182617027265019,0.1034997574113489,0.00611015098573664,0.0024683600448036636,0.0047343733180045255,0.008092968968276937,-0.030823455666481342,126.51042175292967
1542,2018-02-20,0.6187473092098961,0.6245337440137468,0.6284993155576966,0.6173310106509388,0.1372237588137592,-0.000728345303960376,0.0012544082574489357,0.001173495317260187,-0.0009306920755631776,0.0337240014024103,126.76502990722656
1543,2018-02-21,0.6271234734688337,0.6233602486964867,0.6347309003748471,0.6232793357562979,0.1498272839632965,0.008376164258937613,-0.001173495317260187,0.006231584817150582,0.005948325105359142,0.012603525149537304,126.52685546875
1544,2018-02-22,0.6231984228161092,0.6203658901193253,0.6263951281648732,0.6182617027265019,0.08219087654185452,-0.003925050652724527,-0.002994358577161349,-0.008335772209973946,-0.005017633029795965,-0.06763640742144199,126.53092193603516
1545,2018-02-23,0.622510533982243,0.6276899928924166,0.6282969687860939,0.6216202983767742,0.11696424207868372,-0.0006878888338661682,0.007324102773091257,0.001901840621220674,0.0033585956502723002,0.03477336553682921,128.0248260498047
1546,2018-02-26,0.6295513770435429,0.6332741453457955,0.6341643809512643,0.6276495364223221,0.10726126266507538,0.007040843061299928,0.005584152453378954,0.005867412165170394,0.006029238045547891,-0.009702979413608342,129.16375732421875
1547,2018-02-27,0.633800208299284,0.6228342501641289,0.635054616556733,0.622510533982243,0.11447751362569103,0.004248831255741048,-0.010439895181666659,0.0008902356054687477,-0.005139002440079143,0.00721625096061565,127.03441619873048
1548,2018-02-28,0.624776547255444,0.6114635984857684,0.6271234734688337,0.6109375999534106,0.1303954372084952,-0.009023661043840003,-0.011370651678360488,-0.007931143087899328,-0.011572934028832416,0.015917923582804167,124.71519470214844
1549,2018-03-01,0.6123538340912371,0.5956823540924199,0.6128394405746312,0.5933353634578995,0.1709403231918292,-0.012422713164206844,-0.015781244393348492,-0.014284032894202436,-0.01760223649551107,0.040544885983334,121.49644470214844
1550,2018-03-02,0.5920809552004505,0.5994455788647669,0.6020757647899481,0.5913121534263956,0.12577304326577446,-0.02027287889078666,0.003763224772347029,-0.01076367578468318,-0.0020232100315038526,-0.04516727992605474,122.26400756835938
1551,2018-03-05,0.5971391091214716,0.600942790363913,0.6028446309851336,0.5928902778657305,0.1256289420655804,0.005058153921021158,0.0014972114991460561,0.0007688661951855691,0.0015781244393348048,-0.00014410120019406336,122.5693817138672
1552,2018-03-06,0.6043822989543741,0.6042608651229602,0.6066483122275751,0.6001739241687274,0.10282727333897602,0.007243189832902508,0.003318074759047218,0.003803681242441459,0.007283646302996938,-0.02280166872660437,123.2461395263672
1553,2018-03-07,0.5971391091214716,0.6086310657889845,0.6123942905613315,0.595803723502703,0.14724079314093869,-0.007243189832902508,0.0043702006660243375,0.005745978333756452,-0.0043702006660243375,0.04441351980196266,124.13748931884766
1554,2018-03-08,0.6124752679226511,0.6119492049691625,0.6147008247257576,0.607659917243327,0.08078308324863388,0.015336158801179445,0.0033181391801779814,0.002306534164426055,0.011856193740623966,-0.0664577098923048,124.81428527832033
1555,2018-03-09,0.6151054538478322,0.6240076810602584,0.6250598069672354,0.6134464164683086,0.10658506008053235,0.002630185925181161,0.012058476091095893,0.010358982241477799,0.005786499224981534,0.02580197683189847,127.27375793457033
1556,2018-03-12,0.6248574601956327,0.615995689453301,0.625019350497141,0.6147817376659463,0.08924089230126322,0.00975200634780049,-0.008011991606957425,-4.0456470094429875e-05,0.0013353211976377954,-0.01734416777926913,125.6396026611328
1557,2018-03-13,0.6176547268328246,0.6130417229251032,0.6216202983767742,0.6113422290754852,0.06968343066391379,-0.007202733362808078,-0.0029539665281977934,-0.00339905212036673,-0.00343950859046116,-0.019557461637349435,125.03712463378906
1558,2018-03-14,0.617492900952447,0.6086715866802096,0.6176547268328246,0.6073362010614411,0.07494873765365423,-0.00016182588037760848,-0.004370136244893574,-0.003965571543949609,-0.0040060280140440385,0.00526530698974044,124.14578247070312
1559,2018-03-15,0.609723648166056,0.6113017726053908,0.6136082423486862,0.607457634892855,0.06827563737069317,-0.007769252786391068,0.002630185925181161,-0.004046484484138468,0.0001214338314138308,-0.006673100282961059,124.68223571777344
1560,2018-03-16,0.6121920082108596,0.614174761772269,0.6168454685886753,0.6121920082108596,0.15996256697748706,0.0024683600448036636,0.0028729891668782814,0.0032372262399891216,0.0047343733180046366,0.0916869296067939,125.26819610595705
1561,2018-03-19,0.6113017726053908,0.6077813510747408,0.6128394405746312,0.6040585827724883,0.08030644081722273,-0.0008902356054688587,-0.00639341069752819,-0.0040060280140440385,-0.008133425438371367,-0.07965612616026434,123.96422576904295
1562,2018-03-20,0.6103710805298277,0.608914325500776,0.6146603682556632,0.6076194607732326,0.10054378813688375,-0.0009306920755630665,0.001132974426035105,0.0018209276810319253,0.0035608780007443386,0.020237347319661023,124.1952896118164
1563,2018-03-21,0.6100878208180361,0.6124752679226511,0.6181807897863131,0.607214831651158,0.09568861533231104,-0.0002832597117915503,0.003560942421875102,0.0035204215306499087,-0.0004046291220746179,-0.004855172804572705,124.92159271240234
1564,2018-03-22,0.6053534475000316,0.5943470328947821,0.6081050672566267,0.5924046713823363,0.09530801675809485,-0.0047343733180045255,-0.018128235027868977,-0.01007572252968636,-0.014810160268821648,-0.00038059857421619825,121.22410583496094
1565,2018-03-23,0.5947921184869511,0.5797796758676576,0.5994051223946725,0.5790513305636971,0.13355464973386078,-0.01056132901308049,-0.014567357027124528,-0.008699944861954245,-0.013353340818639259,0.03824663297576593,118.25294494628906
1566,2018-03-26,0.588600990139895,0.5945897717153484,0.5961274396845889,0.5840285071233987,0.0829705245935312,-0.006191128347056152,0.014810095847690885,-0.0032776827100835515,0.004977176559701646,-0.050584125140329575,121.27360534667967
1567,2018-03-27,0.5971795655915659,0.584068963593493,0.5994860353348613,0.5809531711849177,0.11383091748090278,0.008578575451670956,-0.010520808121855407,0.0033585956502724112,-0.003075335938480972,0.03086039288737158,119.12773895263672
1568,2018-03-28,0.5822884923825555,0.5796987629274688,0.5869419527603713,0.5765829705188935,0.1855687021684238,-0.014891073209010397,-0.0043702006660242265,-0.012544082574490023,-0.0043702006660242265,0.07173778468752103,118.23641967773438
1569,2018-03-29,0.5827336423958552,0.5847568524273592,0.5902196354704549,0.5810340841251065,0.09507892099401143,0.00044515001329969994,0.005058089499890395,0.0032776827100835515,0.004451113606212975,-0.09048978117441238,119.26806640625
1570,2018-04-02,0.5820456891408585,0.5763401672771964,0.5852829153808476,0.5671951368230732,0.15120182313339542,-0.0006879532549967093,-0.008416685150162806,-0.004936720089607216,-0.013838947302033278,0.05612290213938399,117.5514144897461
1571,2018-04-03,0.5786467014416224,0.5837452474116072,0.584068963593493,0.5731030054583379,0.118449628325855,-0.003398987699236078,0.007405080134410769,-0.0012139517873546168,0.0059078686352647125,-0.03275219480754042,119.0617218017578
1572,2018-04-04,0.5738718072323927,0.5860921736249969,0.5870228657005601,0.572779289276452,0.10231369368667462,-0.004774894209229719,0.0023469262133897217,0.00295390210706703,-0.00032371618188586915,-0.01613593463918038,119.54045104980467
1573,2018-04-05,0.5900577451689466,0.5924046713823363,0.5945897717153484,0.5878726448359345,0.08275251353715501,0.016185937936553874,0.006312497757339441,0.007566906014788377,0.015093355559482435,-0.019561180149519602,120.82795715332033
1574,2018-04-06,0.5874275592437654,0.5775945755346454,0.5904623742910212,0.5724960295646606,0.10596799954669565,-0.002630185925181161,-0.014810095847690885,-0.004127397424327217,-0.015376615271273875,0.02321548600954064,117.8072509765625
1575,2018-04-09,0.5799415661691658,0.5779587481866256,0.5879940142462177,0.5771899464125707,0.07214055267715169,-0.007485993074599628,0.000364172651980188,-0.0024683600448035525,0.004693916847910096,-0.03382744686954396,117.88155364990234
1576,2018-04-10,0.5868205833500881,0.5892889433948917,0.595115834668837,0.5851210250793394,0.10642987417263104,0.00687901718092232,0.011330195208266058,0.007121820422619329,0.007931078666768676,0.03428932149547935,120.19244384765624
1577,2018-04-11,0.5846759394871703,0.583826160351796,0.589653116046872,0.5824908391541582,0.07216644060473633,-0.0021446438629177944,-0.005462783043095665,-0.005462718621965013,-0.002630185925181161,-0.03426343356789471,119.0782699584961
1578,2018-04-12,0.587144299531974,0.5926879310941278,0.5954800073208172,0.587144299531974,0.08600408682194702,0.0024683600448036636,0.008861770742331743,0.005826891273945201,0.004653460377815777,0.013837646217210689,120.88571166992188
1579,2018-04-13,0.5956418976223256,0.5912716969563012,0.5963297864561916,0.5882772739580091,0.05869458974186443,0.008497598090351555,-0.0014162341378265442,0.0008497791353744288,0.001132974426035105,-0.02730949708008259,120.59685516357422
1580,2018-04-16,0.5964106993963804,0.5938209699412936,0.5994051223946725,0.5925665616838446,0.09480552181350067,0.0007688017740548059,0.0025492729849924123,0.003075335938480861,0.004289287725835478,0.036110932071636244,121.11680603027344
1581,2018-04-17,0.598433973849015,0.6017115921379679,0.6030874342268308,0.597624651183735,0.07782711397416874,0.002023274452634616,0.007890622196674246,0.0036823118321582804,0.005058089499890395,-0.016978407839331938,122.72620391845705
1582,2018-04-18,0.6043822989543741,0.6044227554244685,0.6079431769551185,0.6011855936056101,0.10166337902971623,0.005948325105359142,0.002711163286500673,0.004855742728287704,0.003560942421875102,0.023836265055547493,123.27916717529295
1583,2018-04-19,0.6020757647899481,0.5994051223946725,0.6067696816378582,0.5969367623498689,0.11758498571028894,-0.002306534164426055,-0.005017633029796076,-0.001173495317260298,-0.004248831255741159,0.015921606680572714,122.2557373046875
1584,2018-04-20,0.6100878208180361,0.6092784981527563,0.6133249826368947,0.5986362561994869,0.19473224941654774,0.008012056028088077,0.00987337575808378,0.006555300999036562,0.0016994938496179834,0.0771472637062588,124.2695541381836
1585,2018-04-23,0.6098450175763391,0.601387875956082,0.6135677858785917,0.5970986526513772,0.16486211402729034,-0.0002428032416970094,-0.007890622196674246,0.0002428032416970094,-0.0015376035481097228,-0.029870135389257396,122.66018676757812
1586,2018-04-24,0.602440001863059,0.5957228105625143,0.6072957445913467,0.5861326300950913,0.1548820169210011,-0.007405015713280116,-0.005665065393567703,-0.0062720412872450115,-0.01096602255628587,-0.009980097106289249,121.50473022460938
1587,2018-04-25,0.5966939591081718,0.5950753781987426,0.5996883821064639,0.5869419527603713,0.10630794238785145,-0.005746042754887215,-0.0006474323637717383,-0.007607362484882807,0.000809322665279999,-0.048574074533149644,121.37262725830078
1588,2018-04-26,0.5961274396845889,0.5940233167128963,0.5989195159112783,0.5910693501846985,0.0888492090193398,-0.0005665194235828785,-0.0010520614858462451,-0.0007688661951855691,0.004127397424327217,-0.017458733368511642,121.15808868408205
1589,2018-04-27,0.5929711908059192,0.5945493152452541,0.5956014411522311,0.5902600919405493,0.07878043425139267,-0.0031562488786697207,0.0005259985323577965,-0.003318074759047218,-0.0008092582441492358,-0.010068774767947139,121.26536560058594
1590,2018-04-30,0.5949540087884594,0.5854447412612253,0.5977055641239237,0.5851210250793394,0.11955441599881007,0.001982817982540186,-0.009104573984028863,0.0021041229716926013,-0.005139066861209907,0.04077398174741741,119.40837860107422
1591,2018-05-01,0.5841903330037762,0.5847568524273592,0.5856066315627335,0.5753285622614445,0.08984314961522252,-0.01076367578468318,-0.0006878888338660571,-0.012098932561190212,-0.00979246281789492,-0.02971126638358755,119.26806640625
1592,2018-05-02,0.584837765367548,0.5785657240803029,0.5882368174879147,0.5774327496542678,0.0867172266273803,0.0006474323637717383,-0.006191128347056263,0.002630185925181161,0.0021041873928233645,-0.003125922987842228,118.0053253173828
1593,2018-05-03,0.5755713655031415,0.5801033920495434,0.5829763812164216,0.5645244300066669,0.16096022608553995,-0.009266399864406472,0.001537667969240486,-0.005260436271493085,-0.012908319647600974,0.07424299945815965,118.31892395019533
1594,2018-05-04,0.5748834122481448,0.5822480359124611,0.5851614815494338,0.572779289276452,0.09754716312935818,-0.0006879532549967093,0.0021446438629176834,0.0021851003330122243,0.008254859269785197,-0.06341306295618176,118.75637817382812
1595,2018-05-07,0.5835429006400046,0.5833406182895325,0.5864968671682023,0.5813578003069924,0.06747750300137054,0.008659488391859815,0.0010925823770714382,0.0013353856187684476,0.008578511030540303,-0.030069660127987646,118.97923278808594
1596,2018-05-08,0.580872258244729,0.5836238135801933,0.584068963593493,0.5778373787763424,0.10449741651940178,-0.002670642395275591,0.0002831952906607871,-0.0024279035747092337,-0.0035204215306499087,0.037019913518031244,119.03697967529295
1597,2018-05-09,0.5855257186225448,0.589531682215458,0.5896935725169664,0.5834215312297214,0.0913691915954542,0.004653460377815777,0.0059078686352647125,0.005624608923473384,0.005584152453378954,-0.013128224923947579,120.24195861816406
1598,2018-05-10,0.5907860904729071,0.5960465267444002,0.5964511558664748,0.5895721386855525,0.07292760233876708,0.005260371850362322,0.006514844528942132,0.006757583349508378,0.00615060745583107,-0.018441589256687124,121.5707015991211
1599,2018-05-11,0.5947516620168567,0.5962893299860972,0.6000120982883498,0.5941851425932738,0.05702812965920721,0.003965571543949609,0.0002428032416970094,0.0035609424218749908,0.004613003907721347,-0.015899472679559865,121.62025451660156
1600,2018-05-14,0.5982720835475067,0.5960465267444002,0.6006595306521215,0.5939423393515768,0.06717821589327516,0.0035204215306500197,-0.0002428032416970094,0.0006474323637717383,-0.0002428032416970094,0.010150086234067948,121.5707015991211
1601,2018-05-15,0.5951562911389314,0.5962488735160029,0.5975841947136405,0.5943065764246878,0.0989217022994571,-0.003115792408575291,0.00020234677160269054,-0.003075335938480972,0.0003642370731109512,0.03174348640618194,121.61202239990234
1602,2018-05-16,0.5953990943806284,0.5970581317601521,0.5984744303191094,0.5936996005310105,0.07200385308689632,0.0002428032416970094,0.0008092582441492358,0.0008902356054688587,-0.0006069758936773084,-0.026917849212560782,121.777099609375
1603,2018-05-17,0.5949540087884594,0.5953181814404397,0.5973009350018491,0.5924046713823363,0.07276501482092708,-0.00044508559216904775,-0.0017399503197124133,-0.001173495317260298,-0.0012949291486741288,0.000761161734030763,122.03841400146484
1604,2018-05-18,0.5962488735160029,0.6002549015300469,0.6019139389095705,0.593861426411388,0.1088722637947948,0.0012948647275434766,0.004936720089607216,0.004613003907721347,0.0014567550290516262,0.03610724897386772,123.05040740966795
1605,2018-05-21,0.6046251021960711,0.6089547819708704,0.6115445758470879,0.6030064568655112,0.09043067453810767,0.008376228680068265,0.008699880440823482,0.009630636937517423,0.009145030454123293,-0.018441589256687124,124.83382415771484
1606,2018-05-22,0.6115041193769934,0.6104924499401109,0.6169263815288641,0.6089953028620955,0.1237112522178269,0.00687901718092232,0.001537667969240486,0.005381805681776264,0.0059888459965842245,0.03328057767971923,125.14905548095705
1607,2018-05-23,0.6069720284094609,0.6123133776211427,0.612677550273123,0.606203226635406,0.10454543844799927,-0.004532090967532598,0.0018209276810318142,-0.004248831255741159,-0.0027920762266894217,-0.019165813769827636,125.52233123779295
1608,2018-05-24,0.6127585276344425,0.6113422290754852,0.6163598621052812,0.606162705744181,0.09751762751840663,0.005786499224981645,-0.0009711485456574964,0.0036823118321581694,-4.052089122508207e-05,-0.007027810929592634,125.32327270507812
1609,2018-05-25,0.6102497111195445,0.6096427352258672,0.6131631567565171,0.606162705744181,0.07147547021471752,-0.0025088165148979824,-0.0016994938496179834,-0.0031967053487640396,0.0,-0.026042157303689112,124.9748764038086
1610,2018-05-29,0.6053129910299373,0.5996883821064639,0.6077003737134213,0.5967748720483607,0.08679481958133095,-0.004936720089607216,-0.009954353119403292,-0.005462783043095776,-0.009387833695820302,0.01531934936661343,122.93424224853516
1611,2018-05-30,0.6019948518497593,0.6087524996203985,0.6100878208180361,0.6019948518497593,0.0809863264995343,-0.0033181391801779814,0.009064117513934544,0.002387447104614804,0.005219979801398655,-0.005808493081796651,124.7923812866211
1612,2018-05-31,0.6100878208180361,0.5985148867892037,0.6100878208180361,0.5979079108955264,0.18614514238360172,0.008092968968276826,-0.010237612831194731,0.0,-0.004086940954232898,0.10515881588406742,122.6937026977539
1613,2018-06-01,0.6023185680316452,0.6073362010614411,0.6082668931370043,0.6020353083198536,0.06405229290543292,-0.007769252786390957,0.008821314272237424,-0.0018209276810318142,0.004127397424327217,-0.1220928494781688,124.50202941894533
1614,2018-06-04,0.6069720284094609,0.6075385478330438,0.6090357593321899,0.6037753230606968,0.07746131861982994,0.004653460377815666,0.00020234677160269054,0.0007688661951855691,0.0017400147408431765,0.013409025714397019,124.54349517822266
1615,2018-06-05,0.6088738690306816,0.6064459654559724,0.609602214334642,0.6052725345598429,0.06238214972500717,0.001901840621220785,-0.0010925823770714382,0.0005664550024521153,0.0014972114991460561,-0.015079168894822768,124.31952667236328
1616,2018-06-06,0.6073766575315355,0.6110185128935993,0.6110185128935993,0.6017925694992874,0.09622068130225837,-0.0014972114991461671,0.004572547437626917,0.0014162985589573074,-0.003479965060555479,0.0338385315772512,125.25688934326172
1617,2018-06-07,0.6111803387739769,0.6154291700297181,0.6167240347572615,0.6110185128935993,0.07330816549858166,0.003803681242441459,0.004410657136118767,0.005705521863662133,0.00922594339431193,-0.022912515803676717,126.16107177734376
1618,2018-06-08,0.614174761772269,0.6144984779541549,0.6166431218170726,0.6137701326501944,0.07174150319969119,0.0029944229982921122,-0.0009306920755631776,-8.091294018885975e-05,0.002751619756595103,-0.0015666622988904644,125.97029876708984
1619,2018-06-11,0.6147412811958519,0.6145389344242492,0.6168454685886753,0.6130822438163284,0.06372711786975291,0.0005665194235828785,4.045647009431885e-05,0.00020234677160269054,-0.0006878888338660571,-0.008014385329938284,125.9785614013672
1620,2018-06-12,0.6148221941360408,0.6161170588635841,0.6170477509391473,0.6132845261668003,0.08304071593754316,8.091294018885975e-05,0.0015781244393349159,0.00020228235047203835,0.00020228235047192733,0.019313598067790247,126.30206298828124
1621,2018-06-13,0.6148221941360408,0.6143771085438717,0.6170882074092416,0.6125561808628398,0.07150504124007069,0.0,-0.0017399503197124133,4.045647009431885e-05,-0.000728345303960487,-0.011535674697472464,125.94538116455078
1622,2018-06-14,0.6164812315155643,0.6118278355588793,0.6170477509391473,0.6081859801968155,0.09356031603812007,0.0016590373795235536,-0.0025492729849924123,-4.045647009431885e-05,-0.0043702006660243375,0.022055274798049376,125.4228286743164
1623,2018-06-15,0.6088334125605872,0.607902720485024,0.6088334125605872,0.6020353083198536,0.14503490089279705,-0.007647818954977126,-0.00392511507385529,-0.008214338378560115,-0.006150671876961833,0.051474584854676986,124.61817932128906
1624,2018-06-18,0.6030874342268308,0.6067696816378582,0.6074171140016299,0.6011046162442906,0.058465493977781,-0.005745978333756452,-0.0011330388471658681,-0.0014162985589573074,-0.0009306920755630665,-0.08656940691501605,124.38589477539062
1625,2018-06-19,0.600699987122216,0.5959656138042113,0.6026827406836254,0.5945088587751597,0.09575512357855445,-0.002387447104614804,-0.010804067833646847,-0.0047343733180045255,-0.006595757469130881,0.03728962960077345,122.1710968017578
1626,2018-06-20,0.5956014411522311,0.5929711908059192,0.5980292803058096,0.5915954131381871,0.07150504124007069,-0.0050985459699848246,-0.0029944229982921122,-0.004653460377815777,-0.0029134456369726003,-0.02425008233848376,121.55726623535156
1627,2018-06-21,0.5906647210626239,0.582571752094347,0.5915145001979982,0.5809936276550122,0.11826115288043036,-0.004936720089607216,-0.010399438711572229,-0.006514780107811369,-0.01060178548317492,0.04675611164035967,119.42536163330078
1628,2018-06-22,0.5883582513193286,0.5826931215046302,0.5883582513193286,0.5822075794423668,0.1067107103774821,-0.002306469743295292,0.0001213694102831786,-0.0031562488786696097,0.0012139517873546168,-0.01155044250294826,119.45027160644533
1629,2018-06-25,0.5803461952912404,0.5828550118061384,0.5849591991989618,0.5743978701858813,0.13209143290210398,-0.008012056028088188,0.00016189030150826067,-0.003399052120366841,-0.0078097092564854975,0.025380722524621882,119.4834442138672
1630,2018-06-26,0.5847163959572648,0.5827336423958552,0.5873061254123515,0.58232894885265,0.11755173158716724,0.0043702006660243375,-0.0001213694102831786,0.0023469262133897217,0.007931078666768676,-0.014539701314936745,119.45860290527344
1631,2018-06-27,0.5875893851241429,0.5792131564440747,0.5900172886988522,0.5791322435038858,0.11495787456927234,0.0028729891668781704,-0.003520485951780561,0.002711163286500673,-0.0031967053487641506,-0.002593857017894899,118.73690795898438
1632,2018-06-28,0.5820862100320836,0.5791726999739802,0.5828954682762328,0.5759355381551218,0.10559480258241817,-0.005503175092059331,-4.0456470094429875e-05,-0.007121820422619329,-0.0031967053487640396,-0.009363071986854168,118.72860717773438
1633,2018-06-29,0.5800224791093546,0.5828954682762328,0.5894103128051749,0.5794155032156773,0.1045158674226461,-0.0020637309227290457,0.0037227683022525992,0.006514844528942021,0.003479965060555479,-0.0010789351597720737,119.4917449951172
1634,2018-07-02,0.5801033920495434,0.5859708042147137,0.586577780108391,0.5786871579117169,0.08326612860385804,8.091294018885975e-05,0.003075335938480861,-0.0028325326967838516,-0.000728345303960376,-0.021249738818788055,120.12217712402344
1635,2018-07-03,0.5871038430618796,0.5864968671682023,0.5932949069878051,0.5854851977313196,0.04607994447021826,0.007000451012336151,0.0005260629534885597,0.006717126879414059,0.006798039819602697,-0.037186184133639784,120.2300262451172
1636,2018-07-05,0.5904219178209268,0.5864158898068828,0.5911907840161125,0.5837857038817016,0.07316038120061905,0.003318074759047218,-8.097736131951194e-05,-0.0021041229716926013,-0.0016994938496179834,0.027080436730400788,120.21343231201172
1637,2018-07-06,0.584837765367548,0.589653116046872,0.5922023890318644,0.5843926797753789,0.06984970127952234,-0.005584152453378843,0.0032372262399892326,0.0010116050157519263,0.0006069758936773084,-0.0033106799210967097,120.8770523071289
1638,2018-07-09,0.5906242645925295,0.5965321332277943,0.5989599723813728,0.5897744854571552,0.07378852644216297,0.005786499224981534,0.00687901718092232,0.006757583349508378,0.005381805681776264,0.00393882516264063,122.28723907470705
1639,2018-07-10,0.5979888238357153,0.5990409497426923,0.5998097515167471,0.5964106993963804,0.06374928728516739,0.007364559243185798,0.0025088165148979824,0.0008497791353743178,0.0066362139392251995,-0.010039239156995575,122.8015365600586
1640,2018-07-11,0.5946302926065736,0.5847973088974535,0.5946302926065736,0.5843117668351901,0.08599300211423978,-0.003358531229141648,-0.01424364084523877,-0.005179458910173462,-0.012098932561190212,0.022243714829072392,119.88160705566406
1641,2018-07-12,0.5905433516523407,0.598433973849015,0.5989599723813728,0.5882772739580091,0.11508717254958901,-0.004086940954232898,0.013636664951561461,0.0043296797747991445,0.0039655071228189565,0.02909417043534923,122.67710876464844
1642,2018-07-13,0.5982316270774123,0.5968558494096802,0.6010641597741961,0.595115834668837,0.09486831154757394,0.007688275425071556,-0.0015781244393348048,0.0021041873928233645,0.00683856071082789,-0.020218861002015073,122.3536148071289
1643,2018-07-16,0.5967748720483607,0.5924046713823363,0.597381847942038,0.5908670678342266,0.06570763286598127,-0.0014567550290516262,-0.0044511780273438495,-0.0036823118321581694,-0.004248766834610396,-0.029160678681592667,121.44112396240234
1644,2018-07-17,0.5923642149122419,0.6008618130025934,0.6015497662575903,0.5900172886988522,0.09225596821203311,-0.004410657136118767,0.008457141620257125,0.004167918315552299,-0.0008497791353744288,0.026548335346051832,123.17479705810548
1645,2018-07-18,0.6015093097874958,0.6035325198189997,0.6049892748480514,0.6004571838805188,0.11246746301851111,0.009145094875253945,0.002670706816406243,0.00343950859046116,0.010439895181666659,0.020211494806478006,123.7222671508789
1646,2018-07-19,0.5985148867892037,0.5970176752900577,0.6028446309851336,0.5960465267444002,0.11179126043396807,-0.0029944229982921122,-0.006514844528942021,-0.0021446438629177944,-0.004410657136118656,-0.0006762025845430397,122.3867645263672
1647,2018-07-20,0.6036944101205081,0.6196375448153648,0.6231175098759203,0.6034111504087166,0.23829592982282174,0.0051795233313043365,0.022619869525307146,0.02027287889078666,0.00736462366431645,0.12650466938885369,127.02379608154295
1648,2018-07-23,0.6195970239241396,0.6219440145586601,0.6223081872106403,0.6115445758470879,0.16145535483459703,0.01590261380363156,0.002306469743295292,-0.000809322665279999,0.008133425438371256,-0.07684057498822472,127.49658966064452
1649,2018-07-24,0.6232388792862035,0.6278518831939248,0.6308057853009919,0.6198802836359312,0.14105173689932748,0.0036418553620638505,0.0059078686352647125,0.008497598090351555,0.008335707788843294,-0.02040361793526954,128.70765686035156
1650,2018-07-25,0.6211751483634745,0.6394248172227573,0.6402340754669066,0.6211751483634745,0.14559285479032905,-0.0020637309227289347,0.011572934028832527,0.009428290165914732,0.0012948647275433656,0.0045411178910015615,131.0801239013672
1651,2018-07-26,0.6402340754669066,0.6438759308289704,0.6462633779335852,0.6397485334046431,0.17696682733000202,0.019058927103432044,0.004451113606213086,0.006029302466678654,0.018573385041168566,0.03137397253967297,131.99256896972656
1652,2018-07-27,0.6444019937824589,0.6447661664344392,0.6463038344036796,0.6408005948904895,0.10487797967921635,0.004167918315552299,0.0008902356054687477,4.045647009431885e-05,0.0010520614858463562,-0.07208884765078567,132.1750946044922
1653,2018-07-30,0.6441996470108562,0.6349737036165443,0.6462229214634908,0.6338406647693784,0.11526456328730642,-0.00020234677160269054,-0.00979246281789492,-8.091294018874873e-05,-0.006959930121111069,0.01038658360809007,130.16763305664062
1654,2018-07-31,0.6374825201314422,0.6460205746918881,0.6468298329360374,0.6374825201314422,0.10064355050624887,-0.006717126879413948,0.011046871075343856,0.0006069114725465452,0.0036418553620638505,-0.01462101278105754,132.43218994140625
1655,2018-08-01,0.6471130926478289,0.6348522697851303,0.6473963523596203,0.6331123194654179,0.12469410810600239,0.00963057251638666,-0.011168304906757798,0.0005665194235829896,-0.0043702006660243375,0.02405055759975351,130.14273071289062
1656,2018-08-02,0.6299560705867482,0.6308462417710863,0.6322220838599492,0.626516561996287,0.07907231974954936,-0.017157022061080718,-0.0040060280140440385,-0.015174268499671184,-0.006595757469130881,-0.04562178835645303,129.32150268554688
1657,2018-08-03,0.6301988094073145,0.6273662767105307,0.6319388241481577,0.6240886584215779,0.10957060038035067,0.0002427388205663572,-0.00347996506055559,-0.00028325971179143927,-0.0024279035747091227,0.030498280630801317,128.60813903808594
1658,2018-08-06,0.6263142152246844,0.6270830169987393,0.6280137090743024,0.6223486436807347,0.11353159495840578,-0.0038845941826300967,-0.00028325971179143927,-0.00392511507385529,-0.0017400147408431765,0.003960994578055113,128.55003356933594
1659,2018-08-07,0.6286611414380742,0.6327076259222125,0.6331932324056067,0.6268807346482673,0.06018734218457278,0.0023469262133897217,0.005624608923473273,0.0051795233313042255,0.004532090967532598,-0.053344252773833006,129.70309448242188
1660,2018-08-08,0.632545800041835,0.6280137090743024,0.6331123194654179,0.6275281670120391,0.06271469095622426,0.00388465860376086,-0.004693916847910096,-8.091294018874873e-05,0.0006474323637717383,0.0025273487716514775,128.74087524414062
1661,2018-08-09,0.6265974749364759,0.6229960760445065,0.6288634882096767,0.621458408075266,0.09252940280694548,-0.005948325105359142,-0.005017633029795965,-0.004248831255741159,-0.006069758936773084,0.029814711850721223,127.71224975585938
1662,2018-08-10,0.6208109757114942,0.6194756545138564,0.6216607548468687,0.6172096412406556,0.05699119243831697,-0.005786499224981645,-0.0035204215306500197,-0.007202733362808078,-0.004248766834610396,-0.03553821036862851,126.99057006835938
1663,2018-08-13,0.6199612609972506,0.6164812315155643,0.6211346918933801,0.6142556747124578,0.07521108754085937,-0.0008497147142436656,-0.0029944229982921122,-0.0005260629534885597,-0.0029539665281977934,0.018219895102542398,126.37672424316406
1664,2018-08-14,0.6178975300745216,0.6236839648783725,0.6267188443467591,0.6167644912273558,0.0955149431067638,-0.0020637309227289347,0.007202733362808189,0.005584152453378954,0.0025088165148979824,0.02030385556590443,127.853271484375
1665,2018-08-15,0.6189091350902736,0.6198398271658367,0.6211346918933801,0.6118682920289737,0.0838573012101101,0.0010116050157519263,-0.003844137712535778,-0.005584152453378954,-0.004896199198382023,-0.011657641896653692,127.06526184082033
1666,2018-08-16,0.6199612609972506,0.6235625954680893,0.6251811763775186,0.6193542851035733,0.07761650452773125,0.0010521259069770084,0.0037227683022525992,0.004046484484138468,0.007485993074599517,-0.006240796682378855,128.453125
1667,2018-08-17,0.6233197922263922,0.6278923396640193,0.6290658349812794,0.6211346918933801,0.07508175414614107,0.003358531229141648,0.004329744195929908,0.00388465860376086,0.0017804067898068432,-0.0025347503815901784,129.34503173828125
1668,2018-08-20,0.6286611414380742,0.6291062914513739,0.6305225255892004,0.6264760411050619,0.07909820767713398,0.005341349211681945,0.0012139517873546168,0.001456690607920974,0.005341349211681834,0.004016453530992906,129.59515380859375
1669,2018-08-21,0.6310890450127833,0.6352164424371106,0.6366731974661622,0.631048588542689,0.09112901112366355,0.0024279035747091227,0.006110150985736751,0.006150671876961833,0.004572547437627028,0.01203080344652957,130.8538360595703
1670,2018-08-22,0.6344071841929613,0.6317769338466495,0.6344071841929613,0.6267997572869478,0.07531453300799303,0.0033181391801779814,-0.00343950859046116,-0.002266013273200973,-0.004248831255741159,-0.01581447811567052,130.14527893066406
1671,2018-08-23,0.6387773848589856,0.6389796672094575,0.6427428919818046,0.6353378762685244,0.1290689553813954,0.0043702006660243375,0.007202733362808078,0.008335707788843294,0.008538118981576637,0.053754422373402375,131.6290283203125
1672,2018-08-24,0.6384941251471942,0.6373610863000283,0.6412052240125641,0.6357425053905991,0.09164262619036657,-0.00028325971179143927,-0.0016185809094292347,-0.001537667969240486,0.0004046291220746179,-0.037426329191028826,131.2956085205078
1673,2018-08-27,0.6391011010408715,0.6448066229045335,0.6456968585100022,0.6391011010408715,0.06856383977108131,0.0006069758936773084,0.0074455366045051985,0.004491634497438168,0.0033585956502724112,-0.023078786419285263,132.8293914794922
1674,2018-08-28,0.6474772652998091,0.64784150237292,0.6486912170871637,0.6441187340706674,0.11106707133522918,0.008376164258937613,0.003034879468386542,0.00299435857716146,0.005017633029795965,0.04250323156414787,133.45455932617188
1675,2018-08-29,0.6480842411934864,0.6486507606170693,0.6514832933138531,0.646789376465943,0.07991479294970093,0.0006069758936773084,0.0008092582441492358,0.0027920762266894217,0.002670642395275591,-0.031152278385528254,133.62127685546875
1676,2018-08-30,0.64703217970764,0.6452112520266081,0.648853107388672,0.6434308452368014,0.05623371380205475,-0.0010520614858463562,-0.00343950859046116,-0.002630185925181161,-0.003358531229141648,-0.02368107914764618,132.91275024414062
1677,2018-08-31,0.6430666081636904,0.6436331275872733,0.6454945117383997,0.6412457449037893,0.08904136756253297,-0.003965571543949609,-0.0015781244393348048,-0.0033585956502723002,-0.0021851003330121133,0.03280765376047823,132.58763122558594
1678,2018-09-04,0.6436735840573677,0.6459801182217938,0.6461419441021713,0.6401936189968122,0.08631445863774963,0.0006069758936773084,0.002346990634520485,0.0006474323637716273,-0.0010521259069771194,-0.0027269089247833472,133.0711212158203
1679,2018-09-05,0.6464252038139627,0.6546800630837479,0.6559749278112914,0.6462229214634908,0.11839048627514866,0.002751619756594992,0.008699944861954134,0.009832983709120113,0.006029302466678654,0.03207602763739903,134.86329650878906
1680,2018-09-06,0.657391161949118,0.663663203236363,0.6665361924032411,0.657391161949118,0.1510466372254941,0.010965958135155218,0.008983140152615032,0.010561264591949726,0.011168240485627146,0.03265615095034545,136.7138214111328
1681,2018-09-07,0.6610734737812761,0.6588074605080753,0.6639869194182487,0.6565009263436492,0.10223978383049251,0.0036823118321581694,-0.004855742728287704,-0.0025492729849924123,-0.0008902356054687477,-0.0488068533950016,135.71351623535156
1682,2018-09-10,0.6619637093867449,0.6610734737812761,0.6646343517820205,0.6600618687655242,0.08594866328341083,0.0008902356054687477,0.002266013273200862,0.0006474323637717383,0.0035609424218749908,-0.016291120547081678,136.1803436279297
1683,2018-09-11,0.6594144364017525,0.6598190655238272,0.6619637093867449,0.6558939504499719,0.0940997836180061,-0.0025492729849924123,-0.0012544082574489357,-0.002670642395275591,-0.004167918315552299,0.008151120334595266,135.9219207763672
1684,2018-09-12,0.658200484614398,0.6631776611740995,0.6660911068110721,0.6579576813727008,0.08310354108601804,-0.0012139517873545058,0.0033585956502723002,0.004127397424327217,0.0020637309227289347,-0.010996242531988054,136.61380004882812
1685,2018-09-13,0.666172019751261,0.6705422204172852,0.6711491963109625,0.666172019751261,0.07733198522511164,0.007971535136862995,0.0073645592431856866,0.005058089499890395,0.008214338378560115,-0.005771555860906399,138.130859375
1686,2018-09-14,0.6698947880535135,0.668114316842576,0.6717561722046398,0.6667385391748438,0.07253963756901381,0.0037227683022525992,-0.0024279035747091227,0.0006069758936773084,0.0005665194235828785,-0.004792347656097831,137.6307373046875
1687,2018-09-17,0.667669231250407,0.6707041107187935,0.6735770998856717,0.6654436744473005,0.1043126595861473,-0.002225556803106543,0.0025897938762174944,0.0018209276810319253,-0.0012948647275433656,0.03177302201713349,138.16421508789062
1688,2018-09-18,0.6713919995526596,0.6722822351581283,0.6728487545817112,0.6660911068110721,0.09624285071767284,0.0037227683022525992,0.0015781244393348048,-0.000728345303960487,0.0006474323637716273,-0.008069808868474457,138.4893341064453
1689,2018-09-19,0.6727677772203917,0.6709063930692655,0.6745077919612349,0.6704613074770964,0.054489696179848494,0.0013757776677321143,-0.0013758420888628775,0.0016590373795236646,0.0043702006660243375,-0.04175315453782435,138.20591735839844
1690,2018-09-20,0.6741436193092547,0.6739008160675576,0.6753171146265149,0.6673859715386156,0.07551405774672328,0.0013758420888629885,0.0029944229982921122,0.000809322665279999,-0.003075335938480861,0.02102436156687478,138.82272338867188
1691,2018-09-21,0.6753171146265149,0.677137977886416,0.6783114732036762,0.6729296675219001,0.11604789443675165,0.001173495317260187,0.0032371618188584694,0.002994358577161349,0.0055436959832845245,0.04053383669002837,139.48956298828125
1692,2018-09-24,0.6742245322494435,0.6695306154015332,0.6754384840367981,0.6686808362661589,0.0719447464505916,-0.0010925823770714382,-0.007607362484882807,-0.0028729891668781704,-0.004248831255741159,-0.04410314798616005,137.92245483398438
1693,2018-09-25,0.670987370430585,0.6699352445236079,0.672444061038506,0.6675074053700294,0.08493255327211363,-0.0032371618188584694,0.0004046291220746179,-0.0029944229982921122,-0.0011734308961295348,0.012987806821522035,138.00584411621094
1694,2018-09-26,0.6713919995526596,0.6707445671888879,0.6747505952029319,0.6664957359331468,0.10264255182012318,0.0004046291220746179,0.000809322665279999,0.002306534164425944,-0.0010116694368825785,0.017709998548009545,138.17259216308594
1695,2018-09-27,0.6722417786880339,0.6691259862794586,0.6728892110518057,0.6679929474322929,0.06448459650601514,0.0008497791353743178,-0.0016185809094292347,-0.0018613841511262441,0.0014972114991460561,-0.03815795531410804,137.83909606933594
1696,2018-09-28,0.6692068992196475,0.6733342966439747,0.6745482484313293,0.6683571200842731,0.08108608886889943,-0.003034879468386431,0.004208310364516077,0.0016590373795236646,0.000364172651980188,0.016601492362884288,138.70603942871094
1697,2018-10-01,0.6806182650526252,0.6809046169786914,0.6861410885895554,0.6771000338404198,0.08009784999167761,0.011411365832977749,0.007570320334716718,0.011592840158226037,0.008742913756146775,-0.0009882388772218115,140.26548767089844
1698,2018-10-02,0.6787363949819288,0.679227348419173,0.6817228297600112,0.6774272931844956,0.09847767653193848,-0.0018818700706964009,-0.0016772685595184411,-0.004418258829544164,0.00032725934407573654,0.018379826540260866,139.9199981689453
1699,2018-10-03,0.6819273668500585,0.6765681729851662,0.6822137187761247,0.674522673242432,0.08394998069915112,0.003190971868129666,-0.002659175434006733,0.0004908890161134938,-0.002904619942063591,-0.01452769583278736,139.37220764160156
1700,2018-10-04,0.6750136266796762,0.6738271827151405,0.678572765309891,0.6662179520174668,0.1088974080199454,-0.006913740170382265,-0.0027409902700257227,-0.0036409534662337206,-0.008304721224965173,0.024947427320794274,138.80758666992188
1701,2018-10-05,0.674972654840536,0.671208979120274,0.6778363673645901,0.6691225719595303,0.08911049647449631,-4.0971839140202526e-05,-0.0026182035948665305,-0.0007363979453008929,0.00290461994206348,-0.01978691154544908,138.26821899414062
1702,2018-10-08,0.6710044420302267,0.6744408584064131,0.6750136266796762,0.6676089330720497,0.06825275966724628,-0.003968212810309346,0.0032318792861391055,-0.002822740684913838,-0.0015136388874805728,-0.020857736807250032,138.93394470214844
1703,2018-10-09,0.6719044696475654,0.6584041842297458,0.6719044696475654,0.6578314159564826,0.1341262735904183,0.0009000276173387611,-0.01603667417666732,-0.0031091570321107875,-0.00977751711556707,0.065873513923172,135.63043212890625
1704,2018-10-10,0.6575859714484259,0.6407310844904388,0.6575859714484259,0.6402811028923348,0.1659775614351332,-0.014318498199139551,-0.017673099739306974,-0.014318498199139551,-0.017550313064147893,0.031851287844714915,131.9898223876953
1705,2018-10-11,0.6404856399823821,0.6284580860340335,0.6470721208086887,0.6276399376738444,0.17761066115146384,-0.01710033146604384,-0.012272998456405282,-0.010513850639737199,-0.012641165218490347,0.011633099716330642,129.46157836914062
1706,2018-10-12,0.6346354926802455,0.6390128440917802,0.6433902599244455,0.6311581688860497,0.16238491204833358,-0.00585014730213651,0.010554758057746638,-0.00368186088424316,0.0035182312122052917,-0.015225749103130265,131.63583374023438
1707,2018-10-15,0.6370901310242051,0.6390537515097896,0.6453538804100302,0.6358218722236505,0.12139670858551338,0.0024546383439595365,4.090741800943931e-05,0.0019636204855846273,0.0046637033376008,-0.0409882034628202,131.644287109375
1708,2018-10-16,0.6425311397251162,0.6527585740176566,0.6533722497089292,0.6415083898537491,0.10371497072999707,0.005441008700911132,0.013704822507866976,0.008018369298898986,0.005686517630098642,-0.017681737855516313,134.4674530029297
1709,2018-10-17,0.6525131295095998,0.6465812317925752,0.6566041289950683,0.6428174916511824,0.12672901962311994,0.009981989784483614,-0.0061773422250813725,0.0032318792861391055,0.0013091017974332653,0.023014048893122876,133.19496154785156
1710,2018-10-18,0.6430220287412297,0.6348810016094331,0.6438402415225496,0.6301354190146826,0.13281420542477804,-0.00949110076837012,-0.011700230183142146,-0.012763887472518665,-0.012682072636499786,0.006085185801658094,130.78469848632812
1711,2018-10-19,0.6386037699116857,0.6278444747638916,0.6453129729920206,0.623467123352357,0.24821709736481437,-0.004418258829544053,-0.007036526845541458,0.0014727314694710225,-0.0066682956623256295,0.11540289194003633,129.335205078125
1712,2018-10-22,0.629071761725306,0.6243262435516863,0.6309536317960024,0.6181488369054742,0.16456314564880956,-0.00953200818637967,-0.0035182312122052917,-0.014359341196018227,-0.005318286446882814,-0.08365395171600482,128.61041259765625
1713,2018-10-23,0.6111123100599328,0.61610333716274,0.6230988921691412,0.6007620890922334,0.19628286899150407,-0.01795945166537316,-0.008222906388946294,-0.007854739626861229,-0.017386747813240788,0.03171972334269452,126.9165496826172
1714,2018-10-24,0.6163896890888062,0.5945846824460213,0.6170442721980882,0.5932346732305785,0.16901101742034416,0.005277379028873375,-0.021518654716718766,-0.006054619971052944,-0.00752741586165484,-0.02727185157115991,122.48371887207033
1715,2018-10-25,0.6021120983076762,0.6033394496902212,0.6075531714297181,0.5981847929153763,0.10245772405806546,-0.01427759078113,0.00875476724419999,-0.00949110076837012,0.004950119684797749,-0.0665532933622787,124.2871551513672
1716,2018-10-26,0.596221108008661,0.5974483949700753,0.60579402361305,0.5922528307772209,0.1272004915518945,-0.005890990299015186,-0.0058910547201459496,-0.001759147816668083,-0.005931962138155389,0.024742767493829046,123.0736312866211
1717,2018-10-29,0.6126825751213194,0.5955416583429196,0.6163556747317842,0.588111131861873,0.16791030240357543,0.01646146711265839,-0.0019067366271556807,0.010561651118734194,-0.00414169891534788,0.04070981085168093,122.68087005615234
1718,2018-10-30,0.5972304582848376,0.6035633131194856,0.6041121167321195,0.5938951186627563,0.14890339305381928,-0.015452116836481844,0.008021654776566023,-0.0122435579996647,0.005783986800883323,-0.019006909349756157,124.33328247070312
1719,2018-10-31,0.6117537512585473,0.6114160556912944,0.6188887780129649,0.6083340199552182,0.16764823583158328,0.01452329297370969,0.00785274257180879,0.014776661280845427,0.014438901292461837,0.018744842777764004,125.95092010498048
1720,2018-11-01,0.6140336150748538,0.609853907692379,0.6144557667444852,0.6058431125146614,0.13429141094517497,0.0022798638163065155,-0.0015621479989154086,-0.004433011268479725,-0.0024909074405568,-0.033356824886408315,125.62916564941406
1721,2018-11-02,0.6147513308922449,0.6142024628584801,0.6186776699675839,0.6066874802750549,0.17213169907674655,0.0007177158173911069,0.004348555166101109,0.0042219032230986775,0.0008443677603935384,0.03784028813157159,126.52491760253906
1722,2018-11-05,0.6146668747898663,0.6213796854535217,0.6255171969953727,0.6142447231202348,0.14808886181654632,-8.445610237861612e-05,0.00717722259504161,0.006839527027788783,0.00755724284517989,-0.024042837260200234,128.00343322753906
1723,2018-11-06,0.6235328973268258,0.6267415205847737,0.6308789677054938,0.6231529414978183,0.1125611341107975,0.008866022536959561,0.005361835131251991,0.0053617707101211165,0.008908218377583488,-0.035527727705748816,129.10797119140625
1724,2018-11-07,0.6334965915101839,0.6341298512251964,0.640040554390213,0.6280081044359295,0.0773804675409302,0.009963694183358074,0.007388330640422658,0.009161586684719225,0.004855162938111168,-0.035180666569867305,130.62998962402344
1725,2018-11-08,0.6334543312484292,0.6356075431217333,0.6395761424588269,0.6329055276357953,0.09919573893919702,-4.2260261754689665e-05,0.0014776918965369035,-0.0004644119313861328,0.004897423199865858,0.02181527139826682,130.93434143066406
1726,2018-11-09,0.6336654392938104,0.6346365234183372,0.6362830630985005,0.6283458644243131,0.08422961281434709,0.00021110804538115868,-0.000971019703396081,-0.003293079360326412,-0.004559663211482268,-0.014966126124849932,130.734375
1727,2018-11-12,0.634003199282194,0.6253905450523701,0.6359453031101169,0.624461721189598,0.0800790449444171,0.0003377599883835902,-0.009245978365967078,-0.0003377599883835902,-0.0038841432347150873,-0.004150567869929983,128.82969665527344
1728,2018-11-13,0.6246305689732243,0.6234906370650711,0.6366207586657533,0.6212952937722739,0.08757627376749029,-0.00937263030896962,-0.0018999079872989988,0.0006754555556364172,-0.0031664274173240914,0.007497228823073188,128.43829345703125
1729,2018-11-14,0.6275858883451673,0.6228573773500586,0.6288102763556991,0.621506401817655,0.10012713770181782,0.0029553193719429327,-0.0006332597150124908,-0.007810482310054212,0.00021110804538115868,0.012550863934327527,128.307861328125
1730,2018-11-15,0.6149201786758712,0.6238706573152094,0.6267415205847737,0.6130625953714577,0.10727022250868538,-0.012665709669296032,0.0010132799651507707,-0.002068755770925357,-0.008443806446197355,0.007143084806867567,129.23492431640625
1731,2018-11-16,0.6226462693046776,0.6271637366755359,0.6290213844010802,0.6198176018757371,0.11181034879644156,0.007726090628806359,0.003293079360326523,0.0022798638163065155,0.006755006504279404,0.0045401262877561716,129.9170684814453
1732,2018-11-19,0.6266570644823951,0.6226040734640537,0.6323566596020307,0.6204509260118803,0.07992676301744868,0.004010795177717519,-0.004559663211482268,0.0033352752009504494,0.000633324136143254,-0.031883585778992876,128.9725341796875
1733,2018-11-20,0.6151312867212523,0.6081651721715918,0.6204086657501257,0.6049987447542677,0.12673043619918475,-0.01152577776114283,-0.014438901292461837,-0.011947993851905037,-0.015452181257612607,0.046803673181736075,125.98150634765624
1734,2018-11-21,0.6119648593039283,0.6083762802169729,0.6152579386642548,0.6080807160692132,0.10151892368550595,-0.0031664274173239804,0.00021110804538104766,-0.005150727085870832,0.0030819713149454753,-0.0252115125136788,126.02527618408205
1735,2018-11-23,0.6022122731659513,0.6048298325495106,0.6084606718982207,0.5995524535206372,0.053592613972398014,-0.009752586137977026,-0.0035464476674622603,-0.0067972667660340935,-0.008528262548575971,-0.04792630971310794,125.29060363769533
1736,2018-11-26,0.607405196092446,0.6046609847658841,0.6104449715667676,0.5995947137823919,0.14268816556941047,0.0051929229264947585,-0.00016884778362646902,0.0019842996685468517,4.2260261754689665e-05,0.08909555159701246,125.2556381225586
1737,2018-11-27,0.6011146015195526,0.603267748971726,0.6066030241726764,0.6001013215544019,0.12958483696980214,-0.006290594572893382,-0.0013932357941581763,-0.003841947394091161,0.0005066077720099482,-0.013103328599608333,124.96701049804688
1738,2018-11-28,0.6066030241726764,0.6092206479773664,0.6097272557493765,0.5999324737707755,0.15211547928080432,0.00548842265312377,0.005952899005640444,0.003124231576700054,-0.000168847783626358,0.022530642311002186,126.20014190673828
1739,2018-11-29,0.6092206479773664,0.6153001989260095,0.6199865140804942,0.6071518922064411,0.09373837964946825,0.0026176238046899947,0.006079550948643098,0.010259258331117738,0.007219418435665537,-0.05837709963133607,127.45950317382812
1740,2018-11-30,0.6159756544816459,0.6195642979897321,0.6210419898862689,0.6135692031434676,0.1910252823413169,0.006755006504279515,0.004264099063722604,0.0010554758057746971,0.006417310937026577,0.09728690269184866,128.3428192138672
1741,2018-12-03,0.6332854834648028,0.6289791241393256,0.6396605341400747,0.6282614083219344,0.15296542491969783,0.017309828983156916,0.009414826149593436,0.018618544253805824,0.01469220517846681,-0.038059857421619075,130.2931671142578
1742,2018-12-04,0.6261082608697612,0.6023811209495777,0.6301190560474789,0.6016634051321866,0.14568068250634802,-0.00717722259504161,-0.02659800318974781,-0.009541478092595868,-0.02659800318974781,-0.0072847424133498095,124.78331756591795
1743,2018-12-06,0.5921219270395907,0.597652609954469,0.5983281299312362,0.5789918054389085,0.21057757347602976,-0.03398633383017058,-0.004728510995108737,-0.03179092611624268,-0.022671599693278144,0.06489689096968174,123.8038558959961
1744,2018-12-07,0.5945706386395235,0.5856202244213162,0.604492072561127,0.5830870567190047,0.1290677867061419,0.0024487115999328735,-0.012032385533152778,0.0061639426298908395,0.004095251280096246,-0.08150978676988785,121.31130981445312
1745,2018-12-10,0.5855779641595615,0.5824115367422376,0.587857827975868,0.5727011464448843,0.11055667897907363,-0.008992674479961993,-0.00320868767907867,-0.016634244585258973,-0.010385910274120391,-0.01851110772706828,120.64662170410156
1746,2018-12-11,0.5901798232116677,0.5775985696447502,0.5918686231535857,0.5746854461134312,0.14607732380449834,0.004601859052106194,-0.004812967097487353,0.00401079517771763,0.0019842996685468517,0.035520644825424705,119.64965057373048
1747,2018-12-12,0.5858735283073212,0.5838469683770197,0.5946128344801475,0.5835936644910147,0.1487794426481473,-0.00430629490434653,0.006248398732269456,0.002744211326561774,0.008908218377583488,0.0027021188436489596,120.94398498535156
1748,2018-12-13,0.5873089599421034,0.5860846363527022,0.5919108189942096,0.5822004286968564,0.08363110942695957,0.0014354316347822138,0.002237667975682589,-0.0027020154859378476,-0.0013932357941582874,-0.06514833322118772,121.40752410888672
1749,2018-12-14,0.5802161290283097,0.5760364860669656,0.5842269886271579,0.5744321422274262,0.0919995325298986,-0.007092830913793757,-0.01004815028573669,-0.0076838303670516694,-0.0077682864694301745,0.008368423102939032,119.32603454589844
1750,2018-12-17,0.5734611225240301,0.5673393757347632,0.579160653222535,0.5639618402720581,0.11096040315754804,-0.006755006504279515,-0.008697110332202329,-0.005066335404622979,-0.010470301955368133,0.018960870627649437,117.52442932128906
1751,2018-12-18,0.5739677302960402,0.5707168467763376,0.5773874615993692,0.5673393757347632,0.09341610859472113,0.0005066077720100592,0.003377471041574376,-0.001773191623165804,0.003377535462705139,-0.017544294562826912,118.22410583496094
1752,2018-12-19,0.572278994775253,0.5626108003185237,0.5816093648224678,0.557924485164039,0.13700769554947215,-0.001688735520787188,-0.008106046457813876,0.0042219032230986775,-0.0094148905707242,0.043591586954751016,116.54492950439452
1753,2018-12-20,0.5603731967639719,0.5516760864317696,0.5641306880556846,0.5461875993575152,0.16003413948316222,-0.01190579801128111,-0.010934713886754155,-0.017478676766783274,-0.011736885806523878,0.023026443933690077,114.27979278564452
1754,2018-12-21,0.548889614843453,0.5464831635052748,0.5591910690151948,0.5460187515738887,0.2444904044678809,-0.011483581920518904,-0.0051929229264947585,-0.004939619040489784,-0.00016884778362646902,0.08445626498471867,113.20407104492188
1755,2018-12-24,0.5429367802589432,0.5270201870699446,0.5445833199391065,0.5261757870989856,0.1005344033204543,-0.005952834584509792,-0.019462976435330237,-0.014607749076088306,-0.01984296447490308,-0.1439560011474266,109.1723175048828
1756,2018-12-26,0.5278223267791489,0.5470320315390395,0.5471586834820419,0.5213206241608744,0.12183262445506089,-0.015114453479794343,0.020011844469094875,0.002575363542935416,-0.004855162938111168,0.021298221134606596,113.31776428222656
1757,2018-12-27,0.5387993009276578,0.5554758379852368,0.5557291418712418,0.5355061893567659,0.11508263950618158,0.010976974148508956,0.008443806446197355,0.008570458389199898,0.014185565195891425,-0.006749984948879309,115.06690979003906
1758,2018-12-28,0.5577978332210365,0.5520560422607771,0.5618086928198849,0.5499028948086038,0.09771541695145748,0.018998532293378667,-0.0034197957244597177,0.006079550948643098,0.01439670545183791,-0.0173672225547241,114.3584976196289
1759,2018-12-31,0.5554335777234821,0.5577978332210365,0.5579667454257936,0.5508317186713759,0.07790814212507659,-0.0023642554975543684,0.005741790960259396,-0.003841947394091272,0.0009288238627721546,-0.019807274826380894,115.54792022705078
1760,2019-01-02,0.5496495909225988,0.5565735096316354,0.557671181278034,0.5467364673912798,0.09760209086627168,-0.005783986800883323,-0.0012243235894010551,-0.0002955641477596638,-0.004095251280096135,0.019693948741195094,115.29429626464844
1761,2019-01-03,0.5577134415397886,0.5491429831505887,0.5614286725697466,0.5449210799274901,0.11275945475987265,0.008063850617189838,-0.007430526481046695,0.0037574912917126557,-0.0018153874637897305,0.015157363893600964,113.75505828857422
1762,2019-01-04,0.5599087848325859,0.5683525912787832,0.5701257829019489,0.5575023334944076,0.12691104964744962,0.002195343292797247,0.0192096081281945,0.008697110332202329,0.012581253566917527,0.014151594887576974,117.73434448242188
1763,2019-01-07,0.567170463530006,0.5715190186961072,0.5741788383414212,0.5621463883871377,0.10428124701190987,0.007261678697420115,0.0031664274173239804,0.0040530554394723195,0.004644054892730121,-0.02262980263553975,118.39025115966795
1764,2019-01-08,0.5744321422274262,0.5703368909473301,0.5778941337925099,0.5670860718487581,0.09335590411196618,0.007261678697420226,-0.0011821277487771287,0.0037152954510886183,0.004939683461620437,-0.010925342899943694,118.1453628540039
1765,2019-01-09,0.5750232061018148,0.572996710592644,0.5773030699181213,0.5702524992660822,0.07057736098962004,0.0005910638743885643,0.002659819645313921,-0.0005910638743885643,0.0031664274173240914,-0.02277854312234613,118.6963348388672
1766,2019-01-10,0.5708857589810947,0.5815671689818439,0.5823693409016136,0.5685636993241643,0.07613033916372432,-0.004137447120720061,0.008570458389199898,0.005066270983492327,-0.0016887999419179511,0.005552978174104273,120.4717254638672
1767,2019-01-11,0.5773452657587452,0.5799206293016806,0.5815671689818439,0.575909834123963,0.06694738482351233,0.006459506777650503,-0.0016465396801632615,-0.000802171919769723,0.007346134799798731,-0.00918295434021199,120.13065338134766
1768,2019-01-14,0.5756142699762035,0.5809761051074553,0.5827914925712451,0.5740943822390426,0.1098058936647177,-0.0017309957825417666,0.0010554758057746971,0.0012243235894011661,-0.0018154518849203827,0.04285850884120537,120.34928894042967
1769,2019-01-15,0.5802161290283097,0.5816516250842225,0.5832559045026311,0.576458637736597,0.06522978634491503,0.004601859052106194,0.0006755199767671805,0.00046441193138602177,0.0023642554975543684,-0.044576107319802674,120.48924255371094
1770,2019-01-16,0.5805961492784478,0.5827071008899972,0.5855779641595615,0.5794562173702946,0.07958678476189127,0.00038002025013816887,0.0010554758057746971,0.002322059656930442,0.0029975796336976224,0.014356998416976241,120.70783233642578
1771,2019-01-17,0.5797095212562996,0.590559843461806,0.59372627087913,0.5792029134842895,0.09127707873683913,-0.0008866280221482281,0.00785274257180879,0.008148306719568454,-0.00025330388600508513,0.011690293974947863,122.33454132080078
1772,2019-01-18,0.5985814338172412,0.5988769979650008,0.6016634051321866,0.5925863389709767,0.19200271982604447,0.01887191256094156,0.008317154503194812,0.007937134253056644,0.01338342548668714,0.10072564108920534,124.0574722290039
1773,2019-01-22,0.5951195066732883,0.5903065395758009,0.5959216141719271,0.5855779641595615,0.11320213478012969,-0.003461927143952881,-0.008570458389199898,-0.005741790960259507,-0.007008374811415141,-0.07880058504591478,122.2821044921875
1774,2019-01-23,0.5945284427988996,0.594190682810516,0.5965126780463158,0.5878155677141134,0.10504973952707608,-0.0005910638743886754,0.0038841432347150873,0.0005910638743886754,0.002237603554551826,-0.008152395253053613,123.0866928100586
1775,2019-01-24,0.5948239425255286,0.5960482661149297,0.5995102576800133,0.5930085550617389,0.0958738680671882,0.0002954997266290116,0.001857583304413657,0.0029975796336975113,0.005192987347625522,-0.00917587145988788,123.4714813232422
1776,2019-01-25,0.6016212092915627,0.5982859340906123,0.6024655770519562,0.5970615460800804,0.1135491959160112,0.0067972667660340935,0.002237667975682589,0.0029553193719429327,0.004052991018341556,0.017675327848823003,123.93502807617188
1777,2019-01-28,0.5924596870279742,0.5930929467429867,0.5944017264347664,0.5862956799769526,0.12318191315680435,-0.009161522263588462,-0.005192987347625522,-0.008063850617189838,-0.010765866103127797,0.009632717240793148,122.85931396484376
1778,2019-01-29,0.5946550947419021,0.5984125860336147,0.6003968857021615,0.5931774028453654,0.08586221672905504,0.0021954077139278994,0.005319639290627953,0.005995159267395134,0.00688172286841271,-0.03731969642774931,123.96126556396484
1779,2019-01-30,0.6014523615079362,0.6049142886518892,0.6068985883204361,0.5950350505709097,0.11023794936448857,0.0067972667660340935,0.006501702618274541,0.006501702618274541,0.0018576477255443091,0.024375732635433522,125.3080825805664
1780,2019-01-31,0.6028877931427185,0.606391980548426,0.6082073680122158,0.600565733485788,0.1230154654691877,0.0014354316347822138,0.0014776918965367924,0.0013087796917796712,0.005530682914878349,0.012777516104699127,125.61418151855467
1781,2019-02-01,0.6277969963905484,0.6109516437599083,0.6290635802417042,0.6093894957609929,0.19607183457224714,0.02490920324782997,0.004559663211482268,0.020856212229488413,0.008823762275204872,0.07305636910305945,126.5587158203125
1782,2019-02-04,0.6099805596353814,0.6245461128708458,0.6248838728592294,0.6098117118517551,0.16619270392497812,-0.017816436755166976,0.013594469110937535,-0.004179707382474751,0.00042221609076220634,-0.02987913064726902,129.37478637695312
1783,2019-02-05,0.6265304125393927,0.6277548005499245,0.6277548005499245,0.6223507695780486,0.10492224768124206,0.01654985290401123,0.00320868767907867,0.00287092769069508,0.01253905772629349,-0.06127045624373606,130.0395050048828
1784,2019-02-06,0.6290213844010802,0.628641364150942,0.6311323360126295,0.6260660006080065,0.11145620478023593,0.002490971861687563,0.0008865636010174649,0.003377535462705028,0.003715231029957966,0.0065339570989938756,130.22314453125
1785,2019-02-07,0.6234484412244472,0.625474936733618,0.628641364150942,0.6216752496012814,0.10488683327962149,-0.005572943176633038,-0.0031664274173239804,-0.002490971861687563,-0.0043907510067251465,-0.006569371500614443,129.56724548339844
1786,2019-02-08,0.6247572209162269,0.6274170405615409,0.6275436925045433,0.6214219457152764,0.1399612566446271,0.0013087796917796712,0.0019421038279229252,-0.0010976716463986236,-0.0002533038860049741,0.035074423365005616,129.9695587158203
1787,2019-02-11,0.6290213844010802,0.6268681725277763,0.6304146201952384,0.6250527850639865,0.1054534637055505,0.004264163484853367,-0.0005488680337646379,0.00287092769069508,0.003630839348710113,-0.034507792939076604,129.85585021972656
1788,2019-02-12,0.6299079480020977,0.6348053712019636,0.635438630916976,0.6288947324580777,0.09402169486243275,0.0008865636010174649,0.007937198674187296,0.005024010721737637,0.003841947394091161,-0.011431768843117751,131.50003051757812
1789,2019-02-13,0.6374651908472776,0.6395338821970723,0.6446001531805645,0.6361563467343672,0.09773312415226776,0.00755724284517989,0.004728510995108737,0.009161522263588462,0.007261614276289463,0.0037114292898350054,132.47952270507812
1790,2019-02-14,0.6372118225401419,0.6354808911787307,0.6402094021738395,0.6331166356811764,0.07474917750052236,-0.0002533683071357373,-0.004052991018341556,-0.0043907510067250355,-0.0030397110531907856,-0.0229839466517454,131.6399688720703
1791,2019-02-15,0.6417292899110002,0.6473022330876332,0.6473022330876332,0.6399982941284583,0.10763853228553924,0.004517467370858341,0.011821341908902494,0.007092830913793757,0.006881658447281946,0.03288935478501688,134.08876037597656
1792,2019-02-19,0.6443046534539356,0.647133320882876,0.6491176205514229,0.6433758295911635,0.08781355025834806,0.002575363542935416,-0.00016891220475723223,0.0018153874637896195,0.003377535462705139,-0.019824982027191185,134.0537872314453
1793,2019-02-20,0.6473444289282572,0.6526218079571305,0.653719479603529,0.6459933889747228,0.09287072680976446,0.003039775474321549,0.005488487074254533,0.004601859052106194,0.0026175593835593425,0.005057176551416409,135.19070434570312
1794,2019-02-21,0.6482309925292746,0.6443046534539356,0.6491176205514229,0.6420670498993838,0.0958419951057297,0.0008865636010174649,-0.008317154503194923,-0.004601859052106194,-0.003926339075339014,0.0029712682959652376,134.17959594726562
1795,2019-02-22,0.6470066689398736,0.6467955608944925,0.6484843608364104,0.6433336337505395,0.10158621104858502,-0.0012243235894010551,0.002490907440556911,-0.0006332597150124908,0.0012665838511557448,0.0057442159428553186,134.69830322265625
1796,2019-02-25,0.6510174641175912,0.6504264002432025,0.653043959626762,0.6490331644490444,0.08189580374755198,0.00401079517771763,0.003630839348710002,0.0045595987903516155,0.005699530698504818,-0.01969040730103304,135.45449829101562
1797,2019-02-26,0.6497086844258115,0.649835336368814,0.6535928276605266,0.6485687525176582,0.07034362593892432,-0.0013087796917796712,-0.0005910638743885643,0.0005488680337646379,-0.0004644119313861328,-0.011552177808627662,135.33139038085938
1798,2019-02-27,0.649582032482809,0.652706264059509,0.6532973279338976,0.646415605065485,0.06202478299825407,-0.00012665194300254257,0.00287092769069508,-0.0002954997266290116,-0.0021531474521732097,-0.00831884294067025,135.9292755126953
1799,2019-02-28,0.6505530521862051,0.6504686605049572,0.6525796121165066,0.6476821889166408,0.10071501676871916,0.000971019703396081,-0.002237603554551826,-0.0007177158173909959,0.0012665838511557448,0.03869023377046509,135.46327209472656
1800,2019-03-01,0.6543528037396723,0.6574347750546178,0.6579836430883824,0.6528751118431355,0.11989191524625405,0.0037997515534672344,0.0069661145496605625,0.005404030971875806,0.0051929229264947585,0.019176898477534884,136.91395568847656
1801,2019-03-04,0.6619521780043454,0.652284047968747,0.6627543499241151,0.6500886402548189,0.14407995155309858,0.007599374264673053,-0.005150727085870832,0.004770706835732663,-0.0027864715883165747,0.024188036306844532,135.8413543701172
1802,2019-03-05,0.6523262438093709,0.65080635607221,0.655197171500066,0.6485265566770343,0.11976796484058207,-0.009625934194974484,-0.0014776918965369035,-0.007557178424049127,-0.0015620835777846453,-0.024311986712516512,135.53359985351562
1803,2019-03-06,0.6505953124479598,0.6490754247107989,0.6544794556826748,0.6490331644490444,0.13915734972784033,-0.0017309313614111144,-0.0017309313614111144,-0.0007177158173911069,0.0005066077720100592,0.019389384887258262,135.173095703125
1804,2019-03-07,0.6483577088934079,0.643755785420171,0.6494975763804304,0.6402094021738395,0.12676939204096738,-0.002237603554551826,-0.005319639290627953,-0.004981879302244474,-0.008823762275204872,-0.012387957686872952,134.06529235839844
1805,2019-03-08,0.6386473185960547,0.6399982941284583,0.6409271179912305,0.6348898273043422,0.10343484281317841,-0.00971039029735321,-0.0037574912917126557,-0.008570458389199898,-0.005319574869497301,-0.023334549227788964,133.28277587890625
1806,2019-03-11,0.6375073866879015,0.6467533650538686,0.646922212837495,0.6356075431217333,0.0989053408459084,-0.0011399319081532022,0.006755070925410278,0.0059950948462644815,0.0007177158173911069,-0.004529501967270019,134.6895751953125
1807,2019-03-12,0.6483577088934079,0.6480621447456483,0.6517351799349822,0.6451068253737053,0.06452503975266582,0.010850322205506413,0.0013087796917796712,0.004812967097487242,0.009499282251972052,-0.03438030109324257,134.9621124267578
1808,2019-03-13,0.6514396802083533,0.6545638473639227,0.6562526473058405,0.6495398366421851,0.08973655226634464,0.0030819713149453642,0.00650170261827443,0.004517467370858341,0.004433011268479725,0.025211512513678813,136.3161163330078
1809,2019-03-14,0.6558726914768331,0.6554504753860709,0.6570548192256103,0.6517351799349822,0.09411731374680828,0.004433011268479836,0.0008866280221482281,0.000802171919769723,0.002195343292797136,0.004380761480463638,136.5007781982422
1810,2019-03-15,0.6550282592953087,0.6558726914768331,0.6586590986440188,0.6545216515232988,0.18724656568840284,-0.0008444321815244127,0.00042221609076220634,0.0016042794184085718,0.0027864715883165747,0.09312925194159456,136.58868408203125
1811,2019-03-18,0.6567170592372267,0.6625432418787339,0.6632187618555011,0.6539727834895341,0.08484936484270693,0.0016887999419179511,0.006670550401900788,0.004559663211482268,-0.0005488680337646379,-0.10239720084569591,137.97792053222656
1812,2019-03-19,0.6654563654100529,0.6638520859916444,0.6677362292263594,0.6614033743917115,0.09542764660676911,0.008739306172826256,0.0013088441129104345,0.004517467370858341,0.0074305909021773475,0.010578281764062183,138.2504119873047
1813,2019-03-20,0.6636409779462633,0.6598412263927961,0.665709669296058,0.6571392109068581,0.08406316512673044,-0.0018153874637896195,-0.004010859598848282,-0.0020265599303014303,-0.004264163484853367,-0.011364481480038671,137.41513061523438
1814,2019-03-21,0.6601789863811797,0.6689605528157606,0.6709026566436835,0.6590391188941571,0.06912537052317695,-0.003461991565083644,0.009119326422964535,0.005192987347625522,0.0018999079872989988,-0.01493779460355349,139.31430053710938
1815,2019-03-22,0.6653719737288051,0.6578991869860038,0.6663429934322013,0.6570125589638556,0.08608886889942664,0.005192987347625411,-0.011061365829756808,-0.004559663211482268,-0.0020265599303015414,0.01696349837624969,137.01075744628906
1816,2019-03-25,0.6583213386556352,0.6583213386556352,0.6638098257298897,0.6569703631232316,0.07254640171972335,-0.007050635073169831,0.00042215166963144313,-0.0025331677023116006,-4.219584062392645e-05,-0.013542467179703296,137.0986328125
1817,2019-03-26,0.662289937992729,0.6648653015356644,0.6665118412158276,0.6610656144033279,0.07842165094857474,0.003968599337093703,0.006543962880029119,0.0027020154859379586,0.004095251280096246,0.005875249228851395,138.46144104003906
1818,2019-03-27,0.6642320418206519,0.6633032179578797,0.6682850328389934,0.6594612705637886,0.09791019616037058,0.0019421038279229252,-0.0015620835777846453,0.001773191623165804,-0.001604343839539335,0.01948854521179584,138.13613891601562
1819,2019-03-28,0.6654563654100529,0.6693405086447681,0.6698893766785328,0.6628810018671175,0.07717506401153093,0.0012243235894010551,0.006037290686888408,0.001604343839539335,0.0034197313033289545,-0.020735132148839652,139.3934783935547
1820,2019-03-29,0.6720847843924607,0.6709448524843075,0.6733513682436164,0.6669762531472138,0.09578533206313679,0.0066284189824077355,0.001604343839539335,0.003461991565083644,0.004095251280096246,0.018610268051605858,139.72756958007812
1821,2019-04-01,0.6755045156957897,0.6817107185874353,0.682977302438591,0.674491235730639,0.08476791171897964,0.0034197313033290655,0.010765866103127797,0.009625934194974595,0.0075149825834252,-0.011017420344157147,141.96957397460938
1822,2019-04-02,0.6810774588724227,0.6798952667025148,0.6820484785758187,0.6749134518214011,0.11802557628085036,0.005572943176632927,-0.0018154518849204937,-0.0009288238627722656,0.0004222160907620953,0.03325766456187072,141.59152221679688
1823,2019-04-03,0.6823862385642023,0.6767288392851908,0.6837372140966059,0.6761800356725568,0.13511302506277204,0.0013087796917796712,-0.0031664274173239804,0.001688735520787188,0.0012665838511557448,0.01708744878192167,140.93206787109375
1824,2019-04-04,0.6766021873421882,0.6800219830666481,0.6812041108154252,0.6746178876736414,0.06967075230813363,-0.005784051222014086,0.003293143781457286,-0.0025331032811807264,-0.0015621479989154086,-0.0654422727546384,141.6178741455078
1825,2019-04-05,0.6823439783024478,0.6826817382908313,0.6847082338000021,0.6804863305769033,0.061798130827882464,0.005741790960259507,0.002659755224183269,0.0035041229845769184,0.005868442903261939,-0.007872621480251168,142.17185974121094
1826,2019-04-08,0.680570786679282,0.6842016260279921,0.6843705382327492,0.6778265753527201,0.06565830060452384,-0.001773191623165804,0.001519887737160719,-0.00033769556725293803,-0.002659755224183269,0.003860169776641373,142.48831176757812
1827,2019-04-09,0.6804863305769033,0.6790931592038758,0.6819640224734402,0.6778265753527201,0.06843833113173803,-8.445610237861612e-05,-0.005108466824116253,-0.002406515759308947,0.0,0.0027800305272141917,141.4244842529297
1828,2019-04-10,0.6788820511584948,0.6753778637527872,0.6788820511584948,0.6721692404948393,0.08432169025856055,-0.0016042794184085718,-0.0037152954510886183,-0.0030819713149454753,-0.00565733485788078,0.015883359126822524,140.6507568359375
1829,2019-04-11,0.6762644273538047,0.6793042028281262,0.6799375269642695,0.6741534757422554,0.06219477212603277,-0.0026176238046901057,0.003926339075339014,0.0010554758057746971,0.0019842352474160885,-0.022126918132527783,141.46841430664062
1830,2019-04-12,0.6835683663129796,0.6859326218105339,0.686608141787301,0.6814151544396756,0.07503957559381098,0.007303938959174916,0.0066284189824077355,0.006670614823031551,0.007261678697420226,0.012844803467778214,142.84884643554688
1831,2019-04-15,0.6871147495593111,0.6839483221419871,0.6876213573313211,0.6830616941198389,0.08473958019768318,0.003546383246331497,-0.0019842996685468517,0.0010132155440201185,0.0016465396801632615,0.0097000046038722,142.4355926513672
1832,2019-04-16,0.68639703374192,0.6875791614906972,0.6878324653767022,0.6844971901757517,0.10649464711319505,-0.0007177158173911069,0.003630839348710113,0.00021110804538104766,0.001435496055912866,0.021755066915511864,143.19174194335938
1833,2019-04-17,0.6894790050568654,0.6877058134336996,0.6951363399147463,0.6867347937303035,0.12098976169649149,0.0030819713149454753,0.00012665194300243154,0.007303874538044153,0.002237603554551826,0.014495114583296442,143.2180633544922
1834,2019-04-18,0.7072532459714084,0.7137549485896828,0.7171324840523879,0.7003715231029957,0.22583409769416832,0.017774240914542938,0.026049135155983172,0.021996144137641616,0.013636729372692113,0.10484433599767683,148.64297485351562
1835,2019-04-22,0.7103352172863538,0.7102930214457299,0.7152748363268436,0.7071687898690299,0.11561739697065208,0.0030819713149454753,-0.003461927143952881,-0.0018576477255443091,0.0067972667660342045,-0.11021670072351623,147.92193603515625
1836,2019-04-23,0.7103352172863538,0.7253651824532042,0.7261673543729739,0.7093219373212031,0.14765680611677545,0.0,0.015072161007474327,0.010892518046130228,0.0021531474521732097,0.03203940914612337,151.0608673095703
1837,2019-04-24,0.7251963346695778,0.7231697747392763,0.72663176630436,0.7221565591952563,0.13546716907897766,0.014861117383223932,-0.0021954077139278994,0.0004644119313861328,0.012834621874053265,-0.012189637037797796,150.6036376953125
1838,2019-04-25,0.7206788672987194,0.7194967395499423,0.7217343431044941,0.7118973008641385,0.11829472573316666,-0.004517467370858341,-0.0036730351893340396,-0.004897423199865858,-0.010259258331117849,-0.017172443345811,149.8387451171875
1839,2019-04-26,0.7183990679035437,0.7272228301787486,0.727391677962375,0.7177235479267765,0.09573575190086801,-0.0022797993951757523,0.007726090628806248,0.005657334857880891,0.0058262470626380125,-0.022558973832298643,151.44772338867188
1840,2019-04-29,0.7257451382822118,0.7284894140299043,0.7308958653680826,0.7251963346695778,0.10422812540947902,0.007346070378668079,0.0012665838511557448,0.0035041874057075706,0.007472786742801274,0.008492373508611012,151.7115020751953
1841,2019-04-30,0.7304314534366965,0.7330490772413866,0.7346533566597953,0.7281938498821446,0.12932277039780998,0.004686315154484699,0.004559663211482268,0.0037574912917126557,0.002997515212566859,0.025094644988330958,152.6610107421875
1842,2019-05-01,0.7335978808540206,0.7216921472638702,0.7360465924539534,0.7212277353324842,0.1332360617768822,0.0031664274173240914,-0.011356929977516361,0.0013932357941581763,-0.0069661145496604515,0.0039132913790722035,150.2958984375
1843,2019-05-02,0.7194545437093184,0.7235497949894145,0.724225250545051,0.7158659002012322,0.15658831820548144,-0.014143337144702173,0.0018576477255443091,-0.011821341908902383,-0.005361835131251991,0.023352256428599255,150.68275451660156
1844,2019-05-03,0.7243941627498082,0.7326690569912484,0.7330912730820105,0.7236341866706624,0.14621189853065647,0.004939619040489784,0.009119262001833883,0.00886602253695945,0.0077682864694301745,-0.010376419674824972,152.5819091796875
1845,2019-05-06,0.719792303697702,0.7287427179159094,0.7325002092076219,0.7188212195731751,0.10630340934444402,-0.004601859052106194,-0.003926339075339014,-0.0005910638743885643,-0.004812967097487242,-0.039908489186212454,151.7642059326172
1846,2019-05-07,0.7206366714580955,0.717090288211764,0.7251963346695778,0.7129950369316679,0.16587751575055512,0.0008443677603935384,-0.011652429704145373,-0.007303874538044153,-0.005826182641507249,0.059574106406111105,149.33753967285156
1847,2019-05-08,0.7166680721210019,0.7192434356639373,0.7238030988754196,0.7156125963152272,0.10268759893898453,-0.003968599337093592,0.0021531474521733207,-0.0013932357941581763,0.0026175593835593425,-0.06318991681157059,149.7859649658203
1848,2019-05-09,0.71443046856645,0.7193700876069398,0.7198344995383259,0.7100396531385942,0.10481246303621831,-0.002237603554551937,0.00012665194300243154,-0.003968599337093703,-0.005572943176633038,0.0021248640972337807,149.8123321533203
1849,2019-05-10,0.7167102679616258,0.7246052707951892,0.7265895704637361,0.7093641975829578,0.08295115291584476,0.0022797993951758633,0.005235183188249448,0.006755070925410167,-0.0006754555556364172,-0.021861310120373553,150.90260314941406
1850,2019-05-13,0.7113062369897499,0.7042979265994654,0.7130794286129157,0.6979228115030628,0.13120327512386187,-0.005404030971875917,-0.020307344195723775,-0.013510141850820334,-0.011441386079894977,0.04825212220801711,146.67347717285156
1851,2019-05-14,0.7047622741097208,0.7099552614573463,0.7146837724524551,0.7042134704970869,0.0928105223270095,-0.006543962880029119,0.005657334857880891,0.001604343839539335,0.006290658994024145,-0.03839275279685238,147.85166931152344
1852,2019-05-15,0.7050578382574805,0.7151059885432172,0.7177235479267765,0.7030735385889336,0.0662036823894805,0.0002955641477596638,0.005150727085870832,0.003039775474321438,-0.0011399319081533132,-0.026606839937528992,148.92434692382812
1853,2019-05-16,0.7171324840523879,0.721058823127727,0.726378462418355,0.7167947240640044,0.10740479723484352,0.012074645794907468,0.005952834584509792,0.008654914491578514,0.01372118547507073,0.04120111484536301,150.1640167236328
1854,2019-05-17,0.7146415766118311,0.7175124398813955,0.7228320791720234,0.7128683849886653,0.07419317139507953,-0.0024909074405568,-0.003546383246331497,-0.003546383246331608,-0.003926339075339014,-0.03321162583976399,149.4254608154297
1855,2019-05-20,0.7151481843838411,0.7118973008641385,0.7175547001431501,0.7093219373212031,0.07301387182111478,0.0005066077720099482,-0.005615139017256965,-0.005277379028873264,-0.0035464476674622603,-0.0011792995739647455,148.25608825683594
1856,2019-05-21,0.717090288211764,0.7160348124059893,0.7201300636860856,0.7137549485896828,0.08982508827039604,0.0019421038279229252,0.004137511541850825,0.002575363542935416,0.004433011268479725,0.016811216449281255,149.1177215576172
1857,2019-05-22,0.7154859443722247,0.7148104243954575,0.719792303697702,0.7135016447036778,0.07973552524869763,-0.001604343839539335,-0.0012243880105318183,-0.0003377599883835902,-0.0002533038860049741,-0.010089563021698403,148.8627471923828
1858,2019-05-23,0.704888990473854,0.7026935827599261,0.7062399660062576,0.6980072676054414,0.09619613912193532,-0.010596953898370676,-0.012116841635531395,-0.013552337691444372,-0.015494377098236423,0.01646061387323769,147.0515899658203
1859,2019-05-24,0.7082242656748045,0.7037067983039461,0.7086886776061906,0.7031157344295575,0.07208601449865602,0.0033352752009504494,0.0010132155440200075,0.0024487115999329845,0.005108466824116142,-0.0241101246232793,147.2635955810547
1860,2019-05-28,0.7044667743830919,0.6977117034576817,0.7076753976410398,0.6963607279252781,0.13731580084357103,-0.0037574912917125447,-0.0059950948462643705,-0.0010132799651507707,-0.006755006504279404,0.06522978634491501,146.00901794433594
1861,2019-05-29,0.6912100008394072,0.6939542121659691,0.6971628998450478,0.6868191854115514,0.08952406585662126,-0.013256773543684708,-0.0037574912917126557,-0.01051249779599206,-0.009541542513726742,-0.047791734986949774,145.2227020263672
1862,2019-05-30,0.6951786001765009,0.6985138753774514,0.6997382633879832,0.6948830360287412,0.06911474620269079,0.003968599337093703,0.004559663211482268,0.002575363542935416,0.008063850617189838,-0.020409319653930474,146.17689514160156
1863,2019-05-31,0.6912944569417858,0.6937009082799641,0.6975428556740553,0.6909144366916476,0.0671279982717772,-0.0038841432347150873,-0.004812967097487242,-0.0021954077139278994,-0.003968599337093592,-0.0019867479309135794,145.16969299316406
1864,2019-06-03,0.6944186240973552,0.7028202347029286,0.7049311863144779,0.6937431685417188,0.08445626498471868,0.0031241671555694017,0.009119326422964535,0.007388330640422658,0.0028287318500711534,0.01732826671294148,147.07809448242188
1865,2019-06-04,0.7094908495259602,0.7099130011955916,0.7126572769432843,0.7048045343714755,0.09562596725584425,0.01507222542860498,0.007092766492662994,0.007726090628806359,0.011061365829756697,0.01116970227112557,148.56236267089844
1866,2019-06-05,0.7142193605210689,0.7152326404862197,0.7163725079732423,0.7102085653433513,0.09588095094751231,0.004728510995108737,0.005319639290628064,0.003715231029957966,0.005404030971875806,0.00025498369166805646,149.6755828857422
1867,2019-06-06,0.7154859443722247,0.7188212195731751,0.7205944111963409,0.7131638847152942,0.07894578409255908,0.0012665838511557448,0.0035885790869554235,0.0042219032230986775,0.0029553193719429327,-0.016935166854953235,150.42660522460938
1868,2019-06-07,0.7221987550358803,0.7272650260193725,0.7314025375612233,0.7216498870021155,0.07181332360617769,0.006712810663655588,0.008443806446197355,0.010808126364882376,0.008486002286821281,-0.007132460486381387,152.19358825683594
1869,2019-06-10,0.732458013366998,0.7231275788986524,0.7344845088761688,0.7227898189102688,0.10680275240729395,0.010259258331117738,-0.004137447120720061,0.0030819713149454753,0.0011399319081533132,0.03498942880111626,151.32774353027344
1870,2019-06-11,0.7282361101438993,0.7246896624764371,0.7321202533786144,0.7193700876069398,0.06115004727822616,-0.0042219032230986775,0.0015620835777846453,-0.0023642554975543684,-0.0034197313033290655,-0.045652705129067786,151.65463256835938
1871,2019-06-12,0.7255762904985853,0.7299670415053104,0.7311069734134636,0.7238030988754196,0.05562894206558039,-0.002659819645314032,0.005277379028873375,-0.0010132799651507707,0.004433011268479836,-0.005521105212645774,152.759033203125
1872,2019-06-13,0.7327957733553816,0.7311914295158423,0.7328801650366294,0.7275605901671321,0.04960495234992262,0.0072194828567963,0.0012243880105318183,0.001773191623165804,0.0037574912917125447,-0.00602398971565777,153.0152587890625
1873,2019-06-14,0.7301359537100676,0.7295870856763029,0.7325424050482459,0.7223676672406374,0.05764048007762837,-0.002659819645314032,-0.001604343839539335,-0.0003377599883835902,-0.0051929229264947585,0.00803552772770575,152.67953491210938
1874,2019-06-17,0.7319936014356119,0.7276872421101347,0.7325002092076219,0.7262518104753525,0.058306270828094954,0.0018576477255443091,-0.0018998435661682356,-4.219584062392645e-05,0.0038841432347150873,0.0006657907504665841,152.2819366455078
1875,2019-06-18,0.7327535130936269,0.741999491459594,0.7448703547291583,0.7309803214704612,0.10212450995321758,0.0007599116580150334,0.014312249349459294,0.012370145521536369,0.004728510995108737,0.04381823912512262,155.27699279785156
1876,2019-06-19,0.7415350795282079,0.7405640598248118,0.7436882269803812,0.7356666366249459,0.07745129634417132,0.008781566434580945,-0.0014354316347822138,-0.0011821277487771287,0.004686315154484699,-0.024673213609046257,154.97665405273438
1877,2019-06-20,0.7448281588885344,0.7442792908547697,0.7487967582256281,0.7393819320760346,0.14995520078195,0.003293079360326523,0.003715231029957966,0.005108531245246906,0.0037152954510887293,0.07250390443777867,155.754150390625
1878,2019-06-21,0.7467702627164573,0.735919940510951,0.7468124585570812,0.7327535130936269,0.13506344490050323,0.0019421038279229252,-0.008359350343818739,-0.0019842996685468517,-0.0066284189824077355,-0.014891755881446755,154.00477600097656
1879,2019-06-24,0.7358354844085724,0.7371865243621067,0.7409862114944432,0.7354977888413196,0.06359009954988296,-0.010934778307884918,0.0012665838511557448,-0.0058262470626380125,0.0027442757476926483,-0.07147334535062028,154.2698974609375
1880,2019-06-25,0.7389175201446485,0.7343578569331662,0.7405640598248118,0.7330490772413866,0.06529353226783204,0.0030820357360761275,-0.002828667428940501,-0.00042215166963144313,-0.0024487115999329845,0.00170343271794908,153.67788696289062
1881,2019-06-26,0.7369332204761017,0.7328801650366294,0.7379464360201218,0.7326690569912484,0.06430547046261832,-0.0019842996685468517,-0.0014776918965367924,-0.0026176238046899947,-0.00038002025013816887,-0.0009880618052137136,153.36863708496094
1882,2019-06-27,0.7349489208075548,0.7339356408424041,0.7372287202027307,0.7312758856182209,0.06415672997581197,-0.0019842996685468517,0.0010554758057746971,-0.0007177158173911069,-0.0013931713730275241,-0.00014874048680635354,153.58956909179688
1883,2019-06-28,0.7354133327389409,0.7371020682597281,0.7404374078818093,0.7346111608191713,0.12576716447510544,0.0004644119313861328,0.0031664274173239804,0.00320868767907867,0.0033352752009504494,0.06161043449929347,154.25213623046875
1884,2019-07-01,0.7457147869106826,0.7464746985686976,0.7472346746478434,0.7416195356305865,0.057144678454940485,0.010301454171741664,0.00937263030896951,0.0067972667660340935,0.007008374811415141,-0.06862248602016496,156.21356201171875
1885,2019-07-02,0.7472346746478434,0.745672526648928,0.7493033659976381,0.7436882269803812,0.049828063080132164,0.00151988773716083,-0.000802171919769612,0.0020686913497947046,0.0020686913497947046,-0.007316615374808322,156.0457000732422
1886,2019-07-03,0.7463058507850713,0.7531875092323532,0.7534830733801129,0.7439415952875169,0.043913858009498145,-0.0009288238627721546,0.0075149825834252,0.004179707382474751,0.0002533683071357373,-0.005914205070634018,157.61834716796875
1887,2019-07-05,0.7481634985106156,0.7455458747059255,0.7491767140546356,0.7374398282481117,0.04280892867893658,0.0018576477255443091,-0.007641634526427743,-0.004306359325477294,-0.006501767039405193,-0.0011049293305615687,156.01922607421875
1888,2019-07-08,0.7443215511165244,0.7416617314712104,0.7443637469571484,0.7379886962818764,0.05573872671060413,-0.003841947394091161,-0.0038841432347150873,-0.004812967097487242,0.0005488680337646379,0.012929798031667557,155.20635986328125
1889,2019-07-09,0.73883306404227,0.7410284717561979,0.7420416873002179,0.7371020682597281,0.05651784354625652,-0.005488487074254422,-0.0006332597150124908,-0.002322059656930442,-0.0008866280221482281,0.0007791168356523839,155.07382202148438
1890,2019-07-10,0.7435615750373786,0.7365532646470941,0.7470235666024624,0.736173244396956,0.06606910766332237,0.004728510995108626,-0.004475207109103763,0.004981879302244474,-0.0009288238627721546,0.009551264117065854,154.1373291015625
1891,2019-07-11,0.7381153482248789,0.7368909602143471,0.7389597159852724,0.7314025375612233,0.08592950409213411,-0.005446226812499733,0.00033769556725293803,-0.00806385061718995,-0.004770706835732663,0.01986039642881174,154.2080078125
1892,2019-07-12,0.7377775882364953,0.7478679343628559,0.748079042408237,0.7377775882364953,0.07781252324070106,-0.0003377599883835902,0.010976974148508845,0.009119326422964535,0.006375050675271998,-0.008116980851433045,156.50515747070312
1893,2019-07-15,0.7487967582256281,0.7388752598828939,0.7487967582256281,0.7368487643737232,0.059071221903099116,0.011019169989132771,-0.008992674479961993,0.0007177158173911069,-0.0009288238627721546,-0.01874130133760195,154.62326049804688
1894,2019-07-16,0.73883306404227,0.7379042401794979,0.7425905553339825,0.7358777446703271,0.07043924482329984,-0.009963694183358074,-0.000971019703396081,-0.006206202891645529,-0.000971019703396081,0.011368022920200727,154.42002868652344
1895,2019-07-17,0.7370176765784803,0.7118973008641385,0.7373553721457331,0.711475149194507,0.1939115560733928,-0.0018153874637897305,-0.026006939315359356,-0.005235183188249448,-0.02440259547582002,0.12347231125009296,148.9775848388672
1896,2019-07-18,0.720256715629088,0.7341045530471613,0.7341045530471613,0.7164569640756208,0.14619064988968414,-0.01676096094939228,0.022207252183022774,-0.0032508190985718333,0.004981814881113711,-0.04772090618370867,153.62486267089844
1897,2019-07-19,0.7347800086027977,0.7303470617554487,0.73883306404227,0.7300514976076891,0.1075854106831084,0.01452329297370969,-0.0037574912917125447,0.004728510995108737,0.013594533532068298,-0.03860523920657574,152.8385467529297
1898,2019-07-22,0.7304737136984512,0.7328379691960055,0.7366799165900967,0.7279827418367636,0.062478087338997276,-0.00430629490434653,0.0024909074405568,-0.0021531474521733207,-0.002068755770925468,-0.04510732334411112,153.35984802246094
1899,2019-07-23,0.7397196920644182,0.7382420001678813,0.7413239714828268,0.7323735572646194,0.07370799409287782,0.009245978365967078,0.005404030971875806,0.004644054892730121,0.004390815427855799,0.01122990675388054,154.49070739746094
1900,2019-07-24,0.7356666366249459,0.7344423130355449,0.7401418437340497,0.7337667930587777,0.062021241558092015,-0.0040530554394723195,-0.003799687132336471,-0.0011821277487771287,0.0013932357941582874,-0.0116867525347858,153.695556640625
1901,2019-07-25,0.7369332204761017,0.7336401411157751,0.7373976324074878,0.7304314534366965,0.06230101533089446,0.0012665838511557448,-0.000802171919769723,-0.002744211326561885,-0.0033353396220812126,0.0002797737728024441,153.52772521972656
1902,2019-07-26,0.7325846653100005,0.7329646211390081,0.733471228911018,0.7289538259612904,0.06229039101040829,-0.004348555166101109,-0.0006755199767670694,-0.003926403496469777,-0.0014776274754060292,-1.0624320486166128e-05,153.38632202148438
1903,2019-07-29,0.7340200969447827,0.7368487643737232,0.7382420001678813,0.7319936014356119,0.053822807582931675,0.0014354316347821028,0.0038841432347150873,0.004770771256863315,0.003039775474321438,-0.008467583427476617,154.19918823242188
1904,2019-07-30,0.7355399846819435,0.7342312049901638,0.7386219559968888,0.7318246892308548,0.05076654472307709,0.00151988773716083,-0.0026175593835593425,0.0003799558290075167,-0.0001689122047571212,-0.0030562628598545874,153.65138244628906
1905,2019-07-31,0.7324157531052433,0.7281094582008968,0.7345267047167927,0.7184412637441676,0.10259198005460901,-0.003124231576700165,-0.006121746789267024,-0.004095251280096135,-0.01338342548668714,0.05182543533153192,152.3702850341797
1906,2019-08-01,0.7257029424415878,0.7158237043606083,0.7338089888994016,0.7145571205094525,0.0974462674991412,-0.006712810663655477,-0.012285753840288516,-0.0007177158173911069,-0.0038841432347150873,-0.005145712555467807,149.79928588867188
1907,2019-08-02,0.7130372327722918,0.7093219373212031,0.7137127527490589,0.7035379505203198,0.07630741117182714,-0.012665709669296032,-0.006501767039405193,-0.020096236150342728,-0.011019169989132771,-0.021138856327314062,148.4386749267578
1908,2019-08-05,0.6973739434692982,0.683990517982611,0.7007937391937579,0.6792620069875023,0.11670461910040338,-0.015663289302993655,-0.025331419338592065,-0.012919013555301007,-0.02427594353281748,0.040397207928576234,143.13760375976562
1909,2019-08-06,0.6897323089428704,0.6945875363021123,0.6988516353658349,0.6890990492278579,0.12766183496180558,-0.007641634526427743,0.010597018319501328,-0.0019421038279229252,0.009837042240355642,0.010957215861402206,145.355224609375
1910,2019-08-07,0.6880013775814593,0.689816765045249,0.6917166086114173,0.6800219830666481,0.10904802547003764,-0.0017309313614111144,-0.004770771256863315,-0.007135026754417684,-0.009077066161209846,-0.01861380949176794,144.3568572998047
1911,2019-08-08,0.6948830360287412,0.7051000340981044,0.7069154859830248,0.693236496348578,0.08601449865602345,0.006881658447281946,0.015283269052855375,0.015198877371607522,0.013214513281929907,-0.023033526814014188,147.55516052246094
1912,2019-08-09,0.7045934263260945,0.7036646024633222,0.7078865056864209,0.6976695076170578,0.06382029316041661,0.00971039029735321,-0.0014354316347822138,0.000971019703396081,0.004433011268479836,-0.022194205495606842,147.25474548339844
1913,2019-08-12,0.6983872234344489,0.6953052521195034,0.7045089702237158,0.6941653202113501,0.05277454129496301,-0.006206202891645529,-0.008359350343818739,-0.003377535462705028,-0.0035041874057076816,-0.011045751865453604,145.5054168701172
1914,2019-08-13,0.6962340759822756,0.7091952853782005,0.717850199869779,0.6945030801997337,0.11409811914112993,-0.0021531474521733207,0.013890033258697088,0.013341229646063213,0.0003377599883835902,0.06132357784616692,148.4121856689453
1915,2019-08-14,0.7009625869773843,0.6925609763718108,0.7041712102353322,0.6923076724858058,0.0870238091022095,0.004728510995108737,-0.016634309006389736,-0.013678989634446803,-0.0021954077139278994,-0.027074310038920427,144.9311065673828
1916,2019-08-15,0.68952126531862,0.6850882540501403,0.6919277166567983,0.6801486350096505,0.07863413735829812,-0.011441321658764325,-0.007472722321670511,-0.012243493578533937,-0.012159037476155321,-0.008389671743911378,144.08758544921875
1917,2019-08-16,0.6915899566684147,0.6967406837542857,0.6989782873088375,0.6890990492278579,0.06191145691306827,0.0020686913497947046,0.011652429704145373,0.007050570652039179,0.008950414218207414,-0.01672268044522985,146.53834533691406
1918,2019-08-19,0.7059444662796287,0.7002448711599932,0.7064510740516388,0.6987249834228324,0.058334602349391404,0.014354509611213984,0.0035041874057075706,0.007472786742801274,0.009625934194974484,-0.0035768545636768664,147.27532958984375
1919,2019-08-20,0.6991893953542185,0.6901545250336326,0.7002026753193693,0.689816765045249,0.06113234007741588,-0.006755070925410167,-0.010090346126360616,-0.006248398732269456,-0.008908218377583377,0.0027977377280244756,145.1531219482422
1920,2019-08-21,0.6966140318112831,0.6915055005660362,0.6966140318112831,0.6872414015023136,0.06134482648713926,-0.002575363542935416,0.0013509755324035977,-0.0035886435080861867,-0.002575363542935416,0.00021248640972337807,145.43724060058594
1921,2019-08-22,0.6952629918577488,0.6877480092743236,0.6961918157205209,0.6821751305188213,0.06870393914389225,-0.001351039953534361,-0.0037574912917126557,-0.00042221609076220634,-0.005066270983492327,0.007359112656752993,144.64698791503906
1922,2019-08-23,0.6817529144280592,0.6606856585743204,0.6851304498907642,0.6564637553512217,0.15380120479794313,-0.013510077429689571,-0.02706235070000318,-0.011061365829756697,-0.02571137516759958,0.08509726565405087,138.95523071289062
1923,2019-08-26,0.6665118412158276,0.6624588501974861,0.6671873611925948,0.6540150437512887,0.10957215861402197,-0.01524107321223156,0.001773191623165693,-0.017943088698169407,-0.0024487115999329845,-0.04422904618392115,139.32818603515625
1924,2019-08-27,0.6675251211809784,0.6648653015356644,0.6679050770099859,0.6596301827685457,0.08960551898034855,0.0010132799651507707,0.002406451338178295,0.0007177158173911069,0.005615139017256965,-0.019966639633673428,139.8343048095703
1925,2019-08-28,0.6635565218438847,0.6736046721296214,0.6755045156957897,0.6605590066313178,0.08369839679003864,-0.003968599337093703,0.008739370593957019,0.0075994386858038165,0.0009288238627721546,-0.0059071221903099075,141.67233276367188
1926,2019-08-29,0.6817529144280592,0.6907033930673973,0.6923921285881844,0.6794731150328833,0.13879966427147264,0.018196392584174492,0.01709872093777587,0.01688761289239471,0.018914108401565488,0.055101267481434,145.26856994628906
1927,2019-08-30,0.6966140318112831,0.6950096879717438,0.6993160472972211,0.6928143446789465,0.11178910015546922,0.014861117383223932,0.00430629490434653,0.006923918709036636,0.013341229646063213,-0.027010564116003416,146.17428588867188
1928,2019-09-03,0.690323372817259,0.6904078289196376,0.6943342324161074,0.6866925334685489,0.09914261733676617,-0.006290658994024145,-0.004601859052106194,-0.004981814881113711,-0.006121811210397676,-0.01264648281870305,145.20639038085938
1929,2019-09-04,0.6973739434692982,0.705648902131869,0.708139809572426,0.6973739434692982,0.14076162212125182,0.007050570652039179,0.015241073212231449,0.013805577156318583,0.010681410000749292,0.041619004784485644,148.4119415283203
1930,2019-09-05,0.7118551050235146,0.7192856315045613,0.7217766033662488,0.7114328889327525,0.1597756143513321,0.014481161554216415,0.013636729372692225,0.013636793793822877,0.01405894546345432,0.019013992230080295,151.2799530029297
1931,2019-09-06,0.7217343431044941,0.7226209711266424,0.7252807263508256,0.7199189556407044,0.11785204571290961,0.009879238080979569,0.0033353396220811016,0.0035041229845768074,0.008486066707951934,-0.041923568638422504,151.98143005371094
1932,2019-09-09,0.7257029424415878,0.7162881162919944,0.7292493256879193,0.7137549485896828,0.17678161000952647,0.003968599337093703,-0.006332854834647961,0.003968599337093703,-0.006164007051021603,0.05892956429661686,150.64956665039062
1933,2019-09-10,0.7119395611258932,0.7160770082466132,0.7162036601896158,0.7046356221667184,0.14950543788136883,-0.013763381315694656,-0.00021110804538115868,-0.01304566549830355,-0.009119326422964424,-0.02727617212815764,150.6051483154297
1934,2019-09-11,0.7168369199046283,0.7231275788986524,0.723465338887036,0.7143460124640715,0.14333979055922882,0.004897358778735095,0.007050570652039179,0.007261678697420226,0.0097103902973531,-0.0061656473221400054,152.08804321289062
1935,2019-09-12,0.7241830547044271,0.7119395611258932,0.7261673543729739,0.7109684770013663,0.09836350050111378,0.007346134799798842,-0.01118801777275924,0.0027020154859378476,-0.003377535462705139,-0.04497629005811504,149.7349395751953
1936,2019-09-13,0.7132060805559182,0.7080554178911781,0.7142615563616929,0.7070843337666513,0.09702129467969445,-0.010976974148508956,-0.0038841432347150873,-0.011905798011280999,-0.0038841432347150873,-0.0013422058214193344,148.9180450439453
1937,2019-09-16,0.7052266860411069,0.70172256305653,0.7067888340400224,0.699822655069231,0.08597554281424084,-0.007979394514811222,-0.006332854834648072,-0.007472722321670511,-0.007261678697420226,-0.011045751865453604,147.58612060546875
1938,2019-09-17,0.7029046908053073,0.7027780388623047,0.7041712102353322,0.6977117034576817,0.08099981938655174,-0.0023219952357996787,0.0010554758057746971,-0.0026176238046901057,-0.0021109516115492832,-0.004975723427689108,147.80807495117188
1939,2019-09-18,0.7003715231029957,0.7091530895375766,0.7092375456399552,0.6987671792634563,0.06486855944838528,-0.0025331677023116006,0.006375050675271887,0.005066335404622979,0.001055475805774586,-0.016131259938166456,149.14891052246094
1940,2019-09-19,0.7096175014689627,0.7040868185540844,0.7124883647385271,0.7030735385889336,0.069065166040422,0.009245978365967078,-0.005066270983492216,0.0032508190985718333,0.004306359325477294,0.004196606592036717,148.08338928222656
1941,2019-09-20,0.707591005959792,0.7105885211723588,0.7122773211142768,0.7037490585657008,0.17885689394449147,-0.002026495509170778,0.00650170261827443,-0.00021104362425028445,0.0006755199767671805,0.10979172790406948,149.45082092285156
1942,2019-09-23,0.7039601666110819,0.705648902131869,0.7084775695608095,0.70172256305653,0.0823561909686193,-0.003630839348710113,-0.004939619040489784,-0.0037997515534672344,-0.002026495509170778,-0.09650070297587217,148.4119415283203
1943,2019-09-24,0.7083931134584309,0.699822655069231,0.7111795850467474,0.6963184676635235,0.09343027435536935,0.004432946847349073,-0.0058262470626380125,0.0027020154859378476,-0.005404095393006569,0.011074083386750047,147.18655395507812
1944,2019-09-25,0.7005403708866221,0.7047622741097208,0.7062399660062576,0.6977117034576817,0.058256690665826165,-0.00785274257180879,0.004939619040489784,-0.004939619040489784,0.0013932357941582874,-0.03517358368954319,148.22543334960938
1945,2019-09-26,0.7045089702237158,0.705184490200483,0.7092797414805792,0.7028202347029286,0.07022675841357646,0.003968599337093703,0.00042221609076220634,0.003039775474321549,0.005108531245246906,0.0119700677477503,148.314208984375
1946,2019-09-27,0.7086886776061906,0.7094485892642056,0.7113062369897499,0.7021447147261615,0.08906013719539188,0.004179707382474751,0.004264099063722604,0.002026495509170778,-0.0006755199767671805,0.018833378781815416,149.21104431152344
1947,2019-09-30,0.7127839288862867,0.7143460124640715,0.7157814440988536,0.7095330453665841,0.07364424816996079,0.004095251280096135,0.004897423199865858,0.004475207109103652,0.007388330640422658,-0.01541588902543109,150.2410888671875
1948,2019-10-01,0.7158237043606083,0.693194300507954,0.7183990679035437,0.692476584690563,0.09891950660655663,0.003039775474321549,-0.021151711956117425,0.0026176238046901057,-0.01705646067602118,0.025275258436595838,145.79248046875
1949,2019-10-02,0.6845393860163757,0.680064178907272,0.6874525095476947,0.6731402601982354,0.1600766367651069,-0.03128431834423262,-0.013130121600682054,-0.03094655835584903,-0.019336324492327583,0.06115713015855026,143.03089904785156
1950,2019-10-03,0.6780798792387251,0.6819218266328163,0.6819640224734402,0.6706070924959239,0.10936675508462271,-0.006459506777650503,0.0018576477255443091,-0.005488487074254422,-0.0025331677023114896,-0.05070988168048418,143.421630859375
1951,2019-10-04,0.6839483221419871,0.6908300450103998,0.6914211088847884,0.683230606324596,0.09709212348293557,0.005868442903261939,0.008908218377583488,0.009457086411348126,0.012623513828672106,-0.012274631601687139,145.29518127441406
1952,2019-10-07,0.6893523531138629,0.6889301370231008,0.6947986443474934,0.6862281215371628,0.07842165094857474,0.005404030971875806,-0.0018999079872989988,0.003377535462705028,0.002997515212566859,-0.018670472534360827,144.8955841064453
1953,2019-10-08,0.6810774588724227,0.6696782686331517,0.681288502496673,0.6695516166901492,0.12104996617924645,-0.008274894241440234,-0.01925186838994908,-0.013510141850820334,-0.016676504847013662,0.042628315230671704,140.8465576171875
1954,2019-10-09,0.6781643353411037,0.6748289957190226,0.6783331831247301,0.6702271366669164,0.059510360483194094,-0.0029131235313190063,0.005150727085870832,-0.0029553193719429327,0.0006755199767671805,-0.06153960569605235,141.9298553466797
1955,2019-10-10,0.6749134518214011,0.6795997669758859,0.6850037979477617,0.6748712559807771,0.0571269712541302,-0.0032508835197025965,0.004770771256863315,0.006670614823031551,0.004644119313860773,-0.0023833892290638925,142.9332275390625
1956,2019-10-11,0.6882124212057097,0.6904078289196376,0.6980917237078199,0.6870725537186871,0.07950179019800192,0.013298969384308634,0.010808061943751723,0.013087925760058239,0.01220129773791001,0.02237481894387172,145.20639038085938
1957,2019-10-14,0.6907877847486451,0.6880857692627071,0.6933209524509566,0.6861014695941603,0.03739406667115249,0.002575363542935416,-0.002322059656930442,-0.004770771256863315,-0.0009710841245268442,-0.04210772352684943,144.71804809570312
1958,2019-10-15,0.6903656330790137,0.6908722408510237,0.6958541201532681,0.6886768331370957,0.09967383336107462,-0.00042215166963144313,0.0027864715883165747,0.0025331677023114896,0.002575363542935416,0.06227976668992213,145.3040771484375
1959,2019-10-16,0.6907455889080212,0.6908300450103998,0.6938275602229667,0.6868191854115514,0.1221726027106183,0.0003799558290075167,-4.219584062392645e-05,-0.0020265599303014303,-0.0018576477255443091,0.022498769349543687,145.29518127441406
1960,2019-10-17,0.7021025188855375,0.7072532459714084,0.7134594488630539,0.6991049392518399,0.11696314423223347,0.011356929977516361,0.016423200961008577,0.019631888640087247,0.012285753840288516,-0.005209458478384832,148.74932861328125
1961,2019-10-18,0.705691097972493,0.6990205475705921,0.7070421379260273,0.6857637096057767,0.15659894252596762,0.0035885790869554235,-0.008232698400816307,-0.006417310937026577,-0.013341229646063213,0.03963579829373415,147.01783752441406
1962,2019-10-21,0.7049311863144779,0.7132483408176729,0.7145149246688286,0.7032424507936907,0.08975425946715491,-0.0007599116580150334,0.014227793247080789,0.007472786742801274,0.017478741187914038,-0.0668446830588127,150.0102081298828
1963,2019-10-22,0.7122350608525221,0.7132483408176729,0.7181879598581626,0.7088153295491931,0.11651692277181439,0.007303874538044153,0.0,0.0036730351893340396,0.005572878755502386,0.02676266330465947,150.0102081298828
1964,2019-10-23,0.7174702440407715,0.717090288211764,0.7177235479267765,0.7135016447036778,0.08425440289548147,0.005235183188249448,0.003841947394091161,-0.0004644119313861328,0.004686315154484699,-0.03226251987633291,150.8182373046875
1965,2019-10-24,0.7175547001431501,0.7238875549777981,0.7249852266241967,0.7133327969200515,0.07723880993444794,8.445610237861612e-05,0.0067972667660340935,0.007261678697420226,-0.000168847783626358,-0.007015592961033532,152.24783325195312
1966,2019-10-25,0.722958731115026,0.7246052707951892,0.7265895704637361,0.7204677592533384,0.069065166040422,0.005404030971875806,0.0007177158173911069,0.001604343839539335,0.0071349623332869205,-0.008173643894025945,152.39878845214844
1967,2019-10-28,0.7260407024299714,0.7290382176425383,0.7334290330703941,0.7260407024299714,0.08383297151619677,0.0030819713149454753,0.004432946847349073,0.00683946260665802,0.005572943176633038,0.014767805475774776,153.33111572265625
1968,2019-10-29,0.7265895704637361,0.7310647775728397,0.7316980372878523,0.7246474666358131,0.09611468599820804,0.0005488680337646379,0.0020265599303014303,-0.0017309957825417666,-0.0013932357941582874,0.012281714482011263,153.75738525390625
1969,2019-10-30,0.7314025375612233,0.7371443285214828,0.73883306404227,0.7306003656414537,0.06928473533046949,0.004812967097487242,0.006079550948643098,0.007135026754417684,0.005952899005640555,-0.02682995066773855,155.03602600097656
1970,2019-10-31,0.7353288766365623,0.7292493256879193,0.7371443285214828,0.7246052707951892,0.07590014555319066,0.003926339075339014,-0.00789500283356348,-0.001688735520787188,-0.0059950948462644815,0.006615410222721177,153.3755645751953
1971,2019-11-01,0.7358354844085724,0.7435615750373786,0.7442792908547697,0.7343155966714117,0.10040691147462028,0.0005066077720100592,0.014312249349459294,0.0071349623332869205,0.009710325876222448,0.024506765921429613,156.38565063476562
1972,2019-11-04,0.7455881349676802,0.7599425801577634,0.7599425801577634,0.7455881349676802,0.15523194662341389,0.00975265055910779,0.016381005120384762,0.015663289302993655,0.011272538296268508,0.05482503514879361,159.83091735839844
1973,2019-11-05,0.7589715604543673,0.7628134434273277,0.7676686707865696,0.7566916966380608,0.18260373763594703,0.01338342548668714,0.0028708632695643166,0.007726090628806248,0.011103561670380624,0.027371791012533148,160.43472290039062
1974,2019-11-06,0.7628134434273277,0.7633623114610923,0.7640800272784833,0.7587604524089863,0.09712045500423203,0.0038418829729603976,0.0005488680337646379,-0.0035886435080862977,0.002068755770925468,-0.08548328263171501,160.55018615722656
1975,2019-11-07,0.7675420188435672,0.7585071485229812,0.7683441907633369,0.757325020774204,0.09026422685049101,0.0047285754162395,-0.004855162938111168,0.004264163484853589,-0.0014354316347822138,-0.006856228153741012,159.52902221679688
1976,2019-11-08,0.7585071485229812,0.7650511114030103,0.765135503084258,0.7580427365915952,0.05796629257253755,-0.00903487032058603,0.006543962880029119,-0.003208687679078892,0.0007177158173911069,-0.032297934277953466,160.90538024902344
1977,2019-11-11,0.7628557036890824,0.763446767563471,0.7660221311064064,0.7590559521356152,0.05647180482414979,0.00434855516610122,-0.001604343839539335,0.0008866280221483391,0.0010132155440200075,-0.0014944877483877572,160.56793212890625
1978,2019-11-12,0.7648821991982532,0.7684285824445848,0.7731148975990695,0.7645866994716242,0.06434442630440095,0.002026495509170778,0.004981814881113822,0.007092766492663105,0.005530747336009001,0.007872621480251155,161.61573791503906
1979,2019-11-13,0.7632778553587138,0.7681752785585797,0.7717216618049112,0.7620957276099368,0.06570079788646851,-0.001604343839539335,-0.00025330388600508513,-0.0013932357941582874,-0.002490971861687341,0.0013563715820675698,161.56243896484375
1980,2019-11-14,0.7627712475867038,0.7584648882612266,0.7657265669586467,0.7561850888660507,0.07820562309868931,-0.0005066077720100592,-0.0097103902973531,-0.0059950948462644815,-0.0059106387438860875,0.012504825212220794,160.31312561035156
1981,2019-11-15,0.7637845275518544,0.767330910798186,0.7681752785585797,0.7627290517460797,0.11483828013499969,0.0010132799651506597,0.00886602253695945,0.0024487115999329845,0.006543962880029008,0.036632657036310384,162.1870880126953
1982,2019-11-18,0.7660221311064064,0.7590982123973699,0.7660221311064064,0.757325020774204,0.08519996741875051,0.002237603554551937,-0.008232698400816196,-0.0021531474521733207,-0.005404030971875695,-0.029638312716249185,160.4469757080078
1983,2019-11-19,0.7620535317693128,0.7604491879297735,0.7628978995297063,0.7557628727752886,0.09466977841208905,-0.003968599337093592,0.0013509755324035977,-0.003124231576700054,-0.0015621479989154086,0.009469810993338545,160.73252868652344
1984,2019-11-20,0.7638689192331024,0.7482056943512395,0.767119802752805,0.7453347666605444,0.14841113287129343,0.0018153874637896195,-0.012243493578533937,0.0042219032230986775,-0.010428106114744207,0.053741354459204374,158.14468383789062
1985,2019-11-21,0.7469813063407077,0.7452925708199205,0.7501899940197864,0.7405217995630572,0.11102769052062712,-0.01688761289239471,-0.0029131235313190063,-0.016929808733018636,-0.004812967097487242,-0.037383442350666304,157.52896118164062
1986,2019-11-22,0.7467702627164573,0.7463902424663191,0.7494722782023953,0.7416195356305865,0.06559455468160683,-0.00021104362425039547,0.0010976716463986236,-0.0007177158173911069,0.0010977360675292758,-0.0454331358390203,157.7609405517578
1987,2019-11-25,0.7509077098371775,0.7452081147175419,0.751287665666185,0.7429283153223661,0.09411377230664622,0.004137447120720172,-0.0011821277487772397,0.0018153874637897305,0.0013087796917796712,0.028519217625039395,157.51109313964844
1988,2019-11-26,0.7493878221000166,0.7536941814254939,0.7586338004659837,0.7475301743744723,0.162159003580396,-0.00151988773716083,0.008486066707952045,0.007346134799798731,0.004601859052106194,0.06804523127374978,159.30474853515625
1989,2019-11-27,0.7539896811521228,0.7574938685578305,0.7584648882612266,0.7520476417453307,0.03700096681316424,0.004601859052106194,0.003799687132336582,-0.0001689122047571212,0.004517467370858341,-0.12515803676723175,160.10789489746094
1990,2019-11-29,0.7547918530718926,0.7538208333684965,0.7564383927520558,0.7501477337580317,0.057835259286541464,0.000802171919769723,-0.0036730351893340396,-0.002026495509170778,-0.0018999079872989988,0.020834292473377224,159.33154296875
1991,2019-12-02,0.7538208333684965,0.7359622007727056,0.75466520112889,0.7358777446703271,0.10813787534838917,-0.000971019703396081,-0.017858632595790902,-0.001773191623165804,-0.014269989087704604,0.05030261606184771,155.55682373046875
1992,2019-12-03,0.7286160659729068,0.7284894140299043,0.7316980372878523,0.7230431227962738,0.13370707331843568,-0.025204767395589633,-0.007472786742801274,-0.022967163841037697,-0.012834621874053265,0.025569197970046503,153.9773406982422
1993,2019-12-04,0.7344845088761688,0.7312758856182209,0.7430127714247448,0.7310225173110851,0.10388460571375956,0.005868442903261939,0.0027864715883165747,0.011314734136892435,0.007979394514811333,-0.02982246760467612,154.56631469726562
1994,2019-12-05,0.733217925025013,0.7346533566597953,0.7358777446703271,0.7288271740182879,0.08294407003552065,-0.0012665838511557448,0.003377471041574376,-0.007135026754417684,-0.002195343292797247,-0.020940535678238906,155.28018188476562
1995,2019-12-06,0.7384531082132625,0.7407751678701929,0.7440259869687648,0.7377353923958714,0.07500770263235247,0.005235183188249448,0.006121811210397676,0.008148242298437691,0.008908218377583488,-0.007936367403168179,156.57411193847656
1996,2019-12-09,0.7395929757002849,0.7366799165900967,0.7420416873002179,0.7356666366249459,0.05512251612240634,0.001139867487022439,-0.004095251280096246,-0.0019842996685468517,-0.002068755770925468,-0.019885186509946133,155.70852661132812
1997,2019-12-10,0.7366799165900967,0.7347800086027977,0.7379886962818764,0.7331757291843891,0.07181332360617769,-0.002913059110188243,-0.0018999079872989988,-0.004052991018341556,-0.0024909074405568,0.01669080748377135,155.30694580078125
1998,2019-12-11,0.7371020682597281,0.7430971631059926,0.7438571391851383,0.7354133327389409,0.07699445056326605,0.00042215166963144313,0.008317154503194923,0.005868442903261939,0.002237603554551826,0.005181126957088361,157.06488037109375
1999,2019-12-12,0.7444903989001508,0.7489234101686306,0.7521742936883332,0.7396774318026635,0.08065984113099434,0.007388330640422658,0.0058262470626380125,0.008317154503194923,0.004264099063722604,0.0036653905677282855,158.29635620117188
2000,2019-12-13,0.7489234101686306,0.7471924143860887,0.7548340489125165,0.7465591546710763,0.0726066062024783,0.004433011268479836,-0.0017309957825418776,0.002659755224183269,0.00688172286841271,-0.008053234928516034,157.93051147460938
2001,2019-12-16,0.7484168023966206,0.7447437027861559,0.751498773711566,0.7436460311397572,0.11359523463811794,-0.0005066077720100592,-0.0024487115999328735,-0.0033352752009504494,-0.0029131235313190063,0.040988628435639635,157.41294860839844
2002,2019-12-17,0.7441104430711433,0.7460102866373116,0.7482901504536181,0.742252795345599,0.10765269804618746,-0.004306359325477294,0.0012665838511557448,-0.003208623257947907,-0.0013932357941582874,-0.005942536591930475,157.6806640625
2003,2019-12-18,0.745419222762923,0.7373131763051092,0.7474035224314698,0.7363421566017131,0.12801243753784913,0.0013087796917797823,-0.00869711033220244,-0.0008866280221483391,-0.005910638743885865,0.02035973949166167,155.84239196777344
2004,2019-12-19,0.7388752598828939,0.745165918876918,0.745672526648928,0.7366799165900967,0.09493184498408122,-0.006543962880029119,0.00785274257180879,-0.0017309957825417666,0.0003377599883835902,-0.03308059255376791,157.5021514892578
2005,2019-12-20,0.7479101302034799,0.7447859630479104,0.7501899940197864,0.7436882269803812,0.1541199344125282,0.00903487032058592,-0.0003799558290075167,0.004517467370858341,0.007008310390284489,0.05918808942844697,157.4218292236328
2006,2019-12-23,0.7488812143280067,0.7448703547291583,0.7488812143280067,0.742252795345599,0.0912877030573253,0.0009710841245268442,8.43916812478529e-05,-0.0013087796917796712,-0.0014354316347822138,-0.0628322313552029,157.439697265625
2007,2019-12-24,0.744912614990913,0.7443637469571484,0.7466436107734549,0.7419150353572154,0.022151708213662167,-0.003968599337093703,-0.0005066077720099482,-0.002237603554551826,-0.0003377599883835902,-0.06913599484366313,157.3326416015625
2008,2019-12-26,0.745419222762923,0.7467702627164573,0.7468546543977052,0.7418728395165914,0.04496566573762886,0.0005066077720100592,0.002406515759308947,0.00021104362425028445,-4.219584062392645e-05,0.022813957523966696,157.84130859375
2009,2019-12-27,0.747614630476851,0.7450814627745395,0.7482901504536181,0.7442792908547697,0.04617683827305212,0.0021954077139278994,-0.00168879994191784,0.001435496055912977,0.002406451338178295,0.0012111725354232578,157.4843292236328
2010,2019-12-30,0.745419222762923,0.7448281588885344,0.7472768704884674,0.7420416873002179,0.05914559214650229,-0.0021954077139278994,-0.00025330388600508513,-0.0010132799651507707,-0.002237603554551826,0.012968753873450173,157.4307861328125
2011,2019-12-31,0.7449970710932916,0.7472768704884674,0.747614630476851,0.7407751678701929,0.0612279589617914,-0.00042215166963144313,0.0024487115999329845,0.0003377599883835902,-0.0012665194300249816,0.0020823668152891092,157.94834899902344
2012,2020-01-02,0.7493878221000166,0.7632778553587138,0.7633201156204685,0.7478679343628559,0.10119311119059676,0.0043907510067250355,0.016000984870246482,0.01570548514361758,0.007092766492662994,0.03996515222880536,161.3303680419922
2013,2020-01-03,0.7529342053463483,0.7551296130602762,0.7592248643403723,0.7490078662710091,0.09934447942600338,0.003546383246331608,-0.008148242298437691,-0.004095251280096246,0.0011399319081532022,-0.001848631764593378,159.608154296875
2014,2020-01-06,0.7508232537347989,0.7494300179406406,0.7531031175511054,0.7469813063407077,0.11608486707204352,-0.0021109516115493943,-0.005699595119635581,-0.006121746789266913,-0.0020265599303014303,0.016740387646040134,158.40342712402344
2015,2020-01-07,0.748838954066252,0.7498522340314028,0.7517943378593257,0.7413239714828268,0.10634236518622663,-0.0019842996685468517,0.00042221609076220634,-0.0013087796917796712,-0.005657334857880891,-0.009742501885816893,158.49270629882812
2016,2020-01-08,0.7501055379174077,0.7504854937464153,0.7561428930254268,0.746136938580314,0.09014735932514316,0.0012665838511557448,0.0006332597150124908,0.004348555166101109,0.004812967097487242,-0.016195005861083467,158.62655639648438
2017,2020-01-09,0.754454093083509,0.7560162410824244,0.7575360643984544,0.751752077597571,0.06337407169999752,0.00434855516610122,0.005530747336009112,0.0013931713730276352,0.005615139017256965,-0.026773287625145636,159.79556274414062
2018,2020-01-10,0.7595203640670012,0.7543696369811304,0.7595203640670012,0.7520898375859546,0.0592022551890952,0.005066270983492216,-0.0016466041012940247,0.0019842996685467407,0.0003377599883835902,-0.004171816510902322,159.44752502441406
2019,2020-01-13,0.7567761527404394,0.7653044152890152,0.7655999150156444,0.754411897242885,0.08010383502555149,-0.002744211326561774,0.010934778307884807,0.006079550948643209,0.002322059656930442,0.02090157983645629,161.75875854492188
2020,2020-01-14,0.762011335928689,0.7618424237239316,0.7650933072436342,0.7578738243868379,0.07760003683097769,0.005235183188249559,-0.003461991565083533,-0.0005066077720101703,0.003461927143952881,-0.002503798194573803,161.02699279785156
2021,2020-01-15,0.7653888069702631,0.7630245514727088,0.7702440343295051,0.7593093204427509,0.0921057757347603,0.003377471041574154,0.0011821277487771287,0.005150727085870832,0.001435496055912977,0.014505738903782608,161.27688598632812
2022,2020-01-16,0.7662754349924115,0.7694840582503595,0.7704551423748863,0.7632778553587138,0.07845706535019531,0.0008866280221483391,0.006459506777650725,0.0002111080453812697,0.00396853491596294,-0.013648710384564985,162.6421661376953
2023,2020-01-17,0.772017225952671,0.7735793095304554,0.777083496936163,0.7706239901585126,0.09236075942642835,0.005741790960259507,0.004095251280095913,0.006628354561276639,0.007346134799798731,0.013903694076233042,163.5077667236328
2024,2020-01-21,0.7727771376106859,0.7638689192331024,0.7738748736782152,0.7619268798263102,0.07750795938676422,0.0007599116580149223,-0.009710390297352989,-0.003208623257947796,-0.008697110332202329,-0.014852800039664132,161.45535278320312
2025,2020-01-22,0.7665287388784163,0.7601536882031444,0.7678797788319508,0.7591404082379938,0.06663927952941343,-0.006248398732269567,-0.003715231029957966,-0.0059950948462643705,-0.0027864715883164637,-0.010868679857350794,160.67007446289062
2026,2020-01-23,0.7591404082379938,0.7581693885345976,0.7622223795529391,0.7558473288776673,0.08619865354445039,-0.007388330640422547,-0.0019842996685468517,-0.0056573992790116545,-0.003293079360326523,0.019559374015036962,160.25064086914062
2027,2020-01-24,0.7596048201693798,0.747825738522232,0.7610402518041621,0.745123723036294,0.09692921723548098,0.00046441193138602177,-0.01034365001236559,-0.0011821277487770177,-0.010723605841373218,0.010730563691030592,158.06439208984375
2028,2020-01-27,0.7357510927273245,0.7326690569912484,0.7402684956770521,0.7323735572646194,0.08823498163763276,-0.023853727442055273,-0.015156681530983596,-0.02077175612711002,-0.012750165771674649,-0.008694235597848224,154.86077880859375
2029,2020-01-28,0.7351177685911813,0.7407751678701929,0.7462213946826927,0.7314025375612233,0.07714673249023447,-0.000633324136143254,0.008106110878944528,0.005952899005640555,-0.000971019703396081,-0.011088249147398282,156.57411193847656
2030,2020-01-29,0.7472768704884674,0.7416617314712104,0.7504011020651674,0.7414928836875839,0.07787626916361808,0.012159101897286084,0.0008865636010174649,0.004179707382474751,0.010090346126360616,0.0007295366733836017,156.76153564453125
2031,2020-01-30,0.7337667930587777,0.7529342053463483,0.7547496572312686,0.7337667930587777,0.1089382408250139,-0.013510077429689682,0.011272473875137856,0.00434855516610122,-0.007726090628806248,0.03106197166139582,159.1441192626953
2032,2020-01-31,0.7511188178825585,0.7313180814588448,0.7511188178825585,0.7233808827846574,0.1947792089130966,0.017352024823780843,-0.021616123887503447,-0.003630839348710113,-0.01038591027412028,0.08584096808808271,154.5752410888672
2033,2020-02-03,0.7365532646470941,0.7232964911034095,0.7414506234258293,0.720552215355717,0.1254626006211686,-0.014565553235464379,-0.00802159035543526,-0.009668194456729173,-0.00282866742894039,-0.06931660829192801,152.8797149658203
2034,2020-02-04,0.7349489208075548,0.7397196920644182,0.7433082711513737,0.7346111608191713,0.10597759684953484,-0.001604343839539335,0.016423200961008688,0.0018576477255443091,0.01405894546345432,-0.019485003771633758,156.3510284423828
2035,2020-02-05,0.7468969146594598,0.7468546543977052,0.7499366901337814,0.7405217995630572,0.09980132520690864,0.011947993851905037,0.0071349623332869205,0.0066284189824077355,0.005910638743885865,-0.006176271642626199,157.85911560058594
2036,2020-02-06,0.751498773711566,0.7445326591619055,0.751498773711566,0.7437304872421359,0.08596845993391673,0.004601859052106194,-0.0023219952357996787,0.0015620835777846453,0.00320868767907867,-0.013832865272991907,157.36831665039062
2037,2020-02-07,0.7424217075503562,0.7400151917910471,0.7460947427396901,0.7375664801911143,0.11525617007412234,-0.009077066161209846,-0.004517467370858341,-0.005404030971875917,-0.006164007051021603,0.029287710140205606,156.41351318359375
2038,2020-02-10,0.7384953040538864,0.7470657624430863,0.7477834782604773,0.7350755727505573,0.08498393956886507,-0.003926403496469777,0.007050570652039179,0.001688735520787188,-0.002490907440556911,-0.030272230505257264,157.90374755859375
2039,2020-02-11,0.7525542495173407,0.7563539366496772,0.7596892762717584,0.7481212382488609,0.10441936317823006,0.01405894546345432,0.009288174206590893,0.01190579801128111,0.01304566549830355,0.019435423609364982,159.86691284179688
2040,2020-02-12,0.7577471724438355,0.7649243950388771,0.7668664988668,0.7559317849800458,0.10450081630195736,0.0051929229264947585,0.008570458389199898,0.00717722259504161,0.007810546731184864,8.14531237273014e-05,161.678466796875
2041,2020-02-13,0.7613358159519217,0.7604491879297735,0.763953375335481,0.754411897242885,0.07032237729795199,0.0035886435080861867,-0.004475207109103652,-0.0029131235313190063,-0.001519887737160719,-0.03417843900400537,160.73252868652344
2042,2020-02-14,0.7620957276099368,0.7633623114610923,0.7677953227295723,0.7598581240553848,0.08814644563358136,0.0007599116580151444,0.0029131235313188952,0.003841947394091272,0.005446226812499733,0.01782406833562937,161.34828186035156
2043,2020-02-18,0.7603647962485256,0.7574938685578305,0.762011335928689,0.7555095688892837,0.0644046307871559,-0.0017309313614112254,-0.005868442903261828,-0.005783986800883323,-0.004348555166101109,-0.023741814846425457,160.10789489746094
2044,2020-02-19,0.7592248643403723,0.7635734195064736,0.7670353466504264,0.757831628546214,0.08727879279387755,-0.0011399319081533132,0.006079550948643098,0.005024010721737415,0.002322059656930331,0.022874162006721654,161.39288330078125
2045,2020-02-20,0.7638689192331024,0.7628978995297063,0.769273014626109,0.7557628727752886,0.08275637370693166,0.004644054892730121,-0.0006755199767672915,0.002237667975682589,-0.002068755770925357,-0.004522419086945895,161.2501220703125
2046,2020-02-21,0.7582960404776001,0.7594359723857533,0.7641222875402383,0.75466520112889,0.06871810490454049,-0.005572878755502275,-0.003461927143952992,-0.005150727085870721,-0.0010976716463986236,-0.014038268802391174,160.5183563232422
2047,2020-02-24,0.7364688085447156,0.7399729959504232,0.748838954066252,0.7323313614239955,0.11347836711277008,-0.021827231932884494,-0.019462976435330126,-0.01528333347398625,-0.022333839704894554,0.044760262208229595,156.40457153320312
2048,2020-02-25,0.7415350795282079,0.7084353737201856,0.7453770269222991,0.7043401224400894,0.14492281431166798,0.005066270983492216,-0.031537622230237594,-0.003461927143952881,-0.027991238983906097,0.0314444471988979,149.7386016845703
2049,2020-02-26,0.7117706489211361,0.7058177499154955,0.7265051143613575,0.7040868185540844,0.12082331400887485,-0.02976443060707179,-0.0026176238046901057,-0.018871912560941673,-0.0002533038860049741,-0.024099500302793134,149.1853485107422
2050,2020-02-27,0.6882124212057097,0.6736046721296214,0.7043401224400894,0.673478020186619,0.13993292512333066,-0.023558227715426372,-0.03221307778587412,-0.022164991921268085,-0.03060879836746544,0.01910961111445582,143.14723205566406
2051,2020-02-28,0.6491176205514229,0.6846660379593782,0.6846660379593782,0.6359030428483622,0.3384943921295034,-0.03909480065428683,0.011061365829756808,-0.019674084480711174,-0.037574977338256765,0.19856146700617272,145.4978485107422
2052,2020-03-02,0.6885501811940933,0.6934054085533352,0.6986405273204539,0.6653297134670505,0.23886659749053551,0.03943256064267042,0.008739370593957019,0.013974489361075704,0.02942667061868831,-0.09962779463896787,147.35508728027344
2053,2020-03-03,0.6935742563369616,0.683483910210601,0.7100396531385942,0.677868771193344,0.2163288722992092,0.0050240751428682895,-0.009921498342734258,0.011399125818140288,0.01253905772629349,-0.022537725191326324,145.2466583251953
2054,2020-03-04,0.6961918157205209,0.7227476230696449,0.7258717902252143,0.6934898002345831,0.16051577534520187,0.0026175593835593425,0.03926371285904395,0.015832137086620124,0.015621029041239076,-0.055813096954007324,153.59056091308594
2055,2020-03-05,0.7029468866459312,0.6962762718228995,0.7088997856515716,0.6890990492278579,0.1910500724224513,0.006755070925410278,-0.026471351246745378,-0.016972004573642674,-0.0043907510067251465,0.030534297077249445,147.96514892578125
2056,2020-03-06,0.6704804405529213,0.6925187805311869,0.6971206395832931,0.6652875176264266,0.17783695917781925,-0.03246644609300986,-0.0037574912917126557,-0.011779146068278568,-0.023811531601431346,-0.013213113244632063,147.1666717529297
2057,2020-03-09,0.6438402415225496,0.6453601292597103,0.6639364776728922,0.6321878118184042,0.2071388350786731,-0.026640199030371736,-0.04715865127147656,-0.033184161910400856,-0.03309970580802235,0.02930187590085384,137.1449737548828
2058,2020-03-10,0.6579836430883824,0.6826395424502074,0.683695018255982,0.6474288850306357,0.19398592631679598,0.014143401565832825,0.0372794131904971,0.01975854058308979,0.015241073212231449,-0.013152908761877108,145.06723022460938
2059,2020-03-11,0.6621210902091025,0.6475977328142621,0.6648653015356644,0.6398716421854559,0.17094177518229564,0.004137447120720061,-0.035041809635945276,-0.018829716720317635,-0.007557242845179779,-0.02304415113450034,137.62051391601562
2060,2020-03-12,0.6053787005832753,0.5693236754033101,0.6142024628584801,0.5675926796207682,0.25393896682024714,-0.05674238962582723,-0.07827405741095206,-0.05066283867718424,-0.07227896256468769,0.0829971916379515,120.98654174804688
2061,2020-03-13,0.6001435173950258,0.6307945760242459,0.6319344435112685,0.5827071008899972,0.22398900736973698,-0.005235183188249448,0.06147090062093585,0.01773198065278836,0.015114421269229017,-0.029949959450510155,134.04966735839844
2062,2020-03-16,0.5404036125566317,0.5710968670264758,0.6047031806065081,0.5235582277154264,0.20862623994673674,-0.05973990483839409,-0.05969770899777016,-0.02723126290476041,-0.05914887317457085,-0.015362767423000245,121.36339569091795
2063,2020-03-17,0.5751498580448173,0.5564468576886329,0.5993836057370109,0.5496495909225988,0.3019006909349756,0.03474624548818561,-0.014650009337842884,-0.00531957486949719,0.026091363207172424,0.09327445098823889,118.25013732910156
2064,2020-03-18,0.5147344332296561,0.504981847091679,0.5240648354874362,0.42683440941316403,0.27035000053121605,-0.06041542481516127,-0.05146501059695385,-0.07531877024957467,-0.12281518150943477,-0.031550690403759574,107.31332397460938
2065,2020-03-19,0.49712910451987025,0.5022376035545518,0.5168453848412055,0.472937584878866,0.24131727408267847,-0.017605328709785817,-0.002744243537127211,-0.007219450646230752,0.04610317546570197,-0.029032726448537577,106.73014068603516
2066,2020-03-20,0.5103858780635548,0.4749641125986021,0.5115258099717082,0.46770243390118194,0.2408604283017732,0.013256773543684597,-0.02727349095594972,-0.005319574869497301,-0.0052351509776840666,-0.0004568457809052684,100.93428802490234
2067,2020-03-23,0.45381236843191936,0.4384868713278747,0.4689690177523376,0.42674998552135074,0.290412259049265,-0.05657350963163549,-0.03647724127072738,-0.04255679221937053,-0.0409524483798312,0.04955183074749178,93.18254089355467
2068,2020-03-24,0.4644093545408554,0.5045596632114823,0.5046440871032954,0.4612429271235314,0.205371656437807,0.010596986108936057,0.06607279188360754,0.03567506935095782,0.03449294160218064,-0.08504060261145799,107.22360229492188
2069,2020-03-25,0.5078527425718087,0.5473697271062923,0.5713923667531047,0.5057840190114486,0.2535352426417727,0.04344338803095327,0.04281006389481001,0.06674827964980923,0.04454109188791727,0.048163586203965686,116.32117462158205
2070,2020-03-26,0.5565735096316354,0.5800894770853071,0.5884910876908805,0.5537448422026949,0.19812232842607774,0.04872076705982675,0.032719749979014834,0.01709872093777587,0.04796082319124628,-0.05541291421569494,123.2743682861328
2071,2020-03-27,0.5548425138490936,0.5542092541340811,0.5708435631404708,0.5409946764310203,0.1389979849205478,-0.0017309957825418776,-0.02588022295122605,-0.017647524550409743,-0.012750165771674649,-0.05912434350552995,117.7746124267578
2072,2020-03-30,0.5520138464201532,0.5562357496432518,0.5647217519300731,0.5493962870365938,0.17833630224066918,-0.00282866742894039,0.002026495509170778,-0.006121811210397676,0.00840161060557354,0.039338317320121385,118.20525360107422
2073,2020-03-31,0.5566157054722594,0.5648484038730757,0.5746432502728073,0.5488474190028291,0.18755467098250175,0.004601859052106194,0.008612654229823824,0.009921498342734147,-0.0005488680337647489,0.009218368741832572,120.03553771972656
2074,2020-04-01,0.541585740305409,0.547623095413428,0.554251449974705,0.5298488544988851,0.15037309072107263,-0.0150299651668504,-0.017225308459647648,-0.02039180029810228,-0.018998564503943993,-0.03718158026142912,116.375
2075,2020-04-02,0.5429367802589432,0.5607109567523555,0.5621463883871377,0.5367727732079216,0.12409914615877693,0.0013510399535342499,0.013087861338927476,0.007894938412432717,0.006923918709036525,-0.026273944562295704,119.1562728881836
2076,2020-04-03,0.5594021770605758,0.5380815528997014,0.560837608695358,0.5341974096649862,0.1427731601332998,0.016465396801632615,-0.022629403852654106,-0.0013087796917796712,-0.002575363542935416,0.01867401397452287,114.34732055664062
2077,2020-04-06,0.5637085363860531,0.5657350318952239,0.5715190186961072,0.5594443729011997,0.1726204178191103,0.004306359325477294,0.027653478995522507,0.01068141000074918,0.02524696323621356,0.029847257685810508,120.22396087646484
2078,2020-04-07,0.5937684667197539,0.5709702150834733,0.6004390815427855,0.5699569351183226,0.14348853104603518,0.0300599303337008,0.005235183188249448,0.02892006284667825,0.010512562217122823,-0.029131886773075127,121.33645629882812
2079,2020-04-08,0.5770075057703616,0.587900023816492,0.5926707950733553,0.5708435631404708,0.13778327094496248,-0.01676096094939228,0.016929808733018636,-0.0077682864694301745,0.0008866280221482281,-0.0057052601010726955,124.9342269897461
2080,2020-04-09,0.591066451233816,0.6055475483669017,0.6176644544235639,0.5897998673826602,0.15458386307375757,0.01405894546345432,0.017647524550409743,0.024993659350208586,0.018956304242189415,0.01680059212879509,128.68447875976562
2081,2020-04-13,0.6027188809379613,0.5823693409016136,0.6046187889252602,0.5763319857935945,0.10682045960810423,0.011652429704145373,-0.023178207465288092,-0.01304566549830366,-0.013467881589065755,-0.047763403465653345,123.75889587402344
2082,2020-04-14,0.5940640308675136,0.5935573586743729,0.6068141322180575,0.584944704444549,0.12347585269025502,-0.00865485007044775,0.01118801777275924,0.002195343292797247,0.008612718650954587,0.01665539308215079,126.13644409179688
2083,2020-04-15,0.5808072573238289,0.5692814151415554,0.5824959928446161,0.5594443729011997,0.11519596559136738,-0.013256773543684708,-0.02427594353281748,-0.024318139373441405,-0.025500331543349297,-0.008279887098887634,120.9775848388672
2084,2020-04-16,0.5681837434951568,0.5586844612431847,0.5712235189694783,0.5470742273796634,0.14224902698931546,-0.012623513828672106,-0.010596953898370676,-0.011272473875137745,-0.012370145521536369,0.02705306139794808,118.7256317138672
2085,2020-04-17,0.5736299703076566,0.583973684741153,0.5919108189942096,0.572785602547263,0.16824319777880872,0.005446226812499844,0.02528922349796825,0.020687300024731292,0.02571137516759958,0.02599417078949326,124.09983825683594
2086,2020-04-20,0.573292210319273,0.5729122544902655,0.5834248167073882,0.5694925231869364,0.08956302169840387,-0.0003377599883835902,-0.01106143025088746,-0.008486002286821392,-0.003293079360326523,-0.07868017608040485,121.74918365478516
2087,2020-04-21,0.5618086928198849,0.5572912254490265,0.5658194879976024,0.5518871944771506,0.08563556455868343,-0.01148351749938814,-0.015621029041238965,-0.017605328709785817,-0.017605328709785817,-0.003927457139720439,118.42955780029295
2088,2020-04-22,0.566663855757996,0.5616397806151276,0.5687326115289214,0.5562357496432518,0.09312925194159456,0.004855162938111168,0.004348555166101109,0.0029131235313190063,0.00434855516610122,0.007493687382911132,119.35368347167967
2089,2020-04-23,0.5689014593125479,0.5686058951647882,0.5851135522281754,0.5664105518719911,0.0986786886755368,0.002237603554551826,0.0069661145496605625,0.016380940699254,0.010174802228739233,0.005549436733942231,120.83401489257812
2090,2020-04-24,0.5729122544902655,0.5721523428322505,0.575192118306572,0.5588111131861873,0.10050253035899578,0.00401079517771763,0.0035464476674622603,-0.009921433921603384,-0.0075994386858038165,0.0018238416834589904,121.5876922607422
2091,2020-04-27,0.5764164418959731,0.590559843461806,0.5956261144452982,0.5732500144786491,0.11111976796484058,0.0035041874057075706,0.01840750062955554,0.020433996138726207,0.014438901292461837,0.010617237605844793,125.49943542480467
2092,2020-04-28,0.6050832008566464,0.6027188809379613,0.6188887780129649,0.6000168654520234,0.11962630723409982,0.028666758960673278,0.012159037476155321,0.023262663567666708,0.02676685097337428,0.008506539269259247,128.08334350585938
2093,2020-04-29,0.6142869189608587,0.6170733905491752,0.6242928089848407,0.6079962599668346,0.09389066157643668,0.009203718104212388,0.014354509611213873,0.005404030971875806,0.007979394514811222,-0.025735645657663148,131.1338348388672
2094,2020-04-30,0.6058009166740375,0.5990880415892512,0.6079118682855867,0.5934307067313703,0.15910274072054142,-0.008486002286821281,-0.017985348959923986,-0.016380940699254,-0.014565553235464268,0.06521207914410475,127.311767578125
2095,2020-05-01,0.5882377838048756,0.5794562173702946,0.5889554996222667,0.566452747712615,0.1303639538054545,-0.01756313286916189,-0.019631824218956595,-0.018956368663320067,-0.026977959018755326,-0.02873878691508691,123.13980865478516
2096,2020-05-04,0.5653128158044617,0.5708013028787161,0.575698726078582,0.5607109567523555,0.1460135778815813,-0.02292496800041388,-0.008654914491578514,-0.013256773543684708,-0.005741790960259507,0.0156496240761268,121.3005828857422
2097,2020-05-05,0.5787806973935274,0.5694080670845579,0.5787806973935274,0.5679726354497757,0.11057438617988391,0.013467881589065755,-0.0013932357941581763,0.0030819713149454753,0.007261678697420226,-0.0354391917016974,121.00450134277344
2098,2020-05-06,0.5746432502728073,0.5616819764557516,0.5746432502728073,0.5614286725697466,0.08320613660751282,-0.004137447120720172,-0.007726090628806359,-0.004137447120720172,-0.006543962880029119,-0.027368249572371092,119.36263275146484
2099,2020-05-07,0.5683525912787832,0.5606265006499769,0.5727011464448843,0.5573334212896505,0.10966069461807339,-0.006290658994024034,-0.0010554758057746971,-0.0019421038279229252,-0.004095251280096135,0.02645455801056057,119.13831329345705
2100,2020-05-08,0.5685636993241643,0.5780207857355124,0.5797517815180543,0.5674237674160111,0.09704962620099089,0.00021110804538104766,0.017394285085535532,0.007050635073169942,0.010090346126360616,-0.012611068417082497,122.83480072021484
2101,2020-05-11,0.5731655583762705,0.566917159644001,0.5738410783530377,0.5663682916102364,0.0834504959786947,0.004601859052106194,-0.011103626091511387,-0.005910703165016629,-0.0010554758057746971,-0.013599130222296196,120.4751434326172
2102,2020-05-12,0.5713079750718568,0.53867261677409,0.5743054902844237,0.5382926609450824,0.17248230165279013,-0.001857583304413657,-0.02824454286991107,0.00046441193138602177,-0.02807563066515395,0.08903180567409544,114.47293853759766
2103,2020-05-13,0.5367305451567324,0.5191674444981358,0.5367727732079216,0.5145655532354642,0.20491481065690173,-0.03457742991512447,-0.019505172275954163,-0.037532717076502076,-0.023727107709618278,0.0324325090041116,110.32791900634766
2104,2020-05-14,0.5077682864694302,0.5363928173789141,0.5372794131904971,0.4944270890339323,0.18508274574938643,-0.028962258687302178,0.0172253728807783,0.0005066399825754964,-0.02013846420153187,-0.019832064907515295,114.82886505126952
2105,2020-05-15,0.5293000186756858,0.5294688986698776,0.5347462776987508,0.5223760999666491,0.16504173587230983,0.021531732206255594,-0.006923918709036525,-0.0025331354917462745,0.027949010932716845,-0.020041009877076604,113.3466339111328
2106,2020-05-18,0.5509583706143785,0.5743476861250476,0.5808916490050767,0.5474963790492948,0.2267513306961409,0.0216583519386927,0.044878787455170044,0.0461453713063259,0.02512027908264569,0.061709594823831065,122.95409393310548
2107,2020-05-19,0.5710124109240973,0.5570801174036454,0.5717301267414883,0.5570379215630215,0.15680788749552893,0.0200540403097188,-0.017267568721402227,-0.009161522263588462,0.00954154251372663,-0.06994344320061197,119.25751495361328
2108,2020-05-20,0.5680570915521542,0.5743054902844237,0.5770497016109856,0.5668327035416224,0.10446186046017474,-0.0029553193719430437,0.0172253728807783,0.005319574869497301,0.009794781978600953,-0.052346027035354195,122.94506072998048
2109,2020-05-21,0.5806383451190718,0.5813138650958389,0.585957919988569,0.5754031619308223,0.08408441376770277,0.012581253566917527,0.007008374811415252,0.008908218377583488,0.008570458389199898,-0.020377446692471962,124.44538116455078
2110,2020-05-22,0.5803850412330668,0.5876044596687323,0.5882799796454995,0.5760786819075895,0.1047557999936254,-0.0002533038860049741,0.006290594572893382,0.002322059656930442,0.0006755199767671805,0.020671386225922628,125.79206848144533
2111,2020-05-26,0.6069830444228146,0.6119226634633044,0.6174955422188066,0.6054631566856539,0.1547680179621845,0.02659800318974781,0.024318203794572057,0.029215562573307152,0.029384474778064384,0.050012217968559106,130.9980010986328
2112,2020-05-27,0.6263615647557662,0.6273325844591623,0.6372540828018965,0.6200709057617421,0.1519879874349703,0.01937852033295162,0.015409920995857918,0.0197585405830899,0.014607749076088195,-0.0027800305272142056,134.29689025878906
2113,2020-05-28,0.6332854834648028,0.6229840292930611,0.6383940147100498,0.6108249273957751,0.12330586356247632,0.006923918709036636,-0.00434855516610122,0.0011399319081532022,-0.009245978365966967,-0.028682123872493984,133.36593627929688
2114,2020-05-29,0.6152157428236309,0.6157646108573955,0.6328632673740406,0.609347299920369,0.14643855070102807,-0.01806974064117195,-0.007219418435665537,-0.005530747336009112,-0.0014776274754061403,0.023132687138551752,131.8204345703125
2115,2020-06-01,0.6142447231202348,0.6171577822304231,0.6239550489964573,0.6117960115203019,0.07334676719634807,-0.000971019703396081,0.0013931713730275241,-0.008908218377583377,0.0024487115999329845,-0.07309178350468,132.11875915527344
2116,2020-06-02,0.6239550489964573,0.6263193689151423,0.6279236483335509,0.6182977141385764,0.1284055373958374,0.009710325876222448,0.009161586684719225,0.003968599337093592,0.00650170261827443,0.055058770199489335,134.07998657226562
2117,2020-06-03,0.6342987634299536,0.6474288850306357,0.6517774401967369,0.6334965915101839,0.10598467972985895,0.010343714433496354,0.021109516115493387,0.023853791863186036,0.015198877371607522,-0.022420857665978455,138.5990447998047
2118,2020-06-04,0.6417714857516241,0.6582369469743874,0.6593768144614099,0.6380562547216662,0.13344854818660556,0.007472722321670511,0.010808061943751723,0.007599374264673053,0.004559663211482268,0.027463868456746615,140.91275024414062
2119,2020-06-05,0.6877902695360782,0.681288502496673,0.6996538072856047,0.6777843150909655,0.1602466258928856,0.04601878378445412,0.02305155552228566,0.040276992824194724,0.03972806036929932,0.026798077706280038,145.84754943847656
2120,2020-06-08,0.6821329346781974,0.6878324653767022,0.6936587124393402,0.6800219830666481,0.1265498227509199,-0.005657334857880891,0.006543962880029119,-0.0059950948462644815,0.002237667975682589,-0.033696803141965714,147.2484588623047
2121,2020-06-09,0.6770244034329505,0.6674829253403545,0.6797264189188884,0.6651186054216695,0.1302931250022134,-0.005108531245246906,-0.020349540036347702,-0.013932293520451777,-0.014903377644978621,0.0037433022512935177,142.89208984375
2122,2020-06-10,0.6658785815008151,0.6506797041292076,0.6664274495345798,0.6477665805978886,0.11721458648373947,-0.011145821932135314,-0.016803221211146857,-0.013298969384308634,-0.017352024823780843,-0.013078538518473931,139.2949676513672
2123,2020-06-11,0.627628148606922,0.6055898086286564,0.6283036685836891,0.6041121167321195,0.1482057293418942,-0.03825043289389318,-0.0450898955005512,-0.03812378095089064,-0.0436544638657691,0.030991142858154713,129.64227294921875
2124,2020-06-12,0.6257283050407537,0.610107211578384,0.6290635802417042,0.5959216141719271,0.12793098441412185,-0.0018998435661682356,0.004517402949727578,0.0007599116580150334,-0.008190502560192381,-0.020274744927772342,130.60935974121094
2125,2020-06-15,0.591573059005826,0.6190576902177221,0.6252638931093676,0.5897998673826602,0.11736332697054584,-0.0341552460349277,0.008950478639338066,-0.003799687132336582,-0.006121746789266913,-0.010567657443576003,132.5254364013672
2126,2020-06-16,0.6421937018423863,0.6295279921730902,0.6434602856935421,0.6171155863897991,0.134734090965432,0.050620642836560314,0.010470301955368133,0.018196392584174492,0.027315719007138917,0.01737076399488617,134.76687622070312
2127,2020-06-17,0.6319767037730232,0.6262771086533876,0.6335810476125625,0.6240395050988358,0.12421955512428684,-0.010216998069363159,-0.0032508835197025965,-0.009879238080979569,0.006923918709036636,-0.010514535841145173,134.07095336914062
2128,2020-06-18,0.6199865140804942,0.6258126967220016,0.6290635802417042,0.6177489105259424,0.09142581922364548,-0.011990189692528963,-0.00046441193138602177,-0.004517467370858341,-0.006290594572893382,-0.03279373590064136,133.9715118408203
2129,2020-06-19,0.6352275872927258,0.6137380509270941,0.6368318667111343,0.6110360354411561,0.1864886974937228,0.01524107321223156,-0.012074645794907468,0.0077682864694301745,-0.006712875084786241,0.09506287827007731,131.38662719726562
2130,2020-06-22,0.6105294276691462,0.6119226634633044,0.6185088221839574,0.6051675925378942,0.08959489465986238,-0.024698159623579574,-0.0018153874637897305,-0.018323044527176924,-0.005868442903261939,-0.09689380283386041,130.9980010986328
2131,2020-06-23,0.6201553618641207,0.6115849034749208,0.6216330537606575,0.6109938396005322,0.08180018486317646,0.009625934194974484,-0.0003377599883835902,0.003124231576700054,0.0058262470626380125,-0.0077947097966859225,130.92568969726562
2132,2020-06-24,0.602972249245097,0.5841003366841554,0.6051253966972703,0.5829604047760022,0.11938903074324204,-0.01718311261902372,-0.027484566790765386,-0.016507657063387193,-0.028033434824530024,0.037588845880065586,125.04192352294922
2133,2020-06-25,0.5827492967306211,0.6014523615079362,0.6028877931427185,0.5817360167654704,0.14233048011304278,-0.02022295251447581,0.017352024823780843,-0.002237603554551826,-0.0012243880105318183,0.022941449369800734,128.75657653808594
2134,2020-06-26,0.600819037371793,0.5835092728097668,0.600819037371793,0.5806383451190718,0.3631853129393599,0.01806974064117184,-0.017943088698169407,-0.002068755770925468,-0.0010976716463986236,0.22085483282631713,124.9153823852539
2135,2020-06-29,0.5915308631652021,0.6047454408682628,0.6049987447542677,0.5880266757594944,0.10522327009501684,-0.009288174206590893,0.02123616805849593,0.004179707382474751,0.007388330640422658,-0.2579620428443431,129.4615020751953
2136,2020-06-30,0.6006079293264119,0.6104449715667676,0.6143713750632374,0.5995947137823919,0.1306083131766364,0.009077066161209846,0.005699530698504818,0.00937263030896962,0.01156803802289752,0.025385043081619568,130.6816864013672
2137,2020-07-01,0.6131047912120816,0.6084184760575968,0.6184243660815788,0.6036055089601096,0.0924138810288592,0.012496861885669674,-0.002026495509170778,0.004052991018341445,0.00401079517771763,-0.03819443214777721,130.24781799316406
2138,2020-07-02,0.6146246789492423,0.612260423451688,0.6212530335105193,0.6102761237831411,0.09769062687032308,0.001519887737160719,0.003841947394091161,0.002828667428940501,0.006670614823031551,0.005276745841463884,131.07034301757812
2139,2020-07-06,0.6216752496012814,0.621548597658279,0.6261082608697612,0.6169467386061728,0.0827528322667696,0.007050570652039068,0.009288174206591004,0.0048552273592419315,0.006670614823031662,-0.014937794603553475,133.0586700439453
2140,2020-07-07,0.6163978705724081,0.6120493154063069,0.6168200866631702,0.6090517357726093,0.09285656104911623,-0.005277379028873264,-0.009499282251972052,-0.009288174206591004,-0.00789500283356348,0.010103728782346624,131.0251007080078
2141,2020-07-08,0.6097694515900004,0.6146668747898663,0.6161023064246485,0.6075741082972032,0.127059790134256,-0.0066284189824077355,0.0026175593835593425,-0.0007177802385217591,-0.0014776274754061403,0.03420322908513977,131.58544921875
2142,2020-07-09,0.6110782957029108,0.5968504380346994,0.6143713750632374,0.5966815902510729,0.11216449281264719,0.0013088441129104345,-0.017816436755166865,-0.0017309313614111144,-0.010892518046130228,-0.01489529732160881,127.7713851928711
2143,2020-07-10,0.5979481741022287,0.6014101012461817,0.604238768675122,0.5948661383661525,0.08233848376780901,-0.013130121600682165,0.004559663211482268,-0.010132606388115306,-0.0018154518849203827,-0.029826009044838175,128.74749755859375
2144,2020-07-13,0.606180872503045,0.6058009166740375,0.6158912628003981,0.600565733485788,0.0915710182702898,0.008232698400816307,0.004390815427855799,0.011652494125276025,0.00569959511963547,0.00923253450248078,129.68748474121094
2145,2020-07-14,0.6058009166740375,0.6252638931093676,0.6261504567103852,0.6007345812694145,0.09384108141416789,-0.0003799558290075167,0.019462976435330126,0.010259193909987085,0.00016884778362646902,0.0022700631438780927,133.85406494140625
2146,2020-07-15,0.6383517544482951,0.6414337257632405,0.6446424134423192,0.6369585186541369,0.10569782307673238,0.0325508377742576,0.01616983265387295,0.018491956731934045,0.036223937384722404,0.011856741662564493,137.3156280517578
2147,2020-07-16,0.6375495825285254,0.6462889531224825,0.6481043405862722,0.6343409592705775,0.1309482914321938,-0.000802171919769612,0.0048552273592419315,0.003461927143952992,-0.0026175593835593425,0.025250468355461422,138.35501098632812
2148,2020-07-17,0.6480621447456483,0.6543949995802962,0.6559993434198356,0.6436713937389231,0.1730524735188812,0.010512562217122823,0.008106046457813765,0.00789500283356337,0.009330434468345583,0.0421041820866874,140.09030151367188
2149,2020-07-20,0.6506797041292076,0.6475977328142621,0.6538883918082863,0.6439246976249281,0.1726877051821894,0.0026175593835593425,-0.0067972667660340935,-0.0021109516115492832,0.0002533038860049741,-0.00036476833669180087,138.63516235351562
2150,2020-07-21,0.6496664885851876,0.6533817196151455,0.6629232621288722,0.6496664885851876,0.08478207747962786,-0.0010132155440200075,0.005783986800883323,0.00903487032058592,0.005741790960259507,-0.08790562770256154,139.87339782714844
2151,2020-07-22,0.6506375082885837,0.652748459900133,0.6569703631232316,0.64979314052819,0.06369634275474464,0.000971019703396081,-0.0006332597150124908,-0.005952899005640555,0.00012665194300243154,-0.021085734724883218,139.73782348632812
2152,2020-07-23,0.6516929840943583,0.6490331644490444,0.6564637553512217,0.6454023251003342,0.09298405289495026,0.001055475805774586,-0.0037152954510886183,-0.0005066077720099482,-0.004390815427855799,0.02928771014020562,138.94244384765625
2153,2020-07-24,0.6501730963571976,0.6308789677054938,0.6512285721629723,0.6292324280253305,0.15470073059910544,-0.001519887737160719,-0.018154196743550566,-0.005235183188249448,-0.016169897075003714,0.061716677704155176,135.05613708496094
2154,2020-07-27,0.6282192124813105,0.6364941067227508,0.637338538904275,0.6245039170302219,0.11964047299474805,-0.021953883875887037,0.005615139017256965,-0.013890033258697199,-0.004728510995108626,-0.035060257604357395,136.25816345214844
2155,2020-07-28,0.6353964350763521,0.6417714857516241,0.6420670498993838,0.6308367718648699,0.13826490680700212,0.00717722259504161,0.005277379028873375,0.004728510995108737,0.006332854834647961,0.01862443381225408,137.38792419433594
2156,2020-07-29,0.6399139024472105,0.6526218079571305,0.656210387044086,0.6382251025052926,0.11727479096649443,0.004517467370858341,0.010850322205506413,0.014143337144702173,0.007388330640422769,-0.020990115840507695,139.710693359375
2157,2020-07-30,0.6456556289863392,0.6297391002184713,0.6462467572818585,0.6291902321847066,0.09735773149508979,0.005741726539128744,-0.02288270773865919,-0.009963629762227422,-0.00903487032058603,-0.01991705947140464,134.8120880126953
2158,2020-07-31,0.6287258202533206,0.6306256638194888,0.631090075750875,0.6206197737955068,0.14382496786143054,-0.016929808733018636,0.0008865636010174649,-0.015156681530983596,-0.008570458389199787,0.046467236366340745,135.00186157226562
2159,2020-08-03,0.6338343514985675,0.6270792805731573,0.6343409592705775,0.6219285534872865,0.07456148117193338,0.005108531245246906,-0.003546383246331497,0.0032508835197025965,0.0013087796917796712,-0.06926348668949715,134.24267578125
2160,2020-08-04,0.6217174454419053,0.622013009589665,0.6255171969953727,0.6172844985945564,0.10901615250857914,-0.012116906056662158,-0.005066270983492327,-0.008823762275204872,-0.004644054892730121,0.03445467133664576,133.15809631347656
2161,2020-08-05,0.6281769522195559,0.6367474750298865,0.6375073866879015,0.6271637366755359,0.1450998863197708,0.006459506777650614,0.0147344654402215,0.011990189692528852,0.009879238080979569,0.03608373381119166,136.3124237060547
2162,2020-08-06,0.6371696266995179,0.6441780015109331,0.6455289770433367,0.6347209150995851,0.08863162293578307,0.008992674479961993,0.007430526481046584,0.008021590355435149,0.007557178424049127,-0.056468263383987735,137.903076171875
2163,2020-08-07,0.6435869376365445,0.6548594115116824,0.6554926712266949,0.6411382260366116,0.08925137496414291,0.006417310937026577,0.010681410000749292,0.009963694183358185,0.006417310937026577,0.0006197520283598434,140.18971252441406
2164,2020-08-10,0.6550705195570634,0.6730979999364807,0.6749979079237797,0.6550705195570634,0.10124269135286555,0.011483581920518904,0.018238588424798308,0.019505236697084816,0.013932293520451777,0.01199131638872264,144.0941925048828
2165,2020-08-11,0.6785442911701112,0.6766866434445669,0.6892257011708605,0.6759267317865518,0.13364332739551865,0.023473771613047756,0.0035886435080861867,0.014227793247080789,0.020856212229488413,0.0324006360426531,144.86241149902344
2166,2020-08-12,0.686143729855915,0.6758000798435493,0.6874103137070707,0.671240416632067,0.09453520368593092,0.0075994386858038165,-0.0008865636010175759,-0.0018153874637897305,-0.00468631515448481,-0.03910812370958773,144.672607421875
2167,2020-08-13,0.665709669296058,0.6711981563703124,0.6740268237992528,0.6652453217858026,0.09118854273278772,-0.02043406055985697,-0.004601923473236846,-0.013383489907817903,-0.0059950948462643705,-0.0033466609531432046,144.4999237060547
2168,2020-08-14,0.6670607092495923,0.6766866434445669,0.6791775508851237,0.6668918614659659,0.10074334829001562,0.0013510399535342499,0.005488487074254422,0.005150727085870832,0.0016465396801632615,0.009554805557227902,145.6815185546875
2169,2020-08-17,0.6756311676387922,0.6702693325075403,0.6792198111468783,0.6672718172949734,0.09976945224545014,0.008570458389199898,-0.006417310937026577,4.2260261754689665e-05,0.0003799558290075167,-0.0009738960445654782,144.2999725341797
2170,2020-08-18,0.671240416632067,0.6644431498660329,0.674491235730639,0.6637676298892657,0.06620014094931845,-0.0043907510067251465,-0.00582618264150736,-0.004728575416239389,-0.0035041874057076816,-0.03356931129613169,143.04566955566406
2171,2020-08-19,0.6652453217858026,0.6622055463114811,0.667609577283357,0.6592924227801621,0.07430295604010327,-0.0059950948462643705,-0.002237603554551826,-0.006881658447281946,-0.004475207109103652,0.008102815090784823,142.56393432617188
2172,2020-08-20,0.6565059511918456,0.659334618620786,0.6629232621288722,0.6552816276024445,0.056673666913386996,-0.008739370593957019,-0.00287092769069508,-0.00468631515448481,-0.00401079517771763,-0.017629289126716276,141.9458770751953
2173,2020-08-21,0.6584480550197686,0.664949757638043,0.6660474292844416,0.6584480550197686,0.08881223638404794,0.0019421038279229252,0.005615139017256965,0.0031241671555694017,0.0031664274173240914,0.03213856947066094,143.1547393798828
2174,2020-08-24,0.6674829253403545,0.6728446960504757,0.6731824560388593,0.6607700502555682,0.07390985618211501,0.00903487032058592,0.007894938412432717,0.007135026754417684,0.0023219952357996787,-0.014902380201932922,144.8544158935547
2175,2020-08-25,0.6938275602229667,0.6946297321427363,0.7050578382574805,0.6903656330790137,0.2620842791929766,0.026344634882612183,0.021785036092260568,0.031875382218621184,0.029595582823445432,0.1881744230108616,149.54441833496094
2176,2020-08-26,0.6957696640508895,0.6979228115030628,0.7026513224981715,0.6896056569998679,0.12276756465784376,0.0019421038279228142,0.003293079360326523,-0.002406515759308947,-0.0007599760791457966,-0.13931671453513284,150.25338745117188
2177,2020-08-27,0.7016381069541514,0.7007937391937579,0.7121928650118982,0.6969939876402906,0.15161259477779235,0.005868442903261939,0.00287092769069508,0.00954154251372663,0.007388330640422769,0.028845030119948586,150.87149047851562
2178,2020-08-28,0.7021869749879162,0.7108840853201185,0.7122350608525221,0.698556135639206,0.4608051110064419,0.0005488680337647489,0.010090346126360616,4.219584062392645e-05,0.0015621479989154086,0.3091925162286495,153.04379272460938
2179,2020-08-31,0.7117284530805121,0.6989360914682136,0.7117706489211361,0.6953052521195034,0.16155695875284642,0.009541478092595979,-0.011947993851904926,-0.00046441193138602177,-0.0032508835197025965,-0.29924815225359547,150.47154235839844
2180,2020-09-01,0.6915055005660362,0.7091530895375766,0.7099552614573463,0.690281176976635,0.14075808068108978,-0.020222952514475923,0.010216998069363048,-0.0018153874637897305,-0.0050240751428684005,-0.02079887807175665,152.6710968017578
2181,2020-09-02,0.7123617127955246,0.7281516540415207,0.730093693448313,0.7089419814921956,0.14562047802359307,0.020856212229488413,0.018998564503944104,0.020138431990966654,0.018660804515560514,0.004862397342503294,156.76123046875
2182,2020-09-03,0.7319513411738573,0.7021025188855375,0.7338512491611563,0.6968673356972881,0.12493138459686016,0.01958962837833267,-0.026049135155983172,0.003757555712843308,-0.012074645794907468,-0.020689093426732905,151.15321350097656
2183,2020-09-04,0.7123195169549007,0.7037490585657008,0.7162881162919944,0.6948408401881173,0.11780600699080288,-0.019631824218956595,0.0016465396801632615,-0.01756313286916189,-0.002026495509170778,-0.00712537760605729,151.5076904296875
2184,2020-09-08,0.6974162037310527,0.6935320604963376,0.7026935827599261,0.6894368092162415,0.09904699845239065,-0.01490331322384797,-0.010216998069363159,-0.013594533532068298,-0.005404030971875806,-0.018759008538412225,149.30813598632812
2185,2020-09-09,0.6976695076170578,0.6997804592286071,0.7073798979144109,0.6960229679368946,0.09942593254973067,0.00025330388600508513,0.006248398732269456,0.00468631515448481,0.006586158720653046,0.00037893409734002237,150.65330505371094
2186,2020-09-10,0.7063244221086362,0.6935320604963376,0.7063244221086362,0.6916322169301694,0.09968799912172284,0.008654914491578403,-0.006248398732269456,-0.0010554758057746971,-0.0043907510067251465,0.0002620665719921672,149.30813598632812
2187,2020-09-11,0.6945452760403577,0.70273577860055,0.7069576818236487,0.6935320604963376,0.07496166391024574,-0.011779146068278568,0.009203718104212388,0.0006332597150124908,0.0018998435661682356,-0.024726335211477102,151.28956604003906
2188,2020-09-14,0.7093219373212031,0.711264041149126,0.7157814440988536,0.7066199218352651,0.07557433305828148,0.014776661280845427,0.008528262548575971,0.008823762275204872,0.013087861338927476,0.0006126691480357466,153.12557983398438
2189,2020-09-15,0.7146415766118311,0.7105463253317349,0.7176813520861526,0.7095753056283388,0.06555914027998626,0.005319639290628064,-0.0007177158173911069,0.0018999079872989988,0.002955383793073696,-0.010015192778295226,152.9710693359375
2190,2020-09-16,0.714725968293079,0.7177235479267765,0.723465338887036,0.7113062369897499,0.11162619390801463,8.43916812478529e-05,0.00717722259504161,0.005783986800883434,0.0017309313614111144,0.046067053628028376,154.5162353515625
2191,2020-09-17,0.7094485892642056,0.7191589795615587,0.7238452947160435,0.7038335146680794,0.09425188847296642,-0.005277379028873375,0.0014354316347822138,0.0003799558290075167,-0.007472722321670511,-0.017374305435048212,154.82522583007812
2192,2020-09-18,0.7155281402128486,0.7122350608525221,0.7197078475953234,0.7080131576294234,0.1738138831537233,0.006079550948642987,-0.006923918709036636,-0.004137447120720172,0.004179642961343988,0.07956199468075686,153.33462524414062
2193,2020-09-21,0.6958541201532681,0.681288502496673,0.6973739434692982,0.6695516166901492,0.15793406546706285,-0.01967402005958052,-0.03094655835584903,-0.022333904126025206,-0.03846154093927423,-0.01587981768666044,146.67222595214844
2194,2020-09-22,0.6790931592038758,0.6868191854115514,0.6881702253650858,0.6760111234677997,0.08857141845302811,-0.01676096094939228,0.005530682914878349,-0.009203718104212388,0.006459506777650503,-0.06936264701403473,147.86293029785156
2195,2020-09-23,0.6852993620955213,0.6703959844505427,0.6919699124974222,0.6663429934322013,0.08880515350372382,0.006206202891645529,-0.016423200961008688,0.003799687132336471,-0.00966813003559841,0.00023373505069571032,144.3272247314453
2196,2020-09-24,0.6684117492031266,0.6702693325075403,0.6793886589305048,0.6622055463114811,0.0792680551473062,-0.01688761289239471,-0.00012665194300243154,-0.012581253566917416,-0.004137447120720172,-0.009537098356417625,144.2999725341797
2197,2020-09-25,0.6655830173530555,0.6817951746898138,0.6842016260279921,0.6635565218438847,0.09186141636357842,-0.0028287318500711534,0.011525842182273482,0.004812967097487242,0.0013509755324035977,0.01259336121627222,146.78134155273438
2198,2020-09-28,0.6942497763137288,0.6950941440741224,0.7014691947493943,0.6891412450684818,0.08898222551182663,0.028666758960673278,0.013298969384308634,0.017267568721402227,0.02558472322459715,-0.002879190851751784,149.64442443847656
2199,2020-09-29,0.6947563840857388,0.6945452760403577,0.7018069547377779,0.6901545250336326,0.07682446143548735,0.0005066077720100592,-0.0005488680337647489,0.0003377599883835902,0.0010132799651507707,-0.012157764076339284,149.5262451171875
2200,2020-09-30,0.6998649153309857,0.6949674921311199,0.7089419814921956,0.6882546814674643,0.10211388563273141,0.005108531245246906,0.00042221609076220634,0.007135026754417684,-0.0018998435661683466,0.02528942419724406,149.61715698242188
2201,2020-10-01,0.7016803027947753,0.6910410886346501,0.705648902131869,0.684454929913997,0.08532391782442247,0.0018153874637896195,-0.003926403496469777,-0.003293079360326523,-0.0037997515534672344,-0.016789967808308937,148.7717742919922
2202,2020-10-02,0.6823439783024478,0.6991893953542185,0.7050578382574805,0.6812041108154252,0.0828661583519554,-0.019336324492327583,0.008148306719568454,-0.0005910638743885643,-0.0032508190985718333,-0.0024577594724670693,150.52606201171875
2203,2020-10-05,0.7050156424168565,0.7123195169549007,0.7145571205094525,0.7039601666110819,0.06197520283598528,0.022671664114408796,0.013130121600682165,0.009499282251972052,0.02275605579565665,-0.020890955515970124,153.35276794433594
2204,2020-10-06,0.713966056635064,0.7045934263260945,0.723718642773041,0.7034534944179411,0.08307510332151673,0.008950414218207414,-0.007726090628806248,0.009161522263588462,-0.0005066721931407114,0.021099900485531446,151.68948364257812
2205,2020-10-07,0.7134594488630539,0.7242675108068056,0.7270117221333675,0.711475149194507,0.07189831817006703,-0.0005066077720100592,0.019674084480711174,0.003293079360326523,0.008021654776565912,-0.011176785151449695,155.925048828125
2206,2020-10-08,0.7277716982125132,0.7336823369563991,0.7340622927854066,0.723971946659046,0.0700461449653116,0.014312249349459294,0.009414826149593436,0.007050570652039068,0.012496797464538911,-0.0018521732047554335,157.951904296875
2207,2020-10-09,0.7362998963399585,0.7362155046587107,0.7433082711513737,0.7315291895042259,0.09338423563326262,0.008528198127445319,0.0025331677023116006,0.009245978365967078,0.00755724284517989,0.02333809066795102,158.4972686767578
2208,2020-10-12,0.739086367928275,0.7403529517794307,0.7471924143860887,0.7351177685911813,0.12027793222391818,0.0027864715883164637,0.004137447120720061,0.0038841432347150873,0.0035885790869554235,0.02689369659065556,159.3880157470703
2209,2020-10-13,0.7343155966714117,0.7242675108068056,0.7385797601562649,0.7199189556407044,0.08199496407208956,-0.004770771256863315,-0.016085440972625098,-0.008612654229823824,-0.01519881295047687,-0.03828296815182862,155.925048828125
2210,2020-10-14,0.73076921342508,0.7323735572646194,0.7386642162586435,0.729544889835679,0.08444918210439457,-0.003546383246331608,0.008106046457813765,8.445610237861612e-05,0.009625934194974595,0.002454218032305014,157.67018127441406
2211,2020-10-15,0.7221987550358803,0.7287427179159094,0.7326690569912484,0.7191167837209348,0.08629073098866386,-0.008570458389199787,-0.003630839348710002,-0.005995159267395134,-0.010428106114744207,0.0018415488842692812,156.88848876953125
2212,2020-10-16,0.7316558414472284,0.7382420001678813,0.7447437027861559,0.729544889835679,0.1285117806006991,0.009457086411348126,0.009499282251971941,0.012074645794907468,0.010428106114744207,0.04222104961203524,158.9335479736328
2213,2020-10-19,0.7371020682597281,0.7244363585904321,0.7395085840190371,0.7221565591952563,0.0744941938088543,0.005446226812499733,-0.013805641577449235,-0.005235118767118796,-0.007388330640422658,-0.05401758679184479,155.9613494873047
2214,2020-10-20,0.7281516540415207,0.7314869292424712,0.7418728395165914,0.7281516540415207,0.05596537888097574,-0.008950414218207414,0.007050570652039068,0.0023642554975543684,0.0059950948462643705,-0.018528814927878563,157.4792938232422
2215,2020-10-21,0.7286582618135308,0.7298403895623079,0.7397618879050422,0.7284894140299043,0.06470211176076864,0.0005066077720100592,-0.0016465396801632615,-0.0021109516115492832,0.0003377599883835902,0.008736732879792895,157.12478637695312
2216,2020-10-22,0.7329646211390081,0.7466436107734549,0.7483323462942421,0.730558105379699,0.06665344529006166,0.004306359325477294,0.016803221211146968,0.008570458389199898,0.0020686913497947046,0.0019513335292930256,160.7423095703125
2217,2020-10-23,0.751498773711566,0.7411128634374458,0.754200789197504,0.7331757291843891,0.07040028898151722,0.01853415257255797,-0.005530747336009112,0.005868442903261939,0.0026176238046901057,0.003746843691455559,159.55165100097656
2218,2020-10-26,0.7312336253564662,0.7184412637441676,0.7312336253564662,0.707591005959792,0.08229244504570228,-0.02026514835509985,-0.022671599693278144,-0.022967163841037808,-0.02558472322459715,0.011892156064185061,154.67074584960938
2219,2020-10-27,0.7136704924873043,0.7040023624517058,0.717090288211764,0.7036224066226983,0.07115815717619728,-0.01756313286916189,-0.014438901292461837,-0.014143337144702173,-0.003968599337093703,-0.011134287869505002,151.5622100830078
2220,2020-10-28,0.686143729855915,0.6804019388956555,0.6987671792634563,0.6795997669758859,0.11451246764009052,-0.027526762631389312,-0.0236004235560503,-0.018323108948307687,-0.024022639646812394,0.043354310463893236,146.4813995361328
2221,2020-10-29,0.6772355114783315,0.6949252962904959,0.6997382633879832,0.6730558040958567,0.11026628088578501,-0.008908218377583488,0.014523357394840453,0.0009710841245268442,-0.006543962880029119,-0.004246186754305506,149.60804748535156
2222,2020-10-30,0.6820062183140642,0.6964029237659021,0.699822655069231,0.6799375269642695,0.15545151591346137,0.004770706835732663,0.0014776274754061403,8.43916812478529e-05,0.00688172286841271,0.045185235027676365,149.92617797851562
2223,2020-11-02,0.7143460124640715,0.7329646211390081,0.7367221124307206,0.7097441534119653,0.14868028232360972,0.03233979415000732,0.036561697373105995,0.036899457361489585,0.029806626447695828,-0.006771233589851655,157.79737854003906
2224,2020-11-03,0.7410706675968218,0.7566073049568129,0.7615891198379267,0.7356666366249459,0.13173449114817032,0.026724655132750352,0.023642683817804877,0.024867007407206043,0.02592248321298063,-0.0169457911754394,162.88735961914062
2225,2020-11-04,0.744912614990913,0.7553407211056572,0.7702017740677505,0.7315713853448498,0.15294063483856346,0.003841947394091161,-0.0012665838511557448,0.008612654229823824,-0.004095251280096135,0.021206143690393142,162.61465454101562
2226,2020-11-05,0.7615891198379267,0.7737904175758367,0.7784345368896974,0.7608714040205355,0.1623785728704435,0.016676504847013662,0.018449696470179466,0.00823276282194696,0.02930001867568577,0.009437938031880033,166.58665466308594
2227,2020-11-06,0.7748458933816113,0.7779701249583113,0.7852739994963555,0.7721016820550495,0.10908698131182026,0.013256773543684597,0.00417970738247464,0.00683946260665802,0.01123027803451393,-0.05329159155862323,167.48648071289062
2228,2020-11-09,0.8650679446444685,0.8316727391098172,0.8865996768507239,0.8166005136812121,0.27393747941537905,0.0902220512628572,0.0537026141515059,0.10132567735436848,0.04449883162616264,0.16485049810355878,179.04794311523438
2229,2020-11-10,0.8418897371791801,0.8527399949635558,0.8571308103914116,0.8364857062073044,0.20831459321247578,-0.023178207465288314,0.021067255853738587,-0.02946886645931235,0.019885192526092332,-0.06562288620290327,183.58343505859372
2230,2020-11-11,0.8540910349170903,0.8413830649860395,0.856835246243652,0.837372269808322,0.11468953964819334,0.012201297737910122,-0.01135692997751625,-0.00029556414775955275,0.0008865636010175759,-0.09362505356428244,181.1384735107422
2231,2020-11-12,0.8340369946073715,0.8327282149155919,0.8414675210884179,0.826141991773808,0.09419522543037352,-0.0200540403097188,-0.00865485007044764,-0.015367725155234102,-0.01123027803451404,-0.020494314217819817,180.11570739746094
2232,2020-11-13,0.8394832214198714,0.8508823472380116,0.8524022349751724,0.8394832214198714,0.08340799869675002,0.005446226812499955,0.01815413232241969,0.010934713886754488,0.013341229646063435,-0.010787226733623506,184.0423583984375
2233,2020-11-16,0.8696698681177054,0.8806467778450836,0.8849531371705608,0.8587350898098205,0.1734880706588141,0.030186646697833996,0.029764430607072012,0.032550902195388365,0.01925186838994908,0.09008007196206409,190.48028564453125
2234,2020-11-17,0.8735540113524203,0.8668833965293888,0.8735540113524203,0.858566242026194,0.12210177390737717,0.0038841432347148652,-0.013763381315694767,-0.01139912581814051,-0.00016884778362646902,-0.05138629675143694,187.5032958984375
2235,2020-11-18,0.8633792091236812,0.849066959774222,0.865363508792228,0.8484337000592094,0.15661310828661584,-0.010174802228739122,-0.017816436755166865,-0.00819050256019227,-0.010132541966984654,0.03451133437923867,183.64971923828125
2236,2020-11-19,0.849784675591613,0.855864226540256,0.8574263101180408,0.843916232688351,0.11555719248789713,-0.013594533532068187,0.0067972667660339825,-0.007937198674187185,-0.004517467370858341,-0.041055915798718715,185.11993408203125
2237,2020-11-20,0.8518534313625382,0.8528244510659345,0.8584395900831914,0.8464915962312864,0.08354257342290816,0.0020687557709252458,-0.003039775474321438,0.0010132799651505486,0.002575363542935416,-0.03201461906498897,184.46241760253903
2238,2020-11-23,0.8597905656155951,0.8637169691120647,0.8667567445863863,0.8588195459121989,0.09938697670794805,0.007937134253056866,0.010892518046130228,0.008317154503194923,0.012327949680912442,0.015844403285039887,186.8184356689453
2239,2020-11-24,0.8794224542556823,0.8776914584731405,0.881491145605477,0.8728362955350294,0.14355581840911424,0.019631888640087247,0.013974489361075704,0.014734401019090737,0.014016749622830504,0.044168841701166195,189.841064453125
2240,2020-11-25,0.8781558704045266,0.8768048304509922,0.8808578858904645,0.8720341236152597,0.08620927786493655,-0.0012665838511557448,-0.0008866280221482281,-0.0006332597150124908,-0.000802171919769723,-0.05734654054417769,189.64926147460935
2241,2020-11-27,0.8767626346103683,0.884108769410167,0.8841509652507911,0.8764671348837393,0.05079133480421148,-0.0013932357941582874,0.007303938959174805,0.003293079360326523,0.004433011268479614,-0.03541794306072507,191.22911071777344
2242,2020-11-30,0.874651682998819,0.8609304975237483,0.8792113462103013,0.8609304975237483,0.2289788965580743,-0.0021109516115492832,-0.023178271886418744,-0.004939619040489784,-0.015536637359991001,0.1781875617538628,186.21571350097656
2243,2020-12-01,0.8743139230104355,0.8705564317187228,0.8858819610333328,0.8694164998105696,0.13441536135084695,-0.0003377599883834792,0.009625934194974484,0.006670614823031551,0.008486002286821281,-0.09456353520722735,188.29779052734372
2244,2020-12-02,0.8696698681177054,0.8781558704045266,0.8825466214112517,0.8695854120153267,0.08711588654642297,-0.004644054892730121,0.0075994386858038165,-0.0033353396220811016,0.0001689122047571212,-0.04729947480442398,189.9414978027344
2245,2020-12-03,0.8722874275012648,0.8790846942672987,0.8842354213531696,0.8714430597408709,0.09843078786419285,0.0026175593835593425,0.0009288238627721546,0.00168879994191784,0.001857647725544198,0.011314901317769882,190.14239501953125
2246,2020-12-04,0.8840243133077885,0.8979143465664857,0.898800974588634,0.8840243133077885,0.11328358790385698,0.011736885806523767,0.018829652299186983,0.014565553235464379,0.012581253566917638,0.014852800039664132,194.21519470214844
2247,2020-12-07,0.892974727525996,0.8912437961645847,0.8941568552747731,0.8838554655241619,0.09190391364552308,0.008950414218207525,-0.00667055040190101,-0.004644119313860884,-0.00016884778362658004,-0.021379674258333897,192.7723693847656
2248,2020-12-08,0.8879507168042583,0.895339047444681,0.899518690406025,0.886177460759962,0.08153457685102224,-0.005024010721737748,0.004095251280096246,0.00536183513125188,0.0023219952358000118,-0.010369336794500847,193.6581573486328
2249,2020-12-09,0.898589866543253,0.8960567632620722,0.9027273780851037,0.8896394523250455,0.10434499293482688,0.010639149738994713,0.0007177158173912179,0.003208687679078781,0.003461991565083533,0.022810416083804644,193.8134002685547
2250,2020-12-10,0.8876551526564986,0.8949168313539189,0.8984210187596264,0.8875285007134961,0.10578990052094585,-0.010934713886754377,-0.0011399319081533132,-0.004306359325477294,-0.0021109516115493943,0.001444907586118968,193.5668029785156
2251,2020-12-11,0.8846998332845557,0.9061471093884327,0.9088068646126161,0.8846998332845557,0.11051772313729101,-0.0029553193719429327,0.011230278034513819,0.010385845852989628,-0.00282866742894039,0.004727822616345162,195.9958648681641
2252,2020-12-14,0.9119310961893161,0.8944102235819087,0.914886415561259,0.8937768994457655,0.11847179774126947,0.02723126290476041,-0.011736885806523989,0.006079550948642987,0.009077066161209846,0.007954074603978456,193.45726013183597
2253,2020-12-15,0.9034872897431186,0.9042050055605098,0.9072869768754553,0.8945368755249113,0.08862454005545896,-0.008443806446197466,0.009794781978601064,-0.0075994386858037055,0.0007599760791457966,-0.029847257685810508,195.57583618164065
2254,2020-12-16,0.9009119262001832,0.8879084565425035,0.9048805255372769,0.8833487933310212,0.1037677381884117,-0.002575363542935416,-0.016296549018006257,-0.002406451338178406,-0.011188082193890114,0.015143198132952743,192.05093383789065
2255,2020-12-17,0.8906104720284416,0.8947901794109163,0.8947901794109163,0.8865996768507239,0.07608075900145553,-0.010301454171741664,0.006881722868412821,-0.010090346126360616,0.0032508835197027075,-0.027686979186956173,193.5394744873047
2256,2020-12-18,0.8962678068863225,0.8867685246343504,0.8971966307490947,0.8807734297880859,0.23678777211540844,0.005657334857880891,-0.008021654776565912,0.002406451338178406,-0.0058262470626380125,0.1607070131139529,191.80442810058597
2257,2020-12-21,0.8681499803805446,0.8893861484390403,0.8914971000505897,0.864856901020218,0.08738503599873924,-0.028117826505777876,0.0026176238046898836,-0.00569953069850504,-0.015916528767867977,-0.1494027361166692,192.3705902099609
2258,2020-12-22,0.889006192610033,0.8779025665185216,0.8917082080959708,0.877522610689514,0.07152292551288907,0.020856212229488413,-0.011483581920518682,0.00021110804538115868,0.012665709669296032,-0.015862110485850178,189.88674926757807
2259,2020-12-23,0.8849531371705608,0.8865574810101001,0.89563454717131,0.8833910535927761,0.07248265579680634,-0.0040530554394722085,0.008654914491578514,0.003926339075339125,0.005868442903262161,0.0009597302839172706,191.7587432861328
2260,2020-12-24,0.8888372804052758,0.8846153771821771,0.8895549962226669,0.880689038106838,0.026734331783363024,0.0038841432347149762,-0.0019421038279230363,-0.006079550948643098,-0.0027020154859381806,-0.04574832401344331,191.3386688232422
2261,2020-12-28,0.8908215800738226,0.886346372964719,0.8917925997772186,0.8839821174671646,0.06076048886039997,0.0019842996685468517,0.0017309957825418776,0.0022376035545517148,0.003293079360326634,0.03402615707703695,191.71307373046875
2262,2020-12-29,0.8925103155946099,0.8829266416613899,0.8925103155946099,0.8776492626325165,0.054099039915572064,0.001688735520787299,-0.0034197313033290655,0.000717715817391329,-0.006332854834648072,-0.006661448944827904,190.973388671875
2263,2020-12-30,0.8865996768507239,0.8906104720284416,0.8933124875143796,0.8847420291251795,0.05673741283630401,-0.005910638743885976,0.0076838303670516694,0.000802171919769723,0.007092766492662994,0.002638372920731949,192.63540649414065
2264,2020-12-31,0.8908215800738226,0.8979988026688642,0.89926538652002,0.8852064410565657,0.04980681443915983,0.0042219032230986775,0.007388330640422658,0.005952899005640333,0.0004644119313861328,-0.006930598397144182,194.23345947265625
2265,2021-01-04,0.898589866543253,0.8779447623591455,0.899307582360644,0.8712319516954901,0.08247659993412922,0.007768286469430397,-0.02005404030971869,4.219584062403747e-05,-0.013974489361075593,0.032669785494969385,189.89581298828125
2266,2021-01-05,0.8738495110790492,0.8800979742324495,0.8874018487704937,0.8738495110790492,0.07692362176002493,-0.024740355464203834,0.002153211873303973,-0.011905733590150347,0.0026175593835591204,-0.005552978174104287,190.36155700683597
2267,2021-01-06,0.8842776171937935,0.89614115494332,0.90340283364074,0.8833487933310212,0.09731523421314511,0.010428106114744318,0.01604318071087052,0.01600098487024637,0.009499282251972052,0.020391612453120184,193.83169555664065
2268,2021-01-07,0.898800974588634,0.8976188468398568,0.9035294855837428,0.8899772123134291,0.0728580484539843,0.014523357394840453,0.0014776918965367924,0.0001266519430027646,0.0066284189824078465,-0.02445718575916081,194.15130615234372
2269,2021-01-08,0.8984210187596264,0.8867263287937265,0.9009963823025617,0.8767626346103683,0.11612028147366409,-0.0003799558290075167,-0.01089251804613034,-0.0025331032811810594,-0.013214577703060781,0.04326223301967978,191.79525756835935
2270,2021-01-11,0.8786202823359128,0.8796757581416874,0.8849953330111846,0.8774381545871355,0.10407938492267266,-0.019800736423713605,-0.007050570652039068,-0.016001049291377134,0.0006755199767671805,-0.012040896550991428,190.27024841308597
2271,2021-01-12,0.8775648065301381,0.8818711658556153,0.8844042691367959,0.8665878323816293,0.08849350676946287,-0.0010554758057746971,0.0021954077139278994,-0.0005910638743886754,-0.010850322205506191,-0.01558587815320979,190.7451171875
2272,2021-01-13,0.8793379981533037,0.8740184232838064,0.8807734297880859,0.8714007994791165,0.07596743291626973,0.001773191623165582,-0.007852742571808902,-0.003630839348710002,0.004812967097487242,-0.01252607385319314,189.0465850830078
2273,2021-01-14,0.878324718188153,0.8807312339474621,0.8856708529879518,0.8746938788394429,0.1296698315336915,-0.0010132799651506597,0.0067128106636556995,0.004897423199865858,0.003293079360326412,0.053702398617421765,190.49856567382807
2274,2021-01-15,0.8761715707359797,0.8695854120153267,0.8775648065301381,0.8663345284956241,0.13767348629993872,-0.0021531474521733207,-0.011145821932135425,-0.008106046457813654,-0.00835935034381885,0.008003654766247231,188.08773803710935
2275,2021-01-19,0.8791691503696775,0.8729206872162772,0.8813644936624746,0.8716119075244975,0.09407127502470154,0.0029975796336977334,0.0033352752009505604,0.003799687132336471,0.005277379028873375,-0.04360221127523718,188.8091735839844
2276,2021-01-20,0.877818110416143,0.8784936303929102,0.880984537833467,0.8725407313872696,0.08685027853426874,-0.001351039953534472,0.005572943176632927,-0.0003799558290076277,0.0009288238627721546,-0.007220996490432799,190.0145568847656
2277,2021-01-21,0.8733429033070395,0.8664611804386265,0.8773536984847567,0.8659123768259925,0.09579949782378502,-0.004475207109103541,-0.012032449954283653,-0.003630839348710224,-0.006628354561277083,0.00894921928951628,187.4120178222656
2278,2021-01-22,0.8623659291585306,0.8538799268717091,0.8632103613400548,0.850249087522999,0.12404602455634609,-0.010976974148508845,-0.012581253566917416,-0.01414333714470195,-0.015663289302993544,0.02824652673256106,184.6907196044922
2279,2021-01-25,0.850037979477618,0.8522755830321698,0.8551887065634887,0.8448028607104991,0.1677828105577414,-0.012327949680912553,-0.001604343839539335,-0.008021654776566134,-0.005446226812499844,0.04373678600139533,184.34371948242188
2280,2021-01-26,0.8605927375353648,0.8488558517288407,0.8645191410318344,0.8485180917404571,0.07797897092831771,0.01055475805774675,-0.0034197313033290655,0.009330434468345694,0.003715231029957966,-0.0898038396294237,183.60403442382807
2281,2021-01-27,0.8364012501049259,0.8417630852361777,0.8475892678776852,0.8297306352818942,0.14550361049824523,-0.024191487430438863,-0.007092766492662994,-0.016929873154149178,-0.018787456458562946,0.06752463956992752,182.0699157714844
2282,2021-01-28,0.8469982040032965,0.8563708343122661,0.8669678526317672,0.8428185610419524,0.132155922527455,0.010596953898370565,0.014607749076088417,0.01937858475408205,0.013087925760058239,-0.013347687970790223,185.22950744628903
2283,2021-01-29,0.8296461791795158,0.8248332120820283,0.8483492439568308,0.8213712849380754,0.16414929295147165,-0.017352024823780732,-0.031537622230237816,-0.018618608674936477,-0.021447276103876978,0.03199337042401665,178.40806579589844
2284,2021-02-01,0.8340369946073715,0.8256353840017979,0.8349658184701435,0.8244532562530208,0.10231220628180655,0.004390815427855688,0.000802171919769612,-0.01338342548668725,0.0030819713149453642,-0.0618370866696651,178.58154296875
2285,2021-02-02,0.8352191223561486,0.8448872523917471,0.8480536798090711,0.8338680824026145,0.09801998080539433,0.0011821277487771287,0.01925186838994919,0.013087861338927587,0.009414826149593658,-0.004292225476412226,182.74563598632807
2286,2021-02-03,0.8428185610419524,0.840749805271027,0.8439584285289751,0.8334459307329828,0.06764504853543742,0.0075994386858038165,-0.004137447120720061,-0.004095251280096024,-0.00042215166963166517,-0.03037493226995691,181.8507232666016
2287,2021-02-04,0.8436629288023461,0.8468715520602941,0.8505446516707587,0.8394410255792474,0.08050755920402591,0.0008443677603936495,0.006121746789267024,0.006586223141783587,0.0059950948462645925,0.012862510668588498,183.17486572265625
2288,2021-02-05,0.8537954707693305,0.8567085943006496,0.8607193894783672,0.849784675591613,0.06615764366737377,0.010132541966984432,0.009837042240355531,0.01017473780760858,0.01034365001236559,-0.014349915536652144,185.30255126953125
2289,2021-02-08,0.8605083458541168,0.8606771936377434,0.8650679446444685,0.8551887065634887,0.07350967344380266,0.006712875084786352,0.003968599337093814,0.00434855516610122,0.005404030971875695,0.0073520297764288894,186.16094970703125
2290,2021-02-09,0.8595795219913446,0.8529089071683129,0.8604238897517382,0.8489403078312193,0.06353343650729006,-0.0009288238627722656,-0.007768286469430508,-0.004644054892730232,-0.006248398732269345,-0.009976236936512603,184.48068237304688
2291,2021-02-10,0.8570463542890332,0.8534999710427015,0.8585240461855699,0.8493624595008508,0.0670961253103187,-0.0025331677023113786,0.0005910638743885643,-0.0018998435661683466,0.00042215166963144313,0.003562688803028638,184.6085205078125
2292,2021-02-11,0.8535843627239494,0.8535843627239494,0.8574685703797952,0.8480959400708258,0.060523212369542195,-0.003461991565083755,8.439168124796392e-05,-0.0010554758057746971,-0.0012665194300249816,-0.006572912940776499,184.62677001953125
2293,2021-02-12,0.8543865346437192,0.8594528700483421,0.8603816294899836,0.8513467591693977,0.07048528354540658,0.000802171919769723,0.005868507324392702,0.002913059110188465,0.0032508190985719443,0.009962071175864382,185.8960876464844
2294,2021-02-16,0.8648990968608421,0.8589040020145775,0.8678966764945395,0.8523178432939245,0.08086524466039359,0.010512562217122934,-0.0005488680337646379,0.007515047004555853,0.0009710841245267332,0.010379961114987013,185.7774200439453
2295,2021-02-17,0.8501224355799967,0.8524022349751724,0.8536266229857041,0.8437895807453486,0.1030629915961625,-0.014776661280845427,-0.006501767039405082,-0.014270053508835367,-0.00852826254857586,0.02219774693576891,184.37110900878903
2296,2021-02-18,0.8507134994543851,0.859241762002961,0.8647302490772155,0.847124855946299,0.06250287742013166,0.0005910638743884533,0.006839527027788561,0.011103626091511387,0.0033352752009504494,-0.04056011417603084,185.85044860839844
2297,2021-02-19,0.8617748652841418,0.8594106097865873,0.8732162513640368,0.8583973942425674,0.08621281930509861,0.011061365829756697,0.000168847783626358,0.008486002286821281,0.011272538296268397,0.023709941884966945,185.8870086669922
2298,2021-02-22,0.8572152020726596,0.8596639136725925,0.8625348413632876,0.8545976426891002,0.07809937989382762,-0.004559663211482268,0.00025330388600519615,-0.01068141000074918,-0.0037997515534672344,-0.00811343941127099,185.9418182373047
2299,2021-02-23,0.8655323565758546,0.8656590085188569,0.8690365439815622,0.8569197023460307,0.08709463790545063,0.008317154503195034,0.0059950948462643705,0.006501702618274541,0.002322059656930442,0.008995258011623014,187.23849487304688
2300,2021-02-24,0.8650257488038444,0.8909482320168252,0.89563454717131,0.8591573059005825,0.11833722301511132,-0.0005066077720101703,0.02528922349796825,0.02659800318974781,0.002237603554551826,0.031242585109660687,192.70843505859372
2301,2021-02-25,0.8863885688053429,0.8646035327130823,0.8885417806786469,0.8623659291585306,0.09685838843223986,0.021362820001498473,-0.026344699303742836,-0.007092766492663105,0.003208623257948129,-0.02147883458287146,187.83799743652344
2302,2021-02-26,0.8681499803805446,0.8543021429624712,0.8688676961979356,0.8531200152136942,0.12981857202049785,-0.018238588424798308,-0.010301389750611123,-0.019674084480711285,-0.009245913944836426,0.03296018358825799,185.59996032714844
2303,2021-03-01,0.86266149330629,0.8706408878211014,0.8787891301195392,0.8599594778203522,0.08981092250974781,-0.005488487074254533,0.016338744858630183,0.009921433921603606,0.00683946260665802,-0.04000764951075003,189.14959716796875
2304,2021-03-02,0.8729629474780317,0.8721607755582621,0.8781136745639028,0.8662500723932456,0.08854308693173166,0.010301454171741664,0.001519887737160719,-0.0006754555556364172,0.006290594572893382,-0.0012678355780161576,189.4798126220703
2305,2021-03-03,0.8702186717303392,0.8739761630220519,0.8842776171937935,0.8702186717303392,0.09584553654589176,-0.0027442757476925372,0.0018153874637898415,0.0061639426298907285,0.003968599337093592,0.0073024496141601,189.8742218017578
2306,2021-03-04,0.8754116590779646,0.8567930504030281,0.878324718188153,0.8465337920719105,0.09911782725563177,0.005192987347625411,-0.017183112619023833,-0.005952899005640444,-0.023684879658428692,0.003272290709740014,186.14112854003903
2307,2021-03-05,0.8635058610666837,0.8721607755582621,0.8758760710093508,0.8518956272031623,0.101207276951245,-0.011905798011280888,0.015367725155233991,-0.0024486471788022213,0.005361835131251769,0.002089449695613227,189.4798126220703
2308,2021-03-08,0.8762137665766037,0.8768892865533708,0.8969433268630896,0.8747783349418214,0.11388917417156862,0.012707905509919959,0.004728510995108737,0.02106725585373881,0.02288270773865919,0.012681897220323618,190.5070953369141
2309,2021-03-09,0.8823355777870014,0.8765093307243634,0.886346372964719,0.8717808197292548,0.09361088780363423,0.006121811210397787,-0.00037995582900740565,-0.010596953898370676,-0.002997515212566637,-0.020278286367934384,190.424560546875
2310,2021-03-10,0.8768048304509922,0.8988854306910123,0.9004053184281732,0.8766781785079899,0.15343289502108928,-0.005530747336009223,0.02237609996664891,0.014058945463454209,0.004897358778735095,0.05982200721745505,195.2858428955078
2311,2021-03-11,0.8941568552747731,0.8971544349084707,0.9066959130010668,0.8916659478342163,0.10481600447638037,0.017352024823780843,-0.0017309957825416555,0.006290594572893604,0.014987769326226363,-0.04861689054470891,194.9097900390625
2312,2021-03-12,0.9004897101094211,0.905091633582658,0.9093557326463807,0.9001097542804136,0.0651341674605395,0.006332854834648072,0.007937198674187296,0.002659819645313921,0.008443806446197355,-0.03968183701584087,196.6341552734375
2313,2021-03-15,0.9022629661537176,0.9127754639497097,0.9161529994124148,0.8979988026688642,0.0906962825502619,0.0017732560442964562,0.0076838303670516694,0.0067972667660340935,-0.0021109516115493943,0.025562115089722393,198.30349731445312
2314,2021-03-16,0.913450983926477,0.8942413113771516,0.913915395857863,0.8925525758563644,0.0912877030573253,0.011188017772759351,-0.018534152572558082,-0.002237603554551826,-0.005446226812499844,0.0005914205070634004,194.2769012451172
2315,2021-03-17,0.9013763381315694,0.8993920384630225,0.9053026772069084,0.8947901794109163,0.09668839930446116,-0.01207464579490758,0.005150727085870943,-0.008612718650954587,0.002237603554551937,0.005400696247135864,195.3959045410156
2316,2021-03-18,0.9013763381315694,0.9077936490685958,0.9245968058586121,0.900025298178035,0.15206589911853555,0.0,0.008401610605573318,0.019294128651703768,0.005235118767118685,0.05537749981407439,197.2211761474609
2317,2021-03-19,0.9092712765440021,0.8988854306910123,0.9102001004067743,0.8957611991143124,0.35806793190518854,0.007894938412432717,-0.008908218377583488,-0.014396705451837799,-0.004264099063722604,0.206002032786653,195.2858428955078
2318,2021-03-22,0.8912859920052089,0.895592351330686,0.8979143465664857,0.8846153771821771,0.11709771895839162,-0.017985284538793223,-0.003293079360326301,-0.012285753840288627,-0.011145821932135314,-0.24097021294679694,194.5704040527344
2319,2021-03-23,0.8883728684738897,0.8806467778450836,0.8965211751934581,0.877607002370762,0.0677760818214335,-0.0029131235313191173,-0.014945573485602437,-0.0013931713730276352,-0.007008374811415141,-0.04932163713695811,191.3234405517578
2320,2021-03-24,0.8864308290670976,0.8959723071596934,0.9079203010115985,0.8861352649193379,0.0907352383920445,-0.001942039406792162,0.015325529314609843,0.011399125818140399,0.008528262548575971,0.022959156570610997,194.6529541015625
2321,2021-03-25,0.8959301113190695,0.9029806819711087,0.9036983977884998,0.8792113462103013,0.07853143559359849,0.009499282251971941,0.007008374811415252,-0.0042219032230986775,-0.006923918709036636,-0.012203802798446017,196.17556762695312
2322,2021-03-26,0.9082158007382274,0.9226125061900653,0.9232880261668325,0.9040783536175073,0.08995258011623007,0.012285689419157864,0.019631824218956595,0.01958962837833267,0.024867007407206043,0.011421144522631585,200.4405975341797
2323,2021-03-29,0.9188972107389767,0.9240901980866021,0.9274254732875525,0.9167440632868034,0.10850618512524303,0.010681410000749292,0.0014776918965367924,0.004137447120720061,0.012665709669296032,0.018553605009012958,200.7616729736328
2324,2021-03-30,0.9245968058586121,0.9207548584645211,0.9259055855503917,0.9163641074577958,0.08669799660730032,0.00569959511963547,-0.0033353396220809906,-0.00151988773716083,-0.0003799558290075167,-0.02180818851794271,200.0370330810547
2325,2021-03-31,0.9211770745552831,0.9164485635601745,0.9253145216760033,0.9150975236066401,0.0867652839703794,-0.0034197313033290655,-0.004306294904346641,-0.0005910638743884533,-0.0012665838511557448,6.72873630790799e-05,199.10150146484372
2326,2021-04-01,0.920206054851887,0.9153086316520211,0.9202482506925109,0.9097779487371429,0.07471022165873974,-0.000971019703396081,-0.0011399319081533132,-0.005066270983492327,-0.00531957486949719,-0.012055062311639664,198.85382080078125
2327,2021-04-05,0.923372482269211,0.9257367377667652,0.9292831210130971,0.9219369862132981,0.07999050894036569,0.0031664274173239804,0.010428106114744096,0.009034870320586141,0.01215903747615521,0.005280287281625953,201.119384765625
2328,2021-04-06,0.9270033216179211,0.9253989777783818,0.9332517203501906,0.9225280500876868,0.06360426531053118,0.003630839348710113,-0.0003377599883834792,0.003968599337093481,0.0005910638743886754,-0.016386243629834513,201.0459899902344
2329,2021-04-07,0.9213037264982856,0.9224858542470628,0.9283121013097008,0.9173351271611919,0.06081361046283081,-0.00569959511963547,-0.0029131235313190063,-0.004939619040489784,-0.0051929229264948695,-0.002790654847700365,200.41311645507807
2330,2021-04-08,0.9211348142935285,0.9282276452073224,0.9286498612980844,0.914633111675254,0.0733680158373204,-0.0001689122047571212,0.0057417909602596184,0.0003377599883835902,-0.0027020154859379586,0.01255440537448959,201.6605224609375
2331,2021-04-09,0.960482983254951,0.958287575541023,0.9610318512887156,0.9427931984427864,0.13676687761845233,0.03934816896142246,0.03005993033370058,0.032381989990631244,0.028160086767532455,0.06339886178113192,208.19114685058597
2332,2021-04-12,0.9526302406831422,0.9651271025688116,0.967786857792995,0.9522924806947585,0.09420584975085969,-0.00785274257180879,0.006839527027788672,0.006755006504279404,0.009499282251972052,-0.04256102786759264,209.6770782470703
2333,2021-04-13,0.9677024661117473,0.966815838089599,0.9708266332673166,0.960905199345713,0.09738606301638625,0.01507222542860509,0.00168873552078741,0.003039775474321549,0.008612718650954476,0.0031802132655265603,210.0439453125
2334,2021-04-14,0.9625939348665002,0.9684201819291384,0.9752174486951726,0.9625939348665002,0.07743358914336104,-0.005108531245247017,0.001604343839539335,0.004390815427856021,0.001688735520787299,-0.019952473873025206,210.3924865722656
2335,2021-04-15,0.9720087610160937,0.9703622213359306,0.9740353209463952,0.9650004506258093,0.07116169861635933,0.009414826149593436,0.001942039406792273,-0.0011821277487773507,0.002406515759309058,-0.006271890527001708,210.81439208984372
2336,2021-04-16,0.9781305078053607,0.9799459596902812,0.9809592396554317,0.9712488493580788,0.14513175928122932,0.006121746789267024,0.009583738354350557,0.006923918709036525,0.006248398732269456,0.07397006066486998,212.89651489257807
2337,2021-04-19,0.9782572241694939,0.9751329925927938,0.9799459596902812,0.973148692924247,0.10285758806676323,0.00012671636413319476,-0.004812967097487353,-0.0010132799651505486,0.0018998435661682356,-0.04227417121446608,211.8508758544922
2338,2021-04-20,0.9710377413126977,0.9597652674375599,0.9718399132324673,0.9532213045575307,0.07262077196312652,-0.007219482856796189,-0.015367725155233991,-0.008106046457813876,-0.01992738836671626,-0.03023681610363671,208.51217651367188
2339,2021-04-21,0.9589208996771663,0.973148692924247,0.9738664087416381,0.9580764674956419,0.06099776535125774,-0.012116841635531395,0.01338342548668714,0.002026495509170778,0.004855162938111168,-0.011623006611868783,211.41978454589844
2340,2021-04-22,0.972726476833485,0.9679135097359977,0.9796081997018975,0.9659714703292054,0.08910971735766067,0.013805577156318694,-0.005235183188249337,0.005741790960259396,0.00789500283356348,0.02811195200640293,210.28244018554688
2341,2021-04-23,0.9507725929575979,0.9478172735856549,0.9581609235980205,0.9381913393906803,0.18806463836583784,-0.021953883875887148,-0.020096236150342728,-0.021447276103876978,-0.02778013093852505,0.09895492100817717,205.91644287109372
2342,2021-04-26,0.9524191326377612,0.9352360200187373,0.9530524567739045,0.9341382839512082,0.1278955700125013,0.0016465396801633725,-0.012581253566917638,-0.005108466824116031,-0.0040530554394720975,-0.06016906835333655,203.18312072753903
2343,2021-04-27,0.9373469716302867,0.9411888546032472,0.9446508461683308,0.9335050242361957,0.09868223011569885,-0.01507216100747455,0.005952834584509903,-0.00840161060557365,-0.0006332597150124908,-0.029213339896802443,204.47640991210935
2344,2021-04-28,0.9403867471046083,0.9409355507172422,0.9462973858484941,0.9393734671394576,0.07677488127321856,0.00303977547432166,-0.0002533038860049741,0.0016465396801632615,0.005868442903261828,-0.021907348842480287,204.4213409423828
2345,2021-04-29,0.9444819983847045,0.9452841058833436,0.9463818419508726,0.9359114755743738,0.06338115458032163,0.004095251280096135,0.004348555166101331,8.44561023785051e-05,-0.003461991565083755,-0.013393726692896929,205.3661193847656
2346,2021-04-30,0.9415688748533854,0.9416532665346333,0.9439331303509398,0.933209460088436,0.07851018695262615,-0.0029131235313191173,-0.003630839348710224,-0.0024487115999327624,-0.0027020154859378476,0.015129032372304521,204.5773162841797
2347,2021-05-03,0.9467196019392564,0.9423287865114005,0.9489994013344321,0.9383601871743069,0.07857393287554316,0.005150727085871054,0.0006755199767671805,0.005066270983492216,0.005150727085870943,6.374592291701064e-05,204.7240295410156
2348,2021-05-04,0.9378535794022967,0.9517436126609939,0.9524613928995156,0.9319851364990348,0.10011651338133165,-0.008866022536959672,0.009414826149593436,0.003461991565083533,-0.006375050675272109,0.021542580505788486,206.76947021484372
2349,2021-05-05,0.9553744520097041,0.9549523003400726,0.9595119635515548,0.9531368484551523,0.09611114455804598,0.017520872607407312,0.00320868767907867,0.007050570652039179,0.021151711956117536,-0.004005368823285671,207.4665069580078
2350,2021-05-06,0.9594275074491763,0.9653804064548167,0.966055926431584,0.9518280687633726,0.07270222508685383,0.0040530554394722085,0.010428106114744096,0.00654396288002923,-0.0013087796917797823,-0.023408919471192155,209.73208618164065
2351,2021-05-07,0.963142802900265,0.9659292100674507,0.969771157461542,0.9557122119980876,0.06930952541160389,0.0037152954510887293,0.0005488036126339857,0.003715231029957966,0.0038841432347150873,-0.0033926996752499383,209.8513336181641
2352,2021-05-10,0.966815838089599,0.9750063406497913,0.9822257590854571,0.966815838089599,0.08469708291573852,0.0036730351893340396,0.009077130582340609,0.012454601623915096,0.011103626091511387,0.015387557504134633,211.82334899902344
2353,2021-05-11,0.9628472387525052,0.967491358066366,0.9679135097359977,0.9467617977798802,0.11970776035782711,-0.003968599337093814,-0.0075149825834253114,-0.014312249349459405,-0.0200540403097188,0.03501067744208859,210.19070434570312
2354,2021-05-12,0.9568521439062408,0.9289875568653373,0.9594697032898003,0.9283542971503247,0.14863778504166505,-0.0059950948462643705,-0.0385038012010287,-0.008443806446197355,-0.01840750062955554,0.028930024683837943,201.82562255859372
2355,2021-05-13,0.923879090041221,0.9443552820205712,0.9493793571634396,0.9234991342122136,0.1028682123872494,-0.03297305386501981,0.01536772515523388,-0.010090346126360727,-0.004855162938111057,-0.045769572654415655,206.0351104736328
2356,2021-05-14,0.9530524567739045,0.9598919193805625,0.9635649545698963,0.9493371613228158,0.07370799409287782,0.029173366732683448,0.015536637359991334,0.014185597406456751,0.025838027110602124,-0.029160218294371584,209.42481994628903
2357,2021-05-17,0.9620028709921118,0.9561344280888497,0.9620028709921118,0.9488305535508058,0.07288637997528075,0.008950414218207303,-0.0037574912917127667,-0.0015620835777845343,-0.0005066077720099482,-0.0008216141175970693,208.6050262451172
2358,2021-05-18,0.951490308774989,0.9386135554814425,0.9541079325796791,0.9382335352313041,0.08500872964999946,-0.010512562217122823,-0.0175208726074072,-0.007894938412432717,-0.010597018319501661,0.012122349674718716,204.7824249267578
2359,2021-05-19,0.9316473765106512,0.9343916522583439,0.9350249119733564,0.9152241755496426,0.10802100782304132,-0.019842932264337754,-0.0042219032230986775,-0.01908302060632272,-0.023009359681661512,0.023012278173041856,203.8613128662109
2360,2021-05-20,0.9308874648526364,0.9378113835616728,0.9410200068196208,0.9308030087502577,0.07818791589787903,-0.0007599116580148113,0.0034197313033289545,0.0059950948462644815,0.015578833200615039,-0.029833091925162286,204.60739135742188
2361,2021-05-21,0.9414844187510069,0.9423287865114005,0.9525880448425182,0.9400489871162245,0.08055359792613265,0.010596953898370454,0.004517402949727689,0.011568038022897409,0.009245978365966856,0.0023656820282536156,205.59300231933597
2362,2021-05-24,0.9478172735856549,0.9499282251972042,0.952123632911132,0.942202134568398,0.06422401733889103,0.006332854834648072,0.0075994386858037055,-0.0004644119313862438,0.0021531474521734317,-0.016329580587241613,207.25099182128903
2363,2021-05-25,0.9499282251972042,0.945875169757732,0.9529258048309018,0.9431309584311701,0.06390882916446802,0.0021109516115492832,-0.0040530554394722085,0.000802171919769834,0.0009288238627721546,-0.0003151881744230117,206.36672973632807
2364,2021-05-26,0.9497593774135779,0.9468462538822587,0.9498860293565804,0.9427931984427864,0.06189729115242004,-0.000168847783626358,0.0009710841245267332,-0.003039775474321438,-0.00033775998838370125,-0.002011538012047981,206.57858276367188
2365,2021-05-27,0.9570632519516219,0.9763995764439495,0.9783838761124966,0.9566410358608599,0.23539598613172033,0.007303874538044042,0.029553322561690742,0.028497846755916156,0.013847837418073494,0.1734986949793003,213.0264129638672
2366,2021-05-28,0.9794815477588951,0.9748796887067888,0.980494827724046,0.9723465210044773,0.08957364601889004,0.02241829580727317,-0.001519887737160719,0.0021109516115493943,0.01570548514361736,-0.1458223401128303,212.6948089599609
2367,2021-06-01,0.9832390390506076,0.9834923429366127,0.9866165745133127,0.9774127919879697,0.07911577322033778,0.0037574912917125447,0.008612654229823935,0.006121746789266802,0.005066270983492438,-0.010457872798552259,214.5738677978516
2368,2021-06-02,0.9880098103074708,0.9741619728893979,0.9880098103074708,0.973148692924247,0.07881120936640094,0.004770771256863204,-0.00933037004721482,0.0013932357941580653,-0.004264099063722715,-0.0003045638539368317,212.53819274902344
2369,2021-06-03,0.9740353209463952,0.9676602058499926,0.9779616600217342,0.9645782345350471,0.08220745048181294,-0.013974489361075593,-0.006501767039405304,-0.010048150285736579,-0.008570458389199898,0.0033962411154119937,211.11968994140625
2370,2021-06-04,0.970024461347547,0.9712488493580788,0.9742041687300217,0.9676180100093686,0.046038722106731926,-0.004010859598848171,0.0035886435080861867,-0.0037574912917125447,0.003039775474321549,-0.03616872837508101,211.9026031494141
2371,2021-06-07,0.9689689855417724,0.96339610678627,0.9725576290498585,0.9606096351979535,0.07197622985363228,-0.0010554758057746971,-0.00785274257180879,-0.0016465396801631504,-0.007008374811415141,0.025937507746900353,210.1893768310547
2372,2021-06-08,0.9639027145582798,0.9702355693929279,0.9744997328777814,0.960229679368946,0.06093401942834073,-0.005066270983492549,0.006839462606657909,0.0019421038279228142,-0.0003799558290075167,-0.011042210425291549,211.6815948486328
2373,2021-06-09,0.9702778296546827,0.9617917629467305,0.972726476833485,0.960905199345713,0.06988678015801907,0.0063751150964028724,-0.008443806446197355,-0.0017732560442963452,0.0006755199767669584,0.008952760729678336,209.83932495117188
2374,2021-06-10,0.967322445861609,0.9552056042260776,0.9712910451987026,0.9547833881353156,0.07874746344348393,-0.002955383793073696,-0.006586158720652935,-0.0014354316347824359,-0.006121811210397343,0.008860683285464868,208.40240478515625
2375,2021-06-11,0.9615384590607257,0.9506881368552192,0.9639871706606585,0.9455374741904792,0.07077922307885724,-0.005783986800883323,-0.004517467370858341,-0.007303874538044042,-0.009245913944836426,-0.007968240364626691,207.41680908203125
2376,2021-06-14,0.9495904652088206,0.942202134568398,0.9497171171518232,0.9403444868428535,0.09158518403093802,-0.011947993851905037,-0.008486002286821281,-0.014270053508835367,-0.005192987347625633,0.020805960952080774,205.56536865234372
2377,2021-06-15,0.9415688748533854,0.9393734671394576,0.9451152580997171,0.9358692797337499,0.0730599105432215,-0.00802159035543526,-0.00282866742894039,-0.004601859052106083,-0.004475207109103652,-0.018525273487716515,204.9482269287109
2378,2021-06-16,0.9393734671394576,0.9245546100179883,0.9410622026602449,0.9229080703378248,0.1080953780664445,-0.0021954077139277883,-0.014818857121469242,-0.0040530554394722085,-0.012961209395925044,0.03503546752322299,201.71511840820312
2379,2021-06-17,0.9254411736190057,0.9131554197787172,0.9296630768421044,0.906569261058064,0.08589408969051354,-0.013932293520451888,-0.011399190239271162,-0.01139912581814051,-0.016338809279760835,-0.022201288375930953,199.22805786132807
2380,2021-06-18,0.9017985542223313,0.8971544349084707,0.9089335165556185,0.8948746355132949,0.19216916751366112,-0.023642619396674336,-0.016000984870246482,-0.02072956028648587,-0.011694625544769077,0.10627507782314757,195.73704528808597
2381,2021-06-21,0.9066115213198189,0.9119310961893161,0.9179683868762044,0.904922721377901,0.10172432721490521,0.004812967097487575,0.014776661280845427,0.00903487032058592,0.010048085864606038,-0.09044484029875591,198.96095275878903
2382,2021-06-22,0.9105800562357818,0.9097779487371429,0.9153086316520211,0.9072025851942074,0.07475626038084647,0.003968534915962829,-0.0021531474521732097,-0.002659755224183269,0.0022798638163064044,-0.026968066834058738,198.49118041992188
2383,2021-06-23,0.9105378603951578,0.9062737613314351,0.9134931797671008,0.9058515452406729,0.0791228561006619,-4.219584062392645e-05,-0.0035041874057077926,-0.0018154518849203827,-0.001351039953534472,0.00436659571981543,197.7266845703125
2384,2021-06-24,0.9110444681671678,0.9190661229437338,0.9205437504191398,0.9062315010696806,0.11914467137206017,0.0005066077720099482,0.012792361612298686,0.007050570652039068,0.0003799558290077387,0.04002181527139827,200.51763916015625
2385,2021-06-25,0.9198260346017488,0.9234991342122136,0.9295364248991019,0.917546235206573,0.18483130349788046,0.008781566434581056,0.004433011268479836,0.008992674479962104,0.011314734136892324,0.0656866321258203,201.4848175048828
2386,2021-06-28,0.9251034136306221,0.9152663713902666,0.9292831210130971,0.9131976800404719,0.0835886121450149,0.005277379028873264,-0.00823276282194707,-0.0002533038860048631,-0.004348555166101109,-0.10124269135286557,199.6886444091797
2387,2021-06-29,0.9162796513554172,0.911719988143935,0.9218947903726743,0.9094823845893831,0.10631049222476813,-0.008823762275204872,-0.003546383246331608,-0.007388330640422769,-0.0037152954510887293,0.02272188007975323,198.91490173339844
2388,2021-06-30,0.9099467965207693,0.9260744977551488,0.9282276452073224,0.9099467965207693,0.10150829936501977,-0.006332854834647961,0.014354509611213873,0.006332854834648072,0.0004644119313861328,-0.004802192859748353,202.0467071533203
2389,2021-07-01,0.9312674206816437,0.9314362684652702,0.9341382839512082,0.9273832774469285,0.05773255752184183,0.021320624160874435,0.0053617707101213385,0.005910638743885865,0.017436480926159237,-0.043775741843177944,203.2165069580078
2390,2021-07-02,0.9329984164641857,0.9343916522583439,0.9374736235732892,0.9275943854923097,0.054633797380042565,0.0017309957825419886,0.002955383793073696,0.0033353396220809906,0.00021110804538115868,-0.003098760141799266,203.8613128662109
2391,2021-07-06,0.9291986649107185,0.9227391581330676,0.9328295042594285,0.9116355320415565,0.06854811577676177,-0.0037997515534672344,-0.011652494125276247,-0.004644119313860773,-0.015958853450753208,0.013914318396719208,201.3190155029297
2392,2021-07-07,0.9205015545785159,0.931942940658411,0.9355315197453665,0.9204170984761375,0.05535979261326411,-0.008697110332202551,0.009203782525343374,0.0027020154859380696,0.008781566434581056,-0.013188323163497662,203.32708740234372
2393,2021-07-08,0.9227391581330676,0.9259478458121465,0.9318162887154084,0.9167018674461794,0.08516101157696788,0.0022376035545517148,-0.0059950948462644815,-0.003715231029958077,-0.003715231029958077,0.029801218963703774,202.01907348632807
2394,2021-07-09,0.933167264247812,0.9471417536088879,0.9482394896764169,0.931942940658411,0.07655885342333313,0.010428106114744429,0.02119390779674135,0.016423200961008466,0.01524107321223156,-0.008602158153634756,206.64306640625
2395,2021-07-12,0.9409778109789969,0.9500126812995827,0.9528835445691471,0.9378113835616728,0.07317677806856937,0.007810546731184864,0.0028709276906948578,0.004644054892730232,0.005868442903261828,-0.0033820753547637583,207.2694091796875
2396,2021-07-13,0.9535168687052903,0.9460440819624891,0.9535168687052903,0.9444819983847045,0.050192831416823964,0.012539057726293379,-0.003968599337093592,0.000633324136143143,0.006670614823031662,-0.022983946651745406,206.403564453125
2397,2021-07-14,0.9464240377914966,0.961622915163104,0.9658025581244484,0.9464240377914966,0.09320362218499775,-0.007092830913793646,0.015578833200614928,0.012285689419158086,0.001942039406792162,0.04301079076817379,209.8025054931641
2398,2021-07-15,0.9710377413126977,0.9829012790622239,0.9855188384457834,0.9669846858732254,0.19643660290893894,0.02461370352120107,0.021278363899119856,0.01971628032133499,0.02056064808172875,0.10323298072394119,214.4449157714844
2399,2021-07-16,0.9802837196786647,0.9724309771068559,0.987334290330704,0.9694333974731584,0.12723686214235883,0.009245978365966967,-0.010470301955368022,0.0018154518849206047,0.0024487115999329845,-0.06919974076658011,212.1605529785156
2400,2021-07-19,0.9527568926261447,0.9316051806700272,0.9567254919632385,0.9288609049223349,0.21627929213694042,-0.027526827052519964,-0.04082579643682871,-0.03060879836746544,-0.04057249255082351,0.08904242999458159,203.2533721923828
2401,2021-07-20,0.9357426277907475,0.9696023096779154,0.9763995764439495,0.9351515639163589,1.0,-0.017014264835397253,0.03799712900788821,0.01967408448071095,0.006290658994024034,0.7837207078630596,211.5434112548828
2402,2021-07-21,0.9676602058499926,0.9788482880438824,0.9797771119066547,0.9656759061814456,0.16130197506117838,0.03191757805924511,0.009245978365966967,0.00337753546270525,0.030524342265086712,-0.8386980249388216,213.5606384277344
2403,2021-07-22,0.9824791273925926,0.9826057793355952,0.9889808300108671,0.9715866093464623,0.13033208084399603,0.014818921542600005,0.0037574912917128778,0.009203718104212388,0.00591070316501674,-0.030969894217182353,214.3804473876953
2404,2021-07-23,0.966815838089599,0.9681668780431333,0.9757662523078063,0.9549100400783179,0.1384136472938085,-0.015663289302993544,-0.014438901292461948,-0.013214577703060781,-0.016676569268144426,0.008081566449812477,211.2302398681641
2405,2021-07-26,0.9646204303756709,0.9678713138953736,0.970024461347547,0.9508570490599764,0.09833516897981734,-0.0021954077139281214,-0.0002955641477596638,-0.005741790960259285,-0.004052991018341556,-0.04007847831399117,211.16574096679688
2406,2021-07-27,0.9654647981360647,0.9725576290498585,0.9806214796670482,0.9629738906955079,0.07674654975192212,0.0008443677603937605,0.004686315154484921,0.010597018319501106,0.012116841635531506,-0.02158861922789522,212.1881866455078
2407,2021-07-28,0.9713333054604574,0.9731064970836232,0.9806636755076722,0.9683779216673837,0.06069674293748296,0.005868507324392702,0.0005488680337646379,4.219584062403747e-05,0.005404030971875806,-0.016049806814439162,212.3079071044922
2408,2021-07-29,0.9832390390506076,0.9831968432099837,0.9847589267877684,0.9766950761705786,0.0531888897939236,0.011905733590150236,0.010090346126360505,0.004095251280096246,0.008317154503194923,-0.007507853143559361,214.50938415527344
2409,2021-07-30,0.9828168229598455,0.9870387261829442,0.9876720503190874,0.9798193077472787,0.07923264074568565,-0.0004222160907620953,0.0038418829729605086,0.0029131235313190063,0.003124231576700054,0.02604375095176205,215.3476104736328
2410,2021-08-02,0.9927383213025797,0.9812547393820608,1.0,0.9804103716216672,0.07172478760212628,0.009921498342734147,-0.005783986800883434,0.012327949680912553,0.0005910638743885643,-0.007507853143559368,214.085693359375
2411,2021-08-03,0.9844211667993849,0.9822257590854571,0.9872920944900798,0.9734864529126306,0.06314387808946387,-0.008317154503194812,0.0009710197033963031,-0.012707905509920181,-0.006923918709036636,-0.00858090951266241,214.29751586914065
2412,2021-08-04,0.9786371799985014,0.9693067455301559,0.983618994879615,0.9664358822605914,0.08230306936618846,-0.005783986800883434,-0.012919013555301118,-0.003673099610464803,-0.007050570652039179,0.019159191276724594,211.47889709472656
2413,2021-08-05,0.9690534416441509,0.9705311335406877,0.9775817041927268,0.9666047300442179,0.05196001005769006,-0.009583738354350557,0.0012243880105317073,-0.006037290686888186,0.00016884778362646902,-0.0303430593084984,211.74606323242188
2414,2021-08-06,0.9710377413126977,0.9696867013591633,0.9747952326044103,0.9668580339302231,0.04700907671113535,0.0019842996685468517,-0.0008444321815243017,-0.0027864715883165747,0.00025330388600519615,-0.004950933346554713,211.56179809570312
2415,2021-08-09,0.9658448183862027,0.9635649545698963,0.9681668780431333,0.960694091300332,0.048510647339847224,-0.0051929229264949806,-0.006121746789267024,-0.006628354561276972,-0.0061639426298910616,0.001501570628711875,210.2261962890625
2416,2021-08-10,0.964324930649042,0.978974939986885,0.9797771119066547,0.9631005426385103,0.08459792259120094,-0.001519887737160719,0.01540998541698868,0.011610233863521446,0.002406451338178295,0.03608727525135372,213.5882568359375
2417,2021-08-11,0.9820147154612064,0.9886852658631075,0.9907962174746567,0.9789326797251304,0.07431712180075149,0.017689784812164433,0.009710325876222448,0.011019105568002008,0.015832137086620124,-0.010280800790449449,215.7068328857422
2418,2021-08-12,0.9858988586959215,0.97922824387289,0.9868698783993177,0.9739930606846406,0.06789649078694342,0.0038841432347150873,-0.009457021990217473,-0.003926339075339014,-0.004939619040489784,-0.006420631013808076,214.49539184570312
2419,2021-08-13,0.9788482880438824,0.9784682677937444,0.9822680193472114,0.975892904250809,0.04974660995640487,-0.007050570652039179,-0.0007599760791455745,-0.004601859052106305,0.0018998435661683466,-0.018149880830538548,214.32891845703125
2420,2021-08-16,0.9788904838845066,0.9868276825586939,0.9870809864446988,0.9717554571300887,0.06355114370810033,4.219584062425952e-05,0.008359414764949502,0.004812967097487353,-0.004137447120720283,0.013804533751695464,216.1599884033203
2421,2021-08-17,0.9845056229017634,0.9771594881019646,0.9866587703539367,0.9640293665012826,0.09487872338165038,0.005615139017256743,-0.009668194456729284,-0.0004222160907620953,-0.007726090628806137,0.03132757967355004,214.042236328125
2422,2021-08-18,0.9708688935290712,0.964367126489666,0.9773284003067219,0.9636072148316511,0.09049442046102468,-0.013636729372692113,-0.012792361612298575,-0.00933037004721482,-0.00042215166963144313,-0.004384302920625693,211.24012756347656
2423,2021-08-19,0.9608207432433346,0.9614540029583469,0.9678291180547498,0.9543189762039294,0.06888455259215713,-0.01004815028573669,-0.0029131235313191173,-0.009499282251972052,-0.009288238627721768,-0.021609867868867552,210.60202026367188
2424,2021-08-20,0.963142802900265,0.9613273510153445,0.9656759061814456,0.9563032758724763,0.07369736977239164,0.002322059656930442,-0.00012665194300243154,-0.002153211873304195,0.0019842996685469627,0.004812817180234505,210.5742645263672
2425,2021-08-23,0.9594275074491763,0.9672802500209852,0.9778350080787319,0.9594275074491763,0.07590368699335272,-0.0037152954510887293,0.005952899005640666,0.012159101897286306,0.003124231576699943,0.002206317220961082,211.8781890869141
2426,2021-08-24,0.9661825783745863,0.972895389038242,0.9749218845474128,0.9639027145582798,0.04481338381066044,0.006755070925410056,0.005615139017256854,-0.0029131235313191173,0.004475207109103541,-0.031090303182692278,213.108154296875
2427,2021-08-25,0.9746685806614079,0.9738242129010141,0.9809169793936774,0.9659714703292054,0.0638946634038198,0.008486002286821615,0.0009288238627720435,0.0059950948462645925,0.002068755770925579,0.01908127959315936,213.3116607666016
2428,2021-08-26,0.9713755013010813,0.9747530367637863,0.9760195561938114,0.9686312255533887,0.04614850675175567,-0.003293079360326634,0.0009288238627722656,-0.004897423199865969,0.002659755224183269,-0.01774615665206413,213.51510620117188
2429,2021-08-27,0.9777083561357293,0.975850708410185,0.986067706479548,0.9738242129010141,0.05891539853596864,0.006332854834647961,0.0010976716463986236,0.010048150285736579,0.005192987347625411,0.012766891784212968,213.75555419921875
2430,2021-08-30,0.9761884683985685,0.9789326797251304,0.9827746271192216,0.9734019968102519,0.046686805656388226,-0.001519887737160719,0.0030819713149454753,-0.003293079360326412,-0.00042221609076220634,-0.012228592879580412,214.43063354492188
2431,2021-08-31,0.977075031999586,0.9791015919298874,0.9822257590854571,0.9734442570720067,0.06928119389030743,0.0008865636010174649,0.0001689122047570102,-0.0005488680337645269,4.226026175480069e-05,0.022594388233919203,214.4676513671875
2432,2021-09-01,0.9834923429366127,0.9701933735523041,0.9845056229017634,0.9680824219407548,0.0879799979459647,0.006417310937026688,-0.008908218377583377,0.0022798638163062934,-0.00536183513125188,0.01869880405565727,212.5163116455078
2433,2021-09-02,0.9749218845474128,0.9751329925927938,0.9771172922613407,0.9700667216093014,0.056468263383987735,-0.008570458389199898,0.004939619040489784,-0.007388330640422658,0.0019842996685466296,-0.031511734561976965,213.59832763671875
2434,2021-09-03,0.9752596445357964,0.9641138226036612,0.9752596445357964,0.961622915163104,0.05745632518920144,0.0003377599883835902,-0.01101916998913266,-0.0018576477255443091,-0.008443806446197355,0.0009880618052137066,211.1846466064453
2435,2021-09-07,0.9613273510153445,0.9411888546032472,0.9613273510153445,0.9405133990476107,0.11411936778210227,-0.013932293520451888,-0.022924968000413992,-0.013932293520451888,-0.021109516115493387,0.05666304259290083,206.1629943847656
2436,2021-09-08,0.9404289429452322,0.9473950574948928,0.9495060091064422,0.9365026038698931,0.08600741577569934,-0.02089840807011234,0.00620620289164564,-0.011821341908902272,-0.004010795177717519,-0.02811195200640293,207.52249145507807
2437,2021-09-09,0.9453263661450979,0.9411888546032472,0.9498437690948256,0.9386557513220665,0.06862956890048907,0.004897423199865747,-0.00620620289164564,0.0003377599883833682,0.0021531474521733207,-0.017377846875210268,206.1629943847656
2438,2021-09-10,0.9413577668080043,0.9388245991056928,0.9507303971169739,0.9381491435500564,0.08350361758112554,-0.003968599337093592,-0.0023642554975543684,0.0008866280221483391,-0.0005066077720100592,0.014874048680636465,205.6451416015625
2439,2021-09-13,0.9470573619276399,0.9440175864533182,0.9529258048309018,0.9381491435500564,0.09814747265122835,0.005699595119635581,0.005192987347625411,0.0021954077139278994,0.0,0.01464385507010281,206.78265380859372
2440,2021-09-14,0.9459174300194866,0.9296208810014804,0.9462129297461156,0.9275943854923097,0.09560826005503398,-0.0011399319081533132,-0.014396705451837799,-0.006712875084786241,-0.01055475805774675,-0.0025392125961943707,203.62908935546875
2441,2021-09-15,0.9314785287270249,0.9359537358361285,0.9411044629219992,0.9294097729560994,0.07159729575629226,-0.014438901292461725,0.006332854834648072,-0.0051084668241163644,0.0018153874637897305,-0.02401096429874172,205.01626586914065
2442,2021-09-16,0.9341805442129626,0.9273410171851741,0.9347716080873513,0.9225703103494413,0.08476437027881759,0.0027020154859377365,-0.008612718650954365,-0.006332854834647961,-0.006839462606658131,0.01316707452252533,203.12969970703125
2443,2021-09-17,0.9282276452073224,0.9224436584064389,0.9282276452073224,0.9182639510239641,0.15552588615686455,-0.005952899005640222,-0.004897358778735206,-0.006543962880028897,-0.004306359325477183,0.07076151587804697,202.05697631835935
2444,2021-09-20,0.9123110520183237,0.9107911642811627,0.9196993826587464,0.9042894616628884,0.14195862889602687,-0.01591659318899863,-0.011652494125276247,-0.008528262548575971,-0.013974489361075704,-0.013567257260837684,199.5045623779297
2445,2021-09-21,0.9152663713902666,0.9072869768754553,0.9158996955264097,0.9049649816396554,0.09096897344274023,0.0029553193719428217,-0.0035041874057073485,-0.003799687132336693,0.0006755199767670694,-0.05098965545328664,198.7369537353516
2446,2021-09-22,0.9137887439148604,0.9162374555147932,0.9221902900993031,0.9132821361428504,0.0807837915366663,-0.0014776274754061403,0.008950478639337844,0.006290594572893382,0.008317154503194923,-0.010185181906073926,200.697509765625
2447,2021-09-23,0.9174195832635705,0.9275521252305551,0.9346026958825941,0.9174195832635705,0.07720339553282737,0.003630839348710113,0.011314669715761894,0.012412405783291058,0.004137447120720172,-0.0035803960038389288,203.17596435546875
2448,2021-09-24,0.9277210374353123,0.9253989777783818,0.9322384403850397,0.9223592023040603,0.06902621019863937,0.010301454171741775,-0.0021531474521733207,-0.0023642554975544794,0.004939619040489784,-0.008177185334188,202.7042999267578
2449,2021-09-27,0.9243435019726072,0.9199526865447514,0.9281009932643197,0.91923497072736,0.07788689348410424,-0.003377535462705139,-0.005446291233630385,-0.00413744712071995,-0.003124231576700276,0.008860683285464868,201.5113525390625
2450,2021-09-28,0.9145486555728755,0.9075825410232149,0.9218525945320502,0.9054715894116655,0.09399336334113631,-0.009794846399731716,-0.01237014552153648,-0.006248398732269567,-0.013763381315694545,0.01610646985703207,198.8017120361328
2451,2021-09-29,0.911213380371925,0.9073714329778338,0.9136620919718578,0.9058093494000491,0.0746889730177674,-0.0033352752009504494,-0.00021110804538104766,-0.008190502560192381,0.0003377599883835902,-0.019304390323368906,198.7554931640625
2452,2021-09-30,0.9126488120067071,0.8962256110456985,0.9129865719950907,0.8954656993876834,0.10392002011538012,0.0014354316347821028,-0.011145821932135314,-0.0006755199767670694,-0.010343650012365702,0.02923104709761272,196.3140411376953
2453,2021-10-01,0.8991809304176414,0.9104534042927793,0.9137042878124818,0.8935235955597606,0.08062088528921171,-0.013467881589065755,0.014227793247080789,0.0007177158173911069,-0.0019421038279228142,-0.02329913482616841,199.4305725097656
2454,2021-10-04,0.908764668771992,0.904373917765267,0.9145486555728755,0.9000675584397897,0.09321778794564597,0.009583738354350668,-0.006079486527512334,0.0008443677603936495,0.006543962880029119,0.012596902656434261,198.098876953125
2455,2021-10-05,0.9018407500629556,0.9107489684405389,0.9163641074577958,0.9018407500629556,0.05525000796824037,-0.006923918709036414,0.006375050675271887,0.0018154518849203827,0.001773191623165915,-0.03796777997740561,199.49533081054688
2456,2021-10-06,0.9025162700397225,0.9155619355380263,0.916110803571791,0.89977199429203,0.06147585977313534,0.0006755199767668474,0.004812967097487464,-0.0002533038860048631,-0.002068755770925579,0.006225851804894975,200.54953002929688
2457,2021-10-07,0.9203749026355135,0.9219369862132981,0.9282276452073224,0.9191505790461123,0.06560872044225505,0.017858632595791013,0.006375050675271776,0.012116841635531395,0.019378584754082273,0.004132860669119706,201.94598388671875
2458,2021-10-08,0.9232457659050778,0.9191083187843577,0.9269188655155426,0.9150553277660163,0.047625287299333144,0.0028708632695643166,-0.00282866742894039,-0.0013087796917797823,-0.004095251280096024,-0.017983433142921904,201.3263702392578
2459,2021-10-11,0.9177573432519541,0.9089335165556185,0.9213037264982856,0.9088068646126161,0.047993597076187,-0.005488422653123659,-0.010174802228739233,-0.005615139017256965,-0.006248463153400219,0.00036830977685385624,199.09765625
2460,2021-10-12,0.9106645123381604,0.9048805255372769,0.9129443761544669,0.9031917255953591,0.049002907522373046,-0.007092830913793757,-0.004052991018341556,-0.008359350343818739,-0.005615139017256965,0.0010093104461860458,198.2098693847656
2461,2021-10-13,0.9089335165556185,0.9101579045661503,0.9148019594588804,0.899012082634015,0.05667012547322494,-0.0017309957825418776,0.005277379028873375,0.001857583304413546,-0.004179642961344099,0.007667217950851894,199.3657989501953
2462,2021-10-14,0.9168285193891818,0.9228658100760704,0.92366798199584,0.9141686997438679,0.05048322951011258,0.007895002833563258,0.01270790550992007,0.008866022536959561,0.015156617109852943,-0.0061868959631123585,202.14947509765625
2463,2021-10-15,0.9300852929328666,0.9318584845560324,0.9349404558709777,0.9256944775050109,0.07722464417379972,0.013256773543684819,0.008992674479961993,0.011272473875137745,0.011525777761142941,0.026741414663687138,204.1192169189453
2464,2021-10-18,0.9228236142354463,0.9314785287270249,0.9350249119733564,0.9196993826587464,0.06669594257200633,-0.007261678697420226,-0.0003799558290075167,8.445610237861612e-05,-0.0059950948462644815,-0.010528701601793394,204.03602600097656
2465,2021-10-19,0.9345605000419703,0.936333691665136,0.9365869955511411,0.9265389096865351,0.0566488768322526,0.011736885806523989,0.004855162938111168,0.0015620835777847564,0.006839527027788672,-0.010047065739753724,205.0995330810547
2466,2021-10-20,0.9382335352313041,0.9441864342369448,0.9443975422823259,0.9323228964874184,0.058678122045110866,0.0036730351893338176,0.00785274257180879,0.007810546731184753,0.005783986800883323,0.0020292452128582647,206.81961059570312
2467,2021-10-21,0.9441019781345662,0.9479017296880333,0.9493371613228158,0.9340538922699604,0.09381983277319554,0.00586844290326205,0.0037152954510885072,0.004939619040489895,0.0017309957825419886,0.035141710728084675,207.6334381103516
2468,2021-10-22,0.9413577668080043,0.9178417349332021,0.9452841058833436,0.9171662793775657,0.12390082550970177,-0.002744211326561885,-0.030059994754831232,-0.0040530554394722085,-0.01688761289239471,0.030080992736506232,201.0489196777344
2469,2021-10-25,0.915350827492645,0.9184327988075905,0.9245968058586121,0.9104534042927793,0.095987194152374,-0.026006939315359356,0.0005910638743884533,-0.020687300024731403,-0.006712875084786352,-0.027913631357327773,201.17840576171875
2470,2021-10-26,0.921219270395907,0.9217259425890477,0.9308030087502577,0.9151819797090185,0.08654925612049397,0.00586844290326205,0.003293143781457175,0.006206202891645529,0.004728575416239167,-0.009437938031880033,201.89976501464844
2471,2021-10-27,0.9207971187262755,0.9107489684405389,0.9210504226122805,0.9086380168289896,0.05833106090922935,-0.00042215166963155415,-0.010976974148508845,-0.009752586137977137,-0.006543962880028897,-0.02821819521126462,199.49533081054688
2472,2021-10-28,0.905091633582658,0.9224013981446841,0.92366798199584,0.905091633582658,0.06898371291669471,-0.01570548514361747,0.011652429704145262,0.0026175593835594535,-0.003546383246331608,0.01065265200746536,202.04771423339844
2473,2021-10-29,0.9203749026355135,0.9229924620190728,0.9300852929328666,0.9164063032984197,0.09261928455825846,0.015283269052855486,0.0005910638743886754,0.006417310937026577,0.011314669715761672,0.023635571641563755,202.17718505859372
2474,2021-11-01,0.9233302220074564,0.9278054291165602,0.9290298171270919,0.9206704667832731,0.06012657107139189,0.0029553193719429327,0.004812967097487353,-0.0010554758057746971,0.004264163484853478,-0.032492713486866574,203.2314300537109
2475,2021-11-02,0.9310985084768866,0.9338427842245791,0.9371358635849056,0.9256522816643868,0.08136104628308148,0.0077682864694301745,0.006037355108018949,0.008106046457813765,0.004981814881113711,0.021234475211689592,204.5539093017578
2476,2021-11-03,0.9326606564758019,0.9406400509906133,0.9416955267963879,0.927045517458545,0.0728580484539843,0.0015621479989152975,0.0067972667660342045,0.004559663211482268,0.0013932357941581763,-0.008502997829097178,206.0428009033203
2477,2021-11-04,0.9400911829568486,0.9393312712988338,0.9492527052204371,0.9376002755162918,0.0821614117597062,0.007430526481046695,-0.0013087796917795602,0.007557178424049238,0.01055475805774675,0.009303363305721901,205.75613403320312
2478,2021-11-05,0.9467196019392564,0.9544034323063079,0.9609473951863372,0.9449464103160905,0.08248722425461538,0.0066284189824078465,0.015072161007474105,0.011694689965900062,0.007346134799798731,0.00032581249490917785,209.0576171875
2479,2021-11-08,0.9617917629467305,0.9530101965121496,0.9636072148316511,0.9473106658136449,0.0607498645399138,0.015072161007474105,-0.0013932357941582874,0.002659819645313921,0.0023642554975543684,-0.02173735971470158,208.75244140625
2480,2021-11-09,0.9528835445691471,0.9615384590607257,0.963691606512899,0.951405917093741,0.0838967174391138,-0.008908218377583377,0.008528262548576082,8.43916812478529e-05,0.004095251280096135,0.023146852899199995,210.62049865722656
2481,2021-11-10,0.9595119635515548,0.951659220979746,0.9622139790374926,0.9506881368552192,0.04691699926692189,0.0066284189824076245,-0.00987923808097968,-0.0014776274754063623,-0.0007177802385217591,-0.03697971817219191,209.3573455810547
2482,2021-11-11,0.9520391768087536,0.9330828081454335,0.9520391768087536,0.9313518767840222,0.05651430210609446,-0.007472786742801163,-0.01857641283431244,-0.01017480222873901,-0.019336260071197042,0.009597302839172574,205.2706756591797
2483,2021-11-12,0.9370092116419032,0.9389090552080714,0.9395423149230839,0.9267077574701614,0.07736630178028198,-0.0150299651668504,0.0058262470626379015,-0.012496861885669674,-0.004644119313860773,0.020851999674187514,206.5524444580078
2484,2021-11-15,0.9399223351732222,0.939246815196455,0.945875169757732,0.9357426277907475,0.04277705571747807,0.0029131235313190063,0.0003377599883835902,0.006332854834648072,0.00903487032058603,-0.034589246062803905,206.62673950195312
2485,2021-11-16,0.9398800749114675,0.9346026958825941,0.9426665464997841,0.9332939161908144,0.05838064107149814,-4.2260261754689665e-05,-0.004644119313860884,-0.003208623257947907,-0.0024487115999330955,0.015603585354020066,205.6050567626953
2486,2021-11-17,0.9329984164641857,0.9308874648526364,0.9342649358942106,0.9271299735609235,0.06716695411355982,-0.006881658447281835,-0.003715231029957744,-0.00840161060557354,-0.0061639426298908395,0.008786313042061678,204.7877349853516
2487,2021-11-18,0.9267077574701614,0.9317740284536538,0.9328295042594285,0.9246812619609905,0.059790134255996545,-0.006290658994024256,0.0008865636010173539,-0.0014354316347821028,-0.0024487115999329845,-0.00737681985756327,204.98277282714844
2488,2021-11-19,0.9330828081454335,0.9224436584064389,0.933884980065203,0.9168707152298059,0.07423212723686214,0.006375050675272109,-0.00933037004721482,0.001055475805774586,-0.007810546731184642,0.01444199298086559,202.93014526367188
2489,2021-11-22,0.9217681384296716,0.920965966509902,0.9332517203501906,0.9205015545785159,0.0868219470129723,-0.011314669715761894,-0.0014776918965369035,-0.0006332597150124908,0.003630839348710002,0.012589819776110164,202.60508728027344
2490,2021-11-23,0.9176728871495756,0.9119310961893161,0.9223170064634364,0.90834245268123,0.1424154746769321,-0.004095251280096024,-0.00903487032058592,-0.010934713886754155,-0.012159101897285862,0.05559352766395981,200.61752319335935
2491,2021-11-24,0.908300256840606,0.8959301113190695,0.9115511403603085,0.8943679633201543,0.11566343569275882,-0.00937263030896962,-0.016000984870246593,-0.010765866103127908,-0.013974489361075704,-0.02675203898417329,197.097412109375
2492,2021-11-26,0.8652790526898495,0.8790424984266748,0.8823777736276253,0.8552309668252435,0.13662167857180801,-0.0430212041507565,-0.01688761289239471,-0.029173366732683226,-0.03913699649491087,0.020958242879049196,193.38229370117188
2493,2021-11-29,0.8874863048728722,0.8767204387697443,0.8874863048728722,0.8739339671814279,0.09201015685038477,0.022207252183022663,-0.002322059656930553,0.005108531245246906,0.01870300035618444,-0.04461152172142324,192.87144470214844
2494,2021-11-30,0.8706830836617252,0.8538377310310853,0.8716963636268761,0.849066959774222,0.2011644255252841,-0.016803221211146968,-0.02288270773865897,-0.015789941245996086,-0.024867007407205932,0.10915426867489933,187.83740234375
2495,2021-12-01,0.8682343720617925,0.8419319330198042,0.8692054561863192,0.8409186530546534,0.11060271770118037,-0.0024487115999326514,-0.01190579801128111,-0.002490907440556911,-0.008148306719568565,-0.09056170782410373,185.2182464599609
2496,2021-12-02,0.8484337000592094,0.8612682575121319,0.8673900043013988,0.8422696930081878,0.21265994029131888,-0.019800672002583175,0.019336324492327694,-0.0018154518849203827,0.001351039953534361,0.10205722259013851,189.4720764160156
2497,2021-12-03,0.8613104533527559,0.8591573059005825,0.8632947530213025,0.8486025478428358,0.1255759267063544,0.012876753293546539,-0.0021109516115493943,-0.004095251280096246,0.006332854834648072,-0.08708401358496448,189.00765991210935
2498,2021-12-06,0.8664611804386265,0.8707675397641039,0.8785358262335342,0.8649412927014659,0.154987587252232,0.00515072708587061,0.011610233863521446,0.01524107321223167,0.016338744858630072,0.0294116605458776,191.56187438964844
2499,2021-12-07,0.8753272029755862,0.8745672268964405,0.8849109413299366,0.8686987839931786,0.169518116237149,0.008866022536959672,0.003799687132336582,0.006375115096402428,0.0037574912917126557,0.014530528984916996,192.3977508544922
2500,2021-12-08,0.8648146407584635,0.8640124688386939,0.8668833965293888,0.8550198587798623,0.17697993065860163,-0.010512562217122712,-0.010554758057746638,-0.0180275448005478,-0.013678925213316262,0.007461814421452634,190.0758056640625
2501,2021-12-09,0.8637169691120647,0.8697120639583292,0.874609487158195,0.856835246243652,0.17678869288985058,-0.0010976716463987346,0.005699595119635359,0.007726090628806137,0.0018153874637897305,-0.0001912377687510458,191.32965087890625
2502,2021-12-10,0.8732584472046608,0.8857975049309542,0.8867685246343504,0.8689521523003142,0.120770192406444,0.00954147809259609,0.016085440972624987,0.012159037476155432,0.012116906056662158,-0.05601850048340658,194.8683013916016
2503,2021-12-13,0.8857553090903304,0.8833487933310212,0.8897661042680479,0.880689038106838,0.10242907380715442,0.012496861885669563,-0.0024487115999329845,0.0029975796336975113,0.011736885806523767,-0.01834111859928958,194.32962036132807
2504,2021-12-14,0.8816600578102342,0.8725829272278935,0.8931013794689984,0.8693321081293216,0.13424183078290616,-0.004095251280096246,-0.010765866103127686,0.0033352752009504494,-0.011356929977516361,0.03181275697575174,191.9611968994141
2505,2021-12-15,0.8762560268383583,0.8855863968855733,0.8882884123715112,0.8665034407003814,0.10454331358390202,-0.005404030971875806,0.013003469657679734,-0.004812967097487131,-0.002828667428940168,-0.02969851719900414,194.8218688964844
2506,2021-12-16,0.8918770558795973,0.8849531371705608,0.8920037078225999,0.883644357478781,0.10600238693066923,0.015621029041238965,-0.0006332597150124908,0.0037152954510886183,0.017140916778399573,0.0014590733467672035,194.68255615234372
2507,2021-12-17,0.8843198774555482,0.8662078765526217,0.8870640887821102,0.8642658371458294,0.19758048808128315,-0.007557178424049127,-0.01874526061793913,-0.004939619040489673,-0.01937852033295162,0.09157810115061392,190.55877685546875
2508,2021-12-20,0.8533310588379445,0.8437473849047245,0.8555686623924964,0.8363590542643018,0.11996274404949517,-0.03098881861760372,-0.022460491647897207,-0.03149542638961378,-0.027906782881527592,-0.07761774403178798,185.6176300048828
2509,2021-12-21,0.8492358075578484,0.8514312152717762,0.856117530426261,0.8456894243115166,0.09307613033916372,-0.004095251280096024,0.0076838303670517805,0.0005488680337646379,0.00933037004721482,-0.02688661371033145,187.3080139160156
2510,2021-12-22,0.849531371705608,0.8521489310891674,0.8528244510659345,0.8447184046081206,0.11017774488173361,0.00029556414775955275,0.0007177158173912179,-0.003293079360326523,-0.00097101970339597,0.017101614542569893,187.4658966064453
2511,2021-12-23,0.8578907220494267,0.8664189845980027,0.8710208436501088,0.8570463542890332,0.08414815969061978,0.008359350343818739,0.014270053508835256,0.01819639258417427,0.012327949680912553,-0.026029585191113827,190.60520935058597
2512,2021-12-27,0.8684032842665496,0.8715274514221188,0.8724140794442672,0.8651102049062229,0.08805436818936789,0.010512562217122823,0.005108466824116142,0.0013932357941583984,0.008063850617189727,0.0039062084987481066,191.72900390625
2513,2021-12-28,0.8716963636268761,0.874145075226809,0.8786202823359128,0.8706408878211014,0.06980886847445382,0.003293079360326523,0.0026176238046901057,0.00620620289164564,0.00553068291487846,-0.01824549971491407,192.30487060546875
2514,2021-12-29,0.877775914575519,0.8761715707359797,0.878324718188153,0.8716541677862522,0.060717991578455296,0.006079550948642876,0.002026495509170778,-0.0002955641477597748,0.0010132799651507707,-0.009090876895998523,192.75071716308597
2515,2021-12-30,0.8785780864952887,0.8743983791128142,0.8819555575368633,0.8735540113524203,0.04508607470313878,0.000802171919769723,-0.001773191623165582,0.003630839348710224,0.0018998435661681246,-0.015631916875316516,192.360595703125
2516,2021-12-31,0.8733429033070395,0.8803090178567,0.883179945547395,0.8713164077978686,0.054414228089995076,-0.005235183188249226,0.005910638743885865,0.0012243880105317073,-0.0022376035545517148,0.009328153386856296,193.6609039306641
2517,2022-01-03,0.8775648065301381,0.8730895994210343,0.8838554655241619,0.8678544162327848,0.0913195760187838,0.0042219032230986775,-0.007219418435665759,0.0006755199767669584,-0.003461991565083755,0.03690534792878872,192.07269287109372
2518,2022-01-04,0.8727096435920269,0.8823777736276253,0.8846998332845557,0.8682343720617925,0.11532345743720142,-0.004855162938111279,0.009288174206591004,0.0008443677603937605,0.0003799558290077387,0.024003881418417625,194.1160125732422
2519,2022-01-05,0.884657573022801,0.8910748839598275,0.9101579045661503,0.8828843813996353,0.1447917810256719,0.011947929430774162,0.008697110332202218,0.025458071281594608,0.014650009337842773,0.02946832358847047,196.029296875
2520,2022-01-06,0.8941991155365278,0.8900616684158076,0.9049649816396554,0.8892172362342833,0.1158192590598893,0.009541542513726742,-0.0010132155440198964,-0.0051929229264948695,0.006332854834647961,-0.028972521965782594,195.8064117431641
2521,2022-01-07,0.895676743011934,0.9108756203835414,0.9174617791041944,0.8932280958331317,0.10825120143357497,0.0014776274754062513,0.020813951967733835,0.012496797464538911,0.004010859598848393,-0.007568057626314323,200.3852996826172
2522,2022-01-10,0.9105378603951578,0.9012074903479429,0.913873200017239,0.8944524194225328,0.12231071887693849,0.01486111738322382,-0.009668130035598521,-0.0035885790869553125,0.0012243235894011661,0.01405951744336352,198.2583923339844
2523,2022-01-11,0.9052604813662845,0.9132398758810957,0.916110803571791,0.8930169877877504,0.12499513051977718,-0.005277379028873375,0.012032385533152778,0.002237603554551937,-0.0014354316347824359,0.0026844116428386827,200.9054107666016
2524,2022-01-12,0.9182217551833403,0.9214303784412882,0.9253989777783818,0.9176306913089515,0.10995463415152405,0.012961273817055807,0.008190502560192492,0.009288174206590782,0.02461370352120107,-0.015040496368253123,202.70726013183597
2525,2022-01-13,0.9220636381563008,0.9264121933224018,0.936798103596522,0.9206704667832731,0.10916489299538551,0.0038418829729605086,0.0049818148811136,0.011399125818140288,0.00303977547432166,-0.0007897411561385431,203.80323791503903
2526,2022-01-14,0.9187283629553503,0.9188972107389767,0.9202482506925109,0.9092290807033783,0.11839388605770422,-0.0033352752009504494,-0.007514982583425089,-0.01654985290401112,-0.011441386079894866,0.00922899306231871,202.14996337890625
2527,2022-01-18,0.9072025851942074,0.901756293960577,0.911677792303311,0.8952967871829263,0.10819099695082002,-0.011525777761142941,-0.017140916778399684,-0.008570458389199898,-0.013932293520452,-0.010202889106884203,198.37911987304688
2528,2022-01-19,0.9052182855256604,0.8896816481656693,0.9067381732628211,0.8891328445530353,0.09260157735744819,-0.0019842996685469627,-0.01207464579490769,-0.004939619040489895,-0.0061639426298909505,-0.015589419593371831,195.72280883789065
2529,2022-01-20,0.893692443343387,0.8820400136392417,0.905387133309287,0.881237841719472,0.09096897344274023,-0.011525842182273371,-0.007641634526427632,-0.0013510399535341389,-0.00789500283356337,-0.0016326039147079585,194.0417022705078
2530,2022-01-21,0.883475445274024,0.8659123768259925,0.8849109413299366,0.8653213129516041,0.15726827471659624,-0.010216998069363048,-0.016127636813249135,-0.020476191979350356,-0.015916528767867866,0.06629930127385601,190.4937286376953
2531,2022-01-24,0.8621126252725254,0.8631681010783001,0.8645613368724584,0.8400742852942598,0.19258705745278376,-0.021362820001498584,-0.002744275747692426,-0.020349604457478243,-0.025247027657344323,0.03531878273618752,189.89002990722656
2532,2022-01-25,0.8473782242534347,0.8540910349170903,0.8603816294899836,0.8355568823445321,0.18549355280818497,-0.014734401019090737,-0.009077066161209846,-0.004179707382474751,-0.004517402949727689,-0.0070935046445987915,187.89312744140625
2533,2022-01-26,0.8576796140040458,0.847124855946299,0.8692476520269431,0.8389766136478612,0.11996982692981928,0.010301389750611123,-0.006966178970791215,0.00886602253695945,0.0034197313033291765,-0.06552372587836569,186.3606719970703
2534,2022-01-27,0.8573419184367929,0.847124855946299,0.8647724449178394,0.8412564130430371,0.0973896044565483,-0.00033769556725293803,0.0,-0.004475207109103652,0.0022797993951758633,-0.022580222473270975,186.3606719970703
2535,2022-01-28,0.8459849884592764,0.8527822552253107,0.8530355591113156,0.8277041397727234,0.12013627461743592,-0.011356929977516472,0.0056573992790116545,-0.011736885806523878,-0.01355227327031372,0.02274667016088762,187.6052398681641
2536,2022-01-31,0.8467449001172913,0.8632947530213025,0.8654057046328518,0.8414675210884179,0.11678961366429272,0.0007599116580149223,0.010512497795991838,0.012370145521536258,0.013763381315694545,-0.0033466609531432046,189.91790771484372
2537,2022-02-01,0.8609726933643722,0.8669255923700129,0.8689521523003142,0.8507556952950092,0.10813079246806506,0.0142277932470809,0.003630839348710335,0.0035464476674623713,0.009288174206591227,-0.008658821196227656,190.71664428710935
2538,2022-02-02,0.8672633523583962,0.8762560268383583,0.8774803504277595,0.8639702729980697,0.10043170155575466,0.006290658994024034,0.009330434468345472,0.008528198127445319,0.01321457770306056,-0.0076990909123103995,192.769287109375
2539,2022-02-03,0.8450561645965041,0.8095077471885491,0.8486025478428358,0.8088322272117818,0.30739346462632494,-0.022207187761892122,-0.06674827964980923,-0.028877802584923673,-0.05513804578628789,0.2069617630705703,178.08517456054688
2540,2022-02-04,0.810056550801183,0.8084944672233982,0.8139406940358981,0.7938444578855554,0.1940673794405233,-0.03499961379532113,-0.0010132799651508817,-0.03466185380693776,-0.014987769326226474,-0.11332608518580164,177.86228942871094
2541,2022-02-07,0.8112386785499602,0.8126319143441183,0.821540132721702,0.8055813436920791,0.1224559179235828,0.0011821277487772397,0.004137447120720061,0.0075994386858039276,0.011736885806523767,-0.07161146151694049,178.77244567871094
2542,2022-02-08,0.8126319143441183,0.8214134807786992,0.8235244323902485,0.80659462365723,0.0968867199535363,0.0013932357941580653,0.008781566434580945,0.0019842996685465186,0.0010132799651508817,-0.025569197970046503,180.7043609619141
2543,2022-02-09,0.8279996394993524,0.8301105911109017,0.8317993910528195,0.821962348812464,0.11369793640281757,0.015367725155234102,0.00869711033220244,0.008274958662570997,0.015367725155233991,0.01681121644928127,182.6176300048828
2544,2022-02-10,0.8195136372125312,0.8095499430291729,0.8315882830074386,0.8064679717142273,0.12960254417061243,-0.00848600228682117,-0.02056064808172875,-0.00021110804538093664,-0.015494377098236645,0.015904607767794857,178.09445190429688
2545,2022-02-11,0.8098032469151778,0.7894537068788304,0.8143629101266602,0.7875960591532859,0.18852856702706722,-0.009710390297353433,-0.020096236150342506,-0.01722537288077841,-0.01887191256094145,0.05892602285645479,173.6734619140625
2546,2022-02-14,0.7911002465589935,0.7881871230276745,0.7954909975657186,0.7791099924453339,0.11179618303579333,-0.01870300035618433,-0.0012665838511559668,-0.01887191256094156,-0.008486066707952045,-0.07673238399127388,173.3948211669922
2547,2022-02-15,0.7944777176005678,0.8001773127202034,0.8018660482409906,0.7875116030509074,0.1001696349837625,0.003377471041574376,0.011990189692528963,0.006375050675271998,0.00840161060557354,-0.011626548052030838,176.0325469970703
2548,2022-02-16,0.8002195085608274,0.7981930130516565,0.8013172446283566,0.7886515349590606,0.10927467764040925,0.005741790960259507,-0.0019842996685469627,-0.0005488036126339857,0.0011399319081532022,0.009105042656646758,175.59603881835938
2549,2022-02-17,0.7915223982286248,0.7793211004907151,0.7932111981705429,0.7780967769013138,0.10893115794468979,-0.008697110332202551,-0.01887191256094134,-0.008106046457813765,-0.01055475805774675,-0.0003435196957194686,171.4443817138672
2550,2022-02-18,0.7765346289023984,0.7689352546377254,0.7813054001592618,0.7658110230610253,0.17843192112504472,-0.014987769326226363,-0.010385845852989739,-0.01190579801128111,-0.012285753840288516,0.06950076318035493,169.15956115722656
2551,2022-02-22,0.7731148975990695,0.770750642101515,0.782234224022034,0.7639111794948571,0.14194092169521658,-0.0034197313033289545,0.0018153874637896195,0.0009288238627722656,-0.0018998435661682356,-0.03649099942982814,169.5589141845703
2552,2022-02-23,0.7750148055863685,0.7555518291510382,0.7763235852781482,0.7548763091742711,0.12686855236550496,0.0018999079872989988,-0.015198812950476759,-0.005910638743885865,-0.00903487032058603,-0.015072369329711621,166.21531677246094
2553,2022-02-24,0.7386219559968888,0.7698218182387431,0.7712995101352798,0.736384352442337,0.20893434524083565,-0.03639284958947964,0.014269989087704826,-0.0050240751428684005,-0.018491956731934045,0.0820657928753307,170.287109375
2554,2022-02-25,0.7688086026947228,0.7960820614401071,0.8001351168795794,0.7686819507517204,0.17710742250443565,0.030186646697833996,0.026260243201363997,0.028835606744299636,0.03229759830938339,-0.031826922736400004,176.09596252441406
2555,2022-02-28,0.7854851075417366,0.8011061365829756,0.8019083085027452,0.7854851075417366,0.14559214650229663,0.016676504847013773,0.0050240751428685115,0.001773191623165804,0.016803156790016205,-0.03151527600213902,177.20730590820312
2556,2022-03-01,0.7880182108229175,0.7751414575293708,0.8015283526737376,0.7723127256792998,0.19346887605313576,0.0025331032811808374,-0.025964679053604778,-0.0003799558290076277,-0.013172381862436855,0.04787672955083913,171.4638214111328
2557,2022-03-02,0.7824875279080391,0.7871316472218999,0.7947732817483275,0.7775057130269252,0.1891376947349409,-0.005530682914878349,0.011990189692529074,-0.006755070925410056,0.005192987347625411,-0.004331181318194849,174.1160888671875
2558,2022-03-03,0.7999240088341985,0.791691310433382,0.809972159119935,0.7900025104914642,0.17788299789992598,0.017436480926159348,0.004559663211482157,0.015198877371607522,0.012496797464539022,-0.011254696835014927,175.12469482421875
2559,2022-03-04,0.7837963075998188,0.7913112901832439,0.7923245701483946,0.7790256007640859,0.17926770100329,-0.016127701234379677,-0.00038002025013816887,-0.017647588971540396,-0.010976909727378303,0.0013847031033640267,175.04066467285156
2560,2022-03-07,0.7896647505030806,0.7690619065807278,0.79076248657061,0.7684708427063393,0.1251474124467456,0.005868442903261828,-0.02224938360251605,-0.0015620835777846453,-0.010554758057746638,-0.05412028855654441,170.1190185546875
2561,2022-03-08,0.7691885585237305,0.7736215697922103,0.7895803588218326,0.7688929943759708,0.1620208874140758,-0.020476191979350133,0.00455966321148249,-0.0011821277487773507,0.00042215166963155415,0.036873474967330205,171.1276092529297
2562,2022-03-09,0.7867938872335164,0.7827408317940441,0.7904669224228502,0.7805876843418708,0.10268051605866041,0.017605328709785928,0.009119262001833772,0.0008865636010175759,0.011694689965899951,-0.059340371355415394,173.14480590820312
2563,2022-03-10,0.7706661859991365,0.778350080787319,0.781516508204643,0.7693152104667329,0.08695652173913043,-0.0161277012343799,-0.0043907510067250355,-0.008950414218207192,-0.011272473875137856,-0.015723994319529977,172.173583984375
2564,2022-03-11,0.7868783433358948,0.7693996665691116,0.7892003385716946,0.7685130385469633,0.0965219516168445,0.016212157336758293,-0.008950414218207414,0.007683830367051558,-0.000802171919769612,0.009565429877714068,170.19374084472656
2565,2022-03-14,0.7745925894956063,0.7734526575874531,0.781938724295405,0.7714261620782823,0.10631757510509224,-0.012285753840288516,0.004052991018341445,-0.007261614276289574,0.0029131235313190063,0.009795623488247737,171.09027099609375
2566,2022-03-15,0.7816009643070215,0.7928311779204046,0.7944355217599439,0.7801654682511086,0.13892361467714462,0.007008374811415252,0.01937852033295151,0.012496797464538911,0.008739306172826256,0.03260603957205238,175.37686157226562
2567,2022-03-16,0.800472876867963,0.8065101675548514,0.8074389914176237,0.7874694072102834,0.14635709757730078,0.01887191256094145,0.013678989634446803,0.013003469657679734,0.007303938959174805,0.007433482900156163,178.40272521972656
2568,2022-03-17,0.8006839204922135,0.810309854687188,0.8131807823778832,0.7987840769260451,0.11167931551044548,0.0002110436242505065,0.003799687132336582,0.005741790960259507,0.011314669715761783,-0.0346777820668553,179.24317932128906
2569,2022-03-18,0.8096343991315514,0.8220890007554665,0.8229333685158601,0.8013172446283566,0.30982643401765764,0.008950478639337955,0.011779146068278568,0.009752586137976915,0.0025331677023114896,0.19814711850721217,181.8487548828125
2570,2022-03-21,0.8172338378173553,0.8149117781604248,0.8207802210636868,0.8085789233257767,0.12397165431294291,0.0075994386858038165,-0.007177222595041721,-0.0021531474521733207,0.007261678697420115,-0.18585477970471473,180.26116943359372
2571,2022-03-22,0.8154183859324349,0.8233977804472462,0.8271552717389588,0.8154183859324349,0.08391442463992407,-0.0018154518849203827,0.008486002286821392,0.006375050675271998,0.006839462606658131,-0.040057229673018835,182.1382751464844
2572,2022-03-23,0.8209068730066893,0.81204085046973,0.8231022807206172,0.8106476146755717,0.0643160947831045,0.005488487074254422,-0.01135692997751625,-0.004052991018341556,-0.004770771256863204,-0.01959832985681957,179.62611389160156
2573,2022-03-24,0.8155872337160613,0.821962348812464,0.8220890007554665,0.8108165268803287,0.0778337718816734,-0.005319639290627953,0.009921498342734036,-0.0010132799651506597,0.0001689122047570102,0.013517677098568895,181.8207550048828
2574,2022-03-25,0.8247488204007803,0.8350502101513915,0.8374567259107006,0.824622168457778,0.09006236476125382,0.009161586684719003,0.013087861338927476,0.015367725155234102,0.013805641577449346,0.012228592879580419,184.71585083007807
2575,2022-03-28,0.8320948907794486,0.8321793468818273,0.8331503665852233,0.8201047010869197,0.11582280050005135,0.007346070378668301,-0.0028708632695642056,-0.004306359325477294,-0.004517467370858341,0.025760435738797535,184.08079528808597
2576,2022-03-29,0.840496501385022,0.8339947343456168,0.8418052810768016,0.8225534126868526,0.11864886974937228,0.008401610605573318,0.0018153874637895084,0.008654914491578292,0.0024487115999328735,0.0028260692493209255,184.4823760986328
2577,2022-03-30,0.8322215427224511,0.8297728311225181,0.8366967498315547,0.8261842520355627,0.08596845993391673,-0.008274958662570886,-0.0042219032230986775,-0.005108531245246906,0.003630839348710113,-0.032680409815455544,183.5484619140625
2578,2022-03-31,0.8303216991562828,0.8214979368810779,0.8368234661956879,0.8213712849380754,0.11601757970896445,-0.0018998435661682356,-0.008274894241440234,0.00012671636413319476,-0.004812967097487242,0.03004911977504772,181.71804809570312
2579,2022-04-01,0.8270708156365804,0.8276196836703449,0.8279574436587286,0.8169382736695956,0.0809785707455794,-0.0032508835197024855,0.006121746789267024,-0.00886602253695934,-0.004433011268479836,-0.03503900896338505,183.0721893310547
2580,2022-04-04,0.824664364298402,0.827788595875102,0.8301528513726564,0.8166849697835906,0.07264202060409887,-0.002406451338178406,0.0001689122047571212,0.0021954077139277883,-0.0002533038860049741,-0.008336550141480534,183.10952758789065
2581,2022-04-05,0.821751240767083,0.8174871417033603,0.8294773313958892,0.8152072778870539,0.08123355443724745,-0.0029131235313190063,-0.010301454171741664,-0.0006755199767671805,-0.0014776918965366814,0.008591533833148576,180.8308258056641
2582,2022-04-06,0.810267658846564,0.8174448814416057,0.8235666926520033,0.8069323836456136,0.10420687676850668,-0.011483581920518904,-4.2260261754689665e-05,-0.005910638743885865,-0.008274894241440345,0.022973322331259233,180.82147216796875
2583,2022-04-07,0.8127163704464969,0.8135607382068906,0.8173604897603577,0.7955754536680972,0.07796480516766949,0.0024487115999328735,-0.0038841432347150873,-0.00620620289164564,-0.011356929977516361,-0.02624207160083719,179.9622802734375
2584,2022-04-08,0.8148273220580463,0.8028371323655172,0.8164738617382096,0.8013594404689804,0.10191556498365625,0.0021109516115493943,-0.01072360584137333,-0.0008866280221481171,0.005783986800883212,0.023950759815986766,177.59019470214844
2585,2022-04-11,0.8033015442969034,0.7990796410738047,0.8074389914176237,0.7967997772574982,0.09564367445665455,-0.011525777761142941,-0.0037574912917125447,-0.00903487032058592,-0.004559663211482268,-0.006271890527001708,176.75901794433594
2586,2022-04-12,0.8059612995210869,0.8063413197712251,0.8143629101266602,0.8021616123887503,0.10974214774180067,0.002659755224183491,0.007261678697420448,0.006923918709036525,0.005361835131252102,0.01409847328514613,178.36534118652344
2587,2022-04-13,0.8098877030175565,0.8226378687892311,0.8233133243448677,0.8077345555653832,0.08468645859525234,0.003926403496469666,0.016296549018005924,0.008950414218207525,0.005572943176632927,-0.025055689146548335,181.97018432617188
2588,2022-04-14,0.8239888443216348,0.8240733004240134,0.8304483510992853,0.822891172675236,0.15142489844920334,0.014101141304078246,0.0014354316347823248,0.007135026754417573,0.015156617109852832,0.066738439853951,182.2877349853516
2589,2022-04-18,0.820273548870546,0.8109009829827073,0.8269864239553324,0.8069745794862375,0.06934139837306239,-0.0037152954510887293,-0.013172317441306092,-0.003461927143952881,-0.015916593188998518,-0.08208350007614096,179.37396240234375
2590,2022-04-19,0.815122886205806,0.8325593027108347,0.833234822687602,0.8130119345942566,0.11830889149381488,-0.005150662664740069,0.021658319728127373,0.006248398732269567,0.00603735510801906,0.04896749312075249,184.1648101806641
2591,2022-04-20,0.8366967498315547,0.8289284633621247,0.8422696930081878,0.8275352275679664,0.09288843401057474,0.021573863625748757,-0.003630839348710002,0.009034870320585808,0.0145232929737098,-0.025420457483240136,183.36166381835935
2592,2022-04-21,0.8357679903899133,0.8272397278413374,0.8468715520602941,0.8252132323321666,0.08563910599884549,-0.0009287594416413913,-0.001688735520787299,0.004601859052106305,-0.0023219952357997897,-0.007249328011729256,182.98814392089844
2593,2022-04-22,0.8215823929834564,0.8048214320340642,0.8216667846647043,0.803639304285287,0.10768811244780803,-0.014185597406456973,-0.02241829580727317,-0.025204767395589744,-0.02157392804687963,0.022049006448962544,178.02914428710938
2594,2022-04-25,0.8035548481829085,0.8098455071769326,0.8101832027441855,0.7908891385136124,0.08490602788529984,-0.018027544800547912,0.0050240751428684005,-0.011483581920518793,-0.012750165771674538,-0.022782084562508187,179.14048767089844
2595,2022-04-26,0.8000928566178249,0.7923245701483946,0.8057924517374605,0.7919024184787632,0.10089563021698404,-0.003461991565083533,-0.017520937028537964,-0.0043907510067250355,0.0010132799651507707,0.0159896023316842,175.26478576660156
2596,2022-04-27,0.7871316472218999,0.7867516913928922,0.7970108853028794,0.7842607195312049,0.10813787534838917,-0.012961209395925044,-0.005572878755502386,-0.008781566434581056,-0.007641698947558284,0.007242245131405131,174.0320587158203
2597,2022-04-28,0.7927889820797807,0.8018238524003667,0.8049902798176907,0.7821075720790315,0.12127661834961806,0.00565733485788078,0.015072161007474438,0.007979394514811222,-0.0021531474521734317,0.013138743001228886,177.36605834960938
2598,2022-04-29,0.8451828165395068,0.8169804695102197,0.8527822552253107,0.8142784540242817,0.25670129014665105,0.05239383445972612,0.015156617109853054,0.047791975407620035,0.032170881945250196,0.135424671797033,180.7187347412109
2599,2022-05-02,0.8211179810520706,0.8311660669166764,0.8482647878544523,0.810309854687188,0.2514280857453492,-0.02406483548743621,0.01418559740645664,-0.004517467370858452,-0.003968599337093703,-0.005273204401301856,183.85665893554688
2600,2022-05-03,0.8288440716808767,0.8318837827340675,0.8374145300700765,0.8243266043100184,0.18981410980589367,0.007726090628806137,0.0007177158173911069,-0.01085025778437576,0.014016749622830393,-0.06161397593945553,184.01541137695312
2601,2022-05-04,0.8337836907213666,0.8690788042433166,0.8714007994791165,0.8331926268469777,0.19420195416668143,0.004939619040489895,0.03719502150924914,0.03398626940904004,0.00886602253695934,0.004387844360787763,192.2430877685547
2602,2022-05-05,0.8600016736609761,0.8353879701397751,0.8640969249410723,0.8294773313958892,0.20395153893282242,0.02621798293960953,-0.03369083410354157,-0.007303874538044264,-0.0037152954510885072,0.00974958476614099,184.79055786132807
2603,2022-05-06,0.8328970626992183,0.8250865159680334,0.8334881265736068,0.8155028420348134,0.12837012299421682,-0.02710461096175787,-0.010301454171741664,-0.03060879836746544,-0.013974489361075815,-0.0755814159386056,182.51182556152344
2604,2022-05-09,0.8237355404356299,0.8188803774975185,0.8266486639669488,0.8121253065721085,0.13391601828799699,-0.00916152226358835,-0.006206138470514877,-0.00683946260665802,-0.003377535462704917,0.005545895293780162,181.13900756835935
2605,2022-05-10,0.8286751594761196,0.8223001088008475,0.8327282149155919,0.8115342426977198,0.1688381597260342,0.004939619040489673,0.0034197313033289545,0.006079550948643098,-0.0005910638743886754,0.03492214143803721,181.8954620361328
2606,2022-05-11,0.8225534126868526,0.810689874937326,0.8311238710760526,0.8081567072350146,0.1162973534817669,-0.006121746789267024,-0.011610233863521446,-0.001604343839539335,-0.003377535462705139,-0.052540806244267296,179.32720947265625
2607,2022-05-12,0.8062990595094702,0.8144895620696627,0.822215652698469,0.7966309294738719,0.14131408678653262,-0.01625435317738233,0.003799687132336693,-0.008908218377583599,-0.01152577776114272,0.025016733304765726,181.09197998046875
2608,2022-05-13,0.816558317840588,0.8170649256125981,0.8230600204588626,0.8060879514640893,0.11465058380641072,0.010259258331117738,0.002575363542935416,0.0008443677603936495,0.009457021990217362,-0.026663502980121906,181.66461181640625
2609,2022-05-16,0.8173604897603577,0.8188803774975185,0.8244954520936447,0.8119986546291059,0.09293447273268148,0.000802171919769723,0.0018154518849203827,0.0014354316347821028,0.005910703165016629,-0.02171611107372924,182.06820678710935
2610,2022-05-17,0.8273663797843399,0.8404120452826433,0.8445917526651182,0.8266486639669488,0.0964652885742516,0.010005890023982222,0.02153166778512483,0.02009630057147349,0.014650009337842884,0.0035308158415701257,186.8555450439453
2611,2022-05-18,0.8349235582083891,0.8185003572473804,0.8388499617048587,0.815882797863821,0.11282674212295173,0.007557178424049238,-0.021911688035263,-0.005741790960259507,-0.010765866103127797,0.016361453548700125,181.98373413085935
2612,2022-05-19,0.8107320707779502,0.8133496301615096,0.8241577565263919,0.7942244137145629,0.11071250234620411,-0.024191487430438974,-0.005150727085870721,-0.01469220517846681,-0.021658384149258136,-0.0021142397767476145,180.83853149414065
2613,2022-05-20,0.8170649256125981,0.8011061365829756,0.8199358533032932,0.7843451756335833,0.1375530773344288,0.006332854834647961,-0.012243493578534048,-0.0042219032230986775,-0.009879238080979569,0.026840574988224702,178.11636352539062
2614,2022-05-23,0.81022546300594,0.8003884207655845,0.8113653304929627,0.7958287575541022,0.1319540604382178,-0.006839462606658131,-0.0007177158173911069,-0.00857052281033055,0.011483581920518904,-0.0055990168962110065,177.9567413330078
2615,2022-05-24,0.7992484888574312,0.8019927646051238,0.8053702356466983,0.7805876843418708,0.10066189516628832,-0.010976974148508845,0.001604343839539335,-0.0059950948462643705,-0.015241073212231449,-0.03129216527192949,178.3134307861328
2616,2022-05-25,0.7984463169376615,0.8040192601142946,0.8071012314292401,0.7882293188682984,0.0889609768708543,-0.000802171919769612,0.002026495509170778,0.0017309957825417666,0.007641634526427632,-0.011700918295434015,178.76402282714844
2617,2022-05-26,0.8075656433606261,0.8152495381488083,0.81980913693916,0.8071856875316186,0.07927867946779238,0.009119326422964535,0.011230278034513708,0.012707905509919959,0.018956368663320178,-0.009682297403061924,181.26092529296875
2618,2022-05-27,0.8232289326636199,0.828970723623879,0.8291395714075056,0.8192180730647715,0.07955491180043277,0.015663289302993766,0.01372118547507073,0.009330434468345583,0.01203238553315289,0.0002762323326403887,184.3116912841797
2619,2022-05-31,0.8171915775556006,0.8174448814416057,0.8249176681844069,0.8087900313711579,0.12407081463748047,-0.006037355108019282,-0.011525842182273371,-0.0042219032230986775,-0.010428041693613554,0.044515902837047705,181.7490997314453
2620,2022-06-01,0.8211601768926944,0.81022546300594,0.8220890007554665,0.8038081520689135,0.08362402654663545,0.003968599337093814,-0.007219418435665648,-0.00282866742894039,-0.004981879302244363,-0.04044678809084502,180.14390563964844
2621,2022-06-02,0.8181625972589968,0.8318837827340675,0.8325593027108347,0.8108587227209525,0.08891139670858551,-0.0029975796336976224,0.021658319728127484,0.010470301955368133,0.007050570652038957,0.005287370161950064,184.9593963623047
2622,2022-06-03,0.8247488204007803,0.8225112168462286,0.8282107475447334,0.8174026856009818,0.07985593421420754,0.006586223141783587,-0.009372565887838857,-0.00434855516610122,0.0065439628800293415,-0.00905546249437797,182.87548828125
2623,2022-06-06,0.8299839391678994,0.8240733004240134,0.8315882830074386,0.8211179810520706,0.05617432385053706,0.005235118767119018,0.0015620835777847564,0.003377535462705139,0.0037152954510887293,-0.02368161036367048,183.2228240966797
2624,2022-06-07,0.8174871417033603,0.8343324943340004,0.8358946423329159,0.8112386785499602,0.07543621689196128,-0.012496797464539022,0.010259193909986974,0.004306359325477294,-0.009879302502110332,0.01926189304142422,185.5038146972656
2625,2022-06-08,0.8301950472132803,0.8212446329950728,0.8312083271784311,0.8174448814416057,0.05980784145680682,0.012707905509919959,-0.013087861338927587,-0.00468631515448481,0.006206202891645418,-0.01562837543515446,182.59390258789065
2626,2022-06-09,0.8158406020231972,0.8106476146755717,0.8257198401041767,0.809972159119935,0.059312039834118944,-0.01435444519008311,-0.010597018319501106,-0.005488487074254422,-0.007472722321670622,-0.0004958016226878775,180.2377777099609
2627,2022-06-10,0.7950688458960872,0.7864561272451327,0.7966309294738719,0.7861606275185038,0.10194743794511477,-0.02077175612711002,-0.024191487430438974,-0.02908891063030472,-0.023811531601431235,0.04263539811099582,174.85906982421875
2628,2022-06-13,0.7699062743411217,0.7786033846733239,0.7857806072683655,0.769779622398119,0.1687248336408484,-0.025162571554965485,-0.00785274257180879,-0.010850322205506413,-0.016381005120384762,0.06677739569573363,173.11314392089844
2629,2022-06-14,0.7816431601476455,0.7737904175758367,0.7895803588218326,0.7702440343295051,0.12226822159499381,0.011736885806523767,-0.004812967097487242,0.0037997515534671233,0.00046441193138602177,-0.04645661204585458,172.0430145263672
2630,2022-06-15,0.7786033846733239,0.7809254443302543,0.7906780304682314,0.7716794659642873,0.10550658530798135,-0.003039775474321549,0.007135026754417684,0.0010976716463987346,0.0014354316347822138,-0.016761636287012466,173.62939453125
2631,2022-06-16,0.7677531268889481,0.7594359723857533,0.770075122124748,0.7558895247182912,0.15682205325617715,-0.01085025778437576,-0.021489471944501015,-0.020602908343483328,-0.015789941245996086,0.0513154679481958,168.85147094726562
2632,2022-06-17,0.7574094124554519,0.7586759963066076,0.7699484701817454,0.7523009456313356,0.1995105729696038,-0.010343714433496243,-0.0007599760791456855,-0.0001266519430026536,-0.0035885790869555345,0.04268851971342666,168.6824951171875
2633,2022-06-21,0.767330910798186,0.7620957276099368,0.7680064307749531,0.7574516727172066,0.10395897595716273,0.009921498342734147,0.0034197313033291765,-0.001942039406792273,0.005150727085870943,-0.09555159701244108,169.4428253173828
2634,2022-06-22,0.753440877539489,0.7503588418034127,0.7589715604543673,0.7437726830827598,0.10293904119049052,-0.013890033258697088,-0.0117368858065241,-0.009034870320585808,-0.013678989634446803,-0.001019934766672212,166.8332977294922
2635,2022-06-23,0.7482478901918634,0.7370176765784803,0.7540741372545015,0.7300514976076891,0.11805036636198477,-0.005192987347625522,-0.01334116522493245,-0.004897423199865858,-0.01372118547507073,0.015111325171494244,163.8670196533203
2636,2022-06-24,0.745123723036294,0.760027036260142,0.760533644032152,0.7417883834142129,0.14715746305392552,-0.0031241671555694017,0.023009359681661734,0.006459506777650503,0.011736885806523878,0.029107096691940754,168.98289489746094
2637,2022-06-27,0.7641222875402383,0.7527230973009671,0.7647555472552506,0.7489656060092545,0.09210223429459824,0.018998564503944215,-0.007303938959174916,0.0042219032230986775,0.00717722259504161,-0.05505522875932728,167.35894775390625
2638,2022-06-28,0.7577049766032116,0.7428438592199875,0.766106587208785,0.741999491459594,0.11265675299517301,-0.006417310937026688,-0.009879238080979569,0.001351039953534361,-0.0069661145496605625,0.020554518700574773,165.1623992919922
2639,2022-06-29,0.7432660753107497,0.7312336253564662,0.7450814627745395,0.7236764469324171,0.08599679145521318,-0.014438901292461837,-0.011610233863521335,-0.021025124434245535,-0.018323044527176924,-0.026659961539959837,162.58102416992188
2640,2022-06-30,0.7230431227962738,0.7338089888994016,0.736384352442337,0.7184834595847915,0.1017172443345811,-0.020222952514475923,0.002575363542935416,-0.00869711033220244,-0.005192987347625522,0.01572045287936792,163.15362548828125
2641,2022-07-01,0.7331334689226344,0.739297475973656,0.7403951476200546,0.7243519669091842,0.06987615583753289,0.010090346126360616,0.005488487074254422,0.00401079517771763,0.005868507324392702,-0.03184108849704821,164.37391662597656
2642,2022-07-05,0.733471228911018,0.7265473102019814,0.733471228911018,0.7133327969200515,0.11848242206175563,0.0003377599883835902,-0.012750165771674649,-0.006923918709036636,-0.011019169989132771,0.04860626622422275,161.53904724121094
2643,2022-07-06,0.7294182378926765,0.7312758856182209,0.7356666366249459,0.7222832111382588,0.07797897092831771,-0.004052991018341556,0.0047285754162395,0.0021954077139278994,0.008950414218207303,-0.04050345113343792,162.59039306640625
2644,2022-07-07,0.7354977888413196,0.733724532797023,0.7354977888413196,0.7230431227962738,0.09762688094740607,0.006079550948643098,0.0024486471788021102,-0.000168847783626358,0.0007599116580150334,0.01964791001908836,163.13485717773438
2645,2022-07-08,0.7341467488877852,0.7318246892308548,0.7360043966133295,0.7241408588638032,0.057187175736885164,-0.001351039953534361,-0.0018998435661682356,0.0005066077720099482,0.0010977360675293868,-0.040439705210520906,162.7124481201172
2646,2022-07-11,0.7388752598828939,0.7297137376193055,0.739044172087651,0.7265473102019814,0.11418311370501928,0.004728510995108737,-0.0021109516115492832,0.003039775474321549,0.002406451338178184,0.05699593796813412,162.2430877685547
2647,2022-07-12,0.7249852266241967,0.7329646211390081,0.7465169588304523,0.7249852266241967,0.09765875390886458,-0.013890033258697199,0.0032508835197025965,0.007472786742801274,-0.0015620835777846453,-0.0165243597961547,162.9658966064453
2648,2022-07-13,0.721016627287103,0.7213965831161105,0.7275605901671321,0.7171746798930119,0.0707261014764264,-0.003968599337093703,-0.01156803802289752,-0.018956368663320178,-0.007810546731184864,-0.026932652432438184,160.39389038085938
2649,2022-07-14,0.7123195169549007,0.7156547921558511,0.7167947240640044,0.7065355301540173,0.06460295143623106,-0.008697110332202329,-0.005741790960259396,-0.010765866103127797,-0.010639149738994602,-0.006123150040195341,159.11724853515625
2650,2022-07-15,0.7220721030928777,0.729544889835679,0.7301781495506915,0.7182724159605411,0.07750441794660216,0.009752586137977026,0.01389009767982785,0.01338342548668714,0.011736885806523878,0.012901466510371107,162.20553588867188
2651,2022-07-18,0.7309803214704612,0.7217343431044941,0.7355821805225674,0.7199611514813283,0.05868166348527292,0.008908218377583488,-0.007810546731184864,0.005404030971875917,0.001688735520787188,-0.018822754461329243,160.46897888183594
2652,2022-07-19,0.7300514976076891,0.7482478901918634,0.7501899940197864,0.7295026295739243,0.08695652173913043,-0.0009288238627721546,0.026513547087369305,0.014607813497218958,0.009541478092595979,0.02827485825385751,166.3639373779297
2653,2022-07-20,0.7464746985686976,0.7525964453579647,0.754200789197504,0.7438148789233837,0.058391265391984304,0.016423200961008577,0.00434855516610122,0.00401079517771763,0.014312249349459405,-0.02856525634714613,167.330810546875
2654,2022-07-21,0.7525964453579647,0.7600692321007659,0.7609135998611594,0.7477412824198534,0.06564767628403767,0.006121746789267024,0.007472786742801274,0.006712810663655366,0.003926403496469666,0.0072564108920533665,168.9922637939453
2655,2022-07-22,0.7620535317693128,0.7661487830494089,0.7721438778956734,0.7607869479181569,0.0824128540112122,0.009457086411348126,0.006079550948642987,0.01123027803451404,0.01304566549830355,0.016765177727174535,170.34400939941406
2656,2022-07-25,0.7674153669005646,0.7652621550272608,0.7702440343295051,0.7614624678949242,0.06874643642583693,0.005361835131251769,-0.0008866280221481171,-0.0018998435661683466,0.0006755199767672915,-0.013666417585375276,170.14686584472656
2657,2022-07-26,0.7669086947074241,0.7659376750040279,0.7748458933816113,0.7616735759403052,0.08230661080635052,-0.0005066721931404894,0.0006755199767670694,0.004601859052106194,0.00021110804538093664,0.013560174380513587,170.29705810546875
2658,2022-07-27,0.7614202720543001,0.7753947614153759,0.7811365523756353,0.7580427365915952,0.124166433521856,-0.005488422653123992,0.009457086411348015,0.006290658994024034,-0.003630839348710002,0.04185982271550548,172.3997344970703
2659,2022-07-28,0.7984041210970377,0.8040192601142946,0.8084100111210196,0.7889892949474442,0.1294006820813752,0.03698384904273766,0.0286244986989187,0.027273458745384338,0.03094655835584903,0.005234248559519206,178.76402282714844
2660,2022-07-29,0.804188107897921,0.8125475226628706,0.815376190091811,0.7973486452912631,0.10296383127162492,0.005783986800883212,0.008528262548575971,0.006966178970791326,0.008359350343818961,-0.02643685080975028,180.66015625
2661,2022-08-01,0.8081145113943906,0.8105632229943238,0.8155028420348134,0.8059612995210869,0.0826324233012597,0.003926403496469666,-0.0019842996685467407,0.00012665194300243154,0.008612654229823713,-0.02033140797036523,180.218994140625
2662,2022-08-02,0.8069323836456136,0.7984463169376615,0.8078612075083856,0.7965042775308693,0.11812473660538794,-0.0011821277487770177,-0.012116906056662269,-0.007641634526427743,-0.009457021990217584,0.03549231330412825,177.52496337890625
2663,2022-08-03,0.7994595969028124,0.8084944672233982,0.81022546300594,0.7928734381821593,0.0897790495482893,-0.007472786742801163,0.01004815028573669,0.0023642554975543684,-0.003630839348710002,-0.02834568705709864,179.75904846191406
2664,2022-08-04,0.8069323836456136,0.8124630665604919,0.8140674104000313,0.8040192601142946,0.06024698003690181,0.007472786742801163,0.003968599337093703,0.003841947394091272,0.011145821932135314,-0.029532069511387496,180.64138793945312
2665,2022-08-05,0.8087900313711579,0.8117453507431007,0.8141940623430337,0.8033437401375274,0.06547060427593485,0.0018576477255443091,-0.0007177158173912179,0.00012665194300243154,-0.0006755199767671805,0.0052236242390330395,180.4818420410156
2666,2022-08-08,0.8198513972009147,0.8189225733381424,0.8252132323321666,0.8152072778870539,0.07358050224704378,0.011061365829756808,0.007177222595041721,0.011019169989132882,0.011863537749526532,0.008109897971108934,182.07763671875
2667,2022-08-09,0.8214557410404539,0.8194291811101526,0.822891172675236,0.8165160575788336,0.08080149873747658,0.001604343839539224,0.0005066077720101703,-0.002322059656930553,0.0013087796917796712,0.007220996490432799,182.19021606445312
2668,2022-08-10,0.831461631064436,0.832685954653837,0.8372878781270741,0.829055115305127,0.09347985451763814,0.010005890023982111,0.013256773543684375,0.014396705451838021,0.012539057726293379,0.012678355780161563,185.13772583007807
2669,2022-08-11,0.831714934950441,0.8380899856257131,0.8427763007801977,0.831714934950441,0.08473603875752113,0.0002533038860049741,0.005404030971876139,0.005488422653123659,0.002659819645314032,-0.008743815760117013,187.26974487304688
2670,2022-08-12,0.8415519771907967,0.8480536798090711,0.8485180917404571,0.8369501181386906,0.07995863597890718,0.009837042240355642,0.009963694183357963,0.005741790960259396,0.005235183188249559,-0.004777402778613951,189.4961395263672
2671,2022-08-15,0.8470404642650511,0.8538799268717091,0.8557797704378775,0.8420163891221828,0.08173289750009739,0.005488487074254422,0.0058262470626380125,0.007261678697420337,0.005066270983492216,0.0017742615211902152,190.7980194091797
2672,2022-08-16,0.8461538362429029,0.8598750217179736,0.8623659291585306,0.844633948505742,0.05883040397207929,-0.0008866280221482281,0.0059950948462644815,0.006586158720653157,0.0026175593835592315,-0.022902493528018104,192.13758850097656
2673,2022-08-17,0.8520222791461647,0.856117530426261,0.8611416055691293,0.8496580236486104,0.05883040397207929,0.005868442903261828,-0.0037574912917125447,-0.0012243235894012772,0.0050240751428684005,0.0,191.2979736328125
2674,2022-08-18,0.8549775985181078,0.8600861297633546,0.8612682575121319,0.8544287949054739,0.05344741492575371,0.0029553193719431547,0.003968599337093592,0.00012665194300254257,0.004770771256863426,-0.00538298904632558,192.18475341796875
2675,2022-08-19,0.8554420104494939,0.85096680334039,0.8562864426310182,0.8480114839684473,0.07227016938708294,0.00046441193138602177,-0.009119326422964646,-0.004981814881113711,-0.006417310937026577,0.018822754461329236,190.14707946777344
2676,2022-08-22,0.8426074529965714,0.8352613181967727,0.8429874088255789,0.8331081707445993,0.0916524713940171,-0.012834557452922501,-0.015705485143617248,-0.013299033805439286,-0.01490331322384797,0.01938230200693415,186.63766479492188
2677,2022-08-23,0.8374567259107006,0.8340369946073715,0.8394410255792474,0.8323059988248296,0.05693219204521711,-0.005150727085870721,-0.0012243235894012772,-0.003546383246331497,-0.000802171919769723,-0.03472027934879999,186.3641357421875
2678,2022-08-24,0.8306172633040426,0.8350502101513915,0.8381744417280915,0.8288440716808767,0.04787318811067709,-0.00683946260665802,0.0010132155440200075,-0.0012665838511558558,-0.003461927143952881,-0.009059003934540018,186.59051513671875
2679,2022-08-25,0.8410875652594106,0.8461960320835268,0.8464915962312864,0.8355990781851561,0.057778596243948564,0.010470301955368022,0.011145821932135314,0.008317154503194923,0.006755006504279404,0.009905408133271475,189.0810546875
2680,2022-08-26,0.8411720213617893,0.8150806259440512,0.8462382923452815,0.8145740181720413,0.10047065739753729,8.445610237861612e-05,-0.03111540613947561,-0.0002533038860049741,-0.02102506001311477,0.04269206115358872,182.12835693359372
2681,2022-08-29,0.8138984981952742,0.8123786104581133,0.818627009190383,0.8072278833722425,0.07421796147621391,-0.0272735231665151,-0.0027020154859378476,-0.02761128315489847,-0.007346134799798842,-0.02625269592132337,181.52462768554688
2682,2022-08-30,0.8104365710513212,0.8051169317606932,0.8149961698416728,0.7991640327550527,0.07876162920413216,-0.003461927143952992,-0.007261678697420115,-0.003630839348710224,-0.008063850617189838,0.004543667727918241,179.90199279785156
2683,2022-08-31,0.8130119345942566,0.7994174010621883,0.813391890423264,0.7979819050062756,0.09311508618094634,0.002575363542935416,-0.005699530698504929,-0.0016042794184087938,-0.0011821277487770177,0.014353456976814186,178.62843322753906
2684,2022-09-01,0.7985729688806642,0.8052435837036955,0.8069745794862375,0.7959976053377287,0.07942033707427462,-0.014438965713592378,0.005826182641507249,-0.006417310937026466,-0.0019842996685469627,-0.01369474910667172,179.93028259277344
2685,2022-09-02,0.8152072778870539,0.7890314907880681,0.816642709521836,0.7862450191997514,0.0973329414139554,0.016634309006389736,-0.01621209291562742,0.009668130035598521,-0.009752586137977248,0.017912604339680782,176.3077392578125
2686,2022-09-06,0.7899603146508404,0.7835852639755682,0.7955331934063425,0.778350080787319,0.09026776829065308,-0.02524696323621356,-0.005446226812499955,-0.0211095161154935,-0.007894938412432384,-0.007065173123302321,175.09075927734375
2687,2022-09-07,0.7848517834055935,0.7983196649946592,0.8011483324235996,0.7845562836789645,0.08302198171908588,-0.005108531245246906,0.01473440101909107,0.005615139017257076,0.006206202891645418,-0.0072457865715672,178.38316345214844
2688,2022-09-08,0.7951532375773351,0.7929578942845379,0.7951532375773351,0.7786878407757025,0.12418059928250422,0.010301454171741664,-0.0053617707101213385,-0.0059950948462644815,-0.005868442903261939,0.041158617563418334,177.18507385253906
2689,2022-09-09,0.7984041210970377,0.809296639143168,0.8106476146755717,0.7971375372458818,0.10305236727567632,0.0032508835197025965,0.016338744858630072,0.015494377098236534,0.018449696470179244,-0.021128232006827896,180.8359375
2690,2022-09-12,0.8156716898184398,0.8107320707779502,0.8176559894869867,0.8079878594513883,0.0979810249636117,0.017267568721402116,0.0014354316347822138,0.00700837481141503,0.010850322205506524,-0.005071342312064617,181.15670776367188
2691,2022-09-13,0.7958709533947262,0.7809676401708782,0.8023304601723766,0.7794477524337174,0.17206087027350542,-0.019800736423713605,-0.029764430607072012,-0.015325529314610065,-0.028540107017670846,0.07407984530989371,174.505859375
2692,2022-09-14,0.7821075720790315,0.7598159282147608,0.7821075720790315,0.7523009456313356,0.1752977465816249,-0.013763381315694767,-0.021151711956117314,-0.02022288809334516,-0.027146806802381795,0.003236876308119474,169.77955627441406
2693,2022-09-15,0.7563117408090533,0.7466858066140788,0.7599003843171395,0.7438993350257622,0.12225405583434559,-0.025795831269978198,-0.013130121600682054,-0.02220718776189201,-0.008401610605573429,-0.0530436907472793,166.84567260742188
2694,2022-09-16,0.7327535130936269,0.7487545623850042,0.7499788859744053,0.7283627620869019,0.22728608816061138,-0.023558227715426372,0.002068755770925357,-0.009921498342734147,-0.015536572938860349,0.10503203232626579,167.3079376220703
2695,2022-09-19,0.7430549672653687,0.7541585933568801,0.7560162410824244,0.7419572956189701,0.08556827719560436,0.010301454171741775,0.005404030971875917,0.00603735510801906,0.013594533532068187,-0.14171781096500702,168.5154571533203
2696,2022-09-20,0.7474457182720937,0.7473190663290913,0.7495989301453978,0.7391286281900297,0.08778521873705161,0.0043907510067250355,-0.006839527027788783,-0.006417310937026577,-0.00282866742894039,0.002216941541447248,166.98715209960938
2697,2022-09-21,0.7511188178825585,0.7358777446703271,0.7583804965799787,0.7358354844085724,0.08872724182015859,0.003673099610464803,-0.011441321658764214,0.008781566434580945,-0.003293143781457286,0.0009420230831069798,164.4306182861328
2698,2022-09-22,0.7326690569912484,0.7314447334018472,0.7377775882364953,0.7262518104753525,0.07897057417369348,-0.01844976089131012,-0.004433011268479836,-0.02060290834348344,-0.009583673933219905,-0.009756667646465114,163.44003295898438
2699,2022-09-23,0.7294604337333004,0.7235497949894145,0.7358777446703271,0.7173857879383929,0.11340753830952895,-0.003208623257948018,-0.007894938412432717,-0.0018998435661682356,-0.008866022536959561,0.03443696413583547,161.67593383789062
2700,2022-09-26,0.7241830547044271,0.7180191120745362,0.7275605901671321,0.7129105808292893,0.11586175634183397,-0.005277379028873264,-0.005530682914878349,-0.008317154503194923,-0.004475207109103652,0.0024542180323050278,160.4401397705078
2701,2022-09-27,0.7213543872754866,0.7180191120745362,0.7281094582008968,0.7108840853201185,0.09534973492320387,-0.002828667428940501,0.0,0.0005488680337646379,-0.002026495509170778,-0.020512021418630108,160.4401397705078
2702,2022-09-28,0.7255762904985853,0.7338934450017802,0.7378197840771192,0.7195389353905662,0.10899844530776885,0.0042219032230986775,0.01587433292724405,0.009710325876222448,0.00865485007044775,0.013648710384564985,163.9872283935547
2703,2022-09-29,0.7319091453332334,0.7180191120745362,0.7319091453332334,0.7097441534119653,0.11038668985129493,0.006332854834648072,-0.01587433292724405,-0.005910638743885865,-0.009794781978600953,0.001388244543526082,160.4401397705078
2704,2022-09-30,0.7181457640175387,0.7049311863144779,0.7227898189102688,0.7034957546796958,0.13493949449483128,-0.013763381315694656,-0.013087925760058239,-0.009119326422964535,-0.006248398732269456,0.024552804643536347,157.5156707763672
2705,2022-10-03,0.7180191120745362,0.730558105379699,0.7362155046587107,0.7138394046920614,0.11966526307588243,-0.00012665194300254257,0.025626919065221077,0.013425685748441829,0.01034365001236559,-0.015274231418948847,163.24197387695312
2706,2022-10-04,0.7384108479515078,0.7523009456313356,0.7532297694941078,0.7381153482248789,0.13072518070198427,0.02039173587697163,0.02174284025163664,0.01701426483539714,0.02427594353281748,0.01105991762610184,168.10035705566406
2707,2022-10-05,0.745672526648928,0.7506966017917963,0.7589715604543673,0.7388752598828939,0.10412542364477939,0.007261678697420226,-0.001604343839539335,0.005741790960259507,0.0007599116580150334,-0.02659975705720488,167.74185180664062
2708,2022-10-06,0.7442792908547697,0.7390019118258964,0.7501899940197864,0.7340200969447827,0.0920491126921674,-0.0013932357941582874,-0.011694689965899951,-0.008781566434580945,-0.004855162938111279,-0.012076310952611996,165.1287078857422
2709,2022-10-07,0.7328801650366294,0.7236764469324171,0.7352866807959384,0.7192856315045613,0.10488329183945944,-0.011399125818140288,-0.015325464893479301,-0.01490331322384797,-0.01473446544022139,0.01283417914729204,161.70425415039062
2710,2022-10-10,0.7295870856763029,0.7257029424415878,0.7337667930587777,0.7182301556987866,0.0684241653710898,-0.003293079360326523,0.002026495509170778,-0.001519887737160719,-0.0010554758057746971,-0.03645912646836963,162.15707397460938
2711,2022-10-11,0.7236341866706624,0.733006816979632,0.7420416873002179,0.721016627287103,0.10299570423308342,-0.005952899005640555,0.007303874538044153,0.008274894241440234,0.0027864715883164637,0.034571538861993614,163.78912353515625
2712,2022-10-12,0.7348644647051763,0.7295026295739243,0.73883306404227,0.7270117221333675,0.09661048762089591,0.01123027803451393,-0.0035041874057076816,-0.003208623257947907,0.0059950948462644815,-0.006385216612187508,163.00611877441406
2713,2022-10-13,0.715190380224465,0.7495989301453978,0.7531453133917293,0.71443046856645,0.1141406164230746,-0.019674084480711285,0.02009630057147349,0.014312249349459294,-0.012581253566917527,0.01753012880217869,167.49659729003906
2714,2022-10-14,0.7521320334265785,0.7352866807959384,0.7536941814254939,0.7338934450017802,0.10519139713355834,0.03694165320211351,-0.014312249349459405,0.0005488680337646379,0.019462976435330237,-0.008949219289516266,164.2985382080078
2715,2022-10-17,0.7500633420767838,0.7474457182720937,0.7557206769346647,0.7436038352991333,0.1217511713313336,-0.0020686913497947046,0.012159037476155321,0.002026495509170778,0.0097103902973531,0.016559774197775268,167.01547241210938
2716,2022-10-18,0.7607024918157784,0.7594359723857533,0.7648400033576291,0.7499788859744053,0.07007093504644599,0.010639149738994602,0.011990254113659615,0.009119326422964424,0.006375050675271998,-0.05168023628488762,169.69467163085938
2717,2022-10-19,0.757831628546214,0.7569028046834418,0.763446767563471,0.7512454698255611,0.05977950993551037,-0.0028708632695644276,-0.0025331677023114896,-0.0013932357941581763,0.0012665838511557448,-0.010291425110935615,169.1286163330078
2718,2022-10-20,0.7572405646718254,0.7499788859744053,0.763404571722847,0.7477412824198534,0.09517620435526311,-0.0005910638743885643,-0.006923918709036525,-4.219584062392645e-05,-0.0035041874057076816,0.03539669441975274,167.5814971923828
2719,2022-10-21,0.7472346746478434,0.7718061179072897,0.773917069518839,0.7452503749792966,0.10481954591654243,-0.010005890023982,0.021827231932884383,0.010512497795991949,-0.0024909074405568,0.009643341561279314,172.45875549316406
2720,2022-10-24,0.7789833405023315,0.7890736866286922,0.7940555659309365,0.7761546730733911,0.11584050770086163,0.0317486658544881,0.01726756872140245,0.02013849641209753,0.030904298094094562,0.011020961784319203,176.31715393066406
2721,2022-10-25,0.7880604710846719,0.8006839204922135,0.8015705485143618,0.7861183672567491,0.10295320695113876,0.009077130582340387,0.011610233863521335,0.0075149825834253114,0.009963694183357963,-0.012887300749722871,178.9114227294922
2722,2022-10-26,0.809043335257163,0.8033015442969034,0.8146162140126653,0.8011483324235996,0.14884318857106432,0.020982864172491067,0.0026176238046898836,0.013045665498303438,0.015029965166850512,0.045889981619925566,179.496337890625
2723,2022-10-27,0.8163472097952071,0.8295617874982679,0.8426074529965714,0.8139829542976527,0.1683600653041566,0.007303874538044153,0.026260243201364553,0.027991238983906097,0.012834621874053043,0.01951687673309227,185.36415100097656
2724,2022-10-28,0.8401587413966384,0.8651945965874709,0.8661656807119976,0.8304061552586613,0.1732720428089287,0.023811531601431235,0.035632809089202966,0.02355822771542626,0.016423200961008688,0.004911977504772097,193.3262634277344
2725,2022-10-31,0.8545554468484762,0.8613527136145103,0.8654479648946067,0.8540487746553356,0.1570062081446041,0.014396705451837799,-0.0038418829729606196,-0.0007177158173908849,0.023642619396674225,-0.016265834664324602,192.46778869628903
2726,2022-11-01,0.8631681010783001,0.8574685703797952,0.8658279207236141,0.8507979555567636,0.1549946701325561,0.008612654229823935,-0.0038841432347150873,0.00037995582900740565,-0.0032508190985719443,-0.002011538012047981,191.59988403320312
2727,2022-11-02,0.8584817859238154,0.8463649442882839,0.8734695552500418,0.8445917526651182,0.16618916248481608,-0.004686315154484699,-0.011103626091511276,0.007641634526427632,-0.006206202891645418,0.011194492352259972,189.1187896728516
2728,2022-11-03,0.8459427281975218,0.8629147971922951,0.8699231720037103,0.8408764572140295,0.16480800082161412,-0.012539057726293601,0.01654985290401123,-0.003546383246331497,-0.0037152954510887293,-0.0013811616632019574,192.8168029785156
2729,2022-11-04,0.870978647809485,0.877522610689514,0.8782825223475291,0.8621548855342801,0.14608440668482245,0.025035919611963164,0.014607813497218847,0.00835935034381885,0.02127842832025062,-0.01872359413679167,196.0809326171875
2730,2022-11-07,0.8768892865533708,0.8856286571473277,0.8876129568158748,0.8745250310558165,0.09461665680965821,0.005910638743885865,0.008106046457813765,0.009330434468345694,0.012370145521536369,-0.05146774987516424,197.8921661376953
2731,2022-11-08,0.8837710094217835,0.8923414678109836,0.8966478271364606,0.8818711658556153,0.09318591498418748,0.00688172286841271,0.0067128106636558105,0.009034870320585808,0.007346134799798842,-0.0014307418254707327,199.3921661376953
2732,2022-11-09,0.8865996768507239,0.8808156900498406,0.8931013794689984,0.8800135181300709,0.1076739466871598,0.00282866742894039,-0.011525777761142941,-0.0035464476674622603,-0.0018576477255444201,0.014488031702972318,197.7805633544922
2733,2022-11-10,0.9070759332512047,0.9068648252058238,0.908004757113977,0.8914548397888353,0.15421555329690373,0.020476256400480786,0.026049135155983172,0.014903377644978621,0.011441321658764436,0.046541606609743935,203.6297149658203
2734,2022-11-11,0.9059781971836757,0.8981254546118667,0.907540345182591,0.8927214236399909,0.14968959276979577,-0.0010977360675290537,-0.00873937059395713,-0.00046441193138602177,0.0012665838511555227,-0.004525960527107964,201.66732788085935
2735,2022-11-14,0.8983365626572478,0.89926538652002,0.9122688561776997,0.8943257674795302,0.10886387058161072,-0.007641634526427854,0.0011399319081533132,0.004728510995108737,0.001604343839539335,-0.040825722188185046,201.92330932617188
2736,2022-11-15,0.9092290807033783,0.9095245804300071,0.9127332681090857,0.8996453423490276,0.08384005439652088,0.01089251804613045,0.010259193909987085,0.00046441193138602177,0.005319574869497412,-0.025023816185089837,204.2269287109375
2737,2022-11-16,0.9109178162241655,0.9034872897431186,0.9129021158927121,0.9005741662117995,0.08665549932535566,0.001688735520787188,-0.006037290686888408,0.000168847783626358,0.0009288238627719325,0.0028154449288347733,202.87132263183597
2738,2022-11-17,0.896098959102696,0.9056404371952921,0.9093135368057568,0.8951279393992998,0.09523995027818012,-0.014818857121469464,0.0021531474521734317,-0.0035885790869553125,-0.005446226812499733,0.008584450952824466,203.3547821044922
2739,2022-11-18,0.9135776358694794,0.9057248932976706,0.9176306913089515,0.899940906496787,0.10534722050068882,0.017478676766783385,8.44561023785051e-05,0.008317154503194701,0.004812967097487242,0.010107270222508694,203.37376403808597
2740,2022-11-21,0.9077091929662174,0.9142953516868703,0.917081823275187,0.902854030028106,0.08309989340265113,-0.005868442903261939,0.008570458389199676,-0.0005488680337645269,0.0029131235313190063,-0.022247327098037686,205.29818725585935
2741,2022-11-22,0.9167018674461794,0.9235835258934615,0.9246390016992362,0.9161529994124148,0.08911680023798478,0.008992674479961993,0.009288174206591227,0.007557178424049238,0.013298969384308745,0.006016906835333652,207.3837890625
2742,2022-11-23,0.9237101778364639,0.9242168500296045,0.9316895723512751,0.9216414864866692,0.09514787283396665,0.007008310390284489,0.000633324136143032,0.007050570652038957,0.005488487074254422,0.006031072595981873,207.52598571777344
2743,2022-11-25,0.919277230989115,0.9290298171270919,0.932871764521183,0.919277230989115,0.03966058837486852,-0.004432946847348962,0.004812967097487353,0.0011821921699078919,-0.0023642554975542573,-0.05548728445909813,208.60671997070312
2744,2022-11-28,0.9275521252305551,0.9109600764859198,0.929705337103859,0.9096934926347642,0.09358609772249983,0.008274894241440123,-0.01806974064117206,-0.0031664274173239804,-0.00958373835435078,0.05392550934763131,204.5492706298828
2745,2022-11-29,0.9115933362009325,0.9149708716636376,0.9179261910355805,0.9084691046242324,0.07443044788593729,-0.015958789029622555,0.004010795177717741,-0.011779146068278568,-0.0012243880105318183,-0.01915564983656254,205.4498748779297
2746,2022-11-30,0.9132821361428504,0.9269188655155426,0.9315629204082728,0.902178510051339,0.16556232757613212,0.00168879994191784,0.011947993851905037,0.013636729372692336,-0.006290594572893382,0.09113187969019483,208.13265991210935
2747,2022-12-01,0.930000836830488,0.917799539092578,0.9314362684652702,0.9134087880858528,0.14131762822669466,0.01671870068763759,-0.009119326422964535,-0.0001266519430026536,0.011230278034513819,-0.02424469934943746,206.08502197265625
2748,2022-12-02,0.9069914771488263,0.9249345658469957,0.9282276452073224,0.9065270652174402,0.07770982147600143,-0.023009359681661623,0.007135026754417684,-0.003208623257947796,-0.006881722868412599,-0.06360780675069323,207.68711853027344
2749,2022-12-05,0.9193194268297388,0.9102423606685288,0.9228658100760704,0.908553560726611,0.10899844530776885,0.012327949680912442,-0.014692205178466922,-0.005361835131251991,0.002026495509170778,0.03128862383176742,204.3880920410156
2750,2022-12-06,0.9130710280974692,0.9000675584397897,0.9150553277660163,0.8923414678109836,0.0891876290412259,-0.006248398732269567,-0.010174802228739122,-0.007810482310054101,-0.01621209291562742,-0.01981081626654295,202.1034393310547
2751,2022-12-07,0.9033606378001162,0.9011652300861883,0.9038672455721263,0.8950856791375453,0.10565886723494977,-0.009710390297352989,0.0010976716463986236,-0.011188082193890003,0.002744211326561774,0.01647123819372387,202.3499298095703
2752,2022-12-08,0.902854030028106,0.9007430784165568,0.9059781971836757,0.8959301113190695,0.07683154431581146,-0.0005066077720101703,-0.00042215166963155415,0.0021109516115493943,0.0008444321815241906,-0.02882732291913831,202.25511169433597
2753,2022-12-09,0.9007430784165568,0.8934813997191366,0.9055560455140442,0.8925103155946099,0.08003654766247242,-0.0021109516115492832,-0.007261678697420115,-0.00042215166963144313,-0.0034197957244596067,0.0032050033466609618,200.6245574951172
2754,2022-12-12,0.8957190032736884,0.905598241354668,0.9059781971836757,0.8910748839598275,0.11853200222402442,-0.0050240751428684005,0.012116841635531395,0.00042215166963144313,-0.0014354316347824359,0.038495454561552,203.34532165527344
2755,2022-12-13,0.9269188655155426,0.907540345182591,0.9286498612980844,0.8998564503944086,0.1221726027106183,0.031199862241854226,0.0019421038279229252,0.022671664114408685,0.008781566434581167,0.003640600486593884,203.78140258789065
2756,2022-12-14,0.9128599200520883,0.9065270652174402,0.9198260346017488,0.8994764945654011,0.0901615250857914,-0.01405894546345432,-0.0010132799651507707,-0.008823826696335524,-0.0003799558290075167,-0.03201107762482691,203.55389404296875
2757,2022-12-15,0.898800974588634,0.8822511216846227,0.9023051619943415,0.8782825223475291,0.1140839533804817,-0.01405894546345432,-0.02427594353281748,-0.017520872607407312,-0.021193972217872004,0.02392242829469031,198.10289001464844
2758,2022-12-16,0.8754116590779646,0.8855020052043254,0.8878240004401251,0.8706830836617252,0.2524515619521835,-0.023389315510669362,0.0032508835197027075,-0.014481161554216415,-0.0075994386858039276,0.13836760857170177,198.83282470703125
2759,2022-12-19,0.883475445274024,0.884108769410167,0.8964367190910796,0.8797179539823112,0.10942341812721561,0.008063786196059408,-0.0013932357941583984,0.008612718650954476,0.00903487032058603,-0.14302814382496787,198.5200042724609
2760,2022-12-20,0.8847842893869343,0.8928903358447482,0.8982521065548694,0.8833065974903974,0.06643387600001417,0.0013088441129103234,0.008781566434581167,0.0018153874637898415,0.0035886435080861867,-0.042989542127201436,200.4918365478516
2761,2022-12-21,0.8990965387363936,0.9081314090569794,0.9089757768173732,0.8982099107142454,0.09296988713430203,0.014312249349459294,0.015241073212231226,0.01072367026250376,0.01490331322384797,0.026536011134287857,203.9141082763672
2762,2022-12-22,0.904922721377901,0.8963522629887009,0.9060626532860543,0.8823355777870014,0.0786199715976499,0.00582618264150736,-0.011779146068278568,-0.0029131235313188952,-0.01587433292724394,-0.01434991553665213,201.2692108154297
2763,2022-12-23,0.8950434832969213,0.902938421709354,0.9064848693768163,0.8927636839017455,0.04606351218786632,-0.00987923808097968,0.006586158720653157,0.0004222160907619843,0.010428106114744096,-0.03255645940978358,202.748046875
2764,2022-12-27,0.9030650736523567,0.9072447810348313,0.9110022723265438,0.9022629661537176,0.051740440767642566,0.00802159035543537,0.004306359325477294,0.004517402949727578,0.009499282251972052,0.005676928579776246,203.71502685546875
2765,2022-12-28,0.9116355320415565,0.895845655216691,0.9140842436414894,0.8950856791375453,0.05692156772473094,0.008570458389199787,-0.011399125818140288,0.0030819713149455863,-0.007177287016172262,0.005181126957088375,201.15545654296875
2766,2022-12-29,0.8996453423490276,0.9066537171604427,0.908764668771992,0.8982943668166238,0.06657553360649641,-0.011990189692528852,0.010808061943751723,-0.005319574869497412,0.003208687679078448,0.009653965881765474,203.5823211669922
2767,2022-12-30,0.90340283364074,0.9047538735942745,0.905598241354668,0.8947479191491616,0.05666304259290083,0.0037574912917124337,-0.0018998435661682356,-0.0031664274173239804,-0.0035464476674621492,-0.009912491013595585,203.1557159423828
