,date,open,close,high,low,volume,dopen,dclose,dhigh,dlow,dvolume,price
0,2012-01-03,0.7675631275368288,0.7911635842536745,0.7936334019260036,0.7661910298709442,0.10028081178839335,0.7675631275368288,0.7911635842536745,0.7936334019260036,0.7661910298709442,0.10028081178839335,28.82999992370605
1,2012-01-04,0.7799122158984739,0.7790889258936408,0.7886937665813456,0.7755214405570382,0.0643679062060118,0.012349088361645166,-0.012074658360033741,-0.004939635344658022,0.00933041068609397,-0.035912905582381555,28.38999938964844
2,2012-01-05,0.7683864175416621,0.782382033570803,0.7862239489090167,0.7670143198757775,0.04938759510361171,-0.011525798356811778,0.003293107677162288,-0.0024698176723289,-0.008507120681260694,-0.014980311102400085,28.51000022888184
3,2012-01-06,0.7843029912399097,0.7659165998693331,0.7851262812447429,0.7637212121986151,0.07369349464568893,0.015916573698247505,-0.01646543370146991,-0.0010976676642737715,-0.003293107677162399,0.024305899542077222,27.90999984741211
4,2012-01-09,0.777716828227756,0.7719539028782647,0.7796377858968628,0.768111987540051,0.04147390552892753,-0.006586163012153645,0.006037303008931572,-0.005488495347880096,0.0043907753414359485,-0.0322195891167614,28.1299991607666
5,2012-01-10,0.801866092605653,0.7972008872626062,0.8059824902876487,0.7952799295934994,0.06803057569980223,0.024149264377896995,0.025246984384341475,0.026344704390785845,0.027167942053448302,0.026556670170874694,29.049999237060547
6,2012-01-11,0.7941822619292258,0.7996707049349353,0.806256867947089,0.7911635842536745,0.056140619710279206,-0.007683830676427195,0.002469817672329122,0.0002743776594402725,-0.004116345339824856,-0.01188995598952302,29.13999938964844
7,2012-01-12,0.8122942232981913,0.8043359102779821,0.8188803863103451,0.7988474672722726,0.06276000926536357,0.018111961368965535,0.004665205343046819,0.012623518363256148,0.0076838830185981255,0.006619389555084364,29.309999465942383
8,2012-01-13,0.7941822619292258,0.7908891542520635,0.7999451349365464,0.7856750889057944,0.05272847139318996,-0.018111961368965535,-0.013446756025918605,-0.0189352513737987,-0.013172378366478221,-0.010031537872173611,28.81999969482422
9,2012-01-17,0.8065312979487002,0.8010428549429907,0.8122942232981913,0.7980241772674393,0.04040304331557472,0.012349036019474346,0.010153700690927137,0.012349088361644944,0.012349088361644944,-0.01232542807761524,29.190000534057617
10,2012-01-18,0.8046103402795932,0.8136663209640761,0.8164105686380161,0.8026893826104864,0.05486841401920781,-0.0019209576691069374,0.012623466021085439,0.004116345339824745,0.004665205343047041,0.014465370703633094,29.649999618530277
11,2012-01-19,0.8131174609608538,0.816136138636405,0.8180570963055118,0.8098244056258624,0.0466325748801739,0.008507120681260583,0.0024698176723289,0.001646527667495734,0.007135023015376052,-0.008235839139033911,29.739999771118164
12,2012-01-20,0.8150384709721314,0.8567508367157717,0.8575741267206051,0.8120197932965803,0.09856493772606596,0.0019210100112776463,0.040614698079366685,0.039517030415093246,0.0021953876707178077,0.05193236284589206,31.21999931335449
13,2012-01-23,0.8548298790466651,0.8614160420588188,0.8734907004188526,0.8548298790466651,0.07094952158651534,0.03979140807453363,0.004665205343047152,0.015916573698247505,0.042810085750084825,-0.027615416139550625,31.38999938964844
14,2012-01-24,0.8586718467270494,0.852908921377558,0.8627881920668742,0.8512623937100624,0.047956452791190776,0.0038419676803843616,-0.008507120681260805,-0.01070250835197839,-0.0035674853366026715,-0.02299306879532456,31.07999992370605
15,2012-01-25,0.8490670060393445,0.8883095541106559,0.8913282317862071,0.8416575530223575,0.12884093865260232,-0.009604840687704952,0.0354006327330979,0.028540039719332944,-0.009604840687704952,0.08088448586141155,32.369998931884766
16,2012-01-26,0.9014818801349634,0.8899561341203225,0.9020307401381856,0.8874863164479935,0.08289863335887247,0.05241487409561896,0.001646580009666554,0.010702508351978501,0.04582876342563602,-0.04594230529372985,32.43000030517578
17,2012-01-27,0.8913282317862071,0.9045005578105146,0.905598277816959,0.8910538541267669,0.05518949450314488,-0.010153648348756317,0.014544423690192154,0.0035675376787733803,0.0035675376787733803,-0.027709138855727594,32.959999084472656
18,2012-01-30,0.891602714129989,0.8927003294520918,0.8992865448064163,0.8877606941074337,0.054087272597687225,0.00027448234378191216,-0.01180022835842287,-0.006311733010542664,-0.003293160019333108,-0.0011022219054576538,32.529998779296875
19,2012-01-31,0.9075192354860658,0.8858397364383269,0.9083424731487283,0.8787047657651218,0.06897528642446056,0.015916521356076796,-0.0068605930137648485,0.009055928342311947,-0.009055928342311947,0.014888013826773336,32.279998779296875
20,2012-02-01,0.9047750401542966,0.8992865448064163,0.9072448578266256,0.8948957694649805,0.06588457495144594,-0.0027441953317692835,0.013446808368089425,-0.0010976153221027296,0.016191003699858708,-0.0030907114730146235,32.77000045776367
21,2012-02-02,0.9009331248160829,0.915477548506275,0.9179473661786041,0.8979144471405317,0.08190296313454377,-0.003841915338213653,0.016191003699858708,0.010702508351978501,0.0030186776755511957,0.016018388183097837,33.36000061035156
22,2012-02-03,0.9045005578105146,0.8970911047935276,0.9075192354860658,0.8883095541106559,0.08863318069240775,0.0035674329944317407,-0.018386443712747447,-0.010428130692538229,-0.009604893029875772,0.006730217557863974,32.689998626708984
23,2012-02-06,0.8894072741171003,0.8968167271340873,0.90312846014463,0.8883095541106559,0.047814265096306326,-0.015093283693414339,-0.0002743776594402725,-0.0043907753414358375,0.0,-0.04081891559610142,32.68000030517578
24,2012-02-07,0.8924259517926515,0.9127332484901641,0.9165752685127194,0.8883095541106559,0.06886588386223116,0.0030186776755511957,0.015916521356076796,0.013446808368089425,0.0,0.02105161876592484,33.2599983215332
25,2012-02-08,0.9127332484901641,0.9066959978234034,0.9173985061753819,0.8973655871373095,0.056921048411524684,0.020307296697512633,-0.006037250666760752,0.0008232376626624571,0.009056033026653587,-0.01194483545070648,33.040000915527344
26,2012-02-09,0.9157519261657153,0.9028540824851897,0.9184962261818262,0.9001097824690788,0.05535199472586996,0.0030186776755511957,-0.003841915338213653,0.0010977200064443693,0.0027441953317692835,-0.0015690536856547213,32.900001525878906
27,2012-02-10,0.893249189455314,0.8921514694488696,0.9028540824851897,0.8885840364544378,0.043705432710297025,-0.022502736710401372,-0.010702613036320141,-0.015642143696636523,-0.011525746014640958,-0.011646562015572938,32.5099983215332
28,2012-02-13,0.8979144471405317,0.8987376848031942,0.9025796001414078,0.8918770917894293,0.03378757372200346,0.00466525768521775,0.006586215354324576,-0.00027448234378191216,0.003293055334991468,-0.009917858988293567,32.75
29,2012-02-14,0.8998354048096385,0.8929748117958737,0.9020307401381856,0.8869374564447713,0.04154731571726387,0.0019209576691068264,-0.005762873007320479,-0.0005488600032221846,-0.004939635344658022,0.007759741995260409,32.540000915527344
30,2012-02-15,0.90312846014463,0.8905049941235447,0.90312846014463,0.8828210587627757,0.054246565579174316,0.003293055334991468,-0.002469817672329011,0.0010977200064443693,-0.004116397681995565,0.012699249861910449,32.45000076293945
31,2012-02-16,0.8759605180911817,0.8937980494585361,0.8951701471244208,0.8732162704172416,0.050667284357571764,-0.027167942053448302,0.003293055334991468,-0.007958313020209218,-0.009604788345534132,-0.0035792812216025524,32.56999969482422
32,2012-02-17,0.8959934894714249,0.8858397364383269,0.8959934894714249,0.881723443440673,0.03712666821089393,0.02003297138024318,-0.007958313020209218,0.0008233423470040968,0.008507173023431402,-0.013540616146677835,32.279998779296875
33,2012-02-21,0.9034028378040703,0.9160264085094972,0.9187706038412665,0.9014818801349634,0.07333535270744615,0.0074093483326453935,0.030186672071170317,0.022777114369841645,0.01975843669429045,0.03620868449655222,33.380001068115234
34,2012-02-22,0.908068095489288,0.9176728838348222,0.9204171838509331,0.9064215154796215,0.07965005434492098,0.00466525768521775,0.0016464753253249143,0.001646580009666554,0.004939635344658022,0.006314701637474829,33.439998626708984
35,2012-02-23,0.9283754968711422,0.9440176405677787,0.9497805135750992,0.9226125191794802,0.11743385064946635,0.020307401381854162,0.026344756732956554,0.02936332972416611,0.016191003699858708,0.03778379630454537,34.400001525878906
36,2012-02-24,0.9448408782304412,0.9431942982207746,0.9508782335815436,0.9390780052231207,0.059227054861643175,0.01646538135929898,-0.0008233423470040968,0.0010977200064443693,0.01646548604364051,-0.05820679578782317,34.369998931884766
37,2012-02-27,0.9423710605581122,0.9429199205613343,0.9503293735783214,0.9379802852166763,0.057202572920193144,-0.002469817672329011,-0.0002743776594402725,-0.0005488600032221846,-0.0010977200064443693,-0.0020244819414500306,34.36000061035156
38,2012-02-28,0.9610318819302999,0.983260240981261,0.9925905469830132,0.9580132042547487,0.12472497906384192,0.01866082137218772,0.040340320419926634,0.04226117340469182,0.02003291903807236,0.06752240614364877,35.83000183105469
39,2012-02-29,0.9879253939821371,0.9206915615103733,1.0,0.9028540824851897,0.3255920032785133,0.02689351205183721,-0.06256867947088762,0.007409453016986811,-0.05515912176955895,0.20086702421467137,33.54999923706055
40,2012-03-01,0.9259056791988133,0.9451152558898814,0.9506037512377616,0.9250823368518092,0.1087365251322987,-0.0620197147833238,0.024423694379508087,-0.04939624876223836,0.02222825436661946,-0.2168554781462146,34.439998626708984
41,2012-03-02,0.9316685522061336,0.9264544345176938,0.9346872298816848,0.9152030661624931,0.08526914099388842,0.005762873007320368,-0.018660821372187608,-0.015916521356076796,-0.009879270689316044,-0.023467384138410277,33.7599983215332
42,2012-03-05,0.922063659176258,0.9064215154796215,0.922063659176258,0.8937980494585361,0.08993353883434599,-0.00960489302987566,-0.02003291903807236,-0.012623570705426856,-0.021405016703957003,0.004664397840457565,33.029998779296875
43,2012-03-06,0.8726674104140194,0.8784302834213399,0.8836444011097798,0.8655324397408143,0.11852858899203535,-0.04939624876223858,-0.02799123205828158,-0.03841925806647817,-0.02826560971772185,0.02859505015768936,32.0099983215332
44,2012-03-07,0.879253625768344,0.8894072741171003,0.8954446294682027,0.8743139904236858,0.06686527804999733,0.006586215354324576,0.010976990695760414,0.01180022835842287,0.008781550682871564,-0.05166331094203802,32.40999984741211
45,2012-03-08,0.8987376848031942,0.9014818801349634,0.9053239001575187,0.8894072741171003,0.05190278495447499,0.019484059034850176,0.012074606017863143,0.009879270689316044,0.01509328369341445,-0.014962493095522333,32.849998474121094
46,2012-03-09,0.8902305117797628,0.9116356331680614,0.9176728838348222,0.8861142187821088,0.0693576608520571,-0.008507173023431402,0.010153753033097956,0.012348983677303416,-0.003293055334991468,0.0174548758975821,33.220001220703125
47,2012-03-12,0.90312846014463,0.8954446294682027,0.9034028378040703,0.8894072741171003,0.0449191953388094,0.01289794836486724,-0.016191003699858708,-0.014270046030751882,0.003293055334991468,-0.024438465513247694,32.630001068115234
48,2012-03-13,0.8874863164479935,0.8852908764351047,0.9003842648128607,0.879253625768344,0.09688897599914474,-0.015642143696636523,-0.010153753033097956,-0.003018572991209556,-0.010153648348756317,0.05196978066033534,32.2599983215332
49,2012-03-14,0.871569742749746,0.8581229867238273,0.8830955411065576,0.8433040806898532,0.13804928460702387,-0.015916573698247505,-0.027167889711277482,-0.017288723706303077,-0.0359495450784908,0.04116030860787913,31.270000457763672
50,2012-03-15,0.8564764067141607,0.8652580097392032,0.8770581857554552,0.8512623937100624,0.06372325071717477,-0.01509333603558527,0.007135023015375941,-0.006037355351102391,0.007958313020209218,-0.0743260338898491,31.530000686645508
51,2012-03-16,0.8685510650741948,0.8669045374066989,0.872118602752968,0.8630626220684853,0.04483010530442065,0.012074658360034074,0.001646527667495734,-0.004939583002487202,0.01180022835842287,-0.018893145412754123,31.59000015258789
52,2012-03-19,0.8669045374066989,0.8776070457586774,0.8819978211001133,0.8649835797375921,0.05310550041872316,-0.0016465276674958451,0.010702508351978501,0.009879218347145224,0.0019209576691068264,0.00827539511430251,31.979999542236328
53,2012-03-20,0.8605928043961562,0.8548298790466651,0.8663556774034767,0.8468716183686265,0.06656807369527645,-0.006311733010542775,-0.022777166712012353,-0.015642143696636523,-0.018111961368965646,0.013462573276553293,31.149999618530277
54,2012-03-21,0.8551043090482761,0.8564764067141607,0.8638858597311477,0.8512623937100624,0.041840243750334086,-0.005488495347880096,0.001646527667495623,-0.002469817672329011,0.0043907753414359485,-0.024727829944942367,31.209999084472656
55,2012-03-22,0.8378156376841438,0.8380900676857549,0.8444018006962976,0.8290340346591014,0.08391924879283004,-0.017288671364132258,-0.018386339028405807,-0.019484059034850176,-0.02222835905096099,0.042079005042495954,30.540000915527344
56,2012-03-23,0.8468716183686265,0.857299696718994,0.8608672343977674,0.8438529406930754,0.04929743598881029,0.009055980684482656,0.019209629033239084,0.0164654337014698,0.014818906033973955,-0.03462181280401975,31.239999771118164
57,2012-03-26,0.8710208827465237,0.8765093780944039,0.8781559057618996,0.8680022050709725,0.04506031395328119,0.024149264377897217,0.019209681375409904,0.017288671364132258,0.024149264377897106,-0.004237122035529103,31.940000534057617
58,2012-03-27,0.8800768634310064,0.8669045374066989,0.8830955411065576,0.8658068174002546,0.04222439997861839,0.009055980684482767,-0.009604840687704952,0.004939635344658022,-0.0021953876707179187,-0.0028359139746627973,31.59000015258789
59,2012-03-28,0.8644347197343699,0.8548298790466651,0.8663556774034767,0.8468716183686265,0.06575771074247634,-0.015642143696636523,-0.012074658360033852,-0.016739863703080893,-0.018935199031628103,0.02353331076385795,31.149999618530277
60,2012-03-29,0.8507135337068402,0.8603183743945452,0.8605928043961562,0.843029650688242,0.05457548598613759,-0.013721186027529697,0.005488495347880096,-0.00576287300732059,-0.0038419676803844727,-0.011182224756338753,31.350000381469727
61,2012-03-30,0.8666301074050877,0.8611416120572076,0.8699232150822501,0.8594950843897119,0.027102613901608966,0.015916573698247505,0.0008232376626624571,0.00933041068609397,0.01646543370146991,-0.027472872084528623,31.3799991607666
62,2012-04-02,0.8652580097392032,0.8795280034277843,0.8861142187821088,0.8636114297295365,0.0555323129554728,-0.0013720976658845307,0.018386391370576627,0.016191003699858708,0.004116345339824634,0.028429699053863833,32.04999923706055
63,2012-04-03,0.879253625768344,0.8685510650741948,0.8874863164479935,0.8655324397408143,0.08617857206492882,0.01399561602914079,-0.010976938353589483,0.0013720976658846418,0.0019210100112777573,0.030646259109456023,31.649999618530277
64,2012-04-04,0.8408342630175243,0.8323271423362636,0.8446762306979086,0.826289839327332,0.0923931365037507,-0.0384193627508197,-0.03622392273793118,-0.042810085750084825,-0.039242600413482265,0.0062145644388218735,30.32999992370605
65,2012-04-05,0.8389133053484173,0.843029650688242,0.8479692860329002,0.8378156376841438,0.043281007786469004,-0.0019209576691069374,0.01070250835197839,0.003293055334991579,0.011525798356811778,-0.04911212871728169,30.71999931335449
66,2012-04-09,0.8449506606995197,0.8394621653516395,0.8468716183686265,0.8345225300069815,0.032981487090854016,0.006037355351102391,-0.0035674853366024495,-0.0010976676642737715,-0.003293107677162288,-0.010299520695614989,30.59000015258789
67,2012-04-10,0.8419319830239685,0.8449506606995197,0.8490670060393445,0.8295828946623236,0.054260819984676516,-0.0030186776755511957,0.005488495347880207,0.0021953876707180298,-0.004939635344657911,0.0212793328938225,30.790000915527344
68,2012-04-11,0.8435785106914643,0.8411086930191354,0.8485181460361223,0.8361690576744772,0.032085597705040714,0.001646527667495734,-0.0038419676803843616,-0.0005488600032221846,0.006586163012153645,-0.022175222279635802,30.649999618530277
69,2012-04-12,0.8424808430271907,0.862239332063652,0.8682766350725837,0.8422064130255796,0.05413609393653226,-0.0010976676642735494,0.02113063904451662,0.01975848903646138,0.006037355351102391,0.022050496231491544,31.420000076293945
70,2012-04-13,0.8583974167254383,0.8383644453451952,0.8589462243864897,0.8347969600085926,0.060717709317035795,0.015916573698247616,-0.023874886718456834,-0.00933041068609397,-0.007409453016987033,0.006581615380503537,30.549999237060547
71,2012-04-16,0.8413831230207464,0.8386388753468063,0.8449506606995197,0.8339736700037594,0.03225308696969157,-0.017014293704691985,0.0002744300016110923,-0.01399556368696997,-0.0008232900048331659,-0.028464622347344225,30.559999465942383
72,2012-04-17,0.8474204260296779,0.84522503835896,0.8504391037052291,0.8361690576744772,0.04055877269568626,0.006037303008931572,0.006586163012153756,0.005488443005709387,0.0021953876707178077,0.008305685725994688,30.799999237060547
73,2012-04-18,0.8402854553564728,0.8408342630175243,0.8441273706946866,0.8356202500134259,0.02924398196817704,-0.007134970673205121,-0.0043907753414357265,-0.006311733010542553,-0.0005488076610513648,-0.011314790727509218,30.63999938964844
74,2012-04-19,0.8471460483702377,0.84522503835896,0.8537322113823913,0.843029650688242,0.03953708818131604,0.0068605930137648485,0.0043907753414357265,0.00960484068770473,0.007409400674816102,0.010293106213138996,30.799999237060547
75,2012-04-20,0.8444018006962976,0.8438529406930754,0.8465971883670155,0.8411086930191354,0.02456996240400549,-0.0027442476739401034,-0.0013720976658846418,-0.00713502301537583,-0.0019209576691066044,-0.014967125777310547,30.75
76,2012-04-23,0.8188803863103451,0.8224478716469475,0.8229967316501698,0.8122942232981913,0.05573722003456694,-0.025521414385952457,-0.021405069046127823,-0.02360045671684563,-0.028814469720944036,0.031167257630561447,29.96999931335449
77,2012-04-24,0.8268386469883835,0.8213502039826741,0.8295828946623236,0.8169594286412383,0.030162678402793863,0.007958260678038398,-0.0010976676642734384,0.006586163012153756,0.00466520534304693,-0.025574541631773074,29.93000030517578
78,2012-04-25,0.8232711616517809,0.8194292463135672,0.8232711616517809,0.7982986072690506,0.08956541881225166,-0.0035674853366025605,-0.0019209576691069374,-0.006311733010542664,-0.01866082137218772,0.0594027404094578,29.86000061035156
79,2012-04-26,0.8202524839762297,0.828210796996439,0.8339736700037594,0.8172338586428494,0.038111647631095986,-0.0030186776755511957,0.008781550682871786,0.010702508351978501,0.01893525137379881,-0.051453771181155676,30.18000030517578
80,2012-04-27,0.8364434876760883,0.833424862342708,0.8375412076825327,0.8304061846671569,0.02488213388450368,0.016191003699858597,0.005214065346269003,0.0035675376787732693,0.013172326024307512,-0.013229513746592307,30.3700008392334
81,2012-04-30,0.8197036763151784,0.826289839327332,0.82848522699805,0.8147640409705204,0.03895051939490048,-0.016739811360909962,-0.007135023015375941,-0.009055980684482656,-0.015642143696636523,0.014068385510396804,30.11000061035156
82,2012-05-01,0.8331504323410969,0.8249176893192767,0.8353458200118148,0.8229967316501698,0.03163587121144629,0.013446756025918494,-0.0013721500080553506,0.0068605930137647375,0.00823269067964949,-0.007314648183454196,30.059999465942383
83,2012-05-02,0.8144896109689093,0.8172338586428494,0.8172338586428494,0.8095499756242512,0.03676460631113804,-0.018660821372187608,-0.007683830676427306,-0.018111961368965424,-0.013446756025918605,0.00512873509969175,29.780000686645508
84,2012-05-03,0.809001115621029,0.8037871026169308,0.811745363294969,0.7955543595951104,0.05021898330452756,-0.005488495347880207,-0.013446756025918605,-0.005488495347880318,-0.01399561602914079,0.01345437699338952,29.290000915527344
85,2012-05-04,0.8010428549429907,0.8070801579519222,0.811745363294969,0.7996707049349353,0.049823067191703936,-0.007958260678038398,0.003293055334991468,0.0,0.004116345339824856,-0.0003959161128236216,29.40999984741211
86,2012-05-07,0.8059824902876487,0.801591662604042,0.806256867947089,0.7906147242504524,0.04659515706573063,0.004939635344658022,-0.005488495347880207,-0.005488495347880096,-0.009055980684482878,-0.0032279101259733087,29.209999084472656
87,2012-05-08,0.784851851243132,0.7862239489090167,0.787321668915461,0.7760703005602603,0.07493291520410526,-0.02113063904451673,-0.01536771369502532,-0.01893519903162799,-0.014544423690192154,0.028337758138374636,28.649999618530277
88,2012-05-09,0.770307375210769,0.7788144958920296,0.7812843135643585,0.7675631275368288,0.06602640628619283,-0.014544476032362974,-0.007409453016987144,-0.006037355351102502,-0.008507173023431513,-0.008906508917912434,28.3799991607666
89,2012-05-10,0.7810098835627475,0.775247010555427,0.784851851243132,0.7738749128895424,0.03725103789890063,0.010702508351978501,-0.0035674853366025605,0.0035675376787734914,0.006311785352713595,-0.0287753683872922,28.25
90,2012-05-11,0.7607025345230639,0.77058180521238,0.7757958705586492,0.7571350491864615,0.04229389020544162,-0.020307349039683564,-0.004665205343047041,-0.009055980684482767,-0.016739863703080893,0.005042852306540994,28.07999992370605
91,2012-05-14,0.7590560068555683,0.7524698438434145,0.7593304368571794,0.7513721238369702,0.05428291431320492,-0.001646527667495623,-0.018111961368965424,-0.0164654337014698,-0.005762925349491299,0.0119890241077633,27.420000076293945
92,2012-05-15,0.7486279285052009,0.7371021301483891,0.7530187038466367,0.7351811724792823,0.05236462769274629,-0.010428078350367409,-0.015367713695025431,-0.006311733010542664,-0.01619095135768789,-0.001918286620458634,26.86000061035156
93,2012-05-16,0.7313392047988979,0.7236553741224706,0.7461581108328719,0.7132272434299324,0.08710439570229674,-0.017288723706302966,-0.013446756025918494,-0.0068605930137648485,-0.021953929049349896,0.03473976800955045,26.3700008392334
94,2012-05-17,0.739297517819107,0.7475302084987565,0.7546652315141325,0.7327113548069533,0.07717477682946386,0.007958313020209107,0.023874834376285903,0.008507120681260583,0.019484111377020885,-0.009929618872832877,27.239999771118164
95,2012-05-18,0.758232716850735,0.7626235445343417,0.7708562352139912,0.7574094791880726,0.06389038362168807,0.01893519903162799,0.015093336035585159,0.016191003699858708,0.02469812438111929,-0.013284393207775788,27.790000915527344
96,2012-05-21,0.7497255961694744,0.7596048668587905,0.7598792968604016,0.7478046385003676,0.037043992658981166,-0.008507120681260583,-0.0030186776755511957,-0.010976938353589594,-0.009604840687704952,-0.026846390962706905,27.68000030517578
97,2012-05-22,0.7552140915173546,0.7502744561726966,0.7672886975352178,0.7445115308232053,0.04401510966983233,0.005488495347880207,-0.00933041068609386,0.007409400674816213,-0.003293107677162288,0.006971117010851166,27.34000015258789
98,2012-05-23,0.7395719478207181,0.7423161431524874,0.7434138631589318,0.7225576541160261,0.07629884361135364,-0.015642143696636523,-0.007958313020209218,-0.023874834376286014,-0.021953876707179187,0.03228373394152131,27.049999237060547
99,2012-05-24,0.7579583391912947,0.7530187038466367,0.7593304368571794,0.7461581108328719,0.04057979794380201,0.018386391370576627,0.010702560694149321,0.015916573698247616,0.02360045671684574,-0.03571904566755163,27.440000534057617
100,2012-05-25,0.7530187038466367,0.7579583391912947,0.7615258245278973,0.7508233161759187,0.02563013381323165,-0.004939635344658022,0.004939635344658022,0.0021953876707179187,0.004665205343046819,-0.014949664130570358,27.6200008392334
101,2012-05-29,0.7609769645246751,0.7436882931605429,0.7645445022034484,0.7390230878174959,0.051372521069793134,0.007958260678038398,-0.014270046030751882,0.0030186776755510847,-0.01180022835842276,0.025742387256561482,27.100000381469727
102,2012-05-30,0.7349067424776712,0.744237153163765,0.7508233161759187,0.7296926771314022,0.040867380574808904,-0.026070222047003933,0.0005488600032221846,-0.013721186027529697,-0.009330410686093749,-0.01050514049498423,27.1200008392334
103,2012-05-31,0.7445115308232053,0.7398463254801584,0.7491767361662522,0.7335345924696157,0.034889082907186,0.009604788345534132,-0.004390827683606657,-0.001646580009666443,0.003841915338213542,-0.005978297667622902,26.959999084472656
104,2012-06-01,0.7538419415092991,0.7579583391912947,0.7650933098644999,0.7500000261710854,0.07009176273542042,0.009330410686093749,0.018112013711136354,0.015916573698247616,0.01646543370146969,0.03520267982823442,27.6200008392334
105,2012-06-04,0.7565861891832393,0.7535675115076881,0.7571350491864615,0.7456092508296497,0.035364467330684386,0.0027442476739402144,-0.004390827683606657,-0.007958260678038398,-0.0043907753414357265,-0.034727295404736035,27.459999084472656
106,2012-06-05,0.7546652315141325,0.7607025345230639,0.7612513945262862,0.7535675115076881,0.038154410847602585,-0.0019209576691068264,0.00713502301537583,0.004116345339824745,0.007958260678038398,0.002789943516918199,27.71999931335449
107,2012-06-06,0.7900659165894011,0.782382033570803,0.7963776495999437,0.7790889258936408,0.0767268321365572,0.03540068507526861,0.021679499047739137,0.03512625507365752,0.02552141438595268,0.03857242128895462,28.51000022888184
108,2012-06-07,0.7886937665813456,0.7626235445343417,0.7892426265845679,0.7563117591816282,0.07972132637243198,-0.0013721500080554616,-0.01975848903646138,-0.00713502301537583,-0.022777166712012575,0.0029944942358747784,27.790000915527344
109,2012-06-08,0.7497255961694744,0.7615258245278973,0.7620746845311195,0.7497255961694744,0.028518076367977478,-0.03896817041187117,-0.0010977200064443693,-0.027167942053448413,-0.006586163012153756,-0.051203250004454505,27.75
110,2012-06-11,0.7634467821970041,0.7626235445343417,0.7642700722018374,0.7538419415092991,0.026068813142561872,0.013721186027529697,0.0010977200064443693,0.0021953876707179187,0.004116345339824634,-0.0024492632254156065,27.790000915527344
111,2012-06-12,0.7697585152075468,0.7716795252188244,0.7746981505522048,0.7637212121986151,0.04337045418099531,0.006311733010542664,0.009055980684482767,0.010428078350367409,0.009879270689316044,0.01730164103843344,28.1200008392334
112,2012-06-13,0.7736004828879313,0.7686608475432734,0.7755214405570382,0.7672886975352178,0.028281453236640948,0.0038419676803844727,-0.0030186776755510847,0.000823290004833388,0.0035674853366026715,-0.015089000944354364,28.01000022888184
113,2012-06-14,0.7692097075464954,0.7634467821970041,0.7694841375481065,0.7502744561726966,0.0488712292642945,-0.0043907753414358375,-0.0052140653462692255,-0.006037303008931683,-0.017014241362521165,0.02058977602765355,27.81999969482422
114,2012-06-15,0.7634467821970041,0.763172352195393,0.7670143198757775,0.7609769645246751,0.022529444256365484,-0.005762925349491299,-0.0002744300016110923,-0.002469817672329011,0.010702508351978501,-0.026341785007929015,27.809999465942383
115,2012-06-18,0.7557629515205768,0.7648189322050596,0.76783755753844,0.7535675115076881,0.033780446519252355,-0.007683830676427306,0.001646580009666554,0.0008232376626624571,-0.007409453016987033,0.011251002262886872,27.8700008392334
116,2012-06-19,0.7664654598725553,0.7585071468523462,0.7672886975352178,0.7541163715109103,0.0279047805712453,0.010702508351978501,-0.006311785352713373,-0.0005488600032221846,0.0005488600032221846,-0.0058756659480070535,27.63999938964844
117,2012-06-20,0.7513721238369702,0.7480790685019788,0.7634467821970041,0.7376509378094405,0.09003510147354916,-0.015093336035585159,-0.010428078350367409,-0.003841915338213653,-0.0164654337014698,0.06213032090230386,27.26000022888184
118,2012-06-21,0.7351811724792823,0.7167947811087058,0.7376509378094405,0.7151482010990392,0.07729130659444435,-0.01619095135768789,-0.03128428739327305,-0.02579584438756366,-0.02250273671040126,-0.01274379487910482,26.1200008392334
119,2012-06-22,0.7129528134283213,0.7176180187713683,0.7178924487729793,0.7080131780836633,0.034990289186251626,-0.02222835905096099,0.0008232376626625681,-0.019758489036461158,-0.007135023015375941,-0.04230101740819272,26.149999618530277
120,2012-06-25,0.7135016734315435,0.7329857324663935,0.7365532701451669,0.7118551457640477,0.041271492970796284,0.0005488600032221846,0.015367713695025209,0.018660821372187608,0.0038419676803844727,0.0062812037845446575,26.709999084472656
121,2012-06-26,0.7258507617931885,0.721734364111193,0.7285949571249578,0.7140505334347657,0.028024517577463784,0.012349088361645055,-0.011251368355200575,-0.007958313020209107,0.0021953876707179187,-0.0132469753933325,26.299999237060547
122,2012-06-27,0.7263995694542398,0.717069158768146,0.7272228594590732,0.7126783834267101,0.03149617803752472,0.0005488076610512538,-0.00466520534304693,-0.0013720976658846418,-0.0013721500080555726,0.003471660460060935,26.1299991607666
123,2012-06-28,0.7135016734315435,0.7033479727406163,0.7140505334347657,0.6953897120625779,0.06343103540437967,-0.012897896022696309,-0.013721186027529697,-0.013172326024307512,-0.017288671364132147,0.031934857366854946,25.6299991607666
124,2012-06-29,0.7329857324663935,0.7313392047988979,0.7398463254801584,0.7244786117851331,0.048438251697165154,0.019484059034850065,0.02799123205828158,0.02579579204539273,0.029088899722555128,-0.014992783707214512,26.649999618530277
125,2012-07-02,0.731613634800509,0.7335345924696157,0.7354555501387225,0.7277717194622954,0.022300661048055163,-0.0013720976658845307,0.0021953876707178077,-0.0043907753414358375,0.003293107677162288,-0.02613759064910999,26.729999542236328
126,2012-07-03,0.7497255961694744,0.7543908015125214,0.7574094791880726,0.7478046385003676,0.03559182509844449,0.018111961368965424,0.020856209042905638,0.021953929049350007,0.02003291903807225,0.013291164050389326,27.489999771118164
127,2012-07-05,0.7354555501387225,0.7376509378094405,0.7431394331573207,0.7338090224712268,0.03175560821766477,-0.014270046030751882,-0.016739863703080893,-0.014270046030751882,-0.01399561602914079,-0.0038362168807797165,26.8799991607666
128,2012-07-06,0.7253019017899663,0.721734364111193,0.7269484294574621,0.7173435887697572,0.03600484649787075,-0.010153648348756206,-0.015916573698247505,-0.016191003699858597,-0.01646543370146958,0.004249238280205979,26.299999237060547
129,2012-07-09,0.7247530417867442,0.7283205794655175,0.7324369248053423,0.7239297517819109,0.020999946545979368,-0.0005488600032221846,0.006586215354324576,0.005488495347880207,0.006586163012153645,-0.015004899951891384,26.540000915527344
130,2012-07-10,0.7302415371346243,0.7151482010990392,0.7307903447956757,0.7118551457640477,0.036557204711081016,0.005488495347880096,-0.013172378366478332,-0.001646580009666554,-0.012074606017863143,0.015557258165101649,26.059999465942383
131,2012-07-11,0.7187157387778126,0.7203622664453083,0.7258507617931885,0.7132272434299324,0.03116975215152433,-0.011525798356811667,0.0052140653462691144,-0.004939583002487202,0.0013720976658846418,-0.005387452559556687,26.25
132,2012-07-12,0.7080131780836633,0.7231065141192484,0.72914381712818,0.7060922204145564,0.045102720809650235,-0.010702560694149321,0.0027442476739401034,0.003293055334991468,-0.007135023015375941,0.013932968658125905,26.350000381469727
133,2012-07-13,0.7253019017899663,0.7255763317915774,0.7340834524728379,0.7250274717883552,0.025420237692211748,0.017288723706303077,0.002469817672329011,0.004939635344657911,0.01893525137379881,-0.019682483117438487,26.440000534057617
134,2012-07-16,0.7280461494639064,0.7269484294574621,0.7302415371346243,0.7228320841176373,0.018322969192666107,0.0027442476739401034,0.0013720976658846418,-0.003841915338213653,-0.0021953876707179187,-0.007097268499545641,26.489999771118164
135,2012-07-17,0.7263995694542398,0.7263995694542398,0.7302415371346243,0.7129528134283213,0.04632859968283948,-0.001646580009666665,-0.0005488600032222957,0.0,-0.009879270689316044,0.02800563049017337,26.46999931335449
136,2012-07-18,0.7214599864517527,0.7250274717883552,0.7277717194622954,0.7206366964469194,0.025329722217272775,-0.004939583002487091,-0.0013720976658845307,-0.0024698176723289,0.0076838830185981255,-0.020998877465566702,26.420000076293945
137,2012-07-19,0.7288693871265689,0.7250274717883552,0.7313392047988979,0.7225576541160261,0.022379416638454823,0.007409400674816213,0.0,0.0035674853366025605,0.0019209576691067154,-0.002950305578817952,26.420000076293945
138,2012-07-20,0.7159714911038725,0.726673999455851,0.7305159671362355,0.7151482010990392,0.028319583771359336,-0.01289789602269642,0.001646527667495734,-0.0008232376626624571,-0.007409453016986922,0.0059401671329045135,26.479999542236328
139,2012-07-23,0.7154226311006503,0.719264546438864,0.7239297517819109,0.7129528134283213,0.027240168914705203,-0.0005488600032221846,-0.007409453016987033,-0.006586215354324576,-0.0021953876707179187,-0.0010794148566541338,26.209999084472656
140,2012-07-24,0.7225576541160261,0.7195389764404749,0.7236553741224706,0.7085620380868854,0.025497211481923632,0.00713502301537583,0.0002744300016109813,-0.0002743776594402725,-0.0043907753414358375,-0.0017429574327815708,26.21999931335449
141,2012-07-25,0.7263995694542398,0.7280461494639064,0.7338090224712268,0.7211855564501416,0.03234716604600609,0.003841915338213653,0.008507173023431513,0.010153648348756206,0.012623518363256148,0.00684995456408246,26.530000686645508
142,2012-07-26,0.7362788401435558,0.7329857324663935,0.7390230878174959,0.7285949571249578,0.03002726155052296,0.009879270689316044,0.004939583002487091,0.0052140653462691144,0.007409400674816213,-0.0023199044954831313,26.709999084472656
143,2012-07-27,0.7360044101419447,0.7398463254801584,0.7406696154849917,0.7285949571249578,0.04941111487269034,-0.0002744300016110923,0.0068605930137648485,0.001646527667495734,0.0,0.019383853322167383,26.959999084472656
144,2012-07-30,0.7379253678110517,0.7508233161759187,0.7516465538385814,0.736827700146778,0.03717905315111451,0.0019209576691069374,0.010976990695760303,0.010976938353589705,0.008232743021820199,-0.01223206172157583,27.36000061035156
145,2012-07-31,0.7502744561726966,0.744237153163765,0.7516465538385814,0.7428650031557096,0.028657413181761487,0.012349088361644944,-0.006586163012153645,0.0,0.006037303008931572,-0.008521639969353026,27.1200008392334
146,2012-08-01,0.7258507617931885,0.7283205794655175,0.7351811724792823,0.7231065141192484,0.045026816100351016,-0.024423694379508087,-0.015916573698247505,-0.01646538135929909,-0.019758489036461158,0.01636940291858953,26.540000915527344
147,2012-08-02,0.724204181783522,0.722008794112804,0.7277717194622954,0.717069158768146,0.0343377937743884,-0.001646580009666554,-0.006311785352713484,-0.007409453016986922,-0.006037355351102391,-0.010689022325962617,26.309999465942383
148,2012-08-03,0.7283205794655175,0.7398463254801584,0.7434138631589318,0.726673999455851,0.03176665538192898,0.004116397681995565,0.01783753136735433,0.015642143696636412,0.009604840687704952,-0.0025711383924594197,26.959999084472656
149,2012-08-06,0.7373765601500002,0.743962723162154,0.7453348208280386,0.7365532701451669,0.021508116102132817,0.009055980684482656,0.004116397681995565,0.0019209576691068264,0.009879270689315933,-0.010258539279796162,27.11000061035156
150,2012-08-07,0.7480790685019788,0.7483534985035898,0.7505488861743077,0.7450603908264276,0.023593535627104752,0.010702508351978612,0.0043907753414358375,0.0052140653462691144,0.008507120681260694,0.0020854195249719355,27.270000457763672
151,2012-08-08,0.7456092508296497,0.7467069184939232,0.7521954138418034,0.7450603908264276,0.01944479090568929,-0.002469817672329122,-0.001646580009666554,0.001646527667495734,0.0,-0.0041487447214154614,27.209999084472656
152,2012-08-09,0.7450603908264276,0.748902358506812,0.7505488861743077,0.7447859608248165,0.013240560910856512,-0.0005488600032220736,0.0021954400128887386,-0.001646527667495734,-0.0002744300016110923,-0.006204229994832779,27.290000915527344
153,2012-08-10,0.7403951854833806,0.7480790685019788,0.7541163715109103,0.7381997978126628,0.028163854391247797,-0.004665205343047041,-0.0008232900048331659,0.0035674853366025605,-0.006586163012153756,0.014923293480391285,27.26000022888184
154,2012-08-13,0.7450603908264276,0.7387486578158848,0.7469813484955342,0.7381997978126628,0.016479518201094025,0.004665205343047041,-0.00933041068609397,-0.007135023015376052,0.0,-0.011684336190153771,26.920000076293945
155,2012-08-14,0.7387486578158848,0.7398463254801584,0.7409440454866028,0.7373765601500002,0.011935926447267608,-0.006311733010542775,0.0010976676642735494,-0.0060373030089314605,-0.0008232376626625681,-0.0045435917538264176,26.959999084472656
156,2012-08-15,0.741767335491436,0.7401207554817695,0.7453348208280386,0.7387486578158848,0.0179420202056198,0.0030186776755511957,0.0002744300016110923,0.0043907753414358375,0.0013720976658846418,0.006006093758352191,26.96999931335449
157,2012-08-16,0.7423161431524874,0.7510977461775299,0.7530187038466367,0.7395719478207181,0.026436576804518646,0.0005488076610513648,0.010976990695760414,0.0076838830185981255,0.000823290004833277,0.008494556598898848,27.3700008392334
158,2012-08-17,0.7527442738450256,0.7472557784971454,0.7530187038466367,0.7456092508296497,0.022039805427364896,0.010428130692538229,-0.0038419676803844727,0.0,0.006037303008931572,-0.00439677137715375,27.229999542236328
159,2012-08-20,0.7480790685019788,0.7670143198757775,0.7675631275368288,0.7475302084987565,0.04173511750975536,-0.004665205343046819,0.01975854137863209,0.014544423690192043,0.0019209576691068264,0.019695312082390462,27.950000762939453
160,2012-08-21,0.7768935382229227,0.7785401182325893,0.7854007112463541,0.7768935382229227,0.05013666411275235,0.028814469720943925,0.011525798356811778,0.017837583709525373,0.02936332972416622,0.008401546602996988,28.3700008392334
161,2012-08-22,0.7834797012350765,0.7936334019260036,0.7961032195983327,0.7821076035691918,0.05063378650464159,0.006586163012153756,0.015093283693414339,0.010702508351978612,0.0052140653462691144,0.0004971223918892459,28.920000076293945
162,2012-08-23,0.8147640409705204,0.8122942232981913,0.8199780539746186,0.8084522556178069,0.09243055431819397,0.03128433973544387,0.01866082137218772,0.023874834376285903,0.026344652048615025,0.04179676781355238,29.600000381469727
163,2012-08-24,0.8114709332933581,0.816136138636405,0.8175082886444605,0.8095499756242512,0.041685583450635215,-0.003293107677162288,0.003841915338213653,-0.0024697653301581912,0.0010977200064443693,-0.050744970867558754,29.739999771118164
164,2012-08-27,0.8205269139778408,0.816136138636405,0.8298573246639347,0.816136138636405,0.0490312349660567,0.009055980684482767,0.0,0.012349036019474235,0.006586163012153756,0.007345651515421485,29.739999771118164
165,2012-08-28,0.8213502039826741,0.8213502039826741,0.8232711616517809,0.8158617086347939,0.024865384958038594,0.000823290004833277,0.0052140653462691144,-0.006586163012153756,-0.0002744300016110923,-0.024165850008018106,29.93000030517578
166,2012-08-29,0.8213502039826741,0.8164105686380161,0.8218990639858963,0.8125686532998023,0.03074105090604565,0.0,-0.004939635344658022,-0.0013720976658846418,-0.003293055334991579,0.005875665948007057,29.75
167,2012-08-30,0.8208013439794519,0.8079034479567555,0.821075773981063,0.8035126726153197,0.0411407088003136,-0.0005488600032221846,-0.008507120681260583,-0.000823290004833277,-0.009055980684482656,0.010399657894267948,29.440000534057617
168,2012-08-31,0.8177826663039007,0.8449506606995197,0.84522503835896,0.8046103402795932,0.10048607522762504,-0.0030186776755511957,0.037047212742764235,0.024149264377896995,0.0010976676642735494,0.05934536642731144,30.790000915527344
169,2012-09-04,0.8559275990531093,0.8605928043961562,0.8627881920668742,0.850164673703618,0.06116601037008,0.038144932749208604,0.015642143696636412,0.01756315370791417,0.04555433342402482,-0.03932006485754504,31.36000061035156
170,2012-09-05,0.8589462243864897,0.8581229867238273,0.8605928043961562,0.8534577813807803,0.03199757675106463,0.003018625333380376,-0.0024698176723289,-0.0021953876707180298,0.003293107677162288,-0.029168433619015374,31.270000457763672
171,2012-09-06,0.8688254950758058,0.8690999250774168,0.8765093780944039,0.8638858597311477,0.05677814799636512,0.009879270689316044,0.010976938353589594,0.015916573698247727,0.010428078350367409,0.024780571245300496,31.670000076293945
172,2012-09-07,0.8883095541106559,0.895719007127643,0.8973655871373095,0.884193261113002,0.06010013719865296,0.019484059034850176,0.026619082050226117,0.020856209042905638,0.020307401381854273,0.0033219892022878367,32.63999938964844
173,2012-09-10,0.891602714129989,0.8861142187821088,0.8998354048096385,0.884193261113002,0.045459080947205244,0.003293160019333108,-0.009604788345534132,0.002469817672329011,0.0,-0.014641056251447716,32.290000915527344
174,2012-09-11,0.8968167271340873,0.8894072741171003,0.8987376848031942,0.8874863164479935,0.02881171712132281,0.005214013004098295,0.003293055334991468,-0.0010977200064443693,0.003293055334991468,-0.016647363825882434,32.40999984741211
175,2012-09-12,0.8984633071437539,0.8839187787692201,0.8987376848031942,0.8633369997279255,0.07956060795039467,0.001646580009666554,-0.005488495347880207,0.0,-0.024149316720067926,0.05074889082907186,32.209999084472656
176,2012-09-13,0.8819978211001133,0.9223381415200399,0.9261800568582536,0.8690999250774168,0.1362706911604868,-0.01646548604364062,0.03841936275081981,0.027442372055059394,0.005762925349491299,0.05671008321009212,33.61000061035156
177,2012-09-14,0.9206915615103733,0.922063659176258,0.9237102391859245,0.9146543108436126,0.06234805694634998,0.03869374041026008,-0.00027448234378191216,-0.002469817672329011,0.04555438576619575,-0.0739226342141368,33.599998474121094
178,2012-09-17,0.9187706038412665,0.9053239001575187,0.9209660438541553,0.8992865448064163,0.05385670758868913,-0.0019209576691068264,-0.016739759018739253,-0.0027441953317692835,-0.015367766037196251,-0.008491349357660855,32.9900016784668
179,2012-09-18,0.9135565908371682,0.9250823368518092,0.9322174122093558,0.9113611508242795,0.06977602765354668,-0.005214013004098295,0.01975843669429045,0.011251368355200575,0.012074606017863143,0.01591932006485755,33.709999084472656
180,2012-09-19,0.9217892815168177,0.9212404215135955,0.9253568191955911,0.9152030661624931,0.04333374908682715,0.00823269067964949,-0.003841915338213653,-0.0068605930137647375,0.003841915338213653,-0.026442278566719532,33.56999969482422
181,2012-09-20,0.9168496461721597,0.9215149038573774,0.9234358615264843,0.9064215154796215,0.0442435365180051,-0.004939635344658022,0.00027448234378191216,-0.0019209576691068264,-0.008781550682871675,0.0009097874311779497,33.58000183105469
182,2012-09-21,0.9333150275314586,0.9187706038412665,0.9344127475379029,0.913007730833946,0.08079575218716034,0.01646538135929887,-0.0027443000161109232,0.010976886011418663,0.006586215354324576,0.036552215669155244,33.47999954223633
183,2012-09-24,0.900658642472301,0.9036773201478522,0.910537913161617,0.8992865448064163,0.04467259412362133,-0.03265638505915758,-0.015093283693414339,-0.023874834376285903,-0.013721186027529697,-0.03612315806353901,32.93000030517578
184,2012-09-25,0.9099890531583948,0.8968167271340873,0.9135565908371682,0.8948957694649805,0.062049783511216434,0.00933041068609386,-0.0068605930137648485,0.0030186776755511957,-0.0043907753414358375,0.017377189387595103,32.68000030517578
185,2012-09-26,0.895719007127643,0.9020307401381856,0.905598277816959,0.88913289645766,0.05047271172246672,-0.014270046030751882,0.005214013004098295,-0.007958313020209218,-0.005762873007320479,-0.011577071788749713,32.869998931884766
186,2012-09-27,0.9110867731648392,0.9215149038573774,0.9242590991891467,0.908068095489288,0.04776223651622329,0.015367766037196251,0.019484163719191816,0.01866082137218772,0.01893519903162799,-0.002710475206243429,33.58000183105469
187,2012-09-28,0.9212404215135955,0.9187706038412665,0.9242590991891467,0.9113611508242795,0.04076474885519306,0.010153648348756317,-0.0027443000161109232,0.0,0.003293055334991468,-0.006997487661030234,33.47999954223633
188,2012-10-01,0.9264544345176938,0.9234358615264843,0.935236089884907,0.919593841503929,0.06516936015537302,0.005214013004098295,0.00466525768521775,0.010976990695760303,0.00823269067964949,0.024404611300179957,33.650001525878906
189,2012-10-02,0.9259056791988133,0.9193194638444887,0.9272777768646979,0.9141054508403904,0.042547974983518345,-0.000548755318880545,-0.004116397681995565,-0.007958313020209107,-0.005488390663538567,-0.02262138517185467,33.5
190,2012-10-03,0.924533476848587,0.919593841503929,0.9248079591923689,0.9171240238316,0.02582470644833669,-0.0013722023502262815,0.0002743776594402725,-0.002469817672329011,0.003018572991209556,-0.016723268535181655,33.5099983215332
191,2012-10-04,0.9253568191955911,0.9311196922029115,0.932766272212578,0.9223381415200399,0.04322684104556064,0.0008233423470040968,0.011525850698982487,0.007958313020209107,0.005214117688439934,0.01740213459722395,33.93000030517578
192,2012-10-05,0.9261800568582536,0.9179473661786041,0.9286498745305825,0.9119100108275017,0.048830604208613224,0.0008232376626624571,-0.013172326024307401,-0.004116397681995565,-0.010428130692538229,0.005603763163052583,33.45000076293945
193,2012-10-08,0.9028540824851897,0.9047750401542966,0.9077937178298477,0.9009331248160829,0.02129144913849937,-0.02332597437306383,-0.013172326024307512,-0.020856156700734707,-0.010976886011418774,-0.027539155070113855,32.970001220703125
194,2012-10-09,0.9020307401381856,0.9009331248160829,0.9058726554763993,0.891602714129989,0.040147533096947775,-0.0008233423470040968,-0.003841915338213653,-0.001921062353448466,-0.00933041068609386,0.018856083958448407,32.83000183105469
195,2012-10-10,0.9003842648128607,0.9042261801510744,0.908068095489288,0.8979144471405317,0.04156513372414162,-0.0016464753253249143,0.003293055334991468,0.0021954400128887386,0.006311733010542664,0.0014176006271938435,32.95000076293945
196,2012-10-11,0.9075192354860658,0.9028540824851897,0.9119100108275017,0.9028540824851897,0.02568180603317713,0.007134970673205121,-0.0013720976658846418,0.003841915338213653,0.004939635344658022,-0.01588332769096449,32.900001525878906
197,2012-10-12,0.8965422447903054,0.8905049941235447,0.9003842648128607,0.8896816517765406,0.03662918945886713,-0.010976990695760414,-0.012349088361645055,-0.011525746014640958,-0.013172430708649152,0.010947383425690002,32.45000076293945
198,2012-10-15,0.8819978211001133,0.8688254950758058,0.8822723034438952,0.8649835797375921,0.05841954278994352,-0.014544423690192154,-0.021679499047738915,-0.018111961368965535,-0.02469807203894847,0.021790353331076387,31.65999984741211
199,2012-10-16,0.8740395604220749,0.8762349480927928,0.8787047657651218,0.8707464527449126,0.0338474422251127,-0.007958260678038398,0.007409453016987033,-0.0035675376787733803,0.005762873007320479,-0.02457210056483082,31.93000030517578
200,2012-10-17,0.8756860880895706,0.8814489610968911,0.8844676387724423,0.8734907004188526,0.021983856885768756,0.001646527667495734,0.005214013004098295,0.005762873007320479,0.0027442476739399924,-0.011863585339343941,32.119998931884766
201,2012-10-18,0.8726674104140194,0.8707464527449126,0.8795280034277843,0.8688254950758058,0.026353544892468328,-0.0030186776755511957,-0.010702508351978501,-0.004939635344658022,-0.004665205343046819,0.0043696880066995715,31.729999542236328
202,2012-10-19,0.8658068174002546,0.8534577813807803,0.8660812474018657,0.8485181460361223,0.0647306808260428,-0.0068605930137648485,-0.017288671364132258,-0.013446756025918605,-0.020307349039683453,0.038377135933574474,31.100000381469727
203,2012-10-22,0.8540066413840025,0.8614160420588188,0.8627881920668742,0.8537322113823913,0.03075530531154785,-0.01180017601625205,0.007958260678038509,-0.003293055334991468,0.005214065346269003,-0.03397537551449495,31.38999938964844
204,2012-10-23,0.8496158137003958,0.8419319830239685,0.8496158137003958,0.8389133053484173,0.04426812536749639,-0.004390827683606657,-0.019484059034850287,-0.013172378366478332,-0.014818906033973955,0.013512820055948543,30.68000030517578
205,2012-10-24,0.8468716183686265,0.842755220686631,0.8485181460361223,0.8378156376841438,0.03324412451223206,-0.0027441953317693946,0.0008232376626624571,-0.0010976676642735494,-0.0010976676642735494,-0.01102400085526433,30.709999084472656
206,2012-10-25,0.8542810190434428,0.8540066413840025,0.857299696718994,0.8496158137003958,0.024962314915453556,0.007409400674816324,0.011251420697371506,0.008781550682871675,0.01180017601625205,-0.008281809596778506,31.1200008392334
207,2012-10-26,0.8575741267206051,0.852908921377558,0.8600439443929341,0.8507135337068402,0.01886356752133706,0.003293107677162288,-0.0010977200064444803,0.0027442476739401034,0.0010977200064443693,-0.0060987473941164945,31.07999992370605
208,2012-10-31,0.8548298790466651,0.8581229867238273,0.8619649020620409,0.8542810190434428,0.025469059031056784,-0.0027442476739399924,0.0052140653462692255,0.0019209576691068264,0.0035674853366025605,0.006605491509719723,31.270000457763672
209,2012-11-01,0.8644347197343699,0.8567508367157717,0.8649835797375921,0.8559275990531093,0.021338132316519074,0.009604840687704841,-0.0013721500080555726,0.0030186776755511957,0.001646580009666554,-0.00413092671453771,31.21999931335449
210,2012-11-02,0.8468716183686265,0.8218990639858963,0.8474204260296779,0.8188803863103451,0.07571227482493809,-0.01756310136574346,-0.034851772729875385,-0.01756315370791417,-0.037047212742764235,0.054374142508419016,29.950000762939453
211,2012-11-05,0.8251921193208878,0.8279363669948279,0.8304061846671569,0.8213502039826741,0.023343727170678688,-0.021679499047738693,0.006037303008931572,-0.017014241362521054,0.002469817672329011,-0.0523685476542594,30.170000076293945
212,2012-11-06,0.8320527123346525,0.8509879637084514,0.8578485567222163,0.8268386469883835,0.04746396308108975,0.0068605930137647375,0.023051596713623557,0.027442372055059394,0.005488443005709387,0.024120235910411063,31.01000022888184
213,2012-11-07,0.8487925760377334,0.8460483283637932,0.8507135337068402,0.8298573246639347,0.049037293088395134,0.016739863703080893,-0.004939635344658244,-0.007135023015376052,0.0030186776755511957,0.0015733300073053832,30.82999992370605
214,2012-11-08,0.84522503835896,0.8611416120572076,0.8625137620652631,0.8449506606995197,0.03564813000017818,-0.0035675376787733803,0.01509328369341445,0.01180022835842287,0.015093336035585048,-0.013389163088216957,31.3799991607666
215,2012-11-09,0.8647091497359811,0.8655324397408143,0.871569742749746,0.862239332063652,0.04383728596119238,0.019484111377021107,0.004390827683606657,0.009055980684482878,0.017288671364132258,0.008189155961014202,31.540000915527344
216,2012-11-12,0.8647091497359811,0.8608672343977674,0.8666301074050877,0.8553787390498871,0.027649270352618355,0.0,-0.00466520534304693,-0.004939635344658244,-0.0068605930137648485,-0.016188015608574025,31.3700008392334
217,2012-11-13,0.8564764067141607,0.8616904720604299,0.8726674104140194,0.8556531690514982,0.03305382819877768,-0.008232743021820421,0.0008232376626625681,0.006037303008931683,0.0002744300016110923,0.0054045578461593274,31.399999618530277
218,2012-11-14,0.8666301074050877,0.8682766350725837,0.8751372280863485,0.8605928043961562,0.04987224489068653,0.010153700690927026,0.006586163012153756,0.002469817672329122,0.004939635344657911,0.016818416691908845,31.63999938964844
219,2012-11-15,0.869648785080639,0.8652580097392032,0.8701975927416904,0.854555449045054,0.050685815084724625,0.0030186776755513067,-0.003018625333380487,-0.004939635344658133,-0.006037355351102169,0.0008135701940380977,31.530000686645508
220,2012-11-16,0.8600439443929341,0.8564764067141607,0.8663556774034767,0.8507135337068402,0.03769577535056928,-0.009604840687704952,-0.008781603025042495,-0.003841915338213653,-0.003841915338213764,-0.012990039734155343,31.209999084472656
221,2012-11-19,0.8762349480927928,0.8795280034277843,0.8825466811033355,0.8710208827465237,0.03896726832136557,0.016191003699858708,0.023051596713623557,0.016191003699858708,0.020307349039683453,0.0012714929707962896,32.04999923706055
222,2012-11-20,0.879253625768344,0.8811745834374508,0.8819978211001133,0.8732162704172416,0.02696006984658696,0.0030186776755511957,0.001646580009666554,-0.0005488600032221846,0.0021953876707179187,-0.012007198474778612,32.11000061035156
223,2012-11-21,0.8773326157570662,0.8861142187821088,0.8874863164479935,0.8751372280863485,0.028062648112182172,-0.0019210100112777573,0.004939635344658022,0.005488495347880207,0.0019209576691069374,0.0011025782655952124,32.290000915527344
224,2012-11-23,0.8894072741171003,0.9050494178137368,0.9077937178298477,0.8880351764512157,0.03153573401279333,0.012074658360034074,0.01893519903162799,0.020307401381854273,0.012897948364867129,0.0034730859006111593,32.97999954223633
225,2012-11-26,0.9053239001575187,0.9061471378201812,0.9083424731487283,0.9017563624787454,0.027630739625465497,0.015916626040418436,0.0010977200064443693,0.000548755318880545,0.013721186027529697,-0.003904994387327835,33.02000045776367
226,2012-11-27,0.9042261801510744,0.9036773201478522,0.9075192354860658,0.9009331248160829,0.027389127452203198,-0.0010977200064443693,-0.002469817672329011,-0.0008232376626624571,-0.0008232376626624571,-0.00024161217326229903,32.93000030517578
227,2012-11-28,0.876783808096015,0.8951701471244208,0.8976399647967498,0.8756860880895706,0.050436362988436116,-0.027442372055059394,-0.008507173023431402,-0.009879270689316044,-0.025247036726512295,0.02304723553623292,32.619998931884766
228,2012-11-29,0.9017563624787454,0.9091658154957324,0.9141054508403904,0.9009331248160829,0.035488480658553534,0.024972554382730383,0.01399566837131161,0.01646548604364062,0.025247036726512295,-0.014947882329882582,33.130001068115234
229,2012-11-30,0.9053239001575187,0.8880351764512157,0.9094401931551727,0.8806257234342286,0.054180995313864194,0.0035675376787733803,-0.02113063904451673,-0.00466525768521775,-0.020307401381854273,0.01869251465531066,32.36000061035156
230,2012-12-03,0.8924259517926515,0.8924259517926515,0.8992865448064163,0.8918770917894293,0.0323899292625127,-0.01289794836486724,0.0043907753414358375,-0.010153648348756317,0.011251368355200686,-0.021791066051351497,32.52000045776367
231,2012-12-04,0.8737651304204638,0.8754116580879596,0.8809001010936689,0.8682766350725837,0.03416175186643622,-0.01866082137218772,-0.017014293704691874,-0.018386443712747447,-0.02360045671684563,0.0017718226039235216,31.899999618530277
232,2012-12-05,0.8732162704172416,0.8732162704172416,0.8754116580879596,0.8638858597311477,0.036745362863710065,-0.0005488600032221846,-0.0021953876707180298,-0.005488443005709276,-0.0043907753414359485,0.002583610997273847,31.81999969482422
233,2012-12-06,0.8680022050709725,0.8762349480927928,0.8836444011097798,0.86717896740831,0.03535484560697041,-0.0052140653462691144,0.0030186776755511957,0.008232743021820199,0.003293107677162288,-0.0013905172567396581,31.93000030517578
234,2012-12-07,0.8789791434245621,0.8789791434245621,0.8836444011097798,0.8737651304204638,0.02872440888762183,0.010976938353589594,0.0027441953317692835,0.0,0.006586163012153756,-0.006630436719348577,32.029998779296875
235,2012-12-10,0.8863885964415491,0.8819978211001133,0.8869374564447713,0.8814489610968911,0.016279600163925663,0.007409453016987033,0.0030186776755511957,0.003293055334991468,0.007683830676427306,-0.012444808723696167,32.13999938964844
236,2012-12-11,0.874588420425297,0.8756860880895706,0.8762349480927928,0.8701975927416904,0.02070381127167115,-0.01180017601625205,-0.006311733010542664,-0.010702508351978501,-0.011251368355200686,0.004424211107745487,31.90999984741211
237,2012-12-12,0.8828210587627757,0.8883095541106559,0.8976399647967498,0.8773326157570662,0.05685761630703989,0.00823263833747867,0.012623466021085328,0.021405016703957003,0.00713502301537583,0.03615380503536875,32.369998931884766
238,2012-12-13,0.8616904720604299,0.8652580097392032,0.8677278274115322,0.8556531690514982,0.05476685138000463,-0.0211305867023458,-0.023051544371452737,-0.029912137385217585,-0.021679446705567984,-0.002090764927035263,31.530000686645508
239,2012-12-14,0.862239332063652,0.8553787390498871,0.8652580097392032,0.8548298790466651,0.026327886962564367,0.0005488600032220736,-0.009879270689316044,-0.002469817672329011,-0.0008232900048331659,-0.028438964417440264,31.170000076293945
240,2012-12-17,0.8570252667173829,0.8562020290547204,0.8586718467270494,0.8507135337068402,0.022074016000570178,-0.0052140653462691144,0.000823290004833277,-0.006586163012153756,-0.004116345339824856,-0.004253870961994189,31.200000762939453
241,2012-12-18,0.8594950843897119,0.8411086930191354,0.8605928043961562,0.8326015723378747,0.06649929618872832,0.002469817672329011,-0.015093336035585048,0.0019209576691067154,-0.018111961368965535,0.044425280188158146,30.649999618530277
242,2012-12-19,0.8273875069916057,0.826289839327332,0.8345225300069815,0.8240944516566142,0.04617679026424104,-0.03210757739810621,-0.014818853691803358,-0.02607027438917464,-0.008507120681260472,-0.020322505924487283,30.11000061035156
243,2012-12-20,0.8021405226072642,0.7958287895967215,0.8048847702812042,0.7862239489090167,0.1317531136967019,-0.025246984384341475,-0.03046104973061048,-0.029637759725777313,-0.03787050274759751,0.08557632343246085,29.0
244,2012-12-21,0.7950054995918882,0.7958287895967215,0.8043359102779821,0.7936334019260036,0.060044188657056824,-0.007135023015376052,0.0,-0.0005488600032220736,0.007409453016986922,-0.07170892503964507,29.0
245,2012-12-24,0.7982986072690506,0.7941822619292258,0.8004939949397685,0.7919868742585078,0.015977763127416566,0.003293107677162399,-0.001646527667495734,-0.003841915338213653,-0.0016465276674958451,-0.044066425529640255,28.940000534057617
246,2012-12-26,0.8004939949397685,0.7961032195983327,0.8026893826104864,0.792261304260119,0.02577873599059209,0.0021953876707179187,0.0019209576691069374,0.0021953876707179187,0.00027443000161120334,0.009800972863175526,29.01000022888184
247,2012-12-27,0.7963776495999437,0.8024149526088753,0.8095499756242512,0.7936334019260036,0.038125902036598186,-0.004116345339824745,0.006311733010542553,0.0068605930137648485,0.0013720976658846418,0.012347166046006094,29.239999771118164
248,2012-12-28,0.7985730372706616,0.7985730372706616,0.7993962749333241,0.7933589719243925,0.03509078274504214,0.0021953876707179187,-0.003841915338213653,-0.010153700690927137,-0.0002744300016110923,-0.003035119291556046,29.100000381469727
249,2012-12-31,0.7977497472658284,0.8059824902876487,0.8087266856194179,0.7952799295934994,0.042688024517577465,-0.000823290004833277,0.007409453016987033,0.009330410686093749,0.0019209576691068264,0.007597241772535325,29.3700008392334
250,2013-01-02,0.8336992400021482,0.821075773981063,0.8361690576744772,0.8202524839762297,0.05570336582149921,0.035949492736319866,0.015093283693414339,0.027442372055059394,0.024972554382730383,0.013015341303921742,29.920000076293945
251,2013-01-03,0.8188803863103451,0.8007684249413796,0.8243688816582253,0.7966520796015548,0.07291948042691944,-0.014818853691803135,-0.020307349039683453,-0.01180017601625194,-0.02360040437467492,0.017216114605420232,29.18000030517578
252,2013-01-04,0.7911635842536745,0.8024149526088753,0.804061480276371,0.7851262812447429,0.06637136289934607,-0.027716802056670597,0.001646527667495734,-0.020307401381854273,-0.01152579835681189,-0.006548117527573366,29.239999771118164
253,2013-01-07,0.7952799295934994,0.8007684249413796,0.8029638126120976,0.7944566919308369,0.02652495411863229,0.004116345339824856,-0.001646527667495734,-0.0010976676642734384,0.00933041068609397,-0.039846408780713785,29.18000030517578
254,2013-01-08,0.8084522556178069,0.806256867947089,0.8120197932965803,0.8010428549429907,0.032340038843254995,0.013172326024307512,0.005488443005709387,0.009055980684482656,0.006586163012153756,0.005815084724622704,29.3799991607666
255,2013-01-09,0.8048847702812042,0.8054336302844265,0.8068057279503112,0.7980241772674393,0.025842880815351996,-0.0035674853366026715,-0.0008232376626624571,-0.005214065346269003,-0.0030186776755513067,-0.006497158027902999,29.350000381469727
256,2013-01-10,0.8142151809672982,0.8172338586428494,0.8216246339842852,0.8136663209640761,0.035304242467437595,0.00933041068609397,0.01180022835842287,0.014818906033973955,0.015642143696636746,0.009461361652085599,29.780000686645508
257,2013-01-11,0.8158617086347939,0.809001115621029,0.816136138636405,0.8004939949397685,0.043062915382285336,0.001646527667495734,-0.00823274302182031,-0.005488495347880207,-0.013172326024307623,0.00775867291484774,29.479999542236328
258,2013-01-14,0.82574097932411,0.8243688816582253,0.8271130769899946,0.8164105686380161,0.04537105999322916,0.009879270689316044,0.015367766037196251,0.010976938353589594,0.015916573698247616,0.0023081446109438214,30.040000915527344
259,2013-01-15,0.8293084646607124,0.8331504323410969,0.8386388753468063,0.826015409325721,0.03205815797444898,0.0035674853366024495,0.008781550682871564,0.011525798356811667,0.009604840687704952,-0.01331290201878018,30.36000061035156
260,2013-01-16,0.8301317546655457,0.8356202500134259,0.8378156376841438,0.8273875069916057,0.026305079913760847,0.000823290004833277,0.002469817672329011,-0.0008232376626624571,0.0013720976658846418,-0.00575307806068813,30.450000762939453
261,2013-01-17,0.8276619369932168,0.8416575530223575,0.8474204260296779,0.8268386469883835,0.05733870249273916,-0.0024698176723289,0.006037303008931572,0.009604788345534132,-0.0005488600032221846,0.031033622578978313,30.670000076293945
262,2013-01-18,0.8515368237116735,0.8454994683605711,0.8518112537132846,0.8413831230207464,0.03524366124405324,0.023874886718456723,0.003841915338213653,0.004390827683606657,0.014544476032362863,-0.022095041248685922,30.809999465942383
263,2013-01-22,0.8474204260296779,0.8540066413840025,0.8589462243864897,0.8468716183686265,0.03311904210395025,-0.004116397681995565,0.008507173023431402,0.007134970673205121,0.005488495347880096,-0.002124619140102986,31.1200008392334
264,2013-01-23,0.8586718467270494,0.8559275990531093,0.8619649020620409,0.8520856313727249,0.036666963633447965,0.011251420697371506,0.0019209576691068264,0.0030186776755511957,0.005214013004098406,0.003547921529497712,31.190000534057617
265,2013-01-24,0.8435785106914643,0.8411086930191354,0.8485181460361223,0.8386388753468063,0.035236177681164584,-0.015093336035585159,-0.014818906033973955,-0.013446756025918605,-0.013446756025918605,-0.001430785952283381,30.649999618530277
266,2013-01-25,0.8353458200118148,0.8290340346591014,0.8369923476793105,0.826015409325721,0.040979990378276286,-0.00823269067964949,-0.012074658360033963,-0.011525798356811778,-0.012623466021085217,0.005743812697111703,30.209999084472656
267,2013-01-28,0.8218990639858963,0.8191548163119562,0.8246432593176656,0.8158617086347939,0.03170714323895729,-0.013446756025918494,-0.009879218347145224,-0.012349088361644944,-0.010153700690927137,-0.009272847139318995,29.850000381469727
268,2013-01-29,0.826289839327332,0.8320527123346525,0.8353458200118148,0.8254665493224987,0.03338132316519074,0.0043907753414357265,0.012897896022696309,0.01070256069414921,0.009604840687704841,0.001674179926233449,30.31999969482422
269,2013-01-30,0.8463227583654044,0.8485181460361223,0.8567508367157717,0.8444018006962976,0.058762004882133886,0.02003291903807236,0.0164654337014698,0.02140501670395689,0.01893525137379881,0.025380681716943146,30.920000076293945
270,2013-01-31,0.8438529406930754,0.8353458200118148,0.8457738983621822,0.82574097932411,0.053238422750031184,-0.002469817672329011,-0.013172326024307512,-0.010976938353589483,-0.018660821372187608,-0.005523582132102703,30.440000534057617
271,2013-02-01,0.8512623937100624,0.8446762306979086,0.8520856313727249,0.8358946276728662,0.04432514298950519,0.007409453016987033,0.00933041068609386,0.006311733010542664,0.010153648348756206,-0.008913279760525993,30.780000686645508
272,2013-02-04,0.8353458200118148,0.8422064130255796,0.8471460483702377,0.8347969600085926,0.025412397769185538,-0.015916573698247616,-0.002469817672329011,-0.004939583002487202,-0.0010976676642735494,-0.018912745220319653,30.690000534057617
273,2013-02-05,0.8479692860329002,0.8441273706946866,0.8490670060393445,0.8391877353500284,0.02612689984498334,0.012623466021085439,0.0019209576691069374,0.0019209576691068264,0.0043907753414358375,0.0007145020757978009,30.76000022888184
274,2013-02-06,0.8408342630175243,0.8454994683605711,0.8465971883670155,0.8400110253548617,0.021021684514370222,-0.007135023015375941,0.0013720976658845307,-0.002469817672329011,0.000823290004833277,-0.0051052153306131165,30.809999465942383
275,2013-02-07,0.833424862342708,0.8358946276728662,0.8465971883670155,0.8317782823330414,0.041966038878891006,-0.007409400674816324,-0.009604840687704952,0.0,-0.00823274302182031,0.020944354364520783,30.459999084472656
276,2013-02-08,0.8345225300069815,0.8350713900102037,0.8411086930191354,0.83122947467199,0.019203891452702102,0.0010976676642735494,-0.0008232376626624571,-0.005488495347880096,-0.0005488076610513648,-0.022762147426188904,30.43000030517578
277,2013-02-11,0.8238200216550031,0.8232711616517809,0.8254665493224987,0.8180570963055118,0.037294870195819896,-0.01070250835197839,-0.01180022835842276,-0.015642143696636635,-0.013172378366478221,0.018090978743117794,30.0
278,2013-02-12,0.8180570963055118,0.82574097932411,0.8268386469883835,0.8155872786331827,0.02380948987046309,-0.005762925349491299,0.002469817672329011,0.0013720976658847528,-0.002469817672329122,-0.013485380325356806,30.09000015258789
279,2013-02-13,0.8243688816582253,0.8169594286412383,0.8243688816582253,0.8158617086347939,0.02624414233023894,0.006311785352713484,-0.008781550682871675,-0.0024697653301581912,0.00027443000161120334,0.0024346524597758483,29.770000457763672
280,2013-02-14,0.821075773981063,0.8084522556178069,0.8227223016485588,0.8024149526088753,0.05596030148067637,-0.003293107677162288,-0.008507173023431402,-0.001646580009666554,-0.013446756025918605,0.029716159150437432,29.459999084472656
281,2013-02-15,0.7972008872626062,0.7911635842536745,0.7996707049349353,0.7878704765765123,0.07415997006574844,-0.023874886718456834,-0.01728867136413237,-0.023051596713623446,-0.014544476032362974,0.01819966858507207,28.82999992370605
282,2013-02-19,0.7919868742585078,0.7807355059033072,0.7928101119211705,0.7755214405570382,0.06689663774210217,-0.005214013004098406,-0.010428078350367298,-0.0068605930137648485,-0.012349036019474124,-0.007263332323646274,28.450000762939453
283,2013-02-20,0.7692097075464954,0.7571350491864615,0.7697585152075468,0.7505488861743077,0.09602729718653671,-0.022777166712012353,-0.02360045671684574,-0.023051596713623668,-0.024972554382730494,0.029130659444434548,27.59000015258789
284,2013-02-21,0.7585071468523462,0.7609769645246751,0.7659165998693331,0.7579583391912947,0.05151007608288937,-0.01070256069414921,0.003841915338213653,-0.003841915338213653,0.007409453016987033,-0.04451722110364734,27.729999542236328
285,2013-02-22,0.758232716850735,0.7637212121986151,0.7637212121986151,0.7527442738450256,0.037215758245282685,-0.00027443000161120334,0.0027442476739399924,-0.0021953876707180298,-0.0052140653462691144,-0.014294317837606686,27.82999992370605
286,2013-02-25,0.768111987540051,0.770307375210769,0.7736004828879313,0.7672886975352178,0.03882650606703134,0.009879270689316044,0.006586163012153867,0.009879270689316155,0.014544423690192154,0.0016107478217486579,28.06999969482422
287,2013-02-26,0.7675631275368288,0.7796377858968628,0.7821076035691918,0.7585071468523462,0.05863086435151364,-0.0005488600032222957,0.00933041068609386,0.008507120681260583,-0.008781550682871564,0.0198043582844823,28.40999984741211
288,2013-02-27,0.7738749128895424,0.7686608475432734,0.7755214405570382,0.7656421698677222,0.028891185431997576,0.006311785352713595,-0.010976938353589483,-0.006586163012153645,0.007135023015375941,-0.029739678919516066,28.01000022888184
289,2013-02-28,0.76783755753844,0.7557629515205768,0.7683864175416621,0.7535675115076881,0.0408887621830622,-0.006037355351102391,-0.012897896022696531,-0.007135023015376052,-0.012074658360034074,0.011997576751064623,27.540000915527344
290,2013-03-01,0.7593304368571794,0.7579583391912947,0.7628979221937819,0.7541163715109103,0.030076795609643107,-0.008507120681260583,0.0021953876707179187,-0.005488495347880207,0.0005488600032221846,-0.010811966573419093,27.6200008392334
291,2013-03-04,0.7579583391912947,0.7574094791880726,0.7612513945262862,0.7543908015125214,0.022143862587530958,-0.0013720976658846418,-0.0005488600032221846,-0.001646527667495734,0.0002744300016110923,-0.007932933022112149,27.600000381469727
292,2013-03-05,0.7689352775448843,0.7615258245278973,0.7711306652156023,0.7568606191848503,0.02245888494912959,0.010976938353589594,0.004116345339824745,0.009879270689316044,0.0024698176723289,0.0003150223615986311,27.75
293,2013-03-06,0.7604281045214529,0.7711306652156023,0.772502762881487,0.7571350491864615,0.03687685975446787,-0.008507173023431402,0.009604840687704952,0.0013720976658847528,0.00027443000161120334,0.014417974805338279,28.100000381469727
294,2013-03-07,0.7697585152075468,0.7659165998693331,0.7708562352139912,0.763172352195393,0.02178429520873795,0.00933041068609386,-0.0052140653462691144,-0.0016465276674958451,0.006037303008931572,-0.015092564545729919,27.90999984741211
295,2013-03-08,0.7568606191848503,0.7686608475432734,0.7766191082213116,0.7554885215189657,0.04114747964292714,-0.012897896022696531,0.0027442476739402144,0.005762873007320479,-0.007683830676427306,0.019363184434189194,28.01000022888184
296,2013-03-11,0.7648189322050596,0.7689352775448843,0.7694841375481065,0.7634467821970041,0.014907257274201308,0.007958313020209329,0.0002744300016109813,-0.007134970673205121,0.007958260678038398,-0.026240222368725835,28.020000457763672
297,2013-03-12,0.7746981505522048,0.7738749128895424,0.7790889258936408,0.7730516228847091,0.019395256846569144,0.009879218347145224,0.004939635344658022,0.009604788345534243,0.009604840687704952,0.004487999572367837,28.200000762939453
298,2013-03-13,0.7744237205505936,0.7667398898741664,0.7766191082213116,0.7656421698677222,0.029056892895960657,-0.00027443000161120334,-0.007135023015375941,-0.002469817672329122,-0.007409453016986922,0.009661636049391513,27.940000534057617
299,2013-03-14,0.7601537268620127,0.7628979221937819,0.7667398898741664,0.7598792968604016,0.026053489656647007,-0.01426999368858095,-0.0038419676803844727,-0.009879218347145224,-0.00576287300732059,-0.0030034032393136505,27.799999237060547
300,2013-03-15,0.7650933098644999,0.7628979221937819,0.7700329452091579,0.7620746845311195,0.019428754699499316,0.004939583002487202,0.0,0.003293055334991468,0.0021953876707179187,-0.006624734957147691,27.799999237060547
301,2013-03-18,0.7689352775448843,0.7670143198757775,0.77058180521238,0.7648189322050596,0.022001318532508952,0.0038419676803844727,0.004116397681995565,0.0005488600032220736,0.0027442476739401034,0.002572563833009637,27.950000762939453
302,2013-03-19,0.7650933098644999,0.7664654598725553,0.7722283328798759,0.7639956422002263,0.03128913279760526,-0.0038419676803844727,-0.0005488600032221846,0.0016465276674959561,-0.000823290004833277,0.009287814265096304,27.93000030517578
303,2013-03-20,0.7648189322050596,0.763172352195393,0.7659165998693331,0.7549396615157437,0.01905030023341589,-0.0002743776594402725,-0.003293107677162288,-0.006311733010542775,-0.009055980684482656,-0.012238832564189367,27.809999465942383
304,2013-03-21,0.7749725805538159,0.7733260528863202,0.7774423982261448,0.772777192883098,0.02265630846533507,0.010153648348756317,0.010153700690927137,0.011525798356811667,0.01783753136735433,0.003606008231919179,28.18000030517578
305,2013-03-22,0.7609769645246751,0.7615258245278973,0.7659165998693331,0.7598792968604016,0.025843593535627103,-0.01399561602914079,-0.01180022835842287,-0.011525798356811667,-0.01289789602269642,0.003187285070292034,27.75
306,2013-03-25,0.763172352195393,0.7639956422002263,0.7670143198757775,0.7601537268620127,0.017990128824189724,0.0021953876707179187,0.002469817672329011,0.0010977200064443693,0.0002744300016110923,-0.007853464711437379,27.84000015258789
307,2013-03-26,0.7628979221937819,0.7615258245278973,0.7642700722018374,0.7596048668587905,0.018460524205762344,-0.0002744300016110923,-0.002469817672329011,-0.0027442476739401034,-0.0005488600032221846,0.0004703953815726192,27.75
308,2013-03-27,0.7513721238369702,0.7609769645246751,0.7634467821970041,0.7456092508296497,0.03142846961138927,-0.011525798356811778,-0.0005488600032221846,-0.000823290004833277,-0.01399561602914079,0.01296794540562693,27.729999542236328
309,2013-03-28,0.7552140915173546,0.7524698438434145,0.7596048668587905,0.7480790685019788,0.021845589152397413,0.0038419676803844727,-0.008507120681260583,-0.003841915338213653,0.002469817672329122,-0.00958288045899186,27.420000076293945
310,2013-04-01,0.7431394331573207,0.7434138631589318,0.7450603908264276,0.7387486578158848,0.02893466136877929,-0.012074658360033963,-0.009055980684482767,-0.014544476032362863,-0.00933041068609397,0.007089072216381876,27.09000015258789
311,2013-04-02,0.7313392047988979,0.7231065141192484,0.7332601624680046,0.721734364111193,0.048612511804429555,-0.01180022835842276,-0.020307349039683342,-0.011800228358422982,-0.017014293704691874,0.019677850435650266,26.350000381469727
312,2013-04-03,0.7225576541160261,0.7159714911038725,0.7253019017899663,0.7091108980901076,0.047000694902268235,-0.008781550682871786,-0.007135023015375941,-0.007958260678038287,-0.012623466021085328,-0.00161181690216132,26.09000015258789
313,2013-04-04,0.7096597580933297,0.7132272434299324,0.7159714911038725,0.7063666504161675,0.042793507118293744,-0.01289789602269642,-0.0027442476739401034,-0.00933041068609386,-0.0027442476739401034,-0.004207187783974491,25.989999771118164
314,2013-04-05,0.719264546438864,0.724204181783522,0.7255763317915774,0.7159714911038725,0.03535021292518219,0.009604788345534243,0.010976938353589594,0.009604840687704952,0.009604840687704952,-0.007443294193111558,26.38999938964844
315,2013-04-08,0.7228320841176373,0.7222832241144151,0.7244786117851331,0.7195389764404749,0.01811699303315931,0.0035675376787733803,-0.0019209576691068264,-0.0010977200064443693,0.0035674853366024495,-0.017233219892022877,26.31999969482422
316,2013-04-09,0.7272228594590732,0.741767335491436,0.7447859608248165,0.7261251394526288,0.04097321953566274,0.0043907753414358375,0.019484111377020885,0.020307349039683453,0.006586163012153867,0.02285622650250343,27.030000686645508
317,2013-04-10,0.7398463254801584,0.7321624948037312,0.7409440454866028,0.7296926771314022,0.02753380966805053,0.012623466021085217,-0.009604840687704841,-0.003841915338213764,0.0035675376787733803,-0.01343940986761221,26.68000030517578
318,2013-04-11,0.7321624948037312,0.7327113548069533,0.7384742278142737,0.7307903447956757,0.019477576038344352,-0.007683830676427195,0.0005488600032220736,-0.002469817672329011,0.0010976676642735494,-0.008056233629706179,26.700000762939453
319,2013-04-12,0.7151482010990392,0.6937431843950822,0.717069158768146,0.690724506719531,0.12253336421787858,-0.017014293704691985,-0.03896817041187106,-0.02140506904612771,-0.04006583807614472,0.10305578817953423,25.280000686645508
320,2013-04-15,0.6306256972631432,0.606202002883635,0.6339188049403055,0.6026344652048616,0.19176701174206653,-0.08452250383589599,-0.08754118151144719,-0.08315035382784053,-0.08809004151466937,0.06923364752418795,22.09000015258789
321,2013-04-16,0.630076837259921,0.6221185765818826,0.6314489872679765,0.6155324135697289,0.0791183650196889,-0.0005488600032221846,0.015916573698247616,-0.002469817672329011,0.01289794836486724,-0.11264864672237763,22.670000076293945
322,2013-04-17,0.6201976189127758,0.61580684357134,0.6287047395940364,0.6119648758909555,0.06656878641555156,-0.009879218347145224,-0.006311733010542664,-0.0027442476739401034,-0.0035675376787733803,-0.012549578604137343,22.440000534057617
323,2013-04-18,0.6152579835681178,0.6147091235648957,0.6218441465802715,0.6127881658957887,0.04828074051636584,-0.004939635344658022,-0.0010977200064442583,-0.0068605930137648485,0.0008232900048331659,-0.018288045899185715,22.399999618530277
324,2013-04-19,0.6215697165786606,0.6147091235648957,0.6223930065834937,0.6078485305511309,0.04111184362917164,0.006311733010542775,0.0,0.0005488600032221846,-0.0049396353446578,-0.007168896887194201,22.399999618530277
325,2013-04-22,0.6240395342509895,0.620746478915998,0.6251372542574338,0.6174533712388357,0.03293801115407231,0.0024698176723289,0.00603735535110228,0.0027442476739401034,0.009604840687704841,-0.008173832475099334,22.6200008392334
326,2013-04-23,0.6092206805591862,0.608671820555964,0.611141638228293,0.6034577552096949,0.04779003260695259,-0.014818853691803247,-0.012074658360033963,-0.01399561602914079,-0.01399561602914079,0.014852021452880282,22.18000030517578
327,2013-04-24,0.6130625958973999,0.6152579835681178,0.6169045112356135,0.606202002883635,0.039502164887835645,0.003841915338213653,0.006586163012153756,0.005762873007320479,0.0027442476739401034,-0.008287867719116944,22.420000076293945
328,2013-04-25,0.6267837819249296,0.6446213132922839,0.6465422709613907,0.6251372542574338,0.07159132619425192,0.013721186027529697,0.02936332972416611,0.029637759725777202,0.01893525137379881,0.03208916130641627,23.489999771118164
329,2013-04-26,0.6443468832906728,0.6339188049403055,0.6503842386417752,0.6267837819249296,0.07202501648165636,0.01756310136574324,-0.01070250835197839,0.0038419676803844727,0.001646527667495734,0.00043369028740444793,23.100000381469727
330,2013-04-29,0.6429747856247882,0.6459934633003394,0.6492865186353308,0.6385840102833523,0.030697931329401493,-0.0013720976658846418,0.012074658360033852,-0.0010977200064443693,0.01180022835842276,-0.041327085152254875,23.540000915527344
331,2013-04-30,0.644895743293895,0.6437980232874506,0.644895743293895,0.6372118602752969,0.03399497532206047,0.0019209576691068264,-0.0021954400128887386,-0.0043907753414358375,-0.0013721500080554616,0.003297043992658979,23.459999084472656
332,2013-05-01,0.6226674365851048,0.6273326419281516,0.6347420426029678,0.6166300812340023,0.060784348662758586,-0.02222830670879017,-0.01646538135929898,-0.010153700690927137,-0.020581779041294546,0.026789373340698114,22.86000061035156
333,2013-05-02,0.6363886226126344,0.6317234172695876,0.6385840102833523,0.6292535995972586,0.028591842916451365,0.013721186027529586,0.0043907753414359485,0.0038419676803844727,0.012623518363256259,-0.03219250574630722,23.020000457763672
334,2013-05-03,0.6347420426029678,0.6391328702865745,0.6468167009630018,0.6317234172695876,0.040225575967072325,-0.001646580009666554,0.007409453016986922,0.00823269067964949,0.002469817672329011,0.011633733050620959,23.290000915527344
335,2013-05-06,0.637486290276908,0.6361141926110233,0.6388584402849634,0.6322722772728098,0.01730948096145965,0.0027442476739401034,-0.0030186776755511957,-0.007958260678038398,0.0005488600032221846,-0.022916095005612674,23.18000030517578
336,2013-05-07,0.6254116842590449,0.6339188049403055,0.6355653326078011,0.6226674365851048,0.03900753701690929,-0.012074606017863032,-0.0021953876707178077,-0.003293107677162288,-0.009604840687704952,0.021698056055449638,23.100000381469727
337,2013-05-08,0.6336443749386944,0.6344676649435277,0.6363886226126344,0.6278814495892031,0.03321490298095255,0.00823269067964949,0.0005488600032221846,0.000823290004833277,0.005214013004098295,-0.0057926340359567355,23.1200008392334
338,2013-05-09,0.6309001272647543,0.6281558795908142,0.6358397626094122,0.6243139642526006,0.0380981059458689,-0.0027442476739401034,-0.006311785352713484,-0.0005488600032221846,-0.0035674853366025605,0.004883202964916344,22.88999938964844
339,2013-05-10,0.6174533712388357,0.6306256972631432,0.6317234172695876,0.6147091235648957,0.042483473798620885,-0.013446756025918605,0.002469817672329011,-0.004116345339824634,-0.009604840687704841,0.004385367852751988,22.979999542236328
340,2013-05-13,0.630351267261532,0.6265093519233184,0.6317234172695876,0.6256860619184852,0.0226196033711669,0.012897896022696309,-0.004116345339824856,0.0,0.010976938353589483,-0.019863870427453984,22.82999992370605
341,2013-05-14,0.6177278012404469,0.6193743289079425,0.6273326419281516,0.6177278012404469,0.04317659426616539,-0.012623466021085106,-0.00713502301537583,-0.0043907753414359485,-0.007958260678038287,0.020556990894998486,22.56999969482422
342,2013-05-15,0.6081229605527418,0.5971460221991524,0.6103183482234598,0.596322732194319,0.08200131853250896,-0.009604840687705063,-0.02222830670879017,-0.017014293704691874,-0.021405069046127934,0.03882472426634357,21.76000022888184
343,2013-05-16,0.5957738721910968,0.6023600875454214,0.6051042828771906,0.5944017745252121,0.041321027029916434,-0.012349088361645055,0.005214065346269003,-0.0052140653462691144,-0.0019209576691068264,-0.040680291502592524,21.950000762939453
344,2013-05-17,0.5996158398714813,0.5872667515098363,0.601262367538977,0.5872667515098363,0.056454572991465175,0.0038419676803844727,-0.015093336035585048,-0.003841915338213653,-0.00713502301537583,0.015133545961548742,21.399999618530277
345,2013-05-20,0.5718990378148108,0.6114160682299041,0.6174533712388357,0.5710757478099775,0.12899524259216363,-0.027716802056670486,0.024149316720067815,0.016191003699858708,-0.01619100369985882,0.07254066960069847,22.280000686645508
346,2013-05-21,0.5900109991837763,0.5933041068609386,0.5996158398714813,0.5850713638391183,0.07577214332804733,0.018111961368965535,-0.018111961368965535,-0.017837531367354442,0.01399561602914079,-0.05322309926411631,21.6200008392334
347,2013-05-22,0.6029088952064726,0.5902854291853875,0.6188254689047203,0.5883644715162806,0.18184737095308517,0.012897896022696309,-0.0030186776755510847,0.019209629033239084,0.003293107677162288,0.10607522762503785,21.51000022888184
348,2013-05-23,0.5938529145219901,0.6004390775341437,0.6015367975405881,0.5886389015178917,0.04404112395987385,-0.009055980684482545,0.010153648348756206,-0.017288671364132258,0.0002744300016110923,-0.1378062469932113,21.8799991607666
349,2013-05-24,0.5935784845203789,0.5930296768593274,0.598792549866648,0.591657526851272,0.02478698572777649,-0.00027443000161120334,-0.007409400674816324,-0.0027442476739401034,0.003018625333380376,-0.01925413823209736,21.61000061035156
350,2013-05-28,0.5933041068609386,0.5908342891886096,0.6001646998747034,0.5875411815114473,0.03584305899542077,-0.0002743776594402725,-0.0021953876707178077,0.0013721500080554616,-0.004116345339824745,0.011056073267644281,21.530000686645508
351,2013-05-29,0.5930296768593274,0.5957738721910968,0.5968715921975412,0.5905598591869985,0.02245817222885448,-0.00027443000161120334,0.004939583002487202,-0.003293107677162288,0.0030186776755511957,-0.013384886766566292,21.709999084472656
352,2013-05-30,0.6089462505575751,0.6031833252080838,0.6127881658957887,0.601262367538977,0.04070488035208382,0.015916573698247727,0.007409453016987033,0.015916573698247505,0.010702508351978501,0.01824670812322934,21.979999542236328
353,2013-05-31,0.5924808168561053,0.5883644715162806,0.5946762045268232,0.5878156115130584,0.04684817276339469,-0.0164654337014698,-0.014818853691803247,-0.018111961368965424,-0.013446756025918605,0.006143292411310869,21.440000534057617
354,2013-06-03,0.5946762045268232,0.6031833252080838,0.6089462505575751,0.5919319568528831,0.04556705806888441,0.0021953876707179187,0.014818853691803247,0.014270046030751882,0.004116345339824745,-0.0012811146945102755,21.979999542236328
355,2013-06-04,0.5952250645300454,0.5974204522007633,0.5979693122039855,0.5911087191902207,0.024053596564688275,0.0005488600032221846,-0.005762873007320479,-0.010976938353589594,-0.0008232376626624571,-0.021513461504196137,21.770000457763672
356,2013-06-05,0.5982436898634258,0.5976948822023744,0.603732185211306,0.5954994945316565,0.029503055788179536,0.003018625333380376,0.0002744300016110923,0.005762873007320479,0.0043907753414358375,0.0054494592234912605,21.780000686645508
357,2013-06-06,0.5968715921975412,0.6018112275421992,0.6070252928884683,0.5941273445236012,0.036679436238262385,-0.0013720976658846418,0.004116345339824745,0.003293107677162288,-0.0013721500080553506,0.007176380450082849,21.93000030517578
358,2013-06-07,0.5831504061700115,0.5724478978180328,0.5883644715162806,0.5718990378148108,0.07861268998449833,-0.013721186027529697,-0.02936332972416633,-0.01866082137218772,-0.02222830670879039,0.041933253746235945,20.86000061035156
359,2013-06-10,0.577387533162691,0.5806805884976824,0.5858946538439516,0.5754665231514132,0.03740106551681129,-0.005762873007320479,0.008232690679649601,-0.002469817672329011,0.0035674853366024495,-0.04121162446768704,21.15999984741211
360,2013-06-11,0.5705269401489261,0.5738199954839176,0.5776619108221313,0.569703650144093,0.035173814657092455,-0.0068605930137648485,-0.0068605930137648485,-0.00823274302182031,-0.005762873007320257,-0.002227250859718838,20.90999984741211
361,2013-06-12,0.5754665231514132,0.5768386731594688,0.5834248361716227,0.572722327819644,0.02927961798193254,0.004939583002487091,0.0030186776755511957,0.00576292534949141,0.0030186776755510847,-0.005894196675159915,21.020000457763672
362,2013-06-13,0.5757409531530244,0.577387533162691,0.5817783085041268,0.5718990378148108,0.036008053739108745,0.00027443000161120334,0.0005488600032221846,-0.0016465276674958451,-0.000823290004833277,0.006728435757176205,21.040000915527344
363,2013-06-14,0.5842481261764558,0.5853457938407293,0.5872667515098363,0.5815038785025157,0.03095949967036687,0.008507173023431402,0.007958260678038287,0.005488443005709498,0.009604840687704952,-0.0050485540687418735,21.32999992370605
364,2013-06-17,0.5787596308285756,0.5790340608301867,0.5817783085041268,0.577387533162691,0.022976676228997024,-0.005488495347880207,-0.006311733010542553,-0.005488443005709498,-0.004116345339824745,-0.007982823441369847,21.100000381469727
365,2013-06-18,0.5762898131562466,0.5729967054790843,0.5787596308285756,0.570252510147315,0.039207098693940096,-0.002469817672329011,-0.006037355351102391,-0.0030186776755511957,-0.007135023015375941,0.01623042246494307,20.8799991607666
366,2013-06-19,0.5743688554871398,0.565312874802657,0.5795829208334089,0.5633919171335502,0.05433921921493862,-0.0019209576691068264,-0.007683830676427306,0.000823290004833277,-0.0068605930137648485,0.015132120520998521,20.600000381469727
367,2013-06-20,0.5271679420534484,0.5205817790412945,0.5343029650688242,0.5181119613689656,0.12900486431587763,-0.04720091343369137,-0.04473109576136247,-0.045279955764584656,-0.045279955764584545,0.07466564510093901,18.96999931335449
368,2013-06-21,0.528814522063115,0.5321075773981064,0.533754157407773,0.5257958443875638,0.05205031805142277,0.001646580009666554,0.01152579835681189,-0.0005488076610512538,0.0076838830185981255,-0.07695454626445486,19.38999938964844
369,2013-06-24,0.5246981767232902,0.5205817790412945,0.526619134392397,0.5156421960388075,0.06283448853411257,-0.004116345339824745,-0.01152579835681189,-0.007135023015375941,-0.010153648348756317,0.0107841704826898,18.96999931335449
370,2013-06-25,0.5216794990477391,0.5189352513737989,0.523874886718457,0.5178375837095254,0.027966430875042317,-0.0030186776755510847,-0.001646527667495623,-0.0027442476739401034,0.0021953876707179187,-0.03486805765907025,18.90999984741211
371,2013-06-26,0.5008232900048334,0.49094401931551734,0.502195387670718,0.4901207816528549,0.0814432585570978,-0.02085620904290575,-0.02799123205828158,-0.021679499047738915,-0.027716802056670486,0.053476827682055486,17.889999389648438
372,2013-06-27,0.4980790423308934,0.49094401931551734,0.5010977200064446,0.4871021039773037,0.06455356983767796,-0.0027442476739399924,0.0,-0.0010976676642734384,-0.0030186776755511957,-0.016889688719419843,17.889999389648438
373,2013-06-28,0.49313940698623526,0.5205817790412945,0.5208562090429057,0.49286497698462417,0.09716266058478698,-0.004939635344658133,0.029637759725777202,0.019758489036461158,0.005762873007320479,0.03260909074710902,18.96999931335449
374,2013-07-01,0.5208562090429057,0.5194841113770211,0.5252469843843416,0.5161910036998588,0.051686830711116655,0.027716802056670486,-0.0010976676642734384,0.0043907753414358375,0.02332602671523465,-0.045475829873670326,18.93000030517578
375,2013-07-02,0.5208562090429057,0.5126235183632563,0.5214050690461279,0.5101537006909272,0.02775047663168398,0.0,-0.0068605930137648485,-0.003841915338213653,-0.006037303008931572,-0.023936354079432676,18.68000030517578
376,2013-07-03,0.5200329713802433,0.5219539290493501,0.526619134392397,0.5186608213721879,0.023644138766637565,-0.0008232376626624571,0.00933041068609386,0.0052140653462691144,0.008507120681260694,-0.0041063378650464145,19.020000457763672
377,2013-07-05,0.5027442476739402,0.499725569998389,0.5032931076771624,0.4956092246585643,0.03952532829677672,-0.017288723706303077,-0.0222283590509611,-0.02332602671523465,-0.023051596713623668,0.015881189530139155,18.209999084472656
378,2013-07-08,0.5060373553511025,0.5054884953478803,0.5076838830185982,0.5049396353446582,0.01762272152237051,0.003293107677162288,0.005762925349491299,0.0043907753414358375,0.00933041068609397,-0.02190260677440621,18.420000076293945
379,2013-07-09,0.5087816030250426,0.5096048406877051,0.5128979483648674,0.507135023015376,0.02286620458635497,0.0027442476739401034,0.004116345339824745,0.0052140653462691144,0.0021953876707178077,0.00524348306398446,18.56999969482422
380,2013-07-10,0.509879270689316,0.507135023015376,0.5148189060339743,0.5060373553511025,0.031319779769434994,0.0010976676642734384,-0.002469817672329011,0.0019209576691069374,-0.0010976676642735494,0.008453575183080025,18.479999542236328
381,2013-07-11,0.5312843397354439,0.5348518250720465,0.5351262550736576,0.5268935643940081,0.04456247884111683,0.021405069046127823,0.027716802056670486,0.020307349039683342,0.020856209042905638,0.013242699071681838,19.489999771118164
382,2013-07-12,0.5260702743891749,0.5271679420534484,0.5290889520647261,0.524423746721679,0.02417832261283253,-0.005214065346269003,-0.0076838830185981255,-0.006037303008931572,-0.002469817672329122,-0.0203841562282843,19.209999084472656
383,2013-07-15,0.5255214143859527,0.5290889520647261,0.5296377597257774,0.5252469843843416,0.015218359674286834,-0.0005488600032221846,0.0019210100112776463,0.0005488076610513648,0.0008232376626625681,-0.008959962938545696,19.280000686645508
384,2013-07-16,0.5285400920615039,0.5304610497306106,0.5312843397354439,0.5277168020566706,0.023372592341820642,0.0030186776755511957,0.0013720976658845307,0.001646580009666443,0.002469817672329011,0.008154232667533809,19.32999992370605
385,2013-07-17,0.5310099097338329,0.5120746583600341,0.5334797274061619,0.5107025606941493,0.055431819396682284,0.002469817672329011,-0.018386391370576516,0.0021953876707180298,-0.017014241362521276,0.03205922705486164,18.65999984741211
386,2013-07-18,0.5148189060339743,0.5137211860275297,0.5178375837095254,0.509879270689316,0.023631666161823137,-0.016191003699858597,0.001646527667495623,-0.015642143696636523,-0.000823290004833277,-0.031800153234859144,18.71999931335449
387,2013-07-19,0.5164654337014699,0.5181119613689656,0.5183863913705768,0.5145444760323631,0.01934893002868699,0.001646527667495623,0.0043907753414359485,0.0005488076610514758,0.004665205343047041,-0.004282736133136147,18.8799991607666
388,2013-07-22,0.5370472127427643,0.5425357080906446,0.5458287634256361,0.5364983527395423,0.05446964702528375,0.020581779041294435,0.024423746721678907,0.027442372055059283,0.021953876707179187,0.03512071699659676,19.770000457763672
389,2013-07-23,0.536223975080102,0.5425357080906446,0.5436333757549181,0.5354006850752687,0.035068332056376175,-0.0008232376626623461,0.0,-0.0021953876707180298,-0.0010976676642735494,-0.019401314968907575,19.770000457763672
390,2013-07-24,0.5375960727459865,0.5343029650688242,0.5386937404102601,0.5296377597257774,0.02521925057463072,0.0013720976658845307,-0.00823274302182031,-0.004939635344658022,-0.005762925349491299,-0.009849081481745455,19.46999931335449
391,2013-07-25,0.5332052974045508,0.5351262550736576,0.5364983527395423,0.5326564374013286,0.015774994209147766,-0.0043907753414357265,0.000823290004833388,-0.0021953876707178077,0.0030186776755511957,-0.009444256365482954,19.5
392,2013-07-26,0.5296377597257774,0.5301866197289996,0.5326564374013286,0.5205817790412945,0.03200007127202751,-0.0035675376787733803,-0.004939635344658022,-0.003841915338213653,-0.012074658360034074,0.016225077062879744,19.31999969482422
393,2013-07-29,0.5274423720550594,0.5252469843843416,0.5290889520647261,0.5252469843843416,0.01496926393813588,-0.0021953876707180298,-0.004939635344658022,-0.0035674853366025605,0.004665205343047041,-0.01703080733389163,19.13999938964844
394,2013-07-30,0.5230515967136237,0.5222283590509612,0.5246981767232902,0.5211306390445168,0.014533079129768544,-0.0043907753414357265,-0.003018625333380376,-0.0043907753414358375,-0.004116345339824745,-0.0004361848083673358,19.030000686645508
395,2013-07-31,0.5216794990477391,0.5252469843843416,0.5329308674029397,0.5134467560259187,0.040085526433013205,-0.0013720976658845307,0.003018625333380376,0.00823269067964949,-0.0076838830185981255,0.02555244730324466,19.13999938964844
396,2013-08-01,0.523874886718457,0.5205817790412945,0.524149316720068,0.5194841113770211,0.02068456782424318,0.0021953876707178077,-0.004665205343047041,-0.008781550682871675,0.006037355351102391,-0.019400958608770023,18.96999931335449
397,2013-08-02,0.5282656620598928,0.5246981767232902,0.5296377597257774,0.524423746721679,0.02189512321151756,0.0043907753414358375,0.004116397681995676,0.005488443005709387,0.004939635344657911,0.0012105553872743778,19.1200008392334
398,2013-08-05,0.5230515967136237,0.5216794990477391,0.524149316720068,0.5200329713802433,0.016000926536357644,-0.0052140653462691144,-0.0030186776755510847,-0.005488443005709387,-0.0043907753414357265,-0.005894196675159915,19.01000022888184
399,2013-08-06,0.51920968137541,0.5167398637030809,0.5200329713802433,0.5159165736982477,0.021579031769506263,-0.003841915338213653,-0.004939635344658244,-0.004116345339824745,-0.004116397681995565,0.005578105233148618,18.82999992370605
400,2013-08-07,0.5148189060339743,0.5167398637030809,0.5200329713802433,0.5137211860275297,0.018463375086862785,-0.0043907753414357265,0.0,0.0,-0.0021953876707180298,-0.003115656682643478,18.82999992370605
401,2013-08-08,0.5257958443875638,0.5378705027475976,0.5386937404102601,0.5257958443875638,0.03927338167952533,0.010976938353589483,0.02113063904451673,0.01866076903001679,0.012074658360034074,0.020810006592662543,19.600000381469727
402,2013-08-09,0.5381449327492087,0.5422612780890336,0.5452799557645847,0.5367727827411534,0.029210840475384425,0.012349088361644944,0.0043907753414359485,0.006586215354324576,0.010976938353589594,-0.010062541204140903,19.76000022888184
403,2013-08-12,0.5631174871319391,0.5658617348058792,0.5683315001360374,0.5620197671254947,0.044598471215009886,0.024972554382730383,0.02360045671684563,0.023051544371452737,0.025246984384341364,0.015387630739625461,20.6200008392334
404,2013-08-13,0.5686059301376484,0.5683315001360374,0.569703650144093,0.5633919171335502,0.03132904513301142,0.005488443005709276,0.0024697653301581912,0.0013721500080555726,0.0013721500080554616,-0.013269426081998464,20.709999084472656
405,2013-08-14,0.569703650144093,0.5787596308285756,0.5793084908317977,0.5691547901408707,0.04849277479821107,0.0010977200064445913,0.010428130692538229,0.00960484068770473,0.005762873007320479,0.017163729665199648,21.09000015258789
406,2013-08-15,0.5779363408237423,0.6078485305511309,0.6141602635616734,0.5776619108221313,0.12355041605046059,0.00823269067964938,0.02908889972255524,0.03485177272987572,0.008507120681260583,0.07505764125224952,22.149999618530277
407,2013-08-16,0.61580684357134,0.6130625958973999,0.6199231889111647,0.6078485305511309,0.06740516365839318,0.03787050274759762,0.005214065346269003,0.005762925349491299,0.03018661972899961,-0.05614525239206741,22.34000015258789
408,2013-08-19,0.6149835535665067,0.6130625958973999,0.61580684357134,0.6081229605527418,0.03488730110649823,-0.000823290004833277,0.0,-0.004116345339824745,0.0002744300016109813,-0.03251786255189495,22.34000015258789
409,2013-08-20,0.6097694882202375,0.6089462505575751,0.6174533712388357,0.608671820555964,0.033263367959660034,-0.0052140653462692255,-0.004116345339824745,0.001646527667495734,0.0005488600032221846,-0.0016239331468381954,22.190000534057617
410,2013-08-21,0.6072996705479086,0.6075741005495198,0.6185510912452801,0.6042810452145282,0.051434527733727704,-0.0024698176723289,-0.0013721500080553506,0.0010977200064443693,-0.0043907753414358375,0.01817115977406767,22.13999938964844
411,2013-08-22,0.6127881658957887,0.611141638228293,0.6177278012404469,0.6092206805591862,0.024978707481781087,0.005488495347880096,0.0035675376787732693,-0.0008232900048331659,0.004939635344658022,-0.026455820251946618,22.270000457763672
412,2013-08-23,0.6125137358941777,0.6352909026061901,0.6380351502801301,0.6116904982315152,0.07064198278780535,-0.0002744300016109813,0.024149264377897106,0.02030734903968323,0.002469817672329011,0.045663275306024265,23.149999618530277
413,2013-08-26,0.639956107949237,0.6437980232874506,0.6465422709613907,0.6328210849338611,0.05001229442474565,0.027442372055059283,0.008507120681260472,0.008507120681260583,0.02113058670234591,-0.020629688363059707,23.459999084472656
414,2013-08-27,0.6495609486369419,0.647365560966224,0.6542261539799888,0.6470911309646128,0.05247973201717656,0.009604840687704952,0.0035675376787733803,0.0076838830185981255,0.01427004603075166,0.0024674375924309128,23.59000015258789
415,2013-08-28,0.6479144209694461,0.6429747856247882,0.6492865186353308,0.6413282579572924,0.06066817525791565,-0.0016465276674958451,-0.0043907753414358375,-0.004939635344658022,-0.005762873007320368,0.008188443240739092,23.43000030517578
416,2013-08-29,0.6366630526142455,0.6311745572663654,0.6385840102833523,0.6278814495892031,0.05092243821606115,-0.011251368355200575,-0.01180022835842276,-0.010702508351978501,-0.013446808368089314,-0.009745737041854503,23.0
417,2013-08-30,0.6212952865770495,0.6201976189127758,0.6278814495892031,0.6188254689047203,0.035226912317588156,-0.015367766037196029,-0.010976938353589594,-0.01070256069414921,-0.009055980684482767,-0.015695525898472992,22.600000381469727
418,2013-09-03,0.6468167009630018,0.6418770656183439,0.6470911309646128,0.6416026356167327,0.046039235251144804,0.025521414385952346,0.021679446705568095,0.019209681375409682,0.022777166712012353,0.010812322933556648,23.38999938964844
419,2013-09-04,0.6226674365851048,0.6226674365851048,0.6232162442461562,0.6177278012404469,0.038175436095718336,-0.024149264377896995,-0.019209629033239084,-0.02387488671845661,-0.023874834376285792,-0.007863799155426468,22.690000534057617
420,2013-09-05,0.6196487589095535,0.6141602635616734,0.620746478915998,0.608671820555964,0.03131122712613367,-0.0030186776755513067,-0.008507173023431402,-0.0024697653301581912,-0.009055980684482878,-0.006864208969584666,22.3799991607666
421,2013-09-06,0.6292535995972586,0.630351267261532,0.6336443749386944,0.6281558795908142,0.027425832546371362,0.009604840687705063,0.016191003699858597,0.01289789602269642,0.019484059034850176,-0.003885394579762308,22.96999931335449
422,2013-09-09,0.6273326419281516,0.6267837819249296,0.6298024596004808,0.6248628242558227,0.020016036206189976,-0.0019209576691069374,-0.0035674853366024495,-0.003841915338213653,-0.003293055334991468,-0.007409796340181386,22.84000015258789
423,2013-09-10,0.6094950582186265,0.6072996705479086,0.6108672082266821,0.6034577552096949,0.03669190884307681,-0.01783758370952515,-0.019484111377020996,-0.0189352513737987,-0.021405069046127823,0.016675872636886836,22.1299991607666
424,2013-09-11,0.6116904982315152,0.6116904982315152,0.613337025899011,0.6100439182218487,0.017142704417083904,0.0021954400128887386,0.004390827683606657,0.0024698176723289,0.006586163012153756,-0.019549204425992908,22.290000915527344
425,2013-09-12,0.5880900415146695,0.5779363408237423,0.5902854291853875,0.5776619108221313,0.05442902196960248,-0.02360045671684574,-0.03375415740777288,-0.023051596713623446,-0.032382007399717416,0.03728631755251858,21.059999465942383
426,2013-09-13,0.5776619108221313,0.5878156115130584,0.5883644715162806,0.5718990378148108,0.041744026513194234,-0.010428130692538229,0.009879270689316044,-0.0019209576691069374,-0.005762873007320479,-0.012684995456408249,21.420000076293945
427,2013-09-16,0.5847969338375072,0.5746432854887509,0.5864435138471737,0.5740944254855287,0.02671204319084867,0.007135023015375941,-0.013172326024307512,-0.0019209576691068264,0.0021953876707179187,-0.015031983322345562,20.940000534057617
428,2013-09-17,0.577387533162691,0.5751920931498022,0.5784852008269644,0.5743688554871398,0.022953156459918394,-0.007409400674816213,0.0005488076610513648,-0.007958313020209329,0.0002744300016110923,-0.0037588867309302776,20.959999084472656
429,2013-09-18,0.5675082624733749,0.6122393058925666,0.6147091235648957,0.5611965294628323,0.10915204105268785,-0.009879270689316044,0.037047212742764346,0.03622392273793129,-0.013172326024307512,0.08619888459276945,22.309999465942383
430,2013-09-19,0.6144346935632846,0.6092206805591862,0.6196487589095535,0.6083973905543529,0.05795235464960889,0.04692643108990968,-0.003018625333380376,0.0049396353446578,0.04720086109152066,-0.05119968640307895,22.200000762939453
431,2013-09-20,0.5979693122039855,0.5762898131562466,0.5998902698730922,0.574917715490362,0.06590239295832369,-0.01646538135929909,-0.0329308674029396,-0.01975848903646127,-0.033479675063990966,0.007950038308714796,21.0
432,2013-09-23,0.5746432854887509,0.570252510147315,0.5798572984928492,0.570252510147315,0.027671364681146768,-0.02332602671523465,-0.006037303008931572,-0.02003297138024307,-0.00466520534304693,-0.03823102827717692,20.780000686645508
433,2013-09-24,0.5669594024701528,0.5732711354806955,0.5771131031610799,0.5666849724685418,0.026062042299948327,-0.0076838830185981255,0.003018625333380487,-0.0027441953317692835,-0.0035675376787732693,-0.0016093223811984407,20.88999938964844
434,2013-09-25,0.574917715490362,0.5757409531530244,0.5804061584960715,0.5732711354806955,0.023486271225700694,0.007958313020209218,0.0024698176723289,0.003293055334991579,0.006586163012153756,-0.0025757710742476334,20.979999542236328
435,2013-09-26,0.5768386731594688,0.5740944254855287,0.5790340608301867,0.5724478978180328,0.02354221976729683,0.0019209576691068264,-0.001646527667495734,-0.0013720976658847528,-0.0008232376626626792,5.59485415961361e-05,20.920000076293945
436,2013-09-27,0.5751920931498022,0.5751920931498022,0.5795829208334089,0.5746432854887509,0.018951944835450707,-0.001646580009666554,0.0010976676642735494,0.0005488600032221846,0.0021953876707180298,-0.004590274931846123,20.959999084472656
437,2013-09-30,0.5686059301376484,0.5735455654823066,0.5834248361716227,0.5675082624733749,0.028468898668994887,-0.006586163012153867,-0.001646527667495623,0.003841915338213764,-0.007135023015375941,0.00951695383354418,20.899999618530277
438,2013-10-01,0.5537870764458452,0.5600988094563879,0.5628430571303281,0.5455543334240249,0.07485059601233006,-0.014818853691803135,-0.013446756025918716,-0.020581779041294546,-0.021953929049350007,0.04638169734333517,20.40999984741211
439,2013-10-02,0.5639407247946016,0.5740944254855287,0.5823271161651781,0.5633919171335502,0.04439071325481531,0.010153648348756317,0.01399561602914079,0.019484059034849954,0.017837583709525262,-0.030459882757514746,20.920000076293945
440,2013-10-03,0.5735455654823066,0.5740944254855287,0.5776619108221313,0.5691547901408707,0.028321009211909557,0.009604840687705063,0.0,-0.004665205343046819,0.005762873007320479,-0.016069704042905756,20.920000076293945
441,2013-10-04,0.5760153831546355,0.5743688554871398,0.5765642431578578,0.5686059301376484,0.017487304670099603,0.0024698176723289,0.0002744300016110923,-0.0010976676642734384,-0.0005488600032222957,-0.010833704541809954,20.93000030517578
442,2013-10-07,0.5804061584960715,0.5908342891886096,0.5941273445236012,0.5790340608301867,0.04366231313365287,0.0043907753414359485,0.0164654337014698,0.01756310136574335,0.01042813069253834,0.026175008463553265,21.530000686645508
443,2013-10-08,0.5924808168561053,0.5897365691821652,0.5946762045268232,0.5891877091789429,0.024533613669974877,0.012074658360033852,-0.0010977200064443693,0.0005488600032220736,0.010153648348756206,-0.01912869946367799,21.489999771118164
444,2013-10-09,0.5806805884976824,0.5776619108221313,0.5828759761684004,0.5754665231514132,0.036194430091050014,-0.01180022835842287,-0.012074658360033963,-0.01180022835842287,-0.013721186027529697,0.011660816421075137,21.049999237060547
445,2013-10-10,0.5790340608301867,0.5716246078131996,0.5812294485009046,0.5713501778115886,0.022732925894909394,-0.001646527667495734,-0.006037303008931683,-0.001646527667495734,-0.004116345339824634,-0.01346150419614062,20.82999992370605
446,2013-10-11,0.5622941971271058,0.5631174871319391,0.5639407247946016,0.5590011417921144,0.03930189049052973,-0.016739863703080893,-0.008507120681260472,-0.017288723706303077,-0.012349036019474235,0.016568964595620333,20.520000457763672
447,2013-10-14,0.5691547901408707,0.5625686271287169,0.569703650144093,0.5622941971271058,0.017153395221210555,0.0068605930137648485,-0.0005488600032221846,0.00576292534949141,0.003293055334991468,-0.022148495269319172,20.5
448,2013-10-15,0.5587267117905031,0.5642151547962126,0.5688803601392596,0.5579034217856699,0.028643158776259288,-0.01042807835036752,0.001646527667495734,-0.000823290004833388,-0.0043907753414359485,0.011489763555048733,20.559999465942383
449,2013-10-16,0.5636663471351613,0.5625686271287169,0.5669594024701528,0.5592755194515546,0.023452773372770522,0.004939635344658133,-0.001646527667495734,-0.0019209576691068264,0.0013720976658847528,-0.0051903854034887655,20.5
450,2013-10-17,0.5751920931498022,0.5776619108221313,0.5809550184992935,0.574917715490362,0.03342800634321045,0.011525746014640958,0.015093283693414339,0.01399561602914079,0.015642196038807343,0.009975232970439927,21.049999237060547
451,2013-10-18,0.5784852008269644,0.5793084908317977,0.5809550184992935,0.5776619108221313,0.018404219304028652,0.003293107677162177,0.001646580009666443,0.0,0.0027441953317692835,-0.015023787039181797,21.11000061035156
452,2013-10-21,0.5894621391805541,0.5875411815114473,0.5900109991837763,0.5864435138471737,0.018729932469753935,0.010976938353589705,0.008232690679649601,0.009055980684482767,0.008781603025042495,0.0003257131657252825,21.40999984741211
453,2013-10-22,0.5944017745252121,0.6001646998747034,0.603732185211306,0.5941273445236012,0.03681200220943285,0.004939635344658022,0.012623518363256148,0.013721186027529697,0.007683830676427417,0.018082069739678915,21.8700008392334
454,2013-10-23,0.5974204522007633,0.5968715921975412,0.5998902698730922,0.5965971621959301,0.01955918250984445,0.0030186776755511957,-0.003293107677162288,-0.003841915338213764,0.0024698176723289,-0.0172528196995884,21.75
455,2013-10-24,0.600987937537366,0.6001646998747034,0.6048299052177504,0.5998902698730922,0.026708123229335568,0.0035674853366026715,0.003293107677162288,0.004939635344658133,0.003293107677162177,0.007148940719491119,21.8700008392334
456,2013-10-25,0.5908342891886096,0.5957738721910968,0.6001646998747034,0.5900109991837763,0.026766922652032142,-0.010153648348756428,-0.004390827683606657,-0.00466520534304693,-0.009879270689315933,5.879942269657393e-05,21.709999084472656
457,2013-10-28,0.5952250645300454,0.5949506345284343,0.5996158398714813,0.5938529145219901,0.02171694314274005,0.0043907753414358375,-0.0008232376626624571,-0.0005488600032221846,0.003841915338213764,-0.005049979509292091,21.68000030517578
458,2013-10-29,0.5957738721910968,0.5952250645300454,0.5979693122039855,0.5941273445236012,0.018400299342515546,0.0005488076610513648,0.0002744300016110923,-0.001646527667495734,0.0002744300016110923,-0.0033166438002245058,21.690000534057617
459,2013-10-30,0.608671820555964,0.6004390775341437,0.6100439182218487,0.5933041068609386,0.040260499260552716,0.01289794836486724,0.005214013004098295,0.012074606017863143,-0.0008232376626625681,0.02186019991803717,21.8799991607666
460,2013-10-31,0.5828759761684004,0.5790340608301867,0.5847969338375072,0.5776619108221313,0.03690358676478449,-0.02579584438756366,-0.021405016703957003,-0.025246984384341475,-0.015642196038807343,-0.0033569124957682286,21.100000381469727
461,2013-11-01,0.5787596308285756,0.5784852008269644,0.5804061584960715,0.5757409531530244,0.021265791208595407,-0.004116345339824745,-0.0005488600032222957,-0.0043907753414357265,-0.0019209576691068264,-0.01563779555618908,21.07999992370605
462,2013-11-04,0.5768386731594688,0.5721734678164219,0.5779363408237423,0.5716246078131996,0.01665199650767065,-0.0019209576691068264,-0.006311733010542553,-0.002469817672329122,-0.004116345339824856,-0.004613794700924757,20.850000381469727
463,2013-11-05,0.572722327819644,0.5735455654823066,0.5743688554871398,0.5708013178083664,0.011912050318051422,-0.004116345339824745,0.0013720976658847528,-0.0035674853366025605,-0.0008232900048331659,-0.004739946189619228,20.899999618530277
464,2013-11-06,0.5779363408237423,0.5762898131562466,0.5795829208334089,0.5746432854887509,0.0122338435222636,0.005214013004098295,0.0027442476739399924,0.0052140653462691144,0.0038419676803844727,0.00032179320421217746,21.0
465,2013-11-07,0.5710757478099775,0.5716246078131996,0.5746432854887509,0.569703650144093,0.018027190278495447,-0.0068605930137648485,-0.004665205343047041,-0.004939635344658022,-0.004939635344657911,0.0057933467562318475,20.82999992370605
466,2013-11-08,0.5672338324717638,0.567782692474986,0.5683315001360374,0.5622941971271058,0.025115549774602213,-0.003841915338213653,-0.003841915338213542,-0.006311785352713484,-0.007409453016987144,0.007088359496106766,20.690000534057617
467,2013-11-11,0.565587304804268,0.565312874802657,0.5658617348058792,0.5628430571303281,0.01240667818897778,-0.0016465276674958451,-0.002469817672329011,-0.0024697653301581912,0.0005488600032222957,-0.012708871585624433,20.600000381469727
468,2013-11-12,0.5598243794547769,0.5488474411011872,0.560373239457999,0.5441822357581403,0.040918696434616826,-0.005762925349491077,-0.0164654337014698,-0.005488495347880207,-0.01866082137218783,0.028512018245639044,20.0
469,2013-11-13,0.5472009134336915,0.5428101380922556,0.5488474411011872,0.5406147504215377,0.0322513051690038,-0.012623466021085439,-0.006037303008931572,-0.011525798356811778,-0.0035674853366025605,-0.008667391265613028,19.780000686645508
470,2013-11-14,0.5469264834320804,0.5502195387670719,0.5518661187767383,0.5463776234288582,0.02323004828679864,-0.0002744300016110923,0.007409400674816213,0.0030186776755510847,0.005762873007320479,-0.009021256882205158,20.049999237060547
471,2013-11-15,0.5480241510963539,0.5488474411011872,0.5496707311060205,0.5474753434353026,0.014012080608663114,0.0010976676642735494,-0.0013720976658846418,-0.0021953876707178077,0.0010977200064443693,-0.009217967678135526,20.0
472,2013-11-18,0.5455543334240249,0.5397914604167044,0.5466520534304693,0.5367727827411534,0.02341001015626392,-0.002469817672329011,-0.009055980684482767,-0.0030186776755511957,-0.01070256069414921,0.009397929547600806,19.670000076293945
473,2013-11-19,0.5386937404102601,0.5381449327492087,0.5417124180858113,0.5370472127427643,0.015484560697040428,-0.0068605930137648485,-0.001646527667495734,-0.004939635344658022,0.0002744300016109813,-0.007925449459223492,19.61000061035156
474,2013-11-20,0.536223975080102,0.5252469843843416,0.5384193627508198,0.5233260267152348,0.05434955365892771,-0.00246976533015808,-0.012897948364867129,-0.003293055334991468,-0.013721186027529586,0.038864992961887286,19.13999938964844
475,2013-11-21,0.524149316720068,0.5279912320582817,0.5301866197289996,0.5214050690461279,0.024942358747750477,-0.012074658360033963,0.0027442476739401034,-0.008232743021820199,-0.0019209576691068264,-0.029407194911177235,19.239999771118164
476,2013-11-22,0.5277168020566706,0.5249725543827305,0.528814522063115,0.524149316720068,0.014168879069187321,0.0035674853366025605,-0.0030186776755511957,-0.0013720976658846418,0.0027442476739401034,-0.010773479678563156,19.1299991607666
477,2013-11-25,0.523874886718457,0.528814522063115,0.5318331473964953,0.5236004567168457,0.021918999340733745,-0.003841915338213653,0.0038419676803844727,0.003018625333380376,-0.0005488600032222957,0.0077501202715464235,19.270000457763672
478,2013-11-26,0.526344704390786,0.5249725543827305,0.5285400920615039,0.5233260267152348,0.01759955811342943,0.002469817672329011,-0.0038419676803844727,-0.003293055334991468,-0.0002744300016109813,-0.0043194412273043145,19.1299991607666
479,2013-11-27,0.526619134392397,0.5203073490396836,0.5274423720550594,0.51920968137541,0.02368725834328172,0.0002744300016110923,-0.00466520534304693,-0.0010977200064444803,-0.004116345339824745,0.006087700229852291,18.959999084472656
480,2013-11-29,0.5285400920615039,0.5279912320582817,0.5310099097338329,0.5274423720550594,0.009783154856297775,0.0019209576691068264,0.0076838830185981255,0.0035675376787734914,0.00823269067964938,-0.013904103486983947,19.239999771118164
481,2013-12-02,0.5183863913705768,0.5065861630121539,0.5197585413786322,0.5057629253494914,0.03959695668442528,-0.010153700690927026,-0.021405069046127823,-0.011251368355200686,-0.021679446705567984,0.02981380182812751,18.459999084472656
482,2013-12-03,0.5035675376787735,0.5054884953478803,0.5076838830185982,0.5016465800096667,0.02463339450849028,-0.014818853691803358,-0.0010976676642735494,-0.012074658360033963,-0.004116345339824745,-0.014963562175935002,18.420000076293945
483,2013-12-04,0.5096048406877051,0.5214050690461279,0.5257958443875638,0.509330410686094,0.040552001853072714,0.006037303008931572,0.015916573698247616,0.018111961368965535,0.007683830676427306,0.015918607344582433,19.0
484,2013-12-05,0.5112513683552008,0.5128979483648674,0.5214050690461279,0.5090559806844829,0.028183810558950875,0.001646527667495734,-0.008507120681260583,-0.0043907753414358375,-0.0002744300016110923,-0.012368191294121839,18.690000534057617
485,2013-12-06,0.5167398637030809,0.5148189060339743,0.5197585413786322,0.5126235183632563,0.026608342390820165,0.005488495347880096,0.0019209576691069374,-0.001646527667495734,0.0035675376787733803,-0.0015754681681307107,18.76000022888184
486,2013-12-09,0.5211306390445168,0.5246981767232902,0.5282656620598928,0.5197585413786322,0.022834488534112574,0.0043907753414359485,0.009879270689315933,0.008507120681260583,0.007135023015375941,-0.003773853856707591,19.1200008392334
487,2013-12-10,0.5395170304150934,0.5395170304150934,0.5397914604167044,0.5354006850752687,0.028602890080715572,0.018386391370576516,0.014818853691803135,0.011525798356811667,0.015642143696636523,0.005768401546602998,19.65999984741211
488,2013-12-11,0.5397914604167044,0.5364983527395423,0.5403403204199266,0.5351262550736576,0.021040927961798194,0.0002744300016110923,-0.0030186776755510847,0.0005488600032221846,-0.0002744300016110923,-0.007561962118917378,19.549999237060547
489,2013-12-12,0.5170142937046921,0.5161910036998588,0.5178375837095254,0.5134467560259187,0.03442759652905226,-0.022777166712012353,-0.020307349039683453,-0.02250273671040126,-0.021679499047738915,0.013386668567254064,18.809999465942383
490,2013-12-13,0.5183863913705768,0.5200329713802433,0.5222283590509612,0.5170142937046921,0.019628316376530123,0.0013720976658847528,0.0038419676803844727,0.0043907753414358375,0.0035675376787733803,-0.014799280152522135,18.950000762939453
491,2013-12-16,0.5197585413786322,0.5274423720550594,0.536223975080102,0.5186608213721879,0.03155711562104663,0.0013721500080553506,0.007409400674816102,0.01399561602914079,0.0016465276674958451,0.011928799244516505,19.21999931335449
492,2013-12-17,0.5236004567168457,0.5252469843843416,0.5318331473964953,0.5230515967136237,0.025896334835985246,0.003841915338213542,-0.0021953876707178077,-0.004390827683606657,0.0043907753414357265,-0.005660780785061381,19.13999938964844
493,2013-12-18,0.5279912320582817,0.523874886718457,0.5356751150768798,0.5194841113770211,0.04379381002441067,0.0043907753414359485,-0.0013720976658846418,0.0038419676803844727,-0.0035674853366025605,0.017897475188425424,19.09000015258789
494,2013-12-19,0.5085071730234315,0.5074094530169871,0.509879270689316,0.5054884953478803,0.04259679632236338,-0.019484059034850176,-0.0164654337014698,-0.02579584438756377,-0.01399561602914079,-0.001197013702047292,18.489999771118164
495,2013-12-20,0.5090559806844829,0.5109769906957605,0.5159165736982477,0.507135023015376,0.039926589811663665,0.0005488076610513648,0.0035675376787733803,0.006037303008931683,0.001646527667495734,-0.002670206510699713,18.6200008392334
496,2013-12-23,0.5134467560259187,0.5137211860275297,0.5159165736982477,0.5118002283584231,0.02183347290772054,0.0043907753414358375,0.0027441953317691725,0.0,0.004665205343047041,-0.018093116903943125,18.71999931335449
497,2013-12-24,0.5134467560259187,0.5148189060339743,0.5170142937046921,0.5128979483648674,0.009962760365625501,0.0,0.0010977200064445913,0.0010977200064443693,0.0010977200064442583,-0.01187071254209504,18.76000022888184
498,2013-12-26,0.5285400920615039,0.5219539290493501,0.528814522063115,0.5216794990477391,0.023171961584377173,0.015093336035585159,0.00713502301537583,0.01180022835842287,0.008781550682871786,0.013209201218751672,19.020000457763672
499,2013-12-27,0.5301866197289996,0.528814522063115,0.5307354797322218,0.5282656620598928,0.026235233326800063,0.001646527667495734,0.0068605930137648485,0.0019209576691068264,0.006586163012153645,0.00306327174242289,19.270000457763672
500,2013-12-30,0.5197585413786322,0.5172887237063032,0.5219539290493501,0.5145444760323631,0.029214760436897528,-0.010428078350367409,-0.011525798356811778,-0.008781550682871675,-0.013721186027529697,0.002979527110097465,18.850000381469727
501,2013-12-31,0.5019210100112778,0.5134467560259187,0.5236004567168457,0.5010977200064446,0.08155194839905208,-0.017837531367354442,-0.0038419676803844727,0.001646527667495623,-0.013446756025918494,0.05233718796215456,18.709999084472656
502,2014-01-02,0.5310099097338329,0.5277168020566706,0.5343029650688242,0.5274423720550594,0.042812394205584164,0.029088899722555128,0.014270046030751882,0.010702508351978501,0.026344652048614803,-0.03873955419346792,19.229999542236328
503,2014-01-03,0.5315587697370551,0.5329308674029397,0.5345773950704354,0.5301866197289996,0.021041640682073304,0.0005488600032221846,0.0052140653462691144,0.00027443000161120334,0.0027442476739402144,-0.02177075352351086,19.420000076293945
504,2014-01-06,0.5329308674029397,0.5329308674029397,0.5375960727459865,0.5282656620598928,0.04232061721575824,0.0013720976658846418,0.0,0.0030186776755510847,-0.0019209576691068264,0.021278976533684938,19.420000076293945
505,2014-01-07,0.5211306390445168,0.5249725543827305,0.5255214143859527,0.5186608213721879,0.02699036045827914,-0.01180022835842287,-0.007958313020209218,-0.012074658360033852,-0.009604840687704841,-0.015330256757479104,19.1299991607666
506,2014-01-08,0.5134467560259187,0.5167398637030809,0.5178375837095254,0.5107025606941493,0.036741799262334514,-0.0076838830185981255,-0.008232690679649601,-0.007683830676427306,-0.00795826067803862,0.009751438804055376,18.82999992370605
507,2014-01-09,0.5150933360355853,0.5170142937046921,0.5211306390445168,0.5126235183632563,0.016143114231242095,0.001646580009666554,0.00027443000161120334,0.003293055334991468,0.0019209576691069374,-0.02059868503109242,18.84000015258789
508,2014-01-10,0.5299121897273885,0.5318331473964953,0.5348518250720465,0.5282656620598928,0.030094613616520854,0.014818853691803247,0.014818853691803247,0.013721186027529697,0.015642143696636523,0.01395149938527876,19.3799991607666
509,2014-01-13,0.5296377597257774,0.5400658904183155,0.5406147504215377,0.5293633820663372,0.025859629741817082,-0.0002744300016110923,0.008232743021820199,0.005762925349491188,0.0010977200064443693,-0.004234983874703772,19.68000030517578
510,2014-01-14,0.5370472127427643,0.5329308674029397,0.5444566657597514,0.5321075773981064,0.03918892432692479,0.007409453016986922,-0.00713502301537583,0.003841915338213653,0.0027441953317692835,0.01332929458510771,19.420000076293945
511,2014-01-15,0.5282656620598928,0.5323820073997175,0.5340285350672133,0.5279912320582817,0.018489745737041853,-0.008781550682871564,-0.0005488600032221846,-0.010428130692538118,-0.004116345339824745,-0.02069917858988294,19.399999618530277
512,2014-01-16,0.5323820073997175,0.5310099097338329,0.5334797274061619,0.5293633820663372,0.021844163711847192,0.004116345339824745,-0.0013720976658846418,-0.0005488076610513648,0.0013721500080554616,0.003354417974805339,19.350000381469727
513,2014-01-17,0.5354006850752687,0.5354006850752687,0.5395170304150934,0.5345773950704354,0.023344083530816243,0.0030186776755511957,0.0043907753414358375,0.0060373030089314605,0.005214013004098295,0.0014999198189690512,19.51000022888184
514,2014-01-21,0.5222283590509612,0.5260702743891749,0.5268935643940081,0.5219539290493501,0.031914901199151864,-0.013172326024307512,-0.00933041068609386,-0.012623466021085217,-0.012623466021085328,0.008570817668335621,19.170000076293945
515,2014-01-22,0.5249725543827305,0.5222283590509612,0.526344704390786,0.5219539290493501,0.01767831370382909,0.0027441953317692835,-0.003841915338213653,-0.0005488600032221846,0.0,-0.014236587495322774,19.030000686645508
516,2014-01-23,0.5323820073997175,0.5285400920615039,0.5364983527395423,0.5277168020566706,0.032478306576626335,0.007409453016987033,0.006311733010542664,0.010153648348756317,0.005762873007320479,0.014799992872797246,19.26000022888184
517,2014-01-24,0.5315587697370551,0.5257958443875638,0.5340285350672133,0.5211306390445168,0.02982271083156638,-0.0008232376626624571,-0.0027442476739401034,-0.002469817672329011,-0.006586163012153756,-0.002655595745059955,19.15999984741211
518,2014-01-27,0.5236004567168457,0.5183863913705768,0.5255214143859527,0.5167398637030809,0.02761755430037596,-0.007958313020209329,-0.007409453016986922,-0.008507120681260583,-0.0043907753414359485,-0.0022051565311904213,18.88999938964844
519,2014-01-28,0.5208562090429057,0.5172887237063032,0.5211306390445168,0.514270046030752,0.02278851807636798,-0.0027442476739399924,-0.0010976676642736605,-0.0043907753414358375,-0.0024698176723289,-0.004829036224007981,18.850000381469727
520,2014-01-29,0.5252469843843416,0.5219539290493501,0.526344704390786,0.5148189060339743,0.031000124726048146,0.0043907753414358375,0.00466520534304693,0.0052140653462691144,0.0005488600032222957,0.008211606649680167,19.020000457763672
521,2014-01-30,0.5057629253494914,0.5074094530169871,0.5087816030250426,0.5046652053430472,0.0463442795288919,-0.019484059034850176,-0.014544476032362974,-0.01756310136574335,-0.010153700690927137,0.015344154802843752,18.489999771118164
522,2014-01-31,0.5104281306925383,0.5063117853527136,0.5123490883616452,0.5046652053430472,0.024139835717976586,0.00466520534304693,-0.0010976676642735494,0.0035674853366025605,0.0,-0.02220444381091531,18.450000762939453
523,2014-02-03,0.5109769906957605,0.5107025606941493,0.5186608213721879,0.509879270689316,0.034311423124209324,0.0005488600032221846,0.0043907753414357265,0.006311733010542775,0.005214065346268892,0.010171587406232738,18.61000061035156
524,2014-02-04,0.5101537006909272,0.5145444760323631,0.5156421960388075,0.509879270689316,0.014139301177770255,-0.000823290004833277,0.003841915338213764,-0.003018625333380487,0.0,-0.020172121946439067,18.75
525,2014-02-05,0.526619134392397,0.5233260267152348,0.5271679420534484,0.5214050690461279,0.042232239901644604,0.0164654337014698,0.008781550682871675,0.011525746014640958,0.01152579835681189,0.028092938723874347,19.06999969482422
526,2014-02-06,0.5282656620598928,0.5260702743891749,0.5293633820663372,0.524149316720068,0.020162500222725085,0.001646527667495734,0.0027442476739401034,0.0021954400128887386,0.0027442476739401034,-0.02206973967891952,19.170000076293945
527,2014-02-07,0.5236004567168457,0.528814522063115,0.5290889520647261,0.5233260267152348,0.02532295137465923,-0.004665205343047041,0.0027442476739401034,-0.0002744300016110923,-0.000823290004833277,0.005160451151934146,19.270000457763672
528,2014-02-10,0.533754157407773,0.5293633820663372,0.5354006850752687,0.5290889520647261,0.023669796696541526,0.010153700690927248,0.0005488600032221846,0.006311733010542664,0.005762925349491299,-0.0016531546781177048,19.290000915527344
529,2014-02-11,0.5282656620598928,0.533754157407773,0.536223975080102,0.5282656620598928,0.032951552839299396,-0.005488495347880207,0.0043907753414358375,0.000823290004833277,-0.000823290004833277,0.00928175614275787,19.450000762939453
530,2014-02-12,0.5351262550736576,0.5332052974045508,0.5386937404102601,0.5329308674029397,0.022844466617964115,0.0068605930137648485,-0.0005488600032221846,0.00246976533015808,0.00466520534304693,-0.010107086221335281,19.43000030517578
531,2014-02-13,0.5345773950704354,0.5417124180858113,0.5422612780890336,0.5343029650688242,0.03744311601304278,-0.0005488600032221846,0.008507120681260472,0.0035675376787734914,0.0013720976658845307,0.014598649395078666,19.739999771118164
532,2014-02-14,0.5587267117905031,0.5666849724685418,0.5666849724685418,0.5581778517872811,0.06108119665734191,0.024149316720067704,0.024972554382730494,0.0244236943795082,0.023874886718456834,0.023638080644299127,20.649999618530277
533,2014-02-18,0.572722327819644,0.5798572984928492,0.5798572984928492,0.570252510147315,0.04523635586123336,0.0139956160291409,0.013172326024307401,0.013172326024307401,0.012074658360033963,-0.015844840796108546,21.1299991607666
534,2014-02-19,0.5765642431578578,0.5661361124653195,0.5776619108221313,0.5642151547962126,0.042673770112075265,0.003841915338213764,-0.013721186027529697,-0.0021953876707179187,-0.006037355351102391,-0.002562585749158096,20.6299991607666
535,2014-02-20,0.5718990378148108,0.5762898131562466,0.5784852008269644,0.5705269401489261,0.027988881563708285,-0.004665205343047041,0.010153700690927137,0.0008232900048331659,0.006311785352713484,-0.01468488854836698,21.0
536,2014-02-21,0.574917715490362,0.5754665231514132,0.5801317284944604,0.5718990378148108,0.02802772481870178,0.0030186776755511957,-0.000823290004833388,0.0016465276674959561,0.0013720976658846418,3.884325499349528e-05,20.96999931335449
537,2014-02-24,0.5815038785025157,0.5812294485009046,0.5845225038358961,0.5804061584960715,0.02896673378115924,0.006586163012153756,0.00576292534949141,0.0043907753414357265,0.008507120681260694,0.0009390089624574591,21.18000030517578
538,2014-02-25,0.574917715490362,0.5768386731594688,0.5809550184992935,0.5743688554871398,0.019828590773836037,-0.006586163012153756,-0.0043907753414358375,-0.0035674853366025605,-0.006037303008931683,-0.009138143007323202,21.020000457763672
539,2014-02-26,0.5691547901408707,0.560373239457999,0.570252510147315,0.5568057541213964,0.05394152130142722,-0.005762925349491299,-0.0164654337014698,-0.010702508351978501,-0.01756310136574335,0.034112930527591186,20.420000076293945
540,2014-02-27,0.5614709071222725,0.5614709071222725,0.5658617348058792,0.5590011417921144,0.02000356360137555,-0.0076838830185981255,0.0010976676642735494,-0.0043907753414358375,0.0021953876707179187,-0.033937957700051674,20.459999084472656
541,2014-02-28,0.5633919171335502,0.5584522817888922,0.5636663471351613,0.5565313241197853,0.020127576929244696,0.0019210100112776463,-0.003018625333380376,-0.0021953876707179187,-0.002469817672329011,0.0001240133278691477,20.350000381469727
542,2014-03-03,0.5672338324717638,0.5658617348058792,0.5716246078131996,0.5647640147994347,0.02467009960265845,0.003841915338213653,0.007409453016987033,0.007958260678038287,0.00823269067964938,0.004542522673413752,20.6200008392334
543,2014-03-04,0.5568057541213964,0.5590011417921144,0.5617453371238835,0.5548847441101187,0.024378597010138447,-0.010428078350367409,-0.0068605930137648485,-0.009879270689316044,-0.009879270689316044,-0.00029150259252000085,20.3700008392334
544,2014-03-05,0.5595499494531658,0.5587267117905031,0.5625686271287169,0.5581778517872811,0.015308518789088253,0.0027441953317693946,-0.00027443000161120334,0.000823290004833388,0.003293107677162399,-0.009070078221050194,20.36000061035156
545,2014-03-06,0.5644895847978237,0.5669594024701528,0.5710757478099775,0.5625686271287169,0.01940131496890758,0.004939635344657911,0.008232690679649601,0.008507120681260583,0.0043907753414358375,0.004092796179819325,20.65999984741211
546,2014-03-07,0.5488474411011872,0.551042828771905,0.5551591741117299,0.5477497210947428,0.039552411667230905,-0.015642143696636523,-0.015916573698247727,-0.015916573698247616,-0.014818906033974066,0.020151096698323327,20.07999992370605
547,2014-03-10,0.5499451611076316,0.5491218711027984,0.5535126464442341,0.5488474411011872,0.014851665092742725,0.0010977200064443693,-0.0019209576691066044,-0.001646527667495734,0.0010977200064443693,-0.024700746574488182,20.01000022888184
548,2014-03-11,0.5584522817888922,0.5499451611076316,0.5592755194515546,0.5452799557645847,0.023895729023751405,0.008507120681260583,0.0008232900048331659,0.005762873007320479,-0.0035674853366025605,0.00904406393100868,20.040000915527344
549,2014-03-12,0.5565313241197853,0.5617453371238835,0.565587304804268,0.5540615064474563,0.027664237478395668,-0.0019209576691068264,0.01180017601625194,0.006311785352713373,0.008781550682871675,0.0037685084546442635,20.46999931335449
550,2014-03-13,0.5590011417921144,0.5587267117905031,0.5633919171335502,0.5581778517872811,0.021065160451151935,0.002469817672329011,-0.003018625333380376,-0.0021953876707178077,0.004116345339824745,-0.006599077027243733,20.36000061035156
551,2014-03-14,0.5735455654823066,0.5658617348058792,0.5740944254855287,0.5622941971271058,0.02883880049177699,0.014544423690192265,0.007135023015376052,0.010702508351978501,0.004116345339824745,0.007773640040625054,20.6200008392334
552,2014-03-17,0.5631174871319391,0.5579034217856699,0.5658617348058792,0.5573545617824478,0.024754556955258984,-0.01042807835036752,-0.007958313020209329,-0.00823269067964949,-0.004939635344658022,-0.004084243536518005,20.32999992370605
553,2014-03-18,0.5477497210947428,0.5491218711027984,0.5518661187767383,0.5474753434353026,0.027292910215063342,-0.015367766037196251,-0.008781550682871453,-0.0139956160291409,-0.009879218347145224,0.0025383532598043587,20.01000022888184
554,2014-03-19,0.5463776234288582,0.5430845680938667,0.5515916887751273,0.5411635580825891,0.04390570710760294,-0.0013720976658846418,-0.006037303008931683,-0.0002744300016109813,-0.006311785352713484,0.0166127968925396,19.790000915527344
555,2014-03-20,0.5373216427443754,0.5356751150768798,0.5395170304150934,0.5348518250720465,0.030385047128628193,-0.009055980684482767,-0.007409453016986922,-0.012074658360033963,-0.006311733010542553,-0.01352065997897475,19.520000457763672
556,2014-03-21,0.5395170304150934,0.5356751150768798,0.5400658904183155,0.5348518250720465,0.019189280687062344,0.0021953876707179187,0.0,0.0005488600032221846,0.0,-0.01119576644156585,19.520000457763672
557,2014-03-24,0.5318331473964953,0.5271679420534484,0.5329308674029397,0.5257958443875638,0.025754147141100796,-0.0076838830185980145,-0.008507173023431402,-0.00713502301537583,-0.009055980684482767,0.006564866454038452,19.209999084472656
558,2014-03-25,0.5293633820663372,0.5274423720550594,0.5323820073997175,0.526344704390786,0.01713949717584591,-0.0024697653301581912,0.0002744300016109813,-0.0005488600032221846,0.0005488600032221846,-0.008614649965254885,19.21999931335449
559,2014-03-26,0.5279912320582817,0.5219539290493501,0.5285400920615039,0.5194841113770211,0.024310888584002995,-0.0013721500080554616,-0.005488443005709276,-0.003841915338213653,-0.0068605930137648485,0.007171391408157084,19.020000457763672
560,2014-03-27,0.5205817790412945,0.5214050690461279,0.5219539290493501,0.5178375837095254,0.01663560394134312,-0.007409453016987144,-0.0005488600032221846,-0.006586163012153756,-0.001646527667495734,-0.007675284642659874,19.0
561,2014-03-28,0.5222283590509612,0.5230515967136237,0.5249725543827305,0.5205817790412945,0.018154410847602588,0.001646580009666665,0.001646527667495734,0.003018625333380376,0.0027441953317691725,0.0015188069062594678,19.059999465942383
562,2014-03-31,0.5233260267152348,0.5225027890525723,0.5249725543827305,0.5208562090429057,0.016133136147390554,0.0010976676642735494,-0.0005488076610513648,0.0,0.00027443000161120334,-0.002021274700212034,19.040000915527344
563,2014-04-01,0.5216794990477391,0.5230515967136237,0.5236004567168457,0.5194841113770211,0.013517452737736756,-0.001646527667495623,0.0005488076610513648,-0.0013720976658847528,-0.0013720976658846418,-0.0026156834096537976,19.059999465942383
564,2014-04-02,0.528814522063115,0.526619134392397,0.5301866197289996,0.526344704390786,0.02243679062060118,0.00713502301537583,0.0035675376787733803,0.006586163012153867,0.0068605930137648485,0.008919337882864423,19.190000534057617
565,2014-04-03,0.5230515967136237,0.5230515967136237,0.5252469843843416,0.5216794990477391,0.01154001033444399,-0.005762925349491299,-0.0035675376787733803,-0.004939635344658022,-0.004665205343046819,-0.01089678028615719,19.059999465942383
566,2014-04-04,0.5310099097338329,0.5257958443875638,0.5332052974045508,0.5236004567168457,0.021812447659604797,0.007958313020209218,0.0027442476739401034,0.007958313020209218,0.0019209576691066044,0.010272437325160807,19.15999984741211
567,2014-04-07,0.5230515967136237,0.5249725543827305,0.5282656620598928,0.5230515967136237,0.013858133029239349,-0.007958313020209218,-0.000823290004833277,-0.004939635344658022,-0.0005488600032220736,-0.007954314630365448,19.1299991607666
568,2014-04-08,0.5304610497306106,0.5277168020566706,0.5307354797322218,0.5271679420534484,0.013845660424424923,0.007409453016986922,0.0027442476739401034,0.002469817672329011,0.004116345339824745,-1.2472604814425456e-05,19.229999542236328
569,2014-04-09,0.5208562090429057,0.524423746721679,0.526344704390786,0.5200329713802433,0.023176594266165387,-0.009604840687704841,-0.003293055334991579,-0.0043907753414358375,-0.007134970673205121,0.009330933841740463,19.11000061035156
570,2014-04-10,0.5321075773981064,0.528814522063115,0.533754157407773,0.5285400920615039,0.02435614632147248,0.011251368355200686,0.0043907753414359485,0.007409453016987033,0.008507120681260583,0.0011795520553070926,19.270000457763672
571,2014-04-11,0.5279912320582817,0.526619134392397,0.5293633820663372,0.5260702743891749,0.015150651248151382,-0.004116345339824745,-0.0021953876707179187,-0.0043907753414358375,-0.002469817672329011,-0.009205495073321097,19.190000534057617
572,2014-04-14,0.5279912320582817,0.5271679420534484,0.5301866197289996,0.526619134392397,0.011506868841651374,0.0,0.0005488076610513648,0.0008232376626624571,0.0005488600032221846,-0.003643782406500009,19.209999084472656
573,2014-04-15,0.5137211860275297,0.5181119613689656,0.5183863913705768,0.5123490883616452,0.03761773248044474,-0.014270046030751993,-0.009055980684482767,-0.01180022835842276,-0.014270046030751882,0.026110863638793367,18.8799991607666
574,2014-04-16,0.5178375837095254,0.5181119613689656,0.5194841113770211,0.5159165736982477,0.015888673093027814,0.004116397681995676,0.0,0.0010977200064442583,0.0035674853366025605,-0.021729059387416927,18.8799991607666
575,2014-04-17,0.5181119613689656,0.5181119613689656,0.5189352513737989,0.5161910036998588,0.015729023751403167,0.0002743776594402725,0.0,-0.0005488600032221846,0.0002744300016110923,-0.00015964934162464653,18.8799991607666
576,2014-04-21,0.5120746583600341,0.5123490883616452,0.5128979483648674,0.5104281306925383,0.01886356752133706,-0.006037303008931572,-0.005762873007320479,-0.006037303008931572,-0.005762873007320479,0.0031345437699338945,18.670000076293945
577,2014-04-22,0.5126235183632563,0.5134467560259187,0.5137211860275297,0.5096048406877051,0.0159553124387506,0.0005488600032221846,0.0010976676642735494,0.0008232376626623461,-0.000823290004833277,-0.0029082550825864605,18.709999084472656
578,2014-04-23,0.5131723783664784,0.5128979483648674,0.5145444760323631,0.5120746583600341,0.013003937779519983,0.0005488600032221846,-0.0005488076610513648,0.000823290004833388,0.002469817672329011,-0.0029513746592306177,18.690000534057617
579,2014-04-24,0.509879270689316,0.51920968137541,0.5252469843843416,0.5096048406877051,0.04206760151809419,-0.003293107677162399,0.006311733010542664,0.010702508351978501,-0.002469817672329011,0.029063663738574205,18.920000076293945
580,2014-04-25,0.5208562090429057,0.5197585413786322,0.5222283590509612,0.5178375837095254,0.01781194875541222,0.010976938353589705,0.0005488600032221846,-0.003018625333380376,0.00823274302182031,-0.02425565276268197,18.940000534057617
581,2014-04-28,0.5172887237063032,0.5172887237063032,0.5178375837095254,0.514270046030752,0.014729077205423801,-0.0035674853366025605,-0.002469817672329011,-0.0043907753414358375,-0.0035675376787733803,-0.0030828715499884186,18.850000381469727
582,2014-04-29,0.5126235183632563,0.5148189060339743,0.5159165736982477,0.5126235183632563,0.015698020419435882,-0.00466520534304693,-0.0024698176723289,-0.0019210100112776463,-0.001646527667495734,0.0009689432140120805,18.76000022888184
583,2014-04-30,0.5054884953478803,0.5065861630121539,0.5085071730234315,0.5027442476739402,0.07138820091584555,-0.007135023015375941,-0.008232743021820421,-0.007409400674816213,-0.009879270689316044,0.05569018049640967,18.459999084472656
584,2014-05-01,0.49945119233894875,0.5035675376787735,0.5046652053430472,0.4983534723325044,0.030359745558861787,-0.006037303008931572,-0.003018625333380376,-0.0038419676803843616,-0.0043907753414358375,-0.04102845535698377,18.350000381469727
585,2014-05-02,0.5049396353446582,0.5128979483648674,0.51920968137541,0.5032931076771624,0.045637261015982755,0.005488443005709498,0.00933041068609386,0.014544476032362863,0.004939635344658022,0.015277515457120968,18.690000534057617
586,2014-05-05,0.5181119613689656,0.5170142937046921,0.5186608213721879,0.5153677660371964,0.012676442813106925,0.013172326024307401,0.004116345339824745,-0.0005488600032220736,0.012074658360033963,-0.03296081820287583,18.84000015258789
587,2014-05-06,0.5186608213721879,0.5159165736982477,0.5186608213721879,0.5150933360355853,0.010040446875612494,0.0005488600032222957,-0.0010977200064443693,0.0,-0.0002744300016110923,-0.0026359959374944314,18.799999237060547
588,2014-05-07,0.514270046030752,0.5096048406877051,0.5148189060339743,0.5087816030250426,0.025659355344511164,-0.0043907753414359485,-0.006311733010542664,-0.003841915338213653,-0.006311733010542664,0.01561890846889867,18.56999969482422
589,2014-05-08,0.507135023015376,0.5060373553511025,0.5085071730234315,0.504390775341436,0.017137715375158135,-0.007135023015375941,-0.0035674853366025605,-0.006311733010542775,-0.004390827683606657,-0.00852163996935303,18.440000534057617
590,2014-05-09,0.5074094530169871,0.5054884953478803,0.5074094530169871,0.5024698176723291,0.012636530477700764,0.0002744300016110923,-0.0005488600032221846,-0.0010977200064443693,-0.0019209576691068264,-0.004501184897457371,18.420000076293945
591,2014-05-12,0.5175631537079142,0.5153677660371964,0.5183863913705768,0.5145444760323631,0.028023804857188674,0.010153700690927026,0.009879270689316044,0.010976938353589705,0.012074658360033963,0.01538727437948791,18.780000686645508
592,2014-05-13,0.5150933360355853,0.5150933360355853,0.5170142937046921,0.514270046030752,0.011445931258129465,-0.0024698176723289,-0.0002744300016110923,-0.0013720976658847528,-0.0002744300016110923,-0.01657787359905921,18.770000457763672
593,2014-05-14,0.5227771667120126,0.5214050690461279,0.5236004567168457,0.51920968137541,0.01851290914598293,0.007683830676427306,0.006311733010542664,0.006586163012153645,0.004939635344658022,0.007066977887853466,19.0
594,2014-05-15,0.5159165736982477,0.514270046030752,0.5175631537079142,0.5126235183632563,0.01693423373661422,-0.0068605930137648485,-0.007135023015375941,-0.006037303008931572,-0.006586163012153756,-0.0015786754093687107,18.739999771118164
595,2014-05-16,0.5096048406877051,0.5107025606941493,0.5120746583600341,0.5082327430218204,0.01596386508205192,-0.006311733010542664,-0.0035674853366026715,-0.005488495347880096,-0.0043907753414358375,-0.0009703686545622994,18.61000061035156
596,2014-05-19,0.5148189060339743,0.5112513683552008,0.5156421960388075,0.509879270689316,0.012022878320831033,0.0052140653462692255,0.0005488076610514758,0.0035675376787733803,0.001646527667495623,-0.003940986761220889,18.6299991607666
597,2014-05-20,0.5082327430218204,0.5118002283584231,0.5131723783664784,0.5079583130202094,0.013405555654544482,-0.006586163012153867,0.0005488600032222957,-0.002469817672329011,-0.0019209576691066044,0.0013826773337134498,18.649999618530277
598,2014-05-21,0.5104281306925383,0.511525798356812,0.5134467560259187,0.5082327430218204,0.014759367817115978,0.0021953876707179187,-0.0002744300016110923,0.0002743776594402725,0.0002744300016109813,0.0013538121625714956,18.63999938964844
599,2014-05-22,0.5178375837095254,0.5139956160291409,0.5181119613689656,0.5134467560259187,0.012889189815227268,0.007409453016987033,0.0024698176723289,0.00466520534304693,0.005214013004098295,-0.0018701780018887098,18.729999542236328
600,2014-05-23,0.5126235183632563,0.5120746583600341,0.5137211860275297,0.5109769906957605,0.008673449387951464,-0.0052140653462691144,-0.0019209576691068264,-0.0043907753414359485,-0.0024697653301581912,-0.004215740427275804,18.65999984741211
601,2014-05-27,0.5046652053430472,0.5038419676803845,0.5054884953478803,0.5019210100112778,0.028117527573365643,-0.007958313020209107,-0.008232690679649601,-0.00823269067964938,-0.009055980684482767,0.01944407818541418,18.36000061035156
602,2014-05-28,0.5016465800096667,0.5016465800096667,0.5038419676803845,0.5008232900048334,0.016427845981148548,-0.003018625333380487,-0.0021953876707178077,-0.0016465276674958451,-0.0010977200064443693,-0.011689681592217095,18.280000686645508
603,2014-05-29,0.49890233233572656,0.502195387670718,0.5038419676803845,0.49890233233572656,0.01741531992231349,-0.0027442476739401034,0.0005488076610513648,0.0,-0.0019209576691068264,0.0009874739411649437,18.299999237060547
604,2014-05-30,0.5013721500080556,0.49615808466178635,0.5019210100112778,0.49149287931873953,0.04529586800420505,0.002469817672329011,-0.006037303008931683,-0.0019209576691067154,-0.007409453016987033,0.027880548081891558,18.07999992370605
605,2014-06-02,0.4956092246585643,0.4945115569942907,0.4978046123292823,0.49341383698784635,0.019841063378650464,-0.005762925349491299,-0.001646527667495623,-0.004116397681995454,0.0019209576691068264,-0.025454804625554585,18.020000457763672
606,2014-06-03,0.49615808466178635,0.49670694466500864,0.4969813746666196,0.49396269699106854,0.015590756018031823,0.0005488600032220736,0.0021953876707179187,-0.0008232376626626792,0.0005488600032221846,-0.004250307360618641,18.100000381469727
607,2014-06-04,0.4978046123292823,0.4956092246585643,0.4978046123292823,0.4953347946569532,0.011958377135933574,0.0016465276674959561,-0.0010977200064443693,0.0008232376626626792,0.0013720976658846418,-0.003632378882098249,18.059999465942383
608,2014-06-05,0.5008232900048334,0.5010977200064446,0.5038419676803845,0.5002744300016112,0.021806389537266362,0.0030186776755510847,0.005488495347880318,0.006037355351102169,0.004939635344658022,0.009848012401332788,18.26000022888184
609,2014-06-06,0.502195387670718,0.5016465800096667,0.502195387670718,0.4980790423308934,0.015899363897154465,0.0013720976658846418,0.0005488600032220736,-0.001646580009666443,-0.0021953876707178077,-0.005907025640111897,18.280000686645508
610,2014-06-09,0.5035675376787735,0.5027442476739402,0.5041163976819957,0.5024698176723291,0.011856101776455286,0.0013721500080554616,0.0010976676642735494,0.0019210100112776463,0.0043907753414357265,-0.004043262120699179,18.31999969482422
611,2014-06-10,0.5049396353446582,0.5065861630121539,0.507135023015376,0.5049396353446582,0.015561890846889867,0.0013720976658847528,0.003841915338213653,0.003018625333380376,0.002469817672329122,0.003705789070434581,18.459999084472656
612,2014-06-11,0.5076838830185982,0.5065861630121539,0.5076838830185982,0.5052140653462692,0.014429378329740035,0.0027442476739399924,0.0,0.0005488600032221846,0.0002744300016109813,-0.001132512517149832,18.459999084472656
613,2014-06-12,0.509330410686094,0.5148189060339743,0.5159165736982477,0.5082327430218204,0.03280437610248917,0.001646527667495734,0.008232743021820421,0.00823269067964949,0.0030186776755511957,0.01837499777274914,18.76000022888184
614,2014-06-13,0.5153677660371964,0.51920968137541,0.5200329713802433,0.5150933360355853,0.02160575877982289,0.006037355351102391,0.0043907753414357265,0.004116397681995565,0.0068605930137648485,-0.011198617322666284,18.920000076293945
615,2014-06-16,0.5172887237063032,0.5172887237063032,0.5200329713802433,0.5161910036998588,0.019156139194269728,0.0019209576691068264,-0.0019209576691068264,0.0,0.0010976676642735494,-0.0024496195855531616,18.850000381469727
616,2014-06-17,0.5175631537079142,0.5197585413786322,0.5203073490396836,0.5170142937046921,0.016405751652620138,0.0002744300016109813,0.002469817672329011,0.0002743776594402725,0.000823290004833277,-0.0027503875416495897,18.940000534057617
617,2014-06-18,0.5205817790412945,0.5227771667120126,0.5233260267152348,0.5197585413786322,0.02201094025622294,0.003018625333380376,0.003018625333380376,0.0030186776755511957,0.0027442476739401034,0.0056051886036028,19.049999237060547
618,2014-06-19,0.5312843397354439,0.5466520534304693,0.5515916887751273,0.5312843397354439,0.08615220141474975,0.010702560694149321,0.023874886718456723,0.02826566205989256,0.011525798356811667,0.06414126115852681,19.920000076293945
619,2014-06-20,0.5477497210947428,0.5496707311060205,0.5529637864410121,0.5472009134336915,0.03864084243536518,0.01646538135929898,0.0030186776755511957,0.0013720976658847528,0.015916573698247616,-0.04751135897938456,20.030000686645508
620,2014-06-23,0.5499451611076316,0.5502195387670719,0.5518661187767383,0.5480241510963539,0.027386989291377867,0.0021954400128887386,0.0005488076610513648,-0.0010976676642737715,0.0008232376626624571,-0.011253853143987316,20.049999237060547
621,2014-06-24,0.5535126464442341,0.551042828771905,0.5551591741117299,0.5502195387670719,0.023268891541792135,0.0035674853366025605,0.0008232900048331659,0.003293055334991579,0.0021953876707179187,-0.004118097749585731,20.07999992370605
622,2014-06-25,0.553238216442623,0.5540615064474563,0.5579034217856699,0.5524149264377898,0.023795948185236,-0.0002744300016110923,0.0030186776755513067,0.0027442476739399924,0.0021953876707179187,0.0005270566434438656,20.190000534057617
623,2014-06-26,0.5529637864410121,0.555433604113341,0.5568057541213964,0.552689356439401,0.01951214297168719,-0.0002744300016109813,0.0013720976658846418,-0.0010976676642734384,0.00027443000161120334,-0.004283805213548812,20.239999771118164
624,2014-06-27,0.5559824641165633,0.5535126464442341,0.5573545617824478,0.5529637864410121,0.020477166224186164,0.0030186776755511957,-0.0019209576691068264,0.0005488076610513648,0.0002744300016110923,0.0009650232524989755,20.170000076293945
625,2014-06-30,0.5485730110995761,0.5557080341149521,0.5565313241197853,0.5469264834320804,0.026680327138606276,-0.007409453016987144,0.0021953876707179187,-0.0008232376626624571,-0.006037303008931683,0.006203160914420112,20.25
626,2014-07-01,0.5573545617824478,0.5546103141085077,0.5595499494531658,0.5537870764458452,0.02,0.008781550682871675,-0.0010977200064443693,0.003018625333380487,0.0068605930137648485,-0.0066803271386062756,20.209999084472656
627,2014-07-02,0.5565313241197853,0.5570801317808367,0.5609220994612212,0.5562568941181742,0.020258361099727385,-0.0008232376626624571,0.002469817672329011,0.0013721500080553506,0.002469817672329011,0.0002583610997273847,20.299999237060547
628,2014-07-03,0.5546103141085077,0.5568057541213964,0.5579034217856699,0.5537870764458452,0.011823673003937779,-0.0019210100112776463,-0.0002743776594402725,-0.0030186776755513067,-0.002469817672329011,-0.008434688095789606,20.290000915527344
629,2014-07-07,0.5521405487783495,0.5535126464442341,0.5535126464442341,0.5485730110995761,0.0141389448176327,-0.0024697653301581912,-0.003293107677162288,-0.0043907753414357265,-0.0052140653462691144,0.002315271813694921,20.170000076293945
630,2014-07-08,0.5559824641165633,0.5546103141085077,0.5576289917840589,0.550768398770294,0.016091798371434173,0.003841915338213764,0.0010976676642735494,0.004116345339824745,0.0021953876707179187,0.0019528535538014726,20.209999084472656
631,2014-07-09,0.5570801317808367,0.5562568941181742,0.5595499494531658,0.5529637864410121,0.018852163996935303,0.0010976676642734384,0.001646580009666554,0.0019209576691069374,0.0021953876707180298,0.002760365625501131,20.270000457763672
632,2014-07-10,0.5658617348058792,0.5631174871319391,0.5664105424669307,0.5628430571303281,0.023623826238796927,0.008781603025042495,0.0068605930137648485,0.0068605930137648485,0.009879270689316044,0.004771662241861624,20.520000457763672
633,2014-07-11,0.5628430571303281,0.5644895847978237,0.565587304804268,0.5625686271287169,0.01606186411987955,-0.0030186776755510847,0.0013720976658846418,-0.0008232376626626792,-0.00027443000161120334,-0.007561962118917378,20.56999969482422
634,2014-07-14,0.550493968768683,0.5515916887751273,0.552689356439401,0.5491218711027984,0.031866792580581935,-0.012349088361645166,-0.01289789602269642,-0.012897948364867018,-0.013446756025918494,0.015804928460702385,20.100000381469727
635,2014-07-15,0.5518661187767383,0.5455543334240249,0.5557080341149521,0.5444566657597514,0.04325214261532705,0.0013721500080553506,-0.006037355351102391,0.0030186776755510847,-0.004665205343047041,0.011385350034745112,19.8799991607666
636,2014-07-16,0.5463776234288582,0.5463776234288582,0.5488474411011872,0.5444566657597514,0.014390891434884093,-0.005488495347880096,0.000823290004833277,-0.0068605930137648485,0.0,-0.028861251180442953,19.90999984741211
637,2014-07-17,0.548298581097965,0.5568057541213964,0.5598243794547769,0.5469264834320804,0.035987028490993,0.0019209576691068264,0.010428130692538229,0.010976938353589705,0.002469817672329011,0.021596137056108907,20.290000915527344
638,2014-07-18,0.5496707311060205,0.5493963011044094,0.551042828771905,0.5463776234288582,0.030288829891488338,0.0013721500080554616,-0.007409453016987033,-0.008781550682871897,-0.0005488600032221846,-0.005698198599504663,20.020000457763672
639,2014-07-21,0.5529637864410121,0.5515916887751273,0.5529637864410121,0.5499451611076316,0.014252267341375194,0.003293055334991579,0.0021953876707179187,0.0019209576691070485,0.0035675376787733803,-0.016036562550113143,20.100000381469727
640,2014-07-22,0.5524149264377898,0.5515916887751273,0.555433604113341,0.5491218711027984,0.014407996721486734,-0.0005488600032222957,0.0,0.0024698176723289,-0.0008232900048331659,0.00015572938011153975,20.100000381469727
641,2014-07-23,0.5515916887751273,0.551042828771905,0.5537870764458452,0.550768398770294,0.009859059565596993,-0.0008232376626624571,-0.0005488600032222957,-0.001646527667495734,0.001646527667495623,-0.0045489371558897415,20.07999992370605
642,2014-07-24,0.548298581097965,0.5373216427443754,0.5485730110995761,0.5351262550736576,0.04427988525203571,-0.003293107677162288,-0.013721186027529586,-0.0052140653462691144,-0.015642143696636412,0.034420825686438714,19.57999992370605
643,2014-07-25,0.5378705027475976,0.5452799557645847,0.5461031934272472,0.5370472127427643,0.021793204212176825,-0.010428078350367409,0.007958313020209218,-0.0024698176723289,0.0019209576691067154,-0.022486681039858885,19.8700008392334
644,2014-07-28,0.5428101380922556,0.5436333757549181,0.5452799557645847,0.5403403204199266,0.012993959695668442,0.004939635344658022,-0.001646580009666554,-0.0008232376626625681,0.003293107677162288,-0.008799244516508382,19.809999465942383
645,2014-07-29,0.5447310957613625,0.5428101380922556,0.5452799557645847,0.5392426004134824,0.015742209076492705,0.0019209576691068264,-0.0008232376626624571,0.0,-0.0010977200064442583,0.0027482493808242622,19.780000686645508
646,2014-07-30,0.5430845680938667,0.5428101380922556,0.5444566657597514,0.5395170304150934,0.012060296135274309,-0.001646527667495734,0.0,-0.000823290004833277,0.0002744300016109813,-0.0036819129412183956,19.780000686645508
647,2014-07-31,0.5411635580825891,0.5373216427443754,0.5414379880842002,0.5356751150768798,0.025943730734280062,-0.0019210100112776463,-0.005488495347880207,-0.0030186776755511957,-0.003841915338213542,0.013883434599005753,19.57999992370605
648,2014-08-01,0.5400658904183155,0.5356751150768798,0.5411635580825891,0.5332052974045508,0.022546549542968124,-0.0010976676642735494,-0.001646527667495623,-0.0002744300016110923,-0.002469817672329011,-0.0033971811913119376,19.520000457763672
649,2014-08-04,0.536223975080102,0.5323820073997175,0.5373216427443754,0.5307354797322218,0.014370578907043458,-0.003841915338213542,-0.003293107677162288,-0.003841915338213653,-0.002469817672329011,-0.008175970635924667,19.399999618530277
650,2014-08-05,0.5268935643940081,0.5227771667120126,0.5277168020566706,0.5208562090429057,0.04082996276036562,-0.00933041068609386,-0.009604840687704952,-0.009604840687704841,-0.009879270689316044,0.026459383853322166,19.049999237060547
651,2014-08-06,0.5271679420534484,0.5277168020566706,0.5301866197289996,0.526344704390786,0.021147123282789587,0.0002743776594402725,0.004939635344658022,0.002469817672329011,0.005488495347880207,-0.019682839477576035,19.229999542236328
652,2014-08-07,0.5249725543827305,0.5260702743891749,0.5279912320582817,0.524423746721679,0.015472444452363558,-0.0021953876707179187,-0.001646527667495734,-0.0021953876707179187,-0.0019209576691069374,-0.005674678830426029,19.170000076293945
653,2014-08-08,0.5260702743891749,0.526619134392397,0.5279912320582817,0.524149316720068,0.014713753719508936,0.0010977200064443693,0.0005488600032221846,0.0,-0.0002744300016109813,-0.0007586907328546218,19.190000534057617
654,2014-08-11,0.5252469843843416,0.5277168020566706,0.5296377597257774,0.5252469843843416,0.012179320421217683,-0.000823290004833277,0.0010976676642735494,0.001646527667495734,0.0010976676642735494,-0.0025344332982912537,19.229999542236328
655,2014-08-12,0.5279912320582817,0.5260702743891749,0.5296377597257774,0.5236004567168457,0.015308518789088253,0.0027442476739401034,-0.001646527667495734,0.0,-0.0016465276674958451,0.0031291983678705705,19.170000076293945
656,2014-08-13,0.5268935643940081,0.5225027890525723,0.5271679420534484,0.5189352513737989,0.0240518147640005,-0.0010976676642735494,-0.0035674853366025605,-0.002469817672329011,-0.004665205343046819,0.008743295974912246,19.040000915527344
657,2014-08-14,0.524149316720068,0.524149316720068,0.526344704390786,0.5227771667120126,0.012436968800669957,-0.0027442476739401034,0.001646527667495734,-0.0008232376626624571,0.003841915338213653,-0.011614845963330542,19.100000381469727
658,2014-08-15,0.5167398637030809,0.5175631537079142,0.5208562090429057,0.514270046030752,0.0414290041515956,-0.007409453016987144,-0.006586163012153867,-0.005488495347880207,-0.008507120681260583,0.028992035350925646,18.86000061035156
659,2014-08-18,0.5153677660371964,0.5178375837095254,0.5186608213721879,0.5153677660371964,0.011270602070452398,-0.0013720976658845307,0.00027443000161120334,-0.0021953876707178077,0.0010977200064443693,-0.030158402081143204,18.8700008392334
660,2014-08-19,0.5159165736982477,0.5131723783664784,0.5161910036998588,0.5107025606941493,0.021341695917894626,0.0005488076610513648,-0.00466520534304693,-0.002469817672329122,-0.004665205343047041,0.010071093847442227,18.700000762939453
661,2014-08-20,0.5159165736982477,0.5137211860275297,0.5164654337014699,0.511525798356812,0.014879461183472017,0.0,0.0005488076610512538,0.0002744300016110923,0.0008232376626626792,-0.0064622347344226085,18.71999931335449
662,2014-08-21,0.5104281306925383,0.5128979483648674,0.5137211860275297,0.5101537006909272,0.014658517898187909,-0.005488443005709387,-0.0008232376626623461,-0.0027442476739402144,-0.0013720976658847528,-0.00022094328528410832,18.690000534057617
663,2014-08-22,0.5120746583600341,0.5128979483648674,0.5145444760323631,0.5087816030250426,0.015839851754182777,0.001646527667495734,0.0,0.000823290004833388,-0.0013720976658846418,0.0011813338559948684,18.690000534057617
664,2014-08-25,0.5109769906957605,0.5104281306925383,0.5118002283584231,0.5090559806844829,0.011413858845749515,-0.0010976676642735494,-0.002469817672329011,-0.0027442476739399924,0.0002743776594402725,-0.004425992908433263,18.600000381469727
665,2014-08-26,0.5159165736982477,0.5112513683552008,0.5161910036998588,0.5107025606941493,0.01512641875879764,0.004939583002487202,0.0008232376626624571,0.0043907753414357265,0.001646580009666443,0.0037125599130481256,18.6299991607666
666,2014-08-27,0.5123490883616452,0.5120746583600341,0.5128979483648674,0.5090559806844829,0.01458190046861358,-0.0035674853366025605,0.000823290004833277,-0.003293055334991468,-0.001646580009666443,-0.0005445182901840599,18.65999984741211
667,2014-08-28,0.5170142937046921,0.514270046030752,0.5178375837095254,0.514270046030752,0.017895693387737648,0.00466520534304693,0.0021953876707179187,0.004939635344658022,0.0052140653462691144,0.003313792919124068,18.739999771118164
668,2014-08-29,0.5148189060339743,0.5134467560259187,0.5172887237063032,0.5123490883616452,0.013919783333036367,-0.0021953876707178077,-0.000823290004833277,-0.0005488600032221846,-0.0019209576691068264,-0.003975910054701281,18.709999084472656
669,2014-09-02,0.5063117853527136,0.5052140653462692,0.5079583130202094,0.5027442476739402,0.03219357482671988,-0.008507120681260694,-0.00823269067964949,-0.009330410686093749,-0.009604840687704952,0.018273791493683515,18.40999984741211
670,2014-09-03,0.5046652053430472,0.5057629253494914,0.5060373553511025,0.5038419676803845,0.012349304206831424,-0.001646580009666443,0.0005488600032221846,-0.0019209576691069374,0.0010977200064442583,-0.019844270619888457,18.43000030517578
671,2014-09-04,0.5082327430218204,0.5027442476739402,0.509879270689316,0.5010977200064446,0.020067352065997898,0.0035675376787732693,-0.0030186776755511957,0.003841915338213542,-0.0027442476739398813,0.0077180478591664745,18.31999969482422
672,2014-09-05,0.502195387670718,0.5054884953478803,0.5057629253494914,0.5016465800096667,0.018999697093883078,-0.006037355351102391,0.0027442476739401034,-0.004116345339824634,0.0005488600032220736,-0.0010676549721148204,18.420000076293945
673,2014-09-08,0.5035675376787735,0.5010977200064446,0.5041163976819957,0.4980790423308934,0.02417547173173209,0.0013721500080554616,-0.0043907753414357265,-0.001646527667495734,-0.0035675376787732693,0.005175774637849011,18.26000022888184
674,2014-09-09,0.49917676233733765,0.5024698176723291,0.5027442476739402,0.4969813746666196,0.02204087450777756,-0.0043907753414358375,0.0013720976658845307,-0.0013721500080554616,-0.0010976676642737715,-0.002134597223954527,18.309999465942383
675,2014-09-10,0.5005488600032223,0.5005488600032223,0.5019210100112778,0.4972558046682308,0.017101366641127522,0.0013720976658846418,-0.0019209576691068264,-0.0008232376626624571,0.00027443000161120334,-0.004939507866650039,18.239999771118164
676,2014-09-11,0.4920417393219617,0.49286497698462417,0.49313940698623526,0.4890230616464105,0.05602052634392317,-0.008507120681260583,-0.0076838830185981255,-0.008781603025042495,-0.00823274302182031,0.03891915970279565,17.959999084472656
677,2014-09-12,0.48847420164318833,0.49094401931551734,0.4917673093203506,0.4873765339789148,0.02720310746039948,-0.0035675376787733803,-0.0019209576691068264,-0.0013720976658846418,-0.001646527667495734,-0.02881741888352369,17.889999389648438
678,2014-09-15,0.490395211654466,0.4917673093203506,0.4923161693235728,0.4887486316447994,0.012681431855032696,0.0019210100112776463,0.000823290004833277,0.0005488600032221846,0.0013720976658846418,-0.014521675605366784,17.920000076293945
679,2014-09-16,0.49341383698784635,0.4925905993251839,0.4972558046682308,0.4901207816528549,0.021219464390713254,0.003018625333380376,0.000823290004833277,0.004939635344658022,0.0013721500080554616,0.008538032535680558,17.950000762939453
680,2014-09-17,0.4917673093203506,0.4876509639805259,0.4947859869959018,0.4868276739756926,0.03115834862712257,-0.001646527667495734,-0.004939635344658022,-0.002469817672329011,-0.003293107677162288,0.009938884236409318,17.770000457763672
681,2014-09-18,0.4846322863049747,0.4876509639805259,0.490395211654466,0.4838089963001414,0.02257755287493541,-0.007135023015375941,0.0,-0.0043907753414358375,-0.0030186776755511957,-0.008580795752187162,17.770000457763672
682,2014-09-19,0.4838089963001414,0.47173439028227826,0.4840834263017525,0.46871571260672706,0.07452452648646722,-0.000823290004833277,-0.015916573698247616,-0.006311785352713484,-0.015093283693414339,0.05194697361153181,17.190000534057617
683,2014-09-22,0.4645993672669023,0.46871571260672706,0.4706366702758339,0.46377607726206904,0.03741817080341393,-0.019209629033239084,-0.0030186776755511957,-0.013446756025918605,-0.004939635344658022,-0.03710635568305329,17.079999923706055
684,2014-09-23,0.46899014260833816,0.46844128260511597,0.4700878102726117,0.46652032493600915,0.023025141207704505,0.0043907753414358375,-0.0002744300016110923,-0.0005488600032221846,0.0027442476739401034,-0.014393029595709428,17.06999969482422
685,2014-09-24,0.46295283959940664,0.46624589493439805,0.46871571260672706,0.4615806895913512,0.0313949717584591,-0.006037303008931516,-0.0021953876707179187,-0.0013720976658846418,-0.004939635344657967,0.008369830550754596,16.989999771118164
686,2014-09-25,0.4585620119158,0.46185511959296227,0.4645993672669023,0.4560922465856418,0.043724319797587445,-0.004390827683606657,-0.004390775341435782,-0.004116345339824745,-0.005488443005709387,0.012329348039128343,16.829999923706055
687,2014-09-26,0.4607574519286887,0.46377607726206904,0.46405050726368013,0.45965973192224435,0.016863318069240775,0.0021954400128887386,0.001920957669106771,-0.0005488600032221846,0.0035674853366025605,-0.02686100172834667,16.899999618530273
688,2014-09-29,0.4613062595897401,0.46048302192707763,0.4632272172588469,0.45911087191902217,0.0168900450795574,0.0005488076610513648,-0.0032930553349914127,-0.0008232900048332215,-0.0005488600032221846,2.672701031662672e-05,16.780000686645508
689,2014-09-30,0.4549945265791974,0.44868279356865476,0.4580132042547486,0.44401758822560783,0.06712969727206315,-0.006311733010542664,-0.01180022835842287,-0.005214013004098295,-0.015093283693414339,0.05023965219250575,16.350000381469727
690,2014-10-01,0.45142704124259486,0.4522502789052573,0.45911087191902217,0.45115261124098377,0.03980970368654562,-0.0035674853366025605,0.0035674853366025605,0.0010976676642735494,0.007135023015375941,-0.02731999358551753,16.479999542236328
691,2014-10-02,0.4497804612329283,0.4503293212361505,0.45142704124259486,0.44593854589471466,0.02966056696897885,-0.001646580009666554,-0.0019209576691068264,-0.007683830676427306,-0.0052140653462691144,-0.01014913671756677,16.40999984741211
692,2014-10-03,0.44374315822399674,0.4423710605581121,0.447036265901159,0.4401756728873942,0.0428968515581847,-0.006037303008931572,-0.007958260678038398,-0.0043907753414358375,-0.005762873007320479,0.013236284589205848,16.1200008392334
693,2014-10-06,0.44895722357026585,0.4555433865824196,0.45691548424830425,0.4475850735622104,0.0302328813498922,0.0052140653462691144,0.013172326024307512,0.009879218347145224,0.007409400674816213,-0.012663970208292498,16.600000381469727
694,2014-10-07,0.4552689565808085,0.4522502789052573,0.45636662424508206,0.4497804612329283,0.028463196906794008,0.006311733010542664,-0.003293107677162288,-0.0005488600032221846,0.0021953876707179187,-0.001769684443098194,16.479999542236328
695,2014-10-08,0.4560922465856418,0.4577387742531375,0.45938530192063326,0.44868279356865476,0.03397466279421984,0.000823290004833277,0.005488495347880207,0.0030186776755511957,-0.0010976676642735494,0.005511465887425831,16.68000030517578
696,2014-10-09,0.46048302192707763,0.4560922465856418,0.46569703493117587,0.4558178165840307,0.02599041391229977,0.0043907753414358375,-0.001646527667495734,0.006311733010542608,0.007135023015375941,-0.007984248881920068,16.6200008392334
697,2014-10-10,0.45636662424508206,0.45664105424669316,0.4577387742531375,0.4536224289133128,0.017935249363006254,-0.004116397681995565,0.0005488076610513648,-0.007958260678038342,-0.0021953876707179187,-0.008055164549293517,16.639999389648438
698,2014-10-13,0.45746434425152643,0.45911087191902217,0.45938530192063326,0.45472009657758633,0.01715375158134811,0.0010977200064443693,0.002469817672329011,0.001646527667495734,0.0010976676642735494,-0.0007814977816581435,16.729999542236328
699,2014-10-14,0.45938530192063326,0.4577387742531375,0.46020859192546654,0.4558178165840307,0.017146980738734566,0.0019209576691068264,-0.0013720976658846418,0.000823290004833277,0.0010977200064443693,-6.770842613544603e-06,16.68000030517578
700,2014-10-15,0.45965973192224435,0.4585620119158,0.46899014260833816,0.4577387742531375,0.035774994209147766,0.0002744300016110923,0.0008232376626624571,0.00878155068287162,0.0019209576691068264,0.0186280134704132,16.709999084472656
701,2014-10-16,0.45417123657436415,0.45746434425152643,0.45965973192224435,0.4527991389084795,0.020327138606275504,-0.005488495347880207,-0.0010976676642735494,-0.009330410686093804,-0.004939635344658022,-0.015447855602872262,16.670000076293945
702,2014-10-17,0.45664105424669316,0.4549945265791974,0.45718991424991534,0.4533479989117017,0.01985638686456533,0.002469817672329011,-0.002469817672329011,-0.002469817672329011,0.0005488600032221846,-0.00047075174171017434,16.579999923706055
703,2014-10-20,0.4585620119158,0.45911087191902217,0.4613062595897401,0.45636662424508206,0.01610926001817437,0.0019209576691068264,0.004116345339824745,0.004116345339824745,0.003018625333380376,-0.0037471268463909607,16.729999542236328
704,2014-10-21,0.4607574519286887,0.4613062595897401,0.46405050726368013,0.46020859192546654,0.016902517684371825,0.0021954400128887386,0.0021953876707179187,0.002744247673940048,0.0038419676803844727,0.0007932576661974569,16.809999465942383
705,2014-10-22,0.45444566657597524,0.45170141890203513,0.45472009657758633,0.4506037512377616,0.023216506601571547,-0.006311785352713484,-0.009604840687704952,-0.009330410686093804,-0.009604840687704952,0.006313988917199722,16.459999084472656
706,2014-10-23,0.45142704124259486,0.4527991389084795,0.45417123657436415,0.4500548912345394,0.019696737522940683,-0.003018625333380376,0.0010977200064443693,-0.0005488600032221846,-0.0005488600032221846,-0.0035197690786308647,16.5
707,2014-10-24,0.45636662424508206,0.4527991389084795,0.45664105424669316,0.4508781812393727,0.01171213228088306,0.004939583002487202,0.0,0.002469817672329011,0.000823290004833277,-0.007984605242057623,16.5
708,2014-10-27,0.4519758489036462,0.4506037512377616,0.4536224289133128,0.4506037512377616,0.01046879176095362,-0.0043907753414358375,-0.0021953876707179187,-0.003018625333380376,-0.0002744300016110923,-0.0012433405199294405,16.420000076293945
709,2014-10-28,0.4558178165840307,0.4525247089068684,0.45664105424669316,0.4519758489036462,0.012031074603994798,0.0038419676803844727,0.0019209576691068264,0.003018625333380376,0.0013720976658846418,0.0015622828430411784,16.489999771118164
710,2014-10-29,0.4536224289133128,0.4495060312313172,0.4558178165840307,0.4481339335654326,0.020294709833757994,-0.0021953876707179187,-0.0030186776755511957,-0.0008232376626624571,-0.003841915338213653,0.008263635229763196,16.3799991607666
711,2014-10-30,0.43825468904720194,0.43413831753629184,0.4388035228793387,0.4302964021980781,0.05882971330826934,-0.015367739866110841,-0.015367713695025376,-0.017014293704691985,-0.017837531367354498,0.038535003474511345,15.81999969482422
712,2014-10-31,0.4176729100059074,0.4253567668534201,0.4253567668534201,0.4173984800042963,0.05297827984961602,-0.020581779041294546,-0.00878155068287173,-0.013446756025918605,-0.012897922193781775,-0.00585143345865332,15.5
713,2014-11-03,0.4228869491810911,0.4248079068501979,0.42700332069200125,0.4212404215135954,0.03689360868093295,0.0052140391751837045,-0.0005488600032221846,0.001646553838581144,0.0038419415092991183,-0.01608467116868307,15.479999542236328
714,2014-11-04,0.42069156151037324,0.42151482534412105,0.4234358091843132,0.41931943767340313,0.02191365393867042,-0.0021953876707178632,-0.003293081506076878,-0.003567511507688026,-0.0019209838401922918,-0.01497995474226253,15.359999656677246
715,2014-11-05,0.40367729397676666,0.4023051701397966,0.4105378869905315,0.40175633630765983,0.056799885964755985,-0.017014267533606575,-0.01920965520432444,-0.012897922193781719,-0.017563101365743294,0.03488623202608557,14.65999984741211
716,2014-11-06,0.40285403014301874,0.4066959454812325,0.40724480548445463,0.40285403014301874,0.0317609536197281,-0.0008232638337479226,0.004390775341435893,-0.003293081506076878,0.0010976938353589039,-0.025038932345027888,14.81999969482422
717,2014-11-07,0.4097146231567836,0.41437982849983057,0.41575192616571516,0.40916576315356146,0.03521372699249862,0.0068605930137648485,0.00768388301859807,0.008507120681260527,0.006311733010542719,0.003452773372770522,15.100000381469728
718,2014-11-10,0.4130077046628605,0.4094401931551725,0.4135565384949973,0.4077936393165914,0.026070594943249648,0.0032930815060769336,-0.004939635344658078,-0.0021953876707178632,-0.0013721238369700517,-0.009143132049248971,14.920000076293944
719,2014-11-11,0.4099890269873093,0.41465423233035625,0.41822174383804417,0.4080680693182025,0.02885590577837963,-0.0030186776755511957,0.00521403917518376,0.004665205343046874,0.0002744300016110923,0.0027853108351299817,15.109999656677246
720,2014-11-12,0.4113611508242794,0.41245884465963834,0.4141053984982195,0.4105378869905315,0.03373803966288331,0.0013721238369700517,-0.0021953876707179187,-0.00411634533982469,0.002469817672329011,0.004882133884503679,15.029999732971191
721,2014-11-13,0.4130077046628605,0.4108123169921426,0.4141053984982195,0.4097146231567836,0.024078541774317126,0.001646553838581144,-0.001646527667495734,0.0,-0.0008232638337479226,-0.009659497888566182,14.970000267028809
722,2014-11-14,0.40614711164909567,0.4289242783611081,0.4313940960334371,0.4053238478153478,0.07916362275715838,-0.0068605930137648485,0.01811196136896548,0.017288697535217612,-0.004390775341435782,0.055085080982841254,15.630000114440918
723,2014-11-17,0.42453350301967224,0.4253567668534201,0.426180030687168,0.42206368534734323,0.02938616966306149,0.01838639137057657,-0.0035675115076879704,-0.0052140653462691144,0.016739837531995427,-0.04977745309409689,15.5
724,2014-11-18,0.42700332069200125,0.42672889069039016,0.4278265845257491,0.42453350301967224,0.0213078417048269,0.002469817672329011,0.0013721238369700517,0.001646553838581144,0.002469817672329011,-0.008078327958234592,15.550000190734863
725,2014-11-19,0.4275521545241381,0.4248079068501979,0.43551044137326184,0.41822174383804417,0.06984623060064502,0.0005488338321368302,-0.0019209838401922363,0.007683856847512716,-0.006311759181628074,0.048538388895818116,15.479999542236328
726,2014-11-20,0.4259056268566423,0.42810101452736027,0.4283754183578859,0.42425907301806115,0.021117545391372523,-0.0016465276674957896,0.0032931076771623435,-0.007135023015375941,0.0060373291800169815,-0.048728685209272496,15.600000381469728
727,2014-11-21,0.4333150537025439,0.4333150537025439,0.4371569952118429,0.4283754183578859,0.032841793916932455,0.007409426845901623,0.005214039175183649,0.00878157685395703,0.004116345339824745,0.011724248525559932,15.789999961853027
728,2014-11-24,0.4330406237009328,0.4330406237009328,0.4338639137057661,0.4294731121932448,0.01779413074853447,-0.0002744300016110923,-0.0002744300016110923,-0.0032930815060768226,0.0010976938353589039,-0.015047663168397986,15.779999732971191
729,2014-11-25,0.43688256521023183,0.4385290928777276,0.4390779528809498,0.43413831753629184,0.025459080947205247,0.0038419415092990072,0.005488469176794797,0.0052140391751837045,0.004665205343047041,0.007664950198670778,15.979999542236328
730,2014-11-26,0.43633370520700965,0.43551044137326184,0.43825468904720194,0.4349616075411251,0.013512820055948541,-0.0005488600032221846,-0.003018651504465786,-0.000823263833747867,0.000823290004833277,-0.011946260891256706,15.869999885559082
731,2014-11-28,0.4171240500026852,0.4069703754828436,0.41822174383804417,0.40614711164909567,0.04839156851914545,-0.01920965520432444,-0.028540065890418242,-0.02003294520915777,-0.028814495892029446,0.03487874846319691,14.829999923706056
732,2014-12-01,0.41877060384126635,0.4330406237009328,0.4415477705532788,0.4176729100059074,0.08801133225237424,0.001646553838581144,0.02607024821808923,0.02332602671523465,0.011525798356811723,0.03961976373322879,15.779999732971191
733,2014-12-02,0.42974754219485595,0.43221735986718496,0.43441274753790293,0.4259056268566423,0.031602016998378564,0.010976938353589594,-0.000823263833747867,-0.007135023015375885,0.0082327168507349,-0.05640931525399568,15.75
734,2014-12-03,0.4333150537025439,0.4316684998639628,0.436059301376484,0.4289242783611081,0.020862747893020686,0.0035675115076879704,-0.0005488600032221846,0.0016465538385810885,0.003018651504465786,-0.010739269105357878,15.729999542236328
735,2014-12-04,0.43578487137487293,0.43276621987040714,0.43688256521023183,0.43221735986718496,0.02270334800349233,0.002469817672329011,0.0010977200064443693,0.0008232638337478115,0.003293081506076878,0.0018406001104716435,15.770000457763672
736,2014-12-05,0.4305708060286038,0.4283754183578859,0.431119666031826,0.42645446068877907,0.023712559913048128,-0.0052140653462691144,-0.004390801512521247,-0.005762899178405834,-0.005762899178405889,0.0010092119095557982,15.609999656677246
737,2014-12-08,0.4283754183578859,0.431119666031826,0.43194292986557387,0.426180030687168,0.02314416549364788,-0.0021953876707179187,0.0027442476739401034,0.000823263833747867,-0.0002744300016110923,-0.000568394419400247,15.710000038146973
738,2014-12-09,0.439626812884172,0.4478595035638215,0.4522502789052573,0.439626812884172,0.05350426741264722,0.011251394526286096,0.016739837531995483,0.020307349039683453,0.013446782197004015,0.030360101918999342,16.31999969482422
739,2014-12-10,0.4506037512377616,0.44923165357187694,0.4522502789052573,0.4481339335654326,0.02596190510129537,0.010976938353589594,0.0013721500080554616,0.0,0.008507120681260583,-0.027542362311351855,16.3700008392334
740,2014-12-11,0.44676183589954793,0.4481339335654326,0.4525247089068684,0.44648740589793684,0.018942679471874276,-0.003841915338213653,-0.0010977200064443693,0.0002744300016110923,-0.001646527667495734,-0.007019225629421092,16.329999923706055
741,2014-12-12,0.44895722357026585,0.4473106435605993,0.4508781812393727,0.44676183589954793,0.019399533168219803,0.0021953876707179187,-0.000823290004833277,-0.001646527667495734,0.0002744300016110923,0.0004568536963455265,16.299999237060547
742,2014-12-15,0.44264543821755237,0.42453350301967224,0.4442920182272189,0.42371021301483897,0.04802950661938955,-0.006311785352713484,-0.022777140540927054,-0.006586163012153756,-0.023051622884708967,0.02862997345116975,15.470000267028809
743,2014-12-16,0.42810101452736027,0.4138309684966084,0.428649848359497,0.4083424993198136,0.052407747269390445,-0.014544423690192099,-0.010702534523063856,-0.015642169867721933,-0.015367713695025376,0.004378240650000892,15.079999923706056
744,2014-12-17,0.4154775223351895,0.41437982849983057,0.42206368534734323,0.4105378869905315,0.055138178643336956,-0.012623492192170793,0.0005488600032221846,-0.006586163012153756,0.0021953876707179187,0.002730431373946511,15.100000381469728
745,2014-12-18,0.4223381153489543,0.41849617383965526,0.4234358091843132,0.41630078616893734,0.021202359104110613,0.0068605930137648485,0.00411634533982469,0.0013721238369699962,0.005762899178405834,-0.03393581953922634,15.25
746,2014-12-19,0.41904503384287745,0.4223381153489543,0.4234358091843132,0.4176729100059074,0.017139140815708356,-0.003293081506076878,0.0038419415092990628,0.0,0.0013721238369700517,-0.004063218288402257,15.390000343322754
747,2014-12-22,0.4201427276782364,0.4113611508242794,0.4201427276782364,0.4080680693182025,0.038989362649893985,0.0010976938353589594,-0.010976964524674948,-0.0032930815060768226,-0.009604840687704896,0.02185022183418563,14.989999771118164
748,2014-12-23,0.4127332746612494,0.4127332746612494,0.41602635616732625,0.41163558082589047,0.01682946385617305,-0.007409453016986978,0.0013721238369700517,-0.004116371510910155,0.0035675115076879704,-0.022159898793720937,15.039999961853027
749,2014-12-24,0.4138309684966084,0.4141053984982195,0.4152030923335784,0.41218444082911265,0.009318817597063593,0.0010976938353589594,0.0013721238369700517,-0.000823263833747867,0.0005488600032221846,-0.007510646259109455,15.09000015258789
750,2014-12-26,0.4253567668534201,0.4212404215135954,0.4256311968550312,0.4212404215135954,0.017167649626712755,0.011525798356811723,0.007135023015375941,0.010428104521452819,0.009055980684482767,0.007848832029649162,15.350000381469728
751,2014-12-29,0.42261251917947995,0.41465423233035625,0.4228869491810911,0.4130077046628605,0.02485006147212373,-0.002744247673940159,-0.006586189183239166,-0.0027442476739401034,-0.0082327168507349,0.007682411845410974,15.109999656677246
752,2014-12-30,0.42069156151037324,0.4275521545241381,0.43276621987040714,0.42041713150876214,0.04130178358248846,-0.0019209576691067154,0.01289792219378183,0.009879270689316044,0.007409426845901623,0.016451722110364733,15.579999923706056
753,2014-12-31,0.42069156151037324,0.4132821346644716,0.42151482534412105,0.40916576315356146,0.04564510093900896,0.0,-0.014270019859666472,-0.011251394526286096,-0.011251368355200686,0.0043433173565205,15.0600004196167
754,2015-01-02,0.4105378869905315,0.41465423233035625,0.4223381153489543,0.4086169293214247,0.031216791689681594,-0.010153674519841727,0.0013720976658846418,0.000823290004833277,-0.0005488338321367747,-0.014428309249327368,15.109999656677246
755,2015-01-05,0.42096599151198427,0.4253567668534201,0.427277724522527,0.4179473138364331,0.03398214635710849,0.010428104521452763,0.010702534523063856,0.004939609173572668,0.009330384515008394,0.0027653546674268996,15.5
756,2015-01-06,0.4278265845257491,0.43441274753790293,0.4393523828825609,0.42645446068877907,0.03552874935409725,0.0068605930137648485,0.009055980684482823,0.012074658360033907,0.008507146852345993,0.0015466029969887565,15.829999923706056
757,2015-01-07,0.4308452360302149,0.4349616075411251,0.43770582904397975,0.4302964021980781,0.02896958466225968,0.003018651504465786,0.0005488600032221846,-0.001646553838581144,0.0038419415092990072,-0.006559164691837569,15.850000381469728
758,2015-01-08,0.43468717753951397,0.4291987083627192,0.43770582904397975,0.4283754183578859,0.018045364645510754,0.0038419415092990628,-0.005762899178405945,0.0,-0.0019209838401921808,-0.010924220016748927,15.640000343322754
759,2015-01-09,0.431119666031826,0.43276621987040714,0.43688256521023183,0.4302964021980781,0.01568732961530923,-0.0035675115076879704,0.0035675115076879704,-0.0008232638337479226,0.0019209838401921808,-0.0023580350302015232,15.770000457763672
760,2015-01-12,0.43413831753629184,0.43551044137326184,0.43743139904236866,0.43249178986879605,0.019661101509185184,0.0030186515044658413,0.0027442215028546935,0.0005488338321368302,0.0021953876707179742,0.003973771893875953,15.869999885559082
761,2015-01-13,0.44895722357026585,0.447036265901159,0.4519758489036462,0.44401758822560783,0.05537301997398571,0.01481890603397401,0.011525824527897188,0.014544449861277564,0.011525798356811778,0.03571191846480053,16.290000915527344
762,2015-01-14,0.44538968589149247,0.44264543821755237,0.44895722357026585,0.4423710605581121,0.026215989879372095,-0.0035675376787733803,-0.004390827683606657,-0.003018625333380376,-0.001646527667495734,-0.029157030094613613,16.1299991607666
763,2015-01-15,0.4481339335654326,0.44319429822077455,0.4522502789052573,0.442096630556501,0.038831851469094666,0.0027442476739401034,0.0005488600032221846,0.003293055334991468,-0.0002744300016110923,0.012615861589722572,16.149999618530273
764,2015-01-16,0.4506037512377616,0.4651482272701245,0.46899014260833816,0.4500548912345394,0.07922741122178073,0.002469817672329011,0.02195392904934995,0.016739863703080837,0.007958260678038398,0.040395559752686064,16.950000762939453
765,2015-01-20,0.4681668526035049,0.47145996028066717,0.4736553479513851,0.46679475493762024,0.03877091388557276,0.017563101365743294,0.006311733010542664,0.00466520534304693,0.016739863703080837,-0.04045649733620797,17.18000030517578
766,2015-01-21,0.4843578563033636,0.4766740256269363,0.48545557630980796,0.4731064879481629,0.049068652780499974,0.016191003699858708,0.0052140653462691144,0.01180022835842287,0.006311733010542664,0.010297738894927216,17.3700008392334
767,2015-01-22,0.48243689863425676,0.48326018863909004,0.48545557630980796,0.47749726328959874,0.029624574595085794,-0.0019209576691068264,0.006586163012153756,0.0,0.0043907753414358375,-0.01944407818541418,17.610000610351562
768,2015-01-23,0.47969265096031666,0.48051594096514993,0.48216246863264567,0.4755763056204919,0.02271403880761898,-0.0027442476739401034,-0.0027442476739401034,-0.003293107677162288,-0.0019209576691068264,-0.006910535787466813,17.510000228881836
769,2015-01-26,0.4763995956253252,0.4700878102726117,0.47694840328637655,0.46953900261156034,0.02911034691659391,-0.003293055334991468,-0.010428130692538229,-0.0052140653462691144,-0.006037303008931572,0.00639630810897493,17.1299991607666
770,2015-01-27,0.47173439028227826,0.4755763056204919,0.478320553294432,0.47145996028066717,0.019999643639862445,-0.00466520534304693,0.005488495347880207,0.0013721500080554616,0.0019209576691068264,-0.009110703276731465,17.329999923706055
771,2015-01-28,0.4728320579465518,0.4728320579465518,0.47722283328798765,0.47145996028066717,0.018828287867719118,0.0010976676642735494,-0.0027442476739401034,-0.0010977200064443693,0.0,-0.0011713557721433274,17.229999542236328
772,2015-01-29,0.45911087191902217,0.44566411589310356,0.45938530192063326,0.4399012428857831,0.06353224168344529,-0.013721186027529642,-0.027167942053448246,-0.017837531367354387,-0.031558717394884084,0.04470395381572617,16.239999771118164
773,2015-01-30,0.44374315822399674,0.4538968589149239,0.4555433865824196,0.442096630556501,0.030258539279796163,-0.015367713695025431,0.00823274302182031,-0.003841915338213653,0.0021953876707179187,-0.03327370240364913,16.540000915527344
774,2015-02-02,0.4500548912345394,0.4519758489036462,0.4558178165840307,0.44868279356865476,0.020854195249719366,0.006311733010542664,-0.0019210100112776463,0.0002744300016110923,0.006586163012153756,-0.009404344030076797,16.469999313354492
775,2015-02-03,0.4549945265791974,0.45417123657436415,0.45965973192224435,0.44868279356865476,0.025933039930153414,0.004939635344658022,0.0021953876707179187,0.003841915338213653,0.0,0.005078844680434048,16.549999237060547
776,2015-02-04,0.4577387742531375,0.45636662424508206,0.4643249372652912,0.4560922465856418,0.024553213477540404,0.0027442476739401034,0.0021953876707179187,0.004665205343046874,0.007409453016987033,-0.0013798264526130102,16.6299991607666
777,2015-02-05,0.4497804612329283,0.4549945265791974,0.4555433865824196,0.44648740589793684,0.022323824456996242,-0.007958313020209218,-0.0013720976658846418,-0.00878155068287162,-0.009604840687704952,-0.002229389020544162,16.579999923706055
778,2015-02-06,0.44401758822560783,0.4399012428857831,0.44593854589471466,0.4349616075411251,0.043191205031805145,-0.005762873007320479,-0.015093283693414339,-0.009604840687704952,-0.011525798356811723,0.020867380574808903,16.030000686645508
779,2015-02-09,0.44538968589149247,0.4478595035638215,0.4500548912345394,0.4451152558898814,0.014055200185307272,0.0013720976658846418,0.007958260678038398,0.004116345339824745,0.010153648348756261,-0.029136004846497872,16.31999969482422
780,2015-02-10,0.4451152558898814,0.4442920182272189,0.4495060312313172,0.44264543821755237,0.01969210484115247,-0.0002744300016110923,-0.0035674853366025605,-0.0005488600032221846,-0.002469817672329011,0.0056369046558451975,16.190000534057617
781,2015-02-11,0.4451152558898814,0.4412733405516677,0.44538968589149247,0.439626812884172,0.016556848350943464,0.0,-0.0030186776755511957,-0.004116345339824745,-0.003018625333380376,-0.003135256490209005,16.079999923706055
782,2015-02-12,0.44319429822077455,0.44319429822077455,0.4451152558898814,0.4399012428857831,0.01759385635122855,-0.0019209576691068264,0.0019209576691068264,-0.0002744300016110923,0.0002744300016110923,0.001037008000285087,16.149999618530273
783,2015-02-13,0.4533479989117017,0.4538968589149239,0.4582876342563597,0.4522502789052573,0.02541596137056109,0.010153700690927137,0.010702560694149321,0.013172378366478332,0.012349036019474235,0.007822105019332538,16.540000915527344
784,2015-02-17,0.43221735986718496,0.43441274753790293,0.43468717753951397,0.4283754183578859,0.055860164282023415,-0.02113063904451673,-0.01948411137702094,-0.02360045671684574,-0.023874860547371424,0.030444202911462326,15.829999923706056
785,2015-02-18,0.43194292986557387,0.43221735986718496,0.43633370520700965,0.427277724522527,0.036114961780375245,-0.0002744300016110923,-0.0021953876707179742,0.0016465276674956786,-0.0010976938353589039,-0.01974520250164817,15.75
786,2015-02-19,0.433589483704155,0.4308452360302149,0.43523601137165074,0.4294731121932448,0.026435864084243536,0.001646553838581144,-0.0013721238369700517,-0.0010976938353589039,0.0021953876707178077,-0.009679097696131709,15.699999809265137
787,2015-02-20,0.4316684998639628,0.42645446068877907,0.4333150537025439,0.4253567668534201,0.027022076510521534,-0.0019209838401922363,-0.0043907753414358375,-0.0019209576691068264,-0.00411634533982469,0.0005862124262779982,15.539999961853027
788,2015-02-23,0.431119666031826,0.4289242783611081,0.43633370520700965,0.42700332069200125,0.022488106480409102,-0.0005488338321367747,0.002469817672329011,0.0030186515044657303,0.001646553838581144,-0.004533970030112432,15.630000114440918
789,2015-02-24,0.427277724522527,0.42700332069200125,0.4333150537025439,0.42261251917947995,0.028775012027154642,-0.0038419415092990072,-0.0019209576691068264,-0.0030186515044657303,-0.004390801512521303,0.00628690554674554,15.5600004196167
790,2015-02-25,0.43441274753790293,0.43441274753790293,0.43523601137165074,0.43194292986557387,0.01909876521212337,0.007135023015375941,0.007409426845901679,0.0019209576691068264,0.009330410686093915,-0.009676246815031271,15.829999923706056
791,2015-02-26,0.4393523828825609,0.43468717753951397,0.4399012428857831,0.4338639137057661,0.014168879069187321,0.004939635344657967,0.0002744300016110368,0.00466523151413234,0.0019209838401922363,-0.00492988614293605,15.84000015258789
792,2015-02-27,0.43743139904236866,0.43551044137326184,0.43798025904559085,0.43468717753951397,0.014744757051476222,-0.0019209838401922363,0.000823263833747867,-0.0019209838401922363,0.000823263833747867,0.0005758779822889002,15.869999885559082
793,2015-03-02,0.43523601137165074,0.42974754219485595,0.43633370520700965,0.4294731121932448,0.022917876806300447,-0.0021953876707179187,-0.005762899178405889,-0.0016465538385811995,-0.00521406534626917,0.008173119754824225,15.65999984741211
794,2015-03-03,0.43221735986718496,0.4275521545241381,0.4349616075411251,0.425082336851809,0.02438893145412754,-0.003018651504465786,-0.0021953876707178632,-0.0013720976658845307,-0.004390775341435782,0.0014710546478270935,15.579999923706056
795,2015-03-04,0.4278265845257491,0.425082336851809,0.428649848359497,0.4223381153489543,0.022096823049373698,-0.0043907753414358375,-0.0024698176723290666,-0.006311759181628129,-0.0027442215028546935,-0.0022921084047538426,15.489999771118164
796,2015-03-05,0.42672889069039016,0.426180030687168,0.42974754219485595,0.42425907301806115,0.016648789266432658,-0.0010976938353589594,0.0010976938353589594,0.0010976938353589594,0.0019209576691068264,-0.00544803378294104,15.529999732971191
797,2015-03-06,0.4173984800042963,0.4168496200010741,0.41877060384126635,0.41437982849983057,0.034673128663827664,-0.00933041068609386,-0.00933041068609386,-0.010976938353589594,-0.009879244518230579,0.018024339397395006,15.1899995803833
798,2015-03-09,0.41602635616732625,0.41437982849983057,0.4171240500026852,0.41437982849983057,0.01454341357375764,-0.0013721238369700517,-0.0024697915012435456,-0.001646553838581144,0.0,-0.020129715090070024,15.100000381469728
799,2015-03-10,0.41437982849983057,0.41218444082911265,0.41630078616893734,0.4110867208226683,0.020992462983090713,-0.0016465276674956786,-0.0021953876707179187,-0.000823263833747867,-0.003293107677162288,0.006449049409333073,15.020000457763672
800,2015-03-11,0.4105378869905315,0.40724480548445463,0.4105378869905315,0.40148190630604874,0.037933823922456034,-0.0038419415092990628,-0.004939635344658022,-0.005762899178405834,-0.009604814516619542,0.01694136093936532,14.84000015258789
801,2015-03-12,0.4105378869905315,0.4094401931551725,0.4110867208226683,0.4066959454812325,0.013244480872369617,0.0,0.0021953876707178632,0.0005488338321367747,0.00521403917518376,-0.024689343050086417,14.920000076293944
802,2015-03-13,0.4094401931551725,0.4088913331519503,0.4102634569889204,0.4066959454812325,0.013325374623594604,-0.0010976938353590149,-0.0005488600032221846,-0.000823263833747867,0.0,8.089375122498701e-05,14.899999618530272
803,2015-03-16,0.4127332746612494,0.4113611508242794,0.4127332746612494,0.40724480548445463,0.016701174206653242,0.0032930815060769336,0.0024698176723290666,0.002469817672329011,0.0005488600032221291,0.0033757995830586383,14.989999771118164
804,2015-03-17,0.4050494178137367,0.4088913331519503,0.4135565384949973,0.4047749878121256,0.0185321525934109,-0.007683856847512716,-0.0024698176723290666,0.000823263833747867,-0.002469817672329011,0.0018309783867576576,14.899999618530272
805,2015-03-18,0.4077936393165914,0.42151482534412105,0.42206368534734323,0.40642154165070676,0.03732908076902518,0.0027442215028546935,0.012623492192170738,0.008507146852345937,0.001646553838581144,0.018796928175614278,15.359999656677246
806,2015-03-19,0.41849617383965526,0.42371021301483897,0.4253567668534201,0.4176729100059074,0.02162642766780108,0.010702534523063856,0.0021953876707179187,0.003293081506076878,0.01125136835520063,-0.0157026531012241,15.4399995803833
807,2015-03-20,0.4283754183578859,0.4390779528809498,0.44374315822399674,0.4278265845257491,0.052724551431676855,0.009879244518230634,0.015367739866110841,0.018386391370576627,0.010153674519841727,0.031098123763875777,16.0
808,2015-03-23,0.4423710605581121,0.4473106435605993,0.44895722357026585,0.4412733405516677,0.03750334087628958,0.0139956422002262,0.00823269067964949,0.0052140653462691144,0.013446756025918605,-0.015221210555387277,16.299999237060547
809,2015-03-24,0.4451152558898814,0.44676183589954793,0.44676183589954793,0.4412733405516677,0.01876521212337188,0.0027441953317692835,-0.0005488076610513648,-0.0021953876707179187,0.0,-0.0187381287529177,16.280000686645508
810,2015-03-25,0.44895722357026585,0.44566411589310356,0.4497804612329283,0.4448408258882703,0.01401813873100155,0.0038419676803844727,-0.0010977200064443693,0.003018625333380376,0.0035674853366025605,-0.004747073392370328,16.239999771118164
811,2015-03-26,0.44868279356865476,0.4473106435605993,0.4503293212361505,0.44621297589632575,0.019172888120734814,-0.0002744300016110923,0.001646527667495734,0.0005488600032221846,0.0013721500080554616,0.005154749389733263,16.299999237060547
812,2015-03-27,0.44868279356865476,0.4451152558898814,0.44895722357026585,0.44264543821755237,0.017948434688095788,0.0,-0.0021953876707179187,-0.0013720976658846418,-0.0035675376787733803,-0.0012244534326390256,16.219999313354492
813,2015-03-30,0.44072448054844554,0.4385290928777276,0.44099891055005663,0.4366081352086208,0.024277034370935268,-0.007958313020209218,-0.006586163012153756,-0.007958313020209218,-0.006037303008931572,0.00632859968283948,15.979999542236328
814,2015-03-31,0.43743139904236866,0.4371569952118429,0.442096630556501,0.4349616075411251,0.018866774762575058,-0.003293081506076878,-0.0013720976658846973,0.0010977200064443693,-0.0016465276674956786,-0.00541025960836021,15.93000030517578
815,2015-04-01,0.4390779528809498,0.44538968589149247,0.44868279356865476,0.4390779528809498,0.023085366070951303,0.001646553838581144,0.008232690679649546,0.006586163012153756,0.00411634533982469,0.004218591308376245,16.229999542236328
816,2015-04-02,0.44045005054683445,0.439626812884172,0.44264543821755237,0.43578487137487293,0.020378454466083423,0.0013720976658846418,-0.005762873007320479,-0.006037355351102391,-0.003293081506076878,-0.002706911604867881,16.020000457763672
817,2015-04-06,0.45142704124259486,0.44648740589793684,0.45472009657758633,0.44566411589310356,0.021198082782459955,0.010976990695760414,0.0068605930137648485,0.012074658360033963,0.009879244518230634,0.0008196283163765319,16.270000457763672
818,2015-04-07,0.44291986821916346,0.44319429822077455,0.44374315822399674,0.44072448054844554,0.01101188461058746,-0.008507173023431402,-0.003293107677162288,-0.010976938353589594,-0.004939635344658022,-0.010186198171872494,16.149999618530273
819,2015-04-08,0.4412733405516677,0.4338639137057661,0.4418222005548899,0.4302964021980781,0.024466617964114534,-0.001646527667495734,-0.00933038451500845,-0.0019209576691068264,-0.010428078350367465,0.013454733353527074,15.8100004196167
820,2015-04-09,0.4253567668534201,0.4256311968550312,0.4275521545241381,0.42371021301483897,0.030820875576857972,-0.015916573698247616,-0.0082327168507349,-0.014270046030751826,-0.006586189183239111,0.006354257612743438,15.510000228881836
821,2015-04-10,0.43578487137487293,0.43276621987040714,0.43770582904397975,0.4302964021980781,0.022599290843326264,0.010428104521452819,0.007135023015375941,0.010153674519841671,0.006586189183239111,-0.008221584733531708,15.770000457763672
822,2015-04-13,0.4289242783611081,0.42810101452736027,0.42974754219485595,0.4275521545241381,0.013576252160433334,-0.0068605930137648485,-0.004665205343046874,-0.007958286849123808,-0.0027442476739399924,-0.00902303868289293,15.600000381469728
823,2015-04-14,0.426180030687168,0.4256311968550312,0.42974754219485595,0.425082336851809,0.014555173458296955,-0.0027442476739401034,-0.0024698176723290666,0.0,-0.0024698176723290666,0.0009789212978636216,15.510000228881836
824,2015-04-15,0.4259056268566423,0.4289242783611081,0.4308452360302149,0.42453350301967224,0.01279760525987563,-0.0002744038305256824,0.003293081506076878,0.0010976938353589594,-0.0005488338321367747,-0.0017575681984213255,15.630000114440918
825,2015-04-16,0.4305708060286038,0.427277724522527,0.4316684998639628,0.42371021301483897,0.018277711455196622,0.00466517917196152,-0.0016465538385810885,0.000823263833747867,-0.000823290004833277,0.005480106195320992,15.56999969482422
826,2015-04-17,0.4283754183578859,0.42700332069200125,0.4294731121932448,0.4259056268566423,0.012853197441334212,-0.0021953876707179187,-0.0002744038305257379,-0.0021953876707179742,0.0021954138418033287,-0.0054245140138624096,15.5600004196167
827,2015-04-20,0.42151482534412105,0.4195938676750142,0.42151482534412105,0.41657521617054843,0.021674892646508563,-0.0068605930137648485,-0.007409453016987033,-0.007958286849123752,-0.00933041068609386,0.00882169520517435,15.289999961853027
828,2015-04-21,0.41931943767340313,0.42041713150876214,0.42261251917947995,0.41822174383804417,0.01182937476613866,-0.0021953876707179187,0.0008232638337479226,0.0010976938353589039,0.001646527667495734,-0.009845517880369904,15.31999969482422
829,2015-04-22,0.41849617383965526,0.41465423233035625,0.41931943767340313,0.41218444082911265,0.022141368066568072,-0.000823263833747867,-0.005762899178405889,-0.0032930815060768226,-0.006037303008931516,0.010311993300429412,15.109999656677246
830,2015-04-23,0.41465423233035625,0.4173984800042963,0.41849617383965526,0.4135565384949973,0.017479821107210948,-0.0038419415092990072,0.002744247673940048,-0.000823263833747867,0.0013720976658846418,-0.004661546959357124,15.210000038146973
831,2015-04-24,0.41492866233196735,0.4132821346644716,0.41575192616571516,0.4097146231567836,0.021796767813552376,0.0002744300016110923,-0.00411634533982469,-0.0027442476739401034,-0.0038419153382137083,0.004316946706341428,15.0600004196167
832,2015-04-27,0.4201427276782364,0.42974754219485595,0.43249178986879605,0.41931943767340313,0.03983821249755003,0.005214065346269059,0.016465407530384335,0.016739863703080893,0.009604814516619542,0.01804144468399765,15.65999984741211
833,2015-04-28,0.4313940960334371,0.43551044137326184,0.43798025904559085,0.431119666031826,0.027477861126454395,0.011251368355200686,0.005762899178405889,0.005488469176794797,0.01180022835842287,-0.012360351371095632,15.869999885559082
834,2015-04-29,0.43743139904236866,0.4338639137057661,0.4388035228793387,0.4330406237009328,0.024011546068456784,0.006037303008931572,-0.001646527667495734,0.000823263833747867,0.0019209576691068264,-0.0034663150579976112,15.8100004196167
835,2015-04-30,0.4195938676750142,0.4234358091843132,0.425082336851809,0.4152030923335784,0.04037631630525809,-0.017837531367354442,-0.010428104521452874,-0.013721186027529697,-0.017837531367354442,0.01636477023680131,15.43000030517578
836,2015-05-01,0.4212404215135954,0.42453350301967224,0.425082336851809,0.41849617383965526,0.0173803966288331,0.0016465538385811995,0.0010976938353590149,0.0,0.003293081506076878,-0.022995919676424992,15.470000267028809
837,2015-05-04,0.43688256521023183,0.4308452360302149,0.43770582904397975,0.430021972196467,0.024659408798531797,0.015642143696636412,0.006311733010542664,0.012623492192170738,0.011525798356811723,0.0072790121696986974,15.699999809265137
838,2015-05-05,0.43743139904236866,0.4338639137057661,0.43798025904559085,0.4333150537025439,0.01619193557008713,0.0005488338321368302,0.0030186776755511957,0.0002744300016110923,0.0032930815060769336,-0.008467473228444666,15.8100004196167
839,2015-05-06,0.43633370520700965,0.43276621987040714,0.4371569952118429,0.4313940960334371,0.01859451561748303,-0.0010976938353590149,-0.0010976938353589594,-0.0008232638337479226,-0.0019209576691068264,0.0024025800473958976,15.770000457763672
840,2015-05-07,0.43194292986557387,0.42810101452736027,0.43249178986879605,0.4275521545241381,0.013097660495696951,-0.004390775341435782,-0.004665205343046874,-0.004665205343046874,-0.0038419415092990072,-0.005496855121786078,15.600000381469728
841,2015-05-08,0.43276621987040714,0.43249178986879605,0.4330406237009328,0.4289242783611081,0.01550950590666928,0.000823290004833277,0.004390775341435782,0.0005488338321367747,0.0013721238369699962,0.0024118454109723284,15.760000228881836
842,2015-05-11,0.43249178986879605,0.427277724522527,0.43468717753951397,0.4253567668534201,0.01669654152486503,-0.0002744300016110923,-0.005214065346269059,0.001646553838581144,-0.0035675115076879704,0.0011870356181957493,15.56999969482422
843,2015-05-12,0.4291987083627192,0.4338639137057661,0.43578487137487293,0.4291987083627192,0.01807066621527716,-0.003293081506076878,0.006586189183239111,0.0010976938353589594,0.0038419415092990628,0.0013741246904121311,15.8100004196167
844,2015-05-13,0.4475850735622104,0.44868279356865476,0.4519758489036462,0.44593854589471466,0.06313418740979634,0.018386365199491217,0.014818879862888656,0.016190977528773298,0.016739837531995483,0.04506352119451919,16.350000381469727
845,2015-05-14,0.4582876342563597,0.45691548424830425,0.461031829588129,0.4555433865824196,0.03266040660691695,0.010702560694149321,0.00823269067964949,0.009055980684482767,0.009604840687704952,-0.030473780802879394,16.649999618530273
846,2015-05-15,0.4582876342563597,0.45965973192224435,0.4613062595897401,0.45718991424991534,0.01789783154856298,0.0,0.0027442476739401034,0.0002744300016110923,0.001646527667495734,-0.014762575058353971,16.75
847,2015-05-18,0.46405050726368013,0.463501647260458,0.4654226049295648,0.461031829588129,0.017605972595905423,0.005762873007320424,0.003841915338213653,0.00411634533982469,0.003841915338213653,-0.000291858952657556,16.889999389648438
848,2015-05-19,0.45691548424830425,0.4495060312313172,0.45746434425152643,0.44291986821916346,0.035206243429609964,-0.007135023015375885,-0.01399561602914079,-0.007958260678038342,-0.018111961368965535,0.01760027083370454,16.3799991607666
849,2015-05-20,0.45115261124098377,0.44923165357187694,0.4536224289133128,0.4481339335654326,0.015591468738306934,-0.005762873007320479,-0.0002743776594402725,-0.003841915338213653,0.0052140653462691144,-0.01961477469130303,16.3700008392334
850,2015-05-21,0.44868279356865476,0.4497804612329283,0.45142704124259486,0.44840836356704367,0.009491652263777774,-0.002469817672329011,0.0005488076610513648,-0.0021953876707179187,0.0002744300016110923,-0.00609981647452916,16.389999389648438
851,2015-05-22,0.4481339335654326,0.44840836356704367,0.45142704124259486,0.44676183589954793,0.013125812946563797,-0.0005488600032221846,-0.0013720976658846418,0.0,-0.001646527667495734,0.003634160682786023,16.34000015258789
852,2015-05-26,0.4393523828825609,0.439626812884172,0.44346872822238564,0.4385290928777276,0.024080679935142454,-0.008781550682871675,-0.008781550682871675,-0.007958313020209218,-0.00823274302182031,0.010954866988578657,16.020000457763672
853,2015-05-27,0.43798025904559085,0.43798025904559085,0.439626812884172,0.43633370520700965,0.013263011599522477,-0.0013721238369700517,-0.001646553838581144,-0.003841915338213653,-0.0021953876707179742,-0.010817668335619977,15.960000038146973
854,2015-05-28,0.43798025904559085,0.43825468904720194,0.4390779528809498,0.43413831753629184,0.015098266307930795,0.0,0.0002744300016110923,-0.0005488600032221846,-0.0021953876707178077,0.0018352547084083178,15.970000267028809
855,2015-05-29,0.439626812884172,0.4388035228793387,0.4412733405516677,0.43798025904559085,0.011406731642998415,0.001646553838581144,0.0005488338321367747,0.0021953876707179187,0.0038419415092990072,-0.0036915346649323798,15.989999771118164
856,2015-06-01,0.44566411589310356,0.4390779528809498,0.4506037512377616,0.43770582904397975,0.03322844466617964,0.006037303008931572,0.0002744300016110923,0.00933041068609386,-0.0002744300016110923,0.021821713023181227,16.0
857,2015-06-02,0.4393523828825609,0.44099891055005663,0.442096630556501,0.4385290928777276,0.01676781355237603,-0.006311733010542664,0.0019209576691068264,-0.008507120681260583,0.000823263833747867,-0.016460631113803612,16.06999969482422
858,2015-06-03,0.43578487137487293,0.43441274753790293,0.4371569952118429,0.4308452360302149,0.02415444648361634,-0.0035675115076879704,-0.006586163012153701,-0.004939635344658078,-0.007683856847512716,0.007386632931240311,15.829999923706056
859,2015-06-04,0.427277724522527,0.4248079068501979,0.428649848359497,0.4234358091843132,0.04250485540687419,-0.008507146852345937,-0.009604840687705007,-0.008507146852345937,-0.007409426845901679,0.018350408923257847,15.479999542236328
860,2015-06-05,0.4198682976766253,0.4223381153489543,0.4248079068501979,0.4195938676750142,0.024698964773800403,-0.007409426845901679,-0.002469791501243601,-0.0038419415092990628,-0.0038419415092990072,-0.017805890633073786,15.390000343322754
861,2015-06-08,0.4212404215135954,0.42041713150876214,0.42178925534573214,0.4179473138364331,0.02191365393867042,0.0013721238369701072,-0.0019209838401921808,-0.003018651504465786,-0.001646553838581144,-0.0027853108351299817,15.31999969482422
862,2015-06-09,0.42151482534412105,0.4195938676750142,0.4223381153489543,0.41904503384287745,0.017015840208114322,0.0002744038305256269,-0.0008232638337479226,0.0005488600032221846,0.0010977200064443693,-0.004897813730556099,15.289999961853027
863,2015-06-10,0.42425907301806115,0.42041713150876214,0.42425907301806115,0.41931943767340313,0.017468417582809186,0.0027442476739401034,0.0008232638337479226,0.0019209576691068264,0.0002744038305256824,0.00045257737469486456,15.31999969482422
864,2015-06-11,0.4195938676750142,0.42069156151037324,0.42151482534412105,0.41630078616893734,0.01347575860164282,-0.00466520534304693,0.0002744300016110923,-0.0027442476739401034,-0.003018651504465786,-0.0039926589811663665,15.329999923706056
865,2015-06-12,0.4173984800042963,0.41849617383965526,0.4198682976766253,0.41630078616893734,0.017344047894802487,-0.0021953876707179187,-0.0021953876707179742,-0.001646527667495734,0.0,0.003868289293159667,15.25
866,2015-06-15,0.4195938676750142,0.42261251917947995,0.42700332069200125,0.4195938676750142,0.024981914723019083,0.0021953876707179187,0.00411634533982469,0.007135023015375941,0.003293081506076878,0.007637866828216596,15.399999618530272
867,2015-06-16,0.41877060384126635,0.42041713150876214,0.42096599151198427,0.4171240500026852,0.013754788589348395,-0.000823263833747867,-0.0021953876707178077,-0.0060373291800169815,-0.002469817672329011,-0.011227126133670688,15.31999969482422
868,2015-06-17,0.42096599151198427,0.42398464301645006,0.42700332069200125,0.41877060384126635,0.02849598203944907,0.0021953876707179187,0.003567511507687915,0.0060373291800169815,0.001646553838581144,0.014741193450100673,15.449999809265137
869,2015-06-18,0.4305708060286038,0.42425907301806115,0.4308452360302149,0.42316137918270214,0.027080519573080556,0.009604814516619542,0.0002744300016110923,0.003841915338213653,0.004390775341435782,-0.0014154624663685125,15.460000038146973
870,2015-06-19,0.42425907301806115,0.42316137918270214,0.425082336851809,0.4171240500026852,0.021742244712506457,-0.006311733010542664,-0.0010976938353590149,-0.005762899178405889,-0.006037329180016926,-0.005338274860574099,15.420000076293944
871,2015-06-22,0.4212404215135954,0.425082336851809,0.42672889069039016,0.42069156151037324,0.01786825365714591,-0.0030186515044657303,0.001920957669106882,0.001646553838581144,0.003567511507688026,-0.0038739910553605462,15.489999771118164
872,2015-06-23,0.41575192616571516,0.4154775223351895,0.4176729100059074,0.4135565384949973,0.034627158206083065,-0.005488495347880262,-0.009604814516619542,-0.009055980684482767,-0.007135023015375941,0.016758904548937154,15.140000343322754
873,2015-06-24,0.41657521617054843,0.4168496200010741,0.4179473138364331,0.4152030923335784,0.013147550914954653,0.000823290004833277,0.0013720976658846418,0.0002744038305256824,0.0016465538385810885,-0.02147960729112841,15.1899995803833
874,2015-06-25,0.41465423233035625,0.41630078616893734,0.4171240500026852,0.4141053984982195,0.01780268339183579,-0.0019209838401921808,-0.0005488338321367747,-0.000823263833747867,-0.0010976938353589039,0.004655132476881136,15.170000076293944
875,2015-06-26,0.4130077046628605,0.41465423233035625,0.4152030923335784,0.41191001082750156,0.01694207365964043,-0.001646527667495734,-0.0016465538385810885,-0.0019209576691068264,-0.0021953876707179187,-0.0008606097321953582,15.109999656677246
876,2015-06-29,0.41465423233035625,0.41245884465963834,0.4154775223351895,0.41163558082589047,0.02488569748587923,0.001646527667495734,-0.0021953876707179187,0.0002744300016110923,-0.0002744300016110923,0.0079436238262388,15.029999732971191
877,2015-06-30,0.4097146231567836,0.41245884465963834,0.41657521617054843,0.40614711164909567,0.03703152005416674,-0.004939609173572668,0.0,0.0010976938353589594,-0.005488469176794797,0.012145822568287508,15.029999732971191
878,2015-07-01,0.40916576315356146,0.4088913331519503,0.4113611508242794,0.4077936393165914,0.019494681324946993,-0.0005488600032221291,-0.003567511507688026,-0.005214065346269059,0.001646527667495734,-0.017536838729219746,14.899999618530272
879,2015-07-02,0.4113611508242794,0.4102634569889204,0.41245884465963834,0.4086169293214247,0.015699445859986103,0.0021953876707179187,0.0013721238369701072,0.0010976938353589594,0.000823290004833277,-0.00379523546496089,14.949999809265137
880,2015-07-06,0.4086169293214247,0.4113611508242794,0.41575192616571516,0.4080680693182025,0.015717263866863854,-0.0027442215028546935,0.0010976938353589594,0.0032930815060768226,-0.0005488600032221846,1.7818006877751147e-05,14.989999771118164
881,2015-07-07,0.3995609486369419,0.3959934371292539,0.40010978246907875,0.38501647260457894,0.08603959161128236,-0.009055980684482767,-0.015367713695025487,-0.015642143696636412,-0.023051596713623557,0.0703223277444185,14.43000030517578
882,2015-07-08,0.39791439479836077,0.3968167009630018,0.4003842124706898,0.39544457712603176,0.031945191810844036,-0.001646553838581144,0.0008232638337479226,0.0002744300016110368,0.010428104521452819,-0.05409439980043832,14.460000038146973
883,2015-07-09,0.40724480548445463,0.4050494178137367,0.4077936393165914,0.4023051701397966,0.02651925235643141,0.00933041068609386,0.0082327168507349,0.007409426845901623,0.0068605930137648485,-0.005425939454412627,14.760000228881836
884,2015-07-10,0.4055982516458735,0.4083424993198136,0.4108123169921426,0.4045005578105145,0.025850720738378206,-0.001646553838581144,0.003293081506076878,0.0030186776755511957,0.0021953876707179187,-0.0006685316180532024,14.880000114440918
885,2015-07-13,0.4031284339735445,0.40642154165070676,0.4075192354860658,0.40203074013818546,0.0158911676139907,-0.002469817672329011,-0.0019209576691068264,-0.0032930815060768226,-0.0024698176723290666,-0.009959553124387507,14.8100004196167
886,2015-07-14,0.4053238478153478,0.4031284339735445,0.4055982516458735,0.40148190630604874,0.016855478146214565,0.0021954138418033287,-0.003293107677162288,-0.0019209838401922918,-0.0005488338321367192,0.0009643105322238651,14.6899995803833
887,2015-07-15,0.394895743293895,0.3959934371292539,0.3970911309646129,0.3940724532890617,0.0256725406696007,-0.010428104521452819,-0.0071349968442905864,-0.008507120681260583,-0.007409453016987033,0.008817062523386134,14.43000030517578
888,2015-07-16,0.3937980494585361,0.3937980494585361,0.39791439479836077,0.3929747594537028,0.021636762111790175,-0.0010976938353589039,-0.0021953876707178077,0.000823263833747867,-0.0010976938353589039,-0.004035778557810524,14.350000381469728
889,2015-07-17,0.3916026617878181,0.39050494178137374,0.3921514956199549,0.3894072479460148,0.020583361545177557,-0.0021953876707179742,-0.0032931076771623435,-0.005762899178405889,-0.003567511507688026,-0.0010534005666126174,14.229999542236328
890,2015-07-20,0.3885839841122669,0.3855653326078011,0.3937980494585361,0.38501647260457894,0.03444826541703045,-0.0030186776755511957,-0.004939609173572612,0.0016465538385811995,-0.0043907753414358375,0.013864903871852893,14.050000190734863
891,2015-07-21,0.3885839841122669,0.38803515028013014,0.392425925621566,0.38693745644477123,0.020555565454448265,0.0,0.002469817672329011,-0.0013721238369701072,0.0019209838401922918,-0.013892699962582186,14.140000343322754
892,2015-07-22,0.38529090260619003,0.38803515028013014,0.39077937178298483,0.3841932087708311,0.01694171729950288,-0.003293081506076878,0.0,-0.001646553838581144,-0.002744247673940159,-0.0036138481549453857,14.140000343322754
893,2015-07-23,0.38776072027851904,0.3841932087708311,0.38830955411065576,0.3822722511017242,0.01941058033248401,0.002469817672329011,-0.0038419415092990628,-0.0024698176723290666,-0.001920957669106882,0.00246886303298113,14.0
894,2015-07-24,0.3784303095924252,0.38474206877405326,0.38638859644154905,0.37678375575384404,0.03189209415034834,-0.00933041068609386,0.0005488600032221846,-0.0019209576691067154,-0.005488495347880151,0.012481513817864331,14.020000457763672
895,2015-07-27,0.3841932087708311,0.3819978211001131,0.3866630264431601,0.3814489610968909,0.014884450225397788,0.005762899178405889,-0.002744247673940159,0.0002744300016110368,0.004665205343046874,-0.017007643924950553,13.920000076293944
896,2015-07-28,0.38446763877244217,0.38474206877405326,0.38611416643993796,0.38391877876922,0.02051387131835433,0.0002744300016110923,0.002744247673940159,-0.0005488600032221291,0.0024698176723290666,0.005629421092956541,14.020000457763672
897,2015-07-29,0.3855653326078011,0.38830955411065576,0.3910538017845959,0.3841932087708311,0.025128735099691747,0.0010976938353589594,0.003567485336602505,0.004939635344657967,0.0002744300016110923,0.004614863781337419,14.149999618530272
898,2015-07-30,0.38611416643993796,0.3866630264431601,0.38913284411548904,0.38529090260619003,0.01332002922153128,0.0005488338321368302,-0.0016465276674956786,-0.001920957669106882,0.0010976938353589594,-0.011808705878160467,14.09000015258789
899,2015-07-31,0.3916026617878181,0.38638859644154905,0.39352361945692493,0.38529090260619003,0.02150775974199526,0.005488495347880151,-0.0002744300016110368,0.004390775341435893,0.0,0.008187730520463982,14.079999923706056
900,2015-08-03,0.3855653326078011,0.3806256972631431,0.38611416643993796,0.3781558795908141,0.023726101598275217,-0.0060373291800169815,-0.005762899178405945,-0.007409453016986978,-0.007135023015375941,0.0022183418562799553,13.869999885559082
901,2015-08-04,0.3822722511017242,0.3819978211001131,0.38391877876922,0.380351267261532,0.010705771252427703,-0.0032930815060769336,0.0013721238369699962,-0.0021953876707179742,0.0021953876707179187,-0.013020330345847514,13.920000076293944
902,2015-08-05,0.382821084933861,0.382821084933861,0.3855653326078011,0.3809001272647542,0.013754075869073285,0.0005488338321368302,0.0008232638337479226,0.001646553838581144,0.0005488600032221846,0.0030483046166455818,13.949999809265137
903,2015-08-06,0.38254665493224993,0.38391877876922,0.38748629027690795,0.38254665493224993,0.0125253461147836,-0.0002744300016110923,0.0010976938353589594,0.0019209576691068264,0.001646527667495734,-0.0012287297542896841,13.989999771118164
904,2015-08-07,0.38776072027851904,0.38721186027529686,0.3937980494585361,0.38693745644477123,0.0187523831584199,0.0052140653462691144,0.003293081506076878,0.006311759181628129,0.004390801512521303,0.006227037043636299,14.109999656677246
905,2015-08-10,0.3910538017845959,0.39901208863371973,0.40395172397837775,0.39050494178137374,0.034971045738823654,0.003293081506076878,0.01180022835842287,0.010153674519841671,0.003567485336602505,0.016218662580403755,14.539999961853027
906,2015-08-11,0.40093304630282656,0.40175633630765983,0.40203074013818546,0.39791439479836077,0.01821000302906117,0.009879244518230634,0.0027442476739401034,-0.0019209838401922918,0.007409453016987033,-0.016761042709762485,14.640000343322754
907,2015-08-12,0.40422612780890343,0.4066959454812325,0.4088913331519503,0.40422612780890343,0.027917965896334836,0.003293081506076878,0.004939609173572668,0.0068605930137648485,0.006311733010542664,0.009707962867273667,14.81999969482422
908,2015-08-13,0.40367729397676666,0.40367729397676666,0.40614711164909567,0.40203074013818546,0.014904762753238423,-0.0005488338321367747,-0.0030186515044658413,-0.002744221502854638,-0.0021953876707179742,-0.013013203143096412,14.710000038146973
909,2015-08-14,0.40614711164909567,0.3992865186353308,0.4094401931551725,0.3976399647967497,0.017173351388913637,0.002469817672329011,-0.0043907753414358375,0.0032930815060768226,-0.004390775341435782,0.002268588635675214,14.550000190734863
910,2015-08-17,0.4031284339735445,0.40148190630604874,0.40367729397676666,0.4003842124706898,0.008092582363736792,-0.0030186776755511957,0.0021953876707179187,-0.005762899178405834,0.0027442476739401034,-0.009080769025176846,14.630000114440918
911,2015-08-18,0.3885839841122669,0.39023053795084806,0.3910538017845959,0.3858397626094122,0.027372378525738112,-0.014544449861277564,-0.011251368355200686,-0.012623492192170738,-0.014544449861277564,0.01927979616200132,14.220000267028809
912,2015-08-19,0.3951701471244206,0.39983535246746765,0.4023051701397966,0.3951701471244206,0.02000142544055022,0.006586163012153701,0.009604814516619598,0.011251368355200686,0.009330384515008394,-0.007370953085187891,14.56999969482422
913,2015-08-20,0.4075192354860658,0.4055982516458735,0.4086169293214247,0.4053238478153478,0.019870997630205084,0.012349088361645166,0.005762899178405834,0.006311759181628074,0.010153700690927192,-0.00013042781034513715,14.779999732971191
914,2015-08-21,0.40340286397515557,0.40093304630282656,0.40422612780890343,0.3965422709613907,0.023336243607790033,-0.004116371510910211,-0.00466520534304693,-0.004390801512521247,-0.008781576853957085,0.0034652459775849492,14.609999656677246
915,2015-08-24,0.3858397626094122,0.38776072027851904,0.3968167009630018,0.38474206877405326,0.042138517185467635,-0.01756310136574335,-0.013172326024307512,-0.007409426845901623,-0.01180020218733746,0.0188022735776776,14.130000114440918
916,2015-08-25,0.38776072027851904,0.38391877876922,0.38830955411065576,0.38172339109850206,0.023800580867024215,0.0019209576691068264,-0.0038419415092990628,-0.008507146852346048,-0.0030186776755511957,-0.01833793631844342,13.989999771118164
917,2015-08-26,0.37239298041240826,0.3721185765818825,0.37266741041401935,0.3663556774034767,0.04409529070078221,-0.015367739866110786,-0.01180020218733746,-0.015642143696636412,-0.015367713695025376,0.020294709833757998,13.5600004196167
918,2015-08-27,0.37239298041240826,0.3787047395940363,0.3830955149354721,0.37102088274652356,0.028507385563850827,0.0,0.006586163012153756,0.010428104521452763,0.004665205343046874,-0.015587905136931385,13.800000190734863
919,2015-08-28,0.3795280034277842,0.3819978211001131,0.38501647260457894,0.3787047395940363,0.017592074550540775,0.007135023015375941,0.0032930815060768226,0.0019209576691068264,0.007683856847512716,-0.010915311013310051,13.920000076293944
920,2015-08-31,0.37980243342939524,0.38391877876922,0.38501647260457894,0.3776070457586773,0.01465566701708747,0.0002744300016110368,0.001920957669106882,0.0,-0.0010976938353589594,-0.002936407533453306,13.989999771118164
921,2015-09-01,0.38391877876922,0.38254665493224993,0.38501647260457894,0.380351267261532,0.014365233504980132,0.004116345339824745,-0.0013721238369700517,0.0,0.0027442215028546935,-0.0002904335121073371,13.9399995803833
922,2015-09-02,0.3855653326078011,0.38474206877405326,0.38885841411387795,0.3784303095924252,0.019765871389626356,0.001646553838581144,0.0021954138418033287,0.0038419415092990072,-0.0019209576691068264,0.005400637884646224,14.020000457763672
923,2015-09-03,0.38391877876922,0.38474206877405326,0.3921514956199549,0.382821084933861,0.019054220194928997,-0.001646553838581144,0.0,0.0032930815060769336,0.0043907753414358375,-0.0007116511946973596,14.020000457763672
924,2015-09-04,0.3811745572663653,0.3819978211001131,0.3830955149354721,0.380351267261532,0.013441548028437538,-0.0027442215028546935,-0.002744247673940159,-0.009055980684482767,-0.002469817672329011,-0.005612672166491459,13.920000076293944
925,2015-09-08,0.38611416643993796,0.38748629027690795,0.39023053795084806,0.38254665493224993,0.01827486057409618,0.004939609173572668,0.005488469176794852,0.007135023015375941,0.0021953876707179187,0.004833312545658643,14.119999885559082
926,2015-09-09,0.3841932087708311,0.3822722511017242,0.38638859644154905,0.3819978211001131,0.011098480124013328,-0.001920957669106882,-0.00521403917518376,-0.0038419415092990072,-0.0005488338321368302,-0.0071763804500828525,13.93000030517578
927,2015-09-10,0.38830955411065576,0.38391877876922,0.3885839841122669,0.3833699449370832,0.011651194697361153,0.00411634533982469,0.0016465276674957896,0.0021953876707178632,0.0013721238369701072,0.0005527145733478251,13.989999771118164
928,2015-09-11,0.3781558795908141,0.382821084933861,0.3836443487676089,0.37431396425260044,0.01702581829196586,-0.010153674519841671,-0.0010976938353589594,-0.004939635344658022,-0.009055980684482767,0.005374623594604706,13.949999809265137
929,2015-09-14,0.3778814757602884,0.3784303095924252,0.37897916959564737,0.3759604919200962,0.01076528339539939,-0.0002744038305256824,-0.0043907753414358375,-0.00466517917196152,0.001646527667495734,-0.0062605348965664685,13.789999961853027
930,2015-09-15,0.37541165808795934,0.3778814757602884,0.3781558795908141,0.37513722808634825,0.008622489888281097,-0.0024698176723290666,-0.0005488338321367747,-0.000823290004833277,-0.0008232638337479226,-0.002142793507118294,13.770000457763672
931,2015-09-16,0.3855653326078011,0.39023053795084806,0.3921514956199549,0.38529090260619003,0.02514085134436862,0.010153674519841782,0.012349062190559645,0.01399561602914079,0.010153674519841782,0.016518361456087524,14.220000267028809
932,2015-09-17,0.39023053795084806,0.3957190071276428,0.40010978246907875,0.38995610794923696,0.030868271475152788,0.00466520534304693,0.005488469176794741,0.007958286849123863,0.00466520534304693,0.005727420130784169,14.420000076293944
933,2015-09-18,0.40065864247230093,0.3970911309646129,0.40120747630443765,0.39544457712603176,0.01731732088448586,0.010428104521452874,0.0013721238369701072,0.0010976938353589039,0.005488469176794797,-0.013550950590666928,14.470000267028809
934,2015-09-21,0.3976399647967497,0.3976399647967497,0.3995609486369419,0.3970911309646129,0.012062434296099638,-0.003018677675551251,0.0005488338321367747,-0.001646527667495734,0.001646553838581144,-0.005254886588386222,14.489999771118164
935,2015-09-22,0.3885839841122669,0.38803515028013014,0.3885839841122669,0.38611416643993796,0.016023020864886054,-0.009055980684482767,-0.009604814516619542,-0.010976964524675004,-0.010976964524674948,0.003960586568786416,14.140000343322754
936,2015-09-23,0.39077937178298483,0.38748629027690795,0.391328231786207,0.38693745644477123,0.008901876236124227,0.0021953876707179187,-0.0005488600032221846,0.0027442476739401034,0.000823290004833277,-0.007121144628761827,14.119999885559082
937,2015-09-24,0.39050494178137374,0.3959934371292539,0.39818882479997186,0.38995610794923696,0.025863549703330185,-0.0002744300016110923,0.008507146852345937,0.0068605930137648485,0.0030186515044657303,0.016961673467205958,14.43000030517578
938,2015-09-25,0.3962678409597796,0.3951701471244206,0.39818882479997186,0.3937980494585361,0.011336528695900077,0.005762899178405889,-0.000823290004833277,0.0,0.0038419415092991183,-0.014527021007430108,14.399999618530272
939,2015-09-28,0.382821084933861,0.38254665493224993,0.38391877876922,0.3800768634310064,0.02137269924986191,-0.013446756025918605,-0.012623492192170682,-0.014270046030751882,-0.013721186027529697,0.010036170553961834,13.9399995803833
940,2015-09-29,0.3814489610968909,0.3833699449370832,0.3858397626094122,0.3814489610968909,0.010693298647613278,-0.0013721238369701072,0.000823290004833277,0.0019209838401922363,0.0013720976658845307,-0.010679400602248633,13.970000267028809
941,2015-09-30,0.3806256972631431,0.3806256972631431,0.3866630264431601,0.37897916959564737,0.018042157404272757,-0.0008232638337478115,-0.0027442476739401034,0.000823263833747867,-0.0024697915012435456,0.00734885875665948,13.869999885559082
942,2015-10-01,0.3836443487676089,0.3814489610968909,0.38529090260619003,0.3795280034277842,0.014500650357251038,0.003018651504465786,0.0008232638337478115,-0.0013721238369700517,0.0005488338321368302,-0.003541507047021719,13.899999618530272
943,2015-10-02,0.38995610794923696,0.3992865186353308,0.40093304630282656,0.38968167794762587,0.044412807583343726,0.006311759181628074,0.017837557538439908,0.015642143696636523,0.010153674519841671,0.029912157226092688,14.550000190734863
944,2015-10-05,0.4094401931551725,0.4086169293214247,0.41163558082589047,0.4053238478153478,0.03568946777613456,0.01948408520593553,0.00933041068609386,0.010702534523063911,0.015642169867721933,-0.008723339807209164,14.890000343322754
945,2015-10-06,0.41575192616571516,0.4135565384949973,0.4212404215135954,0.4132821346644716,0.03987990663364396,0.006311733010542664,0.004939609173572612,0.009604840687704952,0.007958286849123808,0.0041904388575094015,15.06999969482422
946,2015-10-07,0.4168496200010741,0.4195938676750142,0.42206368534734323,0.4154775223351895,0.024165137287742992,0.0010976938353589594,0.006037329180016926,0.0008232638337478115,0.0021953876707178632,-0.01571476934590097,15.289999961853027
947,2015-10-08,0.4088913331519503,0.4113611508242794,0.4152030923335784,0.4086169293214247,0.03184184737095309,-0.007958286849123808,-0.008232716850734845,-0.0068605930137648485,-0.006860593013764793,0.007676710083210095,14.989999771118164
948,2015-10-09,0.41465423233035625,0.41492866233196735,0.41602635616732625,0.41163558082589047,0.01591896370471999,0.005762899178405945,0.0035675115076879704,0.000823263833747867,0.003018651504465786,-0.0159228836662331,15.119999885559082
949,2015-10-12,0.4201427276782364,0.4152030923335784,0.42069156151037324,0.4138309684966084,0.015298540705236712,0.005488495347880151,0.0002744300016110368,0.004665205343046985,0.0021953876707179187,-0.0006204229994832763,15.130000114440918
950,2015-10-13,0.41602635616732625,0.41602635616732625,0.41877060384126635,0.41575192616571516,0.012278388539457976,-0.004116371510910155,0.000823263833747867,-0.001920957669106882,0.001920957669106771,-0.003020152165778736,15.15999984741211
951,2015-10-14,0.42069156151037324,0.42316137918270214,0.42398464301645006,0.4198682976766253,0.025048197708604315,0.004665205343046985,0.007135023015375885,0.0052140391751837045,0.004116371510910155,0.01276980916914634,15.420000076293944
952,2015-10-15,0.4212404215135954,0.4223381153489543,0.42398464301645006,0.4201427276782364,0.017410687240525274,0.0005488600032221846,-0.0008232638337478115,0.0,0.0002744300016110923,-0.007637510468079041,15.390000343322754
953,2015-10-16,0.42178925534573214,0.41931943767340313,0.42316137918270214,0.41904503384287745,0.014995990948452506,0.0005488338321367192,-0.0030186776755511957,-0.0008232638337479226,-0.0010976938353589594,-0.002414696292072768,15.279999732971191
954,2015-10-19,0.4176729100059074,0.41465423233035625,0.41822174383804417,0.41218444082911265,0.0144019385991483,-0.004116345339824745,-0.004665205343046874,-0.004939635344657967,-0.006860593013764793,-0.0005940523493042065,15.109999656677246
955,2015-10-20,0.4152030923335784,0.4168496200010741,0.4179473138364331,0.41218444082911265,0.01884076047253354,-0.002469817672329011,0.0021953876707178632,-0.0002744300016110923,0.0,0.004438821873385242,15.1899995803833
956,2015-10-21,0.41218444082911265,0.4113611508242794,0.41245884465963834,0.40916576315356146,0.018049997327298967,-0.0030186515044657303,-0.005488469176794741,-0.005488469176794741,-0.0030186776755511957,-0.0007907631452345742,14.989999771118164
957,2015-10-22,0.4132821346644716,0.41465423233035625,0.4168496200010741,0.4127332746612494,0.012087023145590934,0.0010976938353589594,0.003293081506076878,0.004390775341435782,0.0035675115076879704,-0.005962974181708033,15.109999656677246
958,2015-10-23,0.41492866233196735,0.41492866233196735,0.41602635616732625,0.4113611508242794,0.014481406909823066,0.001646527667495734,0.0002744300016110923,-0.000823263833747867,-0.0013721238369700517,0.0023943837642321324,15.119999885559082
959,2015-10-26,0.4171240500026852,0.41465423233035625,0.4179473138364331,0.41465423233035625,0.01179801507403382,0.0021953876707178632,-0.0002744300016110923,0.0019209576691068264,0.003293081506076878,-0.002683391835789247,15.109999656677246
960,2015-10-27,0.41465423233035625,0.4152030923335784,0.4173984800042963,0.4135565384949973,0.008308536607095131,-0.0024698176723289555,0.0005488600032221291,-0.0005488338321367747,-0.0010976938353589594,-0.003489478466938688,15.130000114440918
961,2015-10-28,0.42178925534573214,0.41877060384126635,0.42810101452736027,0.41163558082589047,0.04093687080163213,0.007135023015375885,0.0035675115076879704,0.010702534523063967,-0.0019209576691068264,0.032628334194537,15.260000228881836
962,2015-10-29,0.4113611508242794,0.4083424993198136,0.4132821346644716,0.4066959454812325,0.025121251536803092,-0.010428104521452763,-0.010428104521452763,-0.014818879862888656,-0.004939635344657967,-0.015815619264829037,14.880000114440918
963,2015-10-30,0.4080680693182025,0.40614711164909567,0.4083424993198136,0.4053238478153478,0.011936995527680273,-0.003293081506076878,-0.0021953876707179187,-0.004939635344658022,-0.0013720976658846973,-0.013184256009122819,14.800000190734863
964,2015-11-02,0.4023051701397966,0.40395172397837775,0.4047749878121256,0.3995609486369419,0.015074033818577054,-0.005762899178405889,-0.0021953876707179187,-0.0035675115076879704,-0.005762899178405889,0.0031370382908967806,14.720000267028809
965,2015-11-03,0.40093304630282656,0.40010978246907875,0.40175633630765983,0.39846325480158296,0.014226965771608788,-0.0013721238369700517,-0.0038419415092990072,-0.003018651504465786,-0.0010976938353589594,-0.0008470680469682655,14.579999923706056
966,2015-11-04,0.3995609486369419,0.3946213132922839,0.40010978246907875,0.3946213132922839,0.018224613794700924,-0.0013720976658846418,-0.005488469176794852,-0.0016465538385810885,-0.0038419415092990628,0.003997648023092135,14.380000114440918
967,2015-11-05,0.39270035562317707,0.392425925621566,0.3946213132922839,0.3910538017845959,0.01525292660762967,-0.0068605930137648485,-0.0021953876707179187,-0.005488469176794852,-0.0035675115076879704,-0.0029716871870712532,14.300000190734863
968,2015-11-06,0.38721186027529686,0.38638859644154905,0.38776072027851904,0.38529090260619003,0.015302817026887372,-0.005488495347880207,-0.006037329180016926,-0.0068605930137648485,-0.005762899178405889,4.9890419257701824e-05,14.079999923706056
969,2015-11-09,0.3833699449370832,0.3811745572663653,0.3836443487676089,0.3781558795908141,0.023562532295137467,-0.003841915338213653,-0.00521403917518376,-0.004116371510910155,-0.007135023015375941,0.008259715268250095,13.890000343322754
970,2015-11-10,0.3756860619184851,0.3776070457586773,0.3787047395940363,0.37458836808312607,0.02135345580243394,-0.0076838830185981255,-0.0035675115076879704,-0.004939609173572612,-0.003567511507688026,-0.002209076492703528,13.760000228881836
971,2015-11-11,0.37623492192170727,0.37431396425260044,0.37678375575384404,0.37349067424776716,0.014919729879015733,0.0005488600032221846,-0.003293081506076878,-0.0019209838401922363,-0.0010976938353589039,-0.006433725923418206,13.640000343322754
972,2015-11-12,0.3729418404156304,0.37431396425260044,0.3795280034277842,0.37156971657866034,0.022619959731304456,-0.003293081506076878,0.0,0.002744247673940159,-0.0019209576691068264,0.007700229852288723,13.640000343322754
973,2015-11-13,0.37239298041240826,0.3729418404156304,0.37321627041724154,0.37129528657704924,0.013545605188603602,-0.0005488600032221291,-0.0013721238369700517,-0.006311733010542664,-0.0002744300016110923,-0.009074354542700854,13.59000015258789
974,2015-11-16,0.37376510424937825,0.37321627041724154,0.37403953425098935,0.37184414658027143,0.011654045578461593,0.0013721238369699962,0.00027443000161114783,0.0008232638337478115,0.0005488600032221846,-0.001891559610142009,13.600000381469728
975,2015-11-17,0.37403953425098935,0.37184414658027143,0.37403953425098935,0.3696487589095535,0.02166776544375746,0.0002744300016110923,-0.0013721238369701072,0.0,-0.0021953876707179187,0.010013719865295867,13.550000190734863
976,2015-11-18,0.3701975927416903,0.37102088274652356,0.37239298041240826,0.3674533712388356,0.015804215740427275,-0.0038419415092990628,-0.000823263833747867,-0.0016465538385810885,-0.0021953876707179187,-0.005863549703330185,13.520000457763672
977,2015-11-19,0.37349067424776716,0.37376510424937825,0.3773326157570662,0.3729418404156304,0.015886891292340038,0.003293081506076878,0.0027442215028546935,0.004939635344657967,0.005488469176794797,8.267555191276282e-05,13.619999885559082
978,2015-11-20,0.3729418404156304,0.3704720227433014,0.37321627041724154,0.36855106507419455,0.016929957414963562,-0.0005488338321367747,-0.003293081506076878,-0.00411634533982469,-0.0043907753414358375,0.0010430661226235247,13.5
979,2015-11-23,0.36800220507097237,0.3690998989063313,0.37184414658027143,0.3677277750693613,0.015583628815280724,-0.004939635344658022,-0.0013721238369700517,-0.0013721238369701072,-0.000823290004833277,-0.001346328599682839,13.449999809265137
980,2015-11-24,0.3721185765818825,0.37074645274491247,0.37458836808312607,0.3704720227433014,0.016184452007198476,0.004116371510910155,0.001646553838581144,0.002744221502854638,0.0027442476739401034,0.0006008231919177529,13.510000228881836
981,2015-11-25,0.36882546890472023,0.37102088274652356,0.3721185765818825,0.3677277750693613,0.017078203232186447,-0.003293107677162288,0.0002744300016110923,-0.0024697915012435456,-0.0027442476739401034,0.0008937512249879709,13.520000457763672
982,2015-11-27,0.3669045112356134,0.3693743289079424,0.37074645274491247,0.3666300812340023,0.012743794879104823,-0.0019209576691068264,-0.001646553838581144,-0.0013721238369700517,-0.0010976938353589594,-0.004334408353081624,13.460000038146973
983,2015-11-30,0.3690998989063313,0.36882546890472023,0.3704720227433014,0.3677277750693613,0.016427845981148548,0.0021953876707179187,-0.0005488600032221846,-0.0002744300016110923,0.0010976938353589594,0.003684051102043725,13.4399995803833
984,2015-12-01,0.37102088274652356,0.37074645274491247,0.37129528657704924,0.36855106507419455,0.01443401101152825,0.0019209838401922363,0.0019209838401922363,0.000823263833747867,0.000823290004833277,-0.001993834969620297,13.510000228881836
985,2015-12-02,0.36882546890472023,0.3669045112356134,0.3690998989063313,0.36443469356328445,0.023015163123852964,-0.0021954138418033287,-0.0038419415092990628,-0.0021953876707179187,-0.0041163715109100996,0.008581152112324714,13.369999885559082
986,2015-12-03,0.36855106507419455,0.3693743289079424,0.37074645274491247,0.3658068174002545,0.029385100582648826,-0.0002744038305256824,0.002469817672329011,0.001646553838581144,0.0013721238369700517,0.0063699374587958615,13.460000038146973
987,2015-12-04,0.3748627980847372,0.3806256972631431,0.38254665493224993,0.37403953425098935,0.052598043582844825,0.006311733010542664,0.011251368355200686,0.01180020218733746,0.008232716850734845,0.023212943000196,13.869999885559082
988,2015-12-07,0.3784303095924252,0.37376510424937825,0.37897916959564737,0.37266741041401935,0.020765817935605724,0.0035675115076879704,-0.0068605930137648485,-0.0035674853366025605,-0.0013721238369699962,-0.0318322256472391,13.619999885559082
989,2015-12-08,0.37349067424776716,0.37074645274491247,0.37403953425098935,0.3693743289079424,0.01742529800616503,-0.004939635344658022,-0.003018651504465786,-0.004939635344658022,-0.0032930815060769336,-0.0033405199294406947,13.510000228881836
990,2015-12-09,0.37431396425260044,0.3701975927416903,0.3748627980847372,0.3699231627400792,0.011883185146909466,0.000823290004833277,-0.0005488600032221846,0.000823263833747867,0.0005488338321367747,-0.005542112859255563,13.489999771118164
991,2015-12-10,0.3693743289079424,0.3690998989063313,0.37102088274652356,0.36882546890472023,0.01398178999697094,-0.004939635344658022,-0.0010976938353589594,-0.003841915338213653,-0.0010976938353589594,0.002098604850061473,13.449999809265137
992,2015-12-11,0.3611416120572076,0.36498355356650664,0.3658068174002545,0.3611416120572076,0.023010886802202306,-0.008232716850734845,-0.00411634533982469,-0.005214065346269059,-0.00768385684751266,0.009029096805231366,13.300000190734863
993,2015-12-14,0.3616904720604297,0.3583973905543529,0.36196487589095544,0.3581229605527418,0.01989772464052171,0.0005488600032221291,-0.006586163012153756,-0.0038419415092990628,-0.003018651504465786,-0.003113162161680595,13.0600004196167
994,2015-12-15,0.3597694882202375,0.3597694882202375,0.36196487589095544,0.3583973905543529,0.01400602248632468,-0.0019209838401921808,0.0013720976658846418,0.0,0.0002744300016110923,-0.0058917021541970305,13.109999656677246
995,2015-12-16,0.3690998989063313,0.3701975927416903,0.37431396425260044,0.3658068174002545,0.03982787805356093,0.009330410686093804,0.010428104521452763,0.012349088361645,0.007409426845901623,0.02582185556723625,13.489999771118164
996,2015-12-17,0.36196487589095544,0.3589462243864897,0.36223930589256653,0.3578485305511307,0.02954189904317303,-0.007135023015375885,-0.011251368355200575,-0.012074658360033907,-0.007958286849123808,-0.0102859790103879,13.079999923706056
997,2015-12-18,0.3636114297295366,0.36855106507419455,0.37184414658027143,0.3633369997279255,0.029513746592306184,0.001646553838581144,0.009604840687704841,0.009604840687704896,0.005488469176794797,-2.8152450866847367e-05,13.43000030517578
998,2015-12-21,0.3729418404156304,0.3729418404156304,0.37513722808634825,0.37156971657866034,0.02312848564759546,0.009330410686093804,0.0043907753414358375,0.0032930815060768226,0.008232716850734845,-0.006385260944710723,13.59000015258789
999,2015-12-22,0.37458836808312607,0.3729418404156304,0.37513722808634825,0.37266741041401935,0.0181162803128842,0.0016465276674956786,0.0,0.0,0.0010976938353590149,-0.005012205334711261,13.59000015258789
1000,2015-12-23,0.3729418404156304,0.37376510424937825,0.37541165808795934,0.37156971657866034,0.011467669226520321,-0.0016465276674956786,0.000823263833747867,0.0002744300016110923,-0.0010976938353590149,-0.006648611086363878,13.619999885559082
1001,2015-12-24,0.37513722808634825,0.3756860619184851,0.37650935192331836,0.3748627980847372,0.01166936906437646,0.0021953876707178632,0.0019209576691068264,0.0010976938353590149,0.003293081506076878,0.00020169983785613826,13.6899995803833
1002,2015-12-28,0.3671789412372245,0.36470912356489554,0.3677277750693613,0.3627881658957887,0.01962118917377902,-0.007958286849123752,-0.010976938353589538,-0.008781576853957085,-0.012074632188948498,0.00795182010940256,13.289999961853027
1003,2015-12-29,0.3666300812340023,0.36416028973275877,0.3674533712388356,0.3638858597311477,0.012708158865349322,-0.0005488600032221846,-0.0005488338321367747,-0.0002744038305256824,0.0010976938353589594,-0.006913030308429697,13.270000457763672
1004,2015-12-30,0.36223930589256653,0.3625137358941776,0.3627881658957887,0.3611416120572076,0.010156263920317873,-0.004390775341435782,-0.001646553838581144,-0.004665205343046874,-0.0027442476739401034,-0.0025518949450314497,13.210000038146973
1005,2015-12-31,0.36223930589256653,0.36196487589095544,0.3636114297295366,0.3611416120572076,0.012433761559431962,0.0,-0.0005488600032221846,0.000823263833747867,0.0,0.0022774976391140896,13.1899995803833
1006,2016-01-04,0.3696487589095535,0.36196487589095544,0.37102088274652356,0.36196487589095544,0.01645350391105251,0.007409453016986978,0.0,0.007409453016986978,0.000823263833747867,0.004019742351620547,13.1899995803833
1007,2016-01-05,0.36525798356811773,0.36525798356811773,0.3669045112356134,0.3636114297295366,0.013266575200898028,-0.004390775341435782,0.003293107677162288,-0.004116371510910155,0.001646553838581144,-0.0031869287101544807,13.3100004196167
1008,2016-01-06,0.3669045112356134,0.3666300812340023,0.3699231627400792,0.3638858597311477,0.012168629617091033,0.0016465276674956786,0.0013720976658845863,0.003018651504465786,0.0002744300016110923,-0.0010979455838069953,13.359999656677246
1009,2016-01-07,0.3696487589095535,0.37376510424937825,0.37623492192170727,0.3677277750693613,0.03445824350088199,0.0027442476739401034,0.007135023015375941,0.006311759181628074,0.0038419153382135973,0.022289613883790957,13.619999885559082
1010,2016-01-08,0.36800220507097237,0.36498355356650664,0.36855106507419455,0.3630625697263144,0.02101705183258201,-0.001646553838581144,-0.00878155068287162,-0.007683856847512716,-0.004665205343046874,-0.01344119166829998,13.300000190734863
1011,2016-01-11,0.3674533712388356,0.3627881658957887,0.3674533712388356,0.3616904720604297,0.013538477985852502,-0.0005488338321367747,-0.0021953876707179187,-0.0010976938353589594,-0.0013720976658846973,-0.0074785738467295065,13.220000267028809
1012,2016-01-12,0.3614160420588186,0.3614160420588186,0.36223930589256653,0.3594950843897119,0.01635122855157422,-0.0060373291800169815,-0.0013721238369701072,-0.005214065346269059,-0.0021953876707178077,0.002812750565721717,13.170000076293944
1013,2016-01-13,0.36525798356811773,0.3701975927416903,0.37129528657704924,0.36470912356489554,0.027728025943018014,0.0038419415092991183,0.008781550682871675,0.009055980684482712,0.005214039175183649,0.011376797391443795,13.489999771118164
1014,2016-01-14,0.36223930589256653,0.36196487589095544,0.3627881658957887,0.3594950843897119,0.02184737095308519,-0.0030186776755511957,-0.008232716850734845,-0.008507120681260527,-0.005214039175183649,-0.005880654989932826,13.1899995803833
1015,2016-01-15,0.36827663507258346,0.3633369997279255,0.36882546890472023,0.3627881658957887,0.02252267341375194,0.006037329180016926,0.0013721238369700517,0.006037303008931516,0.0032930815060768226,0.0006753024606667504,13.239999771118164
1016,2016-01-19,0.3690998989063313,0.3666300812340023,0.3696487589095535,0.3663556774034767,0.016710795930367228,0.000823263833747867,0.0032930815060768226,0.000823290004833277,0.0035675115076879704,-0.005811877483384711,13.359999656677246
1017,2016-01-20,0.36827663507258346,0.3699231627400792,0.37156971657866034,0.3671789412372245,0.02054238012935873,-0.000823263833747867,0.003293081506076878,0.0019209576691068264,0.0008232638337478115,0.003831584198991503,13.479999542236328
1018,2016-01-21,0.36525798356811773,0.3693743289079424,0.3693743289079424,0.3630625697263144,0.015210876111398179,-0.0030186515044657303,-0.0005488338321367747,-0.0021953876707179187,-0.0041163715109100996,-0.005331504017960552,13.460000038146973
1019,2016-01-22,0.37102088274652356,0.3671789412372245,0.3748627980847372,0.3666300812340023,0.019826808973148265,0.005762899178405834,-0.0021953876707179187,0.005488469176794797,0.003567511507687915,0.004615932861750086,13.380000114440918
1020,2016-01-25,0.3721185765818825,0.37266741041401935,0.3729418404156304,0.37074645274491247,0.012382802059761595,0.0010976938353589594,0.005488469176794852,-0.0019209576691068264,0.004116371510910155,-0.00744400691338667,13.579999923706056
1021,2016-01-26,0.37513722808634825,0.3792535734261731,0.3806256972631431,0.3748627980847372,0.027804643372592343,0.0030186515044657303,0.006586163012153756,0.007683856847512716,0.004116345339824745,0.015421841312830748,13.81999969482422
1022,2016-01-27,0.3784303095924252,0.37897916959564737,0.3809001272647542,0.37513722808634825,0.015365536411097055,0.0032930815060769336,-0.0002744038305257379,0.0002744300016110923,0.0002744300016110368,-0.012439106961495288,13.8100004196167
1023,2016-01-28,0.37184414658027143,0.37239298041240826,0.37349067424776716,0.37129528657704924,0.014801061953209915,-0.006586163012153756,-0.006586189183239111,-0.007409453016987033,-0.0038419415092990072,-0.0005644744578871402,13.56999969482422
1024,2016-01-29,0.37129528657704924,0.3729418404156304,0.37376510424937825,0.3704720227433014,0.012972934447552696,-0.0005488600032221846,0.0005488600032221291,0.0002744300016110923,-0.000823263833747867,-0.001828127505657218,13.59000015258789
1025,2016-02-01,0.37431396425260044,0.37513722808634825,0.37678375575384404,0.37239298041240826,0.012131211802647757,0.0030186776755511957,0.0021953876707178632,0.003018651504465786,0.001920957669106882,-0.0008417226449049398,13.670000076293944
1026,2016-02-02,0.3748627980847372,0.37376510424937825,0.37650935192331836,0.3721185765818825,0.010538638347914402,0.0005488338321367747,-0.0013721238369699962,-0.0002744038305256824,-0.0002744038305257379,-0.001592573454733355,13.619999885559082
1027,2016-02-03,0.37705818575545513,0.382821084933861,0.38693745644477123,0.37678375575384404,0.03582916095005613,0.0021953876707179187,0.009055980684482767,0.010428104521452874,0.00466517917196152,0.025290522602141728,13.949999809265137
1028,2016-02-04,0.3885839841122669,0.38885841411387795,0.38968167794762587,0.3858397626094122,0.025020401617875023,0.011525798356811778,0.006037329180016926,0.002744221502854638,0.009056006855568177,-0.010808759332181107,14.170000076293944
1029,2016-02-05,0.3836443487676089,0.39352361945692493,0.39352361945692493,0.3833699449370832,0.019407373091246013,-0.004939635344658022,0.004665205343046985,0.0038419415092990628,-0.002469817672329011,-0.00561302852662901,14.34000015258789
1030,2016-02-08,0.39818882479997186,0.4003842124706898,0.40395172397837775,0.3973655347951386,0.048347023501951074,0.014544476032362974,0.0068605930137648485,0.010428104521452819,0.01399558985805538,0.02893965041070506,14.59000015258789
1031,2016-02-09,0.40175633630765983,0.39818882479997186,0.40367729397676666,0.3968167009630018,0.02424603103896798,0.0035675115076879704,-0.0021953876707179187,-0.0002744300016110923,-0.0005488338321367747,-0.024100992462983094,14.510000228881836
1032,2016-02-10,0.39818882479997186,0.3992865186353308,0.40010978246907875,0.3943468832906728,0.01816367621117902,-0.0035675115076879704,0.0010976938353589594,-0.003567511507687915,-0.002469817672329011,-0.0060823548277889605,14.550000190734863
1033,2016-02-11,0.4102634569889204,0.4102634569889204,0.4171240500026852,0.4058726816474846,0.07661742957432782,0.012074632188948553,0.010976938353589594,0.017014267533606464,0.011525798356811778,0.0584537533631488,14.949999809265137
1034,2016-02-12,0.4102634569889204,0.4113611508242794,0.4132821346644716,0.4086169293214247,0.025411685048910428,0.0,0.0010976938353589594,-0.0038419153382135973,0.0027442476739401034,-0.051205744525417395,14.989999771118164
1035,2016-02-16,0.40285403014301874,0.39818882479997186,0.40285403014301874,0.39791439479836077,0.030783457762414698,-0.007409426845901679,-0.013172326024307512,-0.010428104521452874,-0.010702534523063911,0.00537177271350427,14.510000228881836
1036,2016-02-17,0.3992865186353308,0.39901208863371973,0.40203074013818546,0.39846325480158296,0.0178176505176131,-0.003567511507687915,0.000823263833747867,-0.000823290004833277,0.0005488600032221846,-0.012965807244801598,14.539999961853027
1037,2016-02-18,0.39873765863210864,0.4050494178137367,0.4066959454812325,0.39818882479997186,0.02678723517987278,-0.0005488600032221846,0.0060373291800169815,0.004665205343047041,-0.0002744300016110923,0.00896958466225968,14.760000228881836
1038,2016-02-19,0.40120747630443765,0.40175633630765983,0.40340286397515557,0.40065864247230093,0.019040678509701904,0.002469817672329011,-0.003293081506076878,-0.0032930815060769336,0.0024698176723290666,-0.007746556670170875,14.640000343322754
1039,2016-02-22,0.39352361945692493,0.3959934371292539,0.39846325480158296,0.39352361945692493,0.01930616681218039,-0.007683856847512716,-0.005762899178405945,-0.004939609173572612,-0.007135023015375996,0.00026548830247848446,14.43000030517578
1040,2016-02-23,0.39818882479997186,0.39901208863371973,0.40010978246907875,0.3976399647967497,0.015701584020811434,0.00466520534304693,0.0030186515044658413,0.0016465276674957896,0.004116345339824745,-0.003604582791368955,14.539999961853027
1041,2016-02-24,0.40395172397837775,0.39846325480158296,0.40724480548445463,0.3965422709613907,0.03192345384245318,0.005762899178405889,-0.0005488338321367747,0.007135023015375885,-0.0010976938353589594,0.016221869821641748,14.520000457763672
1042,2016-02-25,0.3946213132922839,0.39544457712603176,0.3973655347951386,0.3929747594537028,0.018461949646312564,-0.00933041068609386,-0.0030186776755511957,-0.009879270689316044,-0.003567511507687915,-0.013461504196140617,14.40999984741211
1043,2016-02-26,0.39270035562317707,0.38474206877405326,0.3932491894553139,0.3833699449370832,0.0366730217557864,-0.0019209576691068264,-0.010702508351978501,-0.00411634533982469,-0.009604814516619598,0.018211072109473835,14.020000457763672
1044,2016-02-29,0.38529090260619003,0.38968167794762587,0.38995610794923696,0.38501647260457894,0.017599201753291875,-0.007409453016987033,0.004939609173572612,-0.0032930815060769336,0.001646527667495734,-0.019073820002494524,14.199999809265137
1045,2016-03-01,0.38995610794923696,0.38885841411387795,0.39023053795084806,0.38446763877244217,0.07369955276802737,0.00466520534304693,-0.0008232638337479226,0.0002744300016110923,-0.0005488338321367747,0.05610035101473549,14.170000076293944
1046,2016-03-02,0.38885841411387795,0.3910538017845959,0.39270035562317707,0.38830955411065576,0.03254922224399979,-0.0010976938353590149,0.0021953876707179742,0.002469817672329011,0.0038419153382135973,-0.04115033052402758,14.25
1047,2016-03-03,0.391328231786207,0.39791439479836077,0.4003842124706898,0.391328231786207,0.037232863531885325,0.0024698176723290666,0.0068605930137648485,0.007683856847512716,0.003018677675551251,0.004683641287885537,14.5
1048,2016-03-04,0.40257960014140765,0.4050494178137367,0.4127332746612494,0.40203074013818546,0.06683570015858026,0.01125136835520063,0.007135023015375941,0.012349062190559645,0.010702508351978446,0.029602836626694932,14.760000228881836
1049,2016-03-07,0.4077936393165914,0.4088913331519503,0.4108123169921426,0.4055982516458735,0.029693708461771467,0.00521403917518376,0.0038419153382135973,-0.0019209576691068264,0.003567511507688026,-0.03714199169680879,14.899999618530272
1050,2016-03-08,0.40724480548445463,0.40120747630443765,0.4077936393165914,0.40065864247230093,0.029039787609358016,-0.0005488338321367747,-0.00768385684751266,-0.0030186776755511957,-0.004939609173572557,-0.0006539208524134511,14.619999885559082
1051,2016-03-09,0.39791439479836077,0.39873765863210864,0.40340286397515557,0.3970911309646129,0.02002993425155462,-0.00933041068609386,-0.002469817672329011,-0.0043907753414358375,-0.003567511507688026,-0.009009853357803396,14.529999732971191
1052,2016-03-10,0.40395172397837775,0.4066959454812325,0.4088913331519503,0.40340286397515557,0.04185307271528607,0.0060373291800169815,0.007958286849123863,0.005488469176794741,0.006311733010542664,0.02182313846373145,14.81999969482422
1053,2016-03-11,0.4080680693182025,0.40395172397837775,0.4094401931551725,0.40395172397837775,0.02557739251287351,0.004116345339824745,-0.002744221502854749,0.0005488600032221846,0.0005488600032221846,-0.016275680202412563,14.720000267028809
1054,2016-03-14,0.41245884465963834,0.40010978246907875,0.4127332746612494,0.39901208863371973,0.040286869910731785,0.0043907753414358375,-0.0038419415092990072,0.0032930815060769336,-0.004939635344658022,0.014709477397858276,14.579999923706056
1055,2016-03-15,0.39846325480158296,0.39901208863371973,0.40010978246907875,0.3968167009630018,0.01672219945476899,-0.01399558985805538,-0.0010976938353590149,-0.012623492192170682,-0.0021953876707179187,-0.023564670455962795,14.539999961853027
1056,2016-03-16,0.39818882479997186,0.4080680693182025,0.40916576315356146,0.3970911309646129,0.03670651960871657,-0.0002744300016110923,0.009055980684482767,0.009055980684482712,0.0002744300016110923,0.01998432015394758,14.869999885559082
1057,2016-03-17,0.41465423233035625,0.41602635616732625,0.41931943767340313,0.41163558082589047,0.07372485433779377,0.01646540753038439,0.007958286849123752,0.010153674519841671,0.014544449861277564,0.0370183347290772,15.15999984741211
1058,2016-03-18,0.4141053984982195,0.41245884465963834,0.41575192616571516,0.4110867208226683,0.031838283769577536,-0.0005488338321367747,-0.003567511507687915,-0.0035675115076879704,-0.0005488600032221846,-0.041886570568216236,15.029999732971191
1059,2016-03-21,0.4130077046628605,0.4132821346644716,0.41492866233196735,0.4113611508242794,0.018843611353633983,-0.0010976938353589594,0.000823290004833277,-0.0008232638337478115,0.0002744300016110923,-0.012994672415943553,15.0600004196167
1060,2016-03-22,0.4138309684966084,0.41492866233196735,0.4171240500026852,0.41191001082750156,0.01790424603103897,0.000823263833747867,0.001646527667495734,0.0021953876707178632,0.0005488600032221846,-0.0009393653225950142,15.119999885559082
1061,2016-03-23,0.40203074013818546,0.39818882479997186,0.4023051701397966,0.39791439479836077,0.051311583486271226,-0.011800228358422926,-0.016739837531995483,-0.014818879862888601,-0.01399561602914079,0.03340733745523226,14.510000228881836
1062,2016-03-24,0.39983535246746765,0.3959934371292539,0.40065864247230093,0.3959934371292539,0.019332181102221905,-0.0021953876707178077,-0.0021953876707179742,-0.0016465276674956786,-0.001920957669106882,-0.031979402384049324,14.43000030517578
1063,2016-03-28,0.40010978246907875,0.3968167009630018,0.40148190630604874,0.3959934371292539,0.012252730609554015,0.0002744300016110923,0.0008232638337479226,0.0008232638337478115,0.0,-0.00707945049266789,14.460000038146973
1064,2016-03-29,0.39873765863210864,0.40065864247230093,0.40120747630443765,0.3946213132922839,0.02745469771751332,-0.0013721238369701072,0.0038419415092991183,-0.0002744300016110923,-0.0013721238369699962,0.015201967107959305,14.600000381469728
1065,2016-03-30,0.40065864247230093,0.3976399647967497,0.4031284339735445,0.3965422709613907,0.028063360832457283,0.0019209838401922918,-0.003018677675551251,0.0019209576691068264,0.0019209576691068264,0.0006086631149439629,14.489999771118164
1066,2016-03-31,0.40340286397515557,0.40285403014301874,0.4045005578105145,0.40093304630282656,0.020911925592003278,0.002744221502854638,0.005214065346269059,0.0013721238369700517,0.0043907753414358375,-0.007151435240454005,14.68000030517578
1067,2016-04-01,0.39077937178298483,0.39352361945692493,0.3946213132922839,0.3866630264431601,0.04970190474493523,-0.012623492192170738,-0.009330410686093804,-0.009879244518230634,-0.014270019859666472,0.028789979152931952,14.34000015258789
1068,2016-04-04,0.3932491894553139,0.38968167794762587,0.3940724532890617,0.38968167794762587,0.019532099139390267,0.0024698176723290666,-0.0038419415092990628,-0.0005488600032221846,0.003018651504465786,-0.030169805605544962,14.199999809265137
1069,2016-04-05,0.39544457712603176,0.3957190071276428,0.3962678409597796,0.3937980494585361,0.027073392370329456,0.0021953876707178632,0.006037329180016926,0.0021953876707179187,0.004116371510910211,0.007541293230939189,14.420000076293944
1070,2016-04-06,0.39270035562317707,0.39352361945692493,0.3968167009630018,0.3916026617878181,0.016706875968854125,-0.0027442215028546935,-0.0021953876707178632,0.0005488600032221846,-0.0021953876707179742,-0.010366516401475331,14.34000015258789
1071,2016-04-07,0.3995609486369419,0.3973655347951386,0.40120747630443765,0.3957190071276428,0.030767777916362277,0.0068605930137648485,0.003841915338213653,0.0043907753414358375,0.00411634533982469,0.014060901947508152,14.479999542236328
1072,2016-04-08,0.39818882479997186,0.40120747630443765,0.40203074013818546,0.3976399647967497,0.02831780197067156,-0.0013721238369700517,0.0038419415092990628,0.0008232638337478115,0.001920957669106882,-0.0024499759456907168,14.619999885559082
1073,2016-04-11,0.4097146231567836,0.4154775223351895,0.4171240500026852,0.4097146231567836,0.0470017639826809,0.011525798356811723,0.014270046030751826,0.015093309864499749,0.012074658360033907,0.018683962012009336,15.140000343322754
1074,2016-04-12,0.41931943767340313,0.4228869491810911,0.4234358091843132,0.4171240500026852,0.04271510788803164,0.009604814516619542,0.007409426845901623,0.006311759181628018,0.007409426845901623,-0.0042866560946492535,15.40999984741211
1075,2016-04-13,0.4248079068501979,0.42371021301483897,0.426180030687168,0.4195938676750142,0.037624503323058285,0.005488469176794797,0.000823263833747867,0.002744221502854749,0.002469817672329011,-0.005090604564973358,15.4399995803833
1076,2016-04-14,0.42261251917947995,0.42096599151198427,0.42425907301806115,0.4198682976766253,0.026343923168754342,-0.0021953876707179742,-0.0027442215028546935,-0.0019209576691068264,0.0002744300016110923,-0.011280580154303943,15.34000015258789
1077,2016-04-15,0.42261251917947995,0.42425907301806115,0.4275521545241381,0.42041713150876214,0.03453842453183187,0.0,0.003293081506076878,0.0032930815060769336,0.0005488338321368302,0.008194501363077526,15.460000038146973
1078,2016-04-18,0.42453350301967224,0.42316137918270214,0.426180030687168,0.4228869491810911,0.019069187320706307,0.0019209838401922918,-0.0010976938353590149,-0.0013721238369701072,0.0024698176723289555,-0.015469237211125562,15.420000076293944
1079,2016-04-19,0.44346872822238564,0.4423710605581121,0.44456644822883,0.4401756728873942,0.06713219179302603,0.0189352252027134,0.01920968137540996,0.018386417541662037,0.017288723706303077,0.04806300447231972,16.1200008392334
1080,2016-04-20,0.44566411589310356,0.44291986821916346,0.44895722357026585,0.44264543821755237,0.05780731607362401,0.0021953876707179187,0.0005488076610513648,0.0043907753414358375,0.0024697653301581912,-0.00932487571940202,16.139999389648438
1081,2016-04-21,0.4508781812393727,0.4448408258882703,0.45115261124098377,0.43688256521023183,0.06692906651461968,0.0052140653462691144,0.0019209576691068264,0.0021953876707179187,-0.005762873007320535,0.009121750440995668,16.209999084472656
1082,2016-04-22,0.44895722357026585,0.44291986821916346,0.4530735689100906,0.439626812884172,0.05177128806371719,-0.0019209576691068264,-0.0019209576691068264,0.0019209576691068264,0.002744247673940159,-0.015157778450902486,16.139999389648438
1083,2016-04-25,0.44456644822883,0.44374315822399674,0.447036265901159,0.4418222005548899,0.03322987010672986,-0.0043907753414358375,0.000823290004833277,-0.006037303008931572,0.0021953876707179187,-0.018541417956987327,16.170000076293945
1084,2016-04-26,0.44538968589149247,0.447036265901159,0.4478595035638215,0.44346872822238564,0.02760329989487376,0.0008232376626624571,0.003293107677162288,0.0008232376626624571,0.001646527667495734,-0.005626570211856103,16.290000915527344
1085,2016-04-27,0.44923165357187694,0.4495060312313172,0.4522502789052573,0.4451152558898814,0.06121839531030059,0.0038419676803844727,0.0024697653301581912,0.0043907753414358375,0.001646527667495734,0.03361509541542683,16.3799991607666
1086,2016-04-28,0.4530735689100906,0.46020859192546654,0.461031829588129,0.45170141890203513,0.046354970333018546,0.003841915338213653,0.010702560694149321,0.008781550682871675,0.006586163012153756,-0.014863424977282047,16.770000457763672
1087,2016-04-29,0.4654226049295648,0.46597146493278696,0.46899014260833816,0.46295283959940664,0.054102596083602086,0.01234903601947418,0.005762873007320424,0.007958313020209162,0.011251420697371506,0.007747625750583541,16.979999542236328
1088,2016-05-02,0.4648737972685134,0.45664105424669316,0.4651482272701245,0.45636662424508206,0.04587780410883239,-0.0005488076610513648,-0.009330410686093804,-0.003841915338213653,-0.006586215354324576,-0.008224791974769698,16.639999389648438
1089,2016-05-03,0.45965973192224435,0.45472009657758633,0.45965973192224435,0.4522502789052573,0.03471161555868361,-0.005214065346269059,-0.0019209576691068264,-0.005488495347880151,-0.004116345339824745,-0.011166188550148781,16.56999969482422
1090,2016-05-04,0.4536224289133128,0.4525247089068684,0.4558178165840307,0.4497804612329283,0.02966127968925396,-0.006037303008931572,-0.0021953876707179187,-0.003841915338213653,-0.002469817672329011,-0.005050335869429646,16.489999771118164
1091,2016-05-05,0.45911087191902217,0.4530735689100906,0.45965973192224435,0.4500548912345394,0.027224845428790334,0.005488443005709387,0.0005488600032221846,0.003841915338213653,0.0002744300016110923,-0.0024364342604636276,16.510000228881836
1092,2016-05-06,0.4536224289133128,0.45636662424508206,0.45938530192063326,0.4525247089068684,0.03274308215882971,-0.005488443005709387,0.003293055334991468,-0.0002744300016110923,0.002469817672329011,0.005518236730039379,16.6299991607666
1093,2016-05-09,0.44593854589471466,0.4423710605581121,0.44676183589954793,0.4418222005548899,0.03764374677048625,-0.0076838830185981255,-0.01399556368696997,-0.012623466021085328,-0.010702508351978501,0.004900664611656537,16.1200008392334
1094,2016-05-10,0.44593854589471466,0.44676183589954793,0.4478595035638215,0.44374315822399674,0.02237335851611639,0.0,0.0043907753414358375,0.0010976676642735494,0.0019209576691068264,-0.015270388254369861,16.280000686645508
1095,2016-05-11,0.4552689565808085,0.45444566657597524,0.45718991424991534,0.4508781812393727,0.03287885537123817,0.00933041068609386,0.007683830676427306,0.00933041068609386,0.007135023015375941,0.010505496855121782,16.559999465942383
1096,2016-05-12,0.4538968589149239,0.4451152558898814,0.45472009657758633,0.44374315822399674,0.03501844163711847,-0.0013720976658846418,-0.00933041068609386,-0.002469817672329011,-0.007135023015375941,0.0021395862658803028,16.219999313354492
1097,2016-05-13,0.44346872822238564,0.44676183589954793,0.447036265901159,0.4412733405516677,0.021939311868574382,-0.010428130692538229,0.001646580009666554,-0.007683830676427306,-0.002469817672329011,-0.013079129768544091,16.280000686645508
1098,2016-05-16,0.4522502789052573,0.4478595035638215,0.45417123657436415,0.44648740589793684,0.02347950038308715,0.008781550682871675,0.0010976676642735494,0.007134970673205121,0.0052140653462691144,0.001540188514512767,16.31999969482422
1099,2016-05-17,0.4475850735622104,0.4503293212361505,0.4527991389084795,0.447036265901159,0.02135416852270905,-0.00466520534304693,0.002469817672329011,-0.0013720976658846418,0.0005488600032221846,-0.0021253318603780998,16.40999984741211
1100,2016-05-18,0.44346872822238564,0.4390779528809498,0.4478595035638215,0.43633370520700965,0.04822728649573259,-0.004116345339824745,-0.011251368355200686,-0.004939635344658022,-0.010702560694149377,0.02687311797302354,16.0
1101,2016-05-19,0.427277724522527,0.430021972196467,0.4313940960334371,0.426180030687168,0.06253086969691571,-0.016191003699858653,-0.009055980684482823,-0.01646540753038439,-0.010153674519841671,0.01430358320118312,15.670000076293944
1102,2016-05-20,0.43413831753629184,0.4305708060286038,0.43413831753629184,0.4283754183578859,0.02125973308625697,0.0068605930137648485,0.0005488338321368302,0.002744221502854749,0.0021953876707179187,-0.04127113661065874,15.6899995803833
1103,2016-05-23,0.4259056268566423,0.4278265845257491,0.4294731121932448,0.4256311968550312,0.021529497710386116,-0.008232690679649546,-0.0027442215028546935,-0.004665205343047041,-0.0027442215028546935,0.0002697646241291464,15.59000015258789
1104,2016-05-24,0.4256311968550312,0.42316137918270214,0.4291987083627192,0.42261251917947995,0.028293213121180265,-0.0002744300016110923,-0.004665205343046985,-0.0002744038305256269,-0.003018677675551251,0.006763715410794149,15.420000076293944
1105,2016-05-25,0.4248079068501979,0.4253567668534201,0.42700332069200125,0.42371021301483897,0.028398695721896548,-0.000823290004833277,0.0021953876707179742,-0.0021953876707179187,0.0010976938353590149,0.00010548260071628277,15.5
1106,2016-05-26,0.431119666031826,0.426180030687168,0.4316684998639628,0.425082336851809,0.019548848065855353,0.006311759181628074,0.000823263833747867,0.00466517917196152,0.0013721238369700517,-0.008849847656041195,15.529999732971191
1107,2016-05-27,0.4253567668534201,0.4223381153489543,0.4256311968550312,0.42096599151198427,0.021089392940505675,-0.005762899178405889,-0.003841915338213653,-0.006037303008931572,-0.004116345339824745,0.0015405448746503222,15.390000343322754
1108,2016-05-31,0.41877060384126635,0.4168496200010741,0.4201427276782364,0.41630078616893734,0.026485398143363682,-0.006586163012153756,-0.005488495347880207,-0.005488469176794797,-0.00466520534304693,0.005396005202858007,15.1899995803833
1109,2016-06-01,0.4168496200010741,0.41630078616893734,0.41849617383965526,0.4127332746612494,0.025467277230369012,-0.0019209838401922363,-0.0005488338321367747,-0.001646553838581144,-0.003567511507687915,-0.0010181209129946703,15.170000076293944
1110,2016-06-02,0.4173984800042963,0.4176729100059074,0.41849617383965526,0.41630078616893734,0.015051226769773534,0.0005488600032221846,0.0013721238369700517,0.0,0.003567511507687915,-0.010416050460595478,15.220000267028809
1111,2016-06-03,0.4278265845257491,0.4283754183578859,0.4291987083627192,0.4256311968550312,0.0322837339415213,0.010428104521452819,0.010702508351978501,0.010702534523063911,0.00933041068609386,0.017232507171747766,15.609999656677246
1112,2016-06-06,0.4289242783611081,0.4302964021980781,0.4302964021980781,0.427277724522527,0.020441886570568217,0.0010976938353589594,0.0019209838401921808,0.0010976938353589039,0.0016465276674957896,-0.011841847370953083,15.68000030517578
1113,2016-06-07,0.427277724522527,0.42810101452736027,0.42974754219485595,0.42645446068877907,0.017450599575931435,-0.0016465538385810885,-0.0021953876707178077,-0.0005488600032221291,-0.0008232638337479226,-0.002991286994636782,15.600000381469728
1114,2016-06-08,0.44346872822238564,0.4448408258882703,0.44621297589632575,0.4418222005548899,0.051718190403221495,0.016191003699858653,0.016739811360910017,0.0164654337014698,0.015367739866110841,0.034267590827290056,16.209999084472656
1115,2016-06-09,0.44566411589310356,0.4519758489036462,0.4522502789052573,0.4451152558898814,0.04482939258414554,0.0021953876707179187,0.007135023015375941,0.006037303008931572,0.003293055334991468,-0.006888797819075955,16.469999313354492
1116,2016-06-10,0.4519758489036462,0.4525247089068684,0.4536224289133128,0.44895722357026585,0.03996614578693227,0.006311733010542664,0.0005488600032221846,0.0013721500080554616,0.0038419676803844727,-0.004863246797213269,16.489999771118164
1117,2016-06-13,0.4536224289133128,0.4549945265791974,0.4555433865824196,0.45170141890203513,0.027794308928603247,0.001646580009666554,0.002469817672329011,0.0019209576691068264,0.0027441953317692835,-0.012171836858329024,16.579999923706055
1118,2016-06-14,0.4555433865824196,0.4538968589149239,0.4555433865824196,0.45142704124259486,0.02712649003082515,0.0019209576691068264,-0.0010976676642735494,0.0,-0.0002743776594402725,-0.0006678188977780955,16.540000915527344
1119,2016-06-15,0.4558178165840307,0.4580132042547486,0.45965973192224435,0.45472009657758633,0.040086951873563426,0.0002744300016110923,0.004116345339824745,0.004116345339824745,0.003293055334991468,0.012960461842738275,16.690000534057617
1120,2016-06-16,0.463501647260458,0.4475850735622104,0.4643249372652912,0.4473106435605993,0.12954225540331057,0.007683830676427306,-0.010428130692538229,0.004665205343046874,-0.007409453016987033,0.08945530352974715,16.309999465942383
1121,2016-06-17,0.4555433865824196,0.4555433865824196,0.4560922465856418,0.4497804612329283,0.052675017372556705,-0.007958260678038398,0.007958313020209218,-0.008232690679649435,0.002469817672329011,-0.07686723803075388,16.600000381469727
1122,2016-06-20,0.4530735689100906,0.45691548424830425,0.4580132042547486,0.4525247089068684,0.02607558398517542,-0.002469817672329011,0.0013720976658846418,0.0019209576691068264,0.0027442476739401034,-0.026599433387381285,16.649999618530273
1123,2016-06-21,0.4519758489036462,0.4495060312313172,0.4527991389084795,0.4478595035638215,0.02367229121750441,-0.0010977200064443693,-0.007409453016987033,-0.0052140653462691144,-0.00466520534304693,-0.0024032927676710114,16.3799991607666
1124,2016-06-22,0.4503293212361505,0.4506037512377616,0.4522502789052573,0.4497804612329283,0.016113892699962582,-0.001646527667495734,0.0010977200064443693,-0.0005488600032221846,0.0019209576691068264,-0.007558398517541826,16.420000076293945
1125,2016-06-23,0.45142704124259486,0.4525247089068684,0.4533479989117017,0.4508781812393727,0.0266286549186608,0.0010977200064443693,0.0019209576691068264,0.0010977200064443693,0.0010977200064443693,0.010514762218698216,16.489999771118164
1126,2016-06-24,0.4678924226018938,0.463501647260458,0.46844128260511597,0.461031829588129,0.05920638597366499,0.016465381359298925,0.010976938353589594,0.015093283693414283,0.010153648348756317,0.032577731055004194,16.889999389648438
1127,2016-06-27,0.46405050726368013,0.46295283959940664,0.4645993672669023,0.46048302192707763,0.031996151310514406,-0.003841915338213653,-0.0005488076610513648,-0.003841915338213653,-0.0005488076610513648,-0.027210234663150583,16.8700008392334
1128,2016-06-28,0.46377607726206904,0.46405050726368013,0.46569703493117587,0.46240397959618446,0.024088519858168664,-0.0002744300016110923,0.001097667664273494,0.0010976676642735494,0.0019209576691068264,-0.007907631452345742,16.90999984741211
1129,2016-06-29,0.475850735622103,0.4766740256269363,0.480790370966761,0.47447863795621836,0.04976569320955758,0.012074658360033963,0.012623518363256148,0.015093336035585159,0.012074658360033907,0.025677173351388916,17.3700008392334
1130,2016-06-30,0.4810648009683721,0.4901207816528549,0.49121844931712844,0.4791437909570945,0.06562835201254388,0.0052140653462691144,0.013446756025918605,0.010428078350367409,0.00466515300087611,0.015862658802986304,17.860000610351562
1131,2016-07-01,0.5016465800096667,0.514270046030752,0.51920968137541,0.5016465800096667,0.10687062345206065,0.020581779041294546,0.024149264377897106,0.02799123205828158,0.022502789052572192,0.04124227143951677,18.739999771118164
1132,2016-07-05,0.5178375837095254,0.5208562090429057,0.5236004567168457,0.5123490883616452,0.10223651622329526,0.016191003699858708,0.006586163012153756,0.0043907753414357265,0.010702508351978501,-0.004634107228765394,18.979999542236328
1133,2016-07-06,0.5211306390445168,0.524149316720068,0.5279912320582817,0.5181119613689656,0.08469468845214974,0.003293055334991468,0.003293107677162288,0.0043907753414359485,0.005762873007320479,-0.01754182777114552,19.100000381469727
1134,2016-07-07,0.5183863913705768,0.5134467560259187,0.5186608213721879,0.5076838830185982,0.06784811930937405,-0.0027442476739399924,-0.010702560694149321,-0.009330410686093749,-0.010428078350367409,-0.016846569142775686,18.709999084472656
1135,2016-07-08,0.5181119613689656,0.5274423720550594,0.5274423720550594,0.5131723783664784,0.07163872209254672,-0.00027443000161120334,0.013995616029140678,0.008781550682871453,0.005488495347880207,0.0037906027831726696,19.21999931335449
1136,2016-07-11,0.5282656620598928,0.5296377597257774,0.533754157407773,0.5274423720550594,0.07207098693940096,0.010153700690927137,0.0021953876707180298,0.006311785352713595,0.01426999368858095,0.00043226484685424116,19.299999237060547
1137,2016-07-12,0.5310099097338329,0.523874886718457,0.5332052974045508,0.5205817790412945,0.07551449494859505,0.0027442476739401034,-0.005762873007320479,-0.0005488600032221846,-0.0068605930137648485,0.003443508009194088,19.09000015258789
1138,2016-07-13,0.5301866197289996,0.5321075773981064,0.5323820073997175,0.5257958443875638,0.033684585642250055,-0.000823290004833277,0.00823269067964949,-0.000823290004833277,0.0052140653462692255,-0.041829909306344996,19.38999938964844
1139,2016-07-14,0.524423746721679,0.5282656620598928,0.5296377597257774,0.524149316720068,0.03877697200791119,-0.00576287300732059,-0.003841915338213653,-0.0027442476739401034,-0.001646527667495734,0.005092386365661138,19.25
1140,2016-07-15,0.524149316720068,0.5236004567168457,0.526344704390786,0.5216794990477391,0.040195998075655257,-0.0002744300016109813,-0.004665205343047041,-0.003293055334991468,-0.0024698176723289,0.0014190260677440641,19.07999992370605
1141,2016-07-18,0.5194841113770211,0.524149316720068,0.5246981767232902,0.51920968137541,0.03071468025586658,-0.00466520534304693,0.0005488600032222957,-0.001646527667495734,-0.002469817672329122,-0.009481317819788677,19.100000381469727
1142,2016-07-19,0.5189352513737989,0.51920968137541,0.5219539290493501,0.5183863913705768,0.01870391817971242,-0.0005488600032221846,-0.004939635344658022,-0.0027442476739401034,-0.0008232900048331659,-0.01201076207615416,18.920000076293945
1143,2016-07-20,0.5074094530169871,0.5054884953478803,0.5109769906957605,0.5046652053430472,0.048082604279885255,-0.011525798356811778,-0.013721186027529697,-0.010976938353589594,-0.013721186027529697,0.029378686100172836,18.420000076293945
1144,2016-07-21,0.5041163976819957,0.5181119613689656,0.5186608213721879,0.5038419676803845,0.04577837963045454,-0.003293055334991468,0.012623466021085328,0.007683830676427417,-0.0008232376626626792,-0.002304224649430718,18.8799991607666
1145,2016-07-22,0.5123490883616452,0.5123490883616452,0.514270046030752,0.5101537006909272,0.024325142989505194,0.00823269067964949,-0.005762873007320479,-0.0043907753414359485,0.006311733010542775,-0.021453236640949343,18.670000076293945
1146,2016-07-25,0.5074094530169871,0.5087816030250426,0.5139956160291409,0.5032931076771624,0.030805908451080662,-0.004939635344658022,-0.0035674853366025605,-0.0002744300016110923,-0.0068605930137648485,0.006480765461575468,18.540000915527344
1147,2016-07-26,0.5123490883616452,0.5120746583600341,0.5134467560259187,0.5112513683552008,0.014648539814336368,0.004939635344658022,0.003293055334991468,-0.0005488600032221846,0.007958260678038398,-0.016157368636744295,18.65999984741211
1148,2016-07-27,0.5219539290493501,0.5315587697370551,0.5323820073997175,0.5159165736982477,0.07146731286638276,0.009604840687704952,0.019484111377020996,0.01893525137379881,0.00466520534304693,0.0568187730520464,19.3700008392334
1149,2016-07-28,0.5296377597257774,0.5271679420534484,0.5307354797322218,0.524149316720068,0.03441690572492561,0.007683830676427306,-0.004390827683606657,-0.001646527667495734,0.00823274302182031,-0.03705040714145715,19.209999084472656
1150,2016-07-29,0.5285400920615039,0.5310099097338329,0.5323820073997175,0.523874886718457,0.05225914509203001,-0.0010976676642735494,0.0038419676803844727,0.001646527667495734,-0.0002744300016110923,0.0178422393671044,19.350000381469727
1151,2016-08-01,0.533754157407773,0.5332052974045508,0.5364983527395423,0.5310099097338329,0.04130213994262602,0.0052140653462691144,0.0021953876707179187,0.004116345339824745,0.007135023015375941,-0.010957005149403988,19.43000030517578
1152,2016-08-02,0.5392426004134824,0.5378705027475976,0.540889128080978,0.5367727827411534,0.03345972239545284,0.005488443005709387,0.004665205343046819,0.0043907753414357265,0.005762873007320479,-0.007842417547173179,19.600000381469727
1153,2016-08-03,0.5356751150768798,0.5318331473964953,0.5356751150768798,0.5310099097338329,0.025405270566434438,-0.0035674853366025605,-0.00603735535110228,-0.005214013004098184,-0.005762873007320479,-0.008054451829018403,19.3799991607666
1154,2016-08-04,0.5290889520647261,0.5310099097338329,0.533754157407773,0.528814522063115,0.019487910482333445,-0.006586163012153756,-0.0008232376626624571,-0.0019209576691068264,-0.0021953876707179187,-0.0059173600841009935,19.350000381469727
1155,2016-08-05,0.5194841113770211,0.5134467560259187,0.5194841113770211,0.5134467560259187,0.05376690483402526,-0.009604840687704952,-0.01756315370791417,-0.014270046030751882,-0.015367766037196251,0.03427899435169182,18.709999084472656
1156,2016-08-08,0.5148189060339743,0.514270046030752,0.5181119613689656,0.5139956160291409,0.021681663489122108,-0.004665205343046819,0.000823290004833277,-0.0013721500080554616,0.0005488600032221846,-0.032085241344903155,18.739999771118164
1157,2016-08-09,0.5172887237063032,0.5178375837095254,0.5183863913705768,0.5153677660371964,0.01694278637991554,0.0024698176723289,0.0035675376787733803,0.00027443000161120334,0.0013721500080554616,-0.004738877109206566,18.8700008392334
1158,2016-08-10,0.5293633820663372,0.5257958443875638,0.5301866197289996,0.5249725543827305,0.030830140940434403,0.012074658360033963,0.007958260678038398,0.01180022835842276,0.009604788345534132,0.013887354560518862,19.15999984741211
1159,2016-08-11,0.5257958443875638,0.5203073490396836,0.5285400920615039,0.5200329713802433,0.028884414589384032,-0.0035675376787733803,-0.005488495347880207,-0.001646527667495734,-0.004939583002487202,-0.0019457263510503711,18.959999084472656
1160,2016-08-12,0.5255214143859527,0.5137211860275297,0.526619134392397,0.5126235183632563,0.03505443401101153,-0.0002744300016110923,-0.006586163012153867,-0.0019209576691068264,-0.007409453016987033,0.006170019421627496,18.71999931335449
1161,2016-08-15,0.5150933360355853,0.5167398637030809,0.5183863913705768,0.5148189060339743,0.015854462519822532,-0.010428078350367409,0.0030186776755511957,-0.008232743021820199,0.0021953876707180298,-0.019199971491188995,18.82999992370605
1162,2016-08-16,0.5150933360355853,0.5164654337014699,0.5200329713802433,0.5139956160291409,0.03453771181155676,0.0,-0.0002744300016109813,0.001646580009666443,-0.000823290004833388,0.018683249291734226,18.81999969482422
1163,2016-08-17,0.5137211860275297,0.5126235183632563,0.5164654337014699,0.5052140653462692,0.05209379398820448,-0.0013721500080555726,-0.003841915338213653,-0.0035675376787733803,-0.008781550682871675,0.017556082176647725,18.68000030517578
1164,2016-08-18,0.5156421960388075,0.5150933360355853,0.5172887237063032,0.5131723783664784,0.02229816652709228,0.0019210100112777573,0.002469817672329011,0.000823290004833277,0.007958313020209218,-0.029795627461112202,18.770000457763672
1165,2016-08-19,0.5049396353446582,0.5035675376787735,0.507135023015376,0.5030186776755512,0.04095789604974787,-0.01070256069414921,-0.011525798356811778,-0.010153700690927137,-0.010153700690927248,0.018659729522655592,18.350000381469727
1166,2016-08-22,0.49423712699267963,0.49313940698623526,0.4947859869959018,0.49121844931712844,0.04375746129038006,-0.010702508351978612,-0.010428130692538229,-0.012349036019474235,-0.01180022835842276,0.0027995652406321847,17.969999313354492
1167,2016-08-23,0.4953347946569532,0.4920417393219617,0.49670694466500864,0.49149287931873953,0.029439267323557186,0.0010976676642735494,-0.0010976676642735494,0.0019209576691068264,0.0002744300016110923,-0.014318193966822872,17.93000030517578
1168,2016-08-24,0.4876509639805259,0.48353461864070113,0.48792539398213697,0.48298575863747895,0.042122837339415214,-0.007683830676427306,-0.008507120681260583,-0.008781550682871675,-0.008507120681260583,0.012683570015858028,17.6200008392334
1169,2016-08-25,0.48326018863909004,0.4838089963001414,0.48573000631141905,0.48298575863747895,0.023738930563227196,-0.0043907753414358375,0.0002743776594402725,-0.0021953876707179187,0.0,-0.01838390677618802,17.6299991607666
1170,2016-08-26,0.48819982398374806,0.4862788139724704,0.4972558046682308,0.48353461864070113,0.057220034566933344,0.004939635344658022,0.002469817672329011,0.011525798356811778,0.0005488600032221846,0.033481104003706144,17.719999313354492
1171,2016-08-29,0.48518114630819686,0.49121844931712844,0.4920417393219617,0.4846322863049747,0.022097179409511253,-0.0030186776755511957,0.004939635344658022,-0.0052140653462691144,0.0010976676642735494,-0.03512285515742209,17.899999618530273
1172,2016-08-30,0.48847420164318833,0.48490671630658577,0.4901207816528549,0.4840834263017525,0.03604190795217647,0.003293055334991468,-0.006311733010542664,-0.0019209576691068264,-0.0005488600032221846,0.013944728542665215,17.670000076293945
1173,2016-08-31,0.48573000631141905,0.4862788139724704,0.48847420164318833,0.48545557630980796,0.015492044259929085,-0.0027441953317692835,0.0013720976658846418,-0.001646580009666554,0.0013721500080554616,-0.020549863692247382,17.719999313354492
1174,2016-09-01,0.4868276739756926,0.4923161693235728,0.49368826698945745,0.48545557630980796,0.039863870427453985,0.0010976676642735494,0.006037355351102391,0.0052140653462691144,0.0,0.0243718261675249,17.940000534057617
1175,2016-09-02,0.5010977200064446,0.5060373553511025,0.5060373553511025,0.4983534723325044,0.043549703330185485,0.014270046030751993,0.013721186027529697,0.012349088361645055,0.01289789602269642,0.0036858329027315007,18.440000534057617
1176,2016-09-06,0.5120746583600341,0.5227771667120126,0.5246981767232902,0.5112513683552008,0.05605616235767867,0.010976938353589483,0.016739811360910073,0.01866082137218772,0.01289789602269642,0.012506459027493186,19.049999237060547
1177,2016-09-07,0.5208562090429057,0.5153677660371964,0.5211306390445168,0.5139956160291409,0.026433369563280653,0.008781550682871675,-0.007409400674816213,-0.0035675376787733803,0.0027442476739401034,-0.029622792794398018,18.780000686645508
1178,2016-09-08,0.5153677660371964,0.5109769906957605,0.5178375837095254,0.5096048406877051,0.029763555048732248,-0.005488443005709387,-0.0043907753414358375,-0.003293055334991468,-0.0043907753414358375,0.003330185485451595,18.6200008392334
1179,2016-09-09,0.5074094530169871,0.4969813746666196,0.5076838830185982,0.49670694466500864,0.04492489710101028,-0.007958313020209218,-0.0139956160291409,-0.010153700690927137,-0.01289789602269642,0.015161342052278034,18.11000061035156
1180,2016-09-12,0.4917673093203506,0.49862790233411547,0.5,0.4898463516512438,0.04119915186287262,-0.015642143696636523,0.0016465276674958451,-0.0076838830185982365,-0.0068605930137648485,-0.003725745238137665,18.170000076293945
1181,2016-09-13,0.49643251466339755,0.4920417393219617,0.4969813746666196,0.4895719216496327,0.03137252106979313,0.00466520534304693,-0.006586163012153756,-0.003018625333380376,-0.0002744300016110923,-0.009826630793079487,17.93000030517578
1182,2016-09-14,0.4953347946569532,0.4945115569942907,0.4978046123292823,0.49396269699106854,0.016973433351745275,-0.0010977200064443693,0.002469817672329011,0.0008232376626626792,0.0043907753414358375,-0.014399087718047855,18.020000457763672
1183,2016-09-15,0.4945115569942907,0.4950604169975129,0.4983534723325044,0.490395211654466,0.029197298790157332,-0.0008232376626624571,0.0005488600032221846,0.0005488600032220736,-0.0035674853366025605,0.012223865438412057,18.040000915527344
1184,2016-09-16,0.4876509639805259,0.4901207816528549,0.49066958931390625,0.4868276739756926,0.028718350765283396,-0.0068605930137648485,-0.004939635344658022,-0.0076838830185981255,-0.0035675376787733803,-0.0004789480248739361,17.860000610351562
1185,2016-09-19,0.5013721500080556,0.49945119233894875,0.5027442476739402,0.49890233233572656,0.01959410580332484,0.013721186027529697,0.00933041068609386,0.012074658360033963,0.012074658360033963,-0.009124244961958555,18.200000762939453
1186,2016-09-20,0.4980790423308934,0.5013721500080556,0.502195387670718,0.4969813746666196,0.01087967499955455,-0.003293107677162177,0.0019209576691068264,-0.0005488600032221846,-0.0019209576691069374,-0.008714430803770292,18.270000457763672
1187,2016-09-21,0.5107025606941493,0.5172887237063032,0.5178375837095254,0.5087816030250426,0.06163711847192773,0.012623518363255926,0.015916573698247616,0.015642196038807343,0.011800228358422982,0.05075744347237318,18.850000381469727
1188,2016-09-22,0.5208562090429057,0.5186608213721879,0.5227771667120126,0.5172887237063032,0.03293052759118365,0.010153648348756428,0.0013720976658847528,0.004939583002487202,0.008507120681260583,-0.02870659088074408,18.899999618530277
1189,2016-09-23,0.5161910036998588,0.5126235183632563,0.5172887237063032,0.5101537006909272,0.02476275323842275,-0.00466520534304693,-0.006037303008931683,-0.005488443005709387,-0.007135023015375941,-0.008167774352760903,18.68000030517578
1190,2016-09-26,0.511525798356812,0.5052140653462692,0.5123490883616452,0.5041163976819957,0.02387969281756143,-0.004665205343046819,-0.007409453016987033,-0.004939635344658022,-0.006037303008931572,-0.0008830604208613195,18.40999984741211
1191,2016-09-27,0.5008232900048334,0.49862790233411547,0.502195387670718,0.49423712699267963,0.027725887782192683,-0.010702508351978612,-0.006586163012153756,-0.010153700690927137,-0.009879270689316044,0.003846194964631254,18.170000076293945
1192,2016-09-28,0.49643251466339755,0.499725569998389,0.5005488600032223,0.49286497698462417,0.024921689859772285,-0.0043907753414358375,0.0010976676642735494,-0.001646527667495734,-0.0013721500080554616,-0.0028041979224203983,18.209999084472656
1193,2016-09-29,0.4978046123292823,0.4969813746666196,0.5005488600032223,0.4953347946569532,0.02058656878641555,0.0013720976658847528,-0.0027441953317693946,0.0,0.002469817672329011,-0.004335121073356735,18.11000061035156
1194,2016-09-30,0.5118002283584231,0.49945119233894875,0.5123490883616452,0.4975301823276711,0.041277194732997166,0.01399561602914079,0.002469817672329122,0.01180022835842287,0.0021953876707179187,0.020690625946581616,18.200000762939453
1195,2016-10-03,0.49670694466500864,0.490395211654466,0.4969813746666196,0.4873765339789148,0.06430376138125189,-0.01509328369341445,-0.009055980684482767,-0.015367713695025542,-0.010153648348756317,0.023026566648254726,17.8700008392334
1196,2016-10-04,0.48243689863425676,0.4648737972685134,0.48243689863425676,0.4615806895913512,0.0996546870267092,-0.014270046030751882,-0.025521414385952568,-0.014544476032362863,-0.025795844387563605,0.035350925645457304,16.940000534057617
1197,2016-10-05,0.46652032493600915,0.46240397959618446,0.46679475493762024,0.45718991424991534,0.06473566986796857,-0.015916573698247616,-0.0024698176723289555,-0.015642143696636523,-0.0043907753414358375,-0.03491901715874063,16.850000381469727
1198,2016-10-06,0.4530735689100906,0.45115261124098377,0.45444566657597524,0.44566411589310356,0.065839673574114,-0.01344675602591855,-0.011251368355200686,-0.012349088361645,-0.011525798356811778,0.001104003706145426,16.440000534057617
1199,2016-10-07,0.4582876342563597,0.4555433865824196,0.45938530192063326,0.44538968589149247,0.07213833900539886,0.0052140653462691144,0.0043907753414358375,0.004939635344658022,-0.0002744300016110923,0.006298665431284864,16.600000381469727
1200,2016-10-10,0.4555433865824196,0.45911087191902217,0.46185511959296227,0.4555433865824196,0.030069668406892004,-0.0027442476739401034,0.0035674853366025605,0.002469817672329011,0.010153700690927137,-0.04206867059850686,16.729999542236328
1201,2016-10-11,0.4582876342563597,0.45444566657597524,0.45911087191902217,0.45444566657597524,0.02570390036170554,0.0027442476739401034,-0.00466520534304693,-0.0027442476739401034,-0.0010977200064443693,-0.004365768045186465,16.559999465942383
1202,2016-10-12,0.4555433865824196,0.45691548424830425,0.4585620119158,0.4536224289133128,0.022465299431605582,-0.0027442476739401034,0.002469817672329011,-0.0005488600032221846,-0.0008232376626624571,-0.0032386009300999566,16.649999618530273
1203,2016-10-13,0.4555433865824196,0.4558178165840307,0.45718991424991534,0.4538968589149239,0.02230600645011849,0.0,-0.0010976676642735494,-0.0013720976658846418,0.0002744300016110923,-0.00015929298148709137,16.610000610351562
1204,2016-10-14,0.45444566657597524,0.45444566657597524,0.4580132042547486,0.4522502789052573,0.02966484329062951,-0.0010977200064443693,-0.0013721500080554616,0.000823290004833277,-0.001646580009666554,0.007358836840511019,16.559999465942383
1205,2016-10-17,0.4538968589149239,0.45472009657758633,0.4555433865824196,0.4527991389084795,0.012675373732694261,-0.0005488076610513648,0.0002744300016110923,-0.002469817672329011,0.0005488600032221846,-0.016989469557935247,16.56999969482422
1206,2016-10-18,0.4580132042547486,0.4588364419174111,0.461031829588129,0.4560922465856418,0.029124957682233665,0.004116345339824745,0.004116345339824745,0.005488443005709387,0.003293107677162288,0.016449583949539402,16.719999313354492
1207,2016-10-19,0.461031829588129,0.4607574519286887,0.46240397959618446,0.4577387742531375,0.030631291983678706,0.003018625333380376,0.0019210100112776463,0.0013721500080554616,0.001646527667495734,0.0015063343014450406,16.790000915527344
1208,2016-10-20,0.461031829588129,0.45664105424669316,0.46185511959296227,0.45444566657597524,0.025098444487999572,0.0,-0.004116397681995565,-0.0005488600032221846,-0.003293107677162288,-0.005532847495679134,16.639999389648438
1209,2016-10-21,0.45691548424830425,0.45691548424830425,0.45718991424991534,0.45472009657758633,0.014787163907845268,-0.004116345339824745,0.0002744300016110923,-0.00466520534304693,0.0002744300016110923,-0.010311280580154304,16.649999618530273
1210,2016-10-24,0.4654226049295648,0.4582876342563597,0.46597146493278696,0.45664105424669316,0.020647862730075014,0.008507120681260527,0.0013721500080554616,0.00878155068287162,0.0019209576691068264,0.005860698822229745,16.700000762939453
1211,2016-10-25,0.461031829588129,0.46267840959779555,0.4643249372652912,0.46020859192546654,0.023431035404379665,-0.004390775341435782,0.0043907753414358375,-0.001646527667495734,0.0035675376787733803,0.0027831726743046507,16.860000610351562
1212,2016-10-26,0.4613062595897401,0.4585620119158,0.46295283959940664,0.4577387742531375,0.02065890989433922,0.0002744300016110923,-0.004116397681995565,-0.0013720976658845863,-0.002469817672329011,-0.002772125510040444,16.709999084472656
1213,2016-10-27,0.45965973192224435,0.45911087191902217,0.46020859192546654,0.4577387742531375,0.014465370703633091,-0.001646527667495734,0.0005488600032221846,-0.0027442476739401034,0.0,-0.006193539190706129,16.729999542236328
1214,2016-10-28,0.4615806895913512,0.46295283959940664,0.46679475493762024,0.45911087191902217,0.03496427489621011,0.0019209576691068264,0.0038419676803844727,0.006586163012153701,0.0013720976658846418,0.02049890419257702,16.8700008392334
1215,2016-10-31,0.4648737972685134,0.46569703493117587,0.46652032493600915,0.46295283959940664,0.021595424335833793,0.0032931076771622325,0.002744195331769228,-0.0002744300016110923,0.0038419676803844727,-0.013368850560376316,16.969999313354492
1216,2016-11-01,0.4766740256269363,0.47777169329120983,0.4816136086294235,0.4753018756188808,0.04597188318514691,0.01180022835842287,0.012074658360033963,0.015093283693414339,0.01234903601947418,0.024376458849313117,17.40999984741211
1217,2016-11-02,0.48353461864070113,0.4818880386310346,0.48819982398374806,0.4816136086294235,0.03897475188425423,0.0068605930137648485,0.004116345339824745,0.006586215354324576,0.006311733010542664,-0.0069971313008926825,17.559999465942383
1218,2016-11-03,0.4736553479513851,0.4780461232928209,0.48024151096353884,0.4731064879481629,0.028223010174081926,-0.009879270689316044,-0.003841915338213653,-0.007958313020209218,-0.008507120681260583,-0.010751741710172302,17.420000076293945
1219,2016-11-04,0.47941822095870557,0.4791437909570945,0.4813392309699832,0.47749726328959874,0.020214885162945673,0.005762873007320479,0.0010976676642735494,0.0010977200064443693,0.0043907753414358375,-0.008008125011136253,17.459999084472656
1220,2016-11-07,0.47502744561726973,0.47447863795621836,0.4753018756188808,0.46899014260833816,0.025220319655043386,-0.0043907753414358375,-0.00466515300087611,-0.006037355351102391,-0.008507120681260583,0.005005434492097713,17.290000915527344
1221,2016-11-08,0.4766740256269363,0.47749726328959874,0.48792539398213697,0.475850735622103,0.039942626017853644,0.001646580009666554,0.003018625333380376,0.012623518363256148,0.0068605930137648485,0.014722306362810259,17.399999618530273
1222,2016-11-09,0.4901207816528549,0.4788694132976542,0.490395211654466,0.47749726328959874,0.05962938545694279,0.013446756025918605,0.0013721500080554616,0.002469817672329011,0.001646527667495734,0.019686759439089145,17.450000762939453
1223,2016-11-10,0.4843578563033636,0.4818880386310346,0.48847420164318833,0.47969265096031666,0.062383692960105486,-0.005762925349491299,0.003018625333380376,-0.0019210100112776463,0.0021953876707179187,0.0027543075031626965,17.559999465942383
1224,2016-11-11,0.47996708096192775,0.4519758489036462,0.48024151096353884,0.4475850735622104,0.17842773907310727,-0.0043907753414358375,-0.02991218972738835,-0.00823269067964949,-0.03210757739810627,0.11604404611300179,16.469999313354492
1225,2016-11-14,0.4442920182272189,0.4390779528809498,0.44538968589149247,0.4330406237009328,0.1026616538673984,-0.03567506273470883,-0.01289789602269642,-0.03485182507204637,-0.014544449861277564,-0.07576608520570888,16.0
1226,2016-11-15,0.4401756728873942,0.4442920182272189,0.44621297589632575,0.4393523828825609,0.03672469397573187,-0.004116345339824745,0.0052140653462691144,0.000823290004833277,0.006311759181628074,-0.06593695989166652,16.190000534057617
1227,2016-11-16,0.44456644822883,0.4415477705532788,0.4448408258882703,0.4390779528809498,0.024973005719580207,0.0043907753414358375,-0.0027442476739401034,-0.0013721500080554616,-0.0002744300016110923,-0.011751688256151666,16.09000015258789
1228,2016-11-17,0.442096630556501,0.43468717753951397,0.44374315822399674,0.4316684998639628,0.0747504588136771,-0.002469817672329011,-0.0068605930137648485,-0.0010976676642735494,-0.007409453016987033,0.049777453094096896,15.84000015258789
1229,2016-11-18,0.4330406237009328,0.4316684998639628,0.4349616075411251,0.42810101452736027,0.035621046629724,-0.009056006855568177,-0.0030186776755511957,-0.00878155068287162,-0.003567485336602505,-0.039129412183953105,15.729999542236328
1230,2016-11-21,0.43249178986879605,0.4313940960334371,0.43523601137165074,0.430021972196467,0.030005523582132102,-0.0005488338321367747,-0.0002744038305256824,0.0002744038305256269,0.0019209576691067154,-0.0056155230475918964,15.720000267028809
1231,2016-11-22,0.43578487137487293,0.433589483704155,0.43633370520700965,0.4305708060286038,0.023766370293818933,0.003293081506076878,0.0021953876707179187,0.0010976938353589039,0.0005488338321368302,-0.006239153288313169,15.800000190734863
1232,2016-11-23,0.4253567668534201,0.4259056268566423,0.428649848359497,0.42096599151198427,0.04360529551164407,-0.010428104521452819,-0.007683856847512716,-0.00768385684751266,-0.009604814516619542,0.019838925217825137,15.520000457763672
1233,2016-11-25,0.4308452360302149,0.4289242783611081,0.4313940960334371,0.42810101452736027,0.01744240329276767,0.005488469176794797,0.003018651504465786,0.0027442476739401034,0.007135023015375996,-0.0261628922188764,15.630000114440918
1234,2016-11-28,0.4313940960334371,0.43276621987040714,0.43468717753951397,0.4289242783611081,0.02433975375514495,0.0005488600032221846,0.0038419415092990628,0.003293081506076878,0.0008232638337478115,0.006897350462377279,15.770000457763672
1235,2016-11-29,0.4278265845257491,0.4330406237009328,0.43551044137326184,0.4275521545241381,0.016950269942804196,-0.0035675115076879704,0.0002744038305256824,0.000823263833747867,-0.0013721238369699962,-0.0073894838123407525,15.779999732971191
1236,2016-11-30,0.4330406237009328,0.42974754219485595,0.4338639137057661,0.427277724522527,0.03092172549578604,0.0052140391751837045,-0.003293081506076878,-0.001646527667495734,-0.0002744300016110923,0.013971455552981845,15.65999984741211
1237,2016-12-01,0.4256311968550312,0.42974754219485595,0.43413831753629184,0.42398464301645006,0.0302114997416389,-0.007409426845901623,0.0,0.0002744038305257379,-0.0032930815060769336,-0.0007102257541471424,15.65999984741211
1238,2016-12-02,0.4308452360302149,0.43441274753790293,0.43743139904236866,0.4302964021980781,0.028816349803111024,0.0052140391751837045,0.004665205343046985,0.0032930815060768226,0.006311759181628018,-0.0013951499385278752,15.829999923706056
1239,2016-12-05,0.43221735986718496,0.43578487137487293,0.4390779528809498,0.430021972196467,0.025651871781622506,0.0013721238369700517,0.0013721238369699962,0.001646553838581144,-0.0002744300016110923,-0.0031644780214885176,15.880000114440918
1240,2016-12-06,0.43523601137165074,0.4349616075411251,0.4393523828825609,0.43441274753790293,0.016558986511768795,0.003018651504465786,-0.0008232638337478115,0.0002744300016110923,0.0043907753414359485,-0.00909288526985371,15.850000381469728
1241,2016-12-07,0.44374315822399674,0.44538968589149247,0.44840836356704367,0.44346872822238564,0.03592324002637065,0.008507146852345993,0.010428078350367354,0.009055980684482767,0.009055980684482712,0.019364253514601856,16.229999542236328
1242,2016-12-08,0.44291986821916346,0.44291986821916346,0.44456644822883,0.4412733405516677,0.020820697396789194,-0.000823290004833277,-0.002469817672329011,-0.003841915338213653,-0.0021953876707179187,-0.015102542629581456,16.139999389648438
1243,2016-12-09,0.44319429822077455,0.43825468904720194,0.44401758822560783,0.43688256521023183,0.0281606471500098,0.0002744300016110923,-0.00466517917196152,-0.0005488600032221846,-0.004390775341435893,0.007339949753220606,15.970000267028809
1244,2016-12-12,0.44566411589310356,0.4442920182272189,0.447036265901159,0.44346872822238564,0.02617892842506637,0.002469817672329011,0.0060373291800169815,0.0030186776755511957,0.006586163012153812,-0.0019817187249434286,16.190000534057617
1245,2016-12-13,0.44401758822560783,0.4401756728873942,0.44566411589310356,0.43633370520700965,0.02924398196817704,-0.001646527667495734,-0.004116345339824745,-0.0013721500080554616,-0.007135023015375996,0.003065053543110669,16.040000915527344
1246,2016-12-14,0.44566411589310356,0.4371569952118429,0.4481339335654326,0.43551044137326184,0.056469540117242485,0.001646527667495734,-0.003018677675551251,0.002469817672329011,-0.0008232638337478115,0.027225558149065444,15.93000030517578
1247,2016-12-15,0.41849617383965526,0.41657521617054843,0.4198682976766253,0.4132821346644716,0.0787951463749265,-0.027167942053448302,-0.02058177904129449,-0.02826563588880726,-0.022228306708790224,0.022325606257684018,15.18000030517578
1248,2016-12-16,0.4176729100059074,0.41904503384287745,0.42316137918270214,0.41492866233196735,0.03058745968675944,-0.000823263833747867,0.002469817672329011,0.0032930815060768226,0.001646527667495734,-0.048207686688167065,15.270000457763672
1249,2016-12-19,0.41822174383804417,0.41630078616893734,0.41877060384126635,0.4141053984982195,0.024212889546175363,0.0005488338321367747,-0.0027442476739401034,-0.004390775341435782,-0.000823263833747867,-0.006374570140584075,15.170000076293944
1250,2016-12-20,0.4080680693182025,0.41822174383804417,0.41877060384126635,0.4075192354860658,0.03830586390606347,-0.010153674519841671,0.0019209576691068264,0.0,-0.006586163012153701,0.014092974359888107,15.239999771118164
1251,2016-12-21,0.41877060384126635,0.41492866233196735,0.4198682976766253,0.4135565384949973,0.021600413377759566,0.010702534523063856,-0.0032930815060768226,0.0010976938353589594,0.006037303008931516,-0.016705450528303904,15.119999885559082
1252,2016-12-22,0.4130077046628605,0.4110867208226683,0.4171240500026852,0.4102634569889204,0.026094114712328278,-0.005762899178405834,-0.0038419415092990628,-0.0027442476739401034,-0.003293081506076878,0.004493701334568712,14.979999542236328
1253,2016-12-23,0.4102634569889204,0.40916576315356146,0.4113611508242794,0.4083424993198136,0.02813712738093117,-0.0027442476739401034,-0.0019209576691068264,-0.005762899178405834,-0.0019209576691068264,0.002043012668602892,14.90999984741211
1254,2016-12-27,0.4113611508242794,0.4152030923335784,0.41575192616571516,0.4108123169921426,0.019815049088608948,0.0010976938353589594,0.006037329180016926,0.004390775341435782,0.002469817672329011,-0.008322078292322222,15.130000114440918
1255,2016-12-28,0.4138309684966084,0.4171240500026852,0.4176729100059074,0.4127332746612494,0.02066247349571477,0.002469817672329011,0.0019209576691068264,0.0019209838401922363,0.0019209576691068264,0.0008474244071058207,15.199999809265137
1256,2016-12-29,0.4173984800042963,0.42041713150876214,0.42261251917947995,0.41630078616893734,0.02914669565062452,0.003567511507687915,0.0032930815060769336,0.004939609173572557,0.003567511507687915,0.008484222154909751,15.31999969482422
1257,2016-12-30,0.42178925534573214,0.41465423233035625,0.4228869491810911,0.41218444082911265,0.03051939490048643,0.0043907753414358375,-0.005762899178405889,0.00027443000161114783,-0.00411634533982469,0.0013726992498619105,15.109999656677246
1258,2017-01-03,0.41849617383965526,0.42371021301483897,0.4291987083627192,0.4168496200010741,0.03931970849740748,-0.003293081506076878,0.009055980684482712,0.006311759181628074,0.004665179171961464,0.008800313596921048,15.4399995803833
1259,2017-01-04,0.4275521545241381,0.4275521545241381,0.42974754219485595,0.425082336851809,0.0218908468898669,0.009055980684482823,0.0038419415092991183,0.0005488338321367747,0.0082327168507349,-0.017428861607540577,15.579999923706056
1260,2017-01-05,0.4316684998639628,0.43249178986879605,0.4349616075411251,0.42974754219485595,0.0277447748694831,0.00411634533982469,0.004939635344657967,0.00521406534626917,0.00466520534304693,0.005853927979616199,15.760000228881836
1261,2017-01-06,0.427277724522527,0.4291987083627192,0.4308452360302149,0.42672889069039016,0.021730484827967144,-0.004390775341435782,-0.003293081506076878,-0.004116371510910211,-0.003018651504465786,-0.006014290041515956,15.640000343322754
1262,2017-01-09,0.4305708060286038,0.4308452360302149,0.43441274753790293,0.4294731121932448,0.02597473406624735,0.0032930815060768226,0.001646527667495734,0.003567511507688026,0.002744221502854638,0.004244249238280207,15.699999809265137
1263,2017-01-10,0.433589483704155,0.4366081352086208,0.4399012428857831,0.433589483704155,0.028028081178839336,0.0030186776755511957,0.005762899178405889,0.005488495347880151,0.004116371510910211,0.002053347112591985,15.90999984741211
1264,2017-01-11,0.43276621987040714,0.43551044137326184,0.4390779528809498,0.430021972196467,0.02833276909644887,-0.000823263833747867,-0.0010976938353589594,-0.000823290004833277,-0.003567511507688026,0.0003046879176095349,15.869999885559082
1265,2017-01-12,0.4385290928777276,0.4366081352086208,0.44099891055005663,0.43523601137165074,0.021700906936550076,0.005762873007320479,0.0010976938353589594,0.0019209576691068264,0.00521403917518376,-0.006631862159898794,15.90999984741211
1266,2017-01-13,0.43413831753629184,0.43743139904236866,0.43770582904397975,0.4316684998639628,0.018820091584555353,-0.004390775341435782,0.000823263833747867,-0.003293081506076878,-0.0035675115076879704,-0.0028808153519947234,15.9399995803833
1267,2017-01-17,0.4448408258882703,0.44676183589954793,0.4478595035638215,0.44374315822399674,0.02809115692318657,0.010702508351978446,0.00933043685717927,0.010153674519841727,0.012074658360033963,0.009271065338631219,16.280000686645508
1268,2017-01-18,0.44676183589954793,0.4442920182272189,0.4508781812393727,0.44319429822077455,0.029219393118685745,0.0019210100112776463,-0.002469817672329011,0.0030186776755511957,-0.0005488600032221846,0.0011282361954991736,16.190000534057617
1269,2017-01-19,0.43770582904397975,0.4423710605581121,0.44374315822399674,0.43551044137326184,0.027436523350498013,-0.009056006855568177,-0.0019209576691068264,-0.007135023015375941,-0.007683856847512716,-0.0017828697681877316,16.1200008392334
1270,2017-01-20,0.4423710605581121,0.4442920182272189,0.44648740589793684,0.439626812884172,0.03015662028045543,0.00466523151413234,0.0019209576691068264,0.0027442476739401034,0.004116371510910155,0.002720096929957415,16.190000534057617
1271,2017-01-23,0.44538968589149247,0.447036265901159,0.4475850735622104,0.44401758822560783,0.014991714626801846,0.003018625333380376,0.0027442476739401034,0.0010976676642735494,0.0043907753414358375,-0.015164905653653582,16.290000915527344
1272,2017-01-24,0.44676183589954793,0.4451152558898814,0.4497804612329283,0.44291986821916346,0.026187124708230137,0.0013721500080554616,-0.0019210100112776463,0.0021953876707179187,-0.0010977200064443693,0.01119541008142829,16.219999313354492
1273,2017-01-25,0.43798025904559085,0.4418222005548899,0.44264543821755237,0.4366081352086208,0.029647381643889314,-0.008781576853957085,-0.003293055334991468,-0.007135023015375941,-0.006311733010542664,0.003460256935659177,16.100000381469727
1274,2017-01-26,0.43743139904236866,0.4371569952118429,0.439626812884172,0.43468717753951397,0.02117420665324377,-0.0005488600032221846,-0.004665205343046985,-0.003018625333380376,-0.0019209576691068264,-0.008473174990645545,15.93000030517578
1275,2017-01-27,0.43633370520700965,0.4451152558898814,0.44868279356865476,0.4349616075411251,0.02927177805890633,-0.0010976938353590149,0.007958260678038453,0.009055980684482767,0.00027443000161114783,0.00809757140566256,16.219999313354492
1276,2017-01-30,0.44676183589954793,0.44538968589149247,0.44923165357187694,0.44401758822560783,0.02304830461664558,0.010428130692538284,0.0002744300016110923,0.0005488600032221846,0.009055980684482712,-0.006223473442260749,16.229999542236328
1277,2017-01-31,0.45444566657597524,0.45636662424508206,0.4580132042547486,0.4527991389084795,0.03949289952425922,0.007683830676427306,0.010976938353589594,0.008781550682871675,0.008781550682871675,0.016444594907613637,16.6299991607666
1278,2017-02-01,0.4538968589149239,0.4558178165840307,0.4588364419174111,0.45142704124259486,0.027137537195089358,-0.0005488076610513648,-0.0005488076610513648,0.0008232376626624571,-0.0013720976658846418,-0.01235536232916986,16.610000610351562
1279,2017-02-02,0.45911087191902217,0.45444566657597524,0.45993416192385544,0.4527991389084795,0.01927159987883755,0.005214013004098295,-0.0013721500080554616,0.0010977200064443693,0.0013720976658846418,-0.007865937316251806,16.559999465942383
1280,2017-02-03,0.4525247089068684,0.45472009657758633,0.45636662424508206,0.4519758489036462,0.019252356431409583,-0.006586163012153756,0.0002744300016110923,-0.0035675376787733803,-0.000823290004833277,-1.9243447427968324e-05,16.56999969482422
1281,2017-02-06,0.4585620119158,0.4615806895913512,0.46185511959296227,0.45718991424991534,0.023980542736489495,0.006037303008931572,0.0068605930137648485,0.005488495347880207,0.0052140653462691144,0.0047281863050799115,16.81999969482422
1282,2017-02-07,0.45993416192385544,0.4607574519286887,0.46295283959940664,0.45965973192224435,0.016137768829178768,0.0013721500080554616,-0.0008232376626624571,0.0010977200064443693,0.002469817672329011,-0.007842773907310727,16.790000915527344
1283,2017-02-08,0.4632272172588469,0.46212954959457336,0.4648737972685134,0.45993416192385544,0.016158794077294515,0.003293055334991468,0.0013720976658846418,0.001920957669106771,0.0002744300016110923,2.1025248115747602e-05,16.84000015258789
1284,2017-02-09,0.46212954959457336,0.45965973192224435,0.4643249372652912,0.4580132042547486,0.017157671542861217,-0.0010976676642735494,-0.002469817672329011,-0.0005488600032221846,-0.0019209576691068264,0.000998877465566702,16.75
1285,2017-02-10,0.45965973192224435,0.46706918493923133,0.46844128260511597,0.45965973192224435,0.0314338150134526,-0.002469817672329011,0.007409453016986978,0.004116345339824745,0.001646527667495734,0.01427614347059138,17.020000457763672
1286,2017-02-13,0.4654226049295648,0.463501647260458,0.46597146493278696,0.46185511959296227,0.02119630098177218,0.005762873007320424,-0.003567537678773325,-0.002469817672329011,0.0021953876707179187,-0.010237514031680418,16.889999389648438
1287,2017-02-14,0.46953900261156034,0.46679475493762024,0.46981343261317143,0.4613062595897401,0.02875576857972667,0.004116397681995565,0.0032931076771622325,0.0038419676803844727,-0.0005488600032221846,0.007559467597954492,17.010000228881836
1288,2017-02-15,0.46405050726368013,0.4676180449424535,0.4678924226018938,0.463501647260458,0.014545195374445414,-0.005488495347880207,0.000823290004833277,-0.0019210100112776463,0.0021953876707179187,-0.014210573205281256,17.040000915527344
1289,2017-02-16,0.46953900261156034,0.4706366702758339,0.47173439028227826,0.46871571260672706,0.017788785346471145,0.005488495347880207,0.003018625333380376,0.0038419676803844727,0.005214065346269059,0.0032435899720257306,17.149999618530273
1290,2017-02-17,0.4681668526035049,0.4681668526035049,0.4700878102726117,0.4676180449424535,0.016530834060901948,-0.0013721500080554616,-0.002469817672329011,-0.001646580009666554,-0.0010976676642735494,-0.001257951285569197,17.059999465942383
1291,2017-02-21,0.4654226049295648,0.4673436149408424,0.4703622402742228,0.46377607726206904,0.01710599932291574,-0.0027442476739401034,-0.0008232376626624571,0.0002744300016110923,-0.0038419676803844727,0.0005751652620137916,17.030000686645508
1292,2017-02-22,0.4681668526035049,0.46953900261156034,0.46953900261156034,0.46624589493439805,0.016596760686349625,0.0027442476739401034,0.0021953876707179187,-0.0008232376626624571,0.002469817672329011,-0.0005092386365661145,17.110000610351562
1293,2017-02-23,0.4728320579465518,0.4731064879481629,0.4739297779529962,0.46953900261156034,0.017368636744293783,0.00466520534304693,0.0035674853366025605,0.0043907753414358375,0.003293107677162288,0.0007718760579441576,17.239999771118164
1294,2017-02-24,0.4766740256269363,0.47749726328959874,0.4788694132976542,0.47447863795621836,0.028601108280027796,0.0038419676803844727,0.0043907753414358375,0.004939635344658022,0.004939635344658022,0.011232471535734014,17.399999618530273
1295,2017-02-27,0.47777169329120983,0.4739297779529962,0.4810648009683721,0.4739297779529962,0.03024428487429396,0.0010976676642735494,-0.0035674853366025605,0.0021953876707179187,-0.0005488600032221846,0.0016431765942661637,17.270000457763672
1296,2017-02-28,0.4780461232928209,0.4766740256269363,0.48024151096353884,0.475850735622103,0.02488498476560412,0.0002744300016110923,0.0027442476739401034,-0.000823290004833277,0.0019209576691068264,-0.005359300108689839,17.3700008392334
1297,2017-03-01,0.475850735622103,0.4785949832960431,0.47996708096192775,0.4755763056204919,0.02225789783154856,-0.0021953876707179187,0.0019209576691068264,-0.0002744300016110923,-0.0002744300016110923,-0.0026270869340555593,17.440000534057617
1298,2017-03-02,0.475850735622103,0.461031829588129,0.47749726328959874,0.45965973192224435,0.05647702368013114,0.0,-0.017563153707914114,-0.002469817672329011,-0.01591657369824756,0.03421912584858258,16.799999237060547
1299,2017-03-03,0.4613062595897401,0.46597146493278696,0.4676180449424535,0.45911087191902217,0.031289489157742816,-0.014544476032362919,0.004939635344657967,-0.009879218347145224,-0.0005488600032221846,-0.025187534522388325,16.979999542236328
1300,2017-03-06,0.4645993672669023,0.46185511959296227,0.4645993672669023,0.46020859192546654,0.02002280704880352,0.0032931076771622325,-0.00411634533982469,-0.0030186776755511957,0.0010977200064443693,-0.011266682108939295,16.829999923706055
1301,2017-03-07,0.45636662424508206,0.45417123657436415,0.4580132042547486,0.45417123657436415,0.02350373287244089,-0.008232743021820255,-0.0076838830185981255,-0.006586163012153701,-0.006037355351102391,0.0034809258236373694,16.549999237060547
1302,2017-03-08,0.4503293212361505,0.4478595035638215,0.45115261124098377,0.4475850735622104,0.024433832831459473,-0.006037303008931572,-0.006311733010542664,-0.0068605930137648485,-0.006586163012153756,0.0009300999590185835,16.31999969482422
1303,2017-03-09,0.4478595035638215,0.44072448054844554,0.44840836356704367,0.4401756728873942,0.030224685066728436,-0.002469817672329011,-0.007135023015375941,-0.0027442476739401034,-0.007409400674816213,0.005790852235268963,16.059999465942383
1304,2017-03-10,0.44099891055005663,0.44319429822077455,0.44346872822238564,0.4390779528809498,0.02426527448639595,-0.0068605930137648485,0.002469817672329011,-0.004939635344658022,-0.0010977200064443693,-0.005959410580332485,16.149999618530273
1305,2017-03-13,0.4412733405516677,0.44099891055005663,0.44264543821755237,0.44072448054844554,0.015155640290077151,0.0002744300016110923,-0.0021953876707179187,-0.000823290004833277,0.001646527667495734,-0.0091096341963188,16.06999969482422
1306,2017-03-14,0.44045005054683445,0.4388035228793387,0.4423710605581121,0.43825468904720194,0.01696594978885662,-0.000823290004833277,-0.0021953876707179187,-0.0002743776594402725,-0.002469791501243601,0.0018103094987794686,15.989999771118164
1307,2017-03-15,0.4399012428857831,0.4508781812393727,0.45142704124259486,0.43743139904236866,0.034631078167596176,-0.0005488076610513648,0.012074658360033963,0.009055980684482767,-0.000823290004833277,0.017665128378739556,16.43000030517578
1308,2017-03-16,0.4508781812393727,0.4500548912345394,0.45472009657758633,0.44840836356704367,0.020386294389109633,0.010976938353589594,-0.000823290004833277,0.003293055334991468,0.010976964524675004,-0.014244783778486543,16.399999618530273
1309,2017-03-17,0.4503293212361505,0.4519758489036462,0.4527991389084795,0.4500548912345394,0.010974466796144184,-0.0005488600032221846,0.0019209576691068264,-0.0019209576691068264,0.001646527667495734,-0.009411827592965449,16.469999313354492
1310,2017-03-20,0.4525247089068684,0.4527991389084795,0.4536224289133128,0.45115261124098377,0.00926750173725567,0.0021953876707179187,0.000823290004833277,0.000823290004833277,0.0010977200064443693,-0.0017069650588885134,16.5
1311,2017-03-21,0.4555433865824196,0.4558178165840307,0.4577387742531375,0.45472009657758633,0.019718119131193985,0.0030186776755511957,0.0030186776755511957,0.004116345339824745,0.0035674853366025605,0.010450617393938315,16.610000610351562
1312,2017-03-22,0.4558178165840307,0.4560922465856418,0.45718991424991534,0.45444566657597524,0.011181868396201201,0.0002744300016110923,0.0002744300016110923,-0.0005488600032221846,-0.0002744300016110923,-0.008536250734992784,16.6200008392334
1313,2017-03-23,0.45911087191902217,0.45746434425152643,0.45965973192224435,0.4560922465856418,0.01417814443276375,0.003293055334991468,0.0013720976658846418,0.002469817672329011,0.001646580009666554,0.002996276036562549,16.670000076293945
1314,2017-03-24,0.4585620119158,0.4613062595897401,0.46240397959618446,0.4580132042547486,0.019878124832956187,-0.0005488600032221846,0.003841915338213653,0.0027442476739401034,0.0019209576691068264,0.005699980400192437,16.809999465942383
1315,2017-03-27,0.46953900261156034,0.4706366702758339,0.4711855302790561,0.4678924226018938,0.03431748124654776,0.010976990695760358,0.009330410686093804,0.00878155068287162,0.009879218347145169,0.014439356413591571,17.149999618530273
1316,2017-03-28,0.47200882028388935,0.47145996028066717,0.4739297779529962,0.46953900261156034,0.026475776419649696,0.002469817672329011,0.000823290004833277,0.0027442476739401034,0.001646580009666554,-0.007841704826898062,17.18000030517578
1317,2017-03-29,0.4703622402742228,0.473380917949774,0.47420420795460727,0.4700878102726117,0.015910054701281116,-0.001646580009666554,0.0019209576691068264,0.0002744300016110923,0.0005488076610513648,-0.01056572171836858,17.25
1318,2017-03-30,0.47145996028066717,0.4706366702758339,0.4755763056204919,0.4703622402742228,0.021388022735776776,0.0010977200064443693,-0.0027442476739401034,0.0013720976658846418,0.0002744300016110923,0.0054779680344956595,17.149999618530273
1319,2017-03-31,0.4728320579465518,0.473380917949774,0.47475301561565864,0.47200882028388935,0.016864030789515885,0.0013720976658846418,0.0027442476739401034,-0.000823290004833277,0.001646580009666554,-0.004523991946260891,17.25
1320,2017-04-03,0.4722831979433296,0.4731064879481629,0.47475301561565864,0.47200882028388935,0.01443401101152825,-0.0005488600032221846,-0.0002744300016110923,0.0,0.0,-0.0024300197779876347,17.239999771118164
1321,2017-04-04,0.4755763056204919,0.4755763056204919,0.47722283328798765,0.4728320579465518,0.015589330577481603,0.003293107677162288,0.002469817672329011,0.002469817672329011,0.0008232376626624571,0.001155319565953352,17.329999923706055
1322,2017-04-05,0.4728320579465518,0.4753018756188808,0.475850735622103,0.4711855302790561,0.020227714127897655,-0.0027442476739401034,-0.0002744300016110923,-0.0013720976658846418,-0.001646527667495734,0.004638383550416052,17.31999969482422
1323,2017-04-06,0.4725576279449407,0.4736553479513851,0.47502744561726973,0.47173439028227826,0.014021345972239545,-0.0002744300016110923,-0.001646527667495734,-0.000823290004833277,0.0005488600032221846,-0.00620636815565811,17.260000228881836
1324,2017-04-07,0.47749726328959874,0.4673436149408424,0.4780461232928209,0.4643249372652912,0.03875772856048323,0.004939635344658022,-0.006311733010542664,0.0030186776755511957,-0.007409453016987033,0.024736382588243684,17.030000686645508
1325,2017-04-10,0.4645993672669023,0.46652032493600915,0.4673436149408424,0.461031829588129,0.019814692728471393,-0.01289789602269642,-0.000823290004833277,-0.010702508351978501,-0.0032931076771622325,-0.018943035832011835,17.0
1326,2017-04-11,0.46926457260994925,0.47502744561726973,0.4761251656237141,0.46899014260833816,0.026939044598471216,0.00466520534304693,0.008507120681260583,0.008781550682871675,0.007958313020209162,0.007124351869999823,17.309999465942383
1327,2017-04-12,0.4766740256269363,0.4791437909570945,0.47941822095870557,0.47420420795460727,0.02309356235411507,0.007409453016987033,0.004116345339824745,0.003293055334991468,0.0052140653462691144,-0.003845482244356147,17.459999084472656
1328,2017-04-13,0.48216246863264567,0.4810648009683721,0.48271132863586785,0.478320553294432,0.029568626053489658,0.005488443005709387,0.0019210100112776463,0.003293107677162288,0.004116345339824745,0.006475063699374589,17.530000686645508
1329,2017-04-17,0.4810648009683721,0.478320553294432,0.48243689863425676,0.47694840328637655,0.01805356092867452,-0.0010976676642735494,-0.0027442476739401034,-0.0002744300016110923,-0.0013721500080554616,-0.011515065124815139,17.43000030517578
1330,2017-04-18,0.4780461232928209,0.475850735622103,0.4785949832960431,0.46953900261156034,0.0407462181280402,-0.0030186776755511957,-0.002469817672329011,-0.003841915338213653,-0.007409400674816213,0.022692657199365678,17.34000015258789
1331,2017-04-19,0.4739297779529962,0.47145996028066717,0.47447863795621836,0.4703622402742228,0.0264829036224008,-0.004116345339824745,-0.0043907753414358375,-0.004116345339824745,0.0008232376626624571,-0.014263314505639398,17.18000030517578
1332,2017-04-20,0.46953900261156034,0.4681668526035049,0.47173439028227826,0.4643249372652912,0.03816581437200435,-0.0043907753414358375,-0.003293107677162288,-0.0027442476739401034,-0.006037303008931572,0.01168291074960355,17.059999465942383
1333,2017-04-21,0.46569703493117587,0.46706918493923133,0.46706918493923133,0.46267840959779555,0.038203944906722735,-0.0038419676803844727,-0.0010976676642735494,-0.00466520534304693,-0.0016465276674956786,3.8130534718384956e-05,17.020000457763672
1334,2017-04-24,0.46212954959457336,0.46597146493278696,0.46624589493439805,0.4607574519286887,0.024535751830800208,-0.003567485336602505,-0.0010977200064443693,-0.000823290004833277,-0.0019209576691068264,-0.013668193075922527,16.979999542236328
1335,2017-04-25,0.45938530192063326,0.4577387742531375,0.461031829588129,0.4560922465856418,0.030140940434403008,-0.0027442476739401034,-0.008232690679649435,-0.005214065346269059,-0.00466520534304693,0.0056051886036028,16.68000030517578
1336,2017-04-26,0.45472009657758633,0.45472009657758633,0.4555433865824196,0.4500548912345394,0.034455036259643995,-0.00466520534304693,-0.0030186776755511957,-0.005488443005709387,-0.006037355351102391,0.004314095825240987,16.56999969482422
1337,2017-04-27,0.4525247089068684,0.44923165357187694,0.4525247089068684,0.44868279356865476,0.034234449334497444,-0.0021953876707179187,-0.005488443005709387,-0.0030186776755511957,-0.0013720976658846418,-0.00022058692514655143,16.3700008392334
1338,2017-04-28,0.4475850735622104,0.4473106435605993,0.4497804612329283,0.44593854589471466,0.02681289310977674,-0.004939635344658022,-0.0019210100112776463,-0.0027442476739401034,-0.0027442476739401034,-0.007421556224720703,16.299999237060547
1339,2017-05-01,0.4451152558898814,0.4388035228793387,0.44676183589954793,0.43633370520700965,0.04860823548277889,-0.002469817672329011,-0.008507120681260583,-0.003018625333380376,-0.009604840687705007,0.021795342373002152,15.989999771118164
1340,2017-05-02,0.43825468904720194,0.4371569952118429,0.4385290928777276,0.436059301376484,0.02559948684140192,-0.006860566842679439,-0.0016465276674957896,-0.00823274302182031,-0.0002744038305256269,-0.02300874864137697,15.93000030517578
1341,2017-05-03,0.4333150537025439,0.4278265845257491,0.433589483704155,0.4275521545241381,0.03772713504267412,-0.004939635344658022,-0.009330410686093804,-0.004939609173572612,-0.008507146852345937,0.012127648201272202,15.59000015258789
1342,2017-05-04,0.4248079068501979,0.4234358091843132,0.427277724522527,0.4212404215135954,0.043184434189191594,-0.008507146852345993,-0.004390775341435893,-0.006311759181628018,-0.006311733010542664,0.0054572991465174706,15.43000030517578
1343,2017-05-05,0.4234358091843132,0.4253567668534201,0.4256311968550312,0.42151482534412105,0.03020722341998824,-0.0013720976658846973,0.001920957669106882,-0.0016465276674957896,0.0002744038305256269,-0.012977210769203353,15.5
1344,2017-05-08,0.4234358091843132,0.4228869491810911,0.42453350301967224,0.42206368534734323,0.021914723019083086,0.0,-0.002469817672329011,-0.0010976938353589594,0.0005488600032221846,-0.008292500400905154,15.40999984741211
1345,2017-05-09,0.4212404215135954,0.4198682976766253,0.4212404215135954,0.4173984800042963,0.027198474778611266,-0.0021953876707178077,-0.003018651504465786,-0.0032930815060768226,-0.00466520534304693,0.00528375175952818,15.300000190734863
1346,2017-05-10,0.42206368534734323,0.4212404215135954,0.42261251917947995,0.42041713150876214,0.02416264276678011,0.0008232638337478115,0.0013721238369701072,0.0013720976658845307,0.0030186515044658413,-0.0030358320118311563,15.350000381469728
1347,2017-05-11,0.42178925534573214,0.42398464301645006,0.42453350301967224,0.4212404215135954,0.025008998093473265,-0.0002744300016110923,0.002744221502854638,0.0019209838401922918,0.000823290004833277,0.0008463553266931552,15.449999809265137
1348,2017-05-12,0.427277724522527,0.427277724522527,0.4283754183578859,0.426180030687168,0.022573632913422306,0.005488469176794852,0.0032930815060769336,0.003841915338213653,0.004939609173572557,-0.0024353651800509586,15.56999969482422
1349,2017-05-15,0.43551044137326184,0.43221735986718496,0.43578487137487293,0.4313940960334371,0.024111683267109742,0.008232716850734845,0.004939635344657967,0.007409453016987033,0.0052140653462691144,0.0015380503536874361,15.75
1350,2017-05-16,0.43413831753629184,0.4371569952118429,0.4385290928777276,0.433589483704155,0.024595263973771896,-0.0013721238369699962,0.004939635344657967,0.0027442215028546935,0.0021953876707179187,0.0004835807066621532,15.93000030517578
1351,2017-05-17,0.4412733405516677,0.4390779528809498,0.44264543821755237,0.43551044137326184,0.039784402116779215,0.007135023015375885,0.001920957669106882,0.004116345339824745,0.0019209576691068264,0.015189138143007319,16.0
1352,2017-05-18,0.43578487137487293,0.431119666031826,0.436059301376484,0.42700332069200125,0.03281364146606561,-0.005488469176794797,-0.007958286849123808,-0.006586136841068346,-0.008507120681260583,-0.0069707606507136075,15.710000038146973
1353,2017-05-19,0.43743139904236866,0.43743139904236866,0.43798025904559085,0.4349616075411251,0.02186661440051316,0.001646527667495734,0.006311733010542664,0.0019209576691068264,0.007958286849123863,-0.010947027065552447,15.9399995803833
1354,2017-05-22,0.4418222005548899,0.44538968589149247,0.447036265901159,0.4415477705532788,0.023013737683302747,0.004390801512521247,0.007958286849123808,0.009056006855568177,0.006586163012153701,0.0011471232827895868,16.229999542236328
1355,2017-05-23,0.44840836356704367,0.44319429822077455,0.4495060312313172,0.442096630556501,0.028699820038130534,0.006586163012153756,-0.0021953876707179187,0.0024697653301581912,0.0005488600032221846,0.005686082354827787,16.149999618530273
1356,2017-05-24,0.44319429822077455,0.44676183589954793,0.44676183589954793,0.4418222005548899,0.023038682892931598,-0.0052140653462691144,0.0035675376787733803,-0.0027441953317692835,-0.0002744300016110923,-0.005661137145198936,16.280000686645508
1357,2017-05-25,0.447036265901159,0.44538968589149247,0.4478595035638215,0.4448408258882703,0.014865919498244926,0.0038419676803844727,-0.0013721500080554616,0.0010976676642735494,0.003018625333380376,-0.008172763394686672,16.229999542236328
1358,2017-05-26,0.4495060312313172,0.4500548912345394,0.45142704124259486,0.4475850735622104,0.020401261514886946,0.0024697653301581912,0.00466520534304693,0.0035675376787733803,0.0027442476739401034,0.00553534201664202,16.399999618530273
1359,2017-05-30,0.4497804612329283,0.4519758489036462,0.4533479989117017,0.4497804612329283,0.023138463731447,0.0002744300016110923,0.0019209576691068264,0.0019209576691068264,0.0021953876707179187,0.0027372022165600557,16.469999313354492
1360,2017-05-31,0.44868279356865476,0.4497804612329283,0.4527991389084795,0.4481339335654326,0.01845446608342391,-0.0010976676642735494,-0.0021953876707179187,-0.0005488600032221846,-0.001646527667495734,-0.004683997648023092,16.389999389648438
1361,2017-06-01,0.44346872822238564,0.4495060312313172,0.4503293212361505,0.44291986821916346,0.01868075477077134,-0.0052140653462691144,-0.0002744300016110923,-0.002469817672329011,-0.0052140653462691144,0.00022628868734743054,16.3799991607666
1362,2017-06-02,0.45142704124259486,0.4552689565808085,0.45664105424669316,0.45115261124098377,0.0244748142472783,0.007958313020209218,0.005762925349491299,0.006311733010542664,0.00823274302182031,0.00579405947650696,16.59000015258789
1363,2017-06-05,0.45664105424669316,0.45636662424508206,0.4585620119158,0.4555433865824196,0.01597633768686635,0.005214013004098295,0.0010976676642735494,0.0019209576691068264,0.0043907753414358375,-0.00849847656041195,16.6299991607666
1364,2017-06-06,0.45911087191902217,0.45993416192385544,0.461031829588129,0.4580132042547486,0.019329330221121464,0.002469817672329011,0.0035675376787733803,0.002469817672329011,0.002469817672329011,0.003352992534255115,16.760000228881836
1365,2017-06-07,0.4582876342563597,0.45691548424830425,0.46048302192707763,0.45472009657758633,0.01536874365233505,-0.0008232376626624571,-0.0030186776755511957,-0.0005488076610513648,-0.003293107677162288,-0.003960586568786414,16.649999618530273
1366,2017-06-08,0.4577387742531375,0.4525247089068684,0.4577387742531375,0.44923165357187694,0.026514619674643195,-0.0005488600032221846,-0.0043907753414358375,-0.0027442476739401034,-0.005488443005709387,0.011145876022308146,16.489999771118164
1367,2017-06-09,0.4478595035638215,0.44676183589954793,0.44868279356865476,0.44593854589471466,0.019389911444505817,-0.009879270689316044,-0.005762873007320479,-0.009055980684482767,-0.003293107677162288,-0.007124708230137378,16.280000686645508
1368,2017-06-12,0.442096630556501,0.4401756728873942,0.44401758822560783,0.4401756728873942,0.02126329668763252,-0.005762873007320479,-0.006586163012153756,-0.00466520534304693,-0.005762873007320479,0.0018733852431267045,16.040000915527344
1369,2017-06-13,0.4349616075411251,0.43770582904397975,0.4390779528809498,0.43413831753629184,0.03319138321187392,-0.007135023015375885,-0.002469843843414421,-0.004939635344658022,-0.006037355351102336,0.011928086524241398,15.949999809265137
1370,2017-06-14,0.4473106435605993,0.43770582904397975,0.44923165357187694,0.43743139904236866,0.048648504178322616,0.01234903601947418,0.0,0.010153700690927137,0.0032930815060768226,0.015457120966448697,15.949999809265137
1371,2017-06-15,0.43413831753629184,0.43578487137487293,0.43743139904236866,0.4333150537025439,0.022331308019884897,-0.013172326024307457,-0.0019209576691068264,-0.01180025452950828,-0.004116345339824745,-0.02631719615843772,15.880000114440918
1372,2017-06-16,0.4338639137057661,0.4333150537025439,0.43413831753629184,0.43221735986718496,0.017129162731856815,-0.0002744038305257379,-0.002469817672329011,-0.0032930815060768226,-0.0010976938353589594,-0.005202145288028082,15.789999961853027
1373,2017-06-19,0.4302964021980781,0.4283754183578859,0.4308452360302149,0.42810101452736027,0.02653065588083317,-0.003567511507688026,-0.004939635344658022,-0.0032930815060769336,-0.00411634533982469,0.009401493148976356,15.609999656677246
1374,2017-06-20,0.427277724522527,0.4278265845257491,0.4283754183578859,0.4256311968550312,0.022074016000570178,-0.0030186776755510847,-0.0005488338321367747,-0.002469817672329011,-0.0024698176723290666,-0.004456639880262993,15.59000015258789
1375,2017-06-21,0.4259056268566423,0.42645446068877907,0.4278265845257491,0.4253567668534201,0.021448960319298684,-0.0013720976658846973,-0.0013721238369700517,-0.0005488338321367747,-0.0002744300016110923,-0.0006250556812714934,15.539999961853027
1376,2017-06-22,0.4302964021980781,0.4302964021980781,0.4316684998639628,0.4289242783611081,0.01887176380450083,0.004390775341435782,0.0038419415092990072,0.003841915338213653,0.0035675115076879704,-0.002577196514797854,15.68000030517578
1377,2017-06-23,0.43441274753790293,0.4333150537025439,0.4349616075411251,0.43249178986879605,0.01866507492471892,0.004116345339824856,0.0030186515044658413,0.0032931076771623435,0.0035675115076879704,-0.00020668887978191053,15.789999961853027
1378,2017-06-26,0.431119666031826,0.4302964021980781,0.43194292986557387,0.4294731121932448,0.013560928674518469,-0.0032930815060769336,-0.0030186515044658413,-0.003018677675551251,-0.003018677675551251,-0.005104146250200451,15.68000030517578
1379,2017-06-27,0.4316684998639628,0.4333150537025439,0.4349616075411251,0.4302964021980781,0.015502022343780624,0.0005488338321367747,0.0030186515044658413,0.003018677675551251,0.000823290004833277,0.0019410936692621557,15.789999961853027
1380,2017-06-28,0.436059301376484,0.43688256521023183,0.43688256521023183,0.43413831753629184,0.017062523386134027,0.004390801512521247,0.003567511507687915,0.0019209576691067154,0.003841915338213764,0.0015605010423534026,15.920000076293944
1381,2017-06-29,0.43194292986557387,0.4316684998639628,0.4349616075411251,0.431119666031826,0.017924914919017158,-0.004116371510910155,-0.005214065346269059,-0.0019209576691067154,-0.0030186515044658413,0.0008623915328831305,15.729999542236328
1382,2017-06-30,0.4313940960334371,0.431119666031826,0.4330406237009328,0.4308452360302149,0.013614026335014165,-0.0005488338321367747,-0.0005488338321367747,-0.0019209838401922918,-0.0002744300016110923,-0.004310888584002992,15.710000038146973
1383,2017-07-03,0.42178925534573214,0.4198682976766253,0.4234358091843132,0.4179473138364331,0.028165279831798014,-0.009604840687704952,-0.011251368355200686,-0.009604814516619598,-0.01289792219378183,0.014551253496783849,15.300000190734863
1384,2017-07-05,0.4135565384949973,0.41657521617054843,0.4168496200010741,0.4127332746612494,0.033952212105553874,-0.008232716850734845,-0.003293081506076878,-0.006586189183239111,-0.005214039175183649,0.00578693227375586,15.18000030517578
1385,2017-07-06,0.41575192616571516,0.41575192616571516,0.41630078616893734,0.4138309684966084,0.01836858329027315,0.0021953876707178632,-0.000823290004833277,-0.0005488338321367747,0.0010976938353589594,-0.015583628815280724,15.149999618530272
1386,2017-07-07,0.4102634569889204,0.40422612780890343,0.4105378869905315,0.39873765863210864,0.06839406304010834,-0.005488469176794741,-0.011525798356811723,-0.005762899178405834,-0.015093309864499749,0.05002547974983519,14.729999542236328
1387,2017-07-10,0.3968167009630018,0.4069703754828436,0.4088913331519503,0.3962678409597796,0.05216364057516526,-0.013446756025918605,0.002744247673940159,-0.0016465538385811995,-0.002469817672329011,-0.01623042246494308,14.829999923706056
1388,2017-07-11,0.4075192354860658,0.4113611508242794,0.41163558082589047,0.4050494178137367,0.02770486253407694,0.010702534523063967,0.004390775341435782,0.002744247673940159,0.008781576853957085,-0.02445877804108832,14.989999771118164
1389,2017-07-12,0.4141053984982195,0.4130077046628605,0.41492866233196735,0.41218444082911265,0.029481317819788678,0.006586163012153701,0.001646553838581144,0.003293081506076878,0.007135023015375941,0.0017764552857117387,15.050000190734863
1390,2017-07-13,0.4127332746612494,0.4080680693182025,0.4130077046628605,0.40724480548445463,0.02571102756445664,-0.0013721238369700517,-0.004939635344658022,-0.0019209576691068264,-0.004939635344658022,-0.0037702902553320393,14.869999885559082
1391,2017-07-14,0.4154775223351895,0.4138309684966084,0.4176729100059074,0.41191001082750156,0.027945049266789018,0.002744247673940048,0.005762899178405889,0.004665205343046874,0.00466520534304693,0.002234021702332379,15.079999923706056
1392,2017-07-17,0.41904503384287745,0.4176729100059074,0.42041713150876214,0.4176729100059074,0.02696648432906295,0.0035675115076879704,0.0038419415092990072,0.002744221502854749,0.005762899178405834,-0.0009785649377260681,15.220000267028809
1393,2017-07-18,0.42178925534573214,0.42206368534734323,0.42398464301645006,0.42041713150876214,0.02777684728186305,0.0027442215028546935,0.0043907753414358375,0.003567511507687915,0.002744221502854749,0.0008103629528001012,15.380000114440918
1394,2017-07-19,0.4234358091843132,0.42261251917947995,0.4248079068501979,0.42069156151037324,0.018285907738360387,0.0016465538385810885,0.0005488338321367192,0.000823263833747867,0.0002744300016110923,-0.009490939543502663,15.399999618530272
1395,2017-07-20,0.42206368534734323,0.42316137918270214,0.426180030687168,0.4198682976766253,0.026955437164798746,-0.0013721238369699962,0.0005488600032221846,0.0013721238369700517,-0.0008232638337479226,0.008669529426438359,15.420000076293944
1396,2017-07-21,0.427277724522527,0.42810101452736027,0.4289242783611081,0.4259056268566423,0.026550255688398694,0.00521403917518376,0.004939635344658133,0.0027442476739401034,0.0060373291800169815,-0.00040518147640005234,15.600000381469728
1397,2017-07-24,0.42974754219485595,0.4275521545241381,0.430021972196467,0.42645446068877907,0.020714145715660246,0.0024698176723289555,-0.0005488600032221846,0.0010976938353589039,0.0005488338321367747,-0.005836109972738448,15.579999923706056
1398,2017-07-25,0.428649848359497,0.4278265845257491,0.4313940960334371,0.42700332069200125,0.0239488266842471,-0.0010976938353589594,0.0002744300016110368,0.0013721238369701072,0.0005488600032221846,0.0032346809685868533,15.59000015258789
1399,2017-07-26,0.42700332069200125,0.43221735986718496,0.4333150537025439,0.4259056268566423,0.035034477843308445,-0.001646527667495734,0.0043907753414358375,0.0019209576691068264,-0.0010976938353589594,0.011085651159061346,15.75
1400,2017-07-27,0.43633370520700965,0.4302964021980781,0.43633370520700965,0.4294731121932448,0.026289400067708427,0.009330384515008394,-0.001920957669106882,0.0030186515044657303,0.003567485336602505,-0.008745077775600019,15.68000030517578
1401,2017-07-28,0.43249178986879605,0.4338639137057661,0.43468717753951397,0.43194292986557387,0.020814995634588315,-0.0038419153382135973,0.003567511507688026,-0.0016465276674956786,0.0024698176723290666,-0.005474404433120111,15.8100004196167
1402,2017-07-31,0.43633370520700965,0.43633370520700965,0.43798025904559085,0.43523601137165074,0.020213459722395452,0.0038419153382135973,0.0024697915012435456,0.003293081506076878,0.003293081506076878,-0.0006015359121928632,15.899999618530272
1403,2017-08-01,0.43441274753790293,0.4333150537025439,0.43688256521023183,0.4333150537025439,0.022962421823494825,-0.0019209576691067154,-0.0030186515044657303,-0.0010976938353590149,-0.0019209576691068264,0.0027489621010993726,15.789999961853027
1404,2017-08-02,0.4305708060286038,0.430021972196467,0.43523601137165074,0.42974754219485595,0.02252980061650304,-0.0038419415092991183,-0.0032930815060769336,-0.0016465538385810885,-0.0035675115076879704,-0.0004326212069917859,15.670000076293944
1405,2017-08-03,0.4313940960334371,0.4313940960334371,0.4333150537025439,0.4308452360302149,0.019120146820376674,0.000823290004833277,0.0013721238369701072,-0.0019209576691068264,0.0010976938353589594,-0.003409653796126365,15.720000267028809
1406,2017-08-04,0.42645446068877907,0.42206368534734323,0.42700332069200125,0.4201427276782364,0.04337187962154553,-0.004939635344658022,-0.00933041068609386,-0.006311733010542664,-0.010702508351978501,0.02425173280116886,15.380000114440918
1407,2017-08-07,0.41904503384287745,0.42069156151037324,0.4228869491810911,0.41904503384287745,0.014938260606168595,-0.007409426845901623,-0.0013721238369699962,-0.004116371510910155,-0.0010976938353589594,-0.028433619015376936,15.329999923706056
1408,2017-08-08,0.4256311968550312,0.42700332069200125,0.4275521545241381,0.42151482534412105,0.02640414803200114,0.006586163012153756,0.006311759181628018,0.004665205343046985,0.002469791501243601,0.011465887425832546,15.5600004196167
1409,2017-08-09,0.43523601137165074,0.4385290928777276,0.4393523828825609,0.43441274753790293,0.044709655577927054,0.009604814516619542,0.011525772185726368,0.011800228358422815,0.012897922193781886,0.018305507545925914,15.979999542236328
1410,2017-08-10,0.44621297589632575,0.44401758822560783,0.44676183589954793,0.4418222005548899,0.037498351834363806,0.010976964524675004,0.005488495347880207,0.007409453016987033,0.007409453016986978,-0.007211303743563248,16.18000030517578
1411,2017-08-11,0.4415477705532788,0.44374315822399674,0.44401758822560783,0.4399012428857831,0.022458528588992034,-0.00466520534304693,-0.0002744300016110923,-0.0027442476739401034,-0.0019209576691068264,-0.015039823245371772,16.170000076293945
1412,2017-08-14,0.44291986821916346,0.44264543821755237,0.4451152558898814,0.4412733405516677,0.01886891292340039,0.0013720976658846418,-0.0010977200064443693,0.0010976676642735494,0.0013720976658846418,-0.003589615665591645,16.1299991607666
1413,2017-08-15,0.431119666031826,0.43194292986557387,0.43468717753951397,0.4302964021980781,0.03148085455160986,-0.01180020218733746,-0.010702508351978501,-0.010428078350367409,-0.01097693835358965,0.012611941628209469,15.739999771118164
1414,2017-08-16,0.43276621987040714,0.44319429822077455,0.44401758822560783,0.43276621987040714,0.03499456550790229,0.001646553838581144,0.011251368355200686,0.00933041068609386,0.0024698176723290666,0.0035137109562924304,16.149999618530273
1415,2017-08-17,0.44401758822560783,0.4423710605581121,0.44538968589149247,0.4401756728873942,0.022802416121732623,0.011251368355200686,-0.0008232376626624571,0.0013720976658846418,0.007409453016987033,-0.012192149386169665,16.1200008392334
1416,2017-08-18,0.4448408258882703,0.4418222005548899,0.44566411589310356,0.4401756728873942,0.03135505942305294,0.0008232376626624571,-0.0005488600032221846,0.0002744300016110923,0.0,0.008552643301320315,16.100000381469727
1417,2017-08-21,0.4423710605581121,0.44099891055005663,0.4442920182272189,0.44045005054683445,0.0177574256543663,-0.0024697653301581912,-0.000823290004833277,-0.0013720976658846418,0.0002743776594402725,-0.013597633768686637,16.06999969482422
1418,2017-08-22,0.44291986821916346,0.44099891055005663,0.44346872822238564,0.43770582904397975,0.018271653332858188,0.0005488076610513648,0.0,-0.000823290004833277,-0.0027442215028546935,0.0005142276784918867,16.06999969482422
1419,2017-08-23,0.4423710605581121,0.44319429822077455,0.44346872822238564,0.4401756728873942,0.011315859807921887,-0.0005488076610513648,0.0021953876707179187,0.0,0.002469843843414421,-0.006955793524936301,16.149999618530273
1420,2017-08-24,0.4401756728873942,0.4399012428857831,0.4412733405516677,0.43770582904397975,0.014793934750458813,-0.0021953876707179187,-0.003293055334991468,-0.0021953876707179187,-0.002469843843414421,0.0034780749425369264,16.030000686645508
1421,2017-08-25,0.44401758822560783,0.442096630556501,0.4448408258882703,0.4338639137057661,0.04247848475669511,0.003841915338213653,0.0021953876707179187,0.0035674853366025605,-0.003841915338213653,0.0276845500062363,16.110000610351562
1422,2017-08-28,0.44566411589310356,0.4527991389084795,0.4533479989117017,0.4448408258882703,0.039490048643158776,0.001646527667495734,0.010702508351978501,0.008507173023431402,0.010976912182504184,-0.002988436113536337,16.5
1423,2017-08-29,0.45746434425152643,0.4506037512377616,0.4577387742531375,0.4478595035638215,0.04403078951588475,0.01180022835842287,-0.0021953876707179187,0.0043907753414358375,0.0030186776755511957,0.004540740872725976,16.420000076293945
1424,2017-08-30,0.45115261124098377,0.45170141890203513,0.4527991389084795,0.4506037512377616,0.011761666340003207,-0.006311733010542664,0.0010976676642735494,-0.004939635344658022,0.0027442476739401034,-0.03226912317588154,16.459999084472656
1425,2017-08-31,0.45170141890203513,0.45691548424830425,0.45718991424991534,0.45170141890203513,0.02297061810665859,0.0005488076610513648,0.0052140653462691144,0.0043907753414358375,0.0010976676642735494,0.011208951766655383,16.649999618530273
1426,2017-09-01,0.4585620119158,0.45911087191902217,0.46020859192546654,0.45417123657436415,0.02593909805249185,0.0068605930137648485,0.0021953876707179187,0.0030186776755511957,0.002469817672329011,0.0029684799458332585,16.729999542236328
1427,2017-09-05,0.4648737972685134,0.46405050726368013,0.46679475493762024,0.46185511959296227,0.03834933984284518,0.006311785352713428,0.004939635344657967,0.006586163012153701,0.0076838830185981255,0.01241024179035333,16.90999984741211
1428,2017-09-06,0.46624589493439805,0.46295283959940664,0.46652032493600915,0.46185511959296227,0.03044028294994922,0.0013720976658846418,-0.001097667664273494,-0.0002744300016110923,0.0,-0.00790905689289596,16.8700008392334
1429,2017-09-07,0.46624589493439805,0.46926457260994925,0.4703622402742228,0.46569703493117587,0.03286210644477309,0.0,0.006311733010542608,0.003841915338213653,0.0038419153382135973,0.0024218234948238694,17.100000381469727
1430,2017-09-08,0.46981343261317143,0.46706918493923133,0.4700878102726117,0.4643249372652912,0.027812126935480998,0.0035675376787733803,-0.0021953876707179187,-0.0002744300016110923,-0.0013720976658846418,-0.005049979509292091,17.020000457763672
1431,2017-09-11,0.46240397959618446,0.46020859192546654,0.4645993672669023,0.45993416192385544,0.025950857937031165,-0.007409453016986978,-0.006860593013764793,-0.005488443005709387,-0.004390775341435782,-0.0018612689984498325,16.770000457763672
1432,2017-09-12,0.46185511959296227,0.463501647260458,0.4643249372652912,0.461031829588129,0.01533809668050532,-0.0005488600032221846,0.003293055334991468,-0.0002744300016110923,0.0010976676642735494,-0.010612761256525846,16.889999389648438
1433,2017-09-13,0.4613062595897401,0.45993416192385544,0.46185511959296227,0.4580132042547486,0.024015822390107442,-0.0005488600032221846,-0.0035674853366025605,-0.0024698176723289555,-0.003018625333380376,0.008677725709602123,16.760000228881836
1434,2017-09-14,0.4585620119158,0.46020859192546654,0.4613062595897401,0.4582876342563597,0.014581544108476025,-0.0027442476739401034,0.0002744300016110923,-0.0005488600032221846,0.0002744300016110923,-0.009434278281631417,16.770000457763672
1435,2017-09-15,0.4588364419174111,0.4560922465856418,0.4588364419174111,0.4558178165840307,0.014881955704434902,0.0002744300016110923,-0.004116345339824745,-0.002469817672329011,-0.002469817672329011,0.0003004115959588764,16.6200008392334
1436,2017-09-18,0.4497804612329283,0.44648740589793684,0.4503293212361505,0.4423710605581121,0.0413292233130802,-0.009055980684482767,-0.009604840687704952,-0.008507120681260583,-0.013446756025918605,0.026447267608645297,16.270000457763672
1437,2017-09-19,0.44648740589793684,0.44895722357026585,0.4495060312313172,0.44593854589471466,0.015105393510681894,-0.003293055334991468,0.002469817672329011,-0.000823290004833277,0.0035674853366025605,-0.026223829802398305,16.360000610351562
1438,2017-09-20,0.4475850735622104,0.4442920182272189,0.4508781812393727,0.4399012428857831,0.03756784206118704,0.0010976676642735494,-0.00466520534304693,0.0013721500080554616,-0.006037303008931572,0.022462448550505144,16.190000534057617
1439,2017-09-21,0.43798025904559085,0.4399012428857831,0.442096630556501,0.43743139904236866,0.025480462555458546,-0.009604814516619542,-0.0043907753414358375,-0.008781550682871675,-0.002469843843414421,-0.012087379505728493,16.030000686645508
1440,2017-09-22,0.4393523828825609,0.44045005054683445,0.4415477705532788,0.4385290928777276,0.012904513301142135,0.0013721238369700517,0.0005488076610513648,-0.0005488600032221846,0.0010976938353589594,-0.012575949254316411,16.049999237060547
1441,2017-09-25,0.43770582904397975,0.4448408258882703,0.4451152558898814,0.4366081352086208,0.031808349518022916,-0.001646553838581144,0.0043907753414358375,0.0035674853366025605,-0.0019209576691068264,0.01890383621688078,16.209999084472656
1442,2017-09-26,0.439626812884172,0.4366081352086208,0.439626812884172,0.4349616075411251,0.027387345651515422,0.0019209838401922363,-0.00823269067964949,-0.005488443005709387,-0.0016465276674956786,-0.004421003866507494,15.90999984741211
1443,2017-09-27,0.43413831753629184,0.43441274753790293,0.4385290928777276,0.43413831753629184,0.032151167970350836,-0.005488495347880151,-0.0021953876707178632,-0.0010977200064443693,-0.000823290004833277,0.004763822318835414,15.829999923706056
1444,2017-09-28,0.43578487137487293,0.43688256521023183,0.43798025904559085,0.433589483704155,0.015480284375389768,0.0016465538385810885,0.0024698176723289,-0.0005488338321367747,-0.0005488338321368302,-0.016670883594961067,15.920000076293944
1445,2017-09-29,0.43551044137326184,0.43194292986557387,0.43633370520700965,0.431119666031826,0.022559378507920103,-0.0002744300016110923,-0.004939635344657967,-0.0016465538385811995,-0.002469817672329011,0.007079094132530335,15.739999771118164
1446,2017-10-02,0.43221735986718496,0.430021972196467,0.4338639137057661,0.42974754219485595,0.01824920264419222,-0.003293081506076878,-0.001920957669106882,-0.0024697915012435456,-0.0013721238369700517,-0.004310175863727884,15.670000076293944
1447,2017-10-03,0.4305708060286038,0.431119666031826,0.43221735986718496,0.4302964021980781,0.013679240240186732,-0.001646553838581144,0.0010976938353590149,-0.001646553838581144,0.0005488600032221291,-0.004569962404005487,15.710000038146973
1448,2017-10-04,0.4313940960334371,0.4305708060286038,0.43249178986879605,0.428649848359497,0.023944906722733996,0.000823290004833277,-0.0005488600032221846,0.0002744300016110923,-0.0016465538385810885,0.010265666482547264,15.6899995803833
1449,2017-10-05,0.43249178986879605,0.4305708060286038,0.4338639137057661,0.42974754219485595,0.016145252392067422,0.0010976938353589594,0.0,0.0013721238369700517,0.0010976938353589594,-0.007799654330666574,15.6899995803833
1450,2017-10-06,0.430021972196467,0.4349616075411251,0.4371569952118429,0.42316137918270214,0.04319940131496891,-0.0024698176723290666,0.004390801512521303,0.0032930815060768226,-0.006586163012153812,0.027054148922901488,15.850000381469728
1451,2017-10-09,0.43770582904397975,0.439626812884172,0.4401756728873942,0.43743139904236866,0.01987135399034264,0.007683856847512771,0.004665205343046874,0.003018677675551251,0.014270019859666527,-0.02332804732462627,16.020000457763672
1452,2017-10-10,0.44538968589149247,0.44319429822077455,0.447036265901159,0.44319429822077455,0.029774602212996455,0.007683856847512716,0.0035674853366025605,0.0068605930137648485,0.005762899178405889,0.009903248222653815,16.149999618530273
1453,2017-10-11,0.44456644822883,0.44593854589471466,0.44676183589954793,0.442096630556501,0.024708230137376833,-0.0008232376626624571,0.0027442476739401034,-0.0002744300016110923,-0.0010976676642735494,-0.005066372075619621,16.25
1454,2017-10-12,0.4451152558898814,0.44621297589632575,0.4473106435605993,0.44346872822238564,0.015467099050300234,0.0005488076610513648,0.0002744300016110923,0.0005488076610513648,0.0013720976658846418,-0.009241131087076599,16.260000228881836
1455,2017-10-13,0.4495060312313172,0.4503293212361505,0.4508781812393727,0.4475850735622104,0.023579993941877663,0.0043907753414358375,0.004116345339824745,0.0035675376787733803,0.004116345339824745,0.008112894891577429,16.40999984741211
1456,2017-10-16,0.4508781812393727,0.44593854589471466,0.4525247089068684,0.44319429822077455,0.028203410366516402,0.0013721500080554616,-0.0043907753414358375,0.001646527667495734,-0.0043907753414358375,0.004623416424638739,16.25
1457,2017-10-17,0.442096630556501,0.4415477705532788,0.44374315822399674,0.439626812884172,0.02752668246529943,-0.008781550682871675,-0.0043907753414358375,-0.008781550682871675,-0.0035674853366025605,-0.0006767279012169711,16.09000015258789
1458,2017-10-18,0.44072448054844554,0.44072448054844554,0.4415477705532788,0.4393523828825609,0.014699499314006735,-0.0013721500080554616,-0.000823290004833277,-0.0021953876707179187,-0.0002744300016110923,-0.012827183151292696,16.059999465942383
1459,2017-10-19,0.44072448054844554,0.44648740589793684,0.4475850735622104,0.44045005054683445,0.027285070292037132,0.0,0.005762925349491299,0.006037303008931572,0.0010976676642735494,0.012585570978030397,16.270000457763672
1460,2017-10-20,0.44374315822399674,0.4412733405516677,0.44621297589632575,0.4385290928777276,0.03133973593713807,0.0030186776755511957,-0.0052140653462691144,-0.0013720976658846418,-0.0019209576691068264,0.004054665645100937,16.079999923706055
1461,2017-10-23,0.43825468904720194,0.44291986821916346,0.44346872822238564,0.43688256521023183,0.02252338613402705,-0.005488469176794797,0.001646527667495734,-0.0027442476739401034,-0.0016465276674957896,-0.00881634980311102,16.139999389648438
1462,2017-10-24,0.439626812884172,0.439626812884172,0.4418222005548899,0.43743139904236866,0.021993478609482742,0.0013721238369700517,-0.003293055334991468,-0.001646527667495734,0.0005488338321368302,-0.0005299075245443069,16.020000457763672
1463,2017-10-25,0.4401756728873942,0.4393523828825609,0.44045005054683445,0.43743139904236866,0.01538228533756214,0.0005488600032221846,-0.0002744300016110923,-0.0013721500080554616,0.0,-0.006611193271920602,16.010000228881836
1464,2017-10-26,0.43825468904720194,0.4349616075411251,0.4390779528809498,0.43413831753629184,0.023583913903390766,-0.0019209838401922363,-0.004390775341435782,-0.0013720976658846418,-0.0032930815060768226,0.008201628565828626,15.850000381469728
1465,2017-10-27,0.43194292986557387,0.4366081352086208,0.4371569952118429,0.4308452360302149,0.025749158099175027,-0.006311759181628074,0.0016465276674956786,-0.001920957669106882,-0.0032930815060769336,0.0021652441957842605,15.90999984741211
1466,2017-10-30,0.43194292986557387,0.4366081352086208,0.43798025904559085,0.43194292986557387,0.01373518878178287,0.0,0.0,0.0008232638337479226,0.0010976938353589594,-0.012013969317392157,15.90999984741211
1467,2017-10-31,0.43413831753629184,0.4333150537025439,0.4349616075411251,0.431119666031826,0.03797623077882508,0.0021953876707179742,-0.003293081506076878,-0.0030186515044657303,-0.000823263833747867,0.02424104199704221,15.789999961853027
1468,2017-11-01,0.43770582904397975,0.44401758822560783,0.44566411589310356,0.4371569952118429,0.038091691463392904,0.003567511507687915,0.010702534523063911,0.010702508351978446,0.006037329180016926,0.00011546068456782382,16.18000030517578
1469,2017-11-02,0.44401758822560783,0.44374315822399674,0.44676183589954793,0.4415477705532788,0.0195983821249755,0.006311759181628074,-0.0002744300016110923,0.0010977200064443693,0.004390775341435893,-0.018493309338417405,16.170000076293945
1470,2017-11-03,0.44456644822883,0.43688256521023183,0.4451152558898814,0.43468717753951397,0.024160148245817224,0.0005488600032221846,-0.006860593013764904,-0.001646580009666554,-0.0068605930137648485,0.004561766120841724,15.920000076293944
1471,2017-11-06,0.43743139904236866,0.44648740589793684,0.4473106435605993,0.43743139904236866,0.03494503144878214,-0.007135049186461351,0.009604840687705007,0.0021953876707179187,0.0027442215028546935,0.010784883202964914,16.270000457763672
1472,2017-11-07,0.4448408258882703,0.4393523828825609,0.44538968589149247,0.43825468904720194,0.023047948256508025,0.007409426845901623,-0.007135023015375941,-0.0019209576691068264,0.000823290004833277,-0.011897083192274113,16.010000228881836
1473,2017-11-08,0.44291986821916346,0.44072448054844554,0.447036265901159,0.44045005054683445,0.022798139800081964,-0.0019209576691068264,0.0013720976658846418,0.001646580009666554,0.002195361499632509,-0.0002498084564260608,16.059999465942383
1474,2017-11-09,0.439626812884172,0.44099891055005663,0.4418222005548899,0.4388035228793387,0.015293195303173386,-0.003293055334991468,0.0002744300016110923,-0.0052140653462691144,-0.001646527667495734,-0.007504944496908578,16.06999969482422
1475,2017-11-10,0.4418222005548899,0.43770582904397975,0.44319429822077455,0.4349616075411251,0.028135345580243394,0.0021953876707179187,-0.003293081506076878,0.0013720976658846418,-0.0038419153382135973,0.012842150277070008,15.949999809265137
1476,2017-11-13,0.4401756728873942,0.4415477705532788,0.4423710605581121,0.4388035228793387,0.02123692603745345,-0.001646527667495734,0.0038419415092990628,-0.0008232376626624571,0.0038419153382135973,-0.006898419542789944,16.09000015258789
1477,2017-11-14,0.4393523828825609,0.4412733405516677,0.44291986821916346,0.4371569952118429,0.023978048215526612,-0.000823290004833277,-0.0002744300016110923,0.0005488076610513648,-0.0016465276674957896,0.0027411221780731625,16.079999923706055
1478,2017-11-15,0.4442920182272189,0.4399012428857831,0.4448408258882703,0.4390779528809498,0.02270477344404255,0.004939635344658022,-0.0013720976658846418,0.0019209576691068264,0.001920957669106882,-0.001273274771484062,16.030000686645508
1479,2017-11-16,0.4418222005548899,0.4423710605581121,0.44374315822399674,0.4415477705532788,0.01569730769916077,-0.002469817672329011,0.002469817672329011,-0.0010976676642735494,0.002469817672329011,-0.007007465744881779,16.1200008392334
1480,2017-11-17,0.44291986821916346,0.4475850735622104,0.4503293212361505,0.4418222005548899,0.03216221513461504,0.0010976676642735494,0.005214013004098295,0.006586163012153756,0.0002744300016110923,0.01646490743545427,16.309999465942383
1481,2017-11-20,0.44291986821916346,0.4385290928777276,0.44374315822399674,0.43633370520700965,0.04589098943392192,0.0,-0.009055980684482767,-0.006586163012153756,-0.005488495347880262,0.013728774299306877,15.979999542236328
1482,2017-11-21,0.4401756728873942,0.4393523828825609,0.442096630556501,0.4388035228793387,0.020796464907435454,-0.0027441953317692835,0.000823290004833277,-0.001646527667495734,0.0024698176723290666,-0.025094524526486466,16.010000228881836
1483,2017-11-22,0.44319429822077455,0.44374315822399674,0.44456644822883,0.44264543821755237,0.019957593143630954,0.003018625333380376,0.0043907753414358375,0.002469817672329011,0.003841915338213653,-0.0008388717638045003,16.170000076293945
1484,2017-11-24,0.4418222005548899,0.4412733405516677,0.44401758822560783,0.44045005054683445,0.008637457014058407,-0.0013720976658846418,-0.002469817672329011,-0.0005488600032221846,-0.0021953876707179187,-0.011320136129572547,16.079999923706055
1485,2017-11-27,0.44456644822883,0.4418222005548899,0.4448408258882703,0.44072448054844554,0.017676531903141314,0.0027442476739401034,0.0005488600032221846,0.0008232376626624571,0.0002744300016110923,0.009039074889082907,16.100000381469727
1486,2017-11-28,0.442096630556501,0.4366081352086208,0.4423710605581121,0.43413831753629184,0.04689592502182706,-0.002469817672329011,-0.0052140653462691144,-0.0024697653301581912,-0.006586163012153701,0.029219393118685745,15.90999984741211
1487,2017-11-29,0.43249178986879605,0.4291987083627192,0.4333150537025439,0.4278265845257491,0.032434830639844626,-0.009604840687704952,-0.007409426845901623,-0.009056006855568177,-0.006311733010542719,-0.014461094381982433,15.640000343322754
1488,2017-11-30,0.42453350301967224,0.4256311968550312,0.42700332069200125,0.42261251917947995,0.03932754842043369,-0.007958286849123808,-0.0035675115076879704,-0.006311733010542664,-0.00521406534626917,0.006892717780589065,15.510000228881836
1489,2017-12-01,0.42316137918270214,0.426180030687168,0.4289242783611081,0.42069156151037324,0.052142258966911964,-0.0013721238369701072,0.0005488338321367747,0.0019209576691068264,-0.0019209576691067154,0.012814710546478272,15.529999732971191
1490,2017-12-04,0.42398464301645006,0.42371021301483897,0.42398464301645006,0.42096599151198427,0.024436683712559915,0.0008232638337479226,-0.002469817672329011,-0.004939635344658022,0.0002744300016110368,-0.02770557525435205,15.4399995803833
1491,2017-12-05,0.4195938676750142,0.4179473138364331,0.4195938676750142,0.4152030923335784,0.03607790032606953,-0.0043907753414358375,-0.005762899178405889,-0.0043907753414358375,-0.005762899178405889,0.011641216613509614,15.229999542236328
1492,2017-12-06,0.41465423233035625,0.41437982849983057,0.41657521617054843,0.41218444082911265,0.02895319209593215,-0.004939635344657967,-0.003567485336602505,-0.003018651504465786,-0.0030186515044657303,-0.007124708230137378,15.100000381469728
1493,2017-12-07,0.4094401931551725,0.4080680693182025,0.4108123169921426,0.4053238478153478,0.039580920478235304,-0.00521403917518376,-0.006311759181628074,-0.005762899178405834,-0.0068605930137648485,0.010627728382303154,14.869999885559082
1494,2017-12-08,0.4097146231567836,0.4105378869905315,0.41191001082750156,0.4086169293214247,0.02346417689717228,0.0002744300016110923,0.002469817672329011,0.0010976938353589594,0.003293081506076878,-0.016116743581063023,14.960000038146973
1495,2017-12-11,0.4083424993198136,0.4075192354860658,0.4099890269873093,0.40642154165070676,0.02211000837446323,-0.0013721238369699962,-0.0030186515044657303,-0.0019209838401922363,-0.0021953876707179187,-0.001354168522709049,14.850000381469728
1496,2017-12-12,0.4055982516458735,0.4077936393165914,0.4083424993198136,0.4045005578105145,0.025134080501755075,-0.0027442476739401034,0.0002744038305256269,-0.001646527667495734,-0.0019209838401922363,0.003024072127291843,14.859999656677246
1497,2017-12-13,0.4077936393165914,0.41575192616571516,0.41849617383965526,0.40614711164909567,0.05442189476685138,0.0021953876707179187,0.007958286849123752,0.010153674519841671,0.001646553838581144,0.029287814265096305,15.149999618530272
1498,2017-12-14,0.4130077046628605,0.41218444082911265,0.4130077046628605,0.4099890269873093,0.027063414286477915,0.0052140653462691144,-0.003567485336602505,-0.005488469176794741,0.003841915338213653,-0.027358480480373464,15.020000457763672
1499,2017-12-15,0.4154775223351895,0.41575192616571516,0.41630078616893734,0.4138309684966084,0.025397787003545783,0.0024698176723289555,0.003567485336602505,0.0032930815060768226,0.0038419415092990628,-0.001665627282932132,15.149999618530272
1500,2017-12-18,0.4171240500026852,0.4176729100059074,0.41877060384126635,0.41657521617054843,0.016692977923489477,0.001646527667495734,0.0019209838401922363,0.002469817672329011,0.002744247673940048,-0.008704809080056306,15.220000267028809
1501,2017-12-19,0.4171240500026852,0.4176729100059074,0.41822174383804417,0.4154775223351895,0.01800687775065481,0.0,0.0,-0.0005488600032221846,-0.0010976938353589594,0.001313899827165333,15.220000267028809
1502,2017-12-20,0.4195938676750142,0.41849617383965526,0.42069156151037324,0.41822174383804417,0.016107834577624148,0.002469817672329011,0.000823263833747867,0.0024698176723290666,0.0027442215028546935,-0.0018990431730306623,15.25
1503,2017-12-21,0.4176729100059074,0.4176729100059074,0.42041713150876214,0.4171240500026852,0.013933681378401012,-0.0019209576691068264,-0.000823263833747867,-0.0002744300016110923,-0.0010976938353589594,-0.002174153199223136,15.220000267028809
1504,2017-12-22,0.42096599151198427,0.42261251917947995,0.425082336851809,0.4201427276782364,0.029673039573793275,0.003293081506076878,0.004939609173572557,0.004665205343046874,0.0030186776755511957,0.015739358195392263,15.399999618530272
1505,2017-12-26,0.42672889069039016,0.4278265845257491,0.4289242783611081,0.426180030687168,0.022737202216560056,0.005762899178405889,0.00521406534626917,0.0038419415092990628,0.006037303008931572,-0.006935837357233219,15.59000015258789
1506,2017-12-27,0.430021972196467,0.4316684998639628,0.4330406237009328,0.4294731121932448,0.023222564723909985,0.0032930815060768226,0.003841915338213653,0.004116345339824745,0.0032930815060768226,0.00048536250734992903,15.729999542236328
1507,2017-12-28,0.4349616075411251,0.43578487137487293,0.43688256521023183,0.43413831753629184,0.03599878837553231,0.004939635344658133,0.004116371510910155,0.0038419415092990072,0.004665205343047041,0.012776223651622325,15.880000114440918
1508,2017-12-29,0.439626812884172,0.4388035228793387,0.44319429822077455,0.4371569952118429,0.049492721344190437,0.004665205343046874,0.003018651504465786,0.006311733010542719,0.0030186776755510847,0.013493932968658126,15.989999771118164
1509,2018-01-02,0.44264543821755237,0.4448408258882703,0.44538968589149247,0.4423710605581121,0.031869999821819935,0.003018625333380376,0.006037303008931572,0.0021953876707179187,0.00521406534626917,-0.017622721522370502,16.209999084472656
1510,2018-01-03,0.4442920182272189,0.44374315822399674,0.44621297589632575,0.4415477705532788,0.032605170785595924,0.001646580009666554,-0.0010976676642735494,0.000823290004833277,-0.000823290004833277,0.0007351709637759898,16.170000076293945
1511,2018-01-04,0.4448408258882703,0.44538968589149247,0.4473106435605993,0.4442920182272189,0.026606916950269944,0.0005488076610513648,0.001646527667495734,0.0010976676642735494,0.0027442476739401034,-0.0059982538353259805,16.229999542236328
1512,2018-01-05,0.44401758822560783,0.4451152558898814,0.447036265901159,0.44346872822238564,0.020139693173921565,-0.0008232376626624571,-0.0002744300016110923,-0.0002743776594402725,-0.000823290004833277,-0.006467223776348379,16.219999313354492
1513,2018-01-08,0.44374315822399674,0.44319429822077455,0.4442920182272189,0.44099891055005663,0.02390107442581473,-0.0002744300016110923,-0.0019209576691068264,-0.0027442476739401034,-0.002469817672329011,0.0037613812518931637,16.149999618530273
1514,2018-01-09,0.4393523828825609,0.4399012428857831,0.44099891055005663,0.43770582904397975,0.024857545035012384,-0.0043907753414358375,-0.003293055334991468,-0.003293107677162288,-0.003293081506076878,0.0009564706091976551,16.030000686645508
1515,2018-01-10,0.44099891055005663,0.439626812884172,0.4418222005548899,0.4390779528809498,0.02910678331521836,0.001646527667495734,-0.0002744300016110923,0.000823290004833277,0.0013721238369700517,0.004249238280205975,16.020000457763672
1516,2018-01-11,0.4393523828825609,0.4393523828825609,0.44099891055005663,0.4366081352086208,0.02131710706840333,-0.001646527667495734,-0.0002744300016110923,-0.000823290004833277,-0.002469817672329011,-0.007789676246815029,16.010000228881836
1517,2018-01-12,0.4418222005548899,0.44648740589793684,0.4475850735622104,0.4412733405516677,0.03510182990930635,0.002469817672329011,0.007135023015375941,0.006586163012153756,0.00466520534304693,0.013784722840903017,16.270000457763672
1518,2018-01-16,0.44264543821755237,0.44593854589471466,0.44593854589471466,0.4415477705532788,0.03202216560055592,0.0008232376626624571,-0.0005488600032221846,-0.001646527667495734,0.0002744300016110923,-0.003079664308750424,16.25
1519,2018-01-17,0.44401758822560783,0.44072448054844554,0.44538968589149247,0.439626812884172,0.03819539226342141,0.0013721500080554616,-0.0052140653462691144,-0.0005488600032221846,-0.0019209576691068264,0.006173226662865489,16.059999465942383
1520,2018-01-18,0.4412733405516677,0.43825468904720194,0.44346872822238564,0.43770582904397975,0.03033444398909538,-0.0027442476739401034,-0.002469791501243601,-0.0019209576691068264,-0.0019209838401922363,-0.00786094827432603,15.970000267028809
1521,2018-01-19,0.44045005054683445,0.44045005054683445,0.4423710605581121,0.439626812884172,0.02734957147693459,-0.000823290004833277,0.002195361499632509,-0.0010976676642735494,0.0019209838401922363,-0.0029848725121607925,16.049999237060547
1522,2018-01-22,0.44099891055005663,0.4401756728873942,0.4415477705532788,0.4390779528809498,0.016350159471161557,0.0005488600032221846,-0.0002743776594402725,-0.000823290004833277,-0.0005488600032221846,-0.010999412005773031,16.040000915527344
1523,2018-01-23,0.43523601137165074,0.4412733405516677,0.4415477705532788,0.4333150537025439,0.034648183454198817,-0.005762899178405889,0.0010976676642735494,0.0,-0.005762899178405889,0.01829802398303726,16.079999923706055
1524,2018-01-24,0.4495060312313172,0.45444566657597524,0.4560922465856418,0.44868279356865476,0.06142722235090783,0.014270019859666472,0.013172326024307512,0.014544476032362974,0.015367739866110841,0.02677903889670901,16.559999465942383
1525,2018-01-25,0.4538968589149239,0.4475850735622104,0.45664105424669316,0.44346872822238564,0.06193574826719883,0.004390827683606657,-0.0068605930137648485,0.0005488076610513648,-0.0052140653462691144,0.0005085259162910041,16.309999465942383
1526,2018-01-26,0.4495060312313172,0.4503293212361505,0.4527991389084795,0.44895722357026585,0.025486164317659425,-0.004390827683606657,0.0027442476739401034,-0.003841915338213653,0.005488495347880207,-0.036449583949539406,16.40999984741211
1527,2018-01-29,0.447036265901159,0.4448408258882703,0.447036265901159,0.44264543821755237,0.025585588796037274,-0.0024697653301581912,-0.005488495347880207,-0.005762873007320479,-0.006311785352713484,9.942447837784849e-05,16.209999084472656
1528,2018-01-30,0.4475850735622104,0.44319429822077455,0.4478595035638215,0.4418222005548899,0.030023341589009853,0.0005488076610513648,-0.001646527667495734,0.0008232376626624571,-0.0008232376626624571,0.00443775279297258,16.149999618530273
1529,2018-01-31,0.44621297589632575,0.44868279356865476,0.4503293212361505,0.44374315822399674,0.04392887051654402,-0.0013720976658846418,0.005488495347880207,0.002469817672329011,0.0019209576691068264,0.013905528927534164,16.350000381469727
1530,2018-02-01,0.44346872822238564,0.44593854589471466,0.44648740589793684,0.44264543821755237,0.024892468328492776,-0.0027442476739401034,-0.0027442476739401034,-0.003841915338213653,-0.0010977200064443693,-0.019036402188051242,16.25
1531,2018-02-02,0.439626812884172,0.42974754219485595,0.439626812884172,0.4289242783611081,0.06377385385670759,-0.003841915338213653,-0.016191003699858708,-0.0068605930137648485,-0.013721159856444287,0.03888138552821481,15.65999984741211
1532,2018-02-05,0.4366081352086208,0.43194292986557387,0.4371569952118429,0.4313940960334371,0.041794273292589494,-0.0030186776755511957,0.0021953876707179187,-0.0024698176723290666,0.002469817672329011,-0.02197958056411809,15.739999771118164
1533,2018-02-06,0.43221735986718496,0.4294731121932448,0.43249178986879605,0.4289242783611081,0.035711562104662975,-0.0043907753414358375,-0.0024698176723290666,-0.004665205343046874,-0.002469817672329011,-0.006082711187926519,15.649999618530272
1534,2018-02-07,0.426180030687168,0.4228869491810911,0.4275521545241381,0.42096599151198427,0.04253977870035458,-0.0060373291800169815,-0.006586163012153701,-0.004939635344657967,-0.007958286849123808,0.006828216595691605,15.40999984741211
1535,2018-02-08,0.4259056268566423,0.42425907301806115,0.42645446068877907,0.4228869491810911,0.030963775992017533,-0.0002744038305256824,0.0013721238369700517,-0.0010976938353590149,0.0019209576691068264,-0.011576002708337047,15.460000038146973
1536,2018-02-09,0.42261251917947995,0.4223381153489543,0.42261251917947995,0.41877060384126635,0.03040179605509328,-0.0032931076771623435,-0.0019209576691068264,-0.0038419415092991183,-0.004116345339824745,-0.0005619799369242541,15.390000343322754
1537,2018-02-12,0.4256311968550312,0.427277724522527,0.4302964021980781,0.425082336851809,0.03791244231420273,0.003018677675551251,0.004939609173572668,0.0076838830185981255,0.006311733010542664,0.007510646259109452,15.56999969482422
1538,2018-02-13,0.4278265845257491,0.428649848359497,0.42974754219485595,0.4256311968550312,0.019096983411435595,0.0021953876707179187,0.0013721238369699962,-0.0005488600032221291,0.0005488600032221846,-0.018815458902767136,15.619999885559082
1539,2018-02-14,0.42974754219485595,0.4366081352086208,0.43825468904720194,0.4291987083627192,0.05186144717851861,0.0019209576691068264,0.007958286849123808,0.008507146852345993,0.0035675115076879704,0.032764463767083016,15.90999984741211
1540,2018-02-15,0.4366081352086208,0.4366081352086208,0.43743139904236866,0.4305708060286038,0.03214938616966306,0.0068605930137648485,0.0,-0.000823290004833277,0.0013720976658846418,-0.019712061008855544,15.90999984741211
1541,2018-02-16,0.43441274753790293,0.4316684998639628,0.43578487137487293,0.430021972196467,0.025693922277853998,-0.0021953876707178632,-0.004939635344658022,-0.001646527667495734,-0.0005488338321368302,-0.006455463891809066,15.729999542236328
1542,2018-02-20,0.4305708060286038,0.42645446068877907,0.4316684998639628,0.425082336851809,0.031230689735046238,-0.0038419415092991183,-0.0052140391751837045,-0.004116371510910155,-0.004939635344657967,0.00553676745719224,15.539999961853027
1543,2018-02-21,0.4289242783611081,0.42645446068877907,0.4338639137057661,0.4259056268566423,0.037135577214332804,-0.001646527667495734,0.0,0.0021954138418033287,0.000823290004833277,0.005904887479286566,15.539999961853027
1544,2018-02-22,0.4289242783611081,0.42974754219485595,0.43194292986557387,0.42810101452736027,0.020119024285943376,0.0,0.003293081506076878,-0.0019209838401922363,0.0021953876707179742,-0.01701655292838943,15.65999984741211
1545,2018-02-23,0.428649848359497,0.4278265845257491,0.4289242783611081,0.42700332069200125,0.015348074764356859,-0.0002744300016110923,-0.0019209576691068264,-0.003018651504465786,-0.0010976938353590149,-0.004770949521586517,15.59000015258789
1546,2018-02-26,0.430021972196467,0.4302964021980781,0.4305708060286038,0.42672889069039016,0.017470199383496962,0.0013721238369699962,0.0024698176723289555,0.001646527667495734,-0.0002744300016110923,0.0021221246191401033,15.68000030517578
1547,2018-02-27,0.4291987083627192,0.4248079068501979,0.4294731121932448,0.4223381153489543,0.02742333802540848,-0.0008232638337478115,-0.005488495347880151,-0.0010976938353590149,-0.0043907753414358375,0.009953138641911517,15.479999542236328
1548,2018-02-28,0.4256311968550312,0.42425907301806115,0.427277724522527,0.42371021301483897,0.014455392619781552,-0.0035675115076879704,-0.0005488338321367747,-0.0021953876707178077,0.0013720976658846418,-0.012967945405626928,15.460000038146973
1549,2018-03-01,0.42069156151037324,0.42645446068877907,0.4283754183578859,0.4179473138364331,0.03766227749763911,-0.004939635344657967,0.0021953876707179187,0.0010976938353589039,-0.005762899178405889,0.02320688487785756,15.539999961853027
1550,2018-03-02,0.4283754183578859,0.42700332069200125,0.4289242783611081,0.425082336851809,0.022447125064590276,0.00768385684751266,0.0005488600032221846,0.0005488600032221846,0.007135023015375941,-0.015215152433048836,15.5600004196167
1551,2018-03-05,0.425082336851809,0.425082336851809,0.4256311968550312,0.42316137918270214,0.014455392619781552,-0.003293081506076878,-0.0019209838401922363,-0.003293081506076878,-0.001920957669106882,-0.007991732444808724,15.489999771118164
1552,2018-03-06,0.4305708060286038,0.4330406237009328,0.43633370520700965,0.4302964021980781,0.040991393902678044,0.005488469176794797,0.007958286849123808,0.010702508351978446,0.007135023015375941,0.026536001282896494,15.779999732971191
1553,2018-03-07,0.4294731121932448,0.426180030687168,0.4294731121932448,0.425082336851809,0.029419311155854107,-0.0010976938353590149,-0.0068605930137648485,-0.0068605930137648485,-0.005214065346269059,-0.011572082746823937,15.529999732971191
1554,2018-03-08,0.42672889069039016,0.42672889069039016,0.427277724522527,0.425082336851809,0.024588493131158348,-0.002744221502854638,0.0005488600032221846,-0.0021953876707178077,0.0,-0.00483081802469576,15.550000190734863
1555,2018-03-09,0.4253567668534201,0.4289242783611081,0.43194292986557387,0.42453350301967224,0.028361990627728383,-0.0013721238369700517,0.0021953876707179187,0.004665205343046874,-0.0005488338321367747,0.0037734974965700357,15.630000114440918
1556,2018-03-12,0.42645446068877907,0.4283754183578859,0.428649848359497,0.4256311968550312,0.017782727224132707,0.0010976938353589594,-0.0005488600032221846,-0.003293081506076878,0.0010976938353589594,-0.010579263403595676,15.609999656677246
1557,2018-03-13,0.4289242783611081,0.4283754183578859,0.4302964021980781,0.426180030687168,0.023060420861322452,0.002469817672329011,0.0,0.0016465538385810885,0.0005488338321367747,0.005277693637189745,15.609999656677246
1558,2018-03-14,0.4283754183578859,0.4283754183578859,0.4289242783611081,0.42700332069200125,0.014503857598489033,-0.0005488600032221846,0.0,-0.0013721238369699962,0.000823290004833277,-0.00855656326283342,15.609999656677246
1559,2018-03-15,0.4259056268566423,0.42398464301645006,0.4259056268566423,0.4234358091843132,0.020527413003581418,-0.002469791501243601,-0.0043907753414358375,-0.003018651504465786,-0.003567511507688026,0.006023555405092385,15.449999809265137
1560,2018-03-16,0.42425907301806115,0.4223381153489543,0.4248079068501979,0.41931943767340313,0.023810558950875756,-0.001646553838581144,-0.001646527667495734,-0.0010977200064443693,-0.0041163715109100996,0.003283145947294338,15.390000343322754
1561,2018-03-19,0.42151482534412105,0.4223381153489543,0.42316137918270214,0.4201427276782364,0.017405698198599506,-0.0027442476739401034,0.0,-0.0016465276674957896,0.000823290004833277,-0.00640486075227625,15.390000343322754
1562,2018-03-20,0.42069156151037324,0.41931943767340313,0.42069156151037324,0.4168496200010741,0.026464729255385493,-0.0008232638337478115,-0.0030186776755511957,-0.0024698176723289,-0.003293107677162288,0.009059031056785988,15.279999732971191
1563,2018-03-21,0.4256311968550312,0.4294731121932448,0.431119666031826,0.42316137918270214,0.04595869786005737,0.004939635344657967,0.010153674519841671,0.010428104521452763,0.006311759181628018,0.01949396860467188,15.649999618530272
1564,2018-03-22,0.4259056268566423,0.42371021301483897,0.42645446068877907,0.42261251917947995,0.03774388396913921,0.0002744300016110923,-0.005762899178405834,-0.00466520534304693,-0.0005488600032221846,-0.00821481389091816,15.4399995803833
1565,2018-03-23,0.4302964021980781,0.4275521545241381,0.431119666031826,0.4275521545241381,0.03405448746503216,0.004390775341435782,0.0038419415092991183,0.00466520534304693,0.004939635344658133,-0.0036893965041070523,15.579999923706056
1566,2018-03-26,0.4316684998639628,0.4313940960334371,0.43413831753629184,0.431119666031826,0.03032375318496873,0.0013720976658846973,0.0038419415092990072,0.0030186515044658413,0.003567511507687915,-0.0037307342800634302,15.720000267028809
1567,2018-03-27,0.428649848359497,0.427277724522527,0.4289242783611081,0.4259056268566423,0.0333674251198261,-0.003018651504465786,-0.0041163715109100996,-0.00521403917518376,-0.0052140391751837045,0.00304367193485737,15.56999969482422
1568,2018-03-28,0.4234358091843132,0.42151482534412105,0.4234358091843132,0.42041713150876214,0.03889706537426724,-0.00521403917518376,-0.005762899178405945,-0.005488469176794852,-0.005488495347880151,0.005529640254441137,15.359999656677246
1569,2018-03-29,0.4201427276782364,0.4228869491810911,0.4234358091843132,0.4198682976766253,0.024547155355201966,-0.0032930815060768226,0.0013721238369700517,0.0,-0.0005488338321368302,-0.01434991001906527,15.40999984741211
1570,2018-04-02,0.428649848359497,0.4294731121932448,0.4313940960334371,0.4275521545241381,0.03375835219072395,0.008507120681260583,0.006586163012153701,0.007958286849123863,0.007683856847512771,0.009211196835521983,15.649999618530272
1571,2018-04-03,0.4256311968550312,0.42425907301806115,0.426180030687168,0.4228869491810911,0.020785774103308802,-0.003018651504465786,-0.005214039175183649,-0.0052140653462691144,-0.004665205343046985,-0.012972578087415147,15.460000038146973
1572,2018-04-04,0.42206368534734323,0.42206368534734323,0.42398464301645006,0.42041713150876214,0.029325232079539583,-0.0035675115076879704,-0.0021953876707179187,-0.0021953876707179187,-0.0024698176723289555,0.00853945797623078,15.380000114440918
1573,2018-04-05,0.41931943767340313,0.42398464301645006,0.4248079068501979,0.41904503384287745,0.021814585820430128,-0.0027442476739401034,0.0019209576691068264,0.000823263833747867,-0.0013720976658846973,-0.007510646259109455,15.449999809265137
1574,2018-04-06,0.4259056268566423,0.4234358091843132,0.42672889069039016,0.4223381153489543,0.024612725620512088,0.006586189183239166,-0.0005488338321368302,0.0019209838401922363,0.003293081506076878,0.0027981398000819606,15.43000030517578
1575,2018-04-09,0.42453350301967224,0.42700332069200125,0.42810101452736027,0.4234358091843132,0.023371166901270425,-0.0013721238369700517,0.003567511507688026,0.0013721238369701072,0.0010976938353589039,-0.001241558719241663,15.5600004196167
1576,2018-04-10,0.42974754219485595,0.428649848359497,0.4305708060286038,0.427277724522527,0.025839317213976445,0.0052140391751837045,0.001646527667495734,0.0024697915012435456,0.003841915338213764,0.0024681503127060196,15.619999885559082
1577,2018-04-11,0.430021972196467,0.4305708060286038,0.43633370520700965,0.4294731121932448,0.04926678901698056,0.0002744300016110368,0.0019209576691068264,0.005762899178405834,0.0021953876707178077,0.023427471803004116,15.6899995803833
1578,2018-04-12,0.4275521545241381,0.4259056268566423,0.4278265845257491,0.4253567668534201,0.026681039858881386,-0.0024698176723289,-0.00466517917196152,-0.008507120681260527,-0.00411634533982469,-0.022585749158099175,15.520000457763672
1579,2018-04-13,0.4291987083627192,0.4302964021980781,0.4316684998639628,0.4291987083627192,0.021948220872013258,0.0016465538385810885,0.004390775341435782,0.003841915338213653,0.0038419415092990628,-0.004732818986868129,15.68000030517578
1580,2018-04-16,0.43276621987040714,0.4313940960334371,0.4338639137057661,0.4305708060286038,0.018641911515777845,0.0035675115076879704,0.0010976938353590149,0.0021954138418033287,0.0013720976658846418,-0.003306309356235413,15.720000267028809
1581,2018-04-17,0.4313940960334371,0.433589483704155,0.43441274753790293,0.4305708060286038,0.024682928567610427,-0.0013721238369700517,0.0021953876707179187,0.0005488338321368302,0.0,0.006041017051832583,15.800000190734863
1582,2018-04-18,0.44319429822077455,0.44401758822560783,0.44621297589632575,0.4415477705532788,0.0705600199561677,0.01180020218733746,0.010428104521452819,0.011800228358422815,0.010976964524675004,0.04587709138855728,16.18000030517578
1583,2018-04-19,0.44648740589793684,0.44621297589632575,0.44868279356865476,0.4418222005548899,0.06064180460773658,0.003293107677162288,0.0021953876707179187,0.002469817672329011,0.0002744300016110923,-0.009918215348431125,16.260000228881836
1584,2018-04-20,0.44319429822077455,0.44264543821755237,0.4451152558898814,0.442096630556501,0.028688772873866328,-0.003293107677162288,-0.0035675376787733803,-0.0035675376787733803,0.0002744300016110923,-0.03195303173387025,16.1299991607666
1585,2018-04-23,0.4333150537025439,0.430021972196467,0.4338639137057661,0.4289242783611081,0.055274664576020524,-0.009879244518230634,-0.012623466021085383,-0.011251342184115276,-0.013172352195392922,0.026585891702154196,15.670000076293944
1586,2018-04-24,0.4305708060286038,0.43249178986879605,0.4333150537025439,0.430021972196467,0.026604066069169503,-0.0027442476739401034,0.0024698176723290666,-0.0005488600032221846,0.0010976938353589039,-0.02867059850685102,15.760000228881836
1587,2018-04-25,0.428649848359497,0.4283754183578859,0.4291987083627192,0.42672889069039016,0.02237442759652905,-0.0019209576691068264,-0.004116371510910155,-0.004116345339824745,-0.0032930815060768226,-0.004229638472640452,15.609999656677246
1588,2018-04-26,0.4289242783611081,0.4275521545241381,0.4291987083627192,0.42453350301967224,0.029988774655667016,0.0002744300016110923,-0.0008232638337478115,0.0,-0.0021953876707179187,0.007614347059137966,15.579999923706056
1589,2018-04-27,0.42645446068877907,0.427277724522527,0.4278265845257491,0.425082336851809,0.02028009906811824,-0.002469817672329011,-0.0002744300016110923,-0.0013721238369700517,0.0005488338321367747,-0.009708675587548777,15.56999969482422
1590,2018-04-30,0.4201427276782364,0.42206368534734323,0.4253567668534201,0.41877060384126635,0.04969192666108369,-0.006311733010542664,-0.00521403917518376,-0.002469817672329011,-0.006311733010542664,0.029411827592965453,15.380000114440918
1591,2018-05-01,0.4198682976766253,0.41822174383804417,0.42041713150876214,0.41492866233196735,0.050452042834488536,-0.0002744300016110923,-0.0038419415092990628,-0.004939635344657967,-0.0038419415092990072,0.0007601161734048442,15.239999771118164
1592,2018-05-02,0.42371021301483897,0.42316137918270214,0.427277724522527,0.42206368534734323,0.03763590684746004,0.003841915338213653,0.004939635344657967,0.0068605930137648485,0.007135023015375885,-0.012816135987028493,15.420000076293944
1593,2018-05-03,0.42700332069200125,0.42425907301806115,0.4278265845257491,0.42371021301483897,0.023312011118436293,0.003293107677162288,0.0010976938353590149,0.0005488600032221291,0.001646527667495734,-0.01432389572902375,15.460000038146973
1594,2018-05-04,0.4234358091843132,0.42645446068877907,0.42672889069039016,0.4228869491810911,0.017211125563494467,-0.003567511507688026,0.0021953876707179187,-0.0010976938353589594,-0.000823263833747867,-0.0061008855549418255,15.539999961853027
1595,2018-05-07,0.4253567668534201,0.4259056268566423,0.42672889069039016,0.42453350301967224,0.011872494342782817,0.001920957669106882,-0.0005488338321367747,0.0,0.001646553838581144,-0.00533863122071165,15.520000457763672
1596,2018-05-08,0.425082336851809,0.4256311968550312,0.42700332069200125,0.42151482534412105,0.03396005202858008,-0.0002744300016110923,-0.0002744300016110923,0.0002744300016110923,-0.0030186776755511957,0.022087557685797263,15.510000228881836
1597,2018-05-09,0.42672889069039016,0.426180030687168,0.4294731121932448,0.4259056268566423,0.024418152985407053,0.001646553838581144,0.0005488338321367747,0.0024697915012435456,0.004390801512521247,-0.009541899043173027,15.529999732971191
1598,2018-05-10,0.4316684998639628,0.43194292986557387,0.4330406237009328,0.4302964021980781,0.030185841811734938,0.004939609173572612,0.005762899178405889,0.003567511507688026,0.004390775341435782,0.005767688826327885,15.739999771118164
1599,2018-05-11,0.43441274753790293,0.4308452360302149,0.4349616075411251,0.4302964021980781,0.023809133510325535,0.002744247673940159,-0.0010976938353589594,0.0019209838401922918,0.0,-0.006376708301409403,15.699999809265137
1600,2018-05-14,0.4302964021980781,0.42700332069200125,0.431119666031826,0.42645446068877907,0.02622846248418652,-0.004116345339824856,-0.003841915338213653,-0.0038419415092991183,-0.0038419415092990072,0.0024193289738609833,15.5600004196167
1601,2018-05-15,0.42041713150876214,0.42069156151037324,0.42151482534412105,0.41877060384126635,0.03676710083210092,-0.009879270689315933,-0.006311759181628018,-0.009604840687704952,-0.007683856847512716,0.010538638347914402,15.329999923706056
1602,2018-05-16,0.4212404215135954,0.4228869491810911,0.42453350301967224,0.42041713150876214,0.02721950002672701,0.000823290004833277,0.0021953876707178632,0.0030186776755511957,0.0016465276674957896,-0.00954760080537391,15.40999984741211
1603,2018-05-17,0.4253567668534201,0.42453350301967224,0.426180030687168,0.42425907301806115,0.01777274914028117,0.00411634533982469,0.001646553838581144,0.001646527667495734,0.0038419415092990072,-0.00944675088644584,15.470000267028809
1604,2018-05-18,0.4234358091843132,0.4248079068501979,0.4256311968550312,0.42316137918270214,0.013837464141261158,-0.001920957669106882,0.0002744038305256824,-0.0005488338321367747,-0.0010976938353590149,-0.0039352849990200115,15.479999542236328
1605,2018-05-21,0.426180030687168,0.42645446068877907,0.42700332069200125,0.42425907301806115,0.015698020419435882,0.002744221502854749,0.001646553838581144,0.0013721238369700517,0.0010976938353590149,0.001860556278174724,15.539999961853027
1606,2018-05-22,0.42974754219485595,0.4275521545241381,0.4305708060286038,0.42672889069039016,0.019822889011635158,0.0035675115076879704,0.0010976938353590149,0.0035674853366025605,0.002469817672329011,0.004124868592199276,15.579999923706056
1607,2018-05-23,0.42261251917947995,0.4253567668534201,0.426180030687168,0.42178925534573214,0.02601464640165351,-0.007135023015375996,-0.0021953876707179742,-0.0043907753414358375,-0.004939635344658022,0.0061917573900183535,15.5
1608,2018-05-24,0.4283754183578859,0.4305708060286038,0.4313940960334371,0.4278265845257491,0.025109135292126224,0.005762899178405945,0.0052140391751837045,0.0052140653462691144,0.0060373291800169815,-0.0009055111095272877,15.6899995803833
1609,2018-05-25,0.4294731121932448,0.426180030687168,0.430021972196467,0.4259056268566423,0.01842239367104396,0.0010976938353589039,-0.0043907753414358375,-0.0013721238369701072,-0.0019209576691068264,-0.006686741621082265,15.529999732971191
1610,2018-05-29,0.42316137918270214,0.42371021301483897,0.4256311968550312,0.4223381153489543,0.034631790887871286,-0.006311733010542664,-0.002469817672329011,-0.004390775341435782,-0.0035675115076879704,0.016209397216827327,15.4399995803833
1611,2018-05-30,0.4248079068501979,0.42672889069039016,0.4278265845257491,0.42453350301967224,0.016692977923489477,0.0016465276674957896,0.0030186776755511957,0.0021953876707179187,0.0021953876707179187,-0.01793881296438181,15.550000190734863
1612,2018-05-31,0.426180030687168,0.42425907301806115,0.42810101452736027,0.42398464301645006,0.01979366748035565,0.0013721238369700517,-0.002469817672329011,0.00027443000161114783,-0.0005488600032221846,0.0031006895568661715,15.460000038146973
1613,2018-06-01,0.42425907301806115,0.42371021301483897,0.42645446068877907,0.4228869491810911,0.02208435044455927,-0.0019209576691068264,-0.0005488600032221846,-0.0016465538385811995,-0.0010976938353589594,0.002290682964203622,15.4399995803833
1614,2018-06-04,0.426180030687168,0.42398464301645006,0.42700332069200125,0.42371021301483897,0.014230529372984338,0.0019209576691068264,0.0002744300016110923,0.0005488600032221846,0.000823263833747867,-0.007853821071574932,15.449999809265137
1615,2018-06-05,0.42453350301967224,0.4259056268566423,0.427277724522527,0.42371021301483897,0.02340715927516348,-0.001646527667495734,0.0019209838401922363,0.0002744038305257379,0.0,0.00917662990217914,15.520000457763672
1616,2018-06-06,0.4308452360302149,0.4308452360302149,0.43249178986879605,0.4294731121932448,0.031064982271083157,0.006311733010542664,0.004939609173572612,0.005214065346269059,0.005762899178405834,0.007657822995919678,15.699999809265137
1617,2018-06-07,0.43413831753629184,0.4313940960334371,0.4366081352086208,0.4302964021980781,0.031787324269907165,0.0032930815060769336,0.0005488600032221846,0.004116345339824745,0.000823290004833277,0.0007223419988240075,15.720000267028809
1618,2018-06-08,0.43413831753629184,0.4330406237009328,0.43441274753790293,0.4313940960334371,0.014713753719508936,0.0,0.001646527667495734,-0.0021953876707178632,0.0010976938353590149,-0.01707357055039823,15.779999732971191
1619,2018-06-11,0.43578487137487293,0.43743139904236866,0.43798025904559085,0.43578487137487293,0.03607611852538175,0.0016465538385810885,0.0043907753414358375,0.003567511507687915,0.0043907753414358375,0.021362364805872815,15.9399995803833
1620,2018-06-12,0.43578487137487293,0.43551044137326184,0.43798025904559085,0.43441274753790293,0.023166616182313846,0.0,-0.0019209576691068264,0.0,-0.0013721238369699962,-0.012909502343067904,15.869999885559082
1621,2018-06-13,0.43825468904720194,0.4412733405516677,0.442096630556501,0.43441274753790293,0.04359175382641698,0.002469817672329011,0.005762899178405889,0.004116371510910155,0.0,0.020425137644103135,16.079999923706055
1622,2018-06-14,0.44346872822238564,0.44374315822399674,0.44676183589954793,0.44291986821916346,0.04802487393760134,0.0052140391751837045,0.002469817672329011,0.00466520534304693,0.008507120681260527,0.004433120111184359,16.170000076293945
1623,2018-06-15,0.43798025904559085,0.42810101452736027,0.43798025904559085,0.425082336851809,0.08812180389501631,-0.005488469176794797,-0.015642143696636468,-0.008781576853957085,-0.017837531367354442,0.04009692995741497,15.600000381469728
1624,2018-06-18,0.42700332069200125,0.4256311968550312,0.4278265845257491,0.42398464301645006,0.032042478128396557,-0.010976938353589594,-0.0024698176723290666,-0.010153674519841727,-0.0010976938353589594,-0.05607932576661975,15.510000228881836
1625,2018-06-19,0.42178925534573214,0.42151482534412105,0.42316137918270214,0.42069156151037324,0.03856992676799173,-0.0052140653462691144,-0.004116371510910155,-0.004665205343046985,-0.0032930815060768226,0.006527448639595174,15.359999656677246
1626,2018-06-20,0.42151482534412105,0.42096599151198427,0.4223381153489543,0.4201427276782364,0.027750832991821534,-0.0002744300016110923,-0.0005488338321367747,-0.0008232638337478115,-0.0005488338321368302,-0.010819093776170196,15.34000015258789
1627,2018-06-21,0.42178925534573214,0.42151482534412105,0.42261251917947995,0.4201427276782364,0.02521497425298006,0.0002744300016110923,0.0005488338321367747,0.0002744038305256269,0.0,-0.0025358587388414726,15.359999656677246
1628,2018-06-22,0.42316137918270214,0.4253567668534201,0.4259056268566423,0.42206368534734323,0.027388771092065643,0.0013721238369699962,0.0038419415092990628,0.0032931076771623435,0.0019209576691068264,0.002173796839085581,15.5
1629,2018-06-25,0.4223381153489543,0.42178925534573214,0.42261251917947995,0.42069156151037324,0.019630810897493006,-0.0008232638337478115,-0.0035675115076879704,-0.0032931076771623435,-0.0013721238369699962,-0.007757960194572637,15.369999885559082
1630,2018-06-26,0.42069156151037324,0.42069156151037324,0.42178925534573214,0.4195938676750142,0.021688077971598097,-0.0016465538385810885,-0.0010976938353589039,-0.0008232638337478115,-0.0010976938353590149,0.0020572670741050916,15.329999923706056
1631,2018-06-27,0.41822174383804417,0.41492866233196735,0.4201427276782364,0.41245884465963834,0.04504819770860431,-0.0024698176723290666,-0.005762899178405889,-0.001646527667495734,-0.007135023015375885,0.023360119737006215,15.119999885559082
1632,2018-06-28,0.41437982849983057,0.4135565384949973,0.41465423233035625,0.4113611508242794,0.0313632557062167,-0.0038419153382135973,-0.0013721238369700517,-0.005488495347880151,-0.0010976938353589594,-0.01368494200238761,15.06999969482422
1633,2018-06-29,0.4138309684966084,0.41575192616571516,0.4176729100059074,0.4127332746612494,0.028473174990645545,-0.0005488600032221846,0.0021953876707178632,0.00301867767555114,0.0013721238369700517,-0.0028900807155711576,15.149999618530272
1634,2018-07-02,0.4105378869905315,0.40916576315356146,0.41163558082589047,0.40724480548445463,0.032602676264633035,-0.003293081506076878,-0.006586163012153701,-0.006037329180016926,-0.005488469176794797,0.00412950127398749,14.90999984741211
1635,2018-07-03,0.4130077046628605,0.41245884465963834,0.41437982849983057,0.41245884465963834,0.016413947935783903,0.002469817672329011,0.003293081506076878,0.0027442476739401034,0.0052140391751837045,-0.01618872832884913,15.029999732971191
1636,2018-07-05,0.4135565384949973,0.41437982849983057,0.41575192616571516,0.4127332746612494,0.02544803378294104,0.0005488338321367747,0.0019209838401922363,0.0013720976658845863,0.0002744300016110923,0.009034085847157137,15.100000381469728
1637,2018-07-06,0.4132821346644716,0.4138309684966084,0.41437982849983057,0.41245884465963834,0.017074283270673344,-0.0002744038305256824,-0.0005488600032221846,-0.0013720976658845863,-0.0002744300016110923,-0.008373750512267696,15.079999923706056
1638,2018-07-09,0.4173984800042963,0.41630078616893734,0.41849617383965526,0.4152030923335784,0.024401760419079523,0.00411634533982469,0.0024698176723289555,0.00411634533982469,0.002744247673940048,0.007327477148406179,15.170000076293944
1639,2018-07-10,0.4154775223351895,0.41492866233196735,0.41602635616732625,0.4138309684966084,0.015316358712114463,-0.0019209576691068264,-0.0013721238369699962,-0.002469817672329011,-0.0013721238369699962,-0.00908540170696506,15.119999885559082
1640,2018-07-11,0.4110867208226683,0.4077936393165914,0.41163558082589047,0.4075192354860658,0.0370286691730663,-0.004390801512521192,-0.007135023015375941,-0.004390775341435782,-0.006311733010542608,0.021712310460951834,14.859999656677246
1641,2018-07-12,0.4110867208226683,0.41163558082589047,0.4132821346644716,0.4099890269873093,0.024834737986208864,0.0,0.0038419415092990628,0.001646553838581144,0.0024697915012435456,-0.012193931186857434,15.0
1642,2018-07-13,0.4083424993198136,0.4083424993198136,0.4102634569889204,0.4066959454812325,0.03055966359603015,-0.0027442215028546935,-0.003293081506076878,-0.0030186776755511957,-0.0032930815060768226,0.005724925609821286,14.880000114440918
1643,2018-07-16,0.4075192354860658,0.4075192354860658,0.4083424993198136,0.40642154165070676,0.016308821695205176,-0.0008232638337478115,-0.0008232638337478115,-0.0019209576691068264,-0.0002744038305257379,-0.014250841900824974,14.850000381469728
1644,2018-07-17,0.40285403014301874,0.40257960014140765,0.4050494178137367,0.40120747630443765,0.06446804340466475,-0.004665205343047041,-0.004939635344658133,-0.003293081506076878,-0.0052140653462691144,0.048159221709459576,14.670000076293944
1645,2018-07-18,0.3992865186353308,0.40148190630604874,0.4023051701397966,0.39791439479836077,0.02874935409725068,-0.003567511507687915,-0.0010976938353589039,-0.0027442476739401034,-0.003293081506076878,-0.035718689307414064,14.630000114440918
1646,2018-07-19,0.3940724532890617,0.3957190071276428,0.3992865186353308,0.3937980494585361,0.0574833847085865,-0.0052140653462691144,-0.005762899178405945,-0.003018651504465786,-0.00411634533982469,0.02873403061133582,14.420000076293944
1647,2018-07-20,0.39846325480158296,0.4003842124706898,0.40120747630443765,0.3976399647967497,0.03767368102204088,0.004390801512521247,0.004665205343046985,0.0019209576691068264,0.0038419153382135973,-0.019809703686545624,14.59000015258789
1648,2018-07-23,0.39846325480158296,0.3970911309646129,0.39901208863371973,0.3959934371292539,0.022741478538210715,0.0,-0.003293081506076878,-0.0021953876707179187,-0.0016465276674957896,-0.014932202483830162,14.470000267028809
1649,2018-07-24,0.4003842124706898,0.40010978246907875,0.40285403014301874,0.39901208863371973,0.026870267091923097,0.0019209576691068264,0.0030186515044658413,0.0038419415092990072,0.0030186515044658413,0.004128788553712383,14.579999923706056
1650,2018-07-25,0.40285403014301874,0.40285403014301874,0.40340286397515557,0.40065864247230093,0.025756998022201237,0.0024698176723289555,0.0027442476739399924,0.0005488338321368302,0.0016465538385811995,-0.0011132690697218603,14.68000030517578
1651,2018-07-26,0.39983535246746765,0.3976399647967497,0.40175633630765983,0.3973655347951386,0.029706537426723446,-0.0030186776755510847,-0.005214065346269059,-0.001646527667495734,-0.0032931076771623435,0.003949539404522209,14.489999771118164
1652,2018-07-27,0.3995609486369419,0.39983535246746765,0.40120747630443765,0.39901208863371973,0.02123264971580279,-0.0002744038305257379,0.0021953876707179742,-0.0005488600032221846,0.001646553838581144,-0.008473887710920655,14.56999969482422
1653,2018-07-30,0.3995609486369419,0.40010978246907875,0.40148190630604874,0.3992865186353308,0.013027813908736169,0.0,0.0002744300016110923,0.0002744300016110923,0.0002744300016110923,-0.008204835807066622,14.579999923706056
1654,2018-07-31,0.40010978246907875,0.40093304630282656,0.4031284339735445,0.39873765863210864,0.024728186305079915,0.0005488338321368302,0.0008232638337478115,0.001646527667495734,-0.0005488600032221846,0.011700372396343747,14.609999656677246
1655,2018-08-01,0.3992865186353308,0.3973655347951386,0.3995609486369419,0.3970911309646129,0.017902820590488748,-0.0008232638337479226,-0.0035675115076879704,-0.0035674853366025605,-0.001646527667495734,-0.006825365714591167,14.479999542236328
1656,2018-08-02,0.3973655347951386,0.3959934371292539,0.39818882479997186,0.3946213132922839,0.02927106533863122,-0.0019209838401922363,-0.0013720976658846973,-0.0013721238369700517,-0.002469817672329011,0.011368244748142471,14.43000030517578
1657,2018-08-03,0.39873765863210864,0.39791439479836077,0.40175633630765983,0.3973655347951386,0.026957575325624077,0.0013721238369700517,0.001920957669106882,0.0035675115076879704,0.0027442215028546935,-0.002313490013007142,14.5
1658,2018-08-06,0.3959934371292539,0.3951701471244206,0.3965422709613907,0.3946213132922839,0.012636530477700764,-0.002744221502854749,-0.002744247673940159,-0.0052140653462691144,-0.0027442215028546935,-0.014321044847923313,14.399999618530272
1659,2018-08-07,0.39791439479836077,0.3959934371292539,0.39791439479836077,0.3959934371292539,0.014880173903747127,0.001920957669106882,0.000823290004833277,0.0013721238369700517,0.0013721238369699962,0.002243643426046363,14.43000030517578
1660,2018-08-08,0.3976399647967497,0.39791439479836077,0.39873765863210864,0.3959934371292539,0.01812055663453486,-0.0002744300016110923,0.001920957669106882,0.000823263833747867,0.0,0.003240382730787734,14.5
1661,2018-08-09,0.39873765863210864,0.39846325480158296,0.4003842124706898,0.39791439479836077,0.014330666571637297,0.0010976938353589594,0.0005488600032221846,0.001646553838581144,0.001920957669106882,-0.0037898900628975645,14.520000457763672
1662,2018-08-10,0.3957190071276428,0.39544457712603176,0.39818882479997186,0.3946213132922839,0.022363024072127292,-0.0030186515044658413,-0.0030186776755511957,-0.0021953876707179187,-0.003293081506076878,0.008032357500489995,14.40999984741211
1663,2018-08-13,0.3937980494585361,0.38693745644477123,0.3937980494585361,0.3866630264431601,0.043580706662152774,-0.0019209576691067154,-0.008507120681260527,-0.004390775341435782,-0.007958286849123808,0.02121768259002548,14.100000381469728
1664,2018-08-14,0.38803515028013014,0.38885841411387795,0.38995610794923696,0.38721186027529686,0.020271902784954474,-0.005762899178405945,0.0019209576691067154,-0.0038419415092991183,0.0005488338321367747,-0.0233088038771983,14.170000076293944
1665,2018-08-15,0.3809001272647542,0.37239298041240826,0.3809001272647542,0.37074645274491247,0.09008570461308198,-0.007135023015375941,-0.01646543370146969,-0.009055980684482767,-0.01646540753038439,0.0698138018281275,13.56999969482422
1666,2018-08-16,0.3784303095924252,0.3778814757602884,0.382821084933861,0.3778814757602884,0.0451251714983162,-0.002469817672329011,0.005488495347880151,0.0019209576691068264,0.007135023015375941,-0.04496053311476578,13.770000457763672
1667,2018-08-17,0.3792535734261731,0.3819978211001131,0.38254665493224993,0.3773326157570662,0.025579174313561284,0.0008232638337479226,0.00411634533982469,-0.0002744300016110923,-0.0005488600032221846,-0.019545997184754915,13.920000076293944
1668,2018-08-20,0.380351267261532,0.3809001272647542,0.3814489610968909,0.3781558795908141,0.024902446412344317,0.0010976938353589039,-0.0010976938353589039,-0.0010976938353590149,0.000823263833747867,-0.0006767279012169676,13.880000114440918
1669,2018-08-21,0.3811745572663653,0.3811745572663653,0.3819978211001131,0.3800768634310064,0.014270798068528054,0.000823290004833277,0.0002744300016110923,0.0005488600032221846,0.0019209838401922918,-0.010631648343816262,13.890000343322754
1670,2018-08-22,0.3811745572663653,0.3809001272647542,0.38172339109850206,0.3792535734261731,0.018974395524116672,0.0,-0.0002744300016110923,-0.0002744300016110368,-0.000823290004833277,0.0047035974555886175,13.880000114440918
1671,2018-08-23,0.37705818575545513,0.37458836808312607,0.3781558795908141,0.37376510424937825,0.02465121251536803,-0.004116371510910155,-0.006311759181628129,-0.0035675115076879704,-0.005488469176794852,0.00567681699125136,13.649999618530272
1672,2018-08-24,0.3800768634310064,0.3819978211001131,0.38391877876922,0.3795280034277842,0.031087432959749122,0.003018677675551251,0.007409453016987033,0.005762899178405889,0.005762899178405945,0.00643622044438109,13.920000076293944
1673,2018-08-27,0.3822722511017242,0.38391877876922,0.38501647260457894,0.3822722511017242,0.04193931186857438,0.0021953876707178077,0.001920957669106882,0.0010976938353589594,0.0027442476739399924,0.010851878908825257,13.989999771118164
1674,2018-08-28,0.38474206877405326,0.37980243342939524,0.3855653326078011,0.3784303095924252,0.038261675249006644,0.0024698176723290666,-0.004116345339824745,0.0005488600032221846,-0.0038419415092990072,-0.0036776366195677354,13.84000015258789
1675,2018-08-29,0.3809001272647542,0.3806256972631431,0.38172339109850206,0.3792535734261731,0.02605776597829767,-0.0038419415092990628,0.000823263833747867,-0.0038419415092990628,0.0008232638337479226,-0.012203909270708975,13.869999885559082
1676,2018-08-30,0.3778814757602884,0.3759604919200962,0.3778814757602884,0.37458836808312607,0.033608324572813285,-0.003018651504465786,-0.00466520534304693,-0.003841915338213653,-0.004665205343047041,0.007550558594515616,13.699999809265137
1677,2018-08-31,0.37541165808795934,0.37458836808312607,0.37705818575545513,0.37376510424937825,0.023293124031145876,-0.0024698176723290666,-0.0013721238369701072,-0.000823290004833277,-0.0008232638337478115,-0.010315200541667409,13.649999618530272
1678,2018-09-04,0.3630625697263144,0.36525798356811773,0.3658068174002545,0.3614160420588186,0.05650873973237354,-0.012349088361644944,-0.009330384515008339,-0.01125136835520063,-0.012349062190559645,0.03321561570122766,13.3100004196167
1679,2018-09-05,0.3669045112356134,0.3663556774034767,0.3674533712388356,0.3655323873986434,0.024279172531760596,0.0038419415092990072,0.0010976938353589594,0.0016465538385810885,0.004116345339824801,-0.032229567200612944,13.350000381469728
1680,2018-09-06,0.3666300812340023,0.36525798356811773,0.36882546890472023,0.36416028973275877,0.03335566523528678,-0.0002744300016110923,-0.0010976938353589594,0.0013720976658846418,-0.0013720976658846418,0.009076492703526187,13.3100004196167
1681,2018-09-07,0.3655323873986434,0.3655323873986434,0.36800220507097237,0.36416028973275877,0.025683587833864905,-0.0010976938353589039,0.0002744038305256824,-0.000823263833747867,0.0,-0.007672077401421878,13.31999969482422
1682,2018-09-10,0.3669045112356134,0.36525798356811773,0.3671789412372245,0.36470912356489554,0.0156566826434795,0.0013721238369699962,-0.0002744038305256824,-0.000823263833747867,0.0005488338321367747,-0.010026905190385405,13.3100004196167
1683,2018-09-11,0.3625137358941776,0.36443469356328445,0.36525798356811773,0.3597694882202375,0.028805302638846817,-0.004390775341435782,-0.000823290004833277,-0.001920957669106771,-0.004939635344658022,0.013148619995367317,13.279999732971191
1684,2018-09-12,0.3636114297295366,0.3674533712388356,0.36855106507419455,0.3630625697263144,0.032402401867327124,0.0010976938353589594,0.00301867767555114,0.0032930815060768226,0.003293081506076878,0.003597099228480307,13.390000343322754
1685,2018-09-13,0.3690998989063313,0.3663556774034767,0.3704720227433014,0.3658068174002545,0.03838355041605046,0.005488469176794741,-0.0010976938353589039,0.0019209576691068264,0.0027442476739401034,0.005981148548723336,13.350000381469728
1686,2018-09-14,0.3663556774034767,0.3630625697263144,0.3671789412372245,0.3627881658957887,0.027199543859023928,-0.002744221502854638,-0.003293107677162288,-0.003293081506076878,-0.003018651504465786,-0.011184006557026532,13.229999542236328
1687,2018-09-17,0.3658068174002545,0.36525798356811773,0.3677277750693613,0.36498355356650664,0.024415658464444167,-0.0005488600032221846,0.0021954138418033287,0.0005488338321367747,0.0021953876707179187,-0.002783885394579761,13.3100004196167
1688,2018-09-18,0.3660812474018656,0.36525798356811773,0.3669045112356134,0.3636114297295366,0.020801453949361226,0.0002744300016110923,0.0,-0.000823263833747867,-0.0013721238369700517,-0.003614204515082941,13.3100004196167
1689,2018-09-19,0.3669045112356134,0.3677277750693613,0.3701975927416903,0.3660812474018656,0.05039645065302995,0.0008232638337478115,0.0024697915012435456,0.003293081506076878,0.002469817672329011,0.029594996703668726,13.399999618530272
1690,2018-09-20,0.36800220507097237,0.3690998989063313,0.3693743289079424,0.3666300812340023,0.03273773675676639,0.0010976938353589594,0.0013721238369700517,-0.000823263833747867,0.0005488338321367192,-0.017658713896263563,13.449999809265137
1691,2018-09-21,0.3660812474018656,0.36882546890472023,0.37156971657866034,0.3655323873986434,0.039490048643158776,-0.001920957669106771,-0.0002744300016110923,0.0021953876707179187,-0.0010976938353589039,0.006752311886392387,13.4399995803833
1692,2018-09-24,0.36882546890472023,0.36800220507097237,0.37129528657704924,0.36800220507097237,0.034473210626659305,0.002744221502854638,-0.000823263833747867,-0.0002744300016110923,0.0024698176723289555,-0.005016838016499471,13.40999984741211
1693,2018-09-25,0.37239298041240826,0.3729418404156304,0.3756860619184851,0.37239298041240826,0.04028188086880601,0.003567511507688026,0.004939635344658022,0.0043907753414358375,0.004390775341435893,0.005808670242146707,13.59000015258789
1694,2018-09-26,0.37102088274652356,0.3701975927416903,0.37321627041724154,0.3690998989063313,0.03565133724141618,-0.0013720976658846973,-0.0027442476739401034,-0.0024697915012435456,-0.0032930815060769336,-0.004630543627389835,13.489999771118164
1695,2018-09-27,0.3666300812340023,0.36800220507097237,0.3690998989063313,0.3658068174002545,0.023287778629082552,-0.004390801512521247,-0.0021953876707179187,-0.004116371510910211,-0.0032930815060768226,-0.012363558612333625,13.40999984741211
1696,2018-09-28,0.37403953425098935,0.37678375575384404,0.37980243342939524,0.37376510424937825,0.054460738021844875,0.007409453016987033,0.008781550682871675,0.010702534523063911,0.007958286849123752,0.031172959392762323,13.729999542236328
1697,2018-10-01,0.37129528657704924,0.37376510424937825,0.37458836808312607,0.37074645274491247,0.03309872957610962,-0.0027442476739401034,-0.003018651504465786,-0.00521406534626917,-0.003018651504465786,-0.021362008445735256,13.619999885559082
1698,2018-10-02,0.3814489610968909,0.3784303095924252,0.38474206877405326,0.3776070457586773,0.07461361652085598,0.010153674519841671,0.00466520534304693,0.010153700690927192,0.0068605930137648485,0.04151488694474636,13.789999961853027
1699,2018-10-03,0.37980243342939524,0.3781558795908141,0.3811745572663653,0.37705818575545513,0.03046594087985318,-0.0016465276674956786,-0.0002744300016110923,-0.0035675115076879704,-0.0005488600032221846,-0.0441476756410028,13.779999732971191
1700,2018-10-04,0.3800768634310064,0.37623492192170727,0.3806256972631431,0.3748627980847372,0.03294014931489764,0.00027443000161114783,-0.0019209576691068264,-0.0005488600032221846,-0.0021953876707179187,0.0024742084350444574,13.710000038146973
1701,2018-10-05,0.37897916959564737,0.3773326157570662,0.3795280034277842,0.3759604919200962,0.02500222725085972,-0.0010976938353590149,0.0010976938353589594,-0.0010976938353589039,0.0010976938353589594,-0.007937922064037917,13.75
1702,2018-10-08,0.3693743289079424,0.37129528657704924,0.37129528657704924,0.3677277750693613,0.033106925859273384,-0.009604840687704952,-0.0060373291800169815,-0.008232716850734956,-0.0082327168507349,0.008104698608413664,13.529999732971191
1703,2018-10-09,0.3699231627400792,0.37129528657704924,0.37184414658027143,0.36800220507097237,0.02278174723375443,0.0005488338321367747,0.0,0.0005488600032221846,0.0002744300016110923,-0.010325178625518953,13.529999732971191
1704,2018-10-10,0.3701975927416903,0.3690998989063313,0.3704720227433014,0.3674533712388356,0.03076385795484917,0.0002744300016110923,-0.0021953876707179187,-0.0013721238369700517,-0.0005488338321367747,0.00798211072109474,13.449999809265137
1705,2018-10-11,0.3729418404156304,0.37513722808634825,0.3773326157570662,0.3721185765818825,0.056422500579085225,0.0027442476739401034,0.006037329180016926,0.0068605930137648485,0.00466520534304693,0.025658642624236054,13.670000076293944
1706,2018-10-12,0.3781558795908141,0.37705818575545513,0.37897916959564737,0.37513722808634825,0.02880102631719616,0.0052140391751837045,0.001920957669106882,0.001646553838581144,0.0030186515044657303,-0.027621474261889066,13.739999771118164
1707,2018-10-15,0.3795280034277842,0.3787047395940363,0.3809001272647542,0.3778814757602884,0.023540437966609054,0.0013721238369701072,0.001646553838581144,0.0019209576691068264,0.002744247673940159,-0.0052605883505871046,13.800000190734863
1708,2018-10-16,0.38172339109850206,0.3781558795908141,0.3822722511017242,0.3776070457586773,0.026900914063752827,0.0021953876707178632,-0.0005488600032221846,0.0013721238369699962,-0.0002744300016110923,0.0033604760971437733,13.779999732971191
1709,2018-10-17,0.3784303095924252,0.37705818575545513,0.3800768634310064,0.37650935192331836,0.025210697931329403,-0.003293081506076878,-0.0010976938353589594,-0.0021953876707178077,-0.0010976938353589594,-0.0016902161324234243,13.739999771118164
1710,2018-10-18,0.3759604919200962,0.3759604919200962,0.3781558795908141,0.37458836808312607,0.021446822158473353,-0.002469817672329011,-0.0010976938353589594,-0.0019209838401922918,-0.0019209838401922918,-0.00376387577285605,13.699999809265137
1711,2018-10-19,0.3787047395940363,0.37705818575545513,0.3795280034277842,0.37650935192331836,0.01733513889136361,0.0027442476739401034,0.0010976938353589594,0.0013721238369701072,0.0019209838401922918,-0.004111683267109742,13.739999771118164
1712,2018-10-22,0.3756860619184851,0.37541165808795934,0.3759604919200962,0.37431396425260044,0.017176202270014075,-0.0030186776755511957,-0.0016465276674957896,-0.003567511507688026,-0.0021953876707179187,-0.0001589366213495362,13.68000030517578
1713,2018-10-23,0.3811745572663653,0.3795280034277842,0.3819978211001131,0.3792535734261731,0.02882383336599968,0.005488495347880207,0.004116345339824856,0.006037329180016926,0.004939609173572668,0.011647631095985603,13.829999923706056
1714,2018-10-24,0.3800768634310064,0.3784303095924252,0.3809001272647542,0.3776070457586773,0.023522263599593748,-0.0010976938353589039,-0.0010976938353590149,-0.0010976938353589039,-0.0016465276674957896,-0.005301569766405931,13.789999961853027
1715,2018-10-25,0.3778814757602884,0.37705818575545513,0.3784303095924252,0.37623492192170727,0.023751759528179178,-0.0021953876707179742,-0.0013721238369700517,-0.002469817672329011,-0.0013721238369700517,0.00022949592858543047,13.739999771118164
1716,2018-10-26,0.3787047395940363,0.37897916959564737,0.3809001272647542,0.3778814757602884,0.028061935391907062,0.000823263833747867,0.0019209838401922363,0.002469817672329011,0.001646553838581144,0.004310175863727884,13.8100004196167
1717,2018-10-29,0.3787047395940363,0.3729418404156304,0.3787047395940363,0.37129528657704924,0.03483063984462698,0.0,-0.0060373291800169815,-0.0021953876707179187,-0.006586189183239166,0.006768704452719921,13.59000015258789
1718,2018-10-30,0.37239298041240826,0.37349067424776716,0.37403953425098935,0.3721185765818825,0.021311761666340003,-0.006311759181628018,0.0005488338321367747,-0.00466520534304693,0.000823290004833277,-0.01351887817828698,13.609999656677246
1719,2018-10-31,0.36882546890472023,0.36800220507097237,0.3696487589095535,0.3674533712388356,0.03344012258788732,-0.003567511507688026,-0.005488469176794797,-0.0043907753414358375,-0.00466520534304693,0.012128360921547315,13.40999984741211
1720,2018-11-01,0.37650935192331836,0.3795280034277842,0.3819978211001131,0.3756860619184851,0.042500222725085975,0.0076838830185981255,0.011525798356811834,0.01234906219055959,0.00823269067964949,0.009060100137198657,13.829999923706056
1721,2018-11-02,0.38172339109850206,0.380351267261532,0.38446763877244217,0.3792535734261731,0.03486663221852004,0.0052140391751837045,0.0008232638337478115,0.0024698176723290666,0.003567511507688026,-0.007633590506565938,13.859999656677246
1722,2018-11-05,0.3778814757602884,0.3776070457586773,0.3795280034277842,0.37650935192331836,0.01845446608342391,-0.003841915338213653,-0.0027442215028546935,-0.004939635344657967,-0.002744221502854749,-0.016412166135096128,13.760000228881836
1723,2018-11-06,0.37623492192170727,0.37458836808312607,0.37678375575384404,0.37349067424776716,0.01838711401742601,-0.001646553838581144,-0.003018677675551251,-0.002744247673940159,-0.0030186776755511957,-6.735206599789781e-05,13.649999618530272
1724,2018-11-07,0.3773326157570662,0.37513722808634825,0.3778814757602884,0.37513722808634825,0.014994921868039841,0.0010976938353589594,0.0005488600032221846,0.0010977200064443693,0.0016465538385810885,-0.0033921921493861706,13.670000076293944
1725,2018-11-08,0.3721185765818825,0.3721185765818825,0.37376510424937825,0.37074645274491247,0.019662883309872956,-0.0052140391751837045,-0.0030186515044657303,-0.004116371510910155,-0.004390775341435782,0.004667961441833115,13.5600004196167
1726,2018-11-09,0.3669045112356134,0.3655323873986434,0.3669045112356134,0.3636114297295366,0.043582488462840546,-0.0052140653462691144,-0.006586189183239111,-0.0068605930137648485,-0.007135023015375885,0.02391960515296759,13.31999969482422
1727,2018-11-12,0.3627881658957887,0.3614160420588186,0.3627881658957887,0.3608671820555964,0.02144931667943624,-0.00411634533982469,-0.004116345339824801,-0.00411634533982469,-0.002744247673940159,-0.022133171783404307,13.170000076293944
1728,2018-11-13,0.3611416120572076,0.3608671820555964,0.3633369997279255,0.3597694882202375,0.03835219072394562,-0.001646553838581144,-0.0005488600032221846,0.0005488338321367747,-0.0010976938353589039,0.01690287404450938,13.149999618530272
1729,2018-11-14,0.3611416120572076,0.36443469356328445,0.3660812474018656,0.3605927782250708,0.04053667836715785,0.0,0.003567511507688026,0.0027442476739401034,0.000823290004833277,0.0021844876432122323,13.279999732971191
1730,2018-11-15,0.36525798356811773,0.36827663507258346,0.3699231627400792,0.36498355356650664,0.02639702082925004,0.004116371510910155,0.0038419415092990072,0.0038419153382135973,0.0043907753414358375,-0.014139657537907812,13.420000076293944
1731,2018-11-16,0.37102088274652356,0.37129528657704924,0.37184414658027143,0.3696487589095535,0.03118471927730164,0.005762899178405834,0.003018651504465786,0.0019209838401922363,0.004665205343046874,0.004787698448051599,13.529999732971191
1732,2018-11-19,0.37129528657704924,0.37184414658027143,0.37239298041240826,0.3701975927416903,0.022208363772428415,0.0002744038305256824,0.0005488600032221846,0.0005488338321368302,0.0005488338321367747,-0.008976355504873225,13.550000190734863
1733,2018-11-20,0.37129528657704924,0.3690998989063313,0.37156971657866034,0.3666300812340023,0.02467401956417155,0.0,-0.0027442476739401034,-0.0008232638337479226,-0.0035675115076879704,0.002465655791743137,13.449999809265137
1734,2018-11-21,0.37266741041401935,0.37321627041724154,0.37513722808634825,0.37266741041401935,0.020431195766441566,0.0013721238369701072,0.004116371510910211,0.003567511507687915,0.006037329180017037,-0.004242823797729986,13.600000381469728
1735,2018-11-23,0.36855106507419455,0.36827663507258346,0.3690998989063313,0.3677277750693613,0.011797658713896264,-0.004116345339824801,-0.004939635344658078,-0.006037329180016926,-0.004939635344658078,-0.008633537052545302,13.420000076293944
1736,2018-11-26,0.36855106507419455,0.3674533712388356,0.3693743289079424,0.3666300812340023,0.018174367015305667,0.0,-0.000823263833747867,0.0002744300016110923,-0.0010976938353589594,0.006376708301409403,13.390000343322754
1737,2018-11-27,0.3677277750693613,0.36470912356489554,0.36827663507258346,0.3630625697263144,0.0255339165760918,-0.000823290004833277,-0.002744247673940048,-0.0010976938353589594,-0.003567511507687915,0.007359549560786133,13.289999961853027
1738,2018-11-28,0.36525798356811773,0.36855106507419455,0.37129528657704924,0.3638858597311477,0.03183115656682643,-0.0024697915012435456,0.0038419415092990072,0.003018651504465786,0.000823290004833277,0.006297239990734633,13.43000030517578
1739,2018-11-29,0.3696487589095535,0.36855106507419455,0.37102088274652356,0.3677277750693613,0.02447552696755341,0.004390775341435782,0.0,-0.0002744038305256824,0.0038419153382135973,-0.0073556295992730225,13.43000030517578
1740,2018-11-30,0.36498355356650664,0.3655323873986434,0.3655323873986434,0.36223930589256653,0.025875665948007057,-0.004665205343046874,-0.00301867767555114,-0.005488495347880151,-0.005488469176794741,0.0014001389804536475,13.31999969482422
1741,2018-12-03,0.37403953425098935,0.3701975927416903,0.37458836808312607,0.3699231627400792,0.04258931275947472,0.009055980684482712,0.004665205343046874,0.009055980684482656,0.00768385684751266,0.016713646811467666,13.489999771118164
1742,2018-12-04,0.37705818575545513,0.37376510424937825,0.3778814757602884,0.37376510424937825,0.036383657324091725,0.003018651504465786,0.0035675115076879704,0.0032931076771623435,0.0038419415092990628,-0.006205655435382998,13.619999885559082
1743,2018-12-06,0.37156971657866034,0.37321627041724154,0.37349067424776716,0.37102088274652356,0.02270904976569321,-0.005488469176794797,-0.0005488338321367192,-0.004390801512521247,-0.0027442215028546935,-0.013674607558398517,13.600000381469728
1744,2018-12-07,0.37431396425260044,0.37678375575384404,0.3776070457586773,0.37403953425098935,0.030104591700372395,0.0027442476739401034,0.003567485336602505,0.004116371510910155,0.003018651504465786,0.007395541934679187,13.729999542236328
1745,2018-12-10,0.37403953425098935,0.37458836808312607,0.37623492192170727,0.37321627041724154,0.022881171712132282,-0.0002744300016110923,-0.0021953876707179742,-0.0013721238369700517,-0.0008232638337478115,-0.007223419988240113,13.649999618530272
1746,2018-12-11,0.3776070457586773,0.3748627980847372,0.3792535734261731,0.37403953425098935,0.024230707553053114,0.0035675115076879704,0.00027443000161114783,0.0030186515044658413,0.0008232638337478115,0.001349535840920832,13.65999984741211
1747,2018-12-12,0.3787047395940363,0.3792535734261731,0.3811745572663653,0.3784303095924252,0.025023965219250575,0.0010976938353589594,0.004390775341435893,0.0019209838401921808,0.0043907753414358375,0.0007932576661974604,13.81999969482422
1748,2018-12-13,0.37980243342939524,0.380351267261532,0.3809001272647542,0.3787047395940363,0.017356520499616914,0.0010976938353589594,0.0010976938353589039,-0.0002744300016110923,0.0002744300016110923,-0.007667444719633661,13.859999656677246
1749,2018-12-14,0.37376510424937825,0.3759604919200962,0.37705818575545513,0.37321627041724154,0.03090960925110917,-0.0060373291800169815,-0.0043907753414358375,-0.0038419415092990628,-0.005488469176794741,0.013553088751492255,13.699999809265137
1750,2018-12-17,0.37623492192170727,0.3778814757602884,0.37897916959564737,0.37541165808795934,0.023225059244872868,0.002469817672329011,0.0019209838401922363,0.0019209838401922363,0.0021953876707178077,-0.0076845500062363015,13.770000457763672
1751,2018-12-18,0.3773326157570662,0.3773326157570662,0.3792535734261731,0.37650935192331836,0.024262779965433065,0.0010976938353589594,-0.0005488600032221846,0.0002744038305257379,0.0010976938353590149,0.0010377207205601972,13.75
1752,2018-12-19,0.37897916959564737,0.3756860619184851,0.3822722511017242,0.37458836808312607,0.0596411453414821,0.001646553838581144,-0.001646553838581144,0.0030186776755510847,-0.0019209838401922918,0.035378365376049034,13.6899995803833
1753,2018-12-20,0.3809001272647542,0.3800768634310064,0.38254665493224993,0.3787047395940363,0.04838515403666946,0.0019209576691068264,0.004390801512521303,0.0002744038305257379,0.004116371510910211,-0.01125599130481264,13.850000381469728
1754,2018-12-21,0.3792535734261731,0.37705818575545513,0.37980243342939524,0.37623492192170727,0.025744881777524365,-0.0016465538385810885,-0.003018677675551251,-0.0027442215028546935,-0.002469817672329011,-0.022640272259145094,13.739999771118164
1755,2018-12-24,0.3784303095924252,0.3806256972631431,0.38172339109850206,0.3784303095924252,0.022464586711330472,-0.0008232638337479226,0.0035675115076879704,0.0019209576691068264,0.0021953876707179187,-0.003280295066193893,13.869999885559082
1756,2018-12-26,0.38693745644477123,0.38721186027529686,0.39077937178298483,0.3855653326078011,0.053927979616200133,0.008507146852346048,0.006586163012153756,0.009055980684482767,0.007135023015375941,0.03146339290486966,14.109999656677246
1757,2018-12-27,0.3910538017845959,0.392425925621566,0.39352361945692493,0.38995610794923696,0.049742886160754056,0.00411634533982469,0.0052140653462691144,0.0027442476739401034,0.0043907753414358375,-0.0041850934554460775,14.300000190734863
1758,2018-12-28,0.3951701471244206,0.3957190071276428,0.3965422709613907,0.3932491894553139,0.04078648682358391,0.00411634533982469,0.0032930815060768226,0.003018651504465786,0.0032930815060769336,-0.008956399337170143,14.420000076293944
1759,2018-12-31,0.3957190071276428,0.39846325480158296,0.3995609486369419,0.39544457712603176,0.03883327690964489,0.0005488600032221846,0.002744247673940159,0.0030186776755511957,0.0021953876707178632,-0.001953209913939026,14.520000457763672
1760,2019-01-02,0.3968167009630018,0.3995609486369419,0.4023051701397966,0.3965422709613907,0.04386935837357233,0.0010976938353590149,0.0010976938353589594,0.0027442215028546935,0.0010976938353589594,0.005036081463927443,14.5600004196167
1761,2019-01-03,0.4031284339735445,0.4047749878121256,0.4058726816474846,0.40148190630604874,0.046088769310264954,0.006311733010542664,0.0052140391751837045,0.0035675115076879704,0.004939635344658022,0.0022194109366926243,14.75
1762,2019-01-04,0.40422612780890343,0.40422612780890343,0.4058726816474846,0.40148190630604874,0.06362560803948471,0.0010976938353589594,-0.0005488600032221846,0.0,0.0,0.017536838729219753,14.729999542236328
1763,2019-01-07,0.4050494178137367,0.40257960014140765,0.4055982516458735,0.4023051701397966,0.026485754503501237,0.000823290004833277,-0.0016465276674957896,-0.0002744300016110923,0.000823263833747867,-0.037139853535983466,14.670000076293944
1764,2019-01-08,0.40203074013818546,0.4031284339735445,0.40422612780890343,0.40175633630765983,0.024148388361277907,-0.003018677675551251,0.0005488338321368302,-0.0013721238369700517,-0.0005488338321367747,-0.0023373661422233308,14.6899995803833
1765,2019-01-09,0.40285403014301874,0.4055982516458735,0.40642154165070676,0.4023051701397966,0.03923988382659516,0.000823290004833277,0.002469817672329011,0.0021954138418033287,0.0005488338321367747,0.01509149546531725,14.779999732971191
1766,2019-01-10,0.40285403014301874,0.40065864247230093,0.40395172397837775,0.4003842124706898,0.031004401047698804,0.0,-0.004939609173572557,-0.002469817672329011,-0.0019209576691068264,-0.008235482778896352,14.600000381469728
1767,2019-01-11,0.40120747630443765,0.40175633630765983,0.40340286397515557,0.40065864247230093,0.017610961637831192,-0.0016465538385810885,0.0010976938353589039,-0.0005488600032221846,0.00027443000161114783,-0.013393439409867612,14.640000343322754
1768,2019-01-14,0.40257960014140765,0.4023051701397966,0.40340286397515557,0.40120747630443765,0.015573294371291627,0.0013721238369699962,0.0005488338321367747,0.0,0.0005488338321367192,-0.0020376672665395647,14.65999984741211
1769,2019-01-15,0.40367729397676666,0.40065864247230093,0.4045005578105145,0.4003842124706898,0.055309944229638475,0.0010976938353590149,-0.0016465276674956786,0.0010976938353589594,-0.000823263833747867,0.03973664985834685,14.600000381469728
1770,2019-01-16,0.40203074013818546,0.40148190630604874,0.4031284339735445,0.40093304630282656,0.023460969655934288,-0.0016465538385811995,0.0008232638337478115,-0.0013721238369700517,0.0005488338321367747,-0.031848974573704183,14.630000114440918
1771,2019-01-17,0.3992865186353308,0.39983535246746765,0.40065864247230093,0.39818882479997186,0.02711936282807405,-0.002744221502854638,-0.0016465538385810885,-0.0024697915012435456,-0.0027442215028546935,0.0036583931721397636,14.56999969482422
1772,2019-01-18,0.3965422709613907,0.3943468832906728,0.39791439479836077,0.3943468832906728,0.033465424157653724,-0.0027442476739401034,-0.005488469176794852,-0.002744247673940159,-0.0038419415092990628,0.006346061329579673,14.369999885559082
1773,2019-01-22,0.3932491894553139,0.394895743293895,0.39544457712603176,0.392425925621566,0.03044883559325054,-0.0032930815060768226,0.0005488600032221846,-0.002469817672329011,-0.0019209576691068264,-0.0030165885644031845,14.390000343322754
1774,2019-01-23,0.3937980494585361,0.3957190071276428,0.3959934371292539,0.3929747594537028,0.020266913743028706,0.0005488600032221846,0.0008232638337478115,0.0005488600032221291,0.0005488338321368302,-0.010181921850221834,14.420000076293944
1775,2019-01-24,0.3951701471244206,0.3940724532890617,0.3957190071276428,0.3932491894553139,0.013574113999608005,0.0013720976658845307,-0.0016465538385810885,-0.0002744300016110923,0.0002744300016110923,-0.006692799743420701,14.359999656677246
1776,2019-01-25,0.40010978246907875,0.4045005578105145,0.4050494178137367,0.40010978246907875,0.03808349518022914,0.004939635344658133,0.010428104521452819,0.009330410686093915,0.0068605930137648485,0.024509381180621133,14.739999771118164
1777,2019-01-28,0.4023051701397966,0.4058726816474846,0.40614711164909567,0.40203074013818546,0.02762254334230173,0.0021953876707178632,0.0013721238369700517,0.0010976938353589594,0.0019209576691067154,-0.010460951837927408,14.789999961853027
1778,2019-01-29,0.4083424993198136,0.4083424993198136,0.40916576315356146,0.40724480548445463,0.023098195035903282,0.0060373291800169815,0.002469817672329011,0.003018651504465786,0.00521406534626917,-0.004524348306398449,14.880000114440918
1779,2019-01-30,0.4094401931551725,0.4130077046628605,0.41492866233196735,0.4083424993198136,0.04443418919159703,0.0010976938353589039,0.00466520534304693,0.005762899178405889,0.0010976938353589594,0.021335994155693747,15.050000190734863
1780,2019-01-31,0.41630078616893734,0.4130077046628605,0.4168496200010741,0.41245884465963834,0.030329098587032054,0.0068605930137648485,0.0,0.001920957669106771,0.004116345339824745,-0.014105090604564975,15.050000190734863
1781,2019-02-01,0.4130077046628605,0.4094401931551725,0.4138309684966084,0.40916576315356146,0.023712916273185683,-0.0032930815060768226,-0.003567511507688026,-0.0030186515044657303,-0.003293081506076878,-0.006616182313846371,14.920000076293944
1782,2019-02-04,0.4069703754828436,0.4083424993198136,0.4097146231567836,0.4066959454812325,0.02108832386009301,-0.006037329180016926,-0.0010976938353589039,-0.004116345339824801,-0.0024698176723289555,-0.002624592413092673,14.880000114440918
1783,2019-02-05,0.40916576315356146,0.4080680693182025,0.4097146231567836,0.40724480548445463,0.0211834720168202,0.0021953876707178632,-0.0002744300016110923,0.0,0.0005488600032221291,9.514815672719001e-05,14.869999885559082
1784,2019-02-06,0.4075192354860658,0.40285403014301874,0.4077936393165914,0.40257960014140765,0.027869500917627354,-0.0016465276674956786,-0.00521403917518376,-0.0019209838401921808,-0.004665205343046985,0.006686028900807155,14.68000030517578
1785,2019-02-07,0.40340286397515557,0.4053238478153478,0.4055982516458735,0.4031284339735445,0.026143648771448424,-0.004116371510910211,0.0024698176723290666,-0.0021953876707179187,0.0005488338321368302,-0.00172585214617893,14.770000457763672
1786,2019-02-08,0.4058726816474846,0.4069703754828436,0.4080680693182025,0.4050494178137367,0.018842542273221317,0.002469817672329011,0.0016465276674957896,0.002469817672329011,0.0019209838401922363,-0.007301106498227107,14.829999923706056
1787,2019-02-11,0.40395172397837775,0.40395172397837775,0.40614711164909567,0.40367729397676666,0.012420932594479982,-0.0019209576691068264,-0.0030186515044658413,-0.0019209576691068264,-0.0013721238369700517,-0.006421609678741336,14.720000267028809
1788,2019-02-12,0.4047749878121256,0.40422612780890343,0.4050494178137367,0.40340286397515557,0.015373376334123265,0.000823263833747867,0.0002744038305256824,-0.0010976938353589594,-0.0002744300016110923,0.002952443739643283,14.729999542236328
1789,2019-02-13,0.4045005578105145,0.4003842124706898,0.40724480548445463,0.40010978246907875,0.028204123086791513,-0.0002744300016110923,-0.003841915338213653,0.0021953876707179187,-0.0032930815060768226,0.012830746752668248,14.59000015258789
1790,2019-02-14,0.39983535246746765,0.40203074013818546,0.40257960014140765,0.3992865186353308,0.023320207401600058,-0.004665205343046874,0.0016465276674956786,-0.004665205343046985,-0.0008232638337479226,-0.004883915685191455,14.649999618530272
1791,2019-02-15,0.40340286397515557,0.4066959454812325,0.4069703754828436,0.40148190630604874,0.023197975874418686,0.003567511507687915,0.004665205343047041,0.0043907753414359485,0.0021953876707179187,-0.0001222315271813719,14.81999969482422
1792,2019-02-19,0.40724480548445463,0.41218444082911265,0.41218444082911265,0.40724480548445463,0.028299627603656254,0.0038419415092990628,0.005488495347880151,0.005214065346269059,0.005762899178405889,0.005101651729237568,15.020000457763672
1793,2019-02-20,0.4135565384949973,0.4135565384949973,0.4173984800042963,0.41245884465963834,0.03386240935089001,0.006311733010542664,0.0013720976658846418,0.005214039175183649,0.0052140391751837045,0.005562781747233753,15.06999969482422
1794,2019-02-21,0.4102634569889204,0.4069703754828436,0.4108123169921426,0.4069703754828436,0.027004614863781338,-0.003293081506076878,-0.006586163012153701,-0.006586163012153701,-0.005488469176794741,-0.00685779448710867,14.829999923706056
1795,2019-02-22,0.4094401931551725,0.4102634569889204,0.4113611508242794,0.4088913331519503,0.014660656059013238,-0.0008232638337479226,0.0032930815060768226,0.0005488338321367747,0.0019209576691067154,-0.0123439588047681,14.949999809265137
1796,2019-02-25,0.4108123169921426,0.4088913331519503,0.4113611508242794,0.4077936393165914,0.01962902909680523,0.0013721238369701072,-0.0013721238369701072,0.0,-0.0010976938353589039,0.004968373037791992,14.899999618530272
1797,2019-02-26,0.4099890269873093,0.4099890269873093,0.4102634569889204,0.4069703754828436,0.017385742030896423,-0.000823290004833277,0.0010976938353590149,-0.0010976938353589594,-0.0008232638337478115,-0.0022432870659088062,14.9399995803833
1798,2019-02-27,0.4080680693182025,0.4047749878121256,0.4080680693182025,0.40422612780890343,0.02422464943071468,-0.0019209576691068264,-0.0052140391751837045,-0.0021953876707179187,-0.002744247673940159,0.006838907399818257,14.75
1799,2019-02-28,0.4047749878121256,0.40148190630604874,0.4047749878121256,0.40093304630282656,0.02109545106284411,-0.003293081506076878,-0.003293081506076878,-0.003293081506076878,-0.003293081506076878,-0.0031291983678705705,14.630000114440918
1800,2019-03-01,0.3976399647967497,0.38968167794762587,0.3992865186353308,0.38968167794762587,0.06264989398285908,-0.007135023015375941,-0.01180022835842287,-0.005488469176794797,-0.011251368355200686,0.04155444292001498,14.199999809265137
1801,2019-03-04,0.3885839841122669,0.38830955411065576,0.3894072479460148,0.38748629027690795,0.03217540045970458,-0.009055980684482767,-0.0013721238369701072,-0.009879270689316044,-0.0021953876707179187,-0.030474493523154504,14.149999618530272
1802,2019-03-05,0.38830955411065576,0.38968167794762587,0.38995610794923696,0.38721186027529686,0.025474048072982557,-0.00027443000161114783,0.0013721238369701072,0.0005488600032221846,-0.0002744300016110923,-0.006701352386722023,14.199999809265137
1803,2019-03-06,0.38885841411387795,0.38830955411065576,0.38885841411387795,0.38721186027529686,0.02246031038967981,0.0005488600032221846,-0.0013721238369701072,-0.0010976938353590149,0.0,-0.0030137376833027467,14.149999618530272
1804,2019-03-07,0.38611416643993796,0.3866630264431601,0.38803515028013014,0.3855653326078011,0.021415818826506068,-0.0027442476739399924,-0.0016465276674956786,-0.0008232638337478115,-0.001646527667495734,-0.0010444915631737418,14.09000015258789
1805,2019-03-08,0.3929747594537028,0.39544457712603176,0.3957190071276428,0.392425925621566,0.03196871157992267,0.0068605930137648485,0.008781550682871675,0.00768385684751266,0.0068605930137648485,0.010552892753416601,14.40999984741211
1806,2019-03-11,0.3940724532890617,0.3943468832906728,0.3943468832906728,0.391328231786207,0.023556117812661474,0.0010976938353589039,-0.0010976938353589594,-0.0013721238369699962,-0.0010976938353589594,-0.008412593767261195,14.369999885559082
1807,2019-03-12,0.3968167009630018,0.3973655347951386,0.39818882479997186,0.39544457712603176,0.027780054523101047,0.0027442476739401034,0.003018651504465786,0.0038419415092990628,0.004116345339824745,0.004223936710439573,14.479999542236328
1808,2019-03-13,0.39818882479997186,0.39818882479997186,0.3992865186353308,0.3973655347951386,0.01681520945067085,0.0013721238369700517,0.000823290004833277,0.0010976938353589594,0.0019209576691068264,-0.010964845072430198,14.510000228881836
1809,2019-03-14,0.3910538017845959,0.39077937178298483,0.3916026617878181,0.38968167794762587,0.027354916878997916,-0.007135023015375941,-0.007409453016987033,-0.007683856847512716,-0.007683856847512716,0.010539707428327067,14.239999771118164
1810,2019-03-15,0.394895743293895,0.3932491894553139,0.3959934371292539,0.3932491894553139,0.02006343210448479,0.0038419415092990628,0.0024698176723290666,0.004390775341435782,0.003567511507688026,-0.007291484774513125,14.329999923706056
1811,2019-03-18,0.39544457712603176,0.394895743293895,0.3970911309646129,0.3940724532890617,0.016465263795591826,0.0005488338321367747,0.0016465538385810885,0.0010976938353590149,0.0008232638337478115,-0.0035981683088929656,14.390000343322754
1812,2019-03-19,0.3968167009630018,0.3951701471244206,0.3973655347951386,0.394895743293895,0.015289988061935392,0.0013721238369700517,0.0002744038305256269,0.0002744038305256824,0.000823290004833277,-0.0011752757336564341,14.399999618530272
1813,2019-03-20,0.3965422709613907,0.39901208863371973,0.4003842124706898,0.3929747594537028,0.048332056376173764,-0.0002744300016110923,0.0038419415092991183,0.0030186776755511957,-0.0019209838401921808,0.03304206831423837,14.539999961853027
1814,2019-03-21,0.3995609486369419,0.39791439479836077,0.3995609486369419,0.3957190071276428,0.028815637082835913,0.0030186776755511957,-0.0010976938353589594,-0.000823263833747867,0.0027442476739399924,-0.01951641929333785,14.5
1815,2019-03-22,0.3965422709613907,0.3965422709613907,0.3976399647967497,0.39544457712603176,0.015847335317071432,-0.0030186776755511957,-0.0013721238369700517,-0.0019209838401922363,-0.0002744300016110368,-0.012968301765764481,14.449999809265137
1816,2019-03-25,0.39901208863371973,0.3995609486369419,0.40093304630282656,0.39846325480158296,0.026101954635354488,0.002469817672329011,0.0030186776755511957,0.003293081506076878,0.0030186776755511957,0.010254619318283056,14.5600004196167
1817,2019-03-26,0.39901208863371973,0.3970911309646129,0.39901208863371973,0.3959934371292539,0.01738182206938332,0.0,-0.002469817672329011,-0.0019209576691068264,-0.0024698176723290666,-0.008720132565971168,14.470000267028809
1818,2019-03-27,0.3957190071276428,0.3929747594537028,0.3962678409597796,0.39270035562317707,0.03004650499795093,-0.0032930815060769336,-0.0041163715109100996,-0.0027442476739401034,-0.0032930815060768226,0.012664682928567608,14.31999969482422
1819,2019-03-28,0.38885841411387795,0.38611416643993796,0.38885841411387795,0.38529090260619003,0.05594177075352351,-0.0068605930137648485,-0.0068605930137648485,-0.007409426845901679,-0.007409453016987033,0.02589526575557258,14.06999969482422
1820,2019-03-29,0.39077937178298483,0.38913284411548904,0.3910538017845959,0.38885841411387795,0.030149136717566773,0.001920957669106882,0.0030186776755510847,0.0021953876707179742,0.003567511507687915,-0.025792634035956736,14.18000030517578
1821,2019-04-01,0.39077937178298483,0.38830955411065576,0.3910538017845959,0.38803515028013014,0.025075993799333608,0.0,-0.000823290004833277,0.0,-0.0008232638337478115,-0.005073142918233166,14.149999618530272
1822,2019-04-02,0.38611416643993796,0.3885839841122669,0.38885841411387795,0.3855653326078011,0.019777631274165673,-0.004665205343046874,0.00027443000161114783,-0.0021953876707179742,-0.002469817672329011,-0.005298362525167934,14.15999984741211
1823,2019-04-03,0.38693745644477123,0.38968167794762587,0.39023053795084806,0.38693745644477123,0.025144771305881723,0.000823290004833277,0.0010976938353589594,0.0013721238369701072,0.0013721238369701072,0.005367140031716049,14.199999809265137
1824,2019-04-04,0.38474206877405326,0.39023053795084806,0.39050494178137374,0.3833699449370832,0.04316198350052563,-0.0021953876707179742,0.0005488600032221846,0.0002744038305256824,-0.003567511507688026,0.018017212194643906,14.220000267028809
1825,2019-04-05,0.38995610794923696,0.38885841411387795,0.39077937178298483,0.38776072027851904,0.022482761078345775,0.0052140391751837045,-0.0013721238369701072,0.0002744300016110923,0.0043907753414358375,-0.020679222422179854,14.170000076293944
1826,2019-04-08,0.392425925621566,0.39270035562317707,0.39270035562317707,0.3910538017845959,0.02534076938153698,0.002469817672329011,0.0038419415092991183,0.0019209838401922363,0.003293081506076878,0.002858008303191207,14.3100004196167
1827,2019-04-09,0.3937980494585361,0.3918770656183438,0.3937980494585361,0.391328231786207,0.019714555529818434,0.0013721238369701072,-0.000823290004833277,0.0010976938353590149,0.0002744300016110923,-0.005626213851718548,14.279999732971191
1828,2019-04-10,0.3910538017845959,0.3918770656183438,0.39352361945692493,0.3910538017845959,0.017259946902339503,-0.002744247673940159,0.0,-0.00027443000161114783,-0.0002744300016110923,-0.0024546086274789304,14.279999732971191
1829,2019-04-11,0.38748629027690795,0.38474206877405326,0.38885841411387795,0.3833699449370832,0.048377314113643245,-0.0035675115076879704,-0.007134996844290531,-0.004665205343046985,-0.007683856847512716,0.031117367211303742,14.020000457763672
1830,2019-04-12,0.3866630264431601,0.3855653326078011,0.38885841411387795,0.38529090260619003,0.026050995135684124,-0.000823263833747867,0.000823263833747867,0.0,0.0019209576691068264,-0.02232631897795912,14.050000190734863
1831,2019-04-15,0.3830955149354721,0.3858397626094122,0.38693745644477123,0.3819978211001131,0.03639292268766816,-0.0035675115076879704,0.0002744300016110923,-0.0019209576691067154,-0.0032930815060769336,0.010341927551984036,14.0600004196167
1832,2019-04-16,0.38391877876922,0.38611416643993796,0.38638859644154905,0.3833699449370832,0.04196354435792812,0.000823263833747867,0.0002744038305257379,-0.0005488600032221846,0.0013721238369701072,0.005570621670259963,14.06999969482422
1833,2019-04-17,0.38693745644477123,0.3855653326078011,0.38721186027529686,0.38391877876922,0.02218520036348734,0.003018677675551251,-0.0005488338321368302,0.0008232638337478115,0.0005488338321367747,-0.019778343994440784,14.050000190734863
1834,2019-04-18,0.38501647260457894,0.3858397626094122,0.38638859644154905,0.38501647260457894,0.01810273862765711,-0.0019209838401922918,0.0002744300016110923,-0.0008232638337478115,0.0010976938353589594,-0.004082461735830229,14.0600004196167
1835,2019-04-22,0.38638859644154905,0.38638859644154905,0.38693745644477123,0.38529090260619003,0.018547476079325765,0.0013721238369701072,0.0005488338321368302,0.0005488600032221846,0.0002744300016110923,0.00044473745166865447,14.079999923706056
1836,2019-04-23,0.380351267261532,0.38172339109850206,0.3822722511017242,0.3795280034277842,0.025138000463268178,-0.006037329180017037,-0.004665205343046985,-0.004665205343047041,-0.005762899178405834,0.006590524383942413,13.90999984741211
1837,2019-04-24,0.3819978211001131,0.3841932087708311,0.3855653326078011,0.3819978211001131,0.017308411881046985,0.0016465538385810885,0.002469817672329011,0.0032930815060769336,0.0024698176723289,-0.007829588582221193,14.0
1838,2019-04-25,0.38474206877405326,0.3841932087708311,0.38638859644154905,0.3836443487676089,0.015410794148566541,0.002744247673940159,0.0,0.0008232638337479226,0.0016465276674957896,-0.0018976177324804434,14.0
1839,2019-04-26,0.3866630264431601,0.38693745644477123,0.38803515028013014,0.38529090260619003,0.022534789658428808,0.0019209576691068264,0.002744247673940159,0.0016465538385810885,0.001646553838581144,0.007123995509862266,14.100000381469728
1840,2019-04-29,0.38446763877244217,0.38391877876922,0.38446763877244217,0.382821084933861,0.012883488053026389,-0.0021953876707179187,-0.003018677675551251,-0.0035675115076879704,-0.002469817672329011,-0.009651301605402418,13.989999771118164
1841,2019-04-30,0.38254665493224993,0.38474206877405326,0.38529090260619003,0.38172339109850206,0.023382570425672183,-0.0019209838401922363,0.000823290004833277,0.000823263833747867,-0.0010976938353589594,0.010499082372645794,14.020000457763672
1842,2019-05-01,0.3811745572663653,0.3773326157570662,0.3822722511017242,0.3756860619184851,0.0773344261710885,-0.0013720976658846418,-0.007409453016987033,-0.0030186515044658413,-0.0060373291800169815,0.05395185574541632,13.75
1843,2019-05-02,0.37650935192331836,0.37623492192170727,0.3773326157570662,0.37458836808312607,0.02457495144593126,-0.00466520534304693,-0.0010976938353589594,-0.004939635344657967,-0.0010976938353590149,-0.05275947472515724,13.710000038146973
1844,2019-05-03,0.3806256972631431,0.3830955149354721,0.38501647260457894,0.380351267261532,0.040899452987188854,0.004116345339824745,0.0068605930137648485,0.007683856847512716,0.005762899178405945,0.016324501541257596,13.960000038146973
1845,2019-05-06,0.3806256972631431,0.3836443487676089,0.38391877876922,0.380351267261532,0.02108832386009301,0.0,0.0005488338321367747,-0.0010976938353589594,0.0,-0.019811129127095845,13.979999542236328
1846,2019-05-07,0.382821084933861,0.3836443487676089,0.3836443487676089,0.3819978211001131,0.016839085579887034,0.0021953876707179187,0.0,-0.0002744300016110923,0.0016465538385810885,-0.004249238280205975,13.979999542236328
1847,2019-05-08,0.3830955149354721,0.3811745572663653,0.3836443487676089,0.3811745572663653,0.016702243287065908,0.0002744300016110923,-0.002469791501243601,0.0,-0.0008232638337478115,-0.0001368422928211266,13.890000343322754
1848,2019-05-09,0.3781558795908141,0.3795280034277842,0.3809001272647542,0.3778814757602884,0.015305667907987812,-0.004939635344658022,-0.0016465538385810885,-0.0027442215028546935,-0.003293081506076878,-0.001396575379078096,13.829999923706056
1849,2019-05-10,0.3795280034277842,0.37980243342939524,0.3806256972631431,0.37897916959564737,0.01099050300233416,0.0013721238369701072,0.0002744300016110368,-0.0002744300016110923,0.0010976938353589594,-0.004315164905653653,13.84000015258789
1850,2019-05-13,0.380351267261532,0.37980243342939524,0.3806256972631431,0.3787047395940363,0.021286460096573596,0.0008232638337478115,0.0,0.0,-0.0002744300016110923,0.010295957094239437,13.84000015258789
1851,2019-05-14,0.3806256972631431,0.380351267261532,0.3819978211001131,0.3795280034277842,0.025301926126543486,0.0002744300016110923,0.0005488338321367747,0.0013721238369699962,0.0008232638337479226,0.00401546602996989,13.859999656677246
1852,2019-05-15,0.3809001272647542,0.3800768634310064,0.3811745572663653,0.3795280034277842,0.01906883096056875,0.0002744300016110923,-0.0002744038305256269,-0.0008232638337478115,0.0,-0.006233095165974735,13.850000381469728
1853,2019-05-16,0.37897916959564737,0.37458836808312607,0.3792535734261731,0.37321627041724154,0.04041694136093937,-0.0019209576691068264,-0.005488495347880318,-0.0019209838401921808,-0.006311733010542664,0.021348110400370615,13.649999618530272
1854,2019-05-17,0.37129528657704924,0.37102088274652356,0.37156971657866034,0.3701975927416903,0.026743759243091067,-0.0076838830185981255,-0.003567485336602505,-0.007683856847512771,-0.003018677675551251,-0.0136731821178483,13.520000457763672
1855,2019-05-20,0.37102088274652356,0.37184414658027143,0.37239298041240826,0.3704720227433014,0.01563173743385065,-0.0002744038305256824,0.000823263833747867,0.0008232638337479226,0.0002744300016110923,-0.011112021809240417,13.550000190734863
1856,2019-05-21,0.37074645274491247,0.37129528657704924,0.3721185765818825,0.3696487589095535,0.014146428380521355,-0.0002744300016110923,-0.0005488600032221846,-0.0002744038305257379,-0.000823263833747867,-0.0014853090533292947,13.529999732971191
1857,2019-05-22,0.37184414658027143,0.37156971657866034,0.37266741041401935,0.37102088274652356,0.016136343388628547,0.0010976938353589594,0.0002744300016110923,0.0005488338321368302,0.0013721238369700517,0.001989915008107192,13.539999961853027
1858,2019-05-23,0.37349067424776716,0.37541165808795934,0.37650935192331836,0.37321627041724154,0.022792794398018637,0.001646527667495734,0.0038419415092990072,0.0038419415092990072,0.0021953876707179742,0.00665645100939009,13.68000030517578
1859,2019-05-24,0.3748627980847372,0.37458836808312607,0.37513722808634825,0.37349067424776716,0.010728578301231225,0.0013721238369700517,-0.000823290004833277,-0.0013721238369701072,0.0002744038305256269,-0.012064216096787412,13.649999618530272
1860,2019-05-28,0.3690998989063313,0.3693743289079424,0.3693743289079424,0.3674533712388356,0.03278762717602409,-0.005762899178405889,-0.005214039175183649,-0.005762899178405834,-0.006037303008931572,0.022059048874792868,13.460000038146973
1861,2019-05-29,0.37184414658027143,0.37102088274652356,0.37239298041240826,0.3701975927416903,0.018919159702795646,0.0027442476739401034,0.001646553838581144,0.0030186515044658413,0.0027442215028546935,-0.013868467473228445,13.520000457763672
1862,2019-05-30,0.37184414658027143,0.37321627041724154,0.3748627980847372,0.37129528657704924,0.01673217753862053,0.0,0.0021953876707179742,0.0024698176723289555,0.0010976938353589594,-0.002186982164175115,13.600000381469728
1863,2019-05-31,0.37349067424776716,0.37458836808312607,0.3776070457586773,0.37321627041724154,0.02934982092903088,0.001646527667495734,0.0013720976658845307,0.0027442476739401034,0.0019209838401922918,0.012617643390410348,13.649999618530272
1864,2019-06-03,0.3778814757602884,0.3806256972631431,0.3814489610968909,0.3773326157570662,0.04706377064661547,0.004390801512521247,0.006037329180017037,0.0038419153382135973,0.00411634533982469,0.01771394971758459,13.869999885559082
1865,2019-06-04,0.3795280034277842,0.3811745572663653,0.3819978211001131,0.3784303095924252,0.033234146428380525,0.0016465276674957896,0.0005488600032221846,0.0005488600032221846,0.0010976938353589594,-0.013829624218234943,13.890000343322754
1866,2019-06-05,0.38446763877244217,0.3809001272647542,0.38501647260457894,0.3795280034277842,0.057235358052848205,0.004939635344657967,-0.0002744300016110923,0.0030186515044658413,0.0010976938353590149,0.02400121162446768,13.880000114440918
1867,2019-06-06,0.3841932087708311,0.3819978211001131,0.38446763877244217,0.3819978211001131,0.02617037578176505,-0.0002744300016110923,0.0010976938353589039,-0.0005488338321367747,0.0024698176723289,-0.031064982271083154,13.920000076293944
1868,2019-06-07,0.3858397626094122,0.3858397626094122,0.38968167794762587,0.38529090260619003,0.056794540562692654,0.001646553838581144,0.0038419415092991183,0.0052140391751837045,0.0032930815060769336,0.030624164780927603,14.0600004196167
1869,2019-06-10,0.3795280034277842,0.3781558795908141,0.3800768634310064,0.37650935192331836,0.04018352547084083,-0.006311759181628018,-0.0076838830185981255,-0.009604814516619486,-0.008781550682871675,-0.016611015091851825,13.779999732971191
1870,2019-06-11,0.3781558795908141,0.37897916959564737,0.3806256972631431,0.3778814757602884,0.02052883844413164,-0.0013721238369701072,0.000823290004833277,0.0005488338321367192,0.0013721238369700517,-0.01965468702670919,13.8100004196167
1871,2019-06-12,0.37980243342939524,0.37980243342939524,0.3814489610968909,0.3792535734261731,0.019878837553231294,0.001646553838581144,0.000823263833747867,0.0008232638337478115,0.0013720976658846973,-0.0006500008909003444,13.84000015258789
1872,2019-06-13,0.3809001272647542,0.3830955149354721,0.38391877876922,0.380351267261532,0.02419400245888495,0.0010976938353589594,0.003293081506076878,0.0024698176723290666,0.0010976938353589039,0.004315164905653656,13.960000038146973
1873,2019-06-14,0.38446763877244217,0.38172339109850206,0.3855653326078011,0.3800768634310064,0.03460648931810488,0.0035675115076879704,-0.0013721238369700517,0.001646553838581144,-0.0002744038305256269,0.01041248685921993,13.90999984741211
1874,2019-06-17,0.3833699449370832,0.3814489610968909,0.3833699449370832,0.3809001272647542,0.013918714252623702,-0.0010976938353589594,-0.00027443000161114783,-0.0021953876707179187,0.0008232638337478115,-0.020687775065481178,13.899999618530272
1875,2019-06-18,0.38446763877244217,0.3855653326078011,0.38803515028013014,0.38254665493224993,0.046243785970101384,0.0010976938353589594,0.004116371510910211,0.00466520534304693,0.001646527667495734,0.032325071717477685,14.050000190734863
1876,2019-06-19,0.38474206877405326,0.38885841411387795,0.38885841411387795,0.3841932087708311,0.04794469290665146,0.0002744300016110923,0.0032930815060768226,0.0008232638337478115,0.001646553838581144,0.0017009069365500756,14.170000076293944
1877,2019-06-20,0.394895743293895,0.3965422709613907,0.39901208863371973,0.3937980494585361,0.07721860912638312,0.010153674519841727,0.007683856847512771,0.010153674519841782,0.009604840687705007,0.02927391621973166,14.449999809265137
1878,2019-06-21,0.3940724532890617,0.3940724532890617,0.3951701471244206,0.3910538017845959,0.045289097161591504,-0.000823290004833277,-0.002469817672329011,-0.0038419415092991183,-0.002744247673940159,-0.031929511964791615,14.359999656677246
1879,2019-06-24,0.3937980494585361,0.3968167009630018,0.3976399647967497,0.3937980494585361,0.050452042834488536,-0.0002744038305256269,0.0027442476739401034,0.0024698176723290666,0.002744247673940159,0.005162945672897032,14.460000038146973
1880,2019-06-25,0.3959934371292539,0.3946213132922839,0.39818882479997186,0.392425925621566,0.08716355148513087,0.0021953876707178077,-0.0021953876707179187,0.0005488600032221846,-0.0013721238369701072,0.036711508650642335,14.380000114440918
1881,2019-06-26,0.39270035562317707,0.3929747594537028,0.3946213132922839,0.391328231786207,0.03268250093544536,-0.0032930815060768226,-0.0016465538385810885,-0.0035675115076879704,-0.0010976938353589594,-0.05448105054968551,14.31999969482422
1882,2019-06-27,0.39023053795084806,0.3918770656183438,0.3921514956199549,0.38968167794762587,0.03789391158704987,-0.002469817672329011,-0.0010976938353590149,-0.002469817672329011,-0.001646553838581144,0.005211410651604506,14.279999732971191
1883,2019-06-28,0.3918770656183438,0.3932491894553139,0.3940724532890617,0.3910538017845959,0.05535128200559485,0.001646527667495734,0.0013721238369701072,0.0019209576691068264,0.0013721238369700517,0.017457370418544983,14.329999923706056
1884,2019-07-01,0.39077937178298483,0.38913284411548904,0.3932491894553139,0.38885841411387795,0.03662669493790425,-0.0010976938353589594,-0.004116345339824856,-0.0008232638337478115,-0.0021953876707179742,-0.018724587067690604,14.18000030517578
1885,2019-07-02,0.38803515028013014,0.3921514956199549,0.3929747594537028,0.38748629027690795,0.04948808866240222,-0.0027442215028546935,0.0030186515044658413,-0.0002744300016110923,-0.0013721238369699962,0.012861393724497974,14.289999961853027
1886,2019-07-03,0.39352361945692493,0.3929747594537028,0.3940724532890617,0.3921514956199549,0.029402562229389022,0.005488469176794797,0.0008232638337479226,0.0010976938353589039,0.00466520534304693,-0.0200855264330132,14.31999969482422
1887,2019-07-05,0.3866630264431601,0.3858397626094122,0.38693745644477123,0.382821084933861,0.061561570122766064,-0.0068605930137648485,-0.0071349968442905864,-0.007134996844290475,-0.00933041068609386,0.03215900789337704,14.0600004196167
1888,2019-07-08,0.38748629027690795,0.3855653326078011,0.38776072027851904,0.38529090260619003,0.033718439855317785,0.000823263833747867,-0.0002744300016110923,0.0008232638337478115,0.002469817672329011,-0.02784313026744828,14.050000190734863
1889,2019-07-09,0.3866630264431601,0.38803515028013014,0.38885841411387795,0.3855653326078011,0.030178001888708728,-0.000823263833747867,0.002469817672329011,0.0010976938353589039,0.0002744300016110923,-0.003540437966609057,14.140000343322754
1890,2019-07-10,0.3916026617878181,0.391328231786207,0.3921514956199549,0.38830955411065576,0.05011421342408638,0.004939635344658022,0.003293081506076878,0.0032930815060769336,0.002744221502854638,0.019936211535377654,14.260000228881836
1891,2019-07-11,0.39050494178137374,0.38885841411387795,0.3918770656183438,0.38803515028013014,0.03183186928710154,-0.0010977200064443693,-0.0024698176723290666,-0.0002744300016110923,-0.0002744038305256269,-0.01828234413698484,14.170000076293944
1892,2019-07-12,0.38913284411548904,0.391328231786207,0.3921514956199549,0.38803515028013014,0.02845001158170447,-0.0013720976658846973,0.0024698176723290666,0.0002744300016110923,0.0,-0.0033818577053970726,14.260000228881836
1893,2019-07-15,0.3921514956199549,0.3957190071276428,0.3959934371292539,0.3918770656183438,0.06182456390428167,0.0030186515044658413,0.004390775341435782,0.0038419415092990072,0.003841915338213653,0.0333745523225772,14.420000076293944
1894,2019-07-16,0.39818882479997186,0.39901208863371973,0.40340286397515557,0.39791439479836077,0.13935641359157563,0.0060373291800169815,0.0032930815060769336,0.007409426845901679,0.0060373291800169815,0.07753184968729396,14.539999961853027
1895,2019-07-17,0.4047749878121256,0.4099890269873093,0.4110867208226683,0.4045005578105145,0.09946652887408014,0.006586163012153756,0.010976938353589594,0.007683856847512716,0.006586163012153756,-0.039889884717495494,14.9399995803833
1896,2019-07-18,0.4135565384949973,0.4195938676750142,0.42041713150876214,0.41191001082750156,0.1364043262120699,0.008781550682871675,0.009604840687704896,0.00933041068609386,0.007409453016987033,0.03693779733798977,15.289999961853027
1897,2019-07-19,0.42261251917947995,0.41630078616893734,0.42645446068877907,0.41245884465963834,0.14922081855923597,0.009055980684482656,-0.003293081506076878,0.006037329180016926,0.0005488338321367747,0.012816492347166059,15.170000076293944
1898,2019-07-22,0.4198682976766253,0.4212404215135954,0.4223381153489543,0.41931943767340313,0.06453397003011244,-0.002744221502854638,0.004939635344658078,-0.004116345339824745,0.006860593013764793,-0.08468684852912353,15.350000381469728
1899,2019-07-23,0.4228869491810911,0.42096599151198427,0.425082336851809,0.42069156151037324,0.08491028633537052,0.003018651504465786,-0.00027443000161114783,0.0027442215028546935,0.0013721238369701072,0.020376316305258088,15.34000015258789
1900,2019-07-24,0.42645446068877907,0.4259056268566423,0.4278265845257491,0.4248079068501979,0.056090729291021504,0.0035675115076879704,0.004939635344658022,0.0027442476739401034,0.00411634533982469,-0.02881955704434902,15.520000457763672
1901,2019-07-25,0.42453350301967224,0.42151482534412105,0.4248079068501979,0.41904503384287745,0.0712673948292144,-0.0019209576691068264,-0.004390801512521247,-0.0030186776755511957,-0.005762873007320479,0.015176665538192899,15.359999656677246
1902,2019-07-26,0.42316137918270214,0.4201427276782364,0.4234358091843132,0.4195938676750142,0.03664415658464444,-0.0013721238369701072,-0.0013720976658846418,-0.0013720976658846973,0.0005488338321367747,-0.03462323824456996,15.3100004196167
1903,2019-07-29,0.42151482534412105,0.42261251917947995,0.4234358091843132,0.4198682976766253,0.03796233273346043,-0.0016465538385810885,0.0024697915012435456,0.0,0.0002744300016110923,0.0013181761488159915,15.399999618530272
1904,2019-07-30,0.42398464301645006,0.4253567668534201,0.42672889069039016,0.4223381153489543,0.033873456515154214,0.002469817672329011,0.002744247673940159,0.0032930815060769336,0.002469817672329011,-0.0040888762183062186,15.5
1905,2019-07-31,0.4223381153489543,0.4173984800042963,0.4234358091843132,0.41602635616732625,0.10242289257523654,-0.001646527667495734,-0.007958286849123808,-0.0032930815060769336,-0.006311759181628074,0.06854943606008232,15.210000038146973
1906,2019-08-01,0.41163558082589047,0.42096599151198427,0.42096599151198427,0.4110867208226683,0.10224221798549614,-0.010702534523063856,0.0035675115076879704,-0.0024698176723289555,-0.004939635344657967,-0.00018067458974040107,15.34000015258789
1907,2019-08-02,0.4141053984982195,0.4168496200010741,0.41904503384287745,0.4138309684966084,0.07183329472765176,0.002469817672329011,-0.004116371510910155,-0.0019209576691068264,0.0027442476739401034,-0.030408923257844375,15.1899995803833
1908,2019-08-05,0.42178925534573214,0.42069156151037324,0.425082336851809,0.4176729100059074,0.1112809365144415,0.00768385684751266,0.0038419415092991183,0.006037303008931572,0.0038419415092990072,0.039447641786789736,15.329999923706056
1909,2019-08-06,0.42261251917947995,0.42206368534734323,0.4234358091843132,0.42041713150876214,0.0460638241006361,0.0008232638337478115,0.0013721238369699962,-0.0016465276674957896,0.002744221502854749,-0.0652171124138054,15.380000114440918
1910,2019-08-07,0.4349616075411251,0.43825468904720194,0.44319429822077455,0.43441274753790293,0.17770931703579637,0.012349088361645166,0.016191003699858708,0.019758489036461324,0.01399561602914079,0.13164549293516026,15.970000267028809
1911,2019-08-08,0.4330406237009328,0.436059301376484,0.4388035228793387,0.43194292986557387,0.08316804162286406,-0.0019209838401922918,-0.0021953876707179187,-0.0043907753414358375,-0.0024698176723290666,-0.09454127541293231,15.890000343322754
1912,2019-08-09,0.4349616075411251,0.436059301376484,0.43825468904720194,0.4330406237009328,0.05290772054238013,0.0019209838401922918,0.0,-0.0005488338321367747,0.0010976938353589594,-0.030260321080483932,15.890000343322754
1913,2019-08-12,0.43523601137165074,0.4385290928777276,0.44099891055005663,0.43468717753951397,0.07212943000195998,0.0002744038305256269,0.002469791501243601,0.0027442215028546935,0.001646553838581144,0.01922170945957985,15.979999542236328
1914,2019-08-13,0.44401758822560783,0.43551044137326184,0.4442920182272189,0.42453350301967224,0.13494645688933235,0.008781576853957085,-0.003018651504465786,0.003293107677162288,-0.010153674519841727,0.06281702688737237,15.869999885559082
1915,2019-08-14,0.4423710605581121,0.4412733405516677,0.4451152558898814,0.4385290928777276,0.13059743777061097,-0.001646527667495734,0.005762899178405889,0.0008232376626624571,0.01399558985805538,-0.004349019118721376,16.079999923706055
1916,2019-08-15,0.44264543821755237,0.44264543821755237,0.44401758822560783,0.44072448054844554,0.06070986939400959,0.0002743776594402725,0.0013720976658846418,-0.0010976676642735494,0.0021953876707179187,-0.06988756837660139,16.1299991607666
1917,2019-08-16,0.4418222005548899,0.439626812884172,0.44291986821916346,0.43825468904720194,0.05843415355558327,-0.0008232376626624571,-0.003018625333380376,-0.0010977200064443693,-0.002469791501243601,-0.002275715838426319,16.020000457763672
1918,2019-08-19,0.43551044137326184,0.4333150537025439,0.43743139904236866,0.4330406237009328,0.05209236854765426,-0.006311759181628074,-0.006311759181628074,-0.005488469176794797,-0.0052140653462691144,-0.006341785007929007,15.789999961853027
1919,2019-08-20,0.4366081352086208,0.44045005054683445,0.4415477705532788,0.4366081352086208,0.04355861233362436,0.0010976938353589594,0.007134996844290531,0.004116371510910155,0.0035675115076879704,-0.008533756214029901,16.049999237060547
1920,2019-08-21,0.4388035228793387,0.44045005054683445,0.4418222005548899,0.43770582904397975,0.044239260196354435,0.0021953876707179187,0.0,0.0002744300016110923,0.0010976938353589594,0.0006806478627300744,16.049999237060547
1921,2019-08-22,0.4385290928777276,0.43825468904720194,0.44045005054683445,0.43770582904397975,0.024948773230226467,-0.0002744300016110923,-0.002195361499632509,-0.0013721500080554616,0.0,-0.01929048696612797,15.970000267028809
1922,2019-08-23,0.4401756728873942,0.44868279356865476,0.44895722357026585,0.4385290928777276,0.09253639327904781,0.001646580009666554,0.010428104521452819,0.008507173023431402,0.000823263833747867,0.06758762004882134,16.350000381469727
1923,2019-08-26,0.4527991389084795,0.4533479989117017,0.45636662424508206,0.45142704124259486,0.08177894980667462,0.012623466021085328,0.00466520534304693,0.007409400674816213,0.01289794836486724,-0.010757443472373188,16.520000457763672
1924,2019-08-27,0.46212954959457336,0.4673436149408424,0.4676180449424535,0.46020859192546654,0.1383896085383889,0.00933041068609386,0.013995616029140734,0.01125142069737145,0.008781550682871675,0.05661065873171427,17.030000686645508
1925,2019-08-28,0.4706366702758339,0.4711855302790561,0.473380917949774,0.46679475493762024,0.10999732729896834,0.008507120681260527,0.003841915338213653,0.005762873007320479,0.006586163012153701,-0.028392281239420544,17.170000076293945
1926,2019-08-29,0.4763995956253252,0.46844128260511597,0.47777169329120983,0.4632272172588469,0.18707161056964167,0.005762925349491299,-0.0027442476739401034,0.0043907753414358375,-0.003567537678773325,0.07707428327067332,17.06999969482422
1927,2019-08-30,0.46899014260833816,0.4706366702758339,0.4736553479513851,0.46652032493600915,0.1011802647755822,-0.007409453016987033,0.0021953876707179187,-0.004116345339824745,0.0032931076771622325,-0.08589134579405946,17.149999618530273
1928,2019-09-03,0.48271132863586785,0.49094401931551734,0.4923161693235728,0.480790370966761,0.14410099246298308,0.013721186027529697,0.020307349039683453,0.01866082137218772,0.014270046030751882,0.04292072768740088,17.889999389648438
1929,2019-09-04,0.49615808466178635,0.5032931076771624,0.5035675376787735,0.4953347946569532,0.12230244284874293,0.013446756025918494,0.012349088361645055,0.011251368355200686,0.014544423690192154,-0.021798549614240145,18.34000015258789
1930,2019-09-05,0.49341383698784635,0.47777169329120983,0.49341383698784635,0.47447863795621836,0.18996097856493774,-0.0027442476739399924,-0.025521414385952568,-0.010153700690927137,-0.020856156700734818,0.0676585357161948,17.40999984741211
1931,2019-09-06,0.47996708096192775,0.46295283959940664,0.48271132863586785,0.461031829588129,0.2436010191899934,-0.013446756025918605,-0.014818853691803191,-0.010702508351978501,-0.013446808368089369,0.053640040625055674,16.8700008392334
1932,2019-09-09,0.4645993672669023,0.46185511959296227,0.46679475493762024,0.461031829588129,0.0927605438055699,-0.015367713695025431,-0.0010977200064443693,-0.015916573698247616,0.0,-0.15084047538442352,16.829999923706055
1933,2019-09-10,0.4654226049295648,0.46240397959618446,0.46679475493762024,0.46240397959618446,0.080579797943802,0.0008232376626624571,0.0005488600032221846,0.0,0.0013721500080554616,-0.0121807458617679,16.850000381469727
1934,2019-09-11,0.461031829588129,0.4651482272701245,0.46597146493278696,0.4607574519286887,0.06050781319601589,-0.004390775341435782,0.002744247673940048,-0.000823290004833277,-0.001646527667495734,-0.020071984747786112,16.950000762939453
1935,2019-09-12,0.46597146493278696,0.4643249372652912,0.46953900261156034,0.46240397959618446,0.10458706769060813,0.004939635344657967,-0.000823290004833277,0.0035675376787733803,0.001646527667495734,0.04407925449459224,16.920000076293945
1936,2019-09-13,0.46377607726206904,0.4475850735622104,0.4648737972685134,0.44676183589954793,0.15080091940915488,-0.0021953876707179187,-0.016739863703080837,-0.00466520534304693,-0.015642143696636523,0.04621385171854675,16.309999465942383
1937,2019-09-16,0.4585620119158,0.45938530192063326,0.46212954959457336,0.4555433865824196,0.07551271314790728,-0.005214065346269059,0.01180022835842287,-0.002744247673940048,0.008781550682871675,-0.0752882062612476,16.739999771118164
1938,2019-09-17,0.45911087191902217,0.46267840959779555,0.4643249372652912,0.45718991424991534,0.04548366979669654,0.0005488600032221846,0.003293107677162288,0.0021953876707178632,0.001646527667495734,-0.03002904335121074,16.860000610351562
1939,2019-09-18,0.45965973192224435,0.45417123657436415,0.46212954959457336,0.4495060312313172,0.10322791012597331,0.0005488600032221846,-0.008507173023431402,-0.0021953876707178632,-0.0076838830185981255,0.05774424032927677,16.549999237060547
1940,2019-09-19,0.4588364419174111,0.4560922465856418,0.45965973192224435,0.4558178165840307,0.037496926393813586,-0.000823290004833277,0.0019210100112776463,-0.002469817672329011,0.006311785352713484,-0.06573098373215971,16.6200008392334
1941,2019-09-20,0.45691548424830425,0.461031829588129,0.461031829588129,0.4558178165840307,0.05080377029025533,-0.0019209576691068264,0.004939583002487202,0.0013720976658846418,0.0,0.013306843896441746,16.799999237060547
1942,2019-09-23,0.47447863795621836,0.48051594096514993,0.48051594096514993,0.4736553479513851,0.08601429004151595,0.017563153707914114,0.01948411137702094,0.01948411137702094,0.017837531367354387,0.03521051975126062,17.510000228881836
1943,2019-09-24,0.47200882028388935,0.4785949832960431,0.4791437909570945,0.46844128260511597,0.09839994298237799,-0.002469817672329011,-0.0019209576691068264,-0.0013721500080554616,-0.0052140653462691144,0.012385652940862038,17.440000534057617
1944,2019-09-25,0.47447863795621836,0.4585620119158,0.4761251656237141,0.45746434425152643,0.10479126204942715,0.002469817672329011,-0.020032971380243125,-0.003018625333380376,-0.010976938353589538,0.006391319067049164,16.709999084472656
1945,2019-09-26,0.45993416192385544,0.45746434425152643,0.463501647260458,0.45636662424508206,0.07240917270994067,-0.014544476032362919,-0.0010976676642735494,-0.012623518363256092,-0.0010977200064443693,-0.03238208933948648,16.670000076293945
1946,2019-09-27,0.44621297589632575,0.44895722357026585,0.4525247089068684,0.4442920182272189,0.08992676799173245,-0.013721186027529697,-0.008507120681260583,-0.010976938353589594,-0.012074606017863143,0.01751759528179178,16.360000610351562
1947,2019-09-30,0.4399012428857831,0.43688256521023183,0.4418222005548899,0.43441274753790293,0.1041223740712364,-0.006311733010542664,-0.012074658360034018,-0.010702508351978501,-0.009879270689315989,0.014195606079503945,15.920000076293944
1948,2019-10-01,0.43798025904559085,0.44319429822077455,0.4448408258882703,0.4366081352086208,0.0829538691801935,-0.0019209838401922363,0.006311733010542719,0.003018625333380376,0.0021953876707178632,-0.021168504891042897,16.149999618530273
1949,2019-10-02,0.4481339335654326,0.4508781812393727,0.4538968589149239,0.44648740589793684,0.07590756018031823,0.010153674519841727,0.0076838830185981255,0.009056033026653587,0.009879270689316044,-0.007046308999875267,16.43000030517578
1950,2019-10-03,0.4495060312313172,0.4508781812393727,0.45691548424830425,0.44923165357187694,0.08699713130089268,0.0013720976658846418,0.0,0.003018625333380376,0.0027442476739401034,0.011089571120574446,16.43000030517578
1951,2019-10-04,0.4473106435605993,0.4503293212361505,0.45170141890203513,0.44593854589471466,0.061296794540562693,-0.0021953876707179187,-0.0005488600032221846,-0.0052140653462691144,-0.003293107677162288,-0.025700336760329984,16.40999984741211
1952,2019-10-07,0.4495060312313172,0.4473106435605993,0.45170141890203513,0.44676183589954793,0.029861197726422324,0.0021953876707179187,-0.0030186776755511957,0.0,0.000823290004833277,-0.03143559681414037,16.299999237060547
1953,2019-10-08,0.4555433865824196,0.4558178165840307,0.45718991424991534,0.4525247089068684,0.07062060117955206,0.006037355351102391,0.008507173023431402,0.005488495347880207,0.005762873007320479,0.040759403453129735,16.610000610351562
1954,2019-10-09,0.4577387742531375,0.4555433865824196,0.4577387742531375,0.4538968589149239,0.054981023822675196,0.0021953876707179187,-0.0002744300016110923,0.0005488600032221846,0.0013721500080554616,-0.015639577356876863,16.600000381469727
1955,2019-10-10,0.4519758489036462,0.44923165357187694,0.4525247089068684,0.447036265901159,0.05365536411097055,-0.005762925349491299,-0.006311733010542664,-0.0052140653462691144,-0.0068605930137648485,-0.0013256597117046465,16.3700008392334
1956,2019-10-11,0.4495060312313172,0.44923165357187694,0.4506037512377616,0.4448408258882703,0.10017960550932772,-0.002469817672329011,0.0,-0.0019209576691068264,-0.0021954400128887386,0.046524241398357175,16.3700008392334
1957,2019-10-14,0.4508781812393727,0.4525247089068684,0.45417123657436415,0.4500548912345394,0.03708247955383711,0.0013721500080554616,0.003293055334991468,0.0035674853366025605,0.0052140653462691144,-0.06309712595549061,16.489999771118164
1958,2019-10-15,0.4497804612329283,0.44648740589793684,0.4497804612329283,0.4448408258882703,0.07032767314648183,-0.0010977200064443693,-0.006037303008931572,-0.0043907753414358375,-0.0052140653462691144,0.033245193592644724,16.270000457763672
1959,2019-10-16,0.44593854589471466,0.44621297589632575,0.447036265901159,0.44319429822077455,0.054543769933895196,-0.003841915338213653,-0.0002744300016110923,-0.0027441953317692835,-0.001646527667495734,-0.015783903212586638,16.260000228881836
1960,2019-10-17,0.4500548912345394,0.4500548912345394,0.4527991389084795,0.44895722357026585,0.05071824385724213,0.004116345339824745,0.003841915338213653,0.005762873007320479,0.005762925349491299,-0.0038255260766530685,16.399999618530273
1961,2019-10-18,0.4495060312313172,0.4503293212361505,0.45142704124259486,0.44868279356865476,0.05652441957842596,-0.0005488600032221846,0.0002744300016110923,-0.0013720976658846418,-0.0002744300016110923,0.005806175721183832,16.40999984741211
1962,2019-10-21,0.45691548424830425,0.4503293212361505,0.4577387742531375,0.4495060312313172,0.06324929173422661,0.007409453016987033,0.0,0.006311733010542664,0.0008232376626624571,0.00672487215580065,16.40999984741211
1963,2019-10-22,0.4500548912345394,0.44923165357187694,0.45170141890203513,0.447036265901159,0.04299841419738788,-0.0068605930137648485,-0.0010976676642735494,-0.006037355351102391,-0.0024697653301581912,-0.020250877536838727,16.3700008392334
1964,2019-10-23,0.4508781812393727,0.4497804612329283,0.4519758489036462,0.4495060312313172,0.03029096805231367,0.000823290004833277,0.0005488076610513648,0.0002744300016110923,0.0024697653301581912,-0.012707446145074214,16.389999389648438
1965,2019-10-24,0.4558178165840307,0.45691548424830425,0.4580132042547486,0.45472009657758633,0.053159667159631524,0.004939635344658022,0.007135023015375941,0.006037355351102391,0.0052140653462691144,0.022868699107317855,16.649999618530273
1966,2019-10-25,0.46871571260672706,0.463501647260458,0.46953900261156034,0.4577387742531375,0.09202929280330702,0.012897896022696365,0.006586163012153756,0.011525798356811723,0.0030186776755511957,0.03886962564367549,16.889999389648438
1967,2019-10-28,0.461031829588129,0.4577387742531375,0.4613062595897401,0.4560922465856418,0.04943891096341963,-0.00768388301859807,-0.005762873007320479,-0.008232743021820255,-0.001646527667495734,-0.042590381839887385,16.68000030517578
1968,2019-10-29,0.4536224289133128,0.45691548424830425,0.45938530192063326,0.4527991389084795,0.04890116351584912,-0.007409400674816213,-0.000823290004833277,-0.0019209576691068264,-0.003293107677162288,-0.0005377474475705135,16.649999618530273
1969,2019-10-30,0.4577387742531375,0.45911087191902217,0.45911087191902217,0.45115261124098377,0.05546282272864957,0.004116345339824745,0.0021953876707179187,-0.0002744300016110923,-0.001646527667495734,0.006561659212800455,16.729999542236328
1970,2019-10-31,0.46267840959779555,0.4643249372652912,0.46652032493600915,0.4613062595897401,0.0553755144949486,0.004939635344658022,0.005214065346269059,0.007409453016986978,0.010153648348756317,-8.730823370097646e-05,16.920000076293945
1971,2019-11-01,0.46267840959779555,0.4643249372652912,0.4645993672669023,0.4615806895913512,0.04655203748908647,0.0,0.0,-0.0019209576691068264,0.0002744300016110923,-0.008823477005862126,16.920000076293945
1972,2019-11-04,0.4648737972685134,0.46240397959618446,0.46569703493117587,0.4607574519286887,0.046291538228533755,0.0021953876707178632,-0.001920957669106771,0.0010976676642735494,-0.0008232376626624571,-0.00026049926055271566,16.850000381469727
1973,2019-11-05,0.4552689565808085,0.45115261124098377,0.45636662424508206,0.4497804612329283,0.08062042299948327,-0.009604840687704896,-0.011251368355200686,-0.009330410686093804,-0.010976990695760414,0.034328884770949517,16.440000534057617
1974,2019-11-06,0.4508781812393727,0.4519758489036462,0.4527991389084795,0.4497804612329283,0.04004775225843237,-0.0043907753414358375,0.0008232376626624571,-0.0035674853366025605,0.0,-0.0405726707410509,16.469999313354492
1975,2019-11-07,0.45115261124098377,0.4390779528809498,0.45170141890203513,0.43468717753951397,0.11297222172727758,0.0002744300016110923,-0.01289789602269642,-0.0010977200064443693,-0.015093283693414339,0.0729244694688452,16.0
1976,2019-11-08,0.43276621987040714,0.4308452360302149,0.43578487137487293,0.4308452360302149,0.07181369492008624,-0.018386391370576627,-0.0082327168507349,-0.015916547527162206,-0.0038419415092990628,-0.04115852680719134,15.699999809265137
1977,2019-11-11,0.43194292986557387,0.43221735986718496,0.433589483704155,0.427277724522527,0.05338488676656629,-0.000823290004833277,0.0013721238369700517,-0.0021953876707179187,-0.003567511507687915,-0.01842880815351995,15.75
1978,2019-11-12,0.4305708060286038,0.4313940960334371,0.4316684998639628,0.42672889069039016,0.049227945761987066,-0.0013721238369700517,-0.000823263833747867,-0.0019209838401922363,-0.0005488338321368302,-0.004156941004579223,15.720000267028809
1979,2019-11-13,0.43413831753629184,0.43441274753790293,0.43633370520700965,0.43249178986879605,0.04302193396646651,0.003567511507688026,0.0030186515044658413,0.004665205343046874,0.005762899178405889,-0.0062060117955205565,15.829999923706056
1980,2019-11-14,0.43551044137326184,0.43633370520700965,0.43825468904720194,0.43276621987040714,0.03256490209005221,0.0013721238369699962,0.0019209576691067154,0.0019209838401922918,0.0002744300016110923,-0.0104570318764143,15.899999618530272
1981,2019-11-15,0.4338639137057661,0.4349616075411251,0.43633370520700965,0.4333150537025439,0.03461753648236908,-0.001646527667495734,-0.0013720976658845307,-0.0019209838401922918,0.0005488338321367747,0.002052634392316871,15.850000381469728
1982,2019-11-18,0.43578487137487293,0.43688256521023183,0.43743139904236866,0.43468717753951397,0.02841295012739875,0.0019209576691068264,0.0019209576691067154,0.0010976938353590149,0.0013721238369700517,-0.006204586354970329,15.920000076293944
1983,2019-11-19,0.43578487137487293,0.439626812884172,0.44072448054844554,0.43551044137326184,0.03180193503554692,0.0,0.002744247673940159,0.003293081506076878,0.000823263833747867,0.0033889849081481724,16.020000457763672
1984,2019-11-20,0.43825468904720194,0.4401756728873942,0.44045005054683445,0.43688256521023183,0.041794629652727046,0.002469817672329011,0.0005488600032221846,-0.0002744300016110923,0.0013721238369699962,0.009992694617180123,16.040000915527344
1985,2019-11-21,0.4390779528809498,0.4388035228793387,0.44072448054844554,0.43770582904397975,0.029205138713183542,0.000823263833747867,-0.0013721500080554616,0.0002744300016110923,0.0008232638337479226,-0.012589490939543504,15.989999771118164
1986,2019-11-22,0.4385290928777276,0.43633370520700965,0.4393523828825609,0.43578487137487293,0.02785987919391337,-0.0005488600032221846,-0.0024698176723290666,-0.0013720976658846418,-0.0019209576691068264,-0.0013452595192701734,15.899999618530272
1987,2019-11-25,0.4338639137057661,0.4330406237009328,0.436059301376484,0.43276621987040714,0.03143417137359015,-0.00466517917196152,-0.0032930815060768226,-0.003293081506076878,-0.003018651504465786,0.00357429217967678,15.779999732971191
1988,2019-11-26,0.43413831753629184,0.4388035228793387,0.4388035228793387,0.4313940960334371,0.04006165030379702,0.0002744038305257379,0.005762899178405889,0.0027442215028546935,-0.0013721238369700517,0.00862747893020687,15.989999771118164
1989,2019-11-27,0.4349616075411251,0.43468717753951397,0.43633370520700965,0.43413831753629184,0.05139532811859665,0.000823290004833277,-0.004116345339824745,-0.0024698176723290666,0.002744221502854749,0.011333677814799631,15.84000015258789
1990,2019-11-29,0.4333150537025439,0.43688256521023183,0.4371569952118429,0.43249178986879605,0.02270619888459277,-0.0016465538385811995,0.0021953876707178632,0.000823290004833277,-0.0016465276674957896,-0.02868912923400388,15.920000076293944
1991,2019-12-02,0.433589483704155,0.433589483704155,0.43551044137326184,0.43276621987040714,0.032701031662598225,0.0002744300016110923,-0.0032930815060768226,-0.0016465538385810885,0.0002744300016110923,0.009994832778005454,15.800000190734863
1992,2019-12-03,0.439626812884172,0.44045005054683445,0.4412733405516677,0.4390779528809498,0.046594087985317965,0.0060373291800169815,0.006860566842679439,0.005762899178405889,0.006311733010542664,0.01389305632271974,16.049999237060547
1993,2019-12-04,0.43770582904397975,0.43249178986879605,0.43770582904397975,0.4308452360302149,0.053930474137163016,-0.0019209838401922363,-0.007958260678038398,-0.0035675115076879704,-0.0082327168507349,0.007336386151845051,15.760000228881836
1994,2019-12-05,0.43194292986557387,0.4349616075411251,0.43633370520700965,0.43194292986557387,0.03238208933948648,-0.005762899178405889,0.0024698176723290666,-0.0013721238369701072,0.0010976938353589594,-0.021548384797676533,15.850000381469728
1995,2019-12-06,0.4283754183578859,0.4248079068501979,0.4283754183578859,0.42371021301483897,0.06860609732195357,-0.0035675115076879704,-0.010153700690927192,-0.007958286849123752,-0.0082327168507349,0.03622400798246708,15.479999542236328
1996,2019-12-09,0.4253567668534201,0.4253567668534201,0.42645446068877907,0.4248079068501979,0.023737861482814534,-0.003018651504465786,0.0005488600032221846,-0.0019209576691068264,0.0010976938353589594,-0.04486823583913903,15.5
1997,2019-12-10,0.4278265845257491,0.427277724522527,0.428649848359497,0.4259056268566423,0.020898027546638633,0.002469817672329011,0.001920957669106882,0.0021953876707179187,0.0010977200064443693,-0.0028398339361759006,15.56999969482422
1998,2019-12-11,0.4278265845257491,0.43221735986718496,0.4349616075411251,0.42700332069200125,0.04565864262423605,0.0,0.004939635344657967,0.006311759181628129,0.0010976938353589594,0.024760615077597418,15.75
1999,2019-12-12,0.43798025904559085,0.4349616075411251,0.43798025904559085,0.430021972196467,0.05619799369242556,0.010153674519841727,0.002744247673940159,0.0030186515044657303,0.0030186515044657303,0.010539351068189512,15.850000381469728
2000,2019-12-13,0.4330406237009328,0.43468717753951397,0.43523601137165074,0.43194292986557387,0.039739500739447285,-0.004939635344658022,-0.00027443000161114783,-0.0027442476739401034,0.001920957669106882,-0.016458492952978278,15.84000015258789
2001,2019-12-16,0.436059301376484,0.4366081352086208,0.43770582904397975,0.4349616075411251,0.03413466849598204,0.0030186776755511957,0.0019209576691068264,0.002469817672329011,0.003018677675551251,-0.005604832243465245,15.90999984741211
2002,2019-12-17,0.43633370520700965,0.43578487137487293,0.4371569952118429,0.43468717753951397,0.02088662402223687,0.0002744038305256269,-0.000823263833747867,-0.0005488338321368302,-0.00027443000161114783,-0.013248044473745169,15.880000114440918
2003,2019-12-18,0.43413831753629184,0.43633370520700965,0.43633370520700965,0.43413831753629184,0.015837000873082336,-0.0021953876707178077,0.0005488338321367192,-0.000823290004833277,-0.0005488600032221291,-0.0050496231491545356,15.899999618530272
2004,2019-12-19,0.43551044137326184,0.43743139904236866,0.4390779528809498,0.43468717753951397,0.028625697129519092,0.0013721238369699962,0.0010976938353590149,0.002744247673940159,0.0005488600032221291,0.012788696256436756,15.9399995803833
2005,2019-12-20,0.44099891055005663,0.4401756728873942,0.4423710605581121,0.43798025904559085,0.04161110418188622,0.005488469176794797,0.0027442738450255133,0.003293107677162288,0.003293081506076878,0.012985407052367125,16.040000915527344
2006,2019-12-23,0.44346872822238564,0.44676183589954793,0.4473106435605993,0.44346872822238564,0.04563939917680808,0.002469817672329011,0.006586163012153756,0.004939583002487202,0.005488469176794797,0.004028294994921862,16.280000686645508
2007,2019-12-24,0.45170141890203513,0.4549945265791974,0.4558178165840307,0.45142704124259486,0.04181993122249345,0.00823269067964949,0.00823269067964949,0.008507173023431402,0.007958313020209218,-0.0038194679543146273,16.579999923706055
2008,2019-12-26,0.46048302192707763,0.45911087191902217,0.46267840959779555,0.4549945265791974,0.05863906063467741,0.008781603025042495,0.004116345339824745,0.0068605930137648485,0.0035674853366025605,0.016819129412183956,16.729999542236328
2009,2019-12-27,0.4582876342563597,0.4549945265791974,0.4607574519286887,0.45472009657758633,0.04523778130178358,-0.0021953876707179187,-0.004116345339824745,-0.0019209576691068264,-0.0002744300016110923,-0.013401279332893826,16.579999923706055
2010,2019-12-30,0.4582876342563597,0.45938530192063326,0.46048302192707763,0.45746434425152643,0.03866650036526914,0.0,0.0043907753414358375,-0.0002744300016110923,0.0027442476739401034,-0.006571280936514441,16.739999771118164
2011,2019-12-31,0.46020859192546654,0.4577387742531375,0.4613062595897401,0.45664105424669316,0.03985460506387756,0.0019209576691068264,-0.001646527667495734,0.0008232376626624571,-0.000823290004833277,0.0011881046986084165,16.68000030517578
2012,2020-01-02,0.46212954959457336,0.4613062595897401,0.46377607726206904,0.45965973192224435,0.04805552090943107,0.0019209576691068264,0.0035674853366025605,0.0024698176723289555,0.0030186776755511957,0.008200915845553512,16.809999465942383
2013,2020-01-03,0.4643249372652912,0.46212954959457336,0.4651482272701245,0.461031829588129,0.04819592680362775,0.0021953876707178632,0.000823290004833277,0.0013721500080554616,0.0013720976658846418,0.0001404058941966782,16.84000015258789
2014,2020-01-06,0.4711855302790561,0.4648737972685134,0.47145996028066717,0.4615806895913512,0.06435578996133492,0.0068605930137648485,0.002744247673940048,0.006311733010542664,0.0005488600032221846,0.016159863157707177,16.940000534057617
2015,2020-01-07,0.46597146493278696,0.4711855302790561,0.4722831979433296,0.4645993672669023,0.054793222030183705,-0.0052140653462691144,0.006311733010542664,0.0008232376626624571,0.00301867767555114,-0.00956256793115122,17.170000076293945
2016,2020-01-08,0.470911100277445,0.4645993672669023,0.47173439028227826,0.46267840959779555,0.10663150579976124,0.004939635344658022,-0.006586163012153756,-0.0005488076610513648,-0.001920957669106771,0.05183828376957754,16.93000030517578
2017,2020-01-09,0.4588364419174111,0.4588364419174111,0.45993416192385544,0.4560922465856418,0.05268036277462003,-0.012074658360033907,-0.005762925349491244,-0.011800228358422815,-0.006586163012153756,-0.053951143025141216,16.719999313354492
2018,2020-01-10,0.461031829588129,0.463501647260458,0.4654226049295648,0.46048302192707763,0.03349001300714502,0.0021953876707179187,0.00466520534304693,0.005488443005709331,0.0043907753414358375,-0.01919034976747501,16.889999389648438
2019,2020-01-13,0.46212954959457336,0.46048302192707763,0.46240397959618446,0.45911087191902217,0.03787823174099745,0.0010977200064443693,-0.003018625333380376,-0.0030186253333803204,-0.0013721500080554616,0.0043882187338524295,16.780000686645508
2020,2020-01-14,0.4555433865824196,0.4560922465856418,0.4577387742531375,0.4538968589149239,0.043364039698519326,-0.006586163012153756,-0.0043907753414358375,-0.00466520534304693,-0.005214013004098295,0.0054858079575218766,16.6200008392334
2021,2020-01-15,0.45911087191902217,0.4613062595897401,0.46240397959618446,0.4582876342563597,0.039017515100760826,0.0035674853366025605,0.005214013004098295,0.00466520534304693,0.0043907753414358375,-0.0043465245977585,16.809999465942383
2022,2020-01-16,0.46048302192707763,0.46020859192546654,0.46185511959296227,0.4588364419174111,0.029850506922295673,0.0013721500080554616,-0.0010976676642735494,-0.0005488600032221846,0.0005488076610513648,-0.009167008178465153,16.770000457763672
2023,2020-01-17,0.46185511959296227,0.4615806895913512,0.463501647260458,0.45938530192063326,0.043971990093188175,0.0013720976658846418,0.0013720976658846418,0.001646527667495734,0.0005488600032221846,0.014121483170892502,16.81999969482422
2024,2020-01-21,0.4527991389084795,0.45664105424669316,0.4585620119158,0.45170141890203513,0.04862569712951909,-0.009055980684482767,-0.004939635344658022,-0.004939635344658022,-0.0076838830185981255,0.004653707036330917,16.639999389648438
2025,2020-01-22,0.4585620119158,0.45718991424991534,0.45965973192224435,0.4560922465856418,0.026519608716568964,0.005762873007320479,0.0005488600032221846,0.0010977200064443693,0.004390827683606657,-0.02210608841295013,16.65999984741211
2026,2020-01-23,0.4549945265791974,0.4558178165840307,0.4580132042547486,0.45444566657597524,0.038499011100618284,-0.0035674853366025605,-0.0013720976658846418,-0.001646527667495734,-0.001646580009666554,0.01197940238404932,16.610000610351562
2027,2020-01-24,0.4580132042547486,0.46405050726368013,0.4651482272701245,0.4577387742531375,0.057284892111968355,0.0030186776755511957,0.008232690679649435,0.007135023015375885,0.003293107677162288,0.01878588101135007,16.90999984741211
2028,2020-01-27,0.4676180449424535,0.463501647260458,0.4681668526035049,0.46212954959457336,0.042355540509238634,0.009604840687704896,-0.0005488600032221291,0.003018625333380376,0.0043907753414358375,-0.01492935160272972,16.889999389648438
2029,2020-01-28,0.4549945265791974,0.4478595035638215,0.4558178165840307,0.44676183589954793,0.09844912068136058,-0.012623518363256092,-0.015642143696636523,-0.01234903601947418,-0.015367713695025431,0.056093580172121946,16.31999969482422
2030,2020-01-29,0.44676183589954793,0.4503293212361505,0.4508781812393727,0.44648740589793684,0.034188122516615294,-0.00823269067964949,0.002469817672329011,-0.004939635344658022,-0.0002744300016110923,-0.06426099816474529,16.40999984741211
2031,2020-01-30,0.45911087191902217,0.4577387742531375,0.46240397959618446,0.4552689565808085,0.08080038486894855,0.012349036019474235,0.007409453016987033,0.011525798356811778,0.008781550682871675,0.04661226235233326,16.68000030517578
2032,2020-01-31,0.4580132042547486,0.4615806895913512,0.46377607726206904,0.4577387742531375,0.061377331931650125,-0.0010976676642735494,0.003841915338213653,0.0013720976658845863,0.002469817672329011,-0.01942305293729843,16.81999969482422
2033,2020-02-03,0.4558178165840307,0.4527991389084795,0.4560922465856418,0.4508781812393727,0.06317980150740338,-0.0021953876707179187,-0.008781550682871675,-0.00768383067642725,-0.0068605930137648485,0.0018024695757532516,16.5
2034,2020-02-04,0.4533479989117017,0.45142704124259486,0.4538968589149239,0.44895722357026585,0.048188086880601534,-0.002469817672329011,-0.0013720976658846418,-0.0021953876707179187,-0.0019209576691068264,-0.014991714626801843,16.450000762939453
2035,2020-02-05,0.45142704124259486,0.45170141890203513,0.4522502789052573,0.4497804612329283,0.031052866026406285,-0.0019209576691068264,0.0002743776594402725,-0.001646580009666554,0.0008232376626624571,-0.01713522085419525,16.459999084472656
2036,2020-02-06,0.45691548424830425,0.45636662424508206,0.45718991424991534,0.45417123657436415,0.03771537515813481,0.005488443005709387,0.00466520534304693,0.004939635344658022,0.0043907753414358375,0.006662509131728528,16.6299991607666
2037,2020-02-07,0.4558178165840307,0.4538968589149239,0.45664105424669316,0.4519758489036462,0.03943623826238797,-0.0010976676642735494,-0.0024697653301581912,-0.0005488600032221846,-0.0021953876707179187,0.0017208631042531577,16.540000915527344
2038,2020-02-10,0.4552689565808085,0.4558178165840307,0.45718991424991534,0.4538968589149239,0.026308999875273954,-0.0005488600032221846,0.0019209576691068264,0.0005488600032221846,0.0019210100112776463,-0.013127238387114017,16.610000610351562
2039,2020-02-11,0.4538968589149239,0.4522502789052573,0.45417123657436415,0.4500548912345394,0.03860235554050924,-0.0013720976658846418,-0.0035675376787733803,-0.0030186776755511957,-0.0038419676803844727,0.012293355665235286,16.479999542236328
2040,2020-02-12,0.44868279356865476,0.4481339335654326,0.4500548912345394,0.4473106435605993,0.03691427756891114,-0.0052140653462691144,-0.004116345339824745,-0.004116345339824745,-0.0027442476739401034,-0.0016880779715980967,16.329999923706055
2041,2020-02-13,0.4536224289133128,0.45170141890203513,0.45417123657436415,0.45142704124259486,0.027044883559325054,0.004939635344658022,0.0035674853366025605,0.004116345339824745,0.004116397681995565,-0.009869394009586089,16.459999084472656
2042,2020-02-14,0.4558178165840307,0.45444566657597524,0.4560922465856418,0.4538968589149239,0.030686884165137287,0.0021953876707179187,0.0027442476739401034,0.0019210100112776463,0.002469817672329011,0.003642000605812233,16.559999465942383
2043,2020-02-18,0.46048302192707763,0.46679475493762024,0.46706918493923133,0.45911087191902217,0.06583432817205068,0.00466520534304693,0.012349088361645,0.010976938353589538,0.005214013004098295,0.035147444006913386,17.010000228881836
2044,2020-02-19,0.4676180449424535,0.4728320579465518,0.4731064879481629,0.46624589493439805,0.05876806300447232,0.007135023015375885,0.006037303008931572,0.006037303008931572,0.007135023015375885,-0.007066265167578356,17.229999542236328
2045,2020-02-20,0.46899014260833816,0.4703622402742228,0.47200882028388935,0.46844128260511597,0.04794576198706413,0.0013720976658846418,-0.002469817672329011,-0.0010976676642735494,0.0021953876707179187,-0.010822301017408192,17.139999389648438
2046,2020-02-21,0.4739297779529962,0.47420420795460727,0.47777169329120983,0.4731064879481629,0.06527056643443864,0.004939635344658022,0.0038419676803844727,0.005762873007320479,0.00466520534304693,0.01732480444737451,17.280000686645508
2047,2020-02-24,0.4818880386310346,0.47749726328959874,0.48545557630980796,0.47475301561565864,0.1045525007572653,0.007958260678038398,0.003293055334991468,0.0076838830185981255,0.001646527667495734,0.03928193432282666,17.399999618530273
2048,2020-02-25,0.4700878102726117,0.4585620119158,0.47200882028388935,0.45746434425152643,0.15186180353865616,-0.01180022835842287,-0.018935251373798756,-0.013446756025918605,-0.017288671364132202,0.047309302781390866,16.709999084472656
2049,2020-02-26,0.4582876342563597,0.4577387742531375,0.4615806895913512,0.4555433865824196,0.07959303672291218,-0.011800176016251995,-0.0008232376626624571,-0.010428130692538173,-0.0019209576691068264,-0.07226876681574398,16.68000030517578
2050,2020-02-27,0.4607574519286887,0.4519758489036462,0.46212954959457336,0.45142704124259486,0.14289542611763448,0.002469817672329011,-0.005762925349491299,0.0005488600032221846,-0.004116345339824745,0.0633023893947223,16.469999313354492
2051,2020-02-28,0.436059301376484,0.426180030687168,0.436059301376484,0.41931943767340313,0.24468506672843576,-0.0246981505522047,-0.02579581821647825,-0.026070248218089342,-0.032107603569191734,0.10178964061080129,15.529999732971191
2052,2020-03-02,0.4283754183578859,0.42700332069200125,0.431119666031826,0.426180030687168,0.10440603674073018,-0.0076838830185981255,0.000823290004833277,-0.004939635344658022,0.0068605930137648485,-0.14027902998770558,15.5600004196167
2053,2020-03-03,0.4316684998639628,0.439626812884172,0.4475850735622104,0.4308452360302149,0.18335833793631845,0.003293081506076878,0.012623492192170738,0.01646540753038439,0.00466520534304693,0.07895230119558827,16.020000457763672
2054,2020-03-04,0.4393523828825609,0.4415477705532788,0.442096630556501,0.43743139904236866,0.056677654437574616,0.0076838830185981255,0.0019209576691068264,-0.005488443005709387,0.006586163012153756,-0.12668068349874384,16.09000015258789
2055,2020-03-05,0.4423710605581121,0.4473106435605993,0.4473106435605993,0.4418222005548899,0.057316964524348306,0.0030186776755511957,0.005762873007320479,0.005214013004098295,0.004390801512521247,0.0006393100867736895,16.299999237060547
2056,2020-03-06,0.44566411589310356,0.44401758822560783,0.44621297589632575,0.436059301376484,0.09814336368333838,0.003293055334991468,-0.003293055334991468,-0.0010976676642735494,-0.005762899178405889,0.04082639915899008,16.18000030517578
2057,2020-03-09,0.4330406237009328,0.43578487137487293,0.43770582904397975,0.4289242783611081,0.12254868770379346,-0.012623492192170738,-0.0082327168507349,-0.008507146852345993,-0.007135023015375941,0.024405324020455074,15.880000114440918
2058,2020-03-10,0.43578487137487293,0.4316684998639628,0.436059301376484,0.4305708060286038,0.09403381857705397,0.0027442476739401034,-0.004116371510910155,-0.001646527667495734,0.001646527667495734,-0.028514869126739492,15.729999542236328
2059,2020-03-11,0.433589483704155,0.4289242783611081,0.43523601137165074,0.42672889069039016,0.09460684567824243,-0.0021953876707179187,-0.0027442215028546935,-0.000823290004833277,-0.003841915338213653,0.0005730271011884641,15.630000114440918
2060,2020-03-12,0.41163558082589047,0.40120747630443765,0.4152030923335784,0.3973655347951386,0.2157714306077722,-0.021953902878264542,-0.02771680205667043,-0.02003291903807236,-0.029363355895251575,0.12116458492952978,14.619999885559082
2061,2020-03-13,0.40257960014140765,0.3756860619184851,0.4031284339735445,0.3696487589095535,0.23782050139871355,-0.009055980684482823,-0.025521414385952568,-0.012074658360033907,-0.027716775885585077,0.022049070790941344,13.6899995803833
2062,2020-03-16,0.32464325931766547,0.32930846466071234,0.340559833015913,0.32052691397784067,0.19976408958893857,-0.07793634082374218,-0.04637759725777274,-0.06256860095763145,-0.049121844931712844,-0.03805641180977498,12.0
2063,2020-03-17,0.3194292201424817,0.32601538315463546,0.33973656918216516,0.3161361386364049,0.19846123692603745,-0.00521403917518376,-0.003293081506076878,-0.000823263833747867,-0.004390775341435782,-0.0013028526629011161,11.880000114440918
2064,2020-03-18,0.31394072479460156,0.3076289917840589,0.3188803601392595,0.29802415109635394,0.2253429075423623,-0.005488495347880151,-0.01838639137057657,-0.020856209042905638,-0.018111987540050944,0.02688167061632485,11.210000038146973
2065,2020-03-19,0.31119650329174686,0.31064764328852473,0.31394072479460156,0.30296378644101196,0.1875958163319851,-0.0027442215028546935,0.0030186515044658413,-0.004939635344657967,0.004939635344658022,-0.0377470912103772,11.31999969482422
2066,2020-03-20,0.3216246078131996,0.3188803601392595,0.32738750699160546,0.3161361386364049,0.1469336991964079,0.010428104521452763,0.00823271685073479,0.013446782197003904,0.013172352195392922,-0.040662117135577214,11.619999885559082
2067,2020-03-23,0.3284852008269645,0.33781561151305833,0.34001099918377625,0.32574095315302437,0.16796357999394187,0.0068605930137648485,0.01893525137379881,0.012623492192170793,0.009604814516619486,0.021029880797533984,12.3100004196167
2068,2020-03-24,0.3630625697263144,0.36470912356489554,0.3671789412372245,0.35318332520808376,0.14685387452559556,0.034577368899349925,0.02689351205183721,0.027167942053448246,0.027442372055059394,-0.021109705468346313,13.289999961853027
2069,2020-03-25,0.3638858597311477,0.37074645274491247,0.37458836808312607,0.36196487589095544,0.14433797195445716,0.000823290004833277,0.006037329180016926,0.007409426845901568,0.008781550682871675,-0.002515902571138401,13.510000228881836
2070,2020-03-26,0.3729418404156304,0.37129528657704924,0.37623492192170727,0.3663556774034767,0.12499830728934662,0.009055980684482712,0.0005488338321367747,0.0016465538385811995,0.004390801512521247,-0.019339664665110542,13.529999732971191
2071,2020-03-27,0.37074645274491247,0.36882546890472023,0.37129528657704924,0.36470912356489554,0.06968836305970814,-0.0021953876707179187,-0.002469817672329011,-0.004939635344658022,-0.001646553838581144,-0.055309944229638475,13.4399995803833
2072,2020-03-30,0.3583973905543529,0.3611416120572076,0.36416028973275877,0.35345775520969486,0.09485415961370561,-0.01234906219055959,-0.00768385684751266,-0.007134996844290475,-0.011251368355200686,0.025165796553997463,13.15999984741211
2073,2020-03-31,0.3600439182218486,0.3581229605527418,0.3655323873986434,0.3553787128788017,0.08272829321312118,0.001646527667495734,-0.003018651504465786,0.0013720976658846418,0.0019209576691068264,-0.012125866400584426,13.050000190734863
2074,2020-04-01,0.35675083671577174,0.3572996967189939,0.3605927782250708,0.35318332520808376,0.06351834363808065,-0.003293081506076878,-0.000823263833747867,-0.004939609173572612,-0.0021953876707179187,-0.019209949575040533,13.020000457763672
2075,2020-04-02,0.36827663507258346,0.37129528657704924,0.3729418404156304,0.3663556774034767,0.07353633982502718,0.011525798356811723,0.013995589858055324,0.01234906219055959,0.013172352195392922,0.010017996186946529,13.529999732971191
2076,2020-04-03,0.3699231627400792,0.3693743289079424,0.37156971657866034,0.3658068174002545,0.0563426759082729,0.001646527667495734,-0.0019209576691068264,-0.0013721238369700517,-0.0005488600032221846,-0.017193663916754275,13.460000038146973
2077,2020-04-06,0.37239298041240826,0.38501647260457894,0.3866630264431601,0.3696487589095535,0.12088626766209931,0.0024698176723290666,0.015642143696636523,0.015093309864499749,0.0038419415092990072,0.0645435917538264,14.029999732971191
2078,2020-04-07,0.38995610794923696,0.38391877876922,0.39050494178137374,0.3806256972631431,0.0812935872993247,0.017563127536828704,-0.0010976938353589594,0.003841915338213653,0.010976938353589594,-0.03959268036277461,13.989999771118164
2079,2020-04-08,0.38501647260457894,0.38254665493224993,0.38638859644154905,0.3806256972631431,0.050651960871656895,-0.004939635344658022,-0.0013721238369700517,-0.00411634533982469,0.0,-0.03064162642766781,13.9399995803833
2080,2020-04-09,0.39270035562317707,0.39352361945692493,0.39846325480158296,0.3894072479460148,0.10802309213691356,0.0076838830185981255,0.010976964524675004,0.012074658360033907,0.008781550682871675,0.05737113126525667,14.34000015258789
2081,2020-04-13,0.3894072479460148,0.3951701471244206,0.3976399647967497,0.38776072027851904,0.07053685654722663,-0.003293107677162288,0.0016465276674956786,-0.000823290004833277,-0.001646527667495734,-0.03748623558968693,14.399999618530272
2082,2020-04-14,0.40010978246907875,0.40203074013818546,0.40614711164909567,0.3968167009630018,0.09166473638258825,0.010702534523063967,0.0068605930137648485,0.008507146852345993,0.009055980684482767,0.021127879835361615,14.649999618530272
2083,2020-04-15,0.3976399647967497,0.3976399647967497,0.39791439479836077,0.3910538017845959,0.06499902000962172,-0.0024698176723290666,-0.004390775341435782,-0.0082327168507349,-0.005762899178405889,-0.026665716372966525,14.489999771118164
2084,2020-04-16,0.3943468832906728,0.39818882479997186,0.39818882479997186,0.38913284411548904,0.07007430108868022,-0.003293081506076878,0.0005488600032221846,0.0002744300016110923,-0.001920957669106882,0.005075281079058497,14.510000228881836
2085,2020-04-17,0.3916026617878181,0.38830955411065576,0.39270035562317707,0.38611416643993796,0.06222903266040661,-0.0027442215028546935,-0.0098792706893161,-0.005488469176794797,-0.0030186776755510847,-0.007845268428273613,14.149999618530272
2086,2020-04-20,0.38968167794762587,0.391328231786207,0.3951701471244206,0.3894072479460148,0.06495304955187713,-0.0019209838401922363,0.003018677675551251,0.0024697915012435456,0.0032930815060768226,0.002724016891470518,14.260000228881836
2087,2020-04-21,0.3748627980847372,0.3809001272647542,0.3819978211001131,0.37184414658027143,0.08650392887051654,-0.014818879862888656,-0.010428104521452819,-0.013172326024307512,-0.01756310136574335,0.021550879318639415,13.880000114440918
2088,2020-04-22,0.38446763877244217,0.3866630264431601,0.38803515028013014,0.3822722511017242,0.06861750084635533,0.009604840687704952,0.005762899178405889,0.006037329180017037,0.010428104521452763,-0.01788642802416121,14.09000015258789
2089,2020-04-23,0.3910538017845959,0.38995610794923696,0.39544457712603176,0.3866630264431601,0.07756000213816082,0.006586163012153756,0.003293081506076878,0.007409426845901623,0.004390775341435893,0.008942501291805488,14.210000038146973
2090,2020-04-24,0.3918770656183438,0.38995610794923696,0.3932491894553139,0.38446763877244217,0.0539083798086346,0.000823263833747867,0.0,-0.0021953876707178632,-0.0021953876707179187,-0.023651622329526216,14.210000038146973
2091,2020-04-27,0.38995610794923696,0.38995610794923696,0.39050494178137374,0.38446763877244217,0.04070880031359692,-0.0019209576691068264,0.0,-0.002744247673940159,0.0,-0.01319957949503768,14.210000038146973
2092,2020-04-28,0.3894072479460148,0.38693745644477123,0.3894072479460148,0.3833699449370832,0.039988240115460684,-0.0005488600032221846,-0.0030186515044657303,-0.0010976938353589594,-0.0010976938353589594,-0.0007205601981362386,14.100000381469728
2093,2020-04-29,0.38913284411548904,0.3918770656183438,0.3940724532890617,0.38611416643993796,0.060187445432353937,-0.0002744038305257379,0.004939609173572557,0.00466520534304693,0.002744221502854749,0.020199205316893253,14.279999732971191
2094,2020-04-30,0.38611416643993796,0.3836443487676089,0.38885841411387795,0.3776070457586773,0.09560821766477202,-0.0030186776755510847,-0.0082327168507349,-0.00521403917518376,-0.008507120681260638,0.03542077223241809,13.979999542236328
2095,2020-05-01,0.3814489610968909,0.3819978211001131,0.38474206877405326,0.3773326157570662,0.05959909484525061,-0.004665205343047041,-0.0016465276674957896,-0.00411634533982469,-0.0002744300016110923,-0.036009122819521414,13.920000076293944
2096,2020-05-04,0.37897916959564737,0.3778814757602884,0.3809001272647542,0.37678375575384404,0.06383407871995439,-0.0024697915012435456,-0.00411634533982469,-0.0038419415092990628,-0.0005488600032221846,0.004234983874703779,13.770000457763672
2097,2020-05-05,0.3819978211001131,0.3822722511017242,0.38501647260457894,0.3792535734261731,0.059435169181975306,0.0030186515044657303,0.004390775341435782,0.004116345339824745,0.0024698176723290666,-0.004398909537979084,13.93000030517578
2098,2020-05-06,0.382821084933861,0.3819978211001131,0.3841932087708311,0.3809001272647542,0.03775992017532919,0.0008232638337479226,-0.0002744300016110923,-0.000823263833747867,0.0016465538385810885,-0.021675249006646115,13.920000076293944
2099,2020-05-07,0.3858397626094122,0.391328231786207,0.3951701471244206,0.38501647260457894,0.13326016071842203,0.0030186776755511957,0.009330410686093915,0.010976938353589538,0.004116345339824745,0.09550024054309283,14.260000228881836
2100,2020-05-08,0.3940724532890617,0.3962678409597796,0.40065864247230093,0.3937980494585361,0.11235393688861964,0.00823269067964949,0.004939609173572612,0.005488495347880318,0.00878157685395714,-0.020906223829802395,14.4399995803833
2101,2020-05-11,0.39791439479836077,0.3962678409597796,0.39846325480158296,0.39270035562317707,0.0660313953281186,0.0038419415092990628,0.0,-0.0021953876707179742,-0.0010976938353590149,-0.04632254156050104,14.4399995803833
2102,2020-05-12,0.39818882479997186,0.3957190071276428,0.40010978246907875,0.394895743293895,0.07061846301872672,0.0002744300016110923,-0.0005488338321368302,0.0016465276674957896,0.0021953876707179187,0.0045870676906081265,14.420000076293944
2103,2020-05-13,0.3965422709613907,0.3992865186353308,0.39983535246746765,0.3946213132922839,0.07055182367300394,-0.001646553838581144,0.003567511507688026,-0.0002744300016110923,-0.0002744300016110923,-6.663934572277708e-05,14.550000190734863
2104,2020-05-14,0.3976399647967497,0.40642154165070676,0.4069703754828436,0.3970911309646129,0.11794023840493202,0.0010976938353589594,0.007135023015375941,0.007135023015375941,0.002469817672329011,0.04738841473192808,14.8100004196167
2105,2020-05-15,0.42316137918270214,0.4256311968550312,0.4283754183578859,0.41822174383804417,0.19505799761238707,0.025521414385952457,0.01920965520432444,0.0214050428750423,0.021130612873431265,0.07711775920745505,15.510000228881836
2106,2020-05-18,0.43770582904397975,0.4333150537025439,0.4401756728873942,0.43194292986557387,0.17133118329383676,0.01454444986127762,0.007683856847512716,0.01180025452950828,0.013721186027529697,-0.02372681431855031,15.789999961853027
2107,2020-05-19,0.44319429822077455,0.44374315822399674,0.4478595035638215,0.4412733405516677,0.17289489157742816,0.005488469176794797,0.010428104521452819,0.007683830676427306,0.00933041068609386,0.0015637082835913974,16.170000076293945
2108,2020-05-20,0.44648740589793684,0.44895722357026585,0.45142704124259486,0.4448408258882703,0.13915115015234397,0.003293107677162288,0.0052140653462691144,0.0035675376787733803,0.0035674853366025605,-0.033743741425084184,16.360000610351562
2109,2020-05-21,0.44264543821755237,0.43798025904559085,0.44319429822077455,0.431119666031826,0.1339212087735866,-0.0038419676803844727,-0.010976964524675004,-0.00823274302182031,-0.013721159856444287,-0.0052299413787573745,15.960000038146973
2110,2020-05-22,0.43798025904559085,0.4401756728873942,0.4415477705532788,0.43688256521023183,0.08981487090854016,-0.00466517917196152,0.0021954138418033287,-0.001646527667495734,0.005762899178405834,-0.04410633786504643,16.040000915527344
2111,2020-05-26,0.44676183589954793,0.43825468904720194,0.44676183589954793,0.43523601137165074,0.10907186002173797,0.008781576853957085,-0.0019209838401922363,0.0052140653462691144,-0.0016465538385810885,0.0192569891131978,15.970000267028809
2112,2020-05-27,0.43221735986718496,0.44319429822077455,0.44456644822883,0.4313940960334371,0.12867808206973969,-0.014544476032362974,0.004939609173572612,-0.0021953876707179187,-0.003841915338213653,0.01960622204800172,16.149999618530273
2113,2020-05-28,0.44566411589310356,0.4442920182272189,0.44840836356704367,0.4418222005548899,0.10777364004062505,0.013446756025918605,0.0010977200064443693,0.003841915338213653,0.010428104521452819,-0.020904442029114637,16.190000534057617
2114,2020-05-29,0.45417123657436415,0.45718991424991534,0.4582876342563597,0.4525247089068684,0.15051369313828555,0.008507120681260583,0.01289789602269642,0.009879270689316044,0.010702508351978501,0.042740053097660505,16.65999984741211
2115,2020-06-01,0.46267840959779555,0.46926457260994925,0.46926457260994925,0.46185511959296227,0.11130873260517078,0.008507173023431402,0.012074658360033907,0.010976938353589538,0.00933041068609386,-0.03920496053311477,17.100000381469727
2116,2020-06-02,0.4681668526035049,0.46212954959457336,0.46844128260511597,0.45472009657758633,0.11475722965629065,0.005488443005709331,-0.007135023015375885,-0.000823290004833277,-0.007135023015375941,0.003448497051119867,16.84000015258789
2117,2020-06-03,0.4527991389084795,0.4522502789052573,0.45444566657597524,0.44648740589793684,0.12936906437645884,-0.015367713695025376,-0.009879270689316044,-0.013995616029140734,-0.00823269067964949,0.014611834720168193,16.479999542236328
2118,2020-06-04,0.4538968589149239,0.4538968589149239,0.45664105424669316,0.44895722357026585,0.07224310888584003,0.0010977200064443693,0.001646580009666554,0.0021953876707179187,0.002469817672329011,-0.057125955490618816,16.540000915527344
2119,2020-06-05,0.44401758822560783,0.44456644822883,0.44538968589149247,0.4401756728873942,0.0975015590756018,-0.009879270689316044,-0.00933041068609386,-0.011251368355200686,-0.008781550682871675,0.025258450189761777,16.200000762939453
2120,2020-06-08,0.44868279356865476,0.4552689565808085,0.4555433865824196,0.44648740589793684,0.09120966448693049,0.00466520534304693,0.010702508351978501,0.010153700690927137,0.006311733010542664,-0.006291894588671312,16.59000015258789
2121,2020-06-09,0.4508781812393727,0.4506037512377616,0.45472009657758633,0.44895722357026585,0.06622133528143542,0.0021953876707179187,-0.00466520534304693,-0.000823290004833277,0.002469817672329011,-0.02498832920549507,16.420000076293945
2122,2020-06-10,0.4582876342563597,0.4654226049295648,0.4654226049295648,0.44895722357026585,0.14452898098818667,0.007409453016987033,0.014818853691803191,0.010702508351978446,0.0,0.07830764570675125,16.959999084472656
2123,2020-06-11,0.45965973192224435,0.45115261124098377,0.4632272172588469,0.44676183589954793,0.14610801275769292,0.0013720976658846418,-0.014269993688581006,-0.0021953876707178632,-0.0021953876707179187,0.001579031769506245,16.440000534057617
2124,2020-06-12,0.45115261124098377,0.44676183589954793,0.45417123657436415,0.4448408258882703,0.11125777310550042,-0.008507120681260583,-0.0043907753414358375,-0.009055980684482767,-0.0019210100112776463,-0.0348502396521925,16.280000686645508
2125,2020-06-15,0.43551044137326184,0.44538968589149247,0.44676183589954793,0.4333150537025439,0.10315307449708676,-0.015642169867721933,-0.0013721500080554616,-0.007409400674816213,-0.011525772185726368,-0.00810469860841366,16.229999542236328
2126,2020-06-16,0.44456644822883,0.44621297589632575,0.4495060312313172,0.44401758822560783,0.08327423694385545,0.009056006855568177,0.000823290004833277,0.0027441953317692835,0.010702534523063911,-0.019878837553231304,16.260000228881836
2127,2020-06-17,0.44840836356704367,0.4481339335654326,0.4503293212361505,0.44593854589471466,0.0480576590702564,0.003841915338213653,0.0019209576691068264,0.000823290004833277,0.0019209576691068264,-0.03521657787359905,16.329999923706055
2128,2020-06-18,0.44456644822883,0.4448408258882703,0.44621297589632575,0.4423710605581121,0.055039466885234214,-0.003841915338213653,-0.003293107677162288,-0.004116345339824745,-0.0035674853366025605,0.006981807814977814,16.209999084472656
2129,2020-06-19,0.4508781812393727,0.4525247089068684,0.4555433865824196,0.44895722357026585,0.09610605277693637,0.006311733010542664,0.0076838830185981255,0.00933041068609386,0.006586163012153756,0.04106658589170216,16.489999771118164
2130,2020-06-22,0.4588364419174111,0.4527991389084795,0.4613062595897401,0.45170141890203513,0.09488231206457245,0.007958260678038398,0.0002744300016110923,0.005762873007320479,0.0027441953317692835,-0.0012237407123639188,16.5
2131,2020-06-23,0.45911087191902217,0.45993416192385544,0.46020859192546654,0.45664105424669316,0.09173600841009924,0.0002744300016110923,0.007135023015375941,-0.0010976676642735494,0.004939635344658022,-0.003146303654473215,16.760000228881836
2132,2020-06-24,0.44895722357026585,0.44676183589954793,0.4560922465856418,0.44566411589310356,0.09256989113197797,-0.010153648348756317,-0.013172326024307512,-0.004116345339824745,-0.010976938353589594,0.0008338827218787315,16.280000686645508
2133,2020-06-25,0.4527991389084795,0.4552689565808085,0.4558178165840307,0.4503293212361505,0.059511430251412076,0.003841915338213653,0.008507120681260583,-0.0002744300016110923,0.00466520534304693,-0.033058460880565896,16.59000015258789
2134,2020-06-26,0.4525247089068684,0.45636662424508206,0.45938530192063326,0.447036265901159,0.09275769292446946,-0.0002744300016110923,0.0010976676642735494,0.0035674853366025605,-0.003293055334991468,0.033246262673057386,16.6299991607666
2135,2020-06-29,0.4549945265791974,0.45691548424830425,0.45718991424991534,0.4525247089068684,0.049398285907738364,0.002469817672329011,0.0005488600032221846,-0.0021953876707179187,0.005488443005709387,-0.0433594070167311,16.649999618530273
2136,2020-06-30,0.45691548424830425,0.46679475493762024,0.46679475493762024,0.45691548424830425,0.13496391853607256,0.0019209576691068264,0.009879270689315989,0.009604840687704896,0.0043907753414358375,0.08556563262833419,17.010000228881836
2137,2020-07-01,0.46679475493762024,0.4615806895913512,0.4673436149408424,0.4558178165840307,0.1303462038736347,0.009879270689315989,-0.005214065346269059,0.0005488600032221846,-0.0010976676642735494,-0.004617714662437877,16.81999969482422
2138,2020-07-02,0.4582876342563597,0.4585620119158,0.463501647260458,0.45746434425152643,0.06615505229585018,-0.008507120681260527,-0.0030186776755511957,-0.003841967680384417,0.001646527667495734,-0.0641911515777845,16.709999084472656
2139,2020-07-06,0.46871571260672706,0.4678924226018938,0.470911100277445,0.4651482272701245,0.08901020971794095,0.010428078350367354,0.009330410686093804,0.007409453016986978,0.00768388301859807,0.022855157422090766,17.049999237060547
2140,2020-07-07,0.4645993672669023,0.46679475493762024,0.46981343261317143,0.4643249372652912,0.09245835040892325,-0.004116345339824745,-0.0010976676642735494,-0.0010976676642735494,-0.000823290004833277,0.0034481406909823015,17.010000228881836
2141,2020-07-08,0.4755763056204919,0.47996708096192775,0.47996708096192775,0.47475301561565864,0.13464141261158527,0.010976938353589594,0.013172326024307512,0.010153648348756317,0.010428078350367409,0.04218306220266202,17.489999771118164
2142,2020-07-09,0.48573000631141905,0.47694840328637655,0.4868276739756926,0.4725576279449407,0.1438846818594872,0.010153700690927137,-0.0030186776755511957,0.0068605930137648485,-0.0021953876707179187,0.00924326924790192,17.3799991607666
2143,2020-07-10,0.47996708096192775,0.478320553294432,0.4810648009683721,0.47475301561565864,0.07289168433619016,-0.005762925349491299,0.0013721500080554616,-0.005762873007320479,0.0021953876707179187,-0.07099299752329703,17.43000030517578
2144,2020-07-13,0.49368826698945745,0.4865532439740815,0.49615808466178635,0.4860043839708593,0.177739251287351,0.013721186027529697,0.00823269067964949,0.015093283693414228,0.011251368355200686,0.10484756695116083,17.729999542236328
2145,2020-07-14,0.4860043839708593,0.49313940698623526,0.49396269699106854,0.48490671630658577,0.126490743545427,-0.0076838830185981255,0.006586163012153756,-0.0021953876707178077,-0.0010976676642735494,-0.05124850774192399,17.969999313354492
2146,2020-07-15,0.49094401931551734,0.49862790233411547,0.49862790233411547,0.4892974916480216,0.12881884432407392,0.004939635344658022,0.005488495347880207,0.00466520534304693,0.0043907753414358375,0.0023281007786469243,18.170000076293945
2147,2020-07-16,0.49341383698784635,0.48792539398213697,0.4956092246585643,0.48792539398213697,0.10536500187089072,0.002469817672329011,-0.010702508351978501,-0.0030186776755511957,-0.0013720976658846418,-0.023453842453183202,17.780000686645508
2148,2020-07-17,0.49341383698784635,0.49423712699267963,0.49588365466017537,0.49094401931551734,0.12187552340395204,0.0,0.006311733010542664,0.0002744300016110923,0.003018625333380376,0.016510521533061318,18.010000228881836
2149,2020-07-20,0.5038419676803845,0.5085071730234315,0.5096048406877051,0.5002744300016112,0.14866311494396237,0.010428130692538118,0.014270046030751882,0.013721186027529697,0.00933041068609386,0.026787591540010328,18.530000686645508
2150,2020-07-21,0.5356751150768798,0.5397914604167044,0.5455543334240249,0.5329308674029397,0.26761149617803753,0.03183314739649534,0.031284287393272936,0.035949492736319866,0.03265643740132851,0.11894838123407517,19.670000076293945
2151,2020-07-22,0.5666849724685418,0.5883644715162806,0.5886389015178917,0.5628430571303281,0.4482308500971081,0.031009857391661955,0.048573011099576124,0.04308456809386674,0.029912189727388405,0.18061935391907058,21.440000534057617
2152,2020-07-23,0.5790340608301867,0.5771131031610799,0.5902854291853875,0.5686059301376484,0.3394583325909164,0.012349088361644944,-0.011251368355200686,0.0016465276674958451,0.005762873007320257,-0.10877251750619171,21.030000686645508
2153,2020-07-24,0.5856202238423405,0.5820526861635671,0.5861690838455625,0.5743688554871398,0.17758031466600147,0.006586163012153756,0.004939583002487202,-0.004116345339824967,0.00576292534949141,-0.16187801792491494,21.209999084472656
2154,2020-07-27,0.6190998989063314,0.6265093519233184,0.6270582119265407,0.6152579835681178,0.33816652709227946,0.033479675063990966,0.04445666575975127,0.04088912808097811,0.040889128080978,0.160586212426278,22.82999992370605
2155,2020-07-28,0.6122393058925666,0.6248628242558227,0.630351267261532,0.6056531428804128,0.3375507367745844,-0.0068605930137648485,-0.001646527667495623,0.003293055334991357,-0.009604840687704952,-0.0006157903176950419,22.770000457763672
2156,2020-07-29,0.6223930065834937,0.6193743289079425,0.6380351502801301,0.5957738721910968,0.2992120877358659,0.010153700690927137,-0.005488495347880207,0.0076838830185981255,-0.009879270689316044,-0.03833864903871853,22.56999969482422
2157,2020-07-30,0.5954994945316565,0.5971460221991524,0.6040066152129172,0.5872667515098363,0.21405306202448193,-0.02689351205183721,-0.02222830670879017,-0.03402853506721293,-0.008507120681260472,-0.08515902571138395,21.76000022888184
2158,2020-07-31,0.6094950582186265,0.6215697165786606,0.6221185765818826,0.6067508628868571,0.17500026727010318,0.01399556368696997,0.0244236943795082,0.018111961368965424,0.019484111377020774,-0.039052794754378756,22.649999618530277
2159,2020-08-03,0.6199231889111647,0.6240395342509895,0.6251372542574338,0.6141602635616734,0.14592056732533898,0.010428130692538229,0.0024698176723289,0.0030186776755511957,0.007409400674816324,-0.029079699944764198,22.739999771118164
2160,2020-08-04,0.6229418665867159,0.6654775223351895,0.6654775223351895,0.620746478915998,0.26989077561783936,0.0030186776755511957,0.04143798808420007,0.0403402680777557,0.006586215354324576,0.12397020829250038,24.25
2161,2020-08-05,0.6893524090536464,0.6874313990423687,0.6937431843950822,0.6753567930245055,0.3296537961263653,0.06641054246693046,0.021953876707179187,0.02826566205989267,0.054610314108507474,0.059763020508525944,25.049999237060547
2162,2020-08-06,0.722008794112804,0.7376509378094405,0.7381997978126628,0.7102085657543812,0.38791440229495927,0.03265638505915769,0.05021953876707175,0.04445661341758056,0.03485177272987572,0.058260606168593965,26.8799991607666
2163,2020-08-07,0.7211855564501416,0.7187157387778126,0.7239297517819109,0.6992316274007916,0.44083602088270407,-0.0008232376626624571,-0.01893519903162788,-0.014270046030751882,-0.010976938353589594,0.0529216185877448,26.190000534057617
2164,2020-08-10,0.7296926771314022,0.7409440454866028,0.7516465538385814,0.72914381712818,0.29126204942715106,0.008507120681260583,0.02222830670879017,0.027716802056670486,0.029912189727388405,-0.149573971455553,27.0
2165,2020-08-11,0.6923710343870267,0.640230537950848,0.700329347407236,0.6328210849338611,0.5902403649127809,-0.03732164274437544,-0.1007135075357547,-0.05131720643134541,-0.09632273219431886,0.2989783154856298,23.32999992370605
2166,2020-08-12,0.6627332746612495,0.6427003556231771,0.6701427276782365,0.6418770656183439,0.2869233647524188,-0.029637759725777202,0.002469817672329011,-0.030186619728999498,0.009055980684482767,-0.30331700016036206,23.420000076293945
2167,2020-08-13,0.6764544606887792,0.6984083897381291,0.7082876080852744,0.6742590730180612,0.34027047734440424,0.013721186027529697,0.055708034114952065,0.038144880407037896,0.032382007399717305,0.053347112591985435,25.450000762939453
2168,2020-08-14,0.6890779790520352,0.6745335030196722,0.6923710343870267,0.6580680693182025,0.26108226573775456,0.012623518363255926,-0.023874886718456945,-0.015916573698247616,-0.016191003699858708,-0.07918821160664968,24.57999992370605
2169,2020-08-17,0.6992316274007916,0.7030735950811761,0.7044456927470607,0.6926454643886378,0.17590078933770467,0.010153648348756428,0.028540092061503874,0.012074658360033963,0.034577395070435335,-0.08518147640004989,25.6200008392334
2170,2020-08-18,0.7250274717883552,0.7102085657543812,0.7269484294574621,0.6923710343870267,0.2076717210412843,0.02579584438756366,0.007134970673205121,0.022502736710401372,-0.0002744300016110923,0.03177093170357964,25.8799991607666
2171,2020-08-19,0.7118551457640477,0.6827661936993218,0.7148737710974281,0.6778266106968346,0.2598806193539191,-0.013172326024307512,-0.027442372055059394,-0.012074658360033963,-0.014544423690192154,0.05220889831263478,24.8799991607666
2172,2020-08-20,0.6841383437073772,0.7027991650795649,0.7036224027422275,0.6827661936993218,0.15674144290219696,-0.027716802056670486,0.02003297138024307,-0.011251368355200575,0.004939583002487202,-0.10313917645172213,25.61000061035156
2173,2020-08-21,0.6824918160398815,0.6833150537025441,0.6866081613797063,0.6701427276782365,0.19705111986173227,-0.001646527667495734,-0.019484111377020774,-0.017014241362521276,-0.012623466021085328,0.0403096769595353,24.899999618530277
2174,2020-08-24,0.6882546890472019,0.6750823630228945,0.6888035490504242,0.6728869753521766,0.13217540045970458,0.005762873007320368,-0.008232690679649601,0.0021953876707179187,0.0027442476739401034,-0.06487571940202769,24.600000381469727
2175,2020-08-25,0.678649848359497,0.6794731383643304,0.6797475683659414,0.6657519523368007,0.1240136842292821,-0.009604840687704841,0.0043907753414359485,-0.009055980684482767,-0.00713502301537583,-0.008161716230422472,24.76000022888184
2176,2020-08-26,0.6759056006855569,0.7017014450731206,0.7017014450731206,0.6753567930245055,0.19651657965539976,-0.0027442476739401034,0.02222830670879017,0.021953876707179187,0.00960484068770473,0.07250289542611765,25.56999969482422
2177,2020-08-27,0.7104829957559924,0.6904500767179199,0.7107574257576035,0.6772777506936124,0.22743153430857224,0.034577395070435446,-0.011251368355200686,0.009055980684482878,0.0019209576691069374,0.030914954653172483,25.15999984741211
2178,2020-08-28,0.7027991650795649,0.7027991650795649,0.7082876080852744,0.6989571973991804,0.1277757782014504,-0.007683830676427528,0.012349088361644944,-0.002469817672329122,0.021679446705567984,-0.09965575610712185,25.61000061035156
2179,2020-08-31,0.7145993934379878,0.7198134064420861,0.7250274717883552,0.7121295757656588,0.13085936247171392,0.011800228358422982,0.017014241362521276,0.016739863703080893,0.013172378366478443,0.003083584270263534,26.229999542236328
2180,2020-09-01,0.7335345924696157,0.7173435887697572,0.7340834524728379,0.7044456927470607,0.17449958127683837,0.01893519903162788,-0.0024698176723289,0.009055980684482656,-0.0076838830185981255,0.04364021880512445,26.13999938964844
2181,2020-09-02,0.7058177904129452,0.7011525850698984,0.7060922204145564,0.6915477967243643,0.1533809668050532,-0.027716802056670486,-0.01619100369985882,-0.027991232058281468,-0.01289789602269642,-0.021118614471785174,25.549999237060547
2182,2020-09-03,0.6967618097284627,0.6789242783611081,0.700054917405625,0.6761800306871681,0.22836127790745328,-0.009055980684482545,-0.02222830670879028,-0.0060373030089314605,-0.01536776603719614,0.07498031110240008,24.739999771118164
2183,2020-09-04,0.6819429560366593,0.6877058290439798,0.6899012167146978,0.671514825344121,0.17261835611068546,-0.014818853691803358,0.008781550682871675,-0.010153700690927137,-0.004665205343047152,-0.05574292179676782,25.059999465942383
2184,2020-09-08,0.6706915876814586,0.6791987083627192,0.6885291190488131,0.6599890269873093,0.158610551823673,-0.011251368355200686,-0.008507120681260583,-0.0013720976658847528,-0.011525798356811667,-0.014007804287012454,24.75
2185,2020-09-09,0.6855104413732619,0.6909989367211421,0.6929198943902489,0.6827661936993218,0.10048358070666215,0.014818853691803247,0.01180022835842287,0.0043907753414358375,0.022777166712012464,-0.05812697111701086,25.18000030517578
2186,2020-09-10,0.700603777408847,0.6822173860382703,0.7017014450731206,0.6816685260350482,0.16933734832421646,0.015093336035585159,-0.008781550682871786,0.008781550682871675,-0.0010976676642735494,0.06885376761755431,24.86000061035156
2187,2020-09-11,0.6868825913813174,0.6833150537025441,0.690724506719531,0.678649848359497,0.09920816777435276,-0.013721186027529697,0.0010976676642737715,-0.010976938353589594,-0.0030186776755511957,-0.0701291805498637,24.899999618530277
2188,2020-09-14,0.6896267867130866,0.6940176143966933,0.6975850997332959,0.6896267867130866,0.09281150330524028,0.0027441953317692835,0.01070256069414921,0.0068605930137648485,0.010976938353589594,-0.006396664469112481,25.290000915527344
2189,2020-09-15,0.698133959736518,0.6923710343870267,0.6997804874040138,0.6899012167146978,0.09380717352956898,0.008507173023431402,-0.001646580009666554,0.0021953876707179187,0.00027443000161120334,0.0009956702243286986,25.229999542236328
2190,2020-09-16,0.6986827673975694,0.6923710343870267,0.7008782074104581,0.6860593013764841,0.1293195303173387,0.0005488076610513648,0.0,0.0010977200064443693,-0.003841915338213764,0.03551235678776972,25.229999542236328
2191,2020-09-17,0.6764544606887792,0.6923710343870267,0.6926454643886378,0.6726125453505656,0.10198528232631898,-0.02222830670879017,0.0,-0.00823274302182031,-0.013446756025918494,-0.027334247991019717,25.229999542236328
2192,2020-09-18,0.6855104413732619,0.6841383437073772,0.6931943243918601,0.6838639137057662,0.08522530869696916,0.009055980684482656,-0.00823269067964949,0.0005488600032222957,0.011251368355200575,-0.01675997362934982,24.93000030517578
2193,2020-09-21,0.6641054246693049,0.6319978472711987,0.6679473400075185,0.6053787128788017,0.3533004294139658,-0.021405016703957003,-0.052140496436178574,-0.025246984384341586,-0.07848520082696442,0.26807512071699663,23.030000686645508
2194,2020-09-22,0.6259604919200963,0.6254116842590449,0.6306256972631432,0.6163556512323913,0.11404344030076796,-0.038144932749208604,-0.006586163012153756,-0.03732164274437533,0.010976938353589594,-0.23925698911319782,22.790000915527344
2195,2020-09-23,0.6018112275421992,0.5809550184992935,0.6056531428804128,0.5768386731594688,0.3501110061828484,-0.024149264377897106,-0.04445666575975138,-0.024972554382730383,-0.03951697807292254,0.23606756588208044,21.170000076293945
2196,2020-09-24,0.5647640147994347,0.591657526851272,0.596322732194319,0.5611965294628323,0.25691071396753556,-0.03704721274276446,0.010702508351978501,-0.00933041068609386,-0.015642143696636523,-0.09320029221531284,21.559999465942383
2197,2020-09-25,0.5806805884976824,0.5845225038358961,0.5911087191902207,0.5793084908317977,0.12441637118471928,0.015916573698247727,-0.007135023015375941,-0.005214013004098295,0.018111961368965424,-0.1324943427828163,21.299999237060547
2198,2020-09-28,0.596322732194319,0.6042810452145282,0.6059275728820238,0.5900109991837763,0.1131685761630704,0.015642143696636523,0.01975854137863209,0.014818853691803135,0.010702508351978612,-0.011247795021648882,22.020000457763672
2199,2020-09-29,0.6103183482234598,0.6174533712388357,0.6232162442461562,0.6083973905543529,0.11876485576323433,0.01399561602914079,0.013172326024307512,0.01728867136413237,0.018386391370576627,0.005596279600163928,22.5
2200,2020-09-30,0.611141638228293,0.5938529145219901,0.6141602635616734,0.5908342891886096,0.15579245585588797,0.000823290004833277,-0.02360045671684563,-0.009055980684482767,-0.01756310136574335,0.03702760009265364,21.63999938964844
2201,2020-10-01,0.6040066152129172,0.606202002883635,0.6174533712388357,0.5971460221991524,0.125761987064127,-0.00713502301537583,0.012349088361644944,0.003293107677162288,0.006311733010542775,-0.030030468791760967,22.09000015258789
2202,2020-10-02,0.6105927782250709,0.6072996705479086,0.6180022312420579,0.6048299052177504,0.09170963775992018,0.006586163012153645,0.0010976676642735494,0.0005488600032221846,0.0076838830185980145,-0.03405234930420682,22.1299991607666
2203,2020-10-05,0.6125137358941777,0.620746478915998,0.6259604919200963,0.6119648758909555,0.07942590381839887,0.0019209576691068264,0.013446808368089425,0.007958260678038398,0.007134970673205121,-0.01228373394152131,22.6200008392334
2204,2020-10-06,0.620746478915998,0.596322732194319,0.6237651042493784,0.5933041068609386,0.11368601108280028,0.00823274302182031,-0.02442374672167902,-0.0021953876707179187,-0.0186607690300169,0.034260107264401415,21.729999542236328
2205,2020-10-07,0.6031833252080838,0.606202002883635,0.6125137358941777,0.6007135075357549,0.067591896370472,-0.01756315370791417,0.009879270689316044,-0.011251368355200686,0.007409400674816324,-0.046094114712328285,22.09000015258789
2206,2020-10-08,0.6144346935632846,0.608671820555964,0.618276661243669,0.6040066152129172,0.07249149190171587,0.011251368355200797,0.002469817672329011,0.005762925349491299,0.003293107677162288,0.004899595531243875,22.18000030517578
2207,2020-10-09,0.6256860619184852,0.642425925621566,0.6427003556231771,0.6248628242558227,0.1396482725442332,0.011251368355200575,0.03375410506560195,0.024423694379508087,0.020856209042905527,0.06715678064251733,23.40999984741211
2208,2020-10-12,0.6405049679524591,0.640230537950848,0.644895743293895,0.6328210849338611,0.08988008481371274,0.014818906033973955,-0.0021953876707179187,0.0021953876707179187,0.007958260678038398,-0.04976818773052047,23.32999992370605
2209,2020-10-13,0.6229418665867159,0.6171789412372246,0.6229418665867159,0.611141638228293,0.15251144806941896,-0.01756310136574324,-0.023051596713623446,-0.021953876707179076,-0.021679446705568095,0.06263136325570623,22.489999771118164
2210,2020-10-14,0.6256860619184852,0.6185510912452801,0.6289791695956475,0.6166300812340023,0.09375086862783528,0.0027441953317692835,0.0013721500080554616,0.006037303008931572,0.005488443005709276,-0.05876057944158368,22.540000915527344
2211,2020-10-15,0.6051042828771906,0.6199231889111647,0.620746478915998,0.603732185211306,0.08552964025444114,-0.020581779041294546,0.0013720976658846418,-0.00823269067964949,-0.012897896022696309,-0.008221228373394146,22.59000015258789
2212,2020-10-16,0.6245883942542116,0.6152579835681178,0.6259604919200963,0.6152579835681178,0.06822194109366926,0.019484111377020996,-0.00466520534304693,0.005214013004098295,0.011525798356811778,-0.017307699160771878,22.420000076293945
2213,2020-10-19,0.6322722772728098,0.6196487589095535,0.6330955149354722,0.6180022312420579,0.09067441156032287,0.0076838830185981255,0.0043907753414357265,0.007135023015375941,0.0027442476739401034,0.022452470466653607,22.57999992370605
2214,2020-10-20,0.6273326419281516,0.6317234172695876,0.6363886226126344,0.6259604919200963,0.0929554728008125,-0.004939635344658133,0.012074658360034074,0.003293107677162177,0.007958260678038398,0.002281061240489629,23.020000457763672
2215,2020-10-21,0.6396816779476259,0.6391328702865745,0.6457190332987283,0.6358397626094122,0.0848265417030451,0.012349036019474235,0.007409453016986922,0.00933041068609386,0.009879270689315933,-0.008128931097767397,23.290000915527344
2216,2020-10-22,0.63254665493225,0.630076837259921,0.6336443749386944,0.6221185765818826,0.07113589793845661,-0.00713502301537583,-0.009056033026653476,-0.012074658360033852,-0.013721186027529586,-0.013690643764588492,22.959999084472656
2217,2020-10-23,0.6317234172695876,0.6295280295988697,0.6319978472711987,0.6229418665867159,0.06633287600449014,-0.0008232376626624571,-0.0005488076610513648,-0.001646527667495734,0.000823290004833277,-0.004803021933966464,22.940000534057617
2218,2020-10-26,0.6218441465802715,0.6204720489143868,0.6259604919200963,0.6180022312420579,0.06275216934233736,-0.009879270689316044,-0.009055980684482878,-0.006037355351102391,-0.004939635344658022,-0.00358070666215278,22.61000061035156
2219,2020-10-27,0.6204720489143868,0.6237651042493784,0.6256860619184852,0.6177278012404469,0.0547180300411596,-0.0013720976658847528,0.003293055334991579,-0.0002744300016110923,-0.0002744300016109813,-0.008034139301177766,22.729999542236328
2220,2020-10-28,0.598792549866648,0.5976948822023744,0.6004390775341437,0.5878156115130584,0.1359235963865082,-0.021679499047738804,-0.026070222047003933,-0.025246984384341475,-0.029912189727388516,0.08120556634534859,21.780000686645508
2221,2020-10-29,0.5842481261764558,0.5957738721910968,0.6020856575438103,0.5836992661732336,0.08240293640753345,-0.014544423690192154,-0.0019210100112776463,0.001646580009666554,-0.004116345339824745,-0.05352065997897475,21.709999084472656
2222,2020-10-30,0.6048299052177504,0.6034577552096949,0.6070252928884683,0.5976948822023744,0.07871603442438929,0.020581779041294546,0.0076838830185981255,0.004939635344658022,0.01399561602914079,-0.0036869019831441557,21.989999771118164
2223,2020-11-02,0.611141638228293,0.6149835535665067,0.61580684357134,0.606202002883635,0.06627942198385689,0.006311733010542664,0.011525798356811778,0.008781550682871675,0.008507120681260583,-0.012436612440532402,22.40999984741211
2224,2020-11-03,0.6210208565754383,0.61580684357134,0.6215697165786606,0.6141602635616734,0.06484329062951018,0.009879218347145224,0.000823290004833277,0.00576287300732059,0.007958260678038398,-0.001436131354346712,22.440000534057617
2225,2020-11-04,0.613337025899011,0.6103183482234598,0.6174533712388357,0.6064764328852461,0.11093704898170091,-0.007683830676427306,-0.005488495347880207,-0.004116345339824856,-0.007683830676427306,0.046093758352190733,22.239999771118164
2226,2020-11-05,0.6317234172695876,0.6479144209694461,0.6492865186353308,0.6311745572663654,0.2045357518308002,0.018386391370576627,0.03759607274598631,0.03183314739649512,0.02469812438111929,0.09359870284909928,23.61000061035156
2227,2020-11-06,0.6564215416507068,0.6528540563141042,0.6575192093149803,0.6443468832906728,0.11690216132423427,0.02469812438111918,0.004939635344658133,0.00823269067964949,0.013172326024307401,-0.08763359050656593,23.790000915527344
2228,2020-11-09,0.6251372542574338,0.6174533712388357,0.6254116842590449,0.6015367975405881,0.2502075797801258,-0.031284287393272936,-0.0354006850752685,-0.03210752505593539,-0.042810085750084714,0.13330541845589156,22.5
2229,2020-11-10,0.620746478915998,0.6155324135697289,0.6251372542574338,0.6147091235648957,0.08993781515599665,-0.0043907753414358375,-0.0019209576691068264,-0.0002744300016110923,0.013172326024307623,-0.16026976462412917,22.43000030517578
2230,2020-11-11,0.6100439182218487,0.6180022312420579,0.6196487589095535,0.6092206805591862,0.06387969281756142,-0.010702560694149321,0.002469817672329011,-0.005488495347880318,-0.005488443005709498,-0.026058122338435227,22.520000457763672
2231,2020-11-12,0.6185510912452801,0.6188254689047203,0.6229418665867159,0.6174533712388357,0.05032660406606917,0.008507173023431402,0.0008232376626624571,0.003293107677162399,0.00823269067964949,-0.013553088751492255,22.549999237060547
2232,2020-11-13,0.6322722772728098,0.6284303095924253,0.6336443749386944,0.6278814495892031,0.05570906758370009,0.013721186027529697,0.009604840687704952,0.010702508351978501,0.010428078350367409,0.005382463517630921,22.899999618530277
2233,2020-11-16,0.6276070719297628,0.6317234172695876,0.6339188049403055,0.6262349219217074,0.0707834577624147,-0.00466520534304693,0.003293107677162288,0.0002744300016110923,-0.001646527667495734,0.015074390178714606,23.020000457763672
2234,2020-11-17,0.6270582119265407,0.6240395342509895,0.6284303095924253,0.6215697165786606,0.05481353455802434,-0.0005488600032221846,-0.0076838830185981255,-0.005488495347880207,-0.004665205343046819,-0.015969923204390356,22.739999771118164
2235,2020-11-18,0.6234906742477672,0.6188254689047203,0.6306256972631432,0.6185510912452801,0.05764909217254958,-0.0035675376787734914,-0.0052140653462691144,0.0021953876707179187,-0.003018625333380487,0.0028355576145252387,22.549999237060547
2236,2020-11-19,0.6070252928884683,0.6152579835681178,0.6160812735729511,0.6059275728820238,0.05340163569303138,-0.01646538135929887,-0.0035674853366025605,-0.014544423690192154,-0.012623518363256259,-0.0042474564795182,22.420000076293945
2237,2020-11-20,0.6232162442461562,0.6171789412372246,0.6259604919200963,0.6166300812340023,0.05531956595335246,0.01619095135768789,0.0019209576691068264,0.009879218347145224,0.010702508351978501,0.0019179302603210824,22.489999771118164
2238,2020-11-23,0.6136114559006219,0.6018112275421992,0.6138858859022331,0.5976948822023744,0.10879104823334462,-0.009604788345534243,-0.015367713695025431,-0.012074606017863143,-0.01893519903162788,0.05347148227999216,21.93000030517578
2239,2020-11-24,0.5900109991837763,0.5935784845203789,0.5952250645300454,0.5875411815114473,0.11188639238814746,-0.02360045671684563,-0.00823274302182031,-0.01866082137218772,-0.010153700690927137,0.003095344154802837,21.6299991607666
2240,2020-11-25,0.5960483021927078,0.5960483021927078,0.5996158398714813,0.5938529145219901,0.048362703348003494,0.0060373030089314605,0.0024698176723289,0.0043907753414358375,0.006311733010542775,-0.06352368904014397,21.71999931335449
2241,2020-11-27,0.574917715490362,0.5776619108221313,0.5809550184992935,0.5738199954839176,0.07057498708194501,-0.0211305867023458,-0.018386391370576516,-0.01866082137218772,-0.020032919038072472,0.022212283733941518,21.049999237060547
2242,2020-11-30,0.5672338324717638,0.5776619108221313,0.5787596308285756,0.565312874802657,0.0733389163088217,-0.0076838830185981255,0.0,-0.0021953876707179187,-0.008507120681260583,0.0027639292268766824,21.049999237060547
2243,2020-12-01,0.6018112275421992,0.6119648758909555,0.6138858859022331,0.5996158398714813,0.11624824047182082,0.034577395070435335,0.03430296506882424,0.03512625507365752,0.03430296506882424,0.04290932416299913,22.299999237060547
2244,2020-12-02,0.6064764328852461,0.6127881658957887,0.6144346935632846,0.6031833252080838,0.06907577998325107,0.00466520534304693,0.0008232900048331659,0.0005488076610514758,0.0035674853366025605,-0.047172460488569753,22.32999992370605
2245,2020-12-03,0.6130625958973999,0.6155324135697289,0.61580684357134,0.6056531428804128,0.06656949913582666,0.006586163012153756,0.0027442476739402144,0.0013721500080553506,0.002469817672329011,-0.002506280847424408,22.43000030517578
2246,2020-12-04,0.6149835535665067,0.6169045112356135,0.6199231889111647,0.6105927782250709,0.07449352315449993,0.0019209576691068264,0.0013720976658846418,0.004116345339824745,0.004939635344658022,0.007924024018673273,22.479999542236328
2247,2020-12-07,0.6108672082266821,0.6262349219217074,0.6322722772728098,0.6105927782250709,0.10018174367015306,-0.004116345339824634,0.00933041068609386,0.012349088361645055,0.0,0.02568822051565313,22.81999969482422
2248,2020-12-08,0.6289791695956475,0.6262349219217074,0.6344676649435277,0.6237651042493784,0.058993995331682196,0.018111961368965424,0.0,0.0021953876707179187,0.013172326024307512,-0.041187748338470866,22.81999969482422
2249,2020-12-09,0.6185510912452801,0.6100439182218487,0.6193743289079425,0.6018112275421992,0.11171854676335904,-0.010428078350367409,-0.016191003699858708,-0.015093336035585159,-0.021953876707179187,0.05272455143167685,22.229999542236328
2250,2020-12-10,0.6141602635616734,0.6125137358941777,0.6196487589095535,0.6089462505575751,0.04834274718030041,-0.004390827683606657,0.002469817672329011,0.0002744300016109813,0.007135023015375941,-0.06337579958305864,22.31999969482422
2251,2020-12-11,0.6100439182218487,0.6108672082266821,0.6155324135697289,0.6089462505575751,0.03835147800367051,-0.004116345339824745,-0.001646527667495623,-0.004116345339824634,0.0,-0.009991269176629902,22.26000022888184
2252,2020-12-14,0.613337025899011,0.6081229605527418,0.618276661243669,0.6070252928884683,0.057413538121625717,0.003293107677162288,-0.0027442476739402144,0.0027442476739401034,-0.0019209576691068264,0.019062060117955207,22.15999984741211
2253,2020-12-15,0.6218441465802715,0.6256860619184852,0.6265093519233184,0.6201976189127758,0.061455018441637116,0.008507120681260583,0.01756310136574335,0.00823269067964938,0.013172326024307512,0.004041480320011399,22.799999237060547
2254,2020-12-16,0.6372118602752969,0.6481888509710573,0.6490120886337198,0.630076837259921,0.16385011492614437,0.01536771369502532,0.02250278905257208,0.022502736710401483,0.009879218347145224,0.10239509648450726,23.6200008392334
2255,2020-12-17,0.6610867469937537,0.6627332746612495,0.6660263823384117,0.65724483165554,0.14092689271778058,0.023874886718456834,0.014544423690192265,0.017014293704691874,0.02716799439561901,-0.02292322220836379,24.149999618530277
2256,2020-12-18,0.6591657893246469,0.6575192093149803,0.6621844146580272,0.6550494439848221,0.10575450350123836,-0.0019209576691068264,-0.0052140653462692255,-0.0038419676803844727,-0.0021953876707179187,-0.03517238921654223,23.959999084472656
2257,2020-12-21,0.661910036998587,0.6690450076717921,0.6723381153489544,0.6613611769953648,0.15939596956684426,0.0027442476739401034,0.011525798356811778,0.010153700690927137,0.006311733010542664,0.05364146606560591,24.3799991607666
2258,2020-12-22,0.6591657893246469,0.6429747856247882,0.6621844146580272,0.6396816779476259,0.14911996864030788,-0.0027442476739401034,-0.026070222047003933,-0.010153700690927137,-0.021679499047738915,-0.010276000926536383,23.43000030517578
2259,2020-12-23,0.6503842386417752,0.6531284339735445,0.6580680693182025,0.649835378638553,0.08802986297952711,-0.008781550682871675,0.010153648348756317,-0.004116345339824745,0.010153700690927137,-0.06109010566078077,23.799999237060547
2260,2020-12-24,0.6509330463028264,0.6575192093149803,0.659440219326258,0.649835378638553,0.037626641483883616,0.0005488076610512538,0.0043907753414358375,0.0013721500080554616,0.0,-0.050403221495643497,23.959999084472656
2261,2020-12-28,0.6770033206920013,0.6704171576798476,0.6816685260350482,0.6687706300123518,0.10539564884272046,0.026070274389174863,0.01289794836486724,0.02222830670879028,0.01893525137379881,0.06776900735883684,24.43000030517578
2262,2020-12-29,0.6684962000107406,0.6693194376734033,0.6731614053537877,0.6616356069969758,0.08506851023644495,-0.008507120681260694,-0.0010977200064442583,-0.008507120681260583,-0.007135023015376052,-0.02032713860627551,24.38999938964844
2263,2020-12-30,0.6701427276782365,0.6794731383643304,0.6797475683659414,0.6687706300123518,0.06712470823013737,0.0016465276674958451,0.010153700690927137,0.006586163012153756,0.007135023015376052,-0.017943802006307574,24.76000022888184
2264,2020-12-31,0.6753567930245055,0.6742590730180612,0.678649848359497,0.6687706300123518,0.08780606881314257,0.005214065346269003,-0.0052140653462692255,-0.0010977200064443693,0.0,0.020681360583005196,24.56999969482422
2265,2021-01-04,0.7008782074104581,0.695664142064189,0.7027991650795649,0.6824918160398815,0.19252712791547139,0.02552141438595268,0.021405069046127823,0.024149316720067815,0.013721186027529697,0.10472105910232882,25.350000381469727
2266,2021-01-05,0.6986827673975694,0.7044456927470607,0.7063666504161675,0.6937431843950822,0.11717834043083941,-0.0021954400128887386,0.008781550682871675,0.0035674853366026715,0.011251368355200686,-0.07534878748463197,25.670000076293945
2267,2021-01-06,0.6953897120625779,0.6953897120625779,0.6970362397300738,0.6783754183578858,0.19592217094595799,-0.003293055334991468,-0.009055980684482767,-0.009330410686093749,-0.015367766037196362,0.07874383051511857,25.34000015258789
2268,2021-01-07,0.6920966043854155,0.6931943243918601,0.6962130020674112,0.6874313990423687,0.09741389448176327,-0.003293107677162399,-0.0021953876707178077,-0.0008232376626625681,0.009055980684482878,-0.09850827646419472,25.26000022888184
2269,2021-01-08,0.678649848359497,0.6451701732955062,0.6794731383643304,0.6240395342509895,0.3821135719758388,-0.013446756025918494,-0.04802415109635394,-0.016739863703080782,-0.06339186479137926,0.28469967749407554,23.51000022888184
2270,2021-01-11,0.6298024596004808,0.6369374302736858,0.6446213132922839,0.6289791695956475,0.15088181316037988,-0.048847388759016286,-0.008232743021820421,-0.03485182507204654,0.004939635344658022,-0.2312317588154589,23.209999084472656
2271,2021-01-12,0.6462678409597796,0.6509330463028264,0.6539517239783776,0.6416026356167327,0.10128859825739893,0.01646538135929887,0.013995616029140678,0.009330410686093749,0.012623466021085217,-0.04959321490298095,23.71999931335449
2272,2021-01-13,0.6470911309646128,0.6432492156263993,0.6514819063060487,0.6416026356167327,0.08417048268980631,0.0008232900048331659,-0.007683830676427195,-0.0024698176723289,0.0,-0.017118115567592615,23.440000534057617
2273,2021-01-14,0.6479144209694461,0.6506586163012155,0.6605378869905315,0.647365560966224,0.12771341517737825,0.000823290004833277,0.007409400674816213,0.009055980684482767,0.005762925349491299,0.043542932487571934,23.709999084472656
2274,2021-01-15,0.6358397626094122,0.6298024596004808,0.6410538279556813,0.6267837819249296,0.14816171623042246,-0.012074658360033852,-0.020856156700734707,-0.019484059034850176,-0.020581779041294435,0.02044830105304421,22.950000762939453
2275,2021-01-19,0.6443468832906728,0.6416026356167327,0.6454446032971172,0.6372118602752969,0.09292838943035832,0.008507120681260583,0.01180017601625194,0.0043907753414358375,0.010428078350367298,-0.05523332680006414,23.3799991607666
2276,2021-01-20,0.6490120886337198,0.6588913593230359,0.6599890269873093,0.6481888509710573,0.09498244926322541,0.004665205343047041,0.01728872370630319,0.014544423690192154,0.010976990695760414,0.0020540598328670917,24.01000022888184
2277,2021-01-21,0.6588913593230359,0.6627332746612495,0.6643798023287452,0.6542261539799888,0.06974502432157939,0.009879270689316044,0.003841915338213653,0.0043907753414358375,0.006037303008931572,-0.02523742494164602,24.149999618530277
2278,2021-01-22,0.6454446032971172,0.6492865186353308,0.6525796263124931,0.6416026356167327,0.06885091673645385,-0.013446756025918716,-0.013446756025918716,-0.01180017601625205,-0.012623518363256148,-0.0008941075851255365,23.65999984741211
2279,2021-01-25,0.6542261539799888,0.6462678409597796,0.6555982516458736,0.6413282579572924,0.07850792010405716,0.008781550682871675,-0.0030186776755511957,0.003018625333380487,-0.0002743776594402725,0.009657003367603306,23.549999237060547
2280,2021-01-26,0.6490120886337198,0.6490120886337198,0.6539517239783776,0.6462678409597796,0.04961922919302247,-0.005214065346269003,0.0027442476739402144,-0.0016465276674959561,0.004939583002487202,-0.028888690911034694,23.649999618530277
2281,2021-01-27,0.6405049679524591,0.6427003556231771,0.6481888509710573,0.6295280295988697,0.13104930242503074,-0.008507120681260694,-0.006311733010542775,-0.005762873007320368,-0.016739811360909962,0.08143007323200827,23.420000076293945
2282,2021-01-28,0.6731614053537877,0.6783754183578858,0.6888035490504242,0.6539517239783776,0.5419058140156442,0.03265643740132851,0.03567506273470877,0.04061469807936691,0.024423694379507976,0.4108565115906134,24.71999931335449
2283,2021-01-29,0.6945664220577447,0.685784871374873,0.6992316274007916,0.6800219983675525,0.4046540633964685,0.021405016703957003,0.007409453016987144,0.010428078350367409,0.026070274389174863,-0.13725175061917572,24.989999771118164
2284,2021-02-01,0.7618002545295085,0.7343578824744491,0.76783755753844,0.7162459211054836,1.0,0.06723383247176384,0.048573011099576124,0.06860593013764837,0.03622392273793107,0.5953459366035315,26.76000022888184
2285,2021-02-02,0.7008782074104581,0.6734358353553987,0.7011525850698984,0.6698682976766254,0.4430532936585714,-0.06092204711905036,-0.06092204711905036,-0.06668497246854155,-0.046377623428858206,-0.5569467063414286,24.540000915527344
2286,2021-02-03,0.6860593013764841,0.6841383437073772,0.6888035490504242,0.6802964283691636,0.19454875897582097,-0.014818906033974066,0.010702508351978501,-0.012349036019474235,0.010428130692538229,-0.2485045346827504,24.93000030517578
2287,2021-02-04,0.6690450076717921,0.6717892553457322,0.6734358353553987,0.6602634569889204,0.1836295280009978,-0.017014293704691985,-0.012349088361645055,-0.015367713695025431,-0.02003297138024318,-0.010919230974823169,24.479999542236328
2288,2021-02-05,0.6789242783611081,0.6846872037105994,0.6899012167146978,0.6764544606887792,0.12010762076154162,0.009879270689316044,0.01289794836486724,0.01646538135929909,0.01619100369985882,-0.06352190723945618,24.950000762939453
2289,2021-02-08,0.700054917405625,0.6967618097284627,0.7033479727406163,0.6962130020674112,0.1449787074817811,0.02113063904451684,0.012074606017863254,0.013446756025918494,0.019758541378631977,0.02487108672023948,25.38999938964844
2290,2021-02-09,0.7014270150715095,0.6937431843950822,0.7030735950811761,0.6899012167146978,0.11112199989309196,0.0013720976658845307,-0.003018625333380487,-0.0002743776594402725,-0.006311785352713373,-0.03385670758868914,25.280000686645508
2291,2021-02-10,0.698133959736518,0.6879802590455909,0.6986827673975694,0.6835894837041551,0.1287176380450083,-0.003293055334991468,-0.005762925349491299,-0.004390827683606657,-0.006311733010542775,0.017595638151916337,25.06999969482422
2292,2021-02-11,0.6931943243918601,0.6885291190488131,0.6953897120625779,0.6835894837041551,0.10664255296402544,-0.004939635344657911,0.0005488600032221846,-0.003293055334991468,0.0,-0.022075085080982854,25.09000015258789
2293,2021-02-12,0.6896267867130866,0.6945664220577447,0.6995060574024027,0.6874313990423687,0.08863531885323307,-0.0035675376787734914,0.006037303008931572,0.004116345339824745,0.003841915338213653,-0.018007234110792372,25.309999465942383
2294,2021-02-16,0.6904500767179199,0.6931943243918601,0.705268982751894,0.6874313990423687,0.16373536696185165,0.000823290004833277,-0.0013720976658845307,0.005762925349491299,0.0,0.07510004810861858,25.26000022888184
2295,2021-02-17,0.6904500767179199,0.6970362397300738,0.698133959736518,0.6841383437073772,0.11482137448105055,0.0,0.003841915338213653,-0.007135023015375941,-0.003293055334991468,-0.0489139924808011,25.399999618530277
2296,2021-02-18,0.6923710343870267,0.6877058290439798,0.6964873797268515,0.6846872037105994,0.0792933378472284,0.0019209576691068264,-0.00933041068609397,-0.001646580009666554,0.0005488600032221846,-0.035528036633822146,25.059999465942383
2297,2021-02-19,0.6975850997332959,0.6931943243918601,0.7030735950811761,0.6915477967243643,0.14113073071646207,0.0052140653462691144,0.005488495347880318,0.006586215354324576,0.0068605930137648485,0.06183739286923366,25.26000022888184
2298,2021-02-22,0.6995060574024027,0.7209111264485305,0.7211855564501416,0.697859529734907,0.197094595798514,0.0019209576691068264,0.027716802056670375,0.018111961368965535,0.006311733010542664,0.05596386508205192,26.270000457763672
2299,2021-02-23,0.7088364680884964,0.7055433604113343,0.7093853280917187,0.6940176143966933,0.14322612832528553,0.009330410686093749,-0.015367766037196251,-0.01180022835842287,-0.003841915338213653,-0.05386846747322846,25.709999084472656
2300,2021-02-24,0.6992316274007916,0.7118551457640477,0.7126783834267101,0.6962130020674112,0.08585820430126687,-0.009604840687704841,0.006311785352713484,0.003293055334991357,0.0021953876707179187,-0.05736792402401866,25.940000534057617
2301,2021-02-25,0.7082876080852744,0.6970362397300738,0.7140505334347657,0.6970362397300738,0.13781871959802577,0.009055980684482767,-0.014818906033973955,0.0013721500080555726,0.0008232376626625681,0.05196051529675891,25.399999618530277
2302,2021-02-26,0.6860593013764841,0.6767288906903902,0.6863337313780953,0.6660263823384117,0.19452666464729254,-0.02222830670879028,-0.020307349039683564,-0.027716802056670375,-0.031009857391662066,0.05670794504926677,24.65999984741211
2303,2021-03-01,0.6849615813700397,0.6750823630228945,0.6871570213829284,0.673710213014839,0.1269978440211678,-0.0010977200064443693,-0.001646527667495734,0.0008232900048331659,0.007683830676427306,-0.06752882062612475,24.600000381469727
2304,2021-03-02,0.6723381153489544,0.6805708060286039,0.685784871374873,0.6706915876814586,0.10370757087112235,-0.012623466021085328,0.005488443005709387,-0.0013721500080554616,-0.003018625333380376,-0.023290273150045435,24.799999237060547
2305,2021-03-03,0.6671240500026853,0.6663008123400228,0.6753567930245055,0.6583424993198136,0.14872120164638383,-0.0052140653462691144,-0.014269993688581062,-0.01042807835036752,-0.012349088361645055,0.04501363077526148,24.280000686645508
2306,2021-03-04,0.6616356069969758,0.6465422709613907,0.6704171576798476,0.6385840102833523,0.2280441173850293,-0.005488443005709498,-0.01975854137863209,-0.004939635344657911,-0.01975848903646127,0.07932291573864547,23.559999465942383
2307,2021-03-05,0.647365560966224,0.6410538279556813,0.647365560966224,0.63254665493225,0.10890543983749977,-0.01427004603075177,-0.005488443005709387,-0.023051596713623557,-0.00603735535110228,-0.11913867754752953,23.36000061035156
2308,2021-03-08,0.6429747856247882,0.639956107949237,0.6468167009630018,0.6388584402849634,0.06665039288705166,-0.0043907753414358375,-0.0010977200064443693,-0.0005488600032221846,0.006311785352713373,-0.042255046950448114,23.31999969482422
2309,2021-03-09,0.659714649327869,0.6599890269873093,0.6660263823384117,0.6588913593230359,0.103429966323967,0.016739863703080893,0.02003291903807236,0.019209681375409904,0.020032919038072472,0.03677957343691535,24.049999237060547
2310,2021-03-10,0.6635565646660827,0.6673984800042964,0.6682217700091296,0.659440219326258,0.07265755572581652,0.003841915338213653,0.007409453016987033,0.0021953876707179187,0.0005488600032220736,-0.030772410598150488,24.31999969482422
2311,2021-03-11,0.6635565646660827,0.6654775223351895,0.6676729100059073,0.6580680693182025,0.08405751652620137,0.0,-0.0019209576691068264,-0.0005488600032222957,-0.0013721500080554616,0.011399960800384856,24.25
2312,2021-03-12,0.6487376586321087,0.659440219326258,0.6608123169921425,0.6468167009630018,0.08342319548135346,-0.014818906033973955,-0.006037303008931572,-0.0068605930137648485,-0.011251368355200686,-0.0006343210448479103,24.030000686645508
2313,2021-03-15,0.6660263823384117,0.6676729100059073,0.6698682976766254,0.6621844146580272,0.07809846230600645,0.017288723706302966,0.00823269067964938,0.009055980684482878,0.015367713695025431,-0.005324733175347013,24.32999992370605
2314,2021-03-16,0.6605378869905315,0.6613611769953648,0.6663008123400228,0.6580680693182025,0.07109812376387577,-0.005488495347880207,-0.006311733010542553,-0.0035674853366025605,-0.004116345339824745,-0.007000338542130682,24.100000381469727
2315,2021-03-17,0.661910036998587,0.6701427276782365,0.6759056006855569,0.659714649327869,0.1628302122124619,0.0013721500080554616,0.008781550682871675,0.009604788345534132,0.001646580009666554,0.09173208844858614,24.420000076293945
2316,2021-03-18,0.6586169293214247,0.6613611769953648,0.671514825344121,0.6583424993198136,0.14360458279136895,-0.003293107677162288,-0.008781550682871675,-0.0043907753414359485,-0.0013721500080554616,-0.01922562942109296,24.100000381469727
2317,2021-03-19,0.6657519523368007,0.6671240500026853,0.6690450076717921,0.661910036998587,0.08150490886089481,0.007135023015376052,0.005762873007320479,-0.0024698176723289,0.0035675376787733803,-0.062099673930474136,24.309999465942383
2318,2021-03-22,0.6528540563141042,0.656970401653929,0.6575192093149803,0.6506586163012155,0.08474600431195767,-0.012897896022696531,-0.010153648348756317,-0.011525798356811778,-0.011251420697371506,0.003241095451062853,23.940000534057617
2319,2021-03-23,0.6446213132922839,0.6372118602752969,0.6459934633003394,0.6369374302736858,0.10265595210519751,-0.00823274302182031,-0.01975854137863209,-0.011525746014640958,-0.013721186027529697,0.017909947793239844,23.21999931335449
2320,2021-03-24,0.6440724532890617,0.637760720278519,0.6451701732955062,0.6372118602752969,0.06517684371826167,-0.0005488600032221846,0.0005488600032221846,-0.0008232900048331659,0.0002744300016110923,-0.03747910838693584,23.239999771118164
2321,2021-03-25,0.6333699449370832,0.6391328702865745,0.6416026356167327,0.6319978472711987,0.10552928389430358,-0.010702508351978501,0.0013721500080554616,-0.0035675376787734914,-0.005214013004098184,0.04035244017604191,23.290000915527344
2322,2021-03-26,0.6366630526142455,0.637486290276908,0.6396816779476259,0.6336443749386944,0.05198439142597509,0.003293107677162288,-0.001646580009666554,-0.0019209576691068264,0.001646527667495734,-0.053544892468328484,23.229999542236328
2323,2021-03-29,0.6336443749386944,0.6287047395940364,0.635016472604579,0.6229418665867159,0.09858667569445682,-0.0030186776755510847,-0.008781550682871564,-0.004665205343046819,-0.010702508351978501,0.04660228426848173,22.90999984741211
2324,2021-03-30,0.61580684357134,0.6108672082266821,0.6171789412372246,0.6072996705479086,0.11394116494128967,-0.017837531367354442,-0.01783753136735433,-0.017837531367354442,-0.015642196038807343,0.015354489246832845,22.26000022888184
2325,2021-03-31,0.6122393058925666,0.6229418665867159,0.6245883942542116,0.6108672082266821,0.08670705414892291,-0.0035675376787733803,0.012074658360033852,0.007409453016987033,0.0035675376787734914,-0.02723411079236676,22.700000762939453
2326,2021-04-01,0.6276070719297628,0.6352909026061901,0.6352909026061901,0.6256860619184852,0.07681485309053329,0.015367766037196251,0.012349036019474235,0.010702508351978501,0.014818853691803135,-0.009892201058389616,23.149999618530277
2327,2021-04-05,0.6322722772728098,0.6336443749386944,0.6366630526142455,0.6281558795908142,0.04974644976212961,0.00466520534304693,-0.001646527667495734,0.0013721500080553506,0.002469817672329011,-0.027068403328403684,23.09000015258789
2328,2021-04-06,0.6388584402849634,0.6405049679524591,0.6443468832906728,0.6380351502801301,0.06757692924469469,0.006586163012153645,0.0068605930137647375,0.007683830676427306,0.009879270689315933,0.01783047948256508,23.34000015258789
2329,2021-04-07,0.6380351502801301,0.640230537950848,0.6440724532890617,0.6366630526142455,0.04608698750957718,-0.000823290004833277,-0.0002744300016110923,-0.0002744300016110923,-0.0013720976658846418,-0.021489941735117507,23.32999992370605
2330,2021-04-08,0.649835378638553,0.6481888509710573,0.6525796263124931,0.6470911309646128,0.05971206100885555,0.01180022835842287,0.007958313020209218,0.008507173023431402,0.010428078350367298,0.01362507349927837,23.6200008392334
2331,2021-04-09,0.6391328702865745,0.642425925621566,0.6446213132922839,0.6380351502801301,0.055922883666233096,-0.010702508351978501,-0.005762925349491299,-0.007958313020209218,-0.009055980684482656,-0.003789177342622456,23.40999984741211
2332,2021-04-12,0.6388584402849634,0.6322722772728098,0.639956107949237,0.6292535995972586,0.08120877358658661,-0.0002744300016110923,-0.010153648348756206,-0.00466520534304693,-0.008781550682871564,0.025285889920353515,23.040000915527344
2333,2021-04-13,0.6451701732955062,0.6451701732955062,0.6492865186353308,0.6440724532890617,0.0672686777257096,0.006311733010542775,0.01289789602269642,0.00933041068609386,0.014818853691803135,-0.013940095860877008,23.51000022888184
2334,2021-04-14,0.6429747856247882,0.647365560966224,0.6490120886337198,0.6429747856247882,0.03958127683837286,-0.0021953876707180298,0.0021953876707178077,-0.0002744300016109813,-0.0010976676642735494,-0.02768740088733674,23.59000015258789
2335,2021-04-15,0.6525796263124931,0.659440219326258,0.6621844146580272,0.652030766309271,0.10468649216898598,0.009604840687704952,0.012074658360033963,0.013172326024307401,0.009055980684482878,0.06510521533061311,24.030000686645508
2336,2021-04-16,0.6641054246693049,0.6610867469937537,0.6646542323303561,0.6602634569889204,0.07431712488641021,0.011525798356811778,0.001646527667495734,0.0024698176723289,0.00823269067964938,-0.030369367282575777,24.09000015258789
2337,2021-04-19,0.6566959716523179,0.6580680693182025,0.6599890269873093,0.6528540563141042,0.05820537034727295,-0.007409453016987033,-0.0030186776755511957,-0.004665205343046819,-0.007409400674816213,-0.016111754539137255,23.979999542236328
2338,2021-04-20,0.6558726816474847,0.6575192093149803,0.6646542323303561,0.6558726816474847,0.07452060652495412,-0.0008232900048331659,-0.0005488600032221846,0.004665205343046819,0.003018625333380487,0.016315236177681172,23.959999084472656
2339,2021-04-21,0.6627332746612495,0.6778266106968346,0.6789242783611081,0.661910036998587,0.11757354382338792,0.0068605930137648485,0.020307401381854273,0.014270046030751993,0.00603735535110228,0.04305293729843379,24.700000762939453
2340,2021-04-22,0.6704171576798476,0.6643798023287452,0.671514825344121,0.6616356069969758,0.09235571868930742,0.0076838830185980145,-0.013446808368089425,-0.007409453016987144,-0.00027443000161120334,-0.025217825134080496,24.209999084472656
2341,2021-04-23,0.6676729100059073,0.6624588446596384,0.6693194376734033,0.6580680693182025,0.06571245300500686,-0.0027442476739402144,-0.0019209576691067154,-0.0021953876707176967,-0.0035675376787732693,-0.02664326568430056,24.13999938964844
2342,2021-04-26,0.6676729100059073,0.6668496200010742,0.6676729100059073,0.6635565646660827,0.039393831406018924,0.0,0.0043907753414357265,-0.0016465276674959561,0.005488495347880207,-0.026318621598987936,24.299999237060547
2343,2021-04-27,0.6709660176830697,0.6693194376734033,0.6731614053537877,0.6682217700091296,0.04585000801810309,0.003293107677162399,0.002469817672329122,0.005488495347880318,0.00466520534304693,0.006456176612084169,24.38999938964844
2344,2021-04-28,0.6613611769953648,0.6695938676750144,0.6695938676750144,0.6577936393165913,0.07317677244623416,-0.009604840687704952,0.0002744300016110923,-0.0035675376787732693,-0.01042813069253834,0.02732676442813107,24.399999618530277
2345,2021-04-29,0.6646542323303561,0.6654775223351895,0.6660263823384117,0.6547750139832109,0.08285907738360387,0.003293055334991357,-0.004116345339824856,-0.0035674853366026715,-0.003018625333380376,0.009682304937369712,24.25
2346,2021-04-30,0.6643798023287452,0.6588913593230359,0.6660263823384117,0.65724483165554,0.05989273559859594,-0.0002744300016109813,-0.006586163012153645,0.0,0.002469817672329122,-0.022966341785007935,24.01000022888184
2347,2021-05-03,0.6753567930245055,0.6849615813700397,0.6874313990423687,0.6726125453505656,0.12947098337579957,0.010976990695760303,0.02607022204700382,0.021405016703957003,0.015367713695025542,0.06957824777720363,24.959999084472656
2348,2021-05-04,0.6860593013764841,0.6742590730180612,0.6904500767179199,0.6643798023287452,0.13441690572492562,0.010702508351978612,-0.010702508351978501,0.0030186776755511957,-0.008232743021820421,0.004945922349126053,24.56999969482422
2349,2021-05-05,0.6723381153489544,0.6742590730180612,0.6750823630228945,0.671514825344121,0.02551930581045204,-0.013721186027529697,0.0,-0.015367713695025431,0.00713502301537583,-0.10889759991447358,24.56999969482422
2350,2021-05-06,0.6833150537025441,0.6962130020674112,0.6992316274007916,0.6833150537025441,0.11572296562906473,0.010976938353589705,0.021953929049350007,0.024149264377897106,0.011800228358423093,0.09020365981861268,25.3700008392334
2351,2021-05-07,0.6937431843950822,0.6989571973991804,0.6997804874040138,0.690724506719531,0.09038861073000375,0.010428130692538118,0.0027441953317691725,0.0005488600032221846,0.007409453016986922,-0.025334354899060982,25.46999931335449
2352,2021-05-10,0.7080131780836633,0.695664142064189,0.7099341880949409,0.6931943243918601,0.10129251821891204,0.014269993688581062,-0.003293055334991357,0.010153700690927137,0.002469817672329122,0.010903907488908293,25.350000381469727
2353,2021-05-11,0.6923710343870267,0.7044456927470607,0.7044456927470607,0.6912733667227532,0.08354542700853483,-0.015642143696636523,0.008781550682871675,-0.005488495347880207,-0.0019209576691069374,-0.01774709121037721,25.670000076293945
2354,2021-05-12,0.6970362397300738,0.6885291190488131,0.7017014450731206,0.6874313990423687,0.12593090176932809,0.004665205343047041,-0.015916573698247616,-0.0027442476739401034,-0.0038419676803844727,0.042385474760793254,25.09000015258789
2355,2021-05-13,0.6852360113716507,0.6904500767179199,0.6912733667227532,0.6838639137057662,0.08955686616895034,-0.011800228358423093,0.0019209576691068264,-0.010428078350367409,-0.0035674853366025605,-0.036374035600377747,25.15999984741211
2356,2021-05-14,0.6967618097284627,0.6986827673975694,0.6997804874040138,0.6940176143966933,0.08180496409671614,0.011525798356812,0.00823269067964949,0.008507120681260583,0.010153700690927137,-0.007751902072234196,25.459999084472656
2357,2021-05-17,0.7014270150715095,0.7187157387778126,0.7203622664453083,0.7011525850698984,0.14922473852074908,0.004665205343046819,0.02003297138024318,0.020581779041294546,0.007134970673205121,0.06741977442403294,26.190000534057617
2358,2021-05-18,0.7236553741224706,0.7176180187713683,0.724204181783522,0.7129528134283213,0.1009885430215776,0.0222283590509611,-0.0010977200064442583,0.003841915338213653,0.01180022835842287,-0.04823619549917148,26.149999618530277
2359,2021-05-19,0.7049945527502829,0.7060922204145564,0.7189901687794237,0.6995060574024027,0.15532206047431535,-0.01866082137218772,-0.01152579835681189,-0.005214013004098295,-0.013446756025918605,0.05433351745273775,25.729999542236328
2360,2021-05-20,0.7082876080852744,0.707738800424223,0.7129528134283213,0.7038968327438386,0.0725713165725282,0.003293055334991468,0.001646580009666554,-0.006037355351102391,0.0043907753414359485,-0.08275074390178715,25.790000915527344
2361,2021-05-21,0.7129528134283213,0.700603777408847,0.7132272434299324,0.6923710343870267,0.11099299752329704,0.00466520534304693,-0.007135023015375941,0.0002744300016110923,-0.01152579835681189,0.03842168095076884,25.530000686645508
2362,2021-05-24,0.7060922204145564,0.7066410804177786,0.7104829957559924,0.7038968327438386,0.05559859594105803,-0.0068605930137648485,0.006037303008931572,-0.0027442476739399924,0.01152579835681189,-0.05539440158223901,25.75
2363,2021-05-25,0.700603777408847,0.7132272434299324,0.7137761034331547,0.700054917405625,0.08653172496124584,-0.005488443005709387,0.006586163012153756,0.003293107677162288,-0.003841915338213653,0.030933129020187806,25.989999771118164
2364,2021-05-26,0.7099341880949409,0.7044456927470607,0.7124039534250991,0.7025247350779539,0.08452969370846178,0.00933041068609386,-0.008781550682871675,-0.0013721500080555726,0.0024698176723289,-0.002002031252784059,25.670000076293945
2365,2021-05-27,0.7044456927470607,0.7093853280917187,0.7099341880949409,0.700603777408847,0.06622881884432408,-0.005488495347880207,0.004939635344658022,-0.0024697653301581912,-0.0019209576691068264,-0.0183008748641377,25.850000381469727
2366,2021-05-28,0.7033479727406163,0.7107574257576035,0.7121295757656588,0.7030735950811761,0.08028722627086934,-0.0010977200064443693,0.0013720976658847528,0.0021953876707179187,0.002469817672329011,0.014058407426545266,25.899999618530277
2367,2021-06-01,0.7239297517819109,0.7091108980901076,0.7253019017899663,0.7088364680884964,0.09307556616716854,0.020581779041294546,-0.0016465276674958451,0.013172326024307512,0.005762873007320368,0.012788339896299197,25.84000015258789
2368,2021-06-02,0.7124039534250991,0.7176180187713683,0.7176180187713683,0.7104829957559924,0.05175347005683944,-0.011525798356811778,0.008507120681260694,-0.0076838830185980145,0.0016465276674959561,-0.0413220961103291,26.149999618530277
2369,2021-06-03,0.698133959736518,0.6986827673975694,0.6995060574024027,0.6879802590455909,0.11209557578889226,-0.014269993688581062,-0.018935251373798923,-0.018111961368965646,-0.022502736710401483,0.06034210573205282,25.459999084472656
2370,2021-06-04,0.7058177904129452,0.7074643704226119,0.7088364680884964,0.705268982751894,0.06794148566541347,0.007683830676427195,0.008781603025042495,0.009330410686093749,0.017288723706303077,-0.04415409012347879,25.780000686645508
2371,2021-06-07,0.7080131780836633,0.7107574257576035,0.7115807157624366,0.7058177904129452,0.061253674963918536,0.0021953876707180298,0.003293055334991579,0.0027442476739402144,0.0005488076610512538,-0.006687810701494934,25.899999618530277
2372,2021-06-08,0.7058177904129452,0.7027991650795649,0.7080131780836633,0.700054917405625,0.08360244463054363,-0.0021953876707180298,-0.00795826067803862,-0.0035675376787733803,-0.005762873007320257,0.022348769666625093,25.61000061035156
2373,2021-06-09,0.7088364680884964,0.7074643704226119,0.7126783834267101,0.7058177904129452,0.07704826898063183,0.0030186776755511957,0.004665205343047041,0.004665205343046819,0.005762873007320257,-0.0065541756499118,25.780000686645508
2374,2021-06-10,0.7063666504161675,0.7126783834267101,0.7137761034331547,0.7041712627454496,0.08573027101188462,-0.0024698176723289,0.005214013004098184,0.0010977200064445913,-0.001646527667495623,0.008682002031252786,25.96999931335449
2375,2021-06-11,0.7173435887697572,0.7099341880949409,0.719264546438864,0.7099341880949409,0.08849990200096217,0.010976938353589705,-0.0027441953317691725,0.005488443005709276,0.005762925349491299,0.002769630989077551,25.8700008392334
2376,2021-06-14,0.7022503050763428,0.7091108980901076,0.7132272434299324,0.7014270150715095,0.07841491010815531,-0.01509328369341445,-0.000823290004833277,-0.006037303008931572,-0.008507173023431402,-0.010084991892806858,25.84000015258789
2377,2021-06-15,0.7047201227486718,0.7038968327438386,0.7055433604113343,0.6973106697316848,0.06609304563191562,0.002469817672329011,-0.005214065346269003,-0.0076838830185981255,-0.004116345339824745,-0.012321864476239688,25.649999618530277
2378,2021-06-16,0.7058177904129452,0.6931943243918601,0.7082876080852744,0.6929198943902489,0.1465962261461433,0.0010976676642734384,-0.010702508351978501,0.0027442476739401034,-0.0043907753414358375,0.08050318051422767,25.26000022888184
2379,2021-06-17,0.6684962000107406,0.6599890269873093,0.671514825344121,0.6555982516458736,0.26435721540188517,-0.03732159040220462,-0.033205297404550804,-0.036772782741153365,-0.03732164274437533,0.11776098925574188,24.049999237060547
2380,2021-06-18,0.6610867469937537,0.6553238216442624,0.6646542323303561,0.6550494439848221,0.12147675641002798,-0.007409453016986922,-0.00466520534304693,-0.0068605930137648485,-0.0005488076610514758,-0.1428804589918572,23.8799991607666
2381,2021-06-21,0.6608123169921425,0.6608123169921425,0.6624588446596384,0.65724483165554,0.07349856565044634,-0.00027443000161120334,0.005488495347880096,-0.0021953876707176967,0.0021953876707179187,-0.04797819075958164,24.07999992370605
2382,2021-06-22,0.6575192093149803,0.6545005839815999,0.6586169293214247,0.6542261539799888,0.06291360048464979,-0.003293107677162177,-0.006311733010542553,-0.003841915338213764,-0.0030186776755511957,-0.010584965165796545,23.850000381469727
2383,2021-06-23,0.6599890269873093,0.6566959716523179,0.6690450076717921,0.6561471116490957,0.06429449601767546,0.002469817672329011,0.0021953876707179187,0.010428078350367409,0.0019209576691068264,0.0013808955330256723,23.93000030517578
2384,2021-06-24,0.6641054246693049,0.659714649327869,0.6660263823384117,0.6580680693182025,0.07238529658072448,0.004116397681995565,0.0030186776755511957,-0.003018625333380376,0.0019209576691068264,0.00809080056304902,24.040000915527344
2385,2021-06-25,0.6676729100059073,0.6635565646660827,0.6676729100059073,0.6608123169921425,0.04438964417440265,0.0035674853366024495,0.003841915338213653,0.001646527667495623,0.0027442476739399924,-0.027995652406321833,24.18000030517578
2386,2021-06-28,0.6649286623319673,0.6643798023287452,0.6671240500026853,0.6630077046628605,0.048864814781818505,-0.0027442476739399924,0.0008232376626624571,-0.0005488600032220736,0.0021953876707180298,0.004475170607415854,24.209999084472656
2387,2021-06-29,0.6545005839815999,0.6555982516458736,0.6577936393165913,0.6517563363076598,0.06926892717780589,-0.010428078350367409,-0.008781550682871564,-0.00933041068609397,-0.011251368355200686,0.020404112395987384,23.88999938964844
2388,2021-06-30,0.6583424993198136,0.6646542323303561,0.6654775223351895,0.65724483165554,0.06881207348146036,0.003841915338213653,0.009055980684482545,0.0076838830185982365,0.005488495347880207,-0.00045685369634552997,24.21999931335449
2389,2021-07-01,0.6679473400075185,0.6616356069969758,0.6684962000107406,0.6602634569889204,0.05091673645386027,0.009604840687704952,-0.003018625333380376,0.0030186776755510847,0.003018625333380376,-0.017895337027600086,24.11000061035156
2390,2021-07-02,0.6717892553457322,0.673710213014839,0.6759056006855569,0.6668496200010742,0.0759831085294799,0.003841915338213653,0.012074606017863254,0.007409400674816324,0.006586163012153756,0.025066372075619625,24.549999237060547
2391,2021-07-06,0.6764544606887792,0.6649286623319673,0.6775521806952235,0.6616356069969758,0.08490387185289454,0.004665205343047041,-0.008781550682871675,0.001646580009666554,-0.005214013004098406,0.00892076332341464,24.229999542236328
2392,2021-07-07,0.6693194376734033,0.6652030923335784,0.6706915876814586,0.6608123169921425,0.08877180478591665,-0.007135023015375941,0.0002744300016110923,-0.0068605930137648485,-0.000823290004833277,0.0038679329330221085,24.239999771118164
2393,2021-07-08,0.6652030923335784,0.6588913593230359,0.6657519523368007,0.6564215416507068,0.07966430875042317,-0.004116345339824856,-0.006311733010542553,-0.004939635344657911,-0.0043907753414357265,-0.009107496035493476,24.01000022888184
2394,2021-07-09,0.6605378869905315,0.6638309946676938,0.6665752423416339,0.6599890269873093,0.04082675551912763,-0.00466520534304693,0.004939635344657911,0.0008232900048331659,0.0035674853366025605,-0.03883755323129554,24.190000534057617
2395,2021-07-12,0.6641054246693049,0.6663008123400228,0.6679473400075185,0.6599890269873093,0.04935552269123176,0.0035675376787733803,0.002469817672329011,0.0013720976658846418,0.0,0.00852876717210413,24.280000686645508
2396,2021-07-13,0.6627332746612495,0.6608123169921425,0.6671240500026853,0.6599890269873093,0.05842381911159418,-0.0013721500080553506,-0.005488495347880318,-0.000823290004833277,0.0,0.009068296420362422,24.07999992370605
2397,2021-07-14,0.6726125453505656,0.6676729100059073,0.6731614053537877,0.6627332746612495,0.09507332109830194,0.009879270689316044,0.0068605930137648485,0.006037355351102391,0.0027442476739402144,0.03664950198670776,24.32999992370605
2398,2021-07-15,0.6690450076717921,0.6690450076717921,0.6706915876814586,0.6663008123400228,0.049729700835664525,-0.0035675376787734914,0.0013720976658847528,-0.002469817672329011,0.0035675376787732693,-0.04534362026263741,24.3799991607666
2399,2021-07-16,0.6630077046628605,0.652305196310882,0.6649286623319673,0.6509330463028264,0.1156638098462306,-0.006037303008931572,-0.016739811360910073,-0.005762925349491299,-0.015367766037196362,0.06593410901056608,23.770000457763672
2400,2021-07-19,0.6440724532890617,0.6391328702865745,0.6451701732955062,0.6361141926110233,0.12969157030094614,-0.01893525137379881,-0.013172326024307512,-0.019758489036461158,-0.014818853691803135,0.01402776045471553,23.290000915527344
2401,2021-07-20,0.637760720278519,0.635016472604579,0.6407793979540702,0.6311745572663654,0.09106248775012027,-0.006311733010542664,-0.004116397681995454,-0.0043907753414359485,-0.004939635344657911,-0.038629082550825866,23.13999938964844
2402,2021-07-21,0.6363886226126344,0.6427003556231771,0.6437980232874506,0.6361141926110233,0.060827111879265185,-0.0013720976658846418,0.0076838830185980145,0.003018625333380376,0.004939635344657911,-0.030235375870855084,23.420000076293945
2403,2021-07-22,0.639956107949237,0.6465422709613907,0.6476399909678351,0.6361141926110233,0.05087040963597812,0.0035674853366025605,0.003841915338213653,0.0038419676803844727,0.0,-0.009956702243287062,23.559999465942383
2404,2021-07-23,0.6407793979540702,0.6407793979540702,0.642425925621566,0.6358397626094122,0.04988721201646384,0.000823290004833277,-0.005762873007320479,-0.0052140653462691144,-0.0002744300016110923,-0.0009831976195142852,23.350000381469727
2405,2021-07-26,0.6407793979540702,0.6410538279556813,0.6435236456280103,0.639956107949237,0.03936959891666518,0.0,0.0002744300016110923,0.0010977200064443693,0.004116345339824745,-0.010517613099798657,23.36000061035156
2406,2021-07-27,0.6394072479460148,0.630076837259921,0.6396816779476259,0.6226674365851048,0.09888637457014059,-0.0013721500080554616,-0.010976990695760303,-0.0038419676803844727,-0.017288671364132147,0.05951677565347541,22.959999084472656
2407,2021-07-28,0.6284303095924253,0.6358397626094122,0.6361141926110233,0.6259604919200963,0.06897920638597367,-0.010976938353589483,0.005762925349491188,-0.0035674853366025605,0.003293055334991468,-0.029907168184166916,23.170000076293945
2408,2021-07-29,0.6487376586321087,0.6509330463028264,0.6561471116490957,0.6487376586321087,0.10211535377652656,0.020307349039683453,0.015093283693414228,0.02003291903807236,0.022777166712012464,0.033136147390552886,23.71999931335449
2409,2021-07-30,0.6495609486369419,0.6484632286304975,0.6514819063060487,0.6446213132922839,0.04956399337170144,0.0008232900048331659,-0.0024698176723289,-0.00466520534304693,-0.004116345339824856,-0.052551360404825116,23.6299991607666
2410,2021-08-02,0.6440724532890617,0.6457190332987283,0.6495609486369419,0.6440724532890617,0.05118863923881475,-0.005488495347880207,-0.0027441953317692835,-0.0019209576691068264,-0.0005488600032221846,0.0016246458671133057,23.530000686645508
2411,2021-08-03,0.6492865186353308,0.649835378638553,0.6509330463028264,0.6465422709613907,0.04230885733121893,0.0052140653462691144,0.004116345339824745,0.0013720976658845307,0.002469817672329011,-0.008879781907595814,23.68000030517578
2412,2021-08-04,0.6591657893246469,0.6459934633003394,0.6605378869905315,0.6437980232874506,0.08376066853161805,0.009879270689316044,-0.003841915338213653,0.009604840687705063,-0.0027442476739401034,0.04145181120039912,23.540000915527344
2413,2021-08-05,0.6462678409597796,0.6394072479460148,0.6468167009630018,0.637760720278519,0.05132191793026032,-0.01289794836486724,-0.006586215354324576,-0.013721186027529697,-0.006037303008931572,-0.03243875060135773,23.299999237060547
2414,2021-08-06,0.6221185765818826,0.6180022312420579,0.6226674365851048,0.6152579835681178,0.12744828323503732,-0.024149264377896995,-0.02140501670395689,-0.024149264377896995,-0.02250273671040126,0.076126365304777,22.520000457763672
2415,2021-08-09,0.606202002883635,0.5968715921975412,0.6081229605527418,0.5908342891886096,0.1589284250663721,-0.015916573698247616,-0.02113063904451673,-0.014544476032362974,-0.0244236943795082,0.03148014183133477,21.75
2416,2021-08-10,0.5927552468577164,0.5933041068609386,0.5971460221991524,0.591383096849661,0.061973878801917216,-0.013446756025918605,-0.0035674853366025605,-0.010976938353589483,0.0005488076610513648,-0.09695454626445488,21.6200008392334
2417,2021-08-11,0.5974204522007633,0.5993414098698702,0.5998902698730922,0.5935784845203789,0.05445717442046932,0.00466520534304693,0.006037303008931572,0.0027442476739398813,0.0021953876707179187,-0.007516704381447893,21.84000015258789
2418,2021-08-12,0.5935784845203789,0.5900109991837763,0.5935784845203789,0.5850713638391183,0.06362560803948471,-0.0038419676803844727,-0.00933041068609386,-0.006311785352713373,-0.008507120681260583,0.009168433619015384,21.5
2419,2021-08-13,0.5971460221991524,0.6029088952064726,0.606202002883635,0.5954994945316565,0.07186109081838106,0.0035675376787734914,0.012897896022696309,0.012623518363256148,0.010428130692538229,0.008235482778896352,21.96999931335449
2420,2021-08-16,0.603732185211306,0.6064764328852461,0.6078485305511309,0.6007135075357549,0.04825971526825009,0.006586163012153645,0.0035675376787734914,0.0016465276674958451,0.005214013004098406,-0.02360137555013097,22.100000381469727
2421,2021-08-17,0.6045554752161393,0.600987937537366,0.6078485305511309,0.5993414098698702,0.06293462573276554,0.000823290004833277,-0.005488495347880096,0.0,-0.0013720976658847528,0.014674910464515446,21.899999618530277
2422,2021-08-18,0.6004390775341437,0.5971460221991524,0.6004390775341437,0.5922063868544941,0.06881920068421146,-0.004116397681995565,-0.003841915338213653,-0.007409453016987144,-0.007135023015376052,0.005884574951445926,21.76000022888184
2423,2021-08-19,0.5946762045268232,0.5902854291853875,0.5952250645300454,0.5880900415146695,0.059368529836252515,-0.005762873007320479,-0.0068605930137648485,-0.005214013004098295,-0.004116345339824634,-0.009450670847958947,21.51000022888184
2424,2021-08-20,0.5886389015178917,0.5858946538439516,0.5911087191902207,0.5817783085041268,0.05762343424264562,-0.006037303008931572,-0.0043907753414359485,-0.004116345339824745,-0.006311733010542664,-0.0017450955936068949,21.350000381469727
2425,2021-08-23,0.5996158398714813,0.6004390775341437,0.6023600875454214,0.5960483021927078,0.06280455428255795,0.010976938353589594,0.014544423690192154,0.011251368355200686,0.01426999368858095,0.005181120039912328,21.8799991607666
2426,2021-08-24,0.6064764328852461,0.6059275728820238,0.6092206805591862,0.6031833252080838,0.06361491723535806,0.0068605930137648485,0.005488495347880096,0.0068605930137648485,0.007135023015376052,0.0008103629528001116,22.07999992370605
2427,2021-08-25,0.6059275728820238,0.606202002883635,0.6072996705479086,0.5993414098698702,0.0545904531119149,-0.0005488600032222957,0.00027443000161120334,-0.0019210100112776463,-0.003841915338213653,-0.009024464123443161,22.09000015258789
2428,2021-08-26,0.600987937537366,0.5996158398714813,0.6031833252080838,0.5957738721910968,0.05605794415836644,-0.0049396353446578,-0.006586163012153756,-0.004116345339824745,-0.0035675376787733803,0.0014674910464515453,21.850000381469727
2429,2021-08-27,0.5957738721910968,0.6127881658957887,0.613337025899011,0.5933041068609386,0.1362079717762771,-0.0052140653462692255,0.013172326024307401,0.010153700690927137,-0.0024697653301581912,0.08015002761791067,22.32999992370605
2430,2021-08-30,0.613337025899011,0.6108672082266821,0.6141602635616734,0.6078485305511309,0.0457865759136183,0.01756315370791417,-0.0019209576691066044,0.0008232376626624571,0.014544423690192265,-0.09042139586265881,22.26000022888184
2431,2021-08-31,0.6122393058925666,0.6075741005495198,0.6141602635616734,0.6051042828771906,0.06129394365946225,-0.0010977200064443693,-0.003293107677162288,0.0,-0.0027442476739402144,0.01550736774584395,22.13999938964844
2432,2021-09-01,0.6136114559006219,0.6138858859022331,0.6169045112356135,0.6122393058925666,0.06215526611193272,0.0013721500080553506,0.006311785352713373,0.0027442476739401034,0.007135023015375941,0.0008613224524704685,22.3700008392334
2433,2021-09-02,0.611141638228293,0.6075741005495198,0.611141638228293,0.6048299052177504,0.05929832688915418,-0.0024698176723289,-0.006311785352713373,-0.005762873007320479,-0.007409400674816213,-0.0028569392227785415,22.13999938964844
2434,2021-09-03,0.6201976189127758,0.6278814495892031,0.6322722772728098,0.6185510912452801,0.10012330060759403,0.009055980684482767,0.020307349039683342,0.02113063904451673,0.013721186027529697,0.04082497371843985,22.8799991607666
2435,2021-09-07,0.6221185765818826,0.6177278012404469,0.6243139642526006,0.6141602635616734,0.07989487375942127,0.0019209576691068264,-0.010153648348756206,-0.007958313020209218,-0.004390827683606657,-0.020228426848172762,22.51000022888184
2436,2021-09-08,0.6166300812340023,0.6083973905543529,0.6171789412372246,0.6075741005495198,0.08478235304598827,-0.005488495347880318,-0.00933041068609397,-0.007135023015375941,-0.006586163012153645,0.004887479286567006,22.170000076293945
2437,2021-09-09,0.61580684357134,0.611141638228293,0.6160812735729511,0.6083973905543529,0.06696434616823763,-0.0008232376626623461,0.0027442476739401034,-0.0010976676642735494,0.0008232900048331659,-0.017818006877750647,22.270000457763672
2438,2021-09-10,0.6122393058925666,0.6034577552096949,0.6141602635616734,0.6034577552096949,0.06389644174402652,-0.0035675376787733803,-0.0076838830185981255,-0.0019210100112776463,-0.004939635344658022,-0.003067904424211107,21.989999771118164
2439,2021-09-13,0.5982436898634258,0.6034577552096949,0.6064764328852461,0.5974204522007633,0.06421502770700069,-0.01399561602914079,0.0,-0.007683830676427306,-0.006037303008931572,0.00031858596297416886,21.989999771118164
2440,2021-09-14,0.6048299052177504,0.6064764328852461,0.6089462505575751,0.6001646998747034,0.06795823459187855,0.006586215354324576,0.0030186776755511957,0.002469817672329011,0.0027442476739401034,0.0037432068848778643,22.100000381469727
2441,2021-09-15,0.6053787128788017,0.6056531428804128,0.6078485305511309,0.6023600875454214,0.047924024018673274,0.0005488076610513648,-0.000823290004833277,-0.0010977200064442583,0.0021953876707179187,-0.02003421057320528,22.06999969482422
2442,2021-09-16,0.5856202238423405,0.5831504061700115,0.5858946538439516,0.5743688554871398,0.18855157422090765,-0.01975848903646127,-0.022502736710401372,-0.0219538767071793,-0.02799123205828158,0.14062755020223439,21.25
2443,2021-09-17,0.5760153831546355,0.5691547901408707,0.5765642431578578,0.5675082624733749,0.159342515546211,-0.009604840687704952,-0.01399561602914079,-0.009330410686093749,-0.0068605930137648485,-0.029209058674696642,20.739999771118164
2444,2021-09-20,0.5664105424669307,0.5650384448010459,0.5721734678164219,0.5631174871319391,0.08727936852983625,-0.009604840687704841,-0.004116345339824745,-0.0043907753414359485,-0.0043907753414358375,-0.07206314701637476,20.59000015258789
2445,2021-09-21,0.572722327819644,0.5718990378148108,0.5776619108221313,0.5686059301376484,0.082694795360191,0.006311785352713373,0.0068605930137648485,0.005488443005709387,0.005488443005709276,-0.004584573169645251,20.84000015258789
2446,2021-09-22,0.5787596308285756,0.5760153831546355,0.5883644715162806,0.5740944254855287,0.16723660531332965,0.006037303008931572,0.004116345339824745,0.010702560694149321,0.005488495347880318,0.08454180995313865,20.989999771118164
2447,2021-09-23,0.5746432854887509,0.5738199954839176,0.5776619108221313,0.5729967054790843,0.07947935783903212,-0.004116345339824745,-0.0021953876707179187,-0.010702560694149321,-0.0010977200064443693,-0.08775724747429753,20.90999984741211
2448,2021-09-24,0.5628430571303281,0.5683315001360374,0.5716246078131996,0.5620197671254947,0.0822963847264045,-0.01180022835842276,-0.005488495347880207,-0.006037303008931683,-0.010976938353589594,0.002817026887372384,20.709999084472656
2449,2021-09-27,0.5754665231514132,0.5746432854887509,0.5806805884976824,0.5729967054790843,0.06202626374213781,0.012623466021085106,0.006311785352713484,0.009055980684482878,0.010976938353589594,-0.0202701209842667,20.940000534057617
2450,2021-09-28,0.5716246078131996,0.570252510147315,0.5729967054790843,0.5650384448010459,0.10389608538388896,-0.003841915338213653,-0.0043907753414358375,-0.0076838830185981255,-0.007958260678038398,0.041869821641751154,20.780000686645508
2451,2021-09-29,0.5529637864410121,0.5474753434353026,0.5551591741117299,0.5441822357581403,0.20162749674821376,-0.018660821372187497,-0.022777166712012464,-0.017837531367354442,-0.020856209042905638,0.0977314113643248,19.950000762939453
2452,2021-09-30,0.5540615064474563,0.5631174871319391,0.5650384448010459,0.552689356439401,0.21895800295778914,0.0010977200064442583,0.015642143696636523,0.009879270689316044,0.008507120681260694,0.01733050620957538,20.520000457763672
2453,2021-10-01,0.5710757478099775,0.5716246078131996,0.5740944254855287,0.5675082624733749,0.10643051868218022,0.017014241362521165,0.008507120681260472,0.009055980684482767,0.014818906033973955,-0.11252748427560892,20.82999992370605
2454,2021-10-04,0.569703650144093,0.5757409531530244,0.5771131031610799,0.5680571224765971,0.08974538068171695,-0.0013720976658845307,0.004116345339824856,0.0030186776755511957,0.0005488600032221846,-0.01668513800046327,20.979999542236328
2455,2021-10-05,0.5718990378148108,0.5740944254855287,0.5757409531530244,0.5683315001360374,0.07679168968159222,0.0021953876707178077,-0.001646527667495734,-0.0013721500080554616,0.0002743776594402725,-0.012953691000124723,20.920000076293945
2456,2021-10-06,0.5694292201424818,0.5751920931498022,0.5765642431578578,0.5666849724685418,0.08037097090319477,-0.002469817672329011,0.0010976676642735494,0.000823290004833388,-0.001646527667495623,0.0035792812216025455,20.959999084472656
2457,2021-10-07,0.5705269401489261,0.5735455654823066,0.5790340608301867,0.570252510147315,0.06943427828163141,0.0010977200064443693,-0.001646527667495623,0.0024698176723289,0.0035675376787732693,-0.010936692621563354,20.899999618530277
2458,2021-10-08,0.5869923215082252,0.574917715490362,0.5883644715162806,0.5746432854887509,0.11866935124636958,0.01646538135929909,0.0013721500080553506,0.00933041068609386,0.0043907753414358375,0.04923507296473817,20.950000762939453
2459,2021-10-11,0.5754665231514132,0.5729967054790843,0.5798572984928492,0.5729967054790843,0.053995688042335586,-0.011525798356812,-0.0019210100112776463,-0.008507173023431402,-0.001646580009666554,-0.064673663204034,20.8799991607666
2460,2021-10-12,0.5721734678164219,0.5743688554871398,0.5787596308285756,0.5708013178083664,0.08214849526931918,-0.003293055334991357,0.0013721500080554616,-0.0010976676642735494,-0.0021953876707179187,0.028152807226983594,20.93000030517578
2461,2021-10-13,0.5787596308285756,0.5853457938407293,0.5908342891886096,0.5784852008269644,0.13536232916985905,0.006586163012153756,0.010976938353589483,0.012074658360033963,0.0076838830185980145,0.05321383390053987,21.32999992370605
2462,2021-10-14,0.5933041068609386,0.5982436898634258,0.5993414098698702,0.5897365691821652,0.1033223455624254,0.014544476032362974,0.012897896022696531,0.008507120681260583,0.011251368355200797,-0.03203998360743365,21.799999237060547
2463,2021-10-15,0.5924808168561053,0.5922063868544941,0.5954994945316565,0.5891877091789429,0.08518432728115033,-0.000823290004833277,-0.006037303008931683,-0.003841915338213653,-0.0005488600032222957,-0.018138018281275065,21.57999992370605
2464,2021-10-18,0.5919319568528831,0.5897365691821652,0.5922063868544941,0.5845225038358961,0.0573415533738396,-0.0005488600032221846,-0.0024698176723289,-0.003293107677162399,-0.004665205343046819,-0.027842773907310728,21.489999771118164
2465,2021-10-19,0.6100439182218487,0.6007135075357549,0.6122393058925666,0.5996158398714813,0.14081570835486343,0.018111961368965535,0.010976938353589705,0.020032919038072472,0.015093336035585159,0.08347415498102383,21.88999938964844
2466,2021-10-20,0.6092206805591862,0.618276661243669,0.6204720489143868,0.6070252928884683,0.11248115745772679,-0.0008232376626624571,0.01756315370791406,0.008232743021820199,0.007409453016987033,-0.028334550897136643,22.530000686645508
2467,2021-10-21,0.6138858859022331,0.613337025899011,0.61580684357134,0.6097694882202375,0.054070167311084584,0.00466520534304693,-0.004939635344658022,-0.004665205343046819,0.0027441953317691725,-0.0584109901466422,22.350000381469727
2468,2021-10-22,0.6199231889111647,0.6185510912452801,0.6306256972631432,0.6144346935632846,0.13908736168772162,0.006037303008931572,0.0052140653462691144,0.014818853691803247,0.004665205343047152,0.08501719437663705,22.540000915527344
2469,2021-10-25,0.6215697165786606,0.6240395342509895,0.6254116842590449,0.6188254689047203,0.053305418455891526,0.0016465276674958451,0.005488443005709387,-0.005214013004098295,0.0043907753414357265,-0.0857819432318301,22.739999771118164
2470,2021-10-26,0.6141602635616734,0.6138858859022331,0.6147091235648957,0.6064764328852461,0.07637332288010264,-0.007409453016987144,-0.010153648348756317,-0.01070256069414921,-0.012349036019474235,0.02306790442421111,22.3700008392334
2471,2021-10-27,0.613337025899011,0.6116904982315152,0.6163556512323913,0.6083973905543529,0.06805658998984374,-0.0008232376626624571,-0.0021953876707179187,0.001646527667495623,0.0019209576691068264,-0.008316732890258902,22.290000915527344
2472,2021-10-28,0.6138858859022331,0.611141638228293,0.6160812735729511,0.6083973905543529,0.04565864262423605,0.0005488600032221846,-0.0005488600032221846,-0.0002743776594402725,0.0,-0.022397947365607684,22.270000457763672
2473,2021-10-29,0.6056531428804128,0.606202002883635,0.6078485305511309,0.6007135075357549,0.06828002779609073,-0.00823274302182031,-0.004939635344658022,-0.008232743021820199,-0.0076838830185980145,0.022621385171854677,22.09000015258789
2474,2021-11-01,0.6103183482234598,0.6100439182218487,0.6122393058925666,0.6075741005495198,0.061689859772285874,0.00466520534304693,0.003841915338213653,0.0043907753414357265,0.0068605930137648485,-0.006590168023804854,22.229999542236328
2475,2021-11-02,0.6018112275421992,0.5982436898634258,0.6023600875454214,0.5938529145219901,0.08878712827183151,-0.008507120681260583,-0.01180022835842287,-0.009879218347145224,-0.013721186027529697,0.027097268499545635,21.799999237060547
2476,2021-11-03,0.5875411815114473,0.5985181198650369,0.5993414098698702,0.5847969338375072,0.1324269907168184,-0.014270046030751882,0.0002744300016110923,-0.0030186776755511957,-0.009055980684482878,0.043639862444986896,21.809999465942383
2477,2021-11-04,0.6064764328852461,0.603732185211306,0.6108672082266821,0.6031833252080838,0.09913297578532865,0.01893525137379881,0.0052140653462691144,0.01152579835681189,0.018386391370576627,-0.03329401493148976,22.0
2478,2021-11-05,0.6105927782250709,0.613337025899011,0.6136114559006219,0.6045554752161393,0.07950751028989897,0.004116345339824745,0.009604840687704952,0.0027442476739398813,0.0013721500080554616,-0.019625465495429678,22.350000381469727
2479,2021-11-08,0.6185510912452801,0.6215697165786606,0.6226674365851048,0.6163556512323913,0.0586526023199045,0.007958313020209218,0.008232690679649601,0.009055980684482878,0.01180017601625205,-0.020854907969994473,22.649999618530277
2480,2021-11-09,0.6180022312420579,0.618276661243669,0.6210208565754383,0.6100439182218487,0.06761470341927552,-0.0005488600032221846,-0.003293055334991579,-0.001646580009666554,-0.006311733010542664,0.008962101099371018,22.530000686645508
2481,2021-11-10,0.6352909026061901,0.6276070719297628,0.6383095802817413,0.6226674365851048,0.1645792277675819,0.017288671364132258,0.00933041068609386,0.017288723706303077,0.012623518363256148,0.0969645243483064,22.8700008392334
2482,2021-11-11,0.6372118602752969,0.6407793979540702,0.6416026356167327,0.6358397626094122,0.08281773960764749,0.0019209576691067154,0.013172326024307401,0.003293055334991357,0.013172326024307401,-0.08176148815993442,23.350000381469727
2483,2021-11-12,0.6361141926110233,0.6427003556231771,0.644895743293895,0.6347420426029678,0.08665181832760187,-0.0010976676642735494,0.0019209576691068264,0.003293107677162288,-0.0010977200064443693,0.0038340787199543785,23.420000076293945
2484,2021-11-15,0.6363886226126344,0.637760720278519,0.6396816779476259,0.63254665493225,0.07152931953031734,0.0002744300016110923,-0.004939635344658022,-0.0052140653462691144,-0.0021953876707178077,-0.015122498797284528,23.239999771118164
2485,2021-11-16,0.6352909026061901,0.630076837259921,0.6391328702865745,0.6287047395940364,0.07728489211196836,-0.0010977200064442583,-0.0076838830185980145,-0.0005488076610513648,-0.003841915338213653,0.0057555725816510195,22.959999084472656
2486,2021-11-17,0.6372118602752969,0.6358397626094122,0.640230537950848,0.6336443749386944,0.055578639773354956,0.0019209576691067154,0.005762925349491188,0.0010976676642735494,0.004939635344658022,-0.021706252338613403,23.170000076293945
2487,2021-11-18,0.6317234172695876,0.630076837259921,0.6341932349419165,0.6289791695956475,0.045901323877911016,-0.005488443005709276,-0.005762925349491188,-0.006037303008931572,-0.00466520534304693,-0.00967731589544394,22.959999084472656
2488,2021-11-19,0.6311745572663654,0.6243139642526006,0.6344676649435277,0.6234906742477672,0.08465085615523048,-0.0005488600032221846,-0.005762873007320479,0.00027443000161120334,-0.005488495347880318,0.03874953227731946,22.75
2489,2021-11-22,0.6221185765818826,0.6130625958973999,0.6248628242558227,0.6119648758909555,0.09522584323717549,-0.009055980684482767,-0.011251368355200686,-0.009604840687704952,-0.011525798356811667,0.010574987081945014,22.34000015258789
2490,2021-11-23,0.5957738721910968,0.6015367975405881,0.6018112275421992,0.5908342891886096,0.11605224239616556,-0.026344704390785845,-0.011525798356811778,-0.023051596713623557,-0.02113058670234591,0.020826399158990067,21.920000076293945
2491,2021-11-24,0.596322732194319,0.5979693122039855,0.599066979868259,0.5946762045268232,0.07207526326105163,0.0005488600032221846,-0.0035674853366025605,-0.0027442476739402144,0.003841915338213653,-0.04397697913511393,21.790000915527344
2492,2021-11-26,0.5979693122039855,0.5864435138471737,0.5979693122039855,0.5817783085041268,0.08245140138624094,0.001646580009666554,-0.011525798356811778,-0.0010976676642734384,-0.01289789602269642,0.01037613812518931,21.3700008392334
2493,2021-11-29,0.5847969338375072,0.5806805884976824,0.5864435138471737,0.5776619108221313,0.07881153894125403,-0.013172378366478332,-0.005762925349491299,-0.011525798356811778,-0.004116397681995565,-0.003639862444986902,21.15999984741211
2494,2021-11-30,0.5817783085041268,0.5779363408237423,0.5919319568528831,0.5760153831546355,0.10554033105856779,-0.003018625333380376,-0.0027442476739401034,0.005488443005709387,-0.001646527667495734,0.026728792117313757,21.059999465942383
2495,2021-12-01,0.5757409531530244,0.5644895847978237,0.5784852008269644,0.5631174871319391,0.14906366373857421,-0.006037355351102391,-0.013446756025918605,-0.013446756025918716,-0.01289789602269642,0.043523332680006424,20.56999969482422
2496,2021-12-02,0.5691547901408707,0.567782692474986,0.569703650144093,0.5639407247946016,0.09188104698608414,-0.006586163012153756,0.003293107677162288,-0.008781550682871453,0.0008232376626624571,-0.057182616752490076,20.690000534057617
2497,2021-12-03,0.5683315001360374,0.5721734678164219,0.572722327819644,0.5592755194515546,0.08137519377082479,-0.000823290004833277,0.0043907753414358375,0.0030186776755510847,-0.00466520534304693,-0.010505853215259348,20.850000381469727
2498,2021-12-06,0.5636663471351613,0.5683315001360374,0.569703650144093,0.5617453371238835,0.06483331254565865,-0.00466515300087611,-0.0038419676803844727,-0.0030186776755510847,0.0024698176723289,-0.016541881225166144,20.709999084472656
2499,2021-12-07,0.5675082624733749,0.5710757478099775,0.5738199954839176,0.5672338324717638,0.06686492168985977,0.003841915338213653,0.0027442476739401034,0.004116345339824634,0.005488495347880318,0.002031609144201127,20.809999465942383
2500,2021-12-08,0.5680571224765971,0.569703650144093,0.5708013178083664,0.5661361124653195,0.05015911480141831,0.0005488600032221846,-0.0013720976658845307,-0.0030186776755511957,-0.0010977200064443693,-0.016705806888441463,20.76000022888184
2501,2021-12-09,0.5614709071222725,0.5570801317808367,0.5622941971271058,0.5562568941181742,0.08469789569338773,-0.006586215354324576,-0.012623518363256259,-0.008507120681260583,-0.009879218347145224,0.03453878089196942,20.299999237060547
2502,2021-12-10,0.5631174871319391,0.5625686271287169,0.5636663471351613,0.5598243794547769,0.06329241131087077,0.001646580009666554,0.005488495347880207,0.0013721500080554616,0.0035674853366026715,-0.021405484382516965,20.5
2503,2021-12-13,0.5666849724685418,0.565587304804268,0.5691547901408707,0.5650384448010459,0.058522530869696915,0.0035674853366026715,0.0030186776755510847,0.005488443005709387,0.005214065346269003,-0.004769880441173852,20.61000061035156
2504,2021-12-14,0.5524149264377898,0.5573545617824478,0.5584522817888922,0.5513172587735162,0.07095985603050443,-0.014270046030751993,-0.008232743021820199,-0.010702508351978501,-0.013721186027529697,0.01243732516080752,20.309999465942383
2505,2021-12-15,0.5535126464442341,0.5600988094563879,0.5617453371238835,0.543358945753307,0.1590567147158919,0.0010977200064443693,0.0027442476739401034,0.003293055334991357,-0.007958313020209218,0.08809685868538746,20.40999984741211
2506,2021-12-16,0.565587304804268,0.5705269401489261,0.5718990378148108,0.565312874802657,0.09396575379078097,0.012074658360033852,0.010428130692538229,0.010153700690927248,0.021953929049350007,-0.06509096092511092,20.790000915527344
2507,2021-12-17,0.5721734678164219,0.5675082624733749,0.5738199954839176,0.5675082624733749,0.07082158829713309,0.006586163012153867,-0.0030186776755511957,0.0019209576691068264,0.0021953876707179187,-0.02314416549364788,20.68000030517578
2508,2021-12-20,0.565312874802657,0.5644895847978237,0.5669594024701528,0.5631174871319391,0.044520784705022895,-0.0068605930137648485,-0.0030186776755511957,-0.0068605930137648485,-0.0043907753414358375,-0.026300803592110192,20.56999969482422
2509,2021-12-21,0.5729967054790843,0.569978080145704,0.5743688554871398,0.5691547901408707,0.0400245888494913,0.007683830676427306,0.005488495347880207,0.007409453016987033,0.006037303008931572,-0.004496195855531598,20.770000457763672
2510,2021-12-22,0.5757409531530244,0.5790340608301867,0.5795829208334089,0.5724478978180328,0.06026014290041516,0.0027442476739401034,0.009055980684482767,0.0052140653462691144,0.003293107677162177,0.020235554050923865,21.100000381469727
2511,2021-12-23,0.5790340608301867,0.5806805884976824,0.5820526861635671,0.574917715490362,0.04570140584074266,0.003293107677162288,0.001646527667495734,0.0024697653301581912,0.002469817672329122,-0.014558737059672505,21.15999984741211
2512,2021-12-27,0.5815038785025157,0.5853457938407293,0.586717891506614,0.5806805884976824,0.05404379666090551,0.002469817672329011,0.004665205343046819,0.00466520534304693,0.005762873007320479,0.008342390820162852,21.32999992370605
2513,2021-12-28,0.5875411815114473,0.5836992661732336,0.5902854291853875,0.5831504061700115,0.05290344422072947,0.006037303008931572,-0.001646527667495623,0.0035675376787734914,0.002469817672329011,-0.0011403524401760387,21.270000457763672
2514,2021-12-29,0.5735455654823066,0.5793084908317977,0.5804061584960715,0.5732711354806955,0.04189262869055468,-0.013995616029140678,-0.0043907753414359485,-0.009879270689316044,-0.009879270689315933,-0.011010815530174793,21.11000061035156
2515,2021-12-30,0.5820526861635671,0.5856202238423405,0.5864435138471737,0.5817783085041268,0.04150383978048215,0.008507120681260472,0.006311733010542775,0.00603735535110228,0.008507173023431291,-0.0003887889100725253,21.34000015258789
2516,2021-12-31,0.5900109991837763,0.5902854291853875,0.5924808168561053,0.5864435138471737,0.05565810808402972,0.007958313020209218,0.004665205343047041,0.006037303008931572,0.00466520534304693,0.014154268303547567,21.51000022888184
2517,2022-01-03,0.577387533162691,0.5812294485009046,0.5831504061700115,0.5754665231514132,0.06430019777987635,-0.012623466021085328,-0.009055980684482878,-0.00933041068609386,-0.010976990695760525,0.008642089695846629,21.18000030517578
2518,2022-01-04,0.5826015461667893,0.5850713638391183,0.5864435138471737,0.5815038785025157,0.04613759064910999,0.005214013004098295,0.003841915338213653,0.003293107677162288,0.006037355351102502,-0.01816260713076636,21.31999969482422
2519,2022-01-05,0.5869923215082252,0.5762898131562466,0.5902854291853875,0.5762898131562466,0.08043547208809222,0.0043907753414359485,-0.008781550682871675,0.003841915338213764,-0.0052140653462691144,0.034297881438982235,21.0
2520,2022-01-06,0.5592755194515546,0.5628430571303281,0.5661361124653195,0.5584522817888922,0.09679133332145466,-0.027716802056670597,-0.013446756025918494,-0.024149316720068037,-0.017837531367354442,0.01635586123336244,20.51000022888184
2521,2022-01-07,0.5631174871319391,0.5658617348058792,0.5694292201424818,0.5590011417921144,0.08382374427596528,0.0038419676803844727,0.0030186776755510847,0.003293107677162288,0.0005488600032221846,-0.012967589045489378,20.6200008392334
2522,2022-01-10,0.565312874802657,0.569703650144093,0.5716246078131996,0.5644895847978237,0.06063503376512303,0.0021953876707179187,0.003841915338213764,0.0021953876707178077,0.005488443005709387,-0.02318871051084225,20.76000022888184
2523,2022-01-11,0.5718990378148108,0.5776619108221313,0.5787596308285756,0.569978080145704,0.08439142597509043,0.006586163012153756,0.007958260678038287,0.007135023015376052,0.005488495347880207,0.0237563922099674,21.049999237060547
2524,2022-01-12,0.5812294485009046,0.5886389015178917,0.5894621391805541,0.5809550184992935,0.08336974146072021,0.00933041068609386,0.010976990695760414,0.010702508351978501,0.010976938353589594,-0.001021684514370222,21.450000762939453
2525,2022-01-13,0.5886389015178917,0.5853457938407293,0.5894621391805541,0.5834248361716227,0.09049801329223313,0.007409453016987033,-0.003293107677162399,0.0,0.002469817672329122,0.0071282718315129195,21.32999992370605
2526,2022-01-14,0.5828759761684004,0.5817783085041268,0.5853457938407293,0.5790340608301867,0.07999857455944978,-0.005762925349491299,-0.0035674853366024495,-0.004116345339824856,-0.0043907753414359485,-0.010499438732783348,21.200000762939453
2527,2022-01-18,0.5935784845203789,0.5952250645300454,0.5996158398714813,0.5908342891886096,0.11833401635693032,0.010702508351978501,0.013446756025918605,0.014270046030751993,0.01180022835842287,0.03833544179748054,21.690000534057617
2528,2022-01-19,0.6040066152129172,0.6138858859022331,0.6144346935632846,0.6023600875454214,0.1558063539012526,0.01042813069253834,0.01866082137218772,0.014818853691803358,0.011525798356811778,0.03747233754432229,22.3700008392334
2529,2022-01-20,0.6218441465802715,0.620746478915998,0.6267837819249296,0.6190998989063314,0.16031537872173618,0.01783753136735433,0.0068605930137648485,0.012349088361644944,0.016739811360910073,0.00450902482048357,22.6200008392334
2530,2022-01-21,0.6226674365851048,0.6141602635616734,0.6232162442461562,0.6130625958973999,0.14508775368387292,0.000823290004833277,-0.006586215354324576,-0.0035675376787733803,-0.006037303008931572,-0.015227625037863263,22.3799991607666
2531,2022-01-24,0.6042810452145282,0.6067508628868571,0.6078485305511309,0.5976948822023744,0.13478395666660728,-0.018386391370576627,-0.007409400674816324,-0.01536771369502532,-0.015367713695025431,-0.010303797017265637,22.11000061035156
2532,2022-01-25,0.599066979868259,0.6042810452145282,0.6083973905543529,0.5985181198650369,0.10899916255367674,-0.0052140653462692255,-0.0024698176723289,0.0005488600032220736,0.0008232376626624571,-0.02578479411293054,22.020000457763672
2533,2022-01-26,0.6004390775341437,0.5960483021927078,0.6070252928884683,0.5944017745252121,0.14994102239723464,0.0013720976658847528,-0.008232743021820421,-0.0013720976658846418,-0.004116345339824745,0.0409418598435579,21.71999931335449
2534,2022-01-27,0.5782107708253534,0.5768386731594688,0.5845225038358961,0.572722327819644,0.16235696594978885,-0.02222830670879028,-0.019209629033238973,-0.022502789052572192,-0.021679446705568095,0.01241594355255421,21.020000457763672
2535,2022-01-28,0.570252510147315,0.5683315001360374,0.5735455654823066,0.5620197671254947,0.10494592234912603,-0.007958260678038398,-0.008507173023431402,-0.010976938353589483,-0.010702560694149321,-0.05741104360066282,20.709999084472656
2536,2022-01-31,0.5694292201424818,0.5708013178083664,0.5721734678164219,0.5669594024701528,0.07026816100351015,-0.000823290004833277,0.002469817672329011,-0.0013720976658847528,0.004939635344658022,-0.034677761345615885,20.799999237060547
2537,2022-02-01,0.5809550184992935,0.5746432854887509,0.5831504061700115,0.5713501778115886,0.1230885733121893,0.011525798356811778,0.0038419676803844727,0.010976938353589594,0.0043907753414358375,0.05282041230867915,20.940000534057617
2538,2022-02-02,0.5751920931498022,0.5743688554871398,0.5790340608301867,0.569978080145704,0.07061810665858917,-0.005762925349491299,-0.0002744300016110923,-0.004116345339824745,-0.0013720976658846418,-0.052470466653600126,20.93000030517578
2539,2022-02-03,0.5680571224765971,0.5683315001360374,0.5713501778115886,0.5581778517872811,0.1026338577766691,-0.007134970673205121,-0.006037355351102391,-0.0076838830185981255,-0.01180022835842287,0.03201575111807993,20.709999084472656
2540,2022-02-04,0.5669594024701528,0.5705269401489261,0.5751920931498022,0.5669594024701528,0.08756552572029293,-0.0010977200064443693,0.0021954400128887386,0.003841915338213653,0.008781550682871675,-0.015068332056376171,20.790000915527344
2541,2022-02-07,0.5801317284944604,0.5836992661732336,0.5861690838455625,0.5787596308285756,0.0815637082835914,0.013172326024307623,0.013172326024307512,0.010976990695760303,0.01180022835842287,-0.006001817436701529,21.270000457763672
2542,2022-02-08,0.5836992661732336,0.5886389015178917,0.5900109991837763,0.5826015461667893,0.05703829089678029,0.0035675376787732693,0.004939635344658022,0.003841915338213764,0.003841915338213653,-0.02452541738681111,21.450000762939453
2543,2022-02-09,0.5883644715162806,0.5908342891886096,0.5924808168561053,0.5861690838455625,0.06381804251376441,0.00466520534304693,0.0021953876707179187,0.002469817672329011,0.0035675376787732693,0.006779751616984124,21.530000686645508
2544,2022-02-10,0.5908342891886096,0.5878156115130584,0.6015367975405881,0.5875411815114473,0.12995741496356217,0.002469817672329011,-0.0030186776755511957,0.009055980684482767,0.0013720976658847528,0.06613937244979776,21.420000076293945
2545,2022-02-11,0.5845225038358961,0.599066979868259,0.600987937537366,0.5839736961748447,0.16837588867309303,-0.006311785352713484,0.011251368355200575,-0.0005488600032220736,-0.0035674853366025605,0.03841847370953086,21.82999992370605
2546,2022-02-14,0.6051042828771906,0.6051042828771906,0.6072996705479086,0.6015367975405881,0.09977834399444079,0.020581779041294546,0.006037303008931683,0.006311733010542553,0.01756310136574335,-0.06859754467865224,22.049999237060547
2547,2022-02-15,0.5875411815114473,0.5930296768593274,0.5941273445236012,0.5850713638391183,0.09619300465049979,-0.01756310136574335,-0.012074606017863254,-0.013172326024307401,-0.0164654337014698,-0.0035853393439409936,21.61000061035156
2548,2022-02-16,0.5930296768593274,0.6001646998747034,0.6004390775341437,0.5930296768593274,0.08839477576038345,0.005488495347880096,0.007135023015376052,0.006311733010542553,0.007958313020209107,-0.007798228890116346,21.8700008392334
2549,2022-02-17,0.6007135075357549,0.6048299052177504,0.6067508628868571,0.5993414098698702,0.120952194287547,0.007683830676427528,0.00466520534304693,0.006311785352713373,0.006311733010542775,0.032557418527163554,22.040000915527344
2550,2022-02-18,0.6078485305511309,0.6070252928884683,0.6103183482234598,0.6053787128788017,0.0820230565008998,0.007135023015375941,0.0021953876707179187,0.0035674853366026715,0.006037303008931572,-0.038929137786647194,22.1200008392334
2551,2022-02-22,0.6144346935632846,0.6122393058925666,0.6180022312420579,0.6116904982315152,0.13661529141350248,0.006586163012153756,0.005214013004098295,0.0076838830185981255,0.006311785352713484,0.05459223491260268,22.309999465942383
2552,2022-02-23,0.6147091235648957,0.6237651042493784,0.6237651042493784,0.6144346935632846,0.1262484186518896,0.0002744300016110923,0.011525798356811778,0.005762873007320479,0.0027441953317693946,-0.010366872761612883,22.729999542236328
2553,2022-02-24,0.6418770656183439,0.6122393058925666,0.642151495619955,0.6045554752161393,0.30637457014058406,0.02716794205344819,-0.011525798356811778,0.018386391370576627,-0.009879218347145335,0.18012615148869446,22.309999465942383
2554,2022-02-25,0.608671820555964,0.6147091235648957,0.6152579835681178,0.6053787128788017,0.13196835521978512,-0.03320524506237987,0.002469817672329122,-0.02689351205183721,0.0008232376626624571,-0.17440621492079894,22.399999618530277
2555,2022-02-28,0.6232162442461562,0.620746478915998,0.6234906742477672,0.6136114559006219,0.15246405217112413,0.014544423690192154,0.00603735535110228,0.00823269067964938,0.008232743021820199,0.020495696951339015,22.6200008392334
2556,2022-03-01,0.6267837819249296,0.6459934633003394,0.6479144209694461,0.6267837819249296,0.2157318746325036,0.0035675376787733803,0.025246984384341364,0.024423746721678907,0.013172326024307623,0.06326782246137946,23.540000915527344
2557,2022-03-02,0.6369374302736858,0.6413282579572924,0.6437980232874506,0.6322722772728098,0.20142615327049515,0.010153648348756206,-0.00466520534304693,-0.004116397681995454,0.005488495347880207,-0.014305721362008444,23.3700008392334
2558,2022-03-03,0.6394072479460148,0.6391328702865745,0.6405049679524591,0.6330955149354722,0.15776918553890562,0.002469817672329011,-0.0021953876707179187,-0.003293055334991468,0.0008232376626624571,-0.04365696773158953,23.290000915527344
2559,2022-03-04,0.6418770656183439,0.6487376586321087,0.6528540563141042,0.6407793979540702,0.21939703864725693,0.002469817672329122,0.009604788345534243,0.012349088361645055,0.0076838830185980145,0.06162785310835131,23.63999938964844
2560,2022-03-07,0.6459934633003394,0.6503842386417752,0.652305196310882,0.6429747856247882,0.18364770236801312,0.004116397681995454,0.001646580009666443,-0.0005488600032221846,0.0021953876707179187,-0.035749336279243815,23.700000762939453
2561,2022-03-08,0.6660263823384117,0.6709660176830697,0.6833150537025441,0.6586169293214247,0.40779038896709013,0.02003291903807236,0.020581779041294546,0.031009857391662066,0.015642143696636523,0.22414268659907702,24.450000762939453
2562,2022-03-09,0.65724483165554,0.6531284339735445,0.6632821346644716,0.6443468832906728,0.20673485023965218,-0.008781550682871675,-0.017837583709525262,-0.020032919038072472,-0.014270046030751882,-0.20105553872743795,23.799999237060547
2563,2022-03-10,0.6586169293214247,0.6588913593230359,0.6610867469937537,0.6509330463028264,0.13458867131122712,0.0013720976658846418,0.00576292534949141,-0.0021953876707179187,0.006586163012153645,-0.07214617892842506,24.01000022888184
2564,2022-03-11,0.6517563363076598,0.6550494439848221,0.659440219326258,0.649835378638553,0.11433137929191241,-0.0068605930137648485,-0.003841915338213764,-0.001646527667495734,-0.0010976676642734384,-0.020257292019314713,23.8700008392334
2565,2022-03-14,0.6413282579572924,0.6355653326078011,0.6413282579572924,0.6319978472711987,0.11154464301623221,-0.010428078350367409,-0.019484111377020996,-0.018111961368965535,-0.01783753136735433,-0.002786736275680199,23.15999984741211
2566,2022-03-15,0.6276070719297628,0.6311745572663654,0.6352909026061901,0.6243139642526006,0.0896245745950858,-0.013721186027529586,-0.0043907753414357265,-0.00603735535110228,-0.0076838830185981255,-0.02192006842114641,23.0
2567,2022-03-16,0.630351267261532,0.6341932349419165,0.6352909026061901,0.6201976189127758,0.11722573632913422,0.0027441953317691725,0.0030186776755510847,0.0,-0.004116345339824745,0.02760116173404842,23.11000061035156
2568,2022-03-17,0.6405049679524591,0.640230537950848,0.6476399909678351,0.640230537950848,0.08673663204033996,0.010153700690927137,0.006037303008931572,0.012349088361644944,0.02003291903807225,-0.030489104288794255,23.32999992370605
2569,2022-03-18,0.6347420426029678,0.6317234172695876,0.6383095802817413,0.6295280295988697,0.08489175560821767,-0.005762925349491299,-0.008507120681260472,-0.009330410686093749,-0.01070250835197839,-0.0018448764321222916,23.020000457763672
2570,2022-03-21,0.6328210849338611,0.6388584402849634,0.6416026356167327,0.63254665493225,0.09477647310371862,-0.0019209576691067154,0.00713502301537583,0.003293055334991357,0.003018625333380376,0.009884717495500947,23.280000686645508
2571,2022-03-22,0.6298024596004808,0.6278814495892031,0.6306256972631432,0.6229418665867159,0.06702065106997131,-0.003018625333380376,-0.010976990695760303,-0.010976938353589483,-0.009604788345534132,-0.02775582203374731,22.8799991607666
2572,2022-03-23,0.6344676649435277,0.637760720278519,0.6391328702865745,0.630076837259921,0.07421805676816991,0.00466520534304693,0.009879270689315933,0.008507173023431291,0.007134970673205121,0.0071974056981986,23.239999771118164
2573,2022-03-24,0.6470911309646128,0.6479144209694461,0.6555982516458736,0.6462678409597796,0.11735153145769114,0.012623466021085106,0.010153700690927026,0.01646538135929909,0.016191003699858597,0.04313347468952124,23.61000061035156
2574,2022-03-25,0.6443468832906728,0.6443468832906728,0.6468167009630018,0.639956107949237,0.06378632646152202,-0.0027442476739399924,-0.0035675376787732693,-0.008781550682871786,-0.006311733010542664,-0.053565204996169125,23.479999542236328
2575,2022-03-28,0.6347420426029678,0.6292535995972586,0.637486290276908,0.6284303095924253,0.07627960016392567,-0.009604840687704952,-0.015093283693414228,-0.00933041068609386,-0.011525798356811667,0.012493273702403648,22.93000030517578
2576,2022-03-29,0.613337025899011,0.6287047395940364,0.6295280295988697,0.6094950582186265,0.10981273274771484,-0.02140501670395689,-0.0005488600032221846,-0.007958260678038287,-0.01893525137379881,0.03353313258378918,22.90999984741211
2577,2022-03-30,0.6306256972631432,0.6295280295988697,0.6355653326078011,0.6287047395940364,0.09128735099691748,0.017288671364132258,0.000823290004833277,0.0060373030089314605,0.019209681375409904,-0.018525381750797362,22.940000534057617
2578,2022-03-31,0.6341932349419165,0.6278814495892031,0.6363886226126344,0.6273326419281516,0.09673502841972097,0.0035675376787732693,-0.001646580009666554,0.000823290004833277,-0.0013720976658847528,0.005447677422803485,22.8799991607666
2579,2022-04-01,0.6199231889111647,0.6240395342509895,0.6289791695956475,0.6193743289079425,0.16860039555975267,-0.01427004603075177,-0.003841915338213653,-0.007409453016986922,-0.007958313020209107,0.07186536714003171,22.739999771118164
2580,2022-04-04,0.6221185765818826,0.6210208565754383,0.6262349219217074,0.6155324135697289,0.12386044937013346,0.0021953876707179187,-0.0030186776755511957,-0.0027442476739401034,-0.003841915338213653,-0.04473994618961921,22.6299991607666
2581,2022-04-05,0.6284303095924253,0.6136114559006219,0.6322722772728098,0.6136114559006219,0.15075209807030984,0.006311733010542664,-0.007409400674816324,0.006037355351102391,-0.0019209576691069374,0.02689164870017638,22.36000061035156
2582,2022-04-06,0.618276661243669,0.6193743289079425,0.6229418665867159,0.6141602635616734,0.11628458920585143,-0.010153648348756317,0.00576287300732059,-0.00933041068609386,0.0005488076610514758,-0.034467508864458415,22.56999969482422
2583,2022-04-07,0.61580684357134,0.6229418665867159,0.6254116842590449,0.6144346935632846,0.11990663364396059,-0.002469817672329011,0.0035675376787733803,0.002469817672329011,0.00027443000161120334,0.003622044438109165,22.700000762939453
2584,2022-04-08,0.6193743289079425,0.6262349219217074,0.6289791695956475,0.6190998989063314,0.10777292732034995,0.0035674853366025605,0.003293055334991468,0.0035674853366025605,0.004665205343046819,-0.012133706323610646,22.81999969482422
2585,2022-04-11,0.642151495619955,0.6352909026061901,0.642425925621566,0.6287047395940364,0.14516615291413504,0.022777166712012464,0.009055980684482767,0.013446756025918494,0.009604840687704952,0.03739322559378509,23.149999618530277
2586,2022-04-12,0.642151495619955,0.6440724532890617,0.6492865186353308,0.637486290276908,0.14484827967143596,0.0,0.008781550682871564,0.0068605930137648485,0.008781550682871564,-0.00031787324269907935,23.46999931335449
2587,2022-04-13,0.6495609486369419,0.6517563363076598,0.6547750139832109,0.647365560966224,0.11643176594266165,0.007409453016986922,0.0076838830185981255,0.005488495347880096,0.009879270689316044,-0.02841651372877431,23.75
2588,2022-04-14,0.6476399909678351,0.6487376586321087,0.649835378638553,0.6413282579572924,0.1126354613972881,-0.0019209576691068264,-0.0030186776755510847,-0.004939635344657911,-0.006037303008931572,-0.0037963045453735522,23.63999938964844
2589,2022-04-18,0.659714649327869,0.6550494439848221,0.6630077046628605,0.6536772939767667,0.1617529355166331,0.012074658360033963,0.006311785352713373,0.013172326024307512,0.012349036019474235,0.049117474119345014,23.8700008392334
2590,2022-04-19,0.6470911309646128,0.637760720278519,0.6484632286304975,0.635016472604579,0.1278167596172692,-0.012623518363256259,-0.017288723706303077,-0.014544476032362974,-0.018660821372187608,-0.0339361758993639,23.239999771118164
2591,2022-04-20,0.6339188049403055,0.6388584402849634,0.6394072479460148,0.6333699449370832,0.08344350800919409,-0.01317232602430729,0.0010977200064443693,-0.009055980684482767,-0.0016465276674958451,-0.04437325160807512,23.280000686645508
2592,2022-04-21,0.6292535995972586,0.6254116842590449,0.6295280295988697,0.6188254689047203,0.13368316020169985,-0.00466520534304693,-0.013446756025918494,-0.009879218347145113,-0.014544476032362863,0.05023965219250576,22.790000915527344
2593,2022-04-22,0.6136114559006219,0.6122393058925666,0.618276661243669,0.611141638228293,0.11681307128984551,-0.015642143696636635,-0.013172378366478332,-0.011251368355200686,-0.007683830676427306,-0.016870088911854333,22.309999465942383
2594,2022-04-25,0.5985181198650369,0.599066979868259,0.6015367975405881,0.5941273445236012,0.13819966858507207,-0.015093336035585048,-0.013172326024307623,-0.016739863703080893,-0.017014293704691874,0.02138659729522656,21.82999992370605
2595,2022-04-26,0.5993414098698702,0.5941273445236012,0.6020856575438103,0.5927552468577164,0.1099057427436167,0.000823290004833277,-0.0049396353446578,0.0005488600032221846,-0.0013720976658847528,-0.028293925841455375,21.649999618530277
2596,2022-04-27,0.5971460221991524,0.5897365691821652,0.598792549866648,0.5889132791773319,0.10941752935516633,-0.0021953876707178077,-0.0043907753414359485,-0.003293107677162288,-0.0038419676803844727,-0.0004882133884503703,21.489999771118164
2597,2022-04-28,0.5826015461667893,0.5878156115130584,0.5886389015178917,0.5815038785025157,0.10022486324679722,-0.014544476032363085,-0.0019209576691068264,-0.010153648348756317,-0.007409400674816213,-0.009192666108369107,21.420000076293945
2598,2022-04-29,0.5850713638391183,0.577387533162691,0.5883644715162806,0.5760153831546355,0.11446002530156976,0.002469817672329011,-0.010428078350367409,-0.0002744300016110923,-0.005488495347880207,0.014235162054772543,21.040000915527344
2599,2022-05-02,0.5661361124653195,0.572722327819644,0.5768386731594688,0.560373239457999,0.13865188959962937,-0.01893525137379881,-0.00466520534304693,-0.011525798356811778,-0.015642143696636523,0.024191864298059612,20.8700008392334
2600,2022-05-03,0.5721734678164219,0.5716246078131996,0.5787596308285756,0.569978080145704,0.1049042282130321,0.006037355351102391,-0.0010977200064444803,0.0019209576691068264,0.009604840687704952,-0.03374766138659728,20.82999992370605
2601,2022-05-04,0.5683315001360374,0.5839736961748447,0.5845225038358961,0.5628430571303281,0.19025355023787038,-0.0038419676803844727,0.012349088361645166,0.005762873007320479,-0.00713502301537583,0.08534932202483829,21.280000686645508
2602,2022-05-05,0.5850713638391183,0.570252510147315,0.5853457938407293,0.565312874802657,0.13880441173850294,0.016739863703080893,-0.013721186027529697,0.0008232900048331659,0.0024698176723289,-0.05144913849936744,20.780000686645508
2603,2022-05-06,0.5683315001360374,0.5669594024701528,0.5721734678164219,0.5642151547962126,0.13110988364841508,-0.016739863703080893,-0.003293107677162288,-0.013172326024307401,-0.0010977200064443693,-0.00769452809008786,20.65999984741211
2604,2022-05-09,0.5592755194515546,0.5496707311060205,0.5598243794547769,0.5491218711027984,0.14557632343246085,-0.009055980684482767,-0.017288671364132258,-0.012349088361644944,-0.015093283693414228,0.01446643978404577,20.030000686645508
2605,2022-05-10,0.5568057541213964,0.5364983527395423,0.5579034217856699,0.536223975080102,0.17409796340181388,-0.0024697653301581912,-0.013172378366478221,-0.0019209576691070485,-0.01289789602269642,0.02852163996935303,19.549999237060547
2606,2022-05-11,0.551042828771905,0.5452799557645847,0.5565313241197853,0.5447310957613625,0.1266058478698573,-0.00576292534949141,0.008781603025042384,-0.0013720976658845307,0.008507120681260472,-0.04749211553195659,19.8700008392334
2607,2022-05-12,0.5351262550736576,0.5246981767232902,0.5359495450784909,0.5219539290493501,0.12828252231705362,-0.015916573698247394,-0.020581779041294435,-0.020581779041294435,-0.022777166712012353,0.0016766744471963246,19.1200008392334
2608,2022-05-13,0.5230515967136237,0.5329308674029397,0.5343029650688242,0.5216794990477391,0.11678206795787824,-0.012074658360033963,0.00823269067964949,-0.001646580009666665,-0.0002744300016109813,-0.011500454359175377,19.420000076293945
2609,2022-05-16,0.5386937404102601,0.5469264834320804,0.5493963011044094,0.5384193627508198,0.12869590007661744,0.015642143696636412,0.013995616029140678,0.015093336035585159,0.01673986370308067,0.011913832118739198,19.93000030517578
2610,2022-05-17,0.5491218711027984,0.5466520534304693,0.5515916887751273,0.5450055257629736,0.08471607006040305,0.01042813069253834,-0.0002744300016110923,0.0021953876707179187,0.006586163012153756,-0.04397983001621439,19.920000076293945
2611,2022-05-18,0.5469264834320804,0.5414379880842002,0.5480241510963539,0.5411635580825891,0.07887069472408817,-0.0021953876707180298,-0.0052140653462691144,-0.0035675376787733803,-0.0038419676803844727,-0.005845375336314879,19.729999542236328
2612,2022-05-19,0.5518661187767383,0.5562568941181742,0.5570801317808367,0.5515916887751273,0.08865278049997327,0.004939635344657911,0.014818906033974066,0.009055980684482767,0.010428130692538229,0.009782085775885102,20.270000457763672
2613,2022-05-20,0.553238216442623,0.550768398770294,0.5546103141085077,0.5472009134336915,0.06998663649484169,0.0013720976658847528,-0.005488495347880207,-0.002469817672329011,-0.0043907753414358375,-0.018666144005131585,20.06999969482422
2614,2022-05-23,0.5546103141085077,0.5515916887751273,0.5557080341149521,0.5488474411011872,0.06253265149760348,0.0013720976658846418,0.000823290004833277,0.0010977200064443693,0.001646527667495734,-0.0074539849972382055,20.100000381469727
2615,2022-05-24,0.5565313241197853,0.5595499494531658,0.5625686271287169,0.555433604113341,0.07904958751314078,0.0019210100112776463,0.007958260678038509,0.0068605930137648485,0.006586163012153756,0.016516936015537304,20.38999938964844
2616,2022-05-25,0.5546103141085077,0.5581778517872811,0.5587267117905031,0.5524149264377898,0.06511946973611532,-0.0019210100112776463,-0.0013720976658847528,-0.003841915338213764,-0.0030186776755511957,-0.013930117777025464,20.34000015258789
2617,2022-05-26,0.552689356439401,0.5573545617824478,0.5592755194515546,0.5524149264377898,0.05196087165689646,-0.0019209576691067154,-0.000823290004833277,0.0005488076610514758,0.0,-0.013158598079218861,20.309999465942383
2618,2022-05-27,0.5658617348058792,0.5587267117905031,0.5666849724685418,0.5579034217856699,0.07908201628565828,0.013172378366478221,0.0013721500080553506,0.007409453016987144,0.005488495347880096,0.02712114462876182,20.36000061035156
2619,2022-05-31,0.553238216442623,0.5444566657597514,0.5565313241197853,0.5444566657597514,0.10503002334158901,-0.012623518363256148,-0.01427004603075177,-0.010153648348756428,-0.013446756025918494,0.025948007055930727,19.84000015258789
2620,2022-06-01,0.5540615064474563,0.5524149264377898,0.5565313241197853,0.5485730110995761,0.09242021987420487,0.000823290004833277,0.007958260678038398,0.0,0.004116345339824745,-0.012609803467384134,20.1299991607666
2621,2022-06-02,0.5584522817888922,0.5650384448010459,0.565312874802657,0.5584522817888922,0.07825062808474244,0.0043907753414358375,0.012623518363256148,0.008781550682871675,0.009879270689316044,-0.014169591789462435,20.59000015258789
2622,2022-06-03,0.5633919171335502,0.5551591741117299,0.5647640147994347,0.5529637864410121,0.07689895408299628,0.004939635344658022,-0.009879270689316044,-0.0005488600032222957,-0.005488495347880096,-0.001351674001746156,20.229999542236328
2623,2022-06-06,0.565587304804268,0.5590011417921144,0.5664105424669307,0.5576289917840589,0.0663695810986583,0.0021953876707178077,0.0038419676803844727,0.0016465276674959561,0.004665205343046819,-0.010529372984337981,20.3700008392334
2624,2022-06-07,0.5562568941181742,0.5631174871319391,0.5644895847978237,0.5551591741117299,0.06246601215188069,-0.009330410686093749,0.004116345339824745,-0.0019209576691069374,-0.002469817672329011,-0.003903568946777611,20.520000457763672
2625,2022-06-08,0.5587267117905031,0.5584522817888922,0.5625686271287169,0.5565313241197853,0.05655898651176879,0.0024698176723289,-0.00466520534304693,-0.0019209576691068264,0.0013721500080554616,-0.005907025640111897,20.350000381469727
2626,2022-06-09,0.5565313241197853,0.5480241510963539,0.5570801317808367,0.5455543334240249,0.08117278121269354,-0.0021953876707178077,-0.010428130692538229,-0.005488495347880207,-0.010976990695760414,0.02461379470092475,19.96999931335449
2627,2022-06-10,0.5430845680938667,0.5540615064474563,0.5570801317808367,0.5395170304150934,0.11743385064946635,-0.013446756025918605,0.006037355351102391,0.0,-0.006037303008931572,0.036261069436772805,20.190000534057617
2628,2022-06-13,0.5403403204199266,0.5351262550736576,0.540889128080978,0.5307354797322218,0.1592078114142152,-0.0027442476739401034,-0.0189352513737987,-0.016191003699858708,-0.008781550682871564,0.041773960764748846,19.5
2629,2022-06-14,0.5367727827411534,0.5315587697370551,0.5375960727459865,0.5290889520647261,0.08519359264472676,-0.0035675376787732693,-0.0035674853366025605,-0.003293055334991468,-0.001646527667495734,-0.07401421876948844,19.3700008392334
2630,2022-06-15,0.5461031934272472,0.5477497210947428,0.553238216442623,0.5397914604167044,0.15194732997166938,0.00933041068609386,0.016190951357687777,0.015642143696636523,0.01070250835197839,0.06675373732694262,19.959999084472656
2631,2022-06-16,0.5469264834320804,0.555433604113341,0.5562568941181742,0.5439078057565292,0.09873456515154215,0.0008232900048331659,0.0076838830185981255,0.0030186776755511957,0.004116345339824745,-0.053212764820127226,20.239999771118164
2632,2022-06-17,0.5515916887751273,0.548298581097965,0.552689356439401,0.5461031934272472,0.07159275163480214,0.00466520534304693,-0.007135023015375941,-0.0035675376787732693,0.0021953876707180298,-0.027141813516740013,19.979999542236328
2633,2022-06-21,0.5513172587735162,0.548298581097965,0.5557080341149521,0.5477497210947428,0.06868449655221567,-0.0002744300016110923,0.0,0.0030186776755510847,0.001646527667495623,-0.002908255082586464,19.979999542236328
2634,2022-06-22,0.5439078057565292,0.5422612780890336,0.5469264834320804,0.5406147504215377,0.0763348359852467,-0.007409453016987033,-0.0060373030089314605,-0.008781550682871675,-0.007134970673205121,0.00765033943303102,19.76000022888184
2635,2022-06-23,0.5417124180858113,0.5315587697370551,0.5444566657597514,0.5293633820663372,0.1068916487001764,-0.0021953876707179187,-0.010702508351978501,-0.002469817672329011,-0.011251368355200575,0.0305568127149297,19.3700008392334
2636,2022-06-24,0.528814522063115,0.5354006850752687,0.5373216427443754,0.5255214143859527,0.05943552554211286,-0.012897896022696309,0.003841915338213653,-0.007135023015375941,-0.0038419676803844727,-0.04745612315806354,19.51000022888184
2637,2022-06-27,0.5403403204199266,0.5348518250720465,0.5406147504215377,0.5343029650688242,0.055118222475633874,0.011525798356811667,-0.0005488600032221846,0.003293107677162288,0.008781550682871564,-0.0043173030664789835,19.489999771118164
2638,2022-06-28,0.5356751150768798,0.526619134392397,0.5359495450784909,0.526344704390786,0.06528303903925307,-0.004665205343046819,-0.00823269067964949,-0.004665205343046819,-0.007958260678038287,0.0101648165636192,19.190000534057617
2639,2022-06-29,0.5285400920615039,0.5252469843843416,0.5293633820663372,0.5222283590509612,0.05572154018851451,-0.007135023015375941,-0.0013721500080554616,-0.006586163012153756,-0.004116345339824745,-0.009561498850738565,19.13999938964844
2640,2022-06-30,0.5211306390445168,0.511525798356812,0.5236004567168457,0.511525798356812,0.11833187819610498,-0.007409453016987033,-0.013721186027529586,-0.00576292534949141,-0.01070256069414921,0.06261033800759047,18.63999938964844
2641,2022-07-01,0.49670694466500864,0.5024698176723291,0.504390775341436,0.49368826698945745,0.15146838194679543,-0.0244236943795082,-0.009055980684482878,-0.019209681375409793,-0.017837531367354553,0.03313650375069045,18.309999465942383
2642,2022-07-05,0.4947859869959018,0.4865532439740815,0.49643251466339755,0.48271132863586785,0.12515795663097126,-0.0019209576691068264,-0.015916573698247616,-0.007958260678038398,-0.010976938353589594,-0.02631042531582417,17.729999542236328
2643,2022-07-06,0.48847420164318833,0.48545557630980796,0.4898463516512438,0.47969265096031666,0.09924594194893359,-0.006311785352713484,-0.0010976676642735494,-0.006586163012153756,-0.0030186776755511957,-0.025912014682037673,17.690000534057617
2644,2022-07-07,0.4887486316447994,0.4871021039773037,0.49341383698784635,0.48573000631141905,0.06322470288473532,0.0002744300016110923,0.001646527667495734,0.0035674853366025605,0.006037355351102391,-0.03602123906419827,17.75
2645,2022-07-08,0.48847420164318833,0.48819982398374806,0.4923161693235728,0.4838089963001414,0.050588172407034546,-0.0002744300016110923,0.0010977200064443693,-0.0010976676642735494,-0.0019210100112776463,-0.012636530477700775,17.790000915527344
2646,2022-07-11,0.4860043839708593,0.48243689863425676,0.4892974916480216,0.48243689863425676,0.07283252855335602,-0.002469817672329011,-0.005762925349491299,-0.0030186776755511957,-0.0013720976658846418,0.022244356146321476,17.579999923706055
2647,2022-07-12,0.48024151096353884,0.4785949832960431,0.4843578563033636,0.47777169329120983,0.06182598934483189,-0.005762873007320479,-0.003841915338213653,-0.004939635344658022,-0.00466520534304693,-0.011006539208524131,17.440000534057617
2648,2022-07-13,0.48024151096353884,0.48545557630980796,0.49121844931712844,0.4780461232928209,0.09741817080341393,0.0,0.0068605930137648485,0.0068605930137648485,0.0002744300016110923,0.03559218145858204,17.690000534057617
2649,2022-07-14,0.46405050726368013,0.46652032493600915,0.4681668526035049,0.45911087191902217,0.1197227518129822,-0.016191003699858708,-0.01893525137379881,-0.023051596713623557,-0.018935251373798756,0.022304581009568267,17.0
2650,2022-07-15,0.4706366702758339,0.47173439028227826,0.4736553479513851,0.46624589493439805,0.07263082871549989,0.006586163012153756,0.0052140653462691144,0.005488495347880207,0.007135023015375885,-0.04709192309748231,17.190000534057617
2651,2022-07-18,0.4785949832960431,0.4725576279449407,0.4813392309699832,0.47173439028227826,0.07290700782210502,0.007958313020209218,0.0008232376626624571,0.0076838830185981255,0.005488495347880207,0.0002761791066051289,17.219999313354492
2652,2022-07-19,0.47475301561565864,0.47447863795621836,0.47722283328798765,0.4739297779529962,0.08820305400637884,-0.0038419676803844727,0.0019210100112776463,-0.004116397681995565,0.0021953876707179187,0.015296046184273826,17.290000915527344
2653,2022-07-20,0.48243689863425676,0.47173439028227826,0.48353461864070113,0.47173439028227826,0.06677690073588369,0.0076838830185981255,-0.0027442476739401034,0.006311785352713484,-0.0021953876707179187,-0.021426153270495157,17.190000534057617
2654,2022-07-21,0.46844128260511597,0.47749726328959874,0.47749726328959874,0.4681668526035049,0.07402989861554087,-0.01399561602914079,0.005762873007320479,-0.006037355351102391,-0.0035675376787733803,0.007252997879657178,17.399999618530273
2655,2022-07-22,0.47420420795460727,0.4703622402742228,0.47969265096031666,0.46844128260511597,0.08737095308518789,0.005762925349491299,-0.007135023015375941,0.0021953876707179187,0.0002744300016110923,0.01334105446964702,17.139999389648438
2656,2022-07-25,0.4681668526035049,0.46597146493278696,0.46871571260672706,0.4632272172588469,0.09138641911515778,-0.006037355351102391,-0.0043907753414358375,-0.010976938353589594,-0.005214065346269059,0.004015466029969897,16.979999542236328
2657,2022-07-26,0.470911100277445,0.470911100277445,0.4736553479513851,0.46953900261156034,0.09992373893056322,0.0027442476739401034,0.004939635344658022,0.004939635344658022,0.006311785352713428,0.00853731981540544,17.15999984741211
2658,2022-07-27,0.4711855302790561,0.48298575863747895,0.4843578563033636,0.46679475493762024,0.13539653974306434,0.0002744300016110923,0.012074658360033963,0.010702508351978501,-0.0027442476739401034,0.03547280081250112,17.600000381469727
2659,2022-07-28,0.4983534723325044,0.5057629253494914,0.5060373553511025,0.4956092246585643,0.11253211695739715,0.027167942053448302,0.022777166712012464,0.021679499047738915,0.028814469720944036,-0.022864422785667193,18.43000030517578
2660,2022-07-29,0.5057629253494914,0.5131723783664784,0.5139956160291409,0.5032931076771624,0.06196710795930367,0.007409453016987033,0.007409453016987033,0.007958260678038398,0.0076838830185981255,-0.05056500899809348,18.700000762939453
2661,2022-08-01,0.5137211860275297,0.5156421960388075,0.5172887237063032,0.5118002283584231,0.08990681182402936,0.007958260678038287,0.002469817672329011,0.003293107677162288,0.008507120681260694,0.02793970386472569,18.790000915527344
2662,2022-08-02,0.5139956160291409,0.5052140653462692,0.5167398637030809,0.5049396353446582,0.09950323396824831,0.00027443000161120334,-0.010428130692538229,-0.0005488600032222957,-0.0068605930137648485,0.00959642214421895,18.40999984741211
2663,2022-08-03,0.5063117853527136,0.5074094530169871,0.5087816030250426,0.502195387670718,0.05403809489870463,-0.007683830676427306,0.0021953876707179187,-0.007958260678038287,-0.0027442476739402144,-0.04546513906954368,18.489999771118164
2664,2022-08-04,0.5068605930137648,0.511525798356812,0.5128979483648674,0.5049396353446582,0.05021506334301445,0.0005488076610512538,0.004116345339824856,0.004116345339824745,0.0027442476739402144,-0.003823031555690186,18.63999938964844
2665,2022-08-05,0.4983534723325044,0.5030186776755512,0.5060373553511025,0.4969813746666196,0.05664772018601999,-0.008507120681260472,-0.008507120681260805,-0.0068605930137648485,-0.00795826067803862,0.006432656843005542,18.32999992370605
2666,2022-08-08,0.5150933360355853,0.5222283590509612,0.524423746721679,0.514270046030752,0.0739083798086346,0.016739863703080893,0.019209681375410015,0.018386391370576516,0.01728867136413237,0.01726065962261461,19.030000686645508
2667,2022-08-09,0.5219539290493501,0.5194841113770211,0.5233260267152348,0.5167398637030809,0.07338025408477808,0.0068605930137648485,-0.0027442476739401034,-0.0010977200064442583,0.0024698176723289,-0.0005281257238565207,18.93000030517578
2668,2022-08-10,0.5214050690461279,0.5200329713802433,0.5274423720550594,0.5189352513737989,0.09689111415997007,-0.0005488600032221846,0.0005488600032221846,0.004116345339824634,0.0021953876707180298,0.023510860075191986,18.950000762939453
2669,2022-08-11,0.5178375837095254,0.5123490883616452,0.5211306390445168,0.5120746583600341,0.05792206403791672,-0.0035674853366025605,-0.0076838830185981255,-0.006311733010542553,-0.0068605930137648485,-0.038969050122053345,18.670000076293945
2670,2022-08-12,0.5164654337014699,0.5260702743891749,0.5271679420534484,0.5161910036998588,0.05975232970439927,-0.0013721500080554616,0.013721186027529697,0.006037303008931572,0.004116345339824745,0.0018302656664825473,19.170000076293945
2671,2022-08-15,0.5123490883616452,0.5126235183632563,0.5159165736982477,0.5090559806844829,0.07090604564973362,-0.004116345339824745,-0.013446756025918605,-0.011251368355200686,-0.007135023015375941,0.011153715945334347,18.68000030517578
2672,2022-08-16,0.5076838830185982,0.5096048406877051,0.511525798356812,0.5074094530169871,0.07439659319708497,-0.00466520534304693,-0.0030186776755511957,-0.0043907753414357265,-0.001646527667495734,0.0034905475473513553,18.56999969482422
2673,2022-08-17,0.5038419676803845,0.5008232900048334,0.5054884953478803,0.4980790423308934,0.08436968800669957,-0.003841915338213764,-0.008781550682871675,-0.006037303008931683,-0.009330410686093749,0.0099730948096146,18.25
2674,2022-08-18,0.5019210100112778,0.4950604169975129,0.5035675376787735,0.49286497698462417,0.07129875452131924,-0.0019209576691067154,-0.005762873007320479,-0.0019209576691068264,-0.0052140653462692255,-0.013070933485380326,18.040000915527344
2675,2022-08-19,0.4873765339789148,0.4816136086294235,0.48792539398213697,0.4810648009683721,0.0684093865260232,-0.014544476032362974,-0.013446808368089425,-0.015642143696636523,-0.01180017601625205,-0.002889367995296044,17.549999237060547
2676,2022-08-22,0.47941822095870557,0.48024151096353884,0.48298575863747895,0.4753018756188808,0.07749942091477648,-0.007958313020209218,-0.0013720976658846418,-0.004939635344658022,-0.005762925349491299,0.009090034388753276,17.5
2677,2022-08-23,0.47749726328959874,0.48353461864070113,0.4876509639805259,0.47749726328959874,0.07172460488569748,-0.0019209576691068264,0.003293107677162288,0.00466520534304693,0.0021953876707179187,-0.005774816029078991,17.6200008392334
2678,2022-08-24,0.48051594096514993,0.4838089963001414,0.4865532439740815,0.47941822095870557,0.06042014860217736,0.0030186776755511957,0.0002743776594402725,-0.0010977200064443693,0.0019209576691068264,-0.011304456283520121,17.6299991607666
2679,2022-08-25,0.4862788139724704,0.4865532439740815,0.4876509639805259,0.48326018863909004,0.05922242217985496,0.005762873007320479,0.0027442476739401034,0.0010977200064443693,0.0038419676803844727,-0.0011977264223224024,17.729999542236328
2680,2022-08-26,0.4890230616464105,0.4763995956253252,0.49149287931873953,0.4761251656237141,0.06917912442314203,0.0027442476739401034,-0.010153648348756317,0.003841915338213653,-0.007135023015375941,0.009956702243287069,17.360000610351562
2681,2022-08-29,0.4731064879481629,0.47447863795621836,0.478320553294432,0.4725576279449407,0.0673289025889564,-0.015916573698247616,-0.0019209576691068264,-0.013172326024307512,-0.0035675376787733803,-0.0018502218341856363,17.290000915527344
2682,2022-08-30,0.4725576279449407,0.4654226049295648,0.4728320579465518,0.4643249372652912,0.07580457210056483,-0.0005488600032221846,-0.009056033026653587,-0.005488495347880207,-0.00823269067964949,0.008475669511608441,16.959999084472656
2683,2022-08-31,0.4582876342563597,0.4549945265791974,0.4615806895913512,0.4549945265791974,0.06699499314006735,-0.014269993688581006,-0.010428078350367354,-0.01125136835520063,-0.009330410686093804,-0.008809578960497486,16.579999923706055
2684,2022-09-01,0.4497804612329283,0.4495060312313172,0.4522502789052573,0.4442920182272189,0.06561944300910501,-0.008507173023431402,-0.005488495347880207,-0.00933041068609386,-0.010702508351978501,-0.0013755501309623414,16.3799991607666
2685,2022-09-02,0.45636662424508206,0.45472009657758633,0.46267840959779555,0.4522502789052573,0.05657288455713344,0.006586163012153756,0.0052140653462691144,0.010428130692538229,0.007958260678038398,-0.009046558451971567,16.56999969482422
2686,2022-09-06,0.4615806895913512,0.4538968589149239,0.46267840959779555,0.4536224289133128,0.038531083512998235,0.0052140653462691144,-0.0008232376626624571,0.0,0.0013721500080554616,-0.018041801044135206,16.540000915527344
2687,2022-09-07,0.45664105424669316,0.46652032493600915,0.46706918493923133,0.4558178165840307,0.055123211517559646,-0.004939635344658022,0.012623466021085272,0.004390775341435782,0.0021953876707179187,0.01659212800456141,17.0
2688,2022-09-08,0.4681668526035049,0.4673436149408424,0.4700878102726117,0.4632272172588469,0.046666785453379184,0.011525798356811723,0.000823290004833277,0.003018625333380376,0.007409400674816213,-0.008456426064180463,17.030000686645508
2689,2022-09-09,0.4700878102726117,0.4753018756188808,0.47722283328798765,0.46953900261156034,0.03497140209896121,0.0019209576691068264,0.007958260678038398,0.007135023015375941,0.006311785352713428,-0.01169538335441797,17.31999969482422
2690,2022-09-12,0.49862790233411547,0.49862790233411547,0.5057629253494914,0.49368826698945745,0.10753808598970119,0.028540092061503763,0.02332602671523465,0.028540092061503763,0.024149264377897106,0.07256668389073997,18.170000076293945
2691,2022-09-13,0.4950604169975129,0.4892974916480216,0.49945119233894875,0.4890230616464105,0.07404165850008018,-0.0035674853366025605,-0.00933041068609386,-0.006311733010542664,-0.00466520534304693,-0.033496427489621006,17.829999923706055
2692,2022-09-14,0.4956092246585643,0.49396269699106854,0.4980790423308934,0.4917673093203506,0.05811984391425975,0.0005488076610513648,0.00466520534304693,-0.0013721500080553506,0.0027442476739401034,-0.015921814585820433,18.0
2693,2022-09-15,0.4901207816528549,0.4838089963001414,0.4953347946569532,0.48326018863909004,0.0622821303209023,-0.005488443005709387,-0.010153700690927137,-0.0027442476739402144,-0.008507120681260583,0.004162286406642554,17.6299991607666
2694,2022-09-16,0.48216246863264567,0.49368826698945745,0.49615808466178635,0.4788694132976542,0.07546211000837447,-0.007958313020209218,0.009879270689316044,0.0008232900048331659,-0.0043907753414358375,0.013179979687472164,17.989999771118164
2695,2022-09-19,0.4862788139724704,0.49368826698945745,0.49396269699106854,0.48573000631141905,0.05971348644940577,0.004116345339824745,0.0,-0.0021953876707178077,0.0068605930137648485,-0.015748623558968694,17.989999771118164
2696,2022-09-20,0.4846322863049747,0.4865532439740815,0.48792539398213697,0.4818880386310346,0.037342266094114715,-0.001646527667495734,-0.007135023015375941,-0.006037303008931572,-0.0038419676803844727,-0.022371220355291058,17.729999542236328
2697,2022-09-21,0.4945115569942907,0.4956092246585643,0.5038419676803845,0.4890230616464105,0.13068296420362419,0.009879270689316044,0.009055980684482767,0.015916573698247505,0.007135023015375941,0.09334069810950947,18.059999465942383
2698,2022-09-22,0.4975301823276711,0.49643251466339755,0.49890233233572656,0.49121844931712844,0.04473531350783101,0.003018625333380376,0.000823290004833277,-0.004939635344657911,0.0021953876707179187,-0.08594765069579317,18.09000015258789
2699,2022-09-23,0.4840834263017525,0.4763995956253252,0.4843578563033636,0.47475301561565864,0.08523101045917003,-0.013446756025918605,-0.02003291903807236,-0.014544476032362974,-0.0164654337014698,0.04049569695133902,17.360000610351562
2700,2022-09-26,0.4766740256269363,0.4643249372652912,0.4813392309699832,0.463501647260458,0.06834702350195107,-0.007409400674816213,-0.012074658360033963,-0.003018625333380376,-0.01125136835520063,-0.01688398695721896,16.920000076293945
2701,2022-09-27,0.470911100277445,0.46377607726206904,0.47475301561565864,0.46295283959940664,0.06443062559022147,-0.005762925349491299,-0.0005488600032221846,-0.006586215354324576,-0.0005488076610513648,-0.003916397911729597,16.899999618530273
2702,2022-09-28,0.46624589493439805,0.4788694132976542,0.47996708096192775,0.46624589493439805,0.08022878320831033,-0.00466520534304693,0.015093336035585159,0.0052140653462691144,0.0032930553349914127,0.01579815761808885,17.450000762939453
2703,2022-09-29,0.47420420795460727,0.4766740256269363,0.47694840328637655,0.4673436149408424,0.05960942928923971,0.007958313020209218,-0.0021953876707179187,-0.0030186776755511957,0.0010977200064443693,-0.020619353919070618,17.3700008392334
2704,2022-09-30,0.47777169329120983,0.48024151096353884,0.4876509639805259,0.47749726328959874,0.051480141831334744,0.0035674853366025605,0.0035674853366025605,0.010702560694149321,0.010153648348756317,-0.008129287457904963,17.5
2705,2022-10-03,0.5068605930137648,0.524149316720068,0.524149316720068,0.5049396353446582,0.14453325730983732,0.029088899722555017,0.043907805756529195,0.03649835273954216,0.027442372055059505,0.09305311547850258,19.100000381469727
2706,2022-10-04,0.5296377597257774,0.5312843397354439,0.5367727827411534,0.5271679420534484,0.0792110186554532,0.022777166712012575,0.00713502301537583,0.012623466021085328,0.02222830670879017,-0.06532223865438412,19.36000061035156
2707,2022-10-05,0.5128979483648674,0.5211306390445168,0.524423746721679,0.5041163976819957,0.08509309908593625,-0.016739811360910073,-0.010153700690927026,-0.012349036019474346,-0.023051544371452737,0.00588208043048305,18.989999771118164
2708,2022-10-06,0.5175631537079142,0.5225027890525723,0.5230515967136237,0.5145444760323631,0.040130427810345135,0.004665205343046819,0.0013721500080554616,-0.0013721500080553506,0.010428078350367409,-0.044962671275591115,19.040000915527344
2709,2022-10-07,0.5156421960388075,0.5076838830185982,0.5181119613689656,0.5054884953478803,0.08773978582755733,-0.0019209576691067154,-0.014818906033974066,-0.004939635344658022,-0.009055980684482767,0.047609358017212194,18.5
2710,2022-10-10,0.499725569998389,0.49643251466339755,0.5005488600032223,0.49341383698784635,0.06407034549115335,-0.015916626040418436,-0.011251368355200686,-0.01756310136574335,-0.012074658360033963,-0.023669440336403974,18.09000015258789
2711,2022-10-11,0.49094401931551734,0.48518114630819686,0.49615808466178635,0.4818880386310346,0.08489175560821767,-0.008781550682871675,-0.011251368355200686,-0.0043907753414359485,-0.011525798356811778,0.020821410117064315,17.68000030517578
2712,2022-10-12,0.4810648009683721,0.48271132863586785,0.48518114630819686,0.4766740256269363,0.07560857402490957,-0.009879218347145224,-0.002469817672329011,-0.010976938353589483,-0.005214013004098295,-0.009283181583308098,17.59000015258789
2713,2022-10-13,0.4703622402742228,0.47722283328798765,0.480790370966761,0.4676180449424535,0.09516704381447891,-0.010702560694149321,-0.005488495347880207,-0.0043907753414358375,-0.009055980684482767,0.019558469789569335,17.389999389648438
2714,2022-10-14,0.47145996028066717,0.4613062595897401,0.47200882028388935,0.45718991424991534,0.08776188015608574,0.0010977200064443693,-0.01591657369824756,-0.008781550682871675,-0.010428130692538173,-0.007405163658393166,16.809999465942383
2715,2022-10-17,0.4755763056204919,0.46981343261317143,0.4788694132976542,0.46953900261156034,0.06392174331379293,0.004116345339824745,0.008507173023431347,0.0068605930137648485,0.012349088361645,-0.023840136842292817,17.1200008392334
2716,2022-10-18,0.4763995956253252,0.4728320579465518,0.47777169329120983,0.46871571260672706,0.04004169413609394,0.000823290004833277,0.003018625333380376,-0.0010977200064443693,-0.000823290004833277,-0.023880049177698988,17.229999542236328
2717,2022-10-19,0.46624589493439805,0.46679475493762024,0.46871571260672706,0.46405050726368013,0.035426830354756515,-0.010153700690927137,-0.006037303008931572,-0.009055980684482767,-0.00466520534304693,-0.004614863781337422,17.010000228881836
2718,2022-10-20,0.4681668526035049,0.4711855302790561,0.48024151096353884,0.4673436149408424,0.0627749763911409,0.0019209576691068264,0.0043907753414358375,0.011525798356811778,0.003293107677162288,0.02734814603638438,17.170000076293945
2719,2022-10-21,0.4722831979433296,0.4873765339789148,0.48792539398213697,0.4700878102726117,0.10220515653119042,0.004116345339824745,0.016191003699858708,0.0076838830185981255,0.0027441953317692835,0.03943018014004952,17.760000228881836
2720,2022-10-24,0.4846322863049747,0.48518114630819686,0.4876509639805259,0.48051594096514993,0.04616217949860129,0.012349088361645055,-0.0021953876707179187,-0.0002744300016110923,0.010428130692538229,-0.05604297703258913,17.68000030517578
2721,2022-10-25,0.4860043839708593,0.4901207816528549,0.49121844931712844,0.48573000631141905,0.04938118062113572,0.0013720976658846418,0.004939635344658022,0.0035674853366025605,0.0052140653462691144,0.003219001122534433,17.860000610351562
2722,2022-10-26,0.49121844931712844,0.49341383698784635,0.4972558046682308,0.49121844931712844,0.06091156923186573,0.0052140653462691144,0.003293055334991468,0.006037355351102391,0.005488443005709387,0.011530388610730004,17.979999542236328
2723,2022-10-27,0.4945115569942907,0.49341383698784635,0.49670694466500864,0.49094401931551734,0.050275644566398804,0.003293107677162288,0.0,-0.0005488600032221846,-0.0002744300016110923,-0.010635924665466923,17.979999542236328
2724,2022-10-28,0.48573000631141905,0.4868276739756926,0.4898463516512438,0.47996708096192775,0.0381622507706288,-0.008781550682871675,-0.006586163012153756,-0.0068605930137648485,-0.010976938353589594,-0.012113393795770006,17.739999771118164
2725,2022-10-31,0.4791437909570945,0.48353461864070113,0.4862788139724704,0.47777169329120983,0.03565383176237906,-0.006586215354324576,-0.003293055334991468,-0.0035675376787733803,-0.0021953876707179187,-0.002508419008249739,17.6200008392334
2726,2022-11-01,0.5027442476739402,0.4953347946569532,0.5041163976819957,0.4923161693235728,0.07165547101901182,0.02360045671684574,0.01180017601625205,0.017837583709525262,0.014544476032362974,0.03600163925663276,18.049999237060547
2727,2022-11-02,0.5005488600032223,0.4865532439740815,0.5074094530169871,0.4865532439740815,0.08838551039680702,-0.0021953876707179187,-0.008781550682871675,0.003293055334991468,-0.005762925349491299,0.0167300393777952,17.729999542236328
2728,2022-11-03,0.4791437909570945,0.4923161693235728,0.49396269699106854,0.4785949832960431,0.06815494538780892,-0.021405069046127823,0.005762925349491299,-0.013446756025918605,-0.007958260678038398,-0.0202305650089981,17.940000534057617
2729,2022-11-04,0.514270046030752,0.5285400920615039,0.5285400920615039,0.5123490883616452,0.12408067993514245,0.03512625507365752,0.03622392273793107,0.034577395070435335,0.03375410506560206,0.05592573454733353,19.26000022888184
2730,2022-11-07,0.5274423720550594,0.5255214143859527,0.5307354797322218,0.5249725543827305,0.04586248062291752,0.013172326024307401,-0.0030186776755511957,0.0021953876707179187,0.012623466021085328,-0.07821819931222493,19.149999618530277
2731,2022-11-08,0.5285400920615039,0.5406147504215377,0.5463776234288582,0.5271679420534484,0.11164620565543538,0.0010977200064444803,0.015093336035585048,0.015642143696636412,0.0021953876707179187,0.06578372503251786,19.700000762939453
2732,2022-11-09,0.5395170304150934,0.5312843397354439,0.5461031934272472,0.5304610497306106,0.06208791404593482,0.010976938353589483,-0.00933041068609386,-0.0002744300016109813,0.003293107677162177,-0.049558291609500565,19.36000061035156
2733,2022-11-10,0.548298581097965,0.5480241510963539,0.550768398770294,0.5422612780890336,0.07828626409849794,0.008781550682871675,0.016739811360910073,0.004665205343046819,0.011800228358422982,0.01619835005256312,19.96999931335449
2734,2022-11-11,0.5422612780890336,0.5474753434353026,0.5474753434353026,0.5395170304150934,0.044445949076136346,-0.0060373030089314605,-0.0005488076610513648,-0.003293055334991468,-0.0027442476739402144,-0.033840315022361594,19.950000762939453
2735,2022-11-14,0.5474753434353026,0.555433604113341,0.5579034217856699,0.5469264834320804,0.05168291074960355,0.005214065346269003,0.007958260678038398,0.010428078350367298,0.007409453016987033,0.007236961673467206,20.239999771118164
2736,2022-11-15,0.551042828771905,0.5455543334240249,0.5518661187767383,0.5406147504215377,0.0853674963918536,0.0035674853366024495,-0.009879270689316044,-0.006037303008931572,-0.006311733010542664,0.033684585642250055,19.8799991607666
2737,2022-11-16,0.5474753434353026,0.5417124180858113,0.5488474411011872,0.5406147504215377,0.03627960016392566,-0.0035674853366024495,-0.003841915338213653,-0.0030186776755510847,0.0,-0.049087896227927946,19.739999771118164
2738,2022-11-17,0.5282656620598928,0.5293633820663372,0.5304610497306106,0.5249725543827305,0.04595406517826916,-0.019209681375409793,-0.012349036019474124,-0.018386391370576627,-0.015642196038807232,0.009674465014343499,19.290000915527344
2739,2022-11-18,0.5299121897273885,0.5282656620598928,0.5340285350672133,0.526344704390786,0.0545794059476507,0.001646527667495734,-0.0010977200064443693,0.0035674853366026715,0.0013721500080554616,0.00862534076938154,19.25
2740,2022-11-21,0.5271679420534484,0.5268935643940081,0.5282656620598928,0.5219539290493501,0.03730413555939632,-0.0027442476739401034,-0.0013720976658846418,-0.005762873007320479,-0.0043907753414358375,-0.017275270388254375,19.200000762939453
2741,2022-11-22,0.5332052974045508,0.5332052974045508,0.5356751150768798,0.5282656620598928,0.036135274308215885,0.006037355351102391,0.006311733010542664,0.007409453016987033,0.006311733010542664,-0.0011688612511804378,19.43000030517578
2742,2022-11-23,0.5359495450784909,0.5436333757549181,0.5455543334240249,0.5351262550736576,0.04552001853072715,0.0027442476739401034,0.010428078350367298,0.009879218347145113,0.0068605930137648485,0.009384744222511267,19.809999465942383
2743,2022-11-25,0.5375960727459865,0.5411635580825891,0.5422612780890336,0.5367727827411534,0.02774192398838266,0.001646527667495623,-0.002469817672329011,-0.003293055334991357,0.001646527667495734,-0.017778094542344493,19.71999931335449
2744,2022-11-28,0.5395170304150934,0.5285400920615039,0.5403403204199266,0.5268935643940081,0.07223134900130071,0.0019209576691068264,-0.012623466021085217,-0.0019209576691069374,-0.009879218347145224,0.044489425012918055,19.26000022888184
2745,2022-11-29,0.5351262550736576,0.5367727827411534,0.5419868480874224,0.5351262550736576,0.040101206279065625,-0.0043907753414357265,0.00823269067964949,0.001646527667495734,0.00823269067964949,-0.032130142722235085,19.559999465942383
2746,2022-11-30,0.5521405487783495,0.5606476694596101,0.5606476694596101,0.5436333757549181,0.09444292001496712,0.017014293704691874,0.023874886718456723,0.01866082137218772,0.008507120681260472,0.0543417137359015,20.43000030517578
2747,2022-12-01,0.5661361124653195,0.5757409531530244,0.5757409531530244,0.5650384448010459,0.08891042887942555,0.01399556368696997,0.015093283693414339,0.015093283693414339,0.021405069046127823,-0.0055324911355415785,20.979999542236328
2748,2022-12-02,0.5688803601392596,0.5842481261764558,0.5869923215082252,0.5672338324717638,0.08249772820412309,0.0027442476739401034,0.008507173023431402,0.011251368355200797,0.0021953876707179187,-0.00641270067530246,21.290000915527344
2749,2022-12-05,0.5738199954839176,0.5609220994612212,0.574917715490362,0.5598243794547769,0.08696149528713717,0.004939635344658022,-0.02332602671523465,-0.012074606017863254,-0.007409453016986922,0.004463767083014089,20.440000534057617
2750,2022-12-06,0.5658617348058792,0.5609220994612212,0.5694292201424818,0.5562568941181742,0.05876236124227144,-0.007958260678038398,0.0,-0.005488495347880207,-0.0035674853366026715,-0.028199134044865737,20.440000534057617
2751,2022-12-07,0.5672338324717638,0.5740944254855287,0.5765642431578578,0.5669594024701528,0.08044259929084333,0.0013720976658846418,0.013172326024307512,0.007135023015376052,0.010702508351978501,0.021680238048571887,20.920000076293945
2752,2022-12-08,0.5850713638391183,0.5820526861635671,0.5864435138471737,0.5801317284944604,0.06396058656878642,0.017837531367354442,0.007958260678038398,0.009879270689315933,0.013172326024307623,-0.016482012722056905,21.209999084472656
2753,2022-12-09,0.5886389015178917,0.591657526851272,0.5982436898634258,0.5834248361716227,0.06762183062202662,0.0035675376787733803,0.009604840687704952,0.01180017601625205,0.003293107677162288,0.003661244053240198,21.559999465942383
2754,2022-12-12,0.5922063868544941,0.5889132791773319,0.5933041068609386,0.5834248361716227,0.07206421609678741,0.0035674853366024495,-0.0027442476739401034,-0.004939583002487202,0.0,0.004442385474760793,21.459999084472656
2755,2022-12-13,0.606202002883635,0.599066979868259,0.6092206805591862,0.5952250645300454,0.08786807547707713,0.0139956160291409,0.010153700690927026,0.015916573698247616,0.01180022835842276,0.01580385938028972,21.82999992370605
2756,2022-12-14,0.6018112275421992,0.6034577552096949,0.6075741005495198,0.5905598591869985,0.08674197744240329,-0.0043907753414358375,0.0043907753414359485,-0.001646580009666443,-0.00466520534304693,-0.0011260980346738392,21.989999771118164
2757,2022-12-15,0.5886389015178917,0.5828759761684004,0.5919319568528831,0.5804061584960715,0.07099371024357215,-0.013172326024307512,-0.020581779041294546,-0.015642143696636635,-0.010153700690927026,-0.015748267198831142,21.239999771118164
2758,2022-12-16,0.5806805884976824,0.5864435138471737,0.5872667515098363,0.5798572984928492,0.05693209557578889,-0.007958313020209218,0.0035675376787733803,-0.004665205343046819,-0.0005488600032222957,-0.01406161466778326,21.3700008392334
2759,2022-12-19,0.5858946538439516,0.5795829208334089,0.586717891506614,0.5765642431578578,0.045274130035814195,0.0052140653462691144,-0.0068605930137648485,-0.0005488600032222957,-0.003293055334991357,-0.011657965539974696,21.1200008392334
2760,2022-12-20,0.6023600875454214,0.6100439182218487,0.6125137358941777,0.5998902698730922,0.10155087931863942,0.0164654337014698,0.03046099738843977,0.02579584438756366,0.023326026715234427,0.05627674928282522,22.229999542236328
2761,2022-12-21,0.606202002883635,0.6056531428804128,0.611141638228293,0.6040066152129172,0.04146962920727688,0.003841915338213653,-0.0043907753414358375,-0.0013720976658846418,0.004116345339824967,-0.06008125011136254,22.06999969482422
2762,2022-12-22,0.5941273445236012,0.5952250645300454,0.5979693122039855,0.5905598591869985,0.053929761416887906,-0.012074658360033852,-0.010428078350367409,-0.013172326024307512,-0.013446756025918716,0.012460132209611029,21.690000534057617
2763,2022-12-23,0.5976948822023744,0.5996158398714813,0.6023600875454214,0.5952250645300454,0.038922723304171195,0.0035675376787732693,0.0043907753414358375,0.0043907753414358375,0.00466520534304693,-0.015007038112716711,21.850000381469727
2764,2022-12-27,0.6026344652048616,0.6067508628868571,0.613337025899011,0.6015367975405881,0.04399942982377991,0.004939583002487202,0.00713502301537583,0.010976938353589594,0.006311733010542664,0.0050767065196087174,22.11000061035156
2765,2022-12-28,0.6018112275421992,0.5927552468577164,0.6029088952064726,0.5927552468577164,0.03889706537426724,-0.0008232376626624571,-0.013995616029140678,-0.01042813069253834,-0.008781550682871675,-0.005102364449512675,21.600000381469727
2766,2022-12-29,0.6053787128788017,0.6029088952064726,0.6075741005495198,0.6023600875454214,0.04239402740409458,0.0035674853366025605,0.010153648348756206,0.004665205343047152,0.009604840687704952,0.0034969620298273413,21.96999931335449
2767,2022-12-30,0.6015367975405881,0.6042810452145282,0.6045554752161393,0.5938529145219901,0.05078488320296492,-0.003841915338213653,0.0013721500080555726,-0.003018625333380487,-0.008507173023431291,0.00839085579887034,22.020000457763672
