,date,open,close,high,low,volume,dopen,dclose,dhigh,dlow,dvolume,price
0,2012-01-03,0.31434996457809633,0.30849284228578927,0.3154481712674179,0.3084405353295785,0.5288245008257019,0.31434996457809633,0.30849284228578927,0.3154481712674179,0.3084405353295785,0.5288245008257019,43.496036529541016
1,2012-01-04,0.3077083975366975,0.30723773467709414,0.30891119818918183,0.30404768862303355,0.590677075514187,-0.006641567041398844,-0.0012551076086951274,-0.006536973078236086,-0.0043928467065449395,0.06185257468848515,43.319091796875
2,2012-01-05,0.30519820226856587,0.3102708997610398,0.3104277807311547,0.30373392668280375,0.7128959615673323,-0.002510195268131621,0.0030331650839456326,0.001516582541972844,-0.0003137619402298064,0.12221888605314524,43.74675369262695
3,2012-01-06,0.31152598742047627,0.3103754737749439,0.31236271917652014,0.30912038611550746,0.30526947905719864,0.006327785151910403,0.00010457401390412402,0.0019349384453654639,0.005386459432703716,-0.4076264825101336,43.7614860534668
4,2012-01-09,0.3128333820361235,0.31215353125019446,0.3131471639256119,0.31032318676799187,0.2897612971025372,0.0013073946156472172,0.0017780574752505607,0.0007844447490917839,0.0012028006524844037,-0.01550818195466147,44.0121955871582
5,2012-01-10,0.3149775084078146,0.31429765762188555,0.3152389833410923,0.31262419410979786,0.35472151328629337,0.0021441263716910908,0.0021441263716910908,0.002091819415480367,0.002301007341805994,0.06496021618375619,44.31450653076172
6,2012-01-11,0.31330404489572683,0.31325175788877474,0.3140361826886079,0.31236271917652014,0.26688184957213634,-0.0016734635120877472,-0.001045899733110811,-0.0012028006524844037,-0.00026147493327771665,-0.08783966371415702,44.16704177856445
7,2012-01-12,0.3140361826886079,0.3127287880729607,0.3157096462006956,0.3116828683905911,0.35868488214982736,0.0007321377928810602,-0.0005229698158140672,0.0016734635120876917,-0.0006798507859290259,0.09180303257769101,44.09330368041992
8,2012-01-13,0.30995711787155134,0.31048006773810677,0.3109507305977101,0.3074992096103718,0.31367662513136163,-0.004079064817056555,-0.002248720334853904,-0.0047589156029854696,-0.004183658780219313,-0.045008257018465725,43.77623748779297
9,2012-01-17,0.3130425699624491,0.31215353125019446,0.31539588426046583,0.3113167994941507,0.3297102537156583,0.003085452090897778,0.0016734635120876917,0.004445153662755719,0.0038175898837788935,0.01603362858429669,44.0121955871582
10,2012-01-18,0.31115991852403574,0.313199450932564,0.3137747077553302,0.3105323746943175,0.34338687884701996,-0.0018826514384133741,0.001045919682369556,-0.0016211765051356575,-0.0007844247998332055,0.013676625131361642,44.15965270996094
11,2012-01-19,0.31367011379216736,0.3153435773042551,0.3161280220533469,0.313199450932564,0.3865185407596457,0.002510195268131621,0.0021441263716910908,0.0023533142980167177,0.002667076238246524,0.04313166191262574,44.46197891235352
12,2012-01-20,0.3151343893779294,0.32208973830881676,0.32224661927893167,0.3137747077553302,0.5957213631586848,0.0014642755857620648,0.006746161004561657,0.0061185972255847765,0.000575256822766157,0.20920282239903915,45.41315078735352
13,2012-01-23,0.32182826337553905,0.315291290297303,0.3221943322719796,0.3146637265183261,0.5307161086923885,0.006693873997609623,-0.006798448011513747,-5.2287006952089765e-05,0.0008890187629959079,-0.06500525446629635,44.45459747314453
14,2012-01-24,0.31299026300623833,0.3033155508301525,0.31325175788877474,0.30289717497750124,1.0,-0.008838000369300714,-0.011975739467150526,-0.008942574383204838,-0.011766551540824843,0.4692838913076115,42.76608276367188
15,2012-01-25,0.3030540758968748,0.30932957404183314,0.3095910489751108,0.30043928666558034,0.9025521693439423,-0.009936187109363559,0.0060140232116806525,-0.003660708913663935,-0.002457888311920897,-0.09744783065605767,43.61402893066406
16,2012-01-26,0.3095910489751108,0.3069762597438164,0.31220583820640524,0.3067670718174908,0.6086473502477106,0.00653697307823603,-0.0023533142980167177,0.0026147892312944343,0.006327785151910459,-0.2939048190962318,43.28221130371094
17,2012-01-27,0.3051458953123551,0.3035770257634302,0.3063487159140982,0.3001778117323027,0.53491968172947,-0.004445153662755719,-0.003399233980386218,-0.00585712229230706,-0.00658926008518812,-0.07372766851824053,42.80294418334961
18,2012-01-30,0.30164208731806474,0.30389080765291865,0.30498901434224024,0.299968623805977,0.38773457438823,-0.003503807994290342,0.0003137818894884403,-0.0013597015718579408,-0.0002091879263256824,-0.14718510734124002,42.84718704223633
19,2012-01-31,0.30587805305449484,0.3048844203790774,0.30744692260341977,0.3034724318002674,0.4836360906770755,0.004235965736430092,0.0009936127261587768,0.002457908261179531,0.0035038079942903977,0.09590151628884552,42.9872932434082
20,2012-02-01,0.30619181499472464,0.30995711787155134,0.31152598742047627,0.30598262706839896,0.5528899564629935,0.0003137619402298064,0.00507269749247391,0.004079064817056499,0.0025101952681315653,0.06925386578591802,43.70251083374024
21,2012-02-02,0.30901579215234465,0.3105846617012696,0.3107415426713845,0.30823134740325286,0.3905569734274133,0.0028239771576200057,0.0006275438297182467,-0.0007844447490917839,0.002248720334853904,-0.16233298303558025,43.79099655151367
22,2012-02-03,0.311578294376687,0.3144022515850484,0.31445455854125914,0.31100303755392084,0.4998198468698394,0.0025625022243423445,0.003817589883778838,0.0037130158698746585,0.0027716901506679714,0.10926287344242608,44.32925796508789
23,2012-02-06,0.30901579215234465,0.3102708997610398,0.31262419410979786,0.30901579215234465,0.28320072061252066,-0.0025625022243423445,-0.004131351824008644,-0.0018303644314612844,-0.0019872454015761876,-0.21661912625731872,43.74675369262695
24,2012-02-07,0.3085451292927413,0.31241502613273087,0.3137747077553302,0.3085451292927413,0.32829905419606664,-0.00047066285960334353,0.0021441263716910908,0.001150513645532314,-0.00047066285960334353,0.04509833358354598,44.049049377441406
25,2012-02-08,0.3119966502800796,0.31299026300623833,0.313199450932564,0.3096433359820629,0.3908572286443477,0.003451520987338308,0.0005752368735074675,-0.000575256822766157,0.0010982066893215903,0.06255817444828105,44.13017272949219
26,2012-02-09,0.31325175788877474,0.313199450932564,0.3152389833410923,0.310898443590758,0.30641044888154934,0.0012551076086951274,0.0002091879263256824,0.0020395324085282773,0.0012551076086951274,-0.08444677976279835,44.15965270996094
27,2012-02-10,0.3107415426713845,0.3105323746943175,0.3119443632731275,0.30838824832262646,0.27917730070559976,-0.0025102152173902548,-0.002667076238246524,-0.003294620067964771,-0.0025101952681315653,-0.027233148175949573,43.78362274169922
28,2012-02-13,0.31215353125019446,0.30849284228578927,0.31361782678521527,0.30744692260341977,0.38555772406545563,0.001411988578809975,-0.002039532408528222,0.0016734635120877472,-0.0009413257192066871,0.10638042335985587,43.496036529541016
29,2012-02-14,0.30640100292105027,0.3093818610487852,0.3095387420189,0.30608722103156183,0.3576490016514037,-0.005752528329144191,0.0008890187629959079,-0.004079084766315244,-0.0013597015718579408,-0.027908722414051956,43.62139129638672
30,2012-02-15,0.3096956429382736,0.31006171183471415,0.3118920563169168,0.30870201026285626,0.43067107040984837,0.003294640017223349,0.0006798507859289704,0.002353314298016773,0.0026147892312944343,0.07302206875844469,43.71725082397461
31,2012-02-16,0.3106892556644324,0.31084613663454724,0.31225812521335733,0.30875431721906693,0.4196667167092028,0.0009936127261587768,0.0007844247998330944,0.0003660688964405301,5.2306956210668165e-05,-0.011004353700645564,43.82785415649414
32,2012-02-17,0.3121012442432424,0.31299026300623833,0.3137747077553302,0.31100303755392084,0.40683080618525747,0.0014119885788100306,0.0021441263716910908,0.001516582541972844,0.002248720334853904,-0.012835910523945337,44.13017272949219
33,2012-02-21,0.31351323282205246,0.30995711787155134,0.3137224207483781,0.3084405353295785,0.3842666266326377,0.0014119885788100306,-0.0030331451346869986,-5.2287006952089765e-05,-0.0025625022243423445,-0.022564179552619745,43.70251083374024
34,2012-02-22,0.3102708997610398,0.30823134740325286,0.3127810950291714,0.3076038035735346,0.4367362257919231,-0.003242333061012681,-0.001725770468298471,-0.0009413257192066871,-0.0008367317560438736,0.052469599159285396,43.459171295166016
35,2012-02-23,0.3079175854630231,0.3083359413664157,0.31115991852403574,0.3064532899280023,0.41962167842666265,-0.002353314298016662,0.00010459396316281344,-0.0016211765051356575,-0.001150513645532314,-0.01711454736526047,43.47393035888672
36,2012-02-24,0.3084405353295785,0.3064532899280023,0.31006171183471415,0.3054596772018436,0.32480108091878096,0.0005229498665553778,-0.0018826514384133741,-0.0010982066893215903,-0.0009936127261587213,-0.09482059750788169,43.20847702026367
37,2012-02-27,0.30519820226856587,0.3064532899280023,0.3077083975366975,0.30289717497750124,0.3441074913676625,-0.0032423330610126255,0.0,-0.002353314298016662,-0.0025625022243423445,0.01930641044888154,43.20847702026367
38,2012-02-28,0.3067670718174908,0.3054073901948915,0.3076038035735346,0.3047798264159146,0.2895811439723765,0.0015688695489249338,-0.001045899733110811,-0.00010459396316286895,0.0018826514384133741,-0.054526347395286,43.061031341552734
39,2012-02-29,0.3054073901948915,0.3031586698600376,0.30692395278760565,0.30064847459190597,0.6678426662663264,-0.001359681622599307,-0.002248720334853904,-0.0006798507859289704,-0.004131351824008644,0.3782615222939499,42.74396514892578
40,2012-03-01,0.3032632638232004,0.3055119642087956,0.3077606845436495,0.3026357000442235,0.4432217384777061,-0.0021441263716910908,0.0023532943487580282,0.0008367317560438736,0.0019872254523175537,-0.2246209277886203,43.07576370239258
41,2012-03-02,0.30153749335490193,0.3033678378371046,0.30373392668280375,0.30049157367253243,0.33119651703948355,-0.001725770468298471,-0.0021441263716910353,-0.0040267578608457755,-0.0021441263716910908,-0.11202522143822252,42.7734603881836
42,2012-03-05,0.30289717497750124,0.3059303400614469,0.3065578838911651,0.30043928666558034,0.4843116649151779,0.001359681622599307,0.0025625022243423445,0.0028239572083613718,-5.2287006952089765e-05,0.15311514787569436,43.134742736816406
43,2012-03-06,0.3035247387564781,0.2980336853606116,0.30420456959314846,0.297144646648357,0.5554721513286294,0.0006275637789768806,-0.007896654700835337,-0.002353314298016662,-0.003294640017223349,0.07116048641345146,42.021366119384766
44,2012-03-07,0.2960987269659875,0.2974061215816347,0.2982951602938893,0.29212425611209375,0.5172496622128809,-0.0074260117904906275,-0.0006275637789768806,-0.00590940929925915,-0.005020390536263242,-0.03822248911574844,42.23674011230469
45,2012-03-08,0.29782449743428596,0.29860892223411906,0.29949796094637365,0.29541889612931715,0.3494220087074013,0.001725770468298471,0.0012028006524843482,0.0012028006524843482,0.0032946400172234047,-0.16782765350547962,42.40755081176758
46,2012-03-09,0.29975943587965137,0.3012760184216242,0.3013283054285763,0.29860892223411906,0.37024470800180154,0.0019349384453654084,0.002667096187505158,0.0018303444822026504,0.003190026104801902,0.020822699294400226,42.78633499145508
47,2012-03-12,0.3011191374515093,0.3012760184216242,0.30258341303727143,0.30070076159885806,0.40451884101486263,0.0013597015718579408,0.0,0.0012551076086951274,0.002091839364739001,0.03427413301306109,42.78633499145508
48,2012-03-13,0.303001768940664,0.3054596772018436,0.305773459091332,0.30064847459190597,0.5241255066806786,0.0018826314891546847,0.004183658780219368,0.0031900460540605913,-5.2287006952089765e-05,0.11960666566581596,43.380489349365234
49,2012-03-14,0.30504132129845096,0.30828365435946364,0.30943414805573727,0.30389080765291865,0.552754841615373,0.0020395523577869668,0.002823977157620061,0.0036606889644052454,0.003242333061012681,0.02862933493469444,43.781532287597656
50,2012-03-15,0.3077083975366975,0.3089635051453926,0.3104277807311547,0.30692395278760565,0.38815493169193815,0.002667076238246524,0.0006798507859289704,0.0009936326754174107,0.0030331451346869986,-0.16459990992343487,43.87807846069336
51,2012-03-16,0.3121012442432424,0.3095910489751108,0.31367011379216736,0.3089635051453926,0.9934994745533704,0.0043928467065449395,0.0006275438297181912,0.003242333061012681,0.0020395523577869668,0.6053445428614322,43.96721267700195
52,2012-03-19,0.3099048109153406,0.30917267312245955,0.3114737004135242,0.3086497232559041,0.3924335685332533,-0.0021964333279018144,-0.00041837585265125377,-0.0021964133786431805,-0.00031378188948849584,-0.6010659060201171,43.90778732299805
53,2012-03-20,0.3071331407139313,0.3093818610487852,0.31110763151708365,0.3067670718174908,0.45770905269479056,-0.0027716702014093375,0.00020918792632562688,-0.0003660688964405301,-0.0018826514384133186,0.06527548416153728,43.937496185302734
54,2012-03-21,0.3075515165665826,0.30598262706839896,0.3086497232559041,0.30504132129845096,0.6050292748836511,0.0004183758526513093,-0.003399233980386218,-0.002457908261179531,-0.001725750519039837,0.14732022218886054,43.45474243164063
55,2012-03-22,0.30519820226856587,0.3031586698600376,0.3054073901948915,0.3030540758968748,0.4414502326977931,-0.0023533142980167177,-0.0028239572083613718,-0.0032423330610126255,-0.0019872454015761876,-0.163579042185858,43.0536994934082
56,2012-03-23,0.30415228258619637,0.304361470512522,0.30519820226856587,0.30310636290382686,0.4483561026872842,-0.0010459196823695005,0.0012028006524844037,-0.00020918792632562688,5.2287006952089765e-05,0.006905869989491109,43.22450637817383
57,2012-03-26,0.3068716657806536,0.3077606845436495,0.30891119818918183,0.3055642711650064,0.49058699894910673,0.0027193831944572477,0.0033992140311275287,0.003712995920615969,0.002457908261179531,0.042230896261822526,43.70724868774414
58,2012-03-27,0.30796987246997515,0.3058257460982841,0.30870201026285626,0.3057211521351213,0.5450683080618526,0.0010982066893215348,-0.0019349384453654084,-0.00020918792632557137,0.0001568809701149032,0.054481309112745846,43.43245315551758
59,2012-03-28,0.30587805305449484,0.30734232864025696,0.30812675344009005,0.3058257460982841,0.8316619126257319,-0.0020918194154803116,0.001516582541972844,-0.0005752568227662125,0.00010459396316281344,0.2865936045638793,43.6478385925293
60,2012-03-29,0.305773459091332,0.3067147848105387,0.30723773467709414,0.3053027962317287,0.32364509833358357,-0.00010459396316281344,-0.0006275438297182467,-0.0008890187629959079,-0.0005229498665554333,-0.5080168142921483,43.55872344970703
61,2012-03-30,0.308806604226019,0.3095910489751108,0.3105846617012696,0.3066101908473759,0.3939648701396187,0.0030331451346869986,0.0028762641645720954,0.003346927024175439,0.0013073946156472172,0.0703197718060351,43.96721267700195
62,2012-04-02,0.3098525239083885,0.3102708997610398,0.31246731313968296,0.3068716657806536,0.37031977180603515,0.0010459196823695005,0.0006798507859289704,0.0018826514384133741,0.00026147493327771665,-0.023645098333583525,44.06375503540039
63,2012-04-03,0.3102708997610398,0.3100094048785035,0.31136910645036137,0.3079175854630231,0.426887854676475,0.00041837585265125377,-0.00026149488253629505,-0.0010982066893215903,0.0010459196823695005,0.05656808287043985,44.02660751342773
64,2012-04-04,0.3076561105297454,0.3096956429382736,0.31084613663454724,0.30640100292105027,0.4076264825101336,-0.002614789231294379,-0.0003137619402298619,-0.0005229698158141227,-0.001516582541972844,-0.019261372166341384,43.9820556640625
65,2012-04-05,0.3090680791592967,0.3079175854630231,0.3107415426713845,0.3072900216840462,0.440009007656508,0.0014119686295512857,-0.0017780574752505052,-0.00010459396316275793,0.0008890187629959079,0.03238252514637441,43.72954559326172
66,2012-04-09,0.30383850069670787,0.3035770257634302,0.305773459091332,0.30289717497750124,0.5161387179102237,-0.005229578462588813,-0.004340559699592905,-0.0049680835800524625,-0.0043928467065449395,0.07612971025371568,43.11310577392578
67,2012-04-10,0.3033678378371046,0.3020081562145053,0.3046752324527518,0.3020081562145053,0.5044587899714758,-0.000470662859603288,-0.0015688695489249338,-0.0010982266385802242,-0.0008890187629959634,-0.011679927938747947,42.89031600952149
68,2012-04-11,0.30493672733528815,0.30420456959314846,0.30493672733528815,0.3030540758968748,0.309157784116499,0.0015688894981835677,0.0021964133786431805,0.00026149488253635056,0.0010459196823695005,-0.19530100585497673,43.20223617553711
69,2012-04-12,0.3047798264159146,0.3090680791592967,0.30943414805573727,0.3030540758968748,0.3510283741180003,-0.00015690091937353712,0.0048635095661482275,0.004497420720449119,0.0,0.041870590001501284,43.8929328918457
70,2012-04-13,0.3089635051453926,0.30394309465987074,0.30927726708562236,0.30389080765291865,0.4249211830055547,0.004183678729478002,-0.005124984499425944,-0.0001568809701149032,0.0008367317560438736,0.0738928088875544,43.16510009765625
71,2012-04-16,0.30561655817195843,0.3093818610487852,0.3103754737749439,0.30561655817195843,0.3751839063203723,-0.003346946973434184,0.00543876638891444,0.0010982066893215348,0.0017257505190397815,-0.04973727668518241,43.937496185302734
72,2012-04-17,0.31330404489572683,0.3137224207483781,0.3188996922547562,0.3119966502800796,0.570590001501276,0.0076874867237684,0.004340559699592905,0.008524218479812273,0.0063800921081211825,0.19540609518090374,44.55392837524414
73,2012-04-18,0.3137747077553302,0.31100303755392084,0.31471603347453686,0.3106369686574803,0.34658459690737126,0.00047066285960334353,-0.0027193831944572477,-0.004183658780219313,-0.001359681622599307,-0.22400540459390478,44.1677360534668
74,2012-04-19,0.31978873096701077,0.3226649951315829,0.3265348720223138,0.3190565732248711,0.9240354301155983,0.006014023211680597,0.011661957577662085,0.011818838547776933,0.00841960456739077,0.5774508332082271,45.82392501831055
75,2012-04-20,0.3237632018209045,0.32815604852744945,0.32894049327654123,0.32303106402802345,0.7249812340489415,0.003974470853893741,0.00549105339586653,0.0024056212542274413,0.003974490803152375,-0.19905419606665675,46.6037483215332
76,2012-04-23,0.3232402519543491,0.3289927802834933,0.32951573015004876,0.3225080942122094,0.6248311064404743,-0.0005229498665554333,0.0008367317560438736,0.0005752368735075231,-0.0005229698158140672,-0.1001501276084672,46.72257614135742
77,2012-04-24,0.3285744243801007,0.33139838158846213,0.3326011822409465,0.32721472280824276,0.5696892358504729,0.0053341724257516265,0.0024056013049688074,0.0030854520908977223,0.00470662859603338,-0.05514187059000142,47.064208984375
78,2012-04-25,0.33265348919715726,0.3335425079601532,0.33437923971619704,0.33134609458151004,0.5561627383275785,0.004079064817056555,0.0021441263716910908,0.0017780574752505607,0.004131371773267278,-0.013526497522894476,47.36872863769531
79,2012-04-26,0.33479759561958966,0.3387197794665313,0.33898127434906766,0.332235113344506,0.570274733523495,0.0021441064224324013,0.005177271506378089,0.004602034632870622,0.0008890187629959634,0.014111995195916549,48.10397720336914
80,2012-04-27,0.33861520545262713,0.33474532856189626,0.33861520545262713,0.3339085768565937,0.5040234199069209,0.003817609833037472,-0.003974450904635052,-0.0003660688964405301,0.0016734635120876917,-0.0662513136165741,47.539546966552734
81,2012-04-30,0.3344315466724078,0.33636648511777323,0.33845832448251223,0.3333856269900383,0.499624680978832,-0.004183658780219313,0.001621156555876968,-0.0001568809701149032,-0.0005229498665553778,-0.004398738928088897,47.76976776123047
82,2012-05-01,0.33866751240883786,0.33783076070353535,0.3398702931120636,0.337150929866865,0.5465845969073713,0.004235965736430036,0.0014642755857621204,0.0014119686295513967,0.0037653028768266927,0.046959915928539264,47.977725982666016
83,2012-05-02,0.33767387973342045,0.3385628984964164,0.33898127434906766,0.33568665428110295,0.3410599009157784,-0.0009936326754174107,0.0007321377928810602,-0.0008890187629959634,-0.0014642755857620648,-0.20552469599159284,48.08170318603516
84,2012-05-03,0.33861520545262713,0.33861520545262713,0.3413345686978257,0.3377784537473246,0.44533853775709353,0.0009413257192066871,5.2306956210723676e-05,0.0023532943487580282,0.0020917994662216777,0.10427863684131511,48.08912658691406
85,2012-05-04,0.3390335813052784,0.3373078108369799,0.3390335813052784,0.3342746457530342,0.43742681279087225,0.00041837585265125377,-0.0013073946156472172,-0.0023009873925473046,-0.0035038079942903977,-0.007911724966221279,47.9034538269043
86,2012-05-07,0.3362619111038691,0.3377784537473246,0.3390335813052784,0.3332287460199234,0.3491367662513136,-0.002771670201409282,0.0004706429103447096,0.0,-0.001045899733110811,-0.08829004653955863,47.97029495239258
87,2012-05-08,0.33688943498432866,0.33673255401421376,0.3395565311718338,0.33453614063557063,0.45838462693289295,0.0006275238804595573,-0.0010458997331108666,0.0005229498665554333,0.0013073946156472172,0.10924786068157932,47.82175827026367
88,2012-05-09,0.3339608838128045,0.3342746457530342,0.33636648511777323,0.3326011822409465,0.39494069959465544,-0.002928551171524185,-0.002457908261179531,-0.0031900460540605913,-0.0019349583946241533,-0.0634439273382375,47.47268295288086
89,2012-05-10,0.3358435352512178,0.338039948629861,0.33898127434906766,0.33573892133879635,0.3757994295150878,0.0018826514384133186,0.0037653028768267482,0.0026147892312944343,0.0031377390978498676,-0.01914127007956762,48.00743103027344
90,2012-05-11,0.3351113974583368,0.3379353746159568,0.33913815531918257,0.33349022095320113,0.37165590752139316,-0.0007321377928810047,-0.00010457401390417953,0.0001568809701149032,-0.002248700385595215,-0.0041435219936946655,47.99258804321289
91,2012-05-14,0.33579122829500707,0.3372032368230758,0.33992260006827435,0.3354774663547773,0.6477555922534154,0.000679830836670281,-0.0007321377928810047,0.0007844447490917839,0.0019872454015761876,0.27609968473202223,47.88860321044922
92,2012-05-15,0.33751699876330554,0.3354774663547773,0.33882439337895276,0.33448383367935985,0.3969373967872692,0.001725770468298471,-0.001725770468298471,-0.0010982066893215903,-0.0009936326754174662,-0.2508181954661462,47.64351272583008
93,2012-05-16,0.3361572971914476,0.33265348919715726,0.33772618668963117,0.33265348919715726,0.35093829755292,-0.0013597015718579408,-0.002823977157620061,-0.0010982066893215903,-0.001830344482202595,-0.045999099234349194,47.24244689941406
94,2012-05-17,0.33333333998308623,0.32789457359417173,0.3342746457530342,0.3276853856678461,0.63679627683531,-0.0028239572083613718,-0.004758915602985525,-0.003451540936596942,-0.004968103529311152,0.28585797928239004,46.56661987304688
95,2012-05-18,0.3296203241132116,0.32517519039971454,0.3296203241132116,0.3244430526068335,0.45817444828103887,-0.003713015869874603,-0.0027193831944571922,-0.004654321639822601,-0.0032423330610126255,-0.17862182855427117,46.18041610717773
96,2012-05-21,0.3258550411856435,0.32789457359417173,0.3288881863203305,0.3244430526068335,0.3382825401591353,-0.0037652829275681143,0.0027193831944571922,-0.0007321377928811157,0.0,-0.11989190812190359,46.56661987304688
97,2012-05-22,0.3275285046977312,0.32852211742389,0.3304570558692554,0.3254366653329922,0.3806785767902717,0.0016734635120876917,0.0006275438297182467,0.0015688695489248783,0.0009936127261587213,0.04239603663113645,46.6557502746582
98,2012-05-23,0.32590732819259555,0.3300909869728149,0.33056164983241826,0.3252274774066666,0.2970424861131962,-0.0016211765051356575,0.0015688695489249338,0.00010459396316286895,-0.00020918792632562688,-0.0836360906770755,46.878536224365234
99,2012-05-24,0.3300386999658628,0.3304570558692554,0.3308754317219067,0.32684865391180223,0.2776610118600811,0.004131371773267278,0.0003660688964404746,0.0003137818894884403,0.0016211765051356575,-0.01938147425311515,46.93052291870117
100,2012-05-25,0.3297249180763744,0.3273716037783576,0.33124150061834723,0.3264825850153617,0.37869689235850473,-0.0003137818894884403,-0.003085452090897778,0.0003660688964405301,-0.0003660688964405301,0.10103588049842366,46.49234390258789
101,2012-05-29,0.3299341060027,0.3288358993133784,0.33066624379558107,0.32789457359417173,0.4315568232998048,0.00020918792632562688,0.0014642955350208098,-0.000575256822766157,0.0014119885788100306,0.05285993094130009,46.700313568115234
102,2012-05-30,0.3269009409187543,0.3236586078577417,0.3269009409187543,0.3236586078577417,0.4396787269178802,-0.003033165083945688,-0.005177291455636723,-0.0037653028768267482,-0.004235965736430036,0.008121903618075355,45.96503448486328
103,2012-05-31,0.3237632018209045,0.3267963669048502,0.32935884917993385,0.3236586078577417,0.560201170995346,-0.003137739097849812,0.0031377590471085015,0.002457908261179531,0.0,0.12052244407746587,46.4106674194336
104,2012-06-01,0.323449419931416,0.31680787283927586,0.32538437832604017,0.31659868491295023,0.591968172947005,-0.00031378188948849584,-0.009988494065574338,-0.003974470853893686,-0.0070599229447914635,0.031767001951658935,44.99211502075195
105,2012-06-04,0.3179583665355495,0.31576195315690636,0.3193180681074074,0.31487291444465176,0.4103738177450833,-0.00549105339586653,-0.0010459196823695005,-0.006066310218632742,-0.001725770468298471,-0.1815943552019217,44.84357452392578
106,2012-06-05,0.3141930836079814,0.3179583665355495,0.31837674238820074,0.3141930836079814,0.41770004503828256,-0.003765282927568059,0.002196413378643125,-0.0009413257192066871,-0.0006798308366703365,0.007326227293199261,45.15550994873047
107,2012-06-06,0.3192134741442446,0.3223512132420945,0.3223512132420945,0.31696475380939076,0.38309563128659363,0.005020390536263186,0.004392846706544995,0.003974470853893741,0.0027716702014093375,-0.034604413751688934,46.128360748291016
108,2012-06-07,0.32329253896130117,0.3237632018209045,0.3271624358012907,0.3224558072052573,0.45291998198468697,0.004079064817056555,0.0014119885788100306,0.004811222559196193,0.00549105339586653,0.06982435069809334,46.33042144775391
109,2012-06-08,0.3232402519543491,0.32496600247338886,0.32512288344350376,0.3228218761016978,0.2883500975829455,-5.2287006952089765e-05,0.0012028006524843482,-0.0020395523577869112,0.0003660688964405301,-0.16456988440174147,46.50252914428711
110,2012-06-11,0.3290450672904454,0.32193285733870186,0.3290450672904454,0.32156678844226133,0.49027173097132565,0.005804815336096336,-0.0030331451346869986,0.0039221838469416515,-0.0012550876594364935,0.20192163338838015,46.06850051879883
111,2012-06-12,0.3224035201983052,0.32392008279101936,0.32392008279101936,0.32088693765633236,0.33028073862783364,-0.00664154709214021,0.001987225452317498,-0.005124984499426055,-0.0006798507859289704,-0.159990992343492,46.35287857055664
112,2012-06-13,0.3224558072052573,0.3224035201983052,0.32439074565062276,0.321096125582658,0.3255066806785768,5.2287006952089765e-05,-0.0015165625927141546,0.00047066285960339904,0.00020918792632562688,-0.004774057949256838,46.135841369628906
113,2012-06-14,0.3224558072052573,0.3300909869728149,0.3310323126920216,0.3224035201983052,0.4461041885602762,0.0,0.00768746677450971,0.006641567041398844,0.0013073946156472172,0.12059750788169943,47.23591995239258
114,2012-06-15,0.3320782323743911,0.33160756951478776,0.33249660822704236,0.32867899839400483,0.617354751538808,0.009622425169133808,0.001516582541972844,0.0014642955350207543,0.006275478195699624,0.1712505629785318,47.45296096801758
115,2012-06-18,0.3307708377587439,0.3298295120395372,0.3330718451005498,0.3291496612536082,0.25290496922384026,-0.0013073946156472172,-0.0017780574752505607,0.0005752368735074675,0.00047066285960334353,-0.3644497823149678,47.19850158691406
116,2012-06-19,0.33139838158846213,0.3318167574411134,0.3335425079601532,0.3308754317219067,0.26228794475304007,0.0006275438297182467,0.0019872454015761876,0.00047066285960339904,0.0017257704682985264,0.00938297552919981,47.48286437988281
117,2012-06-20,0.33150297555162495,0.3339085768565937,0.33526827842845164,0.33139838158846213,0.24795075814442277,0.00010459396316281344,0.0020918194154803116,0.0017257704682984154,0.0005229498665554333,-0.014337186608617297,47.7822151184082
118,2012-06-21,0.33448383367935985,0.32726702976445354,0.33526827842845164,0.32684865391180223,0.32631736976429965,0.002980858127734909,-0.006641547092140154,0.0,-0.004549727676659898,0.07836661161987687,46.83181381225586
119,2012-06-22,0.32805145456428664,0.33129378762529926,0.33333333998308623,0.32784226663796096,0.5821798528749437,-0.006432379115073217,0.00402675786084572,-0.0019349384453654084,0.0009936127261587213,0.255862483110644,47.40804290771485
120,2012-06-25,0.3287835923571677,0.32501830942959964,0.3289927802834933,0.3245999335769484,0.30594505329530103,0.0007321377928810602,-0.006275478195699624,-0.004340559699592905,-0.00324233306101257,-0.27623479957964264,46.51001739501953
121,2012-06-26,0.3258550411856435,0.32501830942959964,0.32632570404524686,0.3236063208507896,0.2985737877195616,-0.002928551171524185,0.0,-0.0026670762382464686,-0.0009936127261587768,-0.007371265575739416,46.51001739501953
122,2012-06-27,0.32601192215575836,0.3285744243801007,0.32951573015004876,0.3249137154664368,0.2704248611319622,0.0001568809701148477,0.003556114950501066,0.003190026104801902,0.0013073946156472172,-0.028148926587599432,47.01890182495117
123,2012-06-28,0.32684865391180223,0.32867899839400483,0.3289927802834933,0.323449419931416,0.34677976279837863,0.0008367317560438736,0.00010457401390412402,-0.0005229498665554333,-0.0014642955350208098,0.07635490166641645,47.03386688232422
124,2012-06-29,0.332967251137387,0.33385628984964166,0.33479759561958966,0.3318167574411134,0.2933193214232097,0.0061185972255847765,0.005177291455636834,0.005804815336096336,0.00836733750969737,-0.05346044137516892,47.77473068237305
125,2012-07-02,0.3351113974583368,0.3342746457530342,0.33552977331098804,0.33244430127083163,0.3439423509983486,0.00214414632094978,0.00041835590339256434,0.0007321776913983835,0.0006275438297182467,0.05062302957513887,47.83460235595703
126,2012-07-03,0.33333333998308623,0.3353728524423558,0.33558204036868144,0.3330718451005498,0.17893709653205225,-0.0017780574752505607,0.0010982066893215903,5.226705769340034e-05,0.0006275438297181912,-0.16500525446629632,47.99175643920898
127,2012-07-05,0.3341700717391301,0.33448383367935985,0.3364710591316774,0.3331764390637127,0.30240204173547514,0.0008367317560438736,-0.0008890187629959634,0.0008890187629959634,0.00010459396316286895,0.12346494520342288,47.86454391479492
128,2012-07-06,0.3321828263375539,0.330823124765696,0.33359481491636395,0.3290450672904454,0.2797327728569284,-0.0019872454015761876,-0.0036607089136638793,-0.0028762442153134615,-0.004131371773267278,-0.022669268878546756,47.34069061279297
129,2012-07-09,0.3299341060027,0.3298295120395372,0.3320782323743911,0.3294111561361446,0.2750337787119051,-0.002248720334853904,-0.0009936127261587768,-0.001516582541972844,0.000366088845699164,-0.004698994145023283,47.19850158691406
130,2012-07-10,0.3307185507517918,0.33056164983241826,0.3331241520567606,0.3271624358012907,0.3658609818345594,0.0007844447490917839,0.0007321377928810602,0.0010459196823695005,-0.002248720334853904,0.0908272031226543,47.30326843261719
131,2012-07-11,0.33050936282546617,0.3270055348819172,0.3311369066551844,0.32569814026627,0.3655156883350848,-0.00020918792632562688,-0.003556114950501066,-0.0019872454015761876,-0.0014642955350206988,-0.0003452934994745971,46.79438400268555
132,2012-07-12,0.32439074565062276,0.325488972289203,0.32684865391180223,0.3221420253157688,0.34084972226392435,-0.00611861717484341,-0.0015165625927142101,-0.0042882527433821815,-0.003556114950501177,-0.02466596607116045,46.57737731933594
133,2012-07-13,0.32569814026627,0.33014329392902564,0.33014329392902564,0.3247045275401112,0.30963819246359403,0.0013073946156472172,0.004654321639822656,0.0032946400172234047,0.0025625022243424,-0.031211529800330318,47.2433967590332
134,2012-07-16,0.33019558093597773,0.32711012884507995,0.33019558093597773,0.3266394659854766,0.24870139618675874,0.004497440669707753,-0.003033165083945688,5.2287006952089765e-05,0.0019349384453654084,-0.06093679627683529,46.809349060058594
135,2012-07-17,0.3283129294975644,0.3310846196482323,0.33124150061834723,0.3249137154664368,0.3319171295601261,-0.0018826514384133186,0.003974490803152375,0.0010459196823695005,-0.0017257505190397815,0.08321573337336735,47.37810897827149
136,2012-07-18,0.32951573015004876,0.3346930216056855,0.3354774663547773,0.32951573015004876,0.47545413601561326,0.0012028006524843482,0.0036084019574531556,0.004235965736430092,0.0046020146836119324,0.14353700645548717,47.89447021484375
137,2012-07-19,0.3374123848508841,0.3330718451005498,0.3379353746159568,0.3300386999658628,0.5111244557874193,0.007896654700835337,-0.0016211765051356575,0.0024579082611794756,0.0005229698158140672,0.035670319771806014,47.66246795654297
138,2012-07-20,0.3309800256850695,0.3279468606011238,0.3318690444480655,0.32606420916271045,0.41369163789220836,-0.006432359165814583,-0.005124984499426,-0.006066330167891321,-0.003974490803152375,-0.09743281789521091,46.92908477783203
139,2012-07-23,0.3237109148139524,0.32287418305790855,0.3238677957840673,0.3202593938266141,0.4305359555622279,-0.00726911087111709,-0.005072677543215276,-0.00800124866399815,-0.005804815336096336,0.016844317670019537,46.20319747924805
140,2012-07-24,0.3225604011684201,0.31842902939515283,0.3225604011684201,0.3170170408163428,0.4195015763398889,-0.001150513645532314,-0.004445153662755719,-0.0013073946156472172,-0.003242353010271315,-0.01103437922233902,45.567115783691406
141,2012-07-25,0.31989330498091495,0.3188996922547562,0.32156678844226133,0.31863821732147846,0.5199669719261372,-0.002667096187505158,0.00047066285960334353,-0.0009936127261587768,0.0016211765051356575,0.10046539558624829,45.63444137573242
142,2012-07-26,0.32308335103497554,0.3221943322719796,0.3275807917046833,0.32198514434565395,0.40806185257468847,0.0031900460540605913,0.0032946400172234047,0.006014003262421963,0.0033469270241754945,-0.1119051193514487,46.10590744018555
143,2012-07-27,0.3246522405331591,0.32799916755733455,0.3309277187288588,0.3226649951315829,0.4212430565981084,0.0015688894981835677,0.00580483528535497,0.0033469270241754945,0.0006798507859289704,0.013181204023419935,46.93658447265625
144,2012-07-30,0.3285744243801007,0.33056164983241826,0.3328626771234829,0.3276853856678461,0.39753790722113796,0.003922183846941596,0.0025624822750837106,0.0019349583946240978,0.005020390536263186,-0.023705149376970436,47.30326843261719
145,2012-07-31,0.32946344314309667,0.327633098660894,0.3319213514042762,0.3265871789785245,0.5035279987989791,0.0008890187629959634,-0.0029285511715242407,-0.0009413257192066871,-0.0010982066893215903,0.10599009157784117,46.88420486450195
146,2012-08-01,0.33040476886230336,0.33129378762529926,0.3341177647829193,0.32998639300965205,0.4872691788019817,0.0009413257192066871,0.0036606889644052454,0.002196413378643125,0.0033992140311275287,-0.016258819996997464,47.40804290771485
147,2012-08-02,0.32826064249061226,0.3287835923571677,0.3307185507517918,0.3265871789785245,0.3305960066056148,-0.0021441263716910908,-0.0025101952681315653,-0.0033992140311275287,-0.0033992140311275287,-0.1566731721963669,47.04883193969727
148,2012-08-03,0.332914964130435,0.3331764390637127,0.335059090502126,0.33239201426387954,0.4073862783365861,0.004654321639822712,0.004392846706544995,0.004340539750334216,0.005804835285355026,0.0767902717309713,47.67744827270508
149,2012-08-06,0.3341177647829193,0.3321828263375539,0.3352159714722409,0.3320782323743911,0.23019066206275335,0.0012028006524843482,-0.0009936127261587768,0.0001568809701149032,-0.0003137818894884403,-0.17719561627383273,47.53526306152344
150,2012-08-07,0.33239201426387954,0.33139838158846213,0.3342746457530342,0.33030017489914054,0.2932292448581294,-0.0017257505190397815,-0.0007844447490917839,-0.0009413257192066871,-0.0017780574752505607,0.06303858279537605,47.42300796508789
151,2012-08-08,0.32998639300965205,0.33369940887952676,0.335059090502126,0.3297249180763744,0.29034679477555925,-0.002405621254227497,0.002301027291064628,0.0007844447490917839,-0.000575256822766157,-0.0028824500825701538,47.75227737426758
152,2012-08-09,0.33349022095320113,0.3341177647829193,0.3358435352512178,0.3333856269900383,0.24924185557724066,0.003503827943549087,0.00041835590339256434,0.0007844447490917839,0.003660708913663935,-0.04110493919831859,47.81215286254883
153,2012-08-10,0.3331764390637127,0.33458842764252267,0.3352159714722409,0.33155528250783567,0.2914127007956763,-0.0003137818894884403,0.00047066285960334353,-0.0006275637789768806,-0.0018303444822026504,0.04217084521843567,47.8795051574707
154,2012-08-13,0.33375169588647885,0.3332810330268755,0.33458842764252267,0.33249660822704236,0.21110944302657259,0.000575256822766157,-0.0013073946156471616,-0.0006275438297182467,0.0009413257192066871,-0.08030325776910374,47.69242858886719
155,2012-08-14,0.3335425079601532,0.33228742030071673,0.3350067835459153,0.3317121634779506,0.2116649151779012,-0.00020918792632562688,-0.0009936127261587768,0.00041835590339261985,-0.0007844447490917839,0.0005554721513286176,47.55022430419922
156,2012-08-15,0.3321828263375539,0.3333856269900383,0.335948109265122,0.33160756951478776,0.19842366011109444,-0.001359681622599307,0.0010982066893215903,0.0009413257192066871,-0.00010459396316281344,-0.013241255066806762,47.70738983154297
157,2012-08-16,0.333647101923316,0.3348499025758004,0.33542515939856654,0.3321828263375539,0.19030175649301906,0.0014642755857620648,0.0014642755857620648,-0.0005229498665554333,0.000575256822766157,-0.008121903618075382,47.91693115234375
158,2012-08-17,0.3369417419405394,0.34060243090494463,0.34091623274369176,0.33652336608788813,0.4741780513436421,0.0032946400172234047,0.005752528329144246,0.005491073345125219,0.004340539750334216,0.28387629485062305,48.74010848999024
159,2012-08-20,0.33981802605437017,0.3432695270924498,0.34332183404866057,0.33892896739285694,0.5175198919081219,0.002876284113830785,0.002667096187505158,0.0024056013049688074,0.0024056013049688074,0.04334184056447976,49.12177658081055
160,2012-08-21,0.34321722013623907,0.3411254206700174,0.3436879029451011,0.33960883812804454,0.5141870590001502,0.003399194081868895,-0.0021441064224324013,0.0003660688964405301,0.0006798707351876043,-0.0033328329079717056,48.814937591552734
161,2012-08-22,0.3408116188312703,0.3422758944170324,0.34332183404866057,0.33976571909815945,0.3203573037081519,-0.002405601304968752,0.0011504737470149906,-0.0003660688964405301,0.0001568809701149032,-0.19382975529199825,48.97957611083984
162,2012-08-23,0.34190982552059185,0.3388767003351635,0.3425373892995688,0.3376215727772097,0.32919981984686986,0.0010982066893215348,-0.003399194081868895,-0.0007844447490917839,-0.0021441463209497247,0.008842516138717949,48.49315643310547
163,2012-08-24,0.33877208642274204,0.34201443943301335,0.34306033916612416,0.3381968295999759,0.25700345293499477,-0.003137739097849812,0.0031377390978498676,0.0005229498665553778,0.000575256822766157,-0.07219636691187509,48.942169189453125
164,2012-08-27,0.3424328152856646,0.34086392578748104,0.34295576515222004,0.33913815531918257,0.27710553970875246,0.0036607288629225687,-0.001150513645532314,-0.00010457401390412402,0.0009413257192066871,0.020102086773757688,48.77751922607422
165,2012-08-28,0.33992260006827435,0.3390858483629718,0.34122999468392157,0.3387197794665313,0.2721963669118751,-0.0025102152173902548,-0.00177807742450925,-0.001725770468298471,-0.00041837585265125377,-0.004909172796877359,48.52308654785156
166,2012-08-29,0.33976571909815945,0.3388767003351635,0.3403409759209256,0.33673255401421376,0.24906170244708,-0.0001568809701149032,-0.00020914802780830355,-0.0008890187629959634,-0.0019872254523175537,-0.02313466446479509,48.49315643310547
167,2012-08-30,0.3372032368230758,0.3372555038807692,0.33851063143872295,0.3354774663547773,0.20735625281489267,-0.002562482275083655,-0.0016211964543942914,-0.0018303444822026504,-0.001255087659436438,-0.041705449632187336,48.26116561889648
168,2012-08-31,0.3393996502017189,0.3385628984964164,0.3415437566241513,0.33751699876330554,0.27609968473202223,0.002196413378643125,0.0013073946156472172,0.0030331251854283647,0.002039532408528222,0.06874343191712956,48.44824981689453
169,2012-09-04,0.33866751240883786,0.338039948629861,0.3397134121419487,0.335948109265122,0.27339738777961264,-0.0007321377928810602,-0.0005229498665554333,-0.001830344482202595,-0.0015688894981835677,-0.0027022969524095886,48.3734245300293
170,2012-09-05,0.33767387973342045,0.3374646918070948,0.339242769231604,0.33652336608788813,0.34361207025972074,-0.0009936326754174107,-0.000575256822766157,-0.0004706429103447096,0.000575256822766157,0.07021468248010809,48.29109573364258
171,2012-09-06,0.3379353746159568,0.3417006375942662,0.34306033916612416,0.337150929866865,0.3760096081669419,0.00026149488253635056,0.004235945787171402,0.0038175699345201486,0.0006275637789768806,0.03239753790722116,49.248321533203125
172,2012-09-07,0.34201443943301335,0.34102080675759594,0.3425896962557795,0.3399749070244851,0.3257318720912776,0.004079064817056555,-0.000679830836670281,-0.0004706429103446541,0.002823977157620061,-0.050277736075664325,49.15032577514648
173,2012-09-10,0.34086392578748104,0.3415437566241513,0.3429034581960093,0.33992260006827435,0.3046539558624831,-0.001150513645532314,0.0005229498665553778,0.0003137619402298064,-5.2306956210723676e-05,-0.021077916228794458,49.225704193115234
174,2012-09-11,0.34201443943301335,0.3501202621109156,0.35027718297954785,0.34201443943301335,0.5281339138267528,0.001150513645532314,0.008576505486764308,0.007373724783538538,0.002091839364739001,0.22347995796426967,50.46183776855469
175,2012-09-12,0.35074782588989256,0.3532057341510721,0.3568141560577839,0.35043406394966276,0.46743732172346497,0.00873338645687921,0.0030854720401564673,0.00653697307823603,0.008419624516649404,-0.060696592103287816,50.90652847290039
176,2012-09-13,0.35268278428451666,0.3579646298047989,0.35885368846631216,0.35247359635819103,0.37156583095631285,0.0019349583946240978,0.00475889565372678,0.0020395324085282773,0.0020395324085282773,-0.09587149076715212,51.59239196777344
177,2012-09-14,0.35801693676100965,0.35864450053998653,0.36078860696241893,0.3571802249542244,0.3950608016814292,0.005334152476492993,0.0006798707351876598,0.0019349184961067745,0.00470662859603338,0.02349497072511636,51.69038772583008
178,2012-09-17,0.35853988662756503,0.3581215506734311,0.3595858262591932,0.3575985609083584,0.28519741780513436,0.0005229498665553778,-0.0005229498665554333,-0.0012027807032257143,0.00041833595413398594,-0.10986338387629485,51.61502456665039
179,2012-09-18,0.3576508678645691,0.35801693676100965,0.3582261246873353,0.35498377167706396,0.2536105689836361,-0.0008890187629959079,-0.00010461391242144735,-0.0013597015718579408,-0.0026147892312944343,-0.03158684882149826,51.59995651245117
180,2012-09-19,0.3594812123467717,0.3568141560577839,0.36000416221332715,0.3568141560577839,0.3408196967422309,0.001830344482202595,-0.0012027807032257698,0.0017780375259918713,0.0018303843807199183,0.0872091277585948,51.42659759521485
181,2012-09-20,0.3551929596033896,0.3579646298047989,0.3593766383328676,0.3550883855894854,0.3256868338087374,-0.004288252743382126,0.0011504737470149906,-0.0006275238804595573,-0.001725770468298471,-0.015132862933493474,51.59239196777344
182,2012-09-21,0.35754629385066494,0.35880138151010144,0.3606840329485148,0.35686642311547734,0.5549767302206876,0.0023533342472753516,0.000836751705302563,0.0013073946156472172,0.0017780375259919268,0.2292898964119502,51.71302032470703
183,2012-09-24,0.3583830056574502,0.357807748834684,0.3597427072293081,0.35660496813145826,0.31412700795676324,0.0008367118067852397,-0.0009936326754174107,-0.0009413257192066871,-0.00026145498401908274,-0.24084972226392437,51.56978988647461
184,2012-09-25,0.3595335193029825,0.3581215506734311,0.36209600157806615,0.35786005579089475,0.3148326077165591,0.001150513645532314,0.00031380183874707424,0.0023532943487580282,0.0012550876594364935,0.0007055997597958386,51.61502456665039
185,2012-09-26,0.3579123627471055,0.35446082181050853,0.3590628763926378,0.35362411000372335,0.30535955562227896,-0.0016211565558770236,-0.0036607288629225687,-0.0030331251854283647,-0.004235945787171402,-0.009473052094280121,51.08740997314453
186,2012-09-27,0.3569710370278988,0.35775548177699057,0.3583306987012394,0.35456543572293003,0.3050442876444978,-0.0009413257192066871,0.0032946599664820386,-0.0007321776913983835,0.0009413257192066871,-0.0003152679777811418,51.5622673034668
187,2012-09-28,0.3560297113086921,0.3569710370278988,0.3584353126136609,0.3538855649877424,0.29860381324125507,-0.0009413257192066871,-0.0007844447490917839,0.00010461391242150286,-0.0006798707351876598,-0.006440474403242746,51.449195861816406
188,2012-10-01,0.3595858262591932,0.3612069828150702,0.36340339619371337,0.3590628763926378,0.3003603062603213,0.0035561149505011214,0.004235945787171402,0.0049680835800524625,0.005177311404895413,0.0017564930190662187,52.05970764160156
189,2012-10-02,0.3580692437172204,0.3592720244204461,0.3605794190360933,0.3575985609083584,0.310764149527098,-0.001516582541972844,-0.0019349583946240978,-0.002823977157620061,-0.0014643154842793882,0.010403843266776736,51.78084564208984
190,2012-10-03,0.3594812123467717,0.36089322087484044,0.36115467585885946,0.3581215506734311,0.2840114096982435,0.0014119686295513412,0.001621196454394347,0.000575256822766157,0.0005229897650727011,-0.02675273982885451,52.01449203491211
191,2012-10-04,0.3623051895043918,0.3623051895043918,0.3660704923812185,0.36094548793253384,0.32364509833358357,0.002823977157620061,0.0014119686295513412,0.004915816522359062,0.002823937259102738,0.03963368863534006,52.217994689941406
192,2012-10-05,0.36549523555845237,0.3637694650901539,0.3655998494708738,0.36225288254818105,0.31786518540759645,0.0031900460540605913,0.0014642755857621204,-0.0004706429103447096,0.0013073946156472172,-0.0057799129259871185,52.42905044555664
193,2012-10-08,0.36225288254818105,0.3636648910762497,0.3642401478990159,0.3618345465940471,0.15068308061852576,-0.003242353010271315,-0.00010457401390417953,-0.0013597015718579408,-0.00041833595413393043,-0.1671821047890707,52.41398239135742
194,2012-10-09,0.363612584120039,0.3625143774307174,0.36403095997269025,0.3608409139186297,0.2844017414802582,0.0013597015718579408,-0.001150513645532314,-0.00020918792632562688,-0.0009936326754174107,0.13371866086173245,52.248138427734375
195,2012-10-10,0.36308963425348356,0.36293275328336866,0.3649199787356862,0.3616776656239322,0.24157033478456688,-0.0005229498665554333,0.00041837585265125377,0.0008890187629959634,0.0008367517053025075,-0.042831406695691326,52.30845260620117
196,2012-10-11,0.3647630977655713,0.3616776656239322,0.36481540472178203,0.36115467585885946,0.2501125957063504,0.0016734635120877472,-0.001255087659436438,-0.00010457401390417953,-0.0005229897650727566,0.008542260921783534,52.1275520324707
197,2012-10-12,0.36288044632715794,0.3593766383328676,0.36288044632715794,0.3584353126136609,0.28549767302206874,-0.0018826514384133741,-0.002301027291064628,-0.0019349583946240978,-0.0027193632451985583,0.03538507731571833,51.79592514038086
198,2012-10-15,0.36010877612574865,0.36497228569189694,0.36512916666201184,0.3595335193029825,0.270004503828254,-0.002771670201409282,0.005595647359029343,0.002248720334853904,0.0010982066893215903,-0.015493169193814715,52.60237884521485
199,2012-10-16,0.3659136114111036,0.3686329746563022,0.37177071375415205,0.3639786530164795,0.44766551568833507,0.00580483528535497,0.0036606889644052454,0.00664154709214021,0.004445133713497029,0.17766101186008104,53.12999725341797
200,2012-10-17,0.37046331913850483,0.3732872962961249,0.3732872962961249,0.3687898556264171,0.3906320372316469,0.004549707727401209,0.004654321639822712,0.001516582541972844,0.004811202609937559,-0.05703347845668816,53.80080795288086
201,2012-10-18,0.3844263239564902,0.3866750442913441,0.39064949519597914,0.3828574344583066,0.9500375319021168,0.013963004817985347,0.01338774799521919,0.017362198899854242,0.014067578831889527,0.5594054946704698,55.73035430908203
202,2012-10-19,0.38662273733513336,0.3844263239564902,0.38829620084722105,0.3819161087390999,0.6447680528449182,0.0021964133786431805,-0.002248720334853904,-0.0023532943487580837,-0.0009413257192066871,-0.3052694790571986,55.40625381469727
203,2012-10-22,0.38275286044440243,0.3869364992753631,0.3869888062315739,0.38275286044440243,0.4863834259120252,-0.0038698768907309278,0.0025101753188729314,-0.0013073946156471616,0.0008367517053025075,-0.158384626932893,55.76803207397461
204,2012-10-23,0.38322350335474714,0.3837464532213026,0.38500158077925634,0.3818638017828892,0.5376069659210329,0.0004706429103447096,-0.0031900460540605358,-0.0019872254523175537,-0.0008890586615132312,0.05122354000900764,55.3082389831543
205,2012-10-24,0.3841125221177431,0.3827005534881917,0.3848969668668349,0.37971969536045674,0.4012610719111245,0.0008890187629959634,-0.0010458997331108666,-0.00010461391242144735,-0.002144106422432457,-0.13634589400990837,55.15751647949219
206,2012-10-25,0.3844263239564902,0.3771572130853731,0.38474008589672,0.37564063054340024,0.4210328779462543,0.00031380183874707424,-0.0055433404028186195,-0.0001568809701149032,-0.004079064817056499,0.019771806035129846,54.35857391357422
207,2012-10-26,0.37590208552741927,0.3742286220153316,0.37673883723272183,0.3719799016804777,0.45892508632337486,-0.008524238429070907,-0.0029285910700415085,-0.00800124866399815,-0.0036607288629225687,0.03789220837712054,53.93648910522461
208,2012-10-31,0.3689990435527427,0.3709863089035776,0.37286896034199096,0.36612279933742925,0.5923284792073262,-0.00690304197467656,-0.0032423131117539916,-0.0038698768907308723,-0.005857102343048426,0.13340339288395137,53.46918487548828
209,2012-11-01,0.3721368225491099,0.36727331298296156,0.3771572130853731,0.3646585237516672,0.7945503678126408,0.003137778996367191,-0.0037129959206160246,0.004288252743382126,-0.0014642755857620648,0.20222188860531454,52.93404769897461
210,2012-11-02,0.3681100247897468,0.36408326692890103,0.36842378672997655,0.3594289452890783,0.7739228344092478,-0.004026797759363099,-0.0031900460540605358,-0.008733426355396534,-0.005229578462588869,-0.02062753340339296,52.47427368164063
211,2012-11-05,0.36115467585885946,0.36141617074139587,0.363612584120039,0.35853988662756503,0.406050142621228,-0.0069553489308873395,-0.002667096187505158,-0.004811202609937559,-0.0008890586615132867,-0.3678726917880198,52.089874267578125
212,2012-11-06,0.3623051895043918,0.3669595111442145,0.3686329746563022,0.36204373452037275,0.371505779912926,0.001150513645532314,0.0055433404028186195,0.005020390536263186,0.003503847892807721,-0.03454436270830202,52.8888053894043
213,2012-11-07,0.36497228569189694,0.35932433137665687,0.36497228569189694,0.3579123627471055,0.5003002552169344,0.002667096187505158,-0.0076351797675576205,-0.0036606889644052454,-0.004131371773267278,0.12879447530400845,51.78837203979492
214,2012-11-08,0.35932433137665687,0.3608409139186297,0.3638217720463646,0.35890595552400556,0.45631286593604564,-0.005647954315240067,0.001516582541972844,-0.001150513645532314,0.0009935927769000874,-0.0439873892808888,52.0069694519043
215,2012-11-09,0.3575985609083584,0.36073633990472553,0.3626189514446216,0.35467000973683416,0.41244557874193066,-0.001725770468298471,-0.00010457401390417953,-0.0012028206017430376,-0.004235945787171402,-0.04386728719411498,51.99187850952149
216,2012-11-12,0.3626189514446216,0.35786005579089475,0.3626712584008323,0.3548791976631598,0.29617174598408647,0.005020390536263186,-0.002876284113830785,5.2306956210723676e-05,0.00020918792632562688,-0.1162738327578442,51.577335357666016
217,2012-11-13,0.3555590284998301,0.3568141560577839,0.36063172599230403,0.3550360786332747,0.34020417354751536,-0.0070599229447914635,-0.0010458997331108666,-0.0020395324085282773,0.0001568809701149032,0.0440324275634289,51.42659759521485
218,2012-11-14,0.357807748834684,0.3559774043524814,0.36105010184495534,0.3550360786332747,0.35595255967572437,0.002248720334853904,-0.0008367517053025075,0.0004183758526513093,0.0,0.015748386128209002,51.30598068237305
219,2012-11-15,0.3572847989681286,0.3572847989681286,0.35869676759767993,0.3553498405735045,0.3476505029274884,-0.0005229498665554333,0.0013073946156472172,-0.002353334247275407,0.0003137619402298064,-0.008302056748235975,51.49441146850586
220,2012-11-16,0.35775548177699057,0.35901056943642706,0.3594812123467717,0.3544085148542978,0.47992793874793577,0.00047068280886197744,0.001725770468298471,0.0007844447490917839,-0.0009413257192066871,0.13227743582044738,51.7431526184082
221,2012-11-19,0.3618868136517405,0.3636648910762497,0.36387407900257535,0.35995189515563375,0.45449632187359257,0.004131331874749955,0.004654321639822656,0.004392866655803629,0.005543380301335943,-0.0254316168743432,52.41398239135742
222,2012-11-20,0.3639786530164795,0.36418784094280515,0.3648676717794755,0.36131155682897437,0.2601711454736526,0.002091839364739001,0.0005229498665554333,0.000993592776900143,0.0013596616733406175,-0.19432517639993996,52.48932647705078
223,2012-11-21,0.3638217720463646,0.36722100602675084,0.36727331298296156,0.36178223963783634,0.23676625131361656,-0.0001568809701149032,0.003033165083945688,0.0024056412034860752,0.00047068280886197744,-0.02340489416003605,52.926490783691406
224,2012-11-23,0.36743019395307647,0.37271203947335874,0.3728166533857802,0.3670118181004252,0.12858429665215432,0.003608421906711845,0.005491033446607896,0.0055433404028186195,0.005229578462588869,-0.10818195466146224,53.71791458129883
225,2012-11-26,0.37030643816838993,0.37056793305092633,0.37260746545945456,0.36847609368618733,0.2651703948356103,0.0028762442153134615,-0.0021441064224324013,-0.00020918792632562688,0.0014642755857621204,0.13658609818345596,53.40887451171875
226,2012-11-27,0.3699403692719494,0.37041105208081143,0.3729735343558951,0.3687898556264171,0.2816393934844618,-0.0003660688964405301,-0.0001568809701149032,0.0003660688964405301,0.0003137619402297509,0.01646899864885154,53.386260986328125
227,2012-11-28,0.3692605384352791,0.3710908829174817,0.3712477638875966,0.36502459264810766,0.3362107791622879,-0.000679830836670281,0.000679830836670281,-0.001725770468298471,-0.003765262978309425,0.0545713856778261,53.48426818847656
228,2012-11-29,0.3718230207103628,0.372241396563014,0.37469930482419356,0.3707248140210412,0.2249812340489416,0.002562482275083655,0.001150513645532314,0.003451540936596942,0.005700221372933523,-0.11122954511334632,53.65006637573242
229,2012-11-30,0.3734442171647571,0.37035874512460065,0.3734964842224505,0.3691036574651642,0.41709953460441374,0.001621196454394347,-0.0018826514384133741,-0.0012028206017430376,-0.001621156555876968,0.19211830055547213,53.37875747680664
230,2012-12-03,0.3708294279334627,0.371038575961271,0.37360109813487197,0.36946972636160474,0.27141570334784565,-0.0026147892312944343,0.0006798308366703365,0.00010461391242144735,0.0003660688964405301,-0.14568383125656809,53.47671127319336
231,2012-12-04,0.37166613974024787,0.3688421625826278,0.37292122739968436,0.3687898556264171,0.27149076715207926,0.0008367118067851842,-0.0021964133786431805,-0.0006798707351876043,-0.0006798707351876598,7.506380423361048e-05,53.16015625
232,2012-12-05,0.3776801629519285,0.3869888062315739,0.3888714576699872,0.3755360166309788,0.8818495721363159,0.0060140232116806525,0.01814664364894608,0.015950230270302845,0.006746161004561713,0.6103588049842366,55.77556991577149
233,2012-12-06,0.3857337185721374,0.3825436725180768,0.3857337185721374,0.38118397094621886,0.3754090977330731,0.008053555620208874,-0.004445133713497085,-0.003137739097849812,0.005647954315240067,-0.5064404744032427,55.47978973388672
234,2012-12-07,0.3844263239564902,0.3837987601775133,0.38630897539490355,0.3825436725180768,0.34583395886503526,-0.0013073946156472172,0.0012550876594364935,0.000575256822766157,0.0013597015718579408,-0.029575138868037865,55.66180419921875
235,2012-12-10,0.38343269128107277,0.38353726529497695,0.38552453064581177,0.3827005534881917,0.3776910373817745,-0.0009936326754174107,-0.00026149488253635056,-0.0007844447490917839,0.0001568809701149032,0.031857078516739246,55.62389755249024
236,2012-12-11,0.3845832049266051,0.3840079481038389,0.3855768376020225,0.3828574344583066,0.3009157784116499,0.001150513645532314,0.00047068280886197744,5.2306956210723676e-05,0.0001568809701149032,-0.0767752589701246,55.69214630126953
237,2012-12-12,0.3851061547931605,0.38338038432486204,0.3878255579368764,0.38311892934084296,0.38066356402942503,0.0005229498665554333,-0.0006275637789768806,0.002248720334853904,0.00026149488253635056,0.07974778561777512,55.60113143920898
238,2012-12-13,0.38406025506004965,0.38296204837072806,0.3867796183052482,0.38275286044440243,0.2931241555322024,-0.0010458997331108666,-0.00041833595413398594,-0.00104593963162819,-0.0003660688964405301,-0.08753940849722264,55.54048156738281
239,2012-12-14,0.38353726529497695,0.3836941861636091,0.38500158077925634,0.38196841569531065,0.31047890707101033,-0.0005229897650727011,0.0007321377928810602,-0.0017780375259918713,-0.0007844447490917839,0.017354751538807944,55.64664459228516
240,2012-12-17,0.3856814116159267,0.3879824389069913,0.38960359546286827,0.3849492738230456,0.40749136766251315,0.0021441463209497247,0.0042882527433821815,0.0046020146836119324,0.0029808581277349644,0.09701246059150281,56.2685775756836
241,2012-12-18,0.38829620084722105,0.38871457669987236,0.38955128850665754,0.3865704303789226,0.4164389731271581,0.002614789231294379,0.0007321377928810602,-5.2306956210723676e-05,0.001621156555876968,0.008947605464644959,56.3747673034668
242,2012-12-19,0.38949902144896414,0.3840079481038389,0.38960359546286827,0.38390337408993475,0.5465545713856779,0.0012028206017430931,-0.004706628596033435,5.2306956210723676e-05,-0.0026670562889878346,0.13011559825851976,55.69214630126953
243,2012-12-20,0.3840079481038389,0.3860474805123672,0.3867273113490375,0.3828051275020959,0.3650352799879898,-0.005491073345125219,0.0020395324085282773,-0.002876284113830785,-0.001098246587838858,-0.18151929139768808,55.98794555664063
244,2012-12-21,0.38421713603016455,0.38081790204977833,0.38474008589672,0.3803472591394337,0.6806935895511185,0.00020918792632562688,-0.005229578462588869,-0.001987225452317498,-0.0024578683626622078,0.3156583095631287,55.2295150756836
245,2012-12-24,0.37971969536045674,0.3784123007448096,0.3803995261971271,0.3782554197746947,0.1239903918330581,-0.004497440669707808,-0.002405601304968752,-0.004340559699592905,-0.002091839364739001,-0.5567031977180603,54.8806266784668
246,2012-12-26,0.37898755756757574,0.37794161793594755,0.38019033827080145,0.377314094055488,0.2448431166491518,-0.0007321377928810047,-0.00047068280886203295,-0.00020918792632562688,-0.0009413257192066871,0.12085272481609369,54.81235885620117
247,2012-12-27,0.37794161793594755,0.3755883235871895,0.3787783696412501,0.3718753276665735,0.3022068758444678,-0.00104593963162819,-0.0023532943487580282,-0.0014119686295513412,-0.0054387663889144955,0.05736375919531603,54.47106552124024
248,2012-12-28,0.37255515850324383,0.37255515850324383,0.37569289760109364,0.3719799016804777,0.23413901816544064,-0.005386459432703716,-0.003033165083945688,-0.0030854720401564673,0.00010457401390417953,-0.06806785767902718,54.03117370605469
249,2012-12-31,0.3713523778000181,0.3755883235871895,0.37569289760109364,0.369888102214256,0.31956162738327576,-0.0012027807032257143,0.003033165083945688,0.0,-0.0020917994662216777,0.08542260921783512,54.47106552124024
250,2013-01-02,0.38222987067932973,0.38102708997610396,0.38222987067932973,0.3791444385376906,0.4333433418405645,0.010877492879311612,0.00543876638891444,0.006536973078236086,0.009256336323434589,0.11378171445728874,55.25984573364258
251,2013-01-03,0.3807133280358742,0.3839556411476282,0.3848969668668349,0.37924901255159477,0.31899114247110044,-0.0015165426434555207,0.0029285511715242407,0.002667096187505158,0.00010457401390417953,-0.11435219936946406,55.6845703125
252,2013-01-04,0.38437401700027946,0.38730256817180364,0.3879824389069913,0.3836418792073984,0.30225191412700797,0.0036606889644052454,0.003346927024175439,0.0030854720401564117,0.004392866655803629,-0.01673922834409247,56.16998672485352
253,2013-01-07,0.3852630357632754,0.3820729897092148,0.38641354940880773,0.379667388404246,0.3314066956913376,0.0008890187629959634,-0.005229578462588813,-0.0015688894981835677,-0.003974490803152375,0.029154781564329657,55.411529541015625
254,2013-01-08,0.3816546537550809,0.38275286044440243,0.3837987601775133,0.38097478301989324,0.21486263323825253,-0.0036083820081945217,0.0006798707351876043,-0.0026147892312944343,0.0013073946156472172,-0.1165440624530851,55.51012420654297
255,2013-01-09,0.3839556411476282,0.3866750442913441,0.38766863706824417,0.38343269128107277,0.24277135565230445,0.0023009873925473046,0.0039221838469416515,0.0038698768907308723,0.002457908261179531,0.02790872241405193,56.07895660400391
256,2013-01-10,0.38860996278745086,0.3893421005803319,0.38944671449275337,0.3869888062315739,0.3540309262873442,0.004654321639822656,0.0026670562889878346,0.0017780774245091946,0.0035561149505011214,0.11125957063503977,56.46575546264648
257,2013-01-11,0.3890283386401021,0.3914339399450709,0.39153855385749237,0.38850538877354673,0.19015162888455187,0.00041837585265125377,0.002091839364739001,0.002091839364739001,0.001516582541972844,-0.16387929740279236,56.76913070678711
258,2013-01-14,0.39153855385749237,0.39195688981162635,0.39295052248704376,0.3900219713155195,0.12900465395586247,0.0025102152173902548,0.0005229498665554333,0.0014119686295513967,0.0015165825419727885,-0.061146974928689396,56.844974517822266
259,2013-01-15,0.39059722813828573,0.3951469358656869,0.39593138061477867,0.38965590241907905,0.2706950908272031,-0.0009413257192066316,0.0031900460540605358,0.002980858127734909,-0.0003660688964404746,0.14169043687134064,57.30762481689453
260,2013-01-16,0.39472859991155296,0.3950946688079935,0.39702958730410026,0.39279364151692886,0.1859030175649302,0.004131371773267223,-5.226705769340034e-05,0.0010982066893215903,0.003137739097849812,-0.08479207326227292,57.30004119873047
261,2013-01-17,0.395460737704434,0.39692501329019614,0.39807552693572845,0.39373496723613555,0.22882450082570185,0.0007321377928810602,0.0018303444822026504,0.00104593963162819,0.0009413257192066871,0.042921483260771665,57.56548690795898
262,2013-01-18,0.3979186060670962,0.39906911971262854,0.4009517711510419,0.39718646827421517,0.4011559825851974,0.0024578683626622078,0.0021441064224324013,0.0028762442153134615,0.0034515010380796185,0.17233148175949556,57.87644577026367
263,2013-01-22,0.41575148777581244,0.40764562519939285,0.4183662770071069,0.40665203242249276,0.7382525146374418,0.01783288170871622,0.008576505486764308,0.017414505856064966,0.009465564148277594,0.3370965320522444,59.12031936645508
264,2013-01-23,0.408220882022159,0.4060244686435158,0.40843006994848463,0.40346198636843217,0.374718510734124,-0.007530605753653441,-0.0016211565558770236,-0.009936207058622248,-0.0031900460540605913,-0.3635340039033178,58.88515472412109
265,2013-01-24,0.4067566064363969,0.4083777629922739,0.4104696023570129,0.4059198946296117,0.23220237201621377,-0.0014642755857621204,0.0023532943487580837,0.0020395324085282773,0.002457908261179531,-0.14251613871791022,59.22648620605469
266,2013-01-25,0.4092145146975764,0.40973746456413185,0.41078340419576,0.4069657943627225,0.22882450082570185,0.002457908261179531,0.0013597015718579408,0.00031380183874707424,0.001045899733110811,-0.0033778711905119163,59.42364883422852
267,2013-01-28,0.40895301981504006,0.404507886101543,0.4102081473729938,0.40440331208763886,0.255757393784717,-0.00026149488253635056,-0.005229578462588869,-0.000575256822766157,-0.002562482275083655,0.02693289295901516,58.66524505615234
268,2013-01-29,0.4047693809840794,0.4069134874065118,0.4079071200819292,0.4041418172051025,0.2185107341240054,-0.004183638830960679,0.0024056013049688074,-0.002301027291064628,-0.00026149488253635056,-0.03724665966071161,59.01409912109375
269,2013-01-30,0.4059721616873051,0.4057107067032861,0.4072272892452589,0.40314818452968504,0.25945053295301007,0.0012027807032257143,-0.0012027807032257143,-0.000679830836670281,-0.0009936326754174662,0.04093979882900467,58.83965301513672
270,2013-01-31,0.4057629737609795,0.410312721386898,0.4109925522235683,0.40524002389442404,0.45707851673922834,-0.00020918792632562688,0.0046020146836119324,0.0037652629783093694,0.002091839364739001,0.19762798378621826,59.50707626342773
271,2013-02-01,0.41313669854451807,0.4177910201843407,0.4206673042981715,0.41292751061819244,0.4698393634589401,0.007373724783538593,0.007478298797442717,0.009674752074603221,0.0076874867237684,0.012760846719711783,60.59165954589844
272,2013-02-04,0.41088797820966416,0.4079071200819292,0.4122476797815221,0.4068089133926076,0.5322924485812941,-0.002248720334853904,-0.009883900102411525,-0.008419624516649404,-0.006118597225584832,0.06245308512235398,59.15821075439453
273,2013-02-05,0.40895301981504006,0.4113063540623154,0.4132935795146329,0.4079071200819292,0.3995496171745984,-0.0019349583946240978,0.003399233980386218,0.001045899733110811,0.0010982066893215903,-0.13274283140669568,59.65119552612305
274,2013-02-06,0.408691564831021,0.41292751061819244,0.4130321245306139,0.4080640010520441,0.33391382675273984,-0.00026145498401908274,0.0016211565558770236,-0.0002614549840190272,0.0001568809701149032,-0.06563579042185858,59.88632583618164
275,2013-02-07,0.4138688363373991,0.41376426232349495,0.4139734502498206,0.4081686149644656,0.3431767001951659,0.005177271506378145,0.0008367517053025075,0.0009413257192066871,0.00010461391242150286,0.009262873442426045,60.00767135620117
276,2013-02-08,0.41376426232349495,0.412404560751637,0.41376426232349495,0.4101558404167831,0.3636090677075514,-0.00010457401390417953,-0.0013597015718579408,-0.00020918792632562688,0.001987225452317498,0.02043236751238553,59.81048583984375
277,2013-02-11,0.41182930392887085,0.4142349052338396,0.41481016205660576,0.41067879028333854,0.24753040084071462,-0.0019349583946240978,0.001830344482202595,0.001045899733110811,0.0005229498665554333,-0.1160786668668368,60.07593536376953
278,2013-02-12,0.41365964841107344,0.41784332714055145,0.41930760272631357,0.41365964841107344,0.2620627533403393,0.001830344482202595,0.003608421906711845,0.004497440669707808,0.002980858127734909,0.014532352499624673,60.59926223754883
279,2013-02-13,0.41784332714055145,0.41831397005089616,0.4199874335629839,0.41737264433168947,0.21882600210178652,0.004183678729478002,0.0004706429103447096,0.0006798308366703365,0.0037129959206160246,-0.04323675123855278,60.66752243041992
280,2013-02-14,0.4164836255686935,0.42014431453309875,0.4208241852682864,0.41590836874592735,0.2718210478907071,-0.0013597015718579408,0.001830344482202595,0.0008367517053025075,-0.0014642755857621204,0.052995045788920586,60.93295669555664
281,2013-02-15,0.42234076781025925,0.42040580941563516,0.4228114107206039,0.41810478212457053,0.3389431016363909,0.005857142241565749,0.00026149488253640607,0.001987225452317498,0.0021964133786431805,0.06712205374568381,60.97087860107422
282,2013-02-19,0.4209810662384013,0.42150401610495675,0.4239619243661362,0.4197782456366582,0.33025071310614024,-0.0013597015718579408,0.0010982066893215903,0.001150513645532314,0.0016734635120876917,-0.008692388530250672,61.13014221191406
283,2013-02-20,0.4218178179437038,0.41894153382987304,0.42338666754337007,0.4187323459035474,0.3072962017715058,0.0008367517053025075,-0.0025624822750837106,-0.000575256822766157,-0.001045899733110811,-0.022954511334634442,60.75852584838867
284,2013-02-21,0.41878465285975813,0.4203535024594244,0.4204581163718459,0.4179479011544556,0.36363909322924487,-0.003033165083945688,0.0014119686295513412,-0.002928551171524185,-0.0007844447490917839,0.056342891457739075,60.96328353881836
285,2013-02-22,0.421922391957608,0.42364816242590647,0.42438030021878753,0.42139944209105257,0.2662663263774208,0.0031377390978498676,0.003294659966482094,0.0039221838469416515,0.003451540936596942,-0.09737276685182406,61.44110870361328
286,2013-02-25,0.42354354851348497,0.4144440931601653,0.4235958554696957,0.4144440931601653,0.3740129109743282,0.001621156555876968,-0.009204069265741188,-0.0007844447490918394,-0.006955348930887284,0.10774658459690739,60.10625076293945
287,2013-02-26,0.4153331119231612,0.4185754649334325,0.41894153382987304,0.41460097413028013,0.30960816694190063,-0.008210436590323777,0.004131371773267223,-0.004654321639822656,0.0001568809701148477,-0.06440474403242757,60.70542907714844
288,2013-02-27,0.41894153382987304,0.4224453418241634,0.4227591037643932,0.4176864461704366,0.20804683981384176,0.003608421906711845,0.0038698768907308723,0.0038175699345201486,0.0030854720401564673,-0.10156132712805888,61.26668548583984
289,2013-02-28,0.42155632306116747,0.42056269038575006,0.4249032500853429,0.42009204747540535,0.3243957363759195,0.0026147892312944343,-0.0018826514384133186,0.0021441463209497247,0.002405601304968752,0.11634889656207775,60.99366760253906
290,2013-03-01,0.4192030287124094,0.4219746989138187,0.4221315798839336,0.41496704302672066,0.2767902717309713,-0.0023532943487580837,0.0014120085280686645,-0.002771670201409282,-0.005125004448684689,-0.04760546464494819,61.19841003417969
291,2013-03-04,0.4217655109874931,0.42108564025230544,0.4217655109874931,0.41831397005089616,0.22543161687434318,0.0025624822750837106,-0.0008890586615132867,-0.0003660688964405301,0.0033469270241754945,-0.05135865485662813,61.06947708129883
292,2013-03-05,0.42249764878037416,0.4260014567746645,0.42882543393228456,0.42129482817863106,0.3121152980033028,0.0007321377928810602,0.004915816522359062,0.0070599229447914635,0.002980858127734909,0.0866836811289596,61.78239822387695
293,2013-03-06,0.4267859015237563,0.4239619243661362,0.4281978701533077,0.4230729056031403,0.1917730070559976,0.004288252743382126,-0.0020395324085282773,-0.0006275637789768806,0.00177807742450925,-0.1203422909473052,61.8358154296875
294,2013-03-07,0.4241711122924619,0.42464175520280656,0.4258968827607604,0.4230729056031403,0.17138567782615222,-0.002614789231294379,0.0006798308366703365,-0.0023009873925473046,0.0,-0.020387329229845375,61.93495178222656
295,2013-03-08,0.4271519704201968,0.4269950894500819,0.4290869288148209,0.4248509431291322,0.20963819246359405,0.002980858127734909,0.0023533342472753516,0.0031900460540605358,0.0017780375259918713,0.03825251463744184,62.27820587158203
296,2013-03-11,0.4266290205536414,0.42751803931663734,0.4277795341991737,0.4245371811889024,0.19686233298303557,-0.0005229498665554333,0.0005229498665554333,-0.0013073946156472172,-0.0003137619402298064,-0.012775859480558482,62.35447692871094
297,2013-03-12,0.42652440664121993,0.4274657323604266,0.42851167199205475,0.4260537637308752,0.18536255817444827,-0.00010461391242144735,-5.2306956210723676e-05,0.0007321377928810602,0.001516582541972844,-0.011499774808587299,62.34682083129883
298,2013-03-13,0.4276226133305415,0.42945299771126144,0.4302374025618359,0.42736115834652244,0.21381173997898215,0.0010982066893215903,0.0019872653508348215,0.0017257305697811476,0.0013073946156472172,0.028449181804533874,62.63669204711914
299,2013-03-14,0.430080521591721,0.43070808537069794,0.4334797555721072,0.4287208599183804,0.312640744632938,0.0024579082611794756,0.0012550876594364935,0.003242353010271315,0.0013597015718579408,0.09882900465395586,62.81974029541016
300,2013-03-15,0.43217236095646,0.4302897095180467,0.43483945714396516,0.42861624600595893,0.713871791022369,0.002091839364739001,-0.00041837585265125377,0.0013597015718579408,-0.00010461391242144735,0.40123104638943097,62.75871658325195
301,2013-03-18,0.4280932961394035,0.43159710413369384,0.43463026921763953,0.4280932961394035,0.2996847320222189,-0.004079064817056499,0.0013073946156471616,-0.00020918792632562688,-0.0005229498665554333,-0.41418705900015007,62.94940185546875
302,2013-03-19,0.43269531082301543,0.43504864507029084,0.43619915871582315,0.4322769748688815,0.30303257769103736,0.0046020146836119324,0.0034515409365969973,0.0015688894981836232,0.004183678729478002,0.003347845668818461,63.45282745361328
303,2013-03-20,0.43719275149272324,0.4384478391521597,0.4398075407240176,0.43598997078949747,0.2914727518390632,0.004497440669707808,0.0033991940818688393,0.003608382008194466,0.003712995920615969,-0.011559825851974181,63.9486083984375
304,2013-03-21,0.4368266825962827,0.437977196241815,0.4397552337678069,0.4361468517596124,0.277180603512986,-0.0003660688964405301,-0.0004706429103446541,-5.2306956210723676e-05,0.0001568809701149032,-0.01429214832607717,63.87995529174805
305,2013-03-22,0.44121954925208634,0.4376634343015852,0.44121954925208634,0.43625142577351655,0.357258669869389,0.004392866655803629,-0.0003137619402298064,0.0014643154842794437,0.00010457401390417953,0.08007806635640297,63.83421325683594
306,2013-03-25,0.43944147182757715,0.43598997078949747,0.4398598476802284,0.4337412504546436,0.3347395285993094,-0.0017780774245091946,-0.0016734635120877472,-0.0013597015718579408,-0.0025101753188729314,-0.02251914127007959,63.59014892578125
307,2013-03-26,0.43740193941904887,0.43593766383328675,0.439598352797692,0.43504864507029084,0.3054946704698994,-0.0020395324085282773,-5.2306956210723676e-05,-0.00026149488253640607,0.0013073946156472172,-0.029244858129409967,63.58250427246094
308,2013-03-27,0.4345779622614288,0.43598997078949747,0.43714044453651246,0.4318062920600195,0.301125957063504,-0.002823977157620061,5.2306956210723676e-05,-0.002457908261179531,-0.003242353010271315,-0.004368713406395441,63.59014892578125
309,2013-03-28,0.4363037327297273,0.44027822353287965,0.4407488664432243,0.4363037327297273,0.19707251163488965,0.001725770468298471,0.0042882527433821815,0.003608421906711845,0.004497440669707753,-0.10405344542861433,64.21556854248047
310,2013-04-01,0.44121954925208634,0.43902309597492584,0.44304989373428894,0.437977196241815,0.19606665665815942,0.004915816522359062,-0.0012551275579538168,0.002301027291064628,0.0016734635120877472,-0.001005854976730225,64.03252410888672
311,2013-04-02,0.4398075407240176,0.44142873717841197,0.44252694386773356,0.4398075407240176,0.18028824500825702,-0.00141200852806872,0.0024056412034861308,-0.0005229498665553778,0.001830344482202595,-0.015778411649902402,64.38338470458984
312,2013-04-03,0.4426315178816377,0.4378203152717001,0.44304989373428894,0.43755882038916377,0.251418705900015,0.002823977157620061,-0.003608421906711845,0.0005229498665553778,-0.0022487203348538487,0.07113046089175801,63.85707092285156
313,2013-04-04,0.438866215004811,0.4410626283834541,0.4424746369115228,0.43850014610837046,0.20520942801381173,-0.0037653028768266927,0.0032423131117539916,-0.000575256822766157,0.0009413257192066871,-0.0462092778862033,64.3299789428711
314,2013-04-05,0.43813407721192993,0.44142873717841197,0.4417948060748525,0.4358330499208653,0.28708902567182104,-0.0007321377928810602,0.0003661087949578534,-0.000679830836670281,-0.002667096187505158,0.08187959765800931,64.38338470458984
315,2013-04-08,0.44127181630977974,0.4431022006904997,0.44341596263072947,0.43918001684355806,0.1683080618525747,0.003137739097849812,0.0016734635120877472,0.001621156555876968,0.0033469669226927623,-0.11878096381924635,64.62744903564453
316,2013-04-09,0.44435728834993615,0.44592613794960245,0.4476519084179009,0.44268382483784846,0.2104338687884702,0.0030854720401564117,0.002823937259102738,0.004235945787171458,0.0035038079942903977,0.042125806935895516,65.03933715820312
317,2013-04-10,0.4460307518620239,0.44352053664463365,0.44770421537411165,0.4426315178816377,0.2441675424110494,0.0016734635120877472,-0.0024056013049688074,5.2306956210723676e-05,-5.230695621077919e-05,0.0337336736225792,64.68846893310547
318,2013-04-11,0.44446186236384033,0.4500575097228697,0.4504235786193102,0.44446186236384033,0.33729169794325176,-0.0015688894981835677,0.00653697307823603,0.0027193632451985583,0.0018303444822026504,0.09312415553220235,65.64191436767578
319,2013-04-12,0.4492731048722952,0.45110344935449787,0.45188789410358965,0.44770421537411165,0.17728569283891307,0.004811242508454883,0.00104593963162819,0.0014643154842794437,0.003242353010271315,-0.16000600510433868,65.79444885253906
320,2013-04-15,0.45078964751575074,0.4429975867780782,0.45293379383670046,0.4429975867780782,0.3457588950608017,0.0015165426434555207,-0.008105862576419653,0.001045899733110811,-0.004706628596033435,0.16847320222188863,64.61221313476562
321,2013-04-16,0.4449325451727023,0.4526200318964707,0.45288148688048974,0.44320677470440384,0.33600060051043384,-0.005857102343048426,0.009622445118392497,-5.2306956210723676e-05,0.00020918792632562688,-0.009758294550367863,66.01565551757812
322,2013-04-17,0.4500575097228697,0.4448802382164916,0.4505281925317317,0.44346826958694024,0.3221438222489116,0.005124964550167366,-0.007739793679979123,-0.0023532943487580282,0.00026149488253640607,-0.013856778261522262,64.88678741455078
323,2013-04-18,0.44676288965490496,0.4398075407240176,0.4481748582844563,0.43787262222791085,0.2873142170845218,-0.0032946200679647153,-0.005072697492473965,-0.002353334247275407,-0.005595647359029399,-0.034829605164389765,64.14691162109375
324,2013-04-19,0.4410103613257607,0.44352053664463365,0.44420040737982125,0.4405396785168987,0.3249361957664014,-0.005752528329144246,0.0037129959206160246,-0.003974450904635052,0.0026670562889878346,0.03762197868187961,64.68846893310547
325,2013-04-22,0.44346826958694024,0.44231775594140793,0.44467105029016596,0.43902309597492584,0.41663413901816543,0.002457908261179531,-0.0012027807032257143,0.0004706429103447096,-0.001516582541972844,0.091697943251764,64.51304626464844
326,2013-04-23,0.45711747256617846,0.4515740922648425,0.4654324831704064,0.44848866012320343,0.5172196366911875,0.013649202979238217,0.009256336323434589,0.02076143288024046,0.009465564148277594,0.1005854976730221,65.86312103271484
327,2013-04-24,0.45162639922105324,0.44901160998975886,0.45309067480681536,0.447495027447786,0.30529950457889204,-0.005491073345125219,-0.002562482275083655,-0.012341808363591056,-0.0009936326754174107,-0.2119201321122955,65.4893569946289
328,2013-04-25,0.4494822529001035,0.44592613794960245,0.4497437477826399,0.4448802382164916,0.3209277886203273,-0.0021441463209497247,-0.0030854720401564117,-0.003346927024175439,-0.0026147892312944343,0.015628284041435236,65.03933715820312
329,2013-04-26,0.44566468296558337,0.44529861406914284,0.4489593030335481,0.4451940001567214,0.24804083470950308,-0.0038175699345201486,-0.0006275238804596128,-0.0007844447490918394,0.0003137619402298064,-0.0728869539108242,64.94781494140625
330,2013-04-29,0.4455600690531619,0.4470243845374413,0.4476519084179009,0.44320677470440384,0.31891607866686683,-0.00010461391242144735,0.001725770468298471,-0.0013073946156471616,-0.0019872254523175537,0.07087524395736375,65.19950866699219
331,2013-04-30,0.445873870891909,0.4466583156410008,0.44786109634422655,0.4447233572463767,0.2514787569434019,0.00031380183874707424,-0.0003660688964405301,0.00020918792632562688,0.001516582541972844,-0.06743732172346495,65.1461181640625
332,2013-05-01,0.44691977062501986,0.4398075407240176,0.44707665159513477,0.43918001684355806,0.273487464344693,0.0010458997331108666,-0.00685077491698316,-0.0007844447490917839,-0.0055433404028186195,0.022008707401291128,64.14691162109375
333,2013-05-02,0.4398598476802284,0.44148100423610537,0.4419516870449674,0.43928459085746224,0.2023720162137817,-0.0070599229447914635,0.0016734635120877472,-0.005124964550167366,0.00010457401390417953,-0.07111544813091131,64.3909912109375
334,2013-05-03,0.44477566420258746,0.4466583156410008,0.4482271652406671,0.44467105029016596,0.24913676625131362,0.004915816522359062,0.005177311404895413,0.00627547819569968,0.005386459432703716,0.046764750037531916,65.1461181640625
335,2013-05-06,0.44644912771467515,0.4461353258759281,0.44744272049157524,0.4440435264097064,0.23394385227443326,0.0016734635120876917,-0.0005229897650727011,-0.0007844447490918394,-0.0006275238804595573,-0.015192913976880357,65.06983947753906
336,2013-05-07,0.45089426142817224,0.44984832179654405,0.45094656838438296,0.4471812655075562,0.17736075664314668,0.004445133713497085,0.003712995920615969,0.003503847892807721,0.003137739097849812,-0.05658309563128658,65.61138153076172
337,2013-05-08,0.4503713115616168,0.45643760183099086,0.4564899087872016,0.44984832179654405,0.3888755442125807,-0.0005229498665554333,0.006589280034446809,0.0055433404028186195,0.0026670562889878346,0.211514787569434,66.57245635986328
338,2013-05-09,0.45643760183099086,0.4521493490876087,0.45706516560996774,0.45094656838438296,0.2479807836661162,0.006066290269374053,-0.0042882527433821815,0.000575256822766157,0.0010982465878389136,-0.1408947605464645,65.94701385498047
339,2013-05-10,0.4526722989541641,0.4523062300577236,0.4533521696893517,0.4497437477826399,0.17028974628434168,-0.0037653028768267482,0.0001568809701149032,-0.0037129959206160246,-0.0012028206017430376,-0.07769103738177452,65.9698715209961
340,2013-05-13,0.4513649043385169,0.4523585370139343,0.45413657453992623,0.45073738045805734,0.13280288245008257,-0.0013073946156472172,5.2306956210723676e-05,0.000784404850574516,0.0009936326754174107,-0.037486863834259115,65.97750091552734
341,2013-05-14,0.45288148688048974,0.4596799548412622,0.4596799548412622,0.4523585370139343,0.24550367812640744,0.001516582541972844,0.00732141782732787,0.005543380301335943,0.001621156555876968,0.11270079567632488,67.04535675048828
342,2013-05-15,0.45837256022561496,0.45905239106228524,0.4597322617974729,0.45513020721534364,0.2534454286143222,0.005491073345125219,-0.0006275637789769362,5.2306956210723676e-05,0.0027716702014093375,0.007941750487914734,66.95384216308594
343,2013-05-16,0.4580587583868678,0.4542934954085584,0.4585817481519406,0.45298610079291124,0.2514487314217084,-0.00031380183874712975,-0.004758895653726836,-0.001150513645532314,-0.0021441064224324013,-0.00199669719261375,66.25972747802734
344,2013-05-17,0.45549627611178417,0.4523585370139343,0.4568036707274314,0.4500052426651763,0.3308362107791623,-0.002562482275083655,-0.0019349583946240978,-0.0017780774245091946,-0.0029808581277349644,0.07938747935745388,65.97750091552734
345,2013-05-20,0.45099883544207636,0.44739045343388184,0.45324755577693027,0.44676288965490496,0.25044287644497826,-0.004497440669707808,-0.0049680835800524625,-0.0035561149505011214,-0.003242353010271315,-0.08039333433418405,65.25289154052734
346,2013-05-21,0.4463445138022537,0.43734963246283814,0.447965710256648,0.43489176410017594,0.6650653055096832,-0.004654321639822656,-0.010040820971043696,-0.005281845520282269,-0.011871125554729023,0.414622429064705,63.788455963134766
347,2013-05-22,0.4369835635663976,0.43808177025571915,0.44095805436955,0.43546698102442477,0.5122053745683831,-0.009360950235856091,0.0007321377928810047,-0.007007655887098008,0.0005752169242488336,-0.15285993094130013,63.89519500732422
348,2013-05-23,0.43478715018775443,0.4366698016261678,0.4384478391521597,0.43279992473543694,0.30193664614922683,-0.0021964133786431805,-0.0014119686295513412,-0.0025102152173903103,-0.0026670562889878346,-0.21026872841915628,63.689266204833984
349,2013-05-24,0.4335843694845287,0.43719275149272324,0.4372973654051447,0.43191086607392365,0.19440024020417354,-0.0012027807032257143,0.0005229498665554333,-0.0011504737470149906,-0.0008890586615132867,-0.10753640594505329,63.76553726196289
350,2013-05-28,0.44127181630977974,0.4352055260404057,0.441690192162431,0.43269531082301543,0.3586398438672872,0.007687446825251021,-0.0019872254523175537,0.0043928267572863056,0.0007844447490917839,0.16423960366311366,63.4757080078125
351,2013-05-29,0.4334797555721072,0.43755882038916377,0.4390754029311366,0.4321200540002493,0.3627533403392884,-0.007792060737672524,0.0023532943487580837,-0.002614789231294379,-0.000575256822766157,0.00411349647200121,63.818939208984375
352,2013-05-30,0.4375065533314703,0.44221314202898643,0.44336365567451874,0.4375065533314703,0.25848971625882,0.004026797759363099,0.004654321639822656,0.004288252743382126,0.00538649933122104,-0.10426362408046841,64.49776458740234
353,2013-05-31,0.44132412326599046,0.4378203152717001,0.44498481223039577,0.4378203152717001,0.35334033928839514,0.0038175699345201486,-0.0043928267572863056,0.0016211565558770236,0.0003137619402298064,0.09485062302957514,63.85707092285156
354,2013-06-03,0.43813407721192993,0.43802950319802575,0.4397029667101135,0.43384582446854775,0.34452784867137065,-0.0031900460540605358,0.00020918792632562688,-0.005281845520282269,-0.003974490803152375,-0.008812490617024493,63.88758087158203
355,2013-06-04,0.4387616409909068,0.43834326513825556,0.44095805436955,0.4363037327297273,0.37399789821348145,0.0006275637789768806,0.0003137619402298064,0.0012550876594364935,0.002457908261179531,0.0294700495421108,63.93336486816406
356,2013-06-05,0.4366698016261678,0.430080521591721,0.4387616409909068,0.42987133366539537,0.44413751688935593,-0.002091839364739001,-0.008262743546534557,-0.0021964133786431805,-0.006432399064331906,0.07013961867587448,62.72821807861328
357,2013-06-06,0.4280932961394035,0.4274657323604266,0.4285639390497482,0.4216608970750716,0.4148776459990992,-0.008576505486764308,-0.002614789231294379,-0.010197701941158599,-0.008210436590323777,-0.029259870890256723,62.72820281982422
358,2013-06-07,0.4295575717251656,0.436356039685938,0.4378203152717001,0.4262106447009901,0.4459990992343492,0.0014642755857621204,0.008890307325511382,0.009256376221951912,0.004549747625918532,0.031121453235250007,64.03282928466797
359,2013-06-10,0.436356039685938,0.435623901893057,0.4372973654051447,0.4315447971774831,0.33118150427863685,0.006798467960772381,-0.0007321377928810047,-0.0005229498665554333,0.005334152476492993,-0.11481759495571237,63.92535781860352
360,2013-06-11,0.43170171804611535,0.4292438097849358,0.433532062528318,0.4281978701533077,0.32235400090076566,-0.004654321639822656,-0.0063800921081211825,-0.0037653028768266927,-0.003346927024175439,-0.008827503377871193,62.98915481567383
361,2013-06-12,0.43175398510380875,0.4259491498184538,0.43321826068957087,0.4258968827607604,0.2160636541059901,5.226705769340034e-05,-0.0032946599664820386,-0.00031380183874712975,-0.0023009873925473046,-0.10629034679477556,62.505672454833984
362,2013-06-13,0.4263152187148943,0.43300911266176256,0.43316599363187747,0.42312521255935104,0.24847620477405796,-0.00543876638891444,0.007059962843308787,-5.226705769340034e-05,-0.0027716702014093375,0.03241255066806786,63.54167556762695
363,2013-06-14,0.4334274486158965,0.42960987868137634,0.4344733882475247,0.42866855296216966,0.19049692238402643,0.007112229901002187,-0.003399233980386218,0.0013073946156472172,0.0055433404028186195,-0.05797928239003153,63.042850494384766
364,2013-06-17,0.4313356491496748,0.43525783299661647,0.43818638416814065,0.4313356491496748,0.30680078066356403,-0.0020917994662216777,0.005647954315240122,0.003712995920615969,0.002667096187505158,0.1163038582795376,63.87166976928711
365,2013-06-18,0.43625142577351655,0.4397552337678069,0.4406965594870136,0.43619915871582315,0.3035129860381324,0.004915776623841739,0.00449740077119043,0.0025101753188729314,0.0048635095661483385,-0.003287794625431606,64.53166198730469
366,2013-06-19,0.4387093340346961,0.4302897095180467,0.4397029667101135,0.4302897095180467,0.2873142170845218,0.002457908261179531,-0.009465524249760215,-0.0009935927769000874,-0.005909449197776473,-0.01619876895361061,63.14259719848633
367,2013-06-20,0.4263152187148943,0.41721576336157457,0.4273088513903117,0.41669281349501913,0.42675273982885453,-0.01239411531980178,-0.013073946156472116,-0.01239411531980178,-0.01359689602302755,0.13943852274433272,61.224098205566406
368,2013-06-21,0.41894153382987304,0.4135027674409586,0.4199874335629839,0.41088797820966416,0.6075063804233598,-0.00737368488502127,-0.003712995920615969,-0.007321417827327814,-0.00580483528535497,0.18075364059450527,60.67924499511719
369,2013-06-24,0.40863925787481026,0.4071226753328374,0.41052190931322363,0.4046647670716579,0.4253565530701096,-0.010302275955062778,-0.0063800921081211825,-0.009465524249760271,-0.006223211138006279,-0.1821498273532502,59.74300384521485
370,2013-06-25,0.40947600958011277,0.4101558404167831,0.41392114329360985,0.40895301981504006,0.34337186608617326,0.0008367517053025075,0.003033165083945688,0.003399233980386218,0.0042882527433821815,-0.08198468698393635,60.18809127807617
371,2013-06-26,0.41277062964807754,0.4172680703177853,0.41847085102101106,0.41261374867796263,0.3554421258069359,0.003294620067964771,0.007112229901002187,0.004549707727401209,0.0036607288629225687,0.012070259720762644,61.23176193237305
372,2013-06-27,0.41862777188964323,0.42014431453309875,0.4203535024594244,0.41737264433168947,0.28320072061252066,0.005857142241565694,0.0028762442153134615,0.0018826514384133186,0.004758895653726836,-0.07224140519441524,61.65384292602539
373,2013-06-28,0.41862777188964323,0.4179479011544556,0.4217132040312824,0.4156991808196017,0.3997447830656058,0.0,-0.002196413378643125,0.0013597015718579963,-0.0016734635120877472,0.11654406245308513,61.33153533935547
374,2013-07-01,0.4206673042981715,0.4241711122924619,0.4262106447009901,0.4206673042981715,0.34398738928088873,0.0020395324085282773,0.006223211138006279,0.004497440669707753,0.004968123478569786,-0.05575739378471706,62.24473190307617
375,2013-07-02,0.42364816242590647,0.4174249512879002,0.4252170120255727,0.4158560617897166,0.3425761897612971,0.0029808581277349644,-0.006746161004561713,-0.0009936326754174107,-0.004811242508454883,-0.0014111995195916216,61.25478363037109
376,2013-07-03,0.41596067570213807,0.4204581163718459,0.4217132040312824,0.41496704302672066,0.11851073412400541,-0.0076874867237684,0.003033165083945688,-0.003503807994290342,-0.0008890187629959634,-0.2240654556372917,61.69989013671875
377,2013-07-05,0.4232297865732552,0.4253738929956876,0.42542619995189834,0.4183662770071069,0.20627533403392884,0.007269110871117146,0.004915776623841739,0.003712995920615969,0.003399233980386218,0.08776459990992343,62.4212532043457
378,2013-07-08,0.42673359456754556,0.42757034627284807,0.43044659048816153,0.42673359456754556,0.23284792073262273,0.003503807994290342,0.0021964532771604484,0.005020390536263186,0.00836731756043868,0.02657258669869389,62.74357223510742
379,2013-07-09,0.43055120440058303,0.4290869288148209,0.4318062920600195,0.42720427737640754,0.2874943702146825,0.003817609833037472,0.001516582541972844,0.0013597015718579963,0.00047068280886197744,0.05464644948205977,62.96612548828125
380,2013-07-10,0.4289300079461887,0.42657671359743066,0.4292438097849358,0.4240664983800404,0.21786518540759645,-0.001621196454394347,-0.0025102152173902548,-0.0025624822750837106,-0.0031377789963671354,-0.06962918480708605,62.59776306152344
381,2013-07-11,0.4320677869425559,0.4324861228966898,0.4333228746019923,0.4295575717251656,0.24323675123855276,0.003137778996367191,0.00590940929925915,0.004079064817056499,0.005491073345125219,0.025371565830956316,63.46492004394531
382,2013-07-12,0.43170171804611535,0.44022591657666893,0.4405396785168987,0.43170171804611535,0.3178952109292899,-0.0003660688964405301,0.007739793679979123,0.007216803914906367,0.0021441463209497247,0.07465845969073714,64.60070037841797
383,2013-07-15,0.4387616409909068,0.4355192879806355,0.44022591657666893,0.4343165072774098,0.34724515838462694,0.0070599229447914635,-0.004706628596033435,-0.0003137619402297509,0.0026147892312944343,0.029349947455337033,63.910037994384766
384,2013-07-16,0.4364606136998422,0.43525783299661647,0.43802950319802575,0.43384582446854775,0.2025071310614022,-0.002301027291064628,-0.0002614549840190272,-0.0021964133786431805,-0.00047068280886203295,-0.14473802732322474,63.87166976928711
385,2013-07-17,0.4376111273453745,0.43923228390125146,0.4399644216941325,0.4363037327297273,0.25823449932442577,0.001150513645532314,0.003974450904634996,0.0019349184961067745,0.002457908261179531,0.055727368263023574,64.45486450195312
386,2013-07-18,0.44127181630977974,0.4420562610588715,0.4429452798218675,0.4406965594870136,0.3542411049391983,0.0036606889644052454,0.002823977157620061,0.0029808581277349644,0.0043928267572863056,0.09600660561477253,64.86930084228516
387,2013-07-19,0.44221314202898643,0.4427361317940592,0.44346826958694024,0.44027822353287965,0.22738327578441675,0.0009413257192066871,0.0006798707351876598,0.0005229897650727566,-0.00041833595413393043,-0.12685782915478155,64.96905517578125
388,2013-07-22,0.4427361317940592,0.44676288965490496,0.4472858395214604,0.44226544898519715,0.25779912925987086,0.0005229897650727566,0.0040267578608457755,0.0038175699345201486,0.001987225452317498,0.030415853475454113,65.55998229980469
389,2013-07-23,0.4432590816606146,0.42992364062160615,0.4449325451727023,0.42934838379884,0.8463143672121303,0.0005229498665554333,-0.01683924903329881,-0.0023532943487580837,-0.012917065186357157,0.5885152379522594,63.0888900756836
390,2013-07-24,0.43055120440058303,0.42976675965149125,0.43316599363187747,0.4269427824938712,0.3871941149977481,-0.012707877260031586,-0.0001568809701149032,-0.011766551540824843,-0.0024056013049688074,-0.4591202522143822,63.06586837768555
391,2013-07-25,0.4290869288148209,0.4332705676457816,0.433793517512337,0.42626295165720085,0.3987839663714157,-0.0014642755857621204,0.003503807994290342,0.0006275238804595573,-0.0006798308366703365,0.011589851373667637,63.58004760742188
392,2013-07-26,0.43170171804611535,0.43719275149272324,0.43719275149272324,0.42945299771126144,0.32097282690286744,0.0026147892312944343,0.0039221838469416515,0.003399233980386218,0.0031900460540605913,-0.07781113946854828,64.15560913085938
393,2013-07-29,0.4369835635663976,0.43619915871582315,0.43719275149272324,0.4333751815582031,0.3019516589100736,0.005281845520282269,-0.0009935927769000874,0.0,0.0039221838469416515,-0.019021167992793853,64.0097885131836
394,2013-07-30,0.43719275149272324,0.43609454480340165,0.4389185219610217,0.43389813142475847,0.3427113046089176,0.00020918792632562688,-0.00010461391242150286,0.001725770468298471,0.0005229498665553778,0.040759645698843994,63.99441909790039
395,2013-07-31,0.43672210858237853,0.43693129650870416,0.440069035606554,0.4353624070105206,0.3725716859330431,-0.0004706429103447096,0.0008367517053025075,0.001150513645532314,0.0014642755857621204,0.029860381324125496,64.11722564697266
396,2013-08-01,0.44059198547310946,0.4411672422958756,0.443311348718308,0.4398075407240176,0.27171595856478004,0.0038698768907309278,0.004235945787171458,0.0032423131117539916,0.004445133713497029,-0.10085572736826304,64.73885345458984
397,2013-08-02,0.44127181630977974,0.43928459085746224,0.44127181630977974,0.43672210858237853,0.2290196667167092,0.000679830836670281,-0.0018826514384133741,-0.0020395324085282773,-0.0030854321416390884,-0.04269629184807083,64.46257019042969
398,2013-08-05,0.4386047600207919,0.43483945714396516,0.43928459085746224,0.4340550123948734,0.20201170995346043,-0.0026670562889878346,-0.004445133713497085,-0.001987225452317498,-0.002667096187505158,-0.02700795676324877,63.810279846191406
399,2013-08-06,0.43415958640877755,0.43070808537069794,0.43531010005430987,0.4288777408884953,0.2885302507131061,-0.004445173612014353,-0.004131371773267223,-0.003974490803152375,-0.005177271506378089,0.08651854075964568,63.20403289794922
400,2013-08-07,0.42934838379884,0.4280932961394035,0.4300282545340276,0.4260537637308752,0.21253565530701096,-0.004811202609937559,-0.0026147892312944343,-0.005281845520282269,-0.002823977157620061,-0.07599459540609516,62.82032012939453
401,2013-08-08,0.4294006907550507,0.42898231490239946,0.43253842985290053,0.42626295165720085,0.2865335535204924,5.2306956210723676e-05,0.0008890187629959634,0.0025101753188729314,0.00020918792632562688,0.07399789821348146,62.95075988769531
402,2013-08-09,0.4292960768426292,0.42934838379884,0.42976675965149125,0.4261583377447794,0.20507431316619126,-0.00010461391242150286,0.0003660688964405301,-0.002771670201409282,-0.00010461391242144735,-0.08145924035430116,63.00450897216797
403,2013-08-12,0.42647213958352653,0.4304988974443723,0.4316494110899046,0.4260537637308752,0.2685482660261222,-0.0028239372591026823,0.001150513645532314,0.0018826514384133741,-0.00010457401390417953,0.06347395285993093,63.173336029052734
404,2013-08-13,0.43065577841448716,0.42851167199205475,0.43107415426713847,0.42432799326257675,0.30300255216934396,0.004183638830960623,-0.0019872254523175537,-0.000575256822766157,-0.001725770468298471,0.03445428614322177,62.88169479370117
405,2013-08-14,0.42647213958352653,0.42976675965149125,0.4310218473109277,0.42647213958352653,0.28907071010358804,-0.004183638830960623,0.0012550876594364935,-5.230695621077919e-05,0.00214414632094978,-0.013931842065755928,63.06586837768555
406,2013-08-15,0.4263152187148943,0.4239619243661362,0.4284070580796333,0.4227068367066998,0.28342591202522144,-0.00015692086863222654,-0.005804835285355026,-0.002614789231294379,-0.0037653028768267482,-0.005644798078366597,62.21405029296875
407,2013-08-16,0.42427568630636603,0.4241188053362511,0.4277795341991737,0.42370042948359987,0.26314367212130313,-0.0020395324085282773,0.0001568809701149032,-0.0006275238804596128,0.0009935927769000874,-0.02028223990391831,62.23709487915039
408,2013-08-19,0.42438030021878753,0.4195690976088499,0.42458948814511316,0.4193599096825243,0.23163188710403843,0.00010461391242150286,-0.004549707727401209,-0.0031900460540605358,-0.004340519801075582,-0.031511785017264704,61.56943130493164
409,2013-08-20,0.4196736716227541,0.4197782456366582,0.4220792729277229,0.4190461078437772,0.23697642996547064,-0.004706628596033435,0.00020914802780830355,-0.0025102152173902548,-0.00031380183874707424,0.005344542861432211,61.60010528564453
410,2013-08-21,0.4188892268736623,0.4153331119231612,0.4188892268736623,0.41381652938118835,0.3623780213181204,-0.0007844447490917839,-0.004445133713497029,-0.0031900460540605913,-0.005229578462588869,0.12540159135264978,60.94783401489258
411,2013-08-22,0.416117556672253,0.42124256112093766,0.4219746989138187,0.41512392399683556,0.17201621378171444,-0.0027716702014093375,0.005909449197776473,0.0030854720401564117,0.0013073946156472172,-0.19036180753640597,61.81501007080078
412,2013-08-23,0.42129482817863106,0.4193599096825243,0.42150401610495675,0.41800020811066635,0.20060051043386878,0.005177271506378089,-0.0018826514384133741,-0.00047068280886197744,0.002876284113830785,0.02858429665215434,61.53873443603516
413,2013-08-26,0.4196736716227541,0.41899384078608376,0.42129482817863106,0.4177910201843407,0.23612070259720763,-0.001621156555876968,-0.0003660688964405301,-0.0002091879263256824,-0.00020918792632562688,0.03552019216333885,61.485008239746094
414,2013-08-27,0.41491473607050994,0.41700657543524894,0.41831397005089616,0.4139734502498206,0.3364960216183756,-0.004758935552244159,-0.0019872653508348215,-0.002980858127734909,-0.0038175699345201486,0.10037531902116797,61.19338607788086
415,2013-08-28,0.4166405065388084,0.4177910201843407,0.4197782456366582,0.41512392399683556,0.28236000600510436,0.001725770468298471,0.0007844447490917839,0.0014642755857620648,0.0011504737470149906,-0.05413601561327125,61.30852127075195
416,2013-08-29,0.4167451204512299,0.4196736716227541,0.42228846085404853,0.41575148777581244,0.21992193364359705,0.00010461391242150286,0.0018826514384133741,0.0025102152173903103,0.0006275637789768806,-0.06243807236150731,61.584747314453125
417,2013-08-30,0.41946448369642847,0.41784332714055145,0.4196736716227541,0.4152808448654678,0.2159135264975229,0.0027193632451985583,-0.0018303444822026504,-0.0026147892312944343,-0.0004706429103446541,-0.004008407146074144,61.316192626953125
418,2013-09-03,0.42223615389783775,0.42134713513484184,0.4251647449678793,0.4186800389473367,0.2292598708902567,0.002771670201409282,0.0035038079942903977,0.005491073345125219,0.003399194081868895,0.0133463443927338,61.83034896850586
419,2013-09-04,0.4209287592821906,0.4239619243661362,0.42526931898178344,0.4197259785789648,0.22523645098333583,-0.0013073946156471616,0.002614789231294379,0.00010457401390412402,0.0010459396316281344,-0.004023419906920872,62.21405029296875
420,2013-09-05,0.42328209352946594,0.4218178179437038,0.4241188053362511,0.42145170914874597,0.25252965020267226,0.0023533342472753516,-0.0021441064224324013,-0.001150513645532314,0.0017257305697811476,0.027293199219336428,61.89942932128906
421,2013-09-06,0.42087649222449713,0.4209287592821906,0.4238573503522321,0.41376426232349495,0.2887404293649602,-0.0024056013049688074,-0.0008890586615132312,-0.0002614549840190272,-0.007687446825251021,0.03621077916228793,62.15424728393555
422,2013-09-09,0.42223615389783775,0.42981906660770197,0.43044659048816153,0.42119025416472694,0.41992193364359703,0.0013596616733406175,0.008890307325511382,0.006589240135929431,0.007425991841231994,0.13118150427863684,63.46696853637695
423,2013-09-10,0.4324861228966898,0.4316494110899046,0.4332705676457816,0.42720427737640754,0.3831706950908272,0.010249968998852055,0.0018303444822026504,0.002823977157620061,0.006014023211680597,-0.03675123855276985,63.73723983764648
424,2013-09-11,0.43175398510380875,0.43787262222791085,0.4386570270784853,0.4310218473109277,0.36497522894460294,-0.0007321377928810602,0.006223211138006224,0.005386459432703716,0.0038175699345201486,-0.01819546614622425,64.65617370605469
425,2013-09-12,0.4347348432315437,0.4346825761738503,0.43719275149272324,0.4336366365422221,0.2985587749587149,0.0029808581277349644,-0.0031900460540605358,-0.0014642755857620648,0.0026147892312944343,-0.06641645398588802,64.18512725830078
426,2013-09-13,0.43619915871582315,0.4369835635663976,0.43881394794711753,0.43525783299661647,0.17994295150878248,0.0014643154842794437,0.0023009873925473046,0.0016211964543942914,0.001621196454394347,-0.11861582344993243,64.52489471435547
427,2013-09-16,0.44226544898519715,0.44226544898519715,0.44440959530614693,0.44059198547310946,0.3049391983185708,0.006066290269373997,0.005281885418799537,0.005595647359029399,0.005334152476492993,0.12499624680978833,65.30482482910156
428,2013-09-17,0.4431544677481931,0.4438343384833808,0.44514173309902794,0.4428930127641741,0.256883350848221,0.0008890187629959634,0.0015688894981836232,0.0007321377928810047,0.002301027291064628,-0.0480558474703498,65.5364761352539
429,2013-09-18,0.4398075407240176,0.4492731048722952,0.4497437477826399,0.4398075407240176,0.32366011109443027,-0.0033469270241754945,0.00543876638891444,0.004602014683611988,-0.0030854720401564673,0.06677676024620927,66.33956909179688
430,2013-09-19,0.4521493490876087,0.4544503763786733,0.457744996446638,0.4500052426651763,0.4318570785167392,0.012341808363591056,0.005177271506378089,0.008001248663998095,0.010197701941158654,0.10819696742230894,67.10401916503906
431,2013-09-20,0.4547118313626924,0.4500575097228697,0.45716973962387186,0.4500575097228697,0.7893109142771355,0.0025624822750837106,-0.004392866655803629,-0.000575256822766157,5.226705769340034e-05,0.3574538357603963,66.45539093017578
432,2013-09-23,0.45298610079291124,0.4517309732349574,0.45601922597833955,0.4515217853086318,0.33718660861732475,-0.0017257305697811476,0.0016734635120877472,-0.001150513645532314,0.0014642755857621204,-0.45212430565981077,66.70245361328125
433,2013-09-24,0.4514172112947276,0.4490639169459696,0.45371823858579224,0.44854092718089683,0.3736676174748536,-0.0015688894981836232,-0.0026670562889878346,-0.0023009873925473046,-0.0029808581277349644,0.03648100885752886,66.30865478515625
434,2013-09-25,0.4494299858424101,0.44963917376873574,0.45209704213139795,0.4485932341371076,0.20133613571535805,-0.001987225452317498,0.000575256822766157,-0.0016211964543942914,5.230695621077919e-05,-0.17233148175949556,66.39360809326172
435,2013-09-26,0.4493253719299886,0.44885472901964396,0.45204477507370455,0.44744272049157524,0.15754391232547665,-0.00010461391242150286,-0.0007844447490917839,-5.226705769340034e-05,-0.0011505136455323695,-0.043792223389881396,66.27780151367188
436,2013-09-27,0.44744272049157524,0.4466583156410008,0.4479134033004373,0.4450894261428172,0.17171595856478006,-0.0018826514384133741,-0.0021964133786431805,-0.004131371773267278,-0.0023532943487580282,0.014172046239303404,65.95344543457031
437,2013-09-30,0.4439389124972849,0.443311348718308,0.44529861406914284,0.4411672422958756,0.2584296652154331,-0.003503807994290342,-0.0033469669226927623,-0.0026147892312944343,-0.003922183846941596,0.08671370665065303,65.459228515625
438,2013-10-01,0.4441481004236105,0.4427361317940592,0.44440959530614693,0.44127181630977974,0.20905269479057198,0.00020918792632562688,-0.0005752169242488336,-0.0008890187629959079,0.00010457401390412402,-0.04937697042486111,65.37430572509766
439,2013-10-02,0.441690192162431,0.4417948060748525,0.4417948060748525,0.4377157013592787,0.36646149226842817,-0.002457908261179531,-0.0009413257192066871,-0.0026147892312944343,-0.003556114950501066,0.1574087974778562,65.23531341552734
440,2013-10-03,0.44095805436955,0.439598352797692,0.44111493533966484,0.43813407721192993,0.3,-0.0007321377928810047,-0.002196453277160504,-0.0006798707351876598,0.00041837585265125377,-0.06646149226842818,64.91100311279297
441,2013-10-04,0.4397029667101135,0.4428407058079633,0.4431544677481931,0.43897082891723244,0.21800030025521694,-0.0012550876594364935,0.003242353010271315,0.0020395324085282773,0.0008367517053025075,-0.08199969974478305,65.3897476196289
442,2013-10-07,0.4395460857399986,0.4397552337678069,0.4418993800887566,0.43808177025571915,0.19094730520942801,-0.0001568809701149032,-0.0030854720401564117,-0.0012550876594364935,-0.0008890586615132867,-0.027052995045788925,64.93416595458984
443,2013-10-08,0.43928459085746224,0.43400270543866265,0.44017360962045815,0.43368894349843284,0.2760696592103288,-0.00026149488253635056,-0.005752528329144246,-0.001725770468298471,-0.0043928267572863056,0.08512235400090076,64.08477020263672
444,2013-10-09,0.4347348432315437,0.43065577841448716,0.43510091212798424,0.430080521591721,0.25158384626932895,-0.004549747625918532,-0.0033469270241754945,-0.00507269749247391,-0.003608421906711845,-0.02448581294099983,63.59053039550781
445,2013-10-10,0.43415958640877755,0.44017360962045815,0.4408534803556458,0.43415958640877755,0.300750638042336,-0.000575256822766157,0.009517831205970995,0.00575256822766157,0.004079064817056555,0.049166791773007035,64.99590301513672
446,2013-10-11,0.4395460857399986,0.4427361317940592,0.44336365567451874,0.437977196241815,0.25457138567782617,0.00538649933122104,0.002562522173601034,0.0025101753188729314,0.003817609833037472,-0.046179252364509815,65.37430572509766
447,2013-10-14,0.4404874114592053,0.4455600690531619,0.4459784449058132,0.44033049059057305,0.2068608317069509,0.0009413257192066871,0.002823937259102738,0.0026147892312944343,0.0023532943487580282,-0.04771055397087526,65.7912826538086
448,2013-10-15,0.4441481004236105,0.4417948060748525,0.4449325451727023,0.44121954925208634,0.26323374868638344,0.0036606889644052454,-0.003765262978309425,-0.0010458997331108666,0.0008890586615132867,0.05637291697943253,65.23531341552734
449,2013-10-16,0.4453509210253536,0.4501621236352912,0.45126033032461277,0.44477566420258746,0.31014862633238255,0.0012028206017430931,0.00836731756043868,0.006327785151910459,0.0035561149505011214,0.04691487764599911,66.47083282470703
450,2013-10-17,0.4461876328321388,0.44984832179654405,0.4503713115616168,0.4438343384833808,0.29995496171745983,0.0008367118067851842,-0.00031380183874712975,-0.0008890187629959634,-0.0009413257192066871,-0.010193664614922715,66.42449188232422
451,2013-10-18,0.4526200318964707,0.45277691286658556,0.45371823858579224,0.4504235786193102,0.3044137516889356,0.006432399064331906,0.0029285910700415085,0.003346927024175439,0.006589240135929431,0.004458789971475752,66.85692596435547
452,2013-10-21,0.4533521696893517,0.45371823858579224,0.4546072573487882,0.4515740922648425,0.2654256117700045,0.0007321377928810047,0.0009413257192066871,0.0008890187629959634,0.001150513645532314,-0.038988139918931075,66.99591827392578
453,2013-10-22,0.46046439959035396,0.4534567437032559,0.46046439959035396,0.45110344935449787,0.5740279237351749,0.007112229901002243,-0.00026149488253635056,0.005857142241565749,-0.0004706429103446541,0.30860231196517035,66.9572982788086
454,2013-10-23,0.45084195447196146,0.451208023368402,0.45209704213139795,0.44775652233032237,0.29205824951208526,-0.009622445118392497,-0.002248720334853904,-0.008367357458956004,-0.0033469270241754945,-0.2819696742230896,66.62527465820312
455,2013-10-24,0.451208023368402,0.45513020721534364,0.4567513637712206,0.45063276654563583,0.29899414502326976,0.0003660688964405301,0.0039221838469416515,0.004654321639822656,0.0028762442153134615,0.006935895511184509,67.20442962646484
456,2013-10-25,0.45403200052602205,0.45303836785060464,0.4557577709943205,0.4525154179840492,0.26484011409698244,0.002823977157620061,-0.002091839364739001,-0.0009935927769000874,0.0018826514384133741,-0.034154030926287327,66.8955307006836
457,2013-10-28,0.45319528871923687,0.4555485830679949,0.45737892755019754,0.45309067480681536,0.2440924786068158,-0.0008367118067851842,0.0025102152173902548,0.0016211565558770236,0.000575256822766157,-0.020747635490166644,67.26618194580078
458,2013-10-29,0.4563330278170867,0.45643760183099086,0.45758811547652317,0.4544503763786733,0.23463443927338237,0.003137739097849812,0.0008890187629959634,0.00020918792632562688,0.0013597015718579408,-0.009458039333433421,67.39747619628906
459,2013-10-30,0.45643760183099086,0.4544503763786733,0.4575358085203124,0.4525154179840492,0.19249361957664016,0.00010457401390417953,-0.0019872254523175537,-5.230695621077919e-05,-0.0019349583946240978,-0.042140819696742216,67.10401916503906
460,2013-10-31,0.454921019289018,0.4513126372808235,0.4554439691555734,0.45126033032461277,0.2734124005404594,-0.001516582541972844,-0.003137739097849812,-0.002091839364739001,-0.001255087659436438,0.08091878096381924,66.6407241821289
461,2013-11-01,0.45277691286658556,0.4518355871473789,0.45288148688048974,0.44984832179654405,0.21498273532502626,-0.002144106422432457,0.0005229498665554333,-0.002562482275083655,-0.00141200852806872,-0.058429665215433135,66.71795654296875
462,2013-11-04,0.4524108439701451,0.45288148688048974,0.45549627611178417,0.4515740922648425,0.16447980783666116,-0.0003660688964404746,0.001045899733110811,0.0026147892312944343,0.001725770468298471,-0.0505029274883651,66.87234497070312
463,2013-11-05,0.4522016560438194,0.4521493490876087,0.4546072573487882,0.45047588557552093,0.21697943251764,-0.0002091879263256824,-0.0007321377928810602,-0.0008890187629959634,-0.0010982066893215903,0.052499624680978824,66.7642822265625
464,2013-11-06,0.45256772494025993,0.4575358085203124,0.45811106534307855,0.4521493490876087,0.2913376369914427,0.0003660688964405301,0.005386459432703716,0.003503807994290342,0.0016734635120877472,0.07435820447380273,67.55960083007812
465,2013-11-07,0.45811106534307855,0.45612383989076105,0.46035978567793245,0.4557577709943205,0.3211830055547215,0.0055433404028186195,-0.0014119686295513412,0.002248720334853904,0.003608421906711845,0.029845368563278796,67.35110473632812
466,2013-11-08,0.4557577709943205,0.45915700497470674,0.45931388594482164,0.45502563320143946,0.26398438672871943,-0.0023532943487580282,0.003033165083945688,-0.001045899733110811,-0.0007321377928810602,-0.05719861882600208,67.79904174804688
467,2013-11-11,0.45905239106228524,0.4600460237377027,0.4618240612636946,0.45837256022561496,0.2052694790571986,0.0032946200679647153,0.0008890187629959634,0.0025101753188729314,0.0033469270241754945,-0.05871490767152082,67.93028259277344
468,2013-11-12,0.45758811547652317,0.45204477507370455,0.45947076691493655,0.4503713115616168,0.37483861282089775,-0.0014642755857620648,-0.00800124866399815,-0.0023532943487580282,-0.00800124866399815,0.16956913376369914,66.74880981445312
469,2013-11-13,0.45099883544207636,0.45612383989076105,0.4576926894904273,0.4501621236352912,0.3125506680678577,-0.006589280034446809,0.004079064817056499,-0.00177807742450925,-0.00020918792632562688,-0.06228794475304006,67.35110473632812
470,2013-11-14,0.4579018774167529,0.46151029932346477,0.46166718029357967,0.4564899087872016,0.2380873742681279,0.00690304197467656,0.005386459432703716,0.003974490803152375,0.006327785151910403,-0.0744632937997298,68.14653015136719
471,2013-11-15,0.46135341835334986,0.46370671270210795,0.4647526523337361,0.4605689736042581,0.26493019066206275,0.003451540936596942,0.0021964133786431805,0.0030854720401564117,0.004079064817056499,0.02684281639393485,68.47081756591797
472,2013-11-18,0.46480491939142954,0.46114423042702424,0.4650664142739659,0.4605689736042581,0.2517339738777961,0.003451501038079674,-0.0025624822750837106,0.0003137619402298064,0.0,-0.013196216784266634,68.09243774414062
473,2013-11-19,0.46130111139713914,0.46067354761816226,0.4625039319988822,0.4596799548412622,0.19127758594805586,-0.0035038079942903977,-0.00047068280886197744,-0.0025624822750837106,-0.0008890187629959079,-0.06045638792974026,68.02294158935547
474,2013-11-20,0.46051666664804736,0.459836835811377,0.46255619905657563,0.4585817481519406,0.2635340039033178,-0.0007844447490917839,-0.0008367118067852397,5.2267057693455854e-05,-0.0010982066893215903,0.07225641795526197,67.89938354492188
475,2013-11-21,0.46114423042702424,0.46658299681593873,0.46762889654904954,0.46020290470781755,0.2683831256568083,0.0006275637789768806,0.006746161004561713,0.00507269749247391,0.001621156555876968,0.0048491217534904485,68.89554595947266
476,2013-11-22,0.46658299681593873,0.4733814248781938,0.4737474937746343,0.46574624511063617,0.2829905419606666,0.0054387663889144955,0.0067984280622550575,0.0061185972255847765,0.0055433404028186195,0.014607416303858312,69.89938354492188
477,2013-11-25,0.47353834574682596,0.4747934334062625,0.47583933313937327,0.47343373183440457,0.31709953460441376,0.0069553489308872285,0.00141200852806872,0.0020918393647389455,0.0076874867237684,0.03410899264374717,70.10787200927734
478,2013-11-26,0.4748457403624732,0.4747934334062625,0.47709446069732714,0.474427364509822,0.3684131511785017,0.0013073946156472172,0.0,0.0012551275579538723,0.0009936326754174107,0.05131361657408795,70.10787200927734
479,2013-11-27,0.47583933313937327,0.47583933313937327,0.47814036043043795,0.4747934334062625,0.28557273682630235,0.0009935927769000874,0.0010458997331107556,0.001045899733110811,0.0003660688964405301,-0.08284041435219935,70.2623291015625
480,2013-11-29,0.47698984678490564,0.47453193852372605,0.47944775504608517,0.47453193852372605,0.13768202972526647,0.0011505136455323695,-0.0013073946156472172,0.0013073946156472172,-0.0002614948825364616,-0.14789070710103588,70.06927490234375
481,2013-12-02,0.4720217632048533,0.4654324831704064,0.47275390099773423,0.4647526523337361,0.5661462242906471,-0.0049680835800523515,-0.00909945535331963,-0.0066938540483509334,-0.009779286189989966,0.42846419456538065,68.72565460205078
482,2013-12-03,0.464020514540855,0.4655893641405213,0.4685179153120455,0.46245162504267145,0.38009307911724965,-0.008001248663998262,0.0001568809701149032,-0.004235985685688726,-0.002301027291064628,-0.18605314517339744,68.74881744384766
483,2013-12-04,0.4639159006284336,0.46339295076187814,0.46783808447537517,0.4596276478850514,0.35273982885452637,-0.00010461391242144735,-0.0021964133786431805,-0.0006798308366703365,-0.002823977157620061,-0.027353250262723283,68.42448425292969
484,2013-12-05,0.4621378631024417,0.4597845288551663,0.4641773955109699,0.45936615300251504,0.35044287644497824,-0.0017780375259918713,-0.003608421906711845,-0.0036606889644052454,-0.00026149488253635056,-0.0022969524095481364,67.89167785644531
485,2013-12-06,0.46114423042702424,0.46548479012661714,0.46762889654904954,0.46114423042702424,0.2749136766251314,-0.0009936326754174662,0.005700261271450846,0.0034515010380796185,0.0017780774245091946,-0.07552919981984685,69.1264877319336
486,2013-12-09,0.46569397805294277,0.46255619905657563,0.4668967587561685,0.461928675176116,0.38123404894160035,0.004549747625918532,-0.0029285910700415085,-0.0007321377928810602,0.0007844447490917839,0.10632037231646896,68.69158172607422
487,2013-12-10,0.46067354761816226,0.4625039319988822,0.46454346440741046,0.46035978567793245,0.28991142471100434,-0.0050204304347805095,-5.2267057693455854e-05,-0.0023532943487580282,-0.0015688894981835677,-0.091322624230596,68.68382263183594
488,2013-12-11,0.46239931808646073,0.45549627611178417,0.4639682075846443,0.45518251417155436,0.327263173697643,0.001725770468298471,-0.007007655887098008,-0.000575256822766157,-0.005177271506378089,0.03735174898663868,67.6431655883789
489,2013-12-12,0.4556008900242056,0.45303836785060464,0.45690828463985284,0.4523585370139343,0.2836360906770755,-0.006798428062255113,-0.002457908261179531,-0.0070599229447914635,-0.002823977157620061,-0.0436270830205675,67.27813720703125
490,2013-12-13,0.4526722989541641,0.4523062300577236,0.45387511955590715,0.45126033032461277,0.23544512835910525,-0.0029285910700415085,-0.0007321377928810602,-0.003033165083945688,-0.0010982066893215348,-0.048190962317970265,67.16941833496094
491,2013-12-16,0.454921019289018,0.4552348211277651,0.4568559776836421,0.4531429817630261,0.35547215132862936,0.002248720334853904,0.0029285910700415085,0.0029808581277349644,0.0018826514384133186,0.12002702296952411,67.60431671142578
492,2013-12-17,0.4537705056434857,0.45272460591037483,0.45497332624522874,0.45110344935449787,0.2780813691637892,-0.001150513645532314,-0.0025102152173902548,-0.0018826514384133741,-0.002039532408528222,-0.07739078216484013,67.2315444946289
493,2013-12-18,0.4547641383189031,0.4609350425006986,0.46098734945690933,0.45298610079291124,0.43957363759195317,0.0009936326754174107,0.008210436590323777,0.006014023211680597,0.0018826514384133741,0.16149226842816394,68.45085144042969
494,2013-12-19,0.459104698018496,0.46433427648108483,0.4650664142739659,0.459104698018496,0.321318120402342,0.004340559699592905,0.003399233980386218,0.004079064817056555,0.0061185972255847765,-0.11825551718961119,68.95563507080078
495,2013-12-20,0.46370671270210795,0.4663738088896131,0.46877941019458186,0.46344525771808887,0.5871941149977481,0.0046020146836119324,0.0020395324085282773,0.003712995920615969,0.00434055969959285,0.2658759945954061,69.2585220336914
496,2013-12-23,0.4701914187226506,0.4662692348757089,0.4701914187226506,0.46548479012661714,0.19172796877345744,0.00648470602054263,-0.00010457401390417953,0.00141200852806872,0.0020395324085282773,-0.39546614622429066,69.24300384521484
497,2013-12-24,0.4660077399931726,0.4679949654454901,0.4683087672842372,0.46548479012661714,0.07698543762197868,-0.004183678729478002,0.0017257305697811476,-0.0018826514384133741,0.0,-0.11474253115147875,69.49923706054688
498,2013-12-26,0.4700868048102291,0.47071436858920596,0.4714988133382978,0.4674197086227239,0.14090977330731122,0.004079064817056499,0.0027194031437158817,0.0031900460540605913,0.0019349184961067745,0.06392433568533254,69.9030990600586
499,2013-12-27,0.47071436858920596,0.46987761688390345,0.4717602683223168,0.46778577751916445,0.11382675273982885,0.0006275637789768806,-0.0008367517053025075,0.0002614549840190272,0.0003660688964405301,-0.027083020567482366,69.77883911132812
500,2013-12-30,0.47087124955932086,0.47212633721875735,0.47343373183440457,0.46992992384011417,0.1903467947755592,0.0001568809701149032,0.002248720334853904,0.0016734635120877472,0.0021441463209497247,0.07652004203573036,70.11279296875
501,2013-12-31,0.47244009915898716,0.4734860387906153,0.47453193852372605,0.47181257527852755,0.16629635189911424,0.0015688495996662999,0.0013597015718579408,0.0010982066893214792,0.0018826514384133741,-0.024050442876444977,70.31470489501953
502,2014-01-02,0.4733291578205005,0.4671582536387049,0.4741136025695922,0.4652756022002915,0.23178201471250562,0.0008890586615133422,-0.006327785151910403,-0.0004183359541338749,-0.00653697307823603,0.06548566281339138,69.37503051757812
503,2014-01-03,0.46700137266859,0.4662692348757089,0.46893629116469676,0.46480491939142954,0.21747485362558175,-0.006327785151910514,-0.0008890187629959634,-0.005177311404895413,-0.00047068280886197744,-0.01430716108692387,69.24300384521484
504,2014-01-06,0.46919778604723317,0.46501410731775517,0.4701391117664398,0.4642296625686633,0.2647650502927488,0.0021964133786431805,-0.0012551275579537613,0.0012028206017430376,-0.0005752568227662125,0.04729019666716708,69.05661010742188
505,2014-01-07,0.46574624511063617,0.46229474407255655,0.4663215019334023,0.4605689736042581,0.2729770304759045,-0.0034515409365969973,-0.002719363245198614,-0.003817609833037472,-0.0036606889644052454,0.008211980183155665,68.65274810791016
506,2014-01-08,0.46130111139713914,0.4580064913291744,0.46229474407255655,0.4561761468469718,0.3944903167692539,-0.004445133713497029,-0.004288252743382126,-0.0040267578608457755,-0.0043928267572863056,0.1215132862933494,68.01593017578125
507,2014-01-09,0.4589478170483811,0.45852944119572986,0.46135341835334986,0.4558623450082247,0.25329530100585496,-0.0023532943487580282,0.0005229498665554333,-0.0009413257192066871,-0.00031380183874707424,-0.14119501576339893,68.09357452392578
508,2014-01-10,0.460725854574373,0.4575358085203124,0.4608304684867945,0.45539170209788,0.2796877345743882,0.0017780375259918713,-0.0009936326754174662,-0.0005229498665553778,-0.0004706429103447096,0.02639243356853327,67.9460220336914
509,2014-01-13,0.4566990967135272,0.4515217853086318,0.4578496103590595,0.45115571641219127,0.3326527548416154,-0.0040267578608457755,-0.006014023211680597,-0.0029808581277349644,-0.004235985685688726,0.05296502026722716,67.05291748046875
510,2014-01-14,0.45392742651211787,0.45732662059398677,0.458634015209634,0.45392742651211787,0.30538958114397236,-0.0027716702014093375,0.00580483528535497,0.0007844048505744605,0.0027717100999266053,-0.02726317369764303,67.91497802734375
511,2014-01-15,0.45811106534307855,0.45957534092884067,0.46020290470781755,0.4566467897573165,0.3098483711154481,0.004183638830960679,0.002248720334853904,0.0015688894981835677,0.002719363245198614,0.004458789971475752,68.24893188476562
512,2014-01-16,0.4578496103590595,0.45622841390466523,0.45947076691493655,0.4545026833348841,0.21199519591652904,-0.0002614549840190272,-0.003346927024175439,-0.0007321377928810047,-0.0021441064224324013,-0.09785317519891906,67.75189971923828
513,2014-01-17,0.4561761468469718,0.4522016560438194,0.4565422157434123,0.45194016116128305,0.44009908422158833,-0.0016734635120877472,-0.004026757860845831,-0.0029285511715242407,-0.002562522173601034,0.2281038883050593,67.15388488769531
514,2014-01-21,0.4510511423982871,0.44451416932005106,0.45115571641219127,0.4375065533314703,0.9145924035430115,-0.005125004448684689,-0.007687486723768344,-0.00538649933122104,-0.014433607829812733,0.4744933193214232,66.01226806640625
515,2014-01-22,0.4439912194534956,0.44221314202898643,0.4448802382164916,0.44111493533966484,0.4625281489265876,-0.0070599229447914635,-0.002301027291064628,-0.00627547819569968,0.0036083820081945217,-0.4520642546164239,65.6705322265625
516,2014-01-23,0.43625142577351655,0.4344210812913139,0.44121954925208634,0.4336366365422221,0.621798528749437,-0.007739793679979068,-0.007792060737672524,-0.0036606889644052454,-0.007478298797442717,0.15927037982284936,64.51339721679688
517,2014-01-24,0.431440223163579,0.4267859015237563,0.4342118933649883,0.4267859015237563,0.5635189911424711,-0.004811202609937559,-0.0076351797675576205,-0.007007655887098063,-0.006850735018465837,-0.058279537606965914,63.37954330444336
518,2014-01-27,0.4249032500853429,0.4303420164742574,0.43483945714396516,0.42474636911522806,0.6499474553370365,-0.006536973078236086,0.0035561149505011214,0.0006275637789768806,-0.002039532408528222,0.0864284641945654,63.90766143798828
519,2014-01-28,0.43274761777922616,0.4345779622614288,0.43703587052260834,0.4319631730301344,0.47420807686533556,0.007844367693883247,0.004235945787171402,0.0021964133786431805,0.007216803914906311,-0.1757393784717009,64.53669738769531
520,2014-01-29,0.43044659048816153,0.42992364062160615,0.43300911266176256,0.4288777408884953,0.47518390632037233,-0.002301027291064628,-0.004654321639822656,-0.0040267578608457755,-0.0030854321416390884,0.0009758294550367697,63.84550476074219
521,2014-01-30,0.4320677869425559,0.43070808537069794,0.4325907368091113,0.42966218563758707,0.41352649752289444,0.001621196454394347,0.0007844447490917839,-0.00041837585265125377,0.0007844447490917839,-0.061657408797477886,63.9620246887207
522,2014-01-31,0.42563538787822397,0.4250601310554578,0.42877312697607384,0.4229682916907188,0.778576790271731,-0.006432399064331906,-0.005647954315240122,-0.003817609833037472,-0.006693893946868257,0.36505029274883655,63.12326049804688
523,2014-02-03,0.42464175520280656,0.4197259785789648,0.4250601310554578,0.41862777188964323,0.6179702747335235,-0.0009936326754174107,-0.005334152476492993,-0.0037129959206160246,-0.004340519801075582,-0.16060651553820748,62.33111953735352
524,2014-02-04,0.42134713513484184,0.42019662148930953,0.4216608970750716,0.4177910201843407,0.3946104188560276,-0.0032946200679647153,0.0004706429103447096,-0.003399233980386218,-0.0008367517053025075,-0.2233598558774959,62.4009895324707
525,2014-02-05,0.4187323459035474,0.4206673042981715,0.4232297865732552,0.41847085102101106,0.35165891007356254,-0.0026147892312944343,0.00047068280886197744,0.0015688894981836232,0.0006798308366703365,-0.042951508782465064,62.47092056274414
526,2014-02-06,0.4217655109874931,0.4219746989138187,0.42218388684014435,0.41810478212457053,0.3967572436571085,0.003033165083945688,0.0013073946156472172,-0.0010458997331108666,-0.0003660688964405301,0.04509833358354598,62.6650505065918
527,2014-02-07,0.42458948814511316,0.4229682916907188,0.42458948814511316,0.4195690976088499,0.381038883050593,0.002823977157620061,0.0009935927769000874,0.0024056013049688074,0.0014643154842793882,-0.01571836060651549,62.8126106262207
528,2014-02-10,0.4253216259379942,0.43065577841448716,0.4311264612233492,0.4217655109874931,0.6462993544512836,0.0007321377928810602,0.007687486723768344,0.00653697307823603,0.0021964133786431805,0.2652604714006906,63.95423126220703
529,2014-02-11,0.43091727329702356,0.43515321908419496,0.43714044453651246,0.42992364062160615,0.46623630085572737,0.005595647359029343,0.004497440669707808,0.006013983313163274,0.008158129634113054,-0.18006305359555624,64.62212371826172
530,2014-02-12,0.43279992473543694,0.4301851355041425,0.4345779622614288,0.4281978701533077,0.5604113496472001,0.0018826514384133741,-0.0049680835800524625,-0.002562482275083655,-0.001725770468298471,0.0941750487914727,63.88434219360352
531,2014-02-13,0.4281456030956142,0.4334274486158965,0.433532062528318,0.42652440664121993,0.3979432517639994,-0.004654321639822712,0.0032423131117539916,-0.001045899733110811,-0.0016734635120877472,-0.16246809788320066,64.36583709716797
532,2014-02-14,0.4316494110899046,0.43938916487136637,0.4396506597539028,0.4316494110899046,0.30788169944452787,0.0035038079942903977,0.005961716255469873,0.0061185972255847765,0.005125004448684689,-0.09006155231947155,65.25118255615234
533,2014-02-18,0.4397029667101135,0.44121954925208634,0.44341596263072947,0.4396506597539028,0.3800480408347095,0.008053555620208874,0.0018303843807199738,0.0037653028768266927,0.00800124866399815,0.07216634139018163,65.52299499511719
534,2014-02-19,0.4406965594870136,0.43933689781367297,0.44545549503925774,0.43918001684355806,0.4677826152229395,0.0009935927769000874,-0.0018826514384133741,0.0020395324085282773,-0.0004706429103447096,0.08773457438823001,65.24344635009766
535,2014-02-20,0.44022591657666893,0.43829095818204483,0.44121954925208634,0.43598997078949747,0.31279087224140517,-0.0004706429103446541,-0.0010459396316281344,-0.004235945787171402,-0.0031900460540605913,-0.15499174298153434,65.08808898925781
536,2014-02-21,0.438866215004811,0.43818638416814065,0.4398598476802284,0.43598997078949747,0.2845368563278787,-0.0013597015718579408,-0.00010457401390417953,-0.0013597015718579408,0.0,-0.028254015913526498,65.07255554199219
537,2014-02-24,0.4383955720944663,0.436356039685938,0.44132412326599046,0.4361468517596124,0.3247560426362408,-0.0004706429103447096,-0.0018303444822026504,0.0014642755857620648,0.0001568809701149032,0.04021918630836213,64.80075073242188
538,2014-02-25,0.4356761689507504,0.4358330499208653,0.436356039685938,0.43170171804611535,0.40262723314817594,-0.0027194031437158817,-0.0005229897650727011,-0.0049680835800524625,-0.004445133713497029,0.07787119051193514,64.72308349609375
539,2014-02-26,0.4361468517596124,0.4363037327297273,0.4377157013592787,0.43410731935108415,0.3238402642245909,0.00047068280886197744,0.00047068280886197744,0.001359661673340673,0.0024056013049688074,-0.07878696892358505,64.7929916381836
540,2014-02-27,0.4355192879806355,0.43850014610837046,0.4385524530645812,0.4345779622614288,0.2379372466596607,-0.0006275637789768806,0.0021964133786431805,0.0008367517053025075,0.0004706429103446541,-0.08590301756493018,65.1191635131836
541,2014-02-28,0.4378203152717001,0.4384478391521597,0.44033049059057305,0.4366174946699571,0.34329680228193965,0.002301027291064628,-5.230695621077919e-05,0.0017780375259918713,0.0020395324085282773,0.10535955562227894,65.11137390136719
542,2014-03-03,0.43640830674363146,0.43499633811408006,0.43834326513825556,0.4319631730301344,0.2595105839963969,-0.0014120085280686645,-0.0034515010380796185,-0.001987225452317498,-0.004654321639822712,-0.08378621828554272,64.59881591796875
543,2014-03-04,0.44012134256276475,0.4398598476802284,0.4418470731325459,0.43829095818204483,0.2799729770304759,0.0037130358191332924,0.0048635095661483385,0.003503807994290342,0.006327785151910459,0.020462393034078985,65.32107543945312
544,2014-03-05,0.4395460857399986,0.44121954925208634,0.44137643022220124,0.4372973654051447,0.38773457438823,-0.000575256822766157,0.0013597015718579408,-0.0004706429103446541,-0.000993592776900143,0.10776159735775409,65.52299499511719
545,2014-03-06,0.43897082891723244,0.44137643022220124,0.4420562610588715,0.437977196241815,0.2885602762347996,-0.000575256822766157,0.0001568809701149032,0.000679830836670281,0.0006798308366703365,-0.09917429815343043,65.93707275390625
546,2014-03-07,0.4431022006904997,0.4389185219610217,0.44378203152717,0.4377680083154894,0.41040384326677676,0.004131371773267278,-0.002457908261179531,0.001725770468298471,-0.00020918792632562688,0.12184356703197718,65.56986236572266
547,2014-03-10,0.4377157013592787,0.43813407721192993,0.4387093340346961,0.4358330499208653,0.29340939798829,-0.00538649933122104,-0.0007844447490917839,-0.00507269749247391,-0.0019349583946240978,-0.11699444527848674,65.45267486572266
548,2014-03-11,0.4400167286503433,0.43708817747881906,0.44022591657666893,0.4358330499208653,0.27908722414051945,0.002301027291064628,-0.0010458997331108666,0.001516582541972844,0.0,-0.01432217384777057,65.29641723632812
549,2014-03-12,0.43483945714396516,0.4363037327297273,0.43787262222791085,0.4340550123948734,0.26399939948956613,-0.005177271506378145,-0.0007844447490917839,-0.0023532943487580837,-0.0017780375259919268,-0.015087824650953319,65.17923736572266
550,2014-03-13,0.4376111273453745,0.43191086607392365,0.4385524530645812,0.4314925301197897,0.31842065755892507,0.0027716702014093375,-0.004392866655803629,0.0006798308366703365,-0.002562482275083655,0.054421258069358935,64.52299499511719
551,2014-03-14,0.43191086607392365,0.4322769748688815,0.43321826068957087,0.4304988974443723,0.3114247110043537,-0.005700261271450846,0.0003661087949578534,-0.005334192375010316,-0.0009936326754174107,-0.006995946554571364,64.5776596069336
552,2014-03-17,0.43515321908419496,0.43687898955249344,0.43813407721192993,0.43300911266176256,0.41414202071760997,0.003242353010271315,0.0046020146836119324,0.004915816522359062,0.0025102152173902548,0.10271730971325627,65.26519775390625
553,2014-03-18,0.4376634343015852,0.43902309597492584,0.4405396785168987,0.43593766383328675,0.32143822248911574,0.0025102152173902548,0.0021441064224324013,0.002405601304968752,0.002928551171524185,-0.09270379822849423,65.58548736572266
554,2014-03-19,0.43923228390125146,0.43510091212798424,0.4405396785168987,0.43306137971945596,0.3792974027923735,0.0015688495996662444,-0.003922183846941596,0.0,-0.002876284113830785,0.05785918030325776,64.99957275390625
555,2014-03-20,0.433532062528318,0.43525783299661647,0.43672210858237853,0.4314925301197897,0.4133613571535805,-0.005700221372933467,0.00015692086863222654,-0.0038175699345201486,-0.0015688495996662444,0.034063954361207016,65.02301025390625
556,2014-03-21,0.4382386911243514,0.43813407721192993,0.439598352797692,0.4357284759069611,0.9755742381023871,0.00470662859603338,0.0028762442153134615,0.0028762442153134615,0.004235945787171402,0.5622128809488065,65.45267486572266
557,2014-03-24,0.4386047600207919,0.4385524530645812,0.4406442924293202,0.43740193941904887,0.41962167842666265,0.0003660688964405301,0.00041837585265125377,0.00104593963162819,0.0016734635120877472,-0.5559525596757244,65.51520538330078
558,2014-03-25,0.44095805436955,0.43944147182757715,0.4427883988517526,0.4390754029311366,0.3035430115598258,0.0023532943487580837,0.0008890187629959634,0.0021441064224324013,0.0016734635120877472,-0.11607866686683682,65.64799499511719
559,2014-03-26,0.44153331119231615,0.4363037327297273,0.4418470731325459,0.43625142577351655,0.3172646749737277,0.000575256822766157,-0.0031377390978498676,-0.0009413257192066871,-0.002823977157620061,0.013721663413901852,65.17923736572266
560,2014-03-27,0.43546698102442477,0.4366174946699571,0.4383955720944663,0.4352055260404057,0.5350247710553971,-0.006066330167891376,0.0003137619402298064,-0.0034515010380796185,-0.0010458997331108666,0.21776009608166946,65.22612762451172
561,2014-03-28,0.4385524530645812,0.43923228390125146,0.44017360962045815,0.436356039685938,0.3638042335985588,0.0030854720401564117,0.002614789231294379,0.0017780375259918713,0.001150513645532314,-0.17122053745683835,65.61674499511719
562,2014-03-31,0.4426315178816377,0.4450371191866065,0.4451940001567214,0.4420039541026608,0.31625881999699745,0.004079064817056499,0.005804835285355026,0.005020390536263242,0.005647914416722799,-0.04754541360156134,66.48392486572266
563,2014-04-01,0.445403188083047,0.44132412326599046,0.44576925697948755,0.44012134256276475,0.3261972676775259,0.0027716702014093375,-0.0037129959206160246,0.000575256822766157,-0.0018826115398960508,0.009938447680528428,65.92923736572266
564,2014-04-02,0.44121954925208634,0.44268382483784846,0.44592613794960245,0.44043510450299456,0.2998798979132262,-0.004183638830960679,0.0013597015718579963,0.0001568809701149032,0.0003137619402298064,-0.02631736976429966,66.13236999511719
565,2014-04-03,0.4436251505570551,0.44440959530614693,0.4450894261428172,0.44163788520622027,0.28593304308662365,0.002405601304968752,0.001725770468298471,-0.0008367118067852397,0.0012027807032257143,-0.013946854826602573,66.39018249511719
566,2014-04-04,0.4466583156410008,0.4455600690531619,0.4500575097228697,0.4452463071129321,0.3502627233148176,0.003033165083945688,0.0011504737470149906,0.0049680835800524625,0.003608421906711845,0.06432968022819396,66.56204986572266
567,2014-04-07,0.44550780199546847,0.44451416932005106,0.44739045343388184,0.4441481004236105,0.3531751989190812,-0.001150513645532314,-0.0010458997331108666,-0.0026670562889878346,-0.0010982066893215903,0.002912475604263609,66.40582275390625
568,2014-04-08,0.44346826958694024,0.4431022006904997,0.4440435264097064,0.44163788520622027,0.2628434169043687,-0.002039532408528222,-0.0014119686295513412,-0.003346927024175439,-0.0025102152173902548,-0.09033178201471254,66.19486236572266
569,2014-04-09,0.4436251505570551,0.44880242206343324,0.44885472901964396,0.4427883988517526,0.3150728118901066,0.0001568809701148477,0.005700221372933523,0.004811202609937559,0.001150513645532314,0.05222939498573792,67.04641723632812
570,2014-04-10,0.4481748582844563,0.44446186236384033,0.4514172112947276,0.4440957934673998,0.3211079417504879,0.004549707727401209,-0.004340559699592905,0.002562482275083655,0.0013073946156472172,0.006035129860381294,66.39800262451172
571,2014-04-11,0.4440435264097064,0.4460830588182346,0.44775652233032237,0.44378203152717,0.31031376670169647,-0.0041313318747498995,0.0016211964543942914,-0.0036606889644052454,-0.0003137619402298064,-0.010794175048791432,66.6401596069336
572,2014-04-14,0.44869784804952906,0.4471289585513455,0.4494822529001035,0.44367741761474855,0.4733523494970725,0.004654321639822656,0.0010458997331108666,0.0017257305697811476,-0.00010461391242144735,0.16303858279537603,66.79644012451172
573,2014-04-15,0.4439912194534956,0.44916849095987377,0.44953455985631424,0.4439912194534956,0.3249662212880949,-0.004706628596033435,0.0020395324085282773,5.2306956210723676e-05,0.00031380183874707424,-0.14838612820897762,67.10110473632812
574,2014-04-16,0.4524631110278385,0.4538228125996964,0.4546072573487882,0.4503713115616168,0.27423810238702895,0.00847189157434286,0.004654321639822656,0.005072697492473965,0.0063800921081211825,-0.05072811890106593,67.79643249511719
575,2014-04-17,0.4557577709943205,0.453299862733141,0.457012858653757,0.4518355871473789,0.2835310013511485,0.0032946599664820386,-0.0005229498665554333,0.0024056013049688074,0.0014642755857621204,0.009292898964119556,67.7182846069336
576,2014-04-21,0.4534567437032559,0.4518355871473789,0.45413657453992623,0.4500575097228697,0.3497973277285693,-0.002301027291064628,-0.0014642755857620648,-0.002876284113830785,-0.00177807742450925,0.0662663263774208,67.4995346069336
577,2014-04-22,0.4536659316295815,0.4543980694224626,0.4584248671818257,0.44979605473885065,0.4776910373817745,0.00020918792632562688,0.002562482275083655,0.004288292641899449,-0.0002614549840190272,0.12789370965320518,67.8823471069336
578,2014-04-23,0.4544503763786733,0.4608827355444879,0.4631837628355525,0.4535613576156774,0.4370364810088575,0.0007844447490917839,0.006484666122025307,0.004758895653726836,0.0037653028768267482,-0.04065455637291698,68.85107421875
579,2014-04-24,0.4617717942060012,0.4632883368494567,0.4653801762141957,0.4617717942060012,0.3362257919231347,0.00732141782732787,0.0024056013049688074,0.0021964133786431805,0.008210436590323777,-0.10081068908572283,69.21044158935547
580,2014-04-25,0.46386359367222285,0.4618240612636946,0.46386359367222285,0.4601505977516068,0.33871791022369013,0.0020917994662216777,-0.0014642755857621204,-0.001516582541972844,-0.001621196454394347,0.002492118300555457,68.9917221069336
581,2014-04-28,0.46464803842131464,0.46877941019458186,0.47212633721875735,0.46433427648108483,0.6135565230445879,0.0007844447490917839,0.006955348930887284,0.008262743546534501,0.004183678729478002,0.2748386128208977,70.03076171875
582,2014-04-29,0.47066206163299523,0.47536869022902867,0.47557787815535424,0.4700868048102291,0.5478606815793424,0.006014023211680597,0.006589280034446809,0.0034515409365968863,0.005752528329144246,-0.06569584146524543,71.01514434814453
583,2014-04-30,0.4743227505974006,0.47369522671694086,0.474688819493841,0.47081894260311014,0.4120252214382225,0.0036606889644053564,-0.0016734635120878028,-0.0008890586615132312,0.0007321377928810602,-0.1358354601411199,70.76515197753906
584,2014-05-01,0.4740089886571707,0.4750026213325881,0.4754732642429329,0.47196945624864245,0.413391382675274,-0.0003137619402298619,0.0013073946156472172,0.0007844447490918949,0.001150513645532314,0.0013661612370514664,70.96046447753906
585,2014-05-02,0.47583933313937327,0.4758916400955841,0.47944775504608517,0.47505488839028154,0.3152829905419607,0.0018303444822025394,0.0008890187629960189,0.003974490803152264,0.0030854321416390884,-0.0981083921333133,71.09325408935547
586,2014-05-05,0.4749503143763774,0.47406129561338145,0.4754732642429329,0.4702959927365547,0.2869539108242006,-0.0008890187629958524,-0.0018303444822026504,-0.003974490803152264,-0.004758895653726836,-0.02832907971776011,70.81983947753906
587,2014-05-06,0.472335525145083,0.47003449785401835,0.4739566817009599,0.4696684289575778,0.34544362708302057,-0.0026147892312944343,-0.004026797759363099,-0.0015165825419730106,-0.0006275637789768806,0.05848971625881999,70.21827697753906
588,2014-05-07,0.47238783210129365,0.47625770899202463,0.4785587362830893,0.47238783210129365,0.4922984536856328,5.2306956210668165e-05,0.006223211138006279,0.004602054582129422,0.002719403143715826,0.14685482660261223,71.14794921875
589,2014-05-08,0.4757870660816799,0.4771467277550205,0.4786633102969934,0.4754209971852394,0.26653655607266175,0.0033992339803862737,0.0008890187629958524,0.00010457401390406851,0.0030331650839457436,-0.22576189761297105,71.28076934814453
590,2014-05-09,0.47625770899202463,0.4774605295937676,0.4777742915339974,0.47453193852372605,0.24626932892959016,0.0004706429103447096,0.00031380183874712975,-0.0008890187629959634,-0.0008890586615133422,-0.02026722714307158,71.32763671875
591,2014-05-12,0.4817487823371499,0.48133040648449854,0.48598472812432125,0.4812780995282878,0.3111544813091127,0.005491073345125275,0.0038698768907309278,0.008210436590323833,0.006746161004561768,0.06488515237952255,71.90576934814453
592,2014-05-13,0.4830561769527971,0.4858801541104171,0.4866645589609916,0.48227173220370523,0.3373067107040985,0.0013073946156472172,0.004549747625918532,0.0006798308366703365,0.0009936326754174107,0.026152229394985793,72.58545684814453
593,2014-05-14,0.4864553710346659,0.48452045253855913,0.4865599849470874,0.4834222458492375,0.19975979582645248,0.003399194081868784,-0.0013597015718579408,-0.00010457401390417953,0.0011505136455322584,-0.13754691487764603,72.3823471069336
594,2014-05-15,0.48347451290693105,0.4830561769527971,0.48452045253855913,0.48065057564782826,0.33886803783215735,-0.0029808581277348534,-0.0014642755857620093,-0.0020395324085282773,-0.0027716702014092265,0.13910824200570487,72.16358184814453
595,2014-05-16,0.4835268198631417,0.48415438364211855,0.4843635715684443,0.47913399310585547,0.3499474553370365,5.2306956210668165e-05,0.0010982066893214237,-0.0001568809701148477,-0.0015165825419727885,0.011079417504879119,72.32763671875
596,2014-05-19,0.48363143377556317,0.4851479764190187,0.48577554019799557,0.481853356351054,0.19399489566131212,0.00010461391242144735,0.000993592776900143,0.0014119686295512857,0.002719363245198503,-0.15595255967572436,72.47605895996094
597,2014-05-20,0.48363143377556317,0.48462502655246337,0.4862462230068576,0.48279468207026066,0.20894760546464494,0.0,-0.0005229498665553223,0.00047068280886203295,0.0009413257192066871,0.014952709803332825,72.39796447753906
598,2014-05-21,0.48650767799087663,0.4856186592278807,0.48812883454675365,0.4841020766859079,0.2555021768503228,0.0028762442153134615,0.0009936326754173552,0.0018826115398960508,0.0013073946156472172,0.04655457138567784,72.54637908935547
599,2014-05-22,0.48530489728765086,0.48640310397697256,0.48687374688731716,0.4842589576560227,0.20481909623179703,-0.0012027807032257698,0.0007844447490918394,-0.0012550876594364935,0.0001568809701148477,-0.05068308061852575,72.66356658935547
600,2014-05-23,0.48640310397697256,0.4856186592278807,0.48812883454675365,0.48326536487912264,0.21786518540759645,0.0010982066893217013,-0.0007844447490918394,0.0012550876594364935,-0.0009935927769000874,0.013046089175799414,72.54637908935547
601,2014-05-27,0.48713524176985357,0.4889132792958454,0.48975003100114795,0.4862462230068576,0.23882299954961717,0.0007321377928810047,0.0032946200679646598,0.0016211964543942914,0.0029808581277349644,0.02095781414202072,73.03857421875
602,2014-05-28,0.48859951735561563,0.48875639832573053,0.49058674280793324,0.4877627656503131,0.3074913676625131,0.0014642755857620648,-0.0001568809701148477,0.0008367118067852952,0.0015165426434555207,0.06866836811289595,73.01512908935547
603,2014-05-29,0.48844263638550073,0.49210332534990603,0.4932015320392277,0.48844263638550073,0.25885002251914124,-0.0001568809701149032,0.0033469270241754945,0.0026147892312944343,0.0006798707351876043,-0.04864134514337187,73.51512908935547
604,2014-05-30,0.4915803754833506,0.48870409136951987,0.49220793926232753,0.48828575541538594,0.34179552619726766,0.0031377390978498676,-0.0033992339803861626,-0.000993592776900143,-0.00015688097011479218,0.08294550367812642,73.00731658935547
605,2014-06-02,0.4900114859851671,0.49006379294137775,0.4916326824395614,0.48975003100114795,0.21840564479807836,-0.0015688894981835122,0.0013597015718578853,-0.000575256822766157,0.0014642755857620093,-0.1233898813991893,73.21046447753906
606,2014-06-03,0.4867691728734129,0.4884949433417115,0.48870409136951987,0.4856709661840915,0.3020717609968473,-0.003242313111754158,-0.0015688495996662444,-0.0029285910700415085,-0.004079064817056444,0.08366611619876893,72.97606658935547
607,2014-06-04,0.48839032942929,0.49508418347764105,0.4955025593302922,0.487030627857432,0.30750638042335987,0.001621156555877079,0.006589240135929542,0.006798467960772325,0.0013596616733405065,0.005434619426512577,73.96044921875
608,2014-06-05,0.49623469712317325,0.4966530729758245,0.4968099539459394,0.492835463142787,0.2784566881849572,0.007844367693883247,0.0015688894981834567,0.0013073946156472172,0.00580483528535497,-0.029049692238402647,74.19480895996094
609,2014-06-06,0.49440435264097066,0.49346302692176397,0.4966530729758245,0.49309695802532344,0.3239003152679778,-0.001830344482202595,-0.0031900460540605358,-0.0001568809701149032,0.0002614948825364616,0.04544362708302058,74.14767456054688
610,2014-06-09,0.49529337140396656,0.49503191641994754,0.4970714488284757,0.4944566595971813,0.2808887554421258,0.0008890187629959079,0.0015688894981835677,0.00041837585265119825,0.0013597015718578853,-0.043011559825851975,74.38343048095703
611,2014-06-10,0.49518879739006233,0.49733290381249484,0.49764670565124197,0.4949796094637368,0.2597808136916379,-0.00010457401390423504,0.0023009873925473046,0.000575256822766268,0.0005229498665554888,-0.021107941750487913,74.72914123535156
612,2014-06-11,0.49581632127052205,0.49628700407938403,0.49733290381249484,0.4947181145812004,0.23353850773157184,0.0006275238804597238,-0.001045899733110811,-0.00031380183874712975,-0.00026149488253640607,-0.026242305960066076,74.572021484375
613,2014-06-12,0.4966530729758245,0.4968099539459394,0.49780358662135676,0.4945612336110855,0.2763098633838763,0.000836751705302452,0.0005229498665553778,0.00047068280886192193,-0.0001568809701149032,0.04277135565230447,74.65056610107422
614,2014-06-13,0.4965484590634031,0.4989541002668892,0.49932016916332966,0.4958686282267327,0.21715958564780063,-0.00010461391242139184,0.00214414632094978,0.0015165825419728995,0.0013073946156472172,-0.059150277736075674,74.9727783203125
615,2014-06-16,0.497908160635261,0.4992155552509082,0.5007321377928811,0.49785585367905033,0.19609668217985288,0.0013597015718578853,0.0002614549840190272,0.0014119686295513967,0.001987225452317609,-0.021062903467947758,75.01204681396484
616,2014-06-17,0.4964438850494989,0.4979604675914717,0.5004183758526511,0.4945612336110855,0.3266326377420808,-0.0014642755857621204,-0.0012550876594364935,-0.00031376194022991744,-0.0032946200679648263,0.1305359555622279,74.8234634399414
617,2014-06-18,0.49780358662135676,0.4989017933106784,0.4997908120736744,0.49633931103559475,0.38381624380723617,0.0013597015718578853,0.0009413257192066871,-0.0006275637789767696,0.00177807742450925,0.05718360606515538,74.96488189697266
618,2014-06-19,0.49968623805977014,0.4999476930437893,0.5002614948825364,0.49686226090215024,0.3176550067557424,0.0018826514384133741,0.0010458997331108666,0.00047068280886197744,0.0005229498665554888,-0.0661612370514938,75.12205505371094
619,2014-06-20,0.5010982066893216,0.4946658076249897,0.502980858127735,0.4945089266548749,0.7199669719261372,0.0014119686295514522,-0.005281885418799592,0.002719363245198614,-0.0023533342472753516,0.40231196517039486,74.32838439941406
620,2014-06-23,0.4946658076249897,0.4965484590634031,0.49806504160537585,0.4946658076249897,0.2897913226242306,-0.006432399064331906,0.0018826514384134296,-0.004915816522359118,0.00015688097011479218,-0.43017564930190666,74.61126708984375
621,2014-06-24,0.49581632127052205,0.49508418347764105,0.4988494863544677,0.4943520456847599,0.2462393034078967,0.0011505136455323695,-0.0014642755857620648,0.0007844447490918394,-0.0003137619402298064,-0.043552019216333865,74.39127349853516
622,2014-06-25,0.49492730250752603,0.49607781615305835,0.49701914187226504,0.4934107199655532,0.1948956613121153,-0.0008890187629960189,0.0009936326754172997,-0.0018303444822026504,-0.0009413257192066871,-0.051343642095781405,74.54058837890625
623,2014-06-26,0.4961823901669625,0.4937245218043003,0.4966007660196138,0.4895408430748223,0.1824801080918781,0.001255087659436438,-0.0023532943487580282,-0.00041837585265125377,-0.0038698768907308723,-0.012415553220237213,74.18698120117188
624,2014-06-27,0.49429973872854915,0.4911619996306994,0.49628700407938403,0.48943622916240087,0.622068758444678,-0.0018826514384133186,-0.002562522173600923,-0.0003137619402297509,-0.00010461391242144735,0.4395886503527999,73.8019027709961
625,2014-06-30,0.4919987513360018,0.4919464443797911,0.49356760093566804,0.48975003100114795,0.3233598558774959,-0.00230098739254736,0.0007844447490917283,-0.0027194031437159927,0.00031380183874707424,-0.29870890256718213,73.91979217529297
626,2014-07-01,0.4961823901669625,0.497908160635261,0.5010458997331109,0.4954502523740814,0.24487314217084521,0.004183638830960679,0.005961716255469873,0.007478298797442828,0.005700221372933467,-0.07848671370665067,74.81558227539062
627,2014-07-02,0.49633931103559475,0.49482272849362197,0.4981173485615866,0.4938290958182045,0.1673172196366912,0.00015692086863228205,-0.003085432141639033,-0.0029285511715242407,-0.0016211565558769125,-0.07755592253415403,74.35197448730469
628,2014-07-03,0.49492730250752603,0.4959732022406369,0.4960255091968476,0.4934107199655532,0.1244407746584597,-0.00141200852806872,0.001150473747014935,-0.002091839364739001,-0.0004183758526513093,-0.042876444978231495,74.52484893798828
629,2014-07-07,0.49419516471464503,0.4944566595971813,0.49560713334419637,0.4934107199655532,0.19803332832907972,-0.0007321377928810047,-0.0015165426434555762,-0.00041837585265125377,0.0,0.07359255367062002,74.29695129394531
630,2014-07-08,0.49377678886199383,0.49231251327623166,0.4946135405672962,0.4907959307342588,0.3670169644197568,-0.00041837585265119825,-0.002144146320949669,-0.0009935927769001984,-0.002614789231294379,0.16898363609067707,73.97481536865234
631,2014-07-09,0.4946135405672962,0.4952410644477559,0.49560713334419637,0.49278319608509363,0.2270529950457889,0.000836751705302341,0.0029285511715242407,0.0009935927769001984,0.0019872653508348215,-0.13996396937396788,74.41484832763672
632,2014-07-10,0.4901684068537992,0.4931492649815341,0.49356760093566804,0.48922708113459246,0.24862633238252516,-0.004445133713496974,-0.0020917994662217887,-0.002039532408528333,-0.003556114950501177,0.021573337336736248,74.10052490234375
633,2014-07-11,0.49351533387797475,0.4951364904338517,0.4954502523740814,0.49220793926232753,0.16769253865785919,0.00334692702417555,0.001987225452317609,0.0018826514384133741,0.0029808581277350754,-0.08093379372466597,74.39912414550781
634,2014-07-14,0.4977512796651461,0.4997385051174637,0.5011505136455322,0.4977512796651461,0.21268578291547816,0.004235945787171347,0.004602014683611988,0.0057002612714507905,0.005543340402818564,0.04499324425761897,75.09061431884766
635,2014-07-15,0.49958162414734875,0.5017780375259919,0.5021964133786432,0.49926786220711894,0.2365710854226092,0.0018303444822026504,0.002039532408528222,0.0010458997331109776,0.001516582541972844,0.023885302507131057,75.39708709716797
636,2014-07-16,0.5016734635120877,0.5000523069562108,0.5020918393647391,0.4992155552509082,0.21585347545413602,0.002091839364739001,-0.001725730569781092,-0.00010457401390406851,-5.2306956210723676e-05,-0.02071760996847319,75.13776397705078
637,2014-07-17,0.4985357244142378,0.4952410644477559,0.5006798308366702,0.49492730250752603,0.1805885002251914,-0.003137739097849923,-0.004811242508454938,-0.0014120085280688865,-0.0042882527433821815,-0.03526497522894462,74.41484832763672
638,2014-07-18,0.4964438850494989,0.49858799147193134,0.499110981237004,0.4955025593302922,0.26080168142921484,-0.0020918393647389455,0.003346927024175439,-0.0015688495996662444,0.000575256822766157,0.08021318120402343,74.917724609375
639,2014-07-21,0.4988494863544677,0.49816965551779746,0.49984311902988504,0.4951364904338517,0.2625431616874343,0.0024056013049688074,-0.0004183359541338749,0.0007321377928810602,-0.0003660688964404746,0.0017414802582194633,74.85490417480469
640,2014-07-22,0.4725447130714086,0.47918626016354876,0.48164416842472835,0.4725447130714086,0.9492718810989341,-0.02630477328305908,-0.0189833953542487,-0.018198950605156694,-0.02259177736244311,0.6867287194114998,72.00244903564453
641,2014-07-23,0.47861100334078266,0.4799707049126406,0.4805982686916175,0.47735591568134617,0.41010358804984237,0.006066290269374053,0.0007844447490918394,-0.0010458997331108666,0.004811202609937559,-0.5391682930490918,72.12033081054688
642,2014-07-24,0.4815918614685176,0.4857232332417848,0.48682143993110644,0.48065057564782826,0.36186758744933195,0.0029808581277349644,0.005752528329144191,0.006223171239488956,0.003294659966482094,-0.04823600060051042,72.98468017578125
643,2014-07-25,0.4858801541104171,0.48164416842472835,0.4861416090944361,0.4800230118688513,0.28641345143371866,0.004288292641899449,-0.004079064817056444,-0.0006798308366703365,-0.0006275637789769362,-0.0754541360156133,72.37174224853516
644,2014-07-28,0.4795523290599894,0.4804936547791959,0.48164416842472835,0.4759962141094882,0.37383275784416753,-0.006327825050427671,-0.001150513645532425,-0.004497440669707753,-0.004026797759363099,0.08741930641044887,72.19889068603516
645,2014-07-29,0.4815918614685176,0.47651920387456104,0.48357912681935245,0.47636228300592875,0.3400540459390482,0.002039532408528222,-0.003974450904634885,0.0019349583946240978,0.0003660688964405301,-0.03377871190511933,71.60169982910156
646,2014-07-30,0.4770421537411164,0.47557787815535424,0.4789770722372232,0.4749503143763774,0.3106740729620177,-0.004549707727401209,-0.0009413257192067981,-0.004602054582129256,-0.0014119686295513412,-0.02937997297703049,71.46024322509766
647,2014-07-31,0.4745842454799369,0.4683610343419306,0.47693753982869497,0.4683087672842372,0.39737276685182404,-0.002457908261179531,-0.007216843813423635,-0.002039532408528222,-0.00664154709214021,0.08669869388980633,70.3758544921875
648,2014-08-01,0.46789039143158595,0.468622529224467,0.47081894260311014,0.46579855206684695,0.33540009007656507,-0.0066938540483509334,0.00026149488253640607,-0.006118597225584832,-0.0025102152173902548,-0.06197267677525897,70.41513061523438
649,2014-08-04,0.46893629116469676,0.4701391117664398,0.4707666356468994,0.4660077399931726,0.3254466296351899,0.001045899733110811,0.0015165825419727885,-5.2306956210723676e-05,0.00020918792632562688,-0.009953460441375184,70.64300537109375
650,2014-08-05,0.46893629116469676,0.4660600469493833,0.46998223079632495,0.46449115745119973,0.3330280738627834,0.0,-0.004079064817056499,-0.0007844048505744605,-0.001516582541972844,0.007581444227593492,70.03011322021484
651,2014-08-06,0.4650664142739659,0.46909317213481166,0.470243685780344,0.464438850494989,0.21031376670169644,-0.0038698768907308723,0.0030331251854283647,0.0002614549840190272,-5.2306956210723676e-05,-0.12271430716108694,70.48587036132812
652,2014-08-07,0.4698253099276927,0.4701391117664398,0.4720217632048533,0.46888402410700336,0.28181954661462244,0.004758895653726836,0.0010459396316281344,0.0017780774245093056,0.004445173612014353,0.071505779912926,70.64300537109375
653,2014-08-08,0.4698253099276927,0.4731722768503855,0.4739566817009599,0.46872710323837113,0.2708151929139769,0.0,0.003033165083945688,0.001934918496106608,-0.00015692086863222654,-0.011004353700645564,71.09879302978516
654,2014-08-11,0.4737474937746343,0.4741136025695922,0.4756824521692585,0.4733291578205005,0.23955862483110643,0.003922183846941596,0.0009413257192066871,0.001725770468298582,0.004602054582129367,-0.031256568082870445,71.24024200439453
655,2014-08-12,0.4737998007308451,0.47636228300592875,0.4770421537411164,0.47291078196784914,0.193679627683531,5.230695621077919e-05,0.002248680436336581,0.0013597015718579408,-0.0004183758526513648,-0.04587899714757543,71.578125
656,2014-08-13,0.47840185531297436,0.47730360872513544,0.4789248051795297,0.47583933313937327,0.21101936646149227,0.004602054582129256,0.0009413257192066871,0.001882651438413263,0.0029285511715241297,0.017339738777961272,71.71954345703125
657,2014-08-14,0.47782659849020825,0.48227173220370523,0.48242861317382013,0.47761741056388246,0.16158234499324425,-0.0005752568227661015,0.004968123478569786,0.003503807994290453,0.0017780774245091946,-0.04943702146824802,72.466064453125
658,2014-08-15,0.4828992560841648,0.48180104939484314,0.48598472812432125,0.47840185531297436,0.20162137817144574,0.005072657593956531,-0.00047068280886208846,0.0035561149505011214,0.0007844447490918949,0.04003903317820148,72.39534759521484
659,2014-08-18,0.48331763193681615,0.48629849006455095,0.4866645589609916,0.48310844401049036,0.17923735174898664,0.0004183758526513648,0.004497440669707808,0.0006798308366703365,0.004706588697516001,-0.022384026422459097,73.07113647460938
660,2014-08-19,0.4856709661840915,0.4858801541104171,0.4866645589609916,0.48488652143499966,0.14607416303858278,0.0023533342472753516,-0.0004183359541338749,0.0,0.0017780774245093056,-0.03316318871040386,73.00826263427734
661,2014-08-20,0.4843635715684443,0.4869260538435279,0.4871875487260643,0.48284698902647133,0.15358054346194266,-0.0013073946156472172,0.001045899733110811,0.0005229897650727011,-0.002039532408528333,0.007506380423359882,73.1654052734375
662,2014-08-21,0.48640310397697256,0.49126661354312073,0.4925217012025573,0.48582784715420635,0.20238702897462843,0.0020395324085282773,0.00434055969959285,0.005334152476492993,0.00298085812773502,0.048806485512685766,73.81766510009766
663,2014-08-22,0.4909528117043736,0.4902729808677034,0.4922602063200208,0.48896558625205616,0.21037381774508332,0.004549707727401042,-0.0009936326754173552,-0.0002614948825364616,0.003137739097849812,0.007986788770454889,73.6683349609375
664,2014-08-25,0.4919987513360018,0.49309695802532344,0.49429973872854915,0.49090054464668037,0.20049542110794175,0.00104593963162819,0.002823977157620061,0.002039532408528333,0.0019349583946242088,-0.009878396637141573,74.0926513671875
665,2014-08-26,0.49429973872854915,0.4926262752164615,0.49503191641994754,0.49215563230611675,0.15812940999849873,0.00230098739254736,-0.00047068280886192193,0.0007321776913983835,0.0012550876594363825,-0.04236601110944302,74.02194213867188
666,2014-08-27,0.4923648202324424,0.495554866286503,0.49560713334419637,0.4919464443797911,0.18360606515538208,-0.0019349184961067745,0.0029285910700415085,0.0005752169242488336,-0.00020918792632562688,0.025476655156883354,74.46200561523438
667,2014-08-28,0.49346302692176397,0.49335841300934247,0.49560713334419637,0.4925217012025573,0.18336586098183455,0.0010982066893215903,-0.0021964532771605594,0.0,0.000575256822766157,-0.00024020417354753132,74.1319580078125
668,2014-08-29,0.4940382837445301,0.49529337140396656,0.495554866286503,0.49137118755702497,0.20657558925086322,0.000575256822766157,0.0019349583946240978,-5.226705769334483e-05,-0.001150513645532314,0.023209728269028673,74.42268371582031
669,2014-09-02,0.4963915780932882,0.49429973872854915,0.49858799147193134,0.4934107199655532,0.3701696441975679,0.0023532943487580837,-0.0009936326754174107,0.0030331251854283092,0.002039532408528222,0.1635940549467047,74.27337646484375
670,2014-09-03,0.49701914187226504,0.4940382837445301,0.49848341745802716,0.49351533387797475,0.23655607266176248,0.0006275637789768251,-0.0002614549840190272,-0.00010457401390417953,0.00010461391242155837,-0.13361357153580544,74.2341079711914
671,2014-09-04,0.49487499555131526,0.4929400770552086,0.49675764698972863,0.4919987513360018,0.22390031526797777,-0.00214414632094978,-0.0010982066893215348,-0.0017257704682985264,-0.001516582541972955,-0.012655757393784717,74.06908416748047
672,2014-09-05,0.492835463142787,0.4926785821726722,0.49377678886199383,0.48886101223815204,0.24901666416453985,-0.0020395324085282773,-0.00026149488253640607,-0.002980858127734798,-0.0031377390978497566,0.025116348896562085,74.02980041503906
673,2014-09-08,0.49022067391149254,0.4877627656503131,0.4916849494972547,0.48687374688731716,0.211514787569434,-0.0026147892312944343,-0.004915816522359062,-0.002091839364739112,-0.001987265350834877,-0.03750187659510584,73.72152709960938
674,2014-09-09,0.48844263638550073,0.48556635227166994,0.48875639832573053,0.48415438364211855,0.30621528299054196,-0.0017780375259918157,-0.0021964133786431805,-0.002928551171524185,-0.002719363245198614,0.09470049542110795,73.38957214355469
675,2014-09-10,0.4865599849470874,0.48723981578375775,0.4891747741783818,0.4856709661840915,0.2186608617324726,-0.0018826514384133186,0.0016734635120878028,0.00041837585265125377,0.001516582541972955,-0.08755442125806936,73.64250183105469
676,2014-09-11,0.48556635227166994,0.4859324211681106,0.4865599849470874,0.48399750267200364,0.20262723314817596,-0.0009936326754174662,-0.0013073946156471616,-0.002614789231294379,-0.0016734635120878583,-0.016033628584296633,73.4449234008789
677,2014-09-12,0.4851479764190187,0.48331763193681615,0.4863507970207617,0.48279468207026066,0.2310764149527098,-0.00041837585265125377,-0.0026147892312944343,-0.0002091879263256824,-0.0012028206017429821,0.028449181804533846,73.04969024658203
678,2014-09-15,0.48415438364211855,0.48922708113459246,0.4903252878239142,0.48295156304037556,0.2555021768503228,-0.000993592776900143,0.005909449197776306,0.003974490803152486,0.0001568809701149032,0.024425761897612974,73.94285583496094
679,2014-09-16,0.4874490037100833,0.4896977240449372,0.49189413742358046,0.4871875487260643,0.1753340339288395,0.003294620067964771,0.00047064291034476513,0.0015688495996662444,0.004235985685688726,-0.08016814292148328,74.01399230957031
680,2014-09-17,0.489279348192286,0.48975003100114795,0.4914758014694464,0.48859951735561563,0.30469899414502327,0.001830344482202706,5.2306956210723676e-05,-0.00041833595413404145,0.0014119686295513412,0.12936496021618377,74.02189636230469
681,2014-09-18,0.49126661354312073,0.4956594403004071,0.49623469712317325,0.4899592189274735,0.24320672571685933,0.0019872653508347105,0.00590940929925915,0.004758895653726836,0.0013597015718578853,-0.06149226842816394,74.9150390625
682,2014-09-19,0.4985357244142378,0.4947704215374112,0.49879717939825685,0.4947704215374112,0.6568683380873742,0.00726911087111709,-0.0008890187629959079,0.0025624822750835996,0.00481120260993767,0.4136616123705149,74.78070068359375
683,2014-09-22,0.4945089266548749,0.4947181145812004,0.4975943986950312,0.4940382837445301,0.21975679327428313,-0.004026797759362932,-5.230695621077919e-05,-0.0012027807032256588,-0.0007321377928810602,-0.4371115448130911,74.77277374267578
684,2014-09-23,0.49429973872854915,0.48922708113459246,0.4944566595971813,0.48922708113459246,0.2128809488064855,-0.0002091879263257379,-0.005491033446607951,-0.0031377390978498676,-0.00481120260993767,-0.006875844467797626,73.94285583496094
685,2014-09-24,0.48886101223815204,0.4957117472566179,0.49686226090215024,0.48870409136951987,0.25009758294550366,-0.005438726490397117,0.006484666122025418,0.0024056013049689184,-0.0005229897650725901,0.03721663413901816,74.9229736328125
686,2014-09-25,0.49487499555131526,0.4900114859851671,0.4957117472566179,0.4896977240449372,0.3000900765650803,0.006013983313163218,-0.0057002612714507905,-0.0011505136455323695,0.0009936326754173552,0.04999249361957664,74.06139373779297
687,2014-09-26,0.490482168794029,0.4936722148480896,0.49518879739006233,0.4882334484591751,0.17953760696592103,-0.00439282675728625,0.003660728862922513,-0.0005229498665555443,-0.0014642755857621204,-0.12055246959915927,74.61470031738281
688,2014-09-29,0.49105742561679516,0.49037755488160756,0.4919464443797911,0.48839032942929,0.2998648851523795,0.000575256822766157,-0.0032946599664820386,-0.003242353010271204,0.0001568809701149032,0.1203272781864585,74.11674499511719
689,2014-09-30,0.49037755488160756,0.49126661354312073,0.4936722148480896,0.48875639832573053,0.2706050142621228,-0.0006798707351876043,0.0008890586615131757,0.001725770468298471,0.0003660688964405301,-0.029259870890256723,74.25112915039062
690,2014-10-01,0.49220793926232753,0.48687374688731716,0.49231251327623166,0.48629849006455095,0.3488064855126858,0.0018303843807199738,-0.004392866655803573,-0.0013597015718579408,-0.0024579082611795866,0.07820147125056298,73.58716583251953
691,2014-10-02,0.4864553710346659,0.48671686591720226,0.48912246722217106,0.4852002833752294,0.3426512535655307,-0.005752568227661625,-0.0001568809701149032,-0.0031900460540605913,-0.0010982066893215348,-0.00615523194715506,73.56346130371094
692,2014-10-03,0.4896977240449372,0.49398597678831935,0.49503191641994754,0.48907016026596034,0.48437171595856476,0.003242353010271315,0.00726911087111709,0.005909449197776473,0.0038698768907309278,0.14172046239303404,74.66212463378906
693,2014-10-06,0.49701914187226504,0.4952410644477559,0.49942474317723384,0.49356760093566804,0.25881999699744784,0.007321417827327814,0.001255087659436549,0.0043928267572863056,0.004497440669707697,-0.22555171896111692,74.8518295288086
694,2014-10-07,0.49210332534990603,0.4898023379573587,0.49518879739006233,0.4898023379573587,0.38374118000300256,-0.004915816522359007,-0.005438726490397172,-0.004235945787171513,-0.003765262978309314,0.12492118300555471,74.0298080444336
695,2014-10-08,0.4911097325730059,0.49393366983210873,0.4945612336110855,0.48959315003103315,0.4702447080018015,-0.000993592776900143,0.0041313318747500105,-0.0006275637789768251,-0.00020918792632557137,0.08650352799879896,74.65422058105469
696,2014-10-09,0.4940382837445301,0.49100511866058444,0.499110981237004,0.4904298618378183,0.3818195466146224,0.0029285511715242407,-0.0029285511715242962,0.004549747625918477,0.0008367118067851287,-0.0884251613871791,74.2115707397461
697,2014-10-10,0.49299234411290194,0.4917895634096762,0.49623469712317325,0.49084823769046954,0.43161687434319174,-0.00104593963162819,0.0007844447490917839,-0.0028762841138307293,0.00041837585265125377,0.04979732772856932,74.33015441894531
698,2014-10-13,0.4906390497641439,0.48907016026596034,0.49607781615305835,0.48875639832573053,0.3869689235850473,-0.0023532943487580282,-0.0027194031437158817,-0.0001568809701149032,-0.002091839364739001,-0.04464795075814443,73.91913604736328
699,2014-10-14,0.4898023379573587,0.48990691197126285,0.49356760093566804,0.48880870528194126,0.5305809938447681,-0.0008367118067851842,0.0008367517053025075,-0.0025102152173903103,5.2306956210723676e-05,0.14361207025972078,74.04560852050781
700,2014-10-15,0.48530489728765086,0.4810689116019621,0.4867691728734129,0.4750026213325881,0.5217835159885903,-0.004497440669707864,-0.00883800036930077,-0.006798428062255113,-0.013806083949353176,-0.008797477856177793,72.70979309082031
701,2014-10-16,0.4759439470517949,0.48012758588275556,0.4826901080563564,0.4756301452130478,0.4112745833958865,-0.00936095023585598,-0.0009413257192065205,-0.004079064817056499,0.0006275238804597238,-0.11050893259270378,72.56755065917969
702,2014-10-17,0.4817487823371499,0.48760588468019816,0.48844263638550073,0.4804936547791959,0.44260621528299054,0.005804835285355026,0.007478298797442606,0.005752528329144302,0.0048635095661481165,0.03133163188710403,73.69783020019531
703,2014-10-20,0.4883380224730792,0.48739669675387265,0.48907016026596034,0.48556635227166994,0.3820147125056298,0.0065892401359293196,-0.00020918792632551586,0.0006275238804596128,0.005072697492474021,-0.06059150277736075,73.66619110107422
704,2014-10-21,0.49137118755702497,0.492835463142787,0.49440435264097066,0.48373600778946735,0.5258669869388981,0.0030331650839457436,0.005438766388914329,0.005334192375010316,-0.001830344482202595,0.1438522744332683,74.48823547363281
705,2014-10-22,0.4954502523740814,0.49984311902988504,0.5035561149505011,0.49534567836017734,0.5647950758144423,0.004079064817056444,0.007007655887098063,0.009151762309530465,0.011609670570709996,0.03892808887554422,75.5473861694336
706,2014-10-23,0.5040267578608457,0.506066290269374,0.5084719314728602,0.502980858127735,0.5565530701095932,0.008576505486764308,0.006223171239488956,0.004915816522359062,0.0076351797675576205,-0.00824200570484912,76.48799896240234
707,2014-10-24,0.5051249645501673,0.5110867207041546,0.5115050566582886,0.5044451337134971,0.353295301005855,0.0010982066893215903,0.0050204304347806206,0.0030331251854284202,0.0014642755857621204,-0.20325776910373822,77.24676513671875
708,2014-10-27,0.5119757394671505,0.5170484369596245,0.5178851487664097,0.5104068499689669,0.38740429364960216,0.00685077491698316,0.005961716255469929,0.0063800921081210715,0.005961716255469818,0.03410899264374717,78.1478500366211
709,2014-10-28,0.5192448503382676,0.5215458776293322,0.5219119465257727,0.5181466436489459,0.41313616574087975,0.007269110871117146,0.004497440669707697,0.004026797759362988,0.007739793679979012,0.025731872091277586,78.82759857177734
710,2014-10-29,0.5228009652887687,0.519924681174938,0.5238468650218796,0.5180420297365246,0.30774658459690735,0.0035561149505011214,-0.0016211964543942914,0.001934918496106941,-0.00010461391242133633,-0.1053895811439724,78.58257293701172
711,2014-10-30,0.5182512176628502,0.5229578462588836,0.5257295164602929,0.5180943366927353,0.4077315718360606,-0.004549747625918532,0.003033165083945688,0.001882651438413263,5.2306956210723676e-05,0.09998498723915328,79.04100799560547
712,2014-10-31,0.5288149885004494,0.5271415249883615,0.5291810573968898,0.5259910113428292,0.35273982885452637,0.010563770837599185,0.004183678729477891,0.003451540936596942,0.007896674650093916,-0.05499174298153425,79.67333984375
713,2014-11-03,0.5271937920460551,0.5226963513763473,0.5277167818111278,0.5226440843186537,0.5559975979582645,-0.0016211964543942914,-0.0044451736120142415,-0.0014642755857620093,-0.0033469270241754945,0.20325776910373816,79.00146484375
714,2014-11-04,0.52421293391832,0.5288672555581426,0.5304361450563263,0.522016520539677,0.4384626932892959,-0.0029808581277350754,0.006170904181795334,0.002719363245198503,-0.0006275637789767696,-0.11753490466896865,79.93415832519531
715,2014-11-05,0.5312205898054181,0.530749906996556,0.5318481136858778,0.5272460990022657,0.26538057348746436,0.007007655887098063,0.0018826514384133741,0.0014119686295515077,0.005229578462588758,-0.17308211980183152,80.21871185302734
716,2014-11-06,0.5328417463612951,0.5329463602737166,0.5336784980665976,0.5296517003072345,0.19364960216183758,0.0016211565558770236,0.0021964532771605594,0.0018303843807198072,0.0024056013049688074,-0.07173097132562678,80.55070495605469
717,2014-11-07,0.5336261911103869,0.5353519615786855,0.5358749114452408,0.5318481136858778,0.215373067107041,0.0007844447490917839,0.0024056013049689184,0.0021964133786431805,0.0021964133786432916,0.021723464945203413,80.9142837524414
718,2014-11-10,0.5339922600068274,0.5385942746904393,0.5392218384694163,0.5339922600068274,0.30405344542861434,0.0003660688964405301,0.003242313111753825,0.0033469270241754945,0.0021441463209496137,0.08868037832157336,81.40431213378906
719,2014-11-11,0.5381759387363054,0.5383328197064202,0.5417843207445,0.5379667508099799,0.23949857378771955,0.004183678729478002,-0.00026145498401908274,0.0025624822750837106,0.003974490803152486,-0.0645548716408948,81.36478424072266
720,2014-11-12,0.537025425090773,0.5389603435868799,0.5394310263957419,0.5341491409769423,0.22013211229545113,-0.001150513645532425,0.0006275238804597238,-0.0023532943487580837,-0.003817609833037583,-0.019366461492268422,81.45966339111328
721,2014-11-13,0.5402154711448336,0.5398494022483932,0.5413659448918486,0.5372868800747921,0.21319621678426662,0.0031900460540605913,0.0008890586615132312,0.001934918496106719,0.0031377390978497566,-0.006935895511184509,81.59404754638672
722,2014-11-14,0.5393787194395312,0.5356657235189152,0.5402154711448336,0.533887646094406,0.25590752139318423,-0.0008367517053023965,-0.004183678729478002,-0.0011504737470150461,-0.003399233980386107,0.042711304608917616,80.96168518066406
723,2014-11-17,0.5345152098733829,0.5373391870310029,0.5379667508099799,0.5336261911103869,0.24670469899414502,-0.0048635095661483385,0.0016734635120877472,-0.002248720334853682,-0.00026145498401908274,-0.009202822399039218,81.21463775634766
724,2014-11-18,0.5363978613117962,0.5378621368975584,0.5402154711448336,0.5357702975328194,0.26830806185257466,0.0018826514384133741,0.0005229498665554333,0.002248720334853682,0.002144106422432457,0.021603362858429648,81.2936782836914
725,2014-11-19,0.5366070492381219,0.538803462616765,0.5394310263957419,0.5354042286363787,0.28198468698393636,0.00020918792632562688,0.0009413257192066871,-0.0007844447490916728,-0.0003660688964406411,0.013676625131361697,81.43592834472656
726,2014-11-20,0.5365024353257004,0.5410521829516189,0.5424118845234769,0.5364501682680068,0.23966371415703347,-0.00010461391242144735,0.002248720334853904,0.0029808581277349644,0.0010459396316281344,-0.04232097282690289,81.77583312988281
727,2014-11-21,0.5459156925177672,0.5428825274338216,0.5462817614142077,0.5415228657604808,0.26529049692238404,0.00941325719206676,0.0018303444822026504,0.0038698768907308168,0.005072697492473965,0.025626782765350575,82.05245971679688
728,2014-11-24,0.5439807341231431,0.5427779534199174,0.5451312477686754,0.5410521829516189,0.21977180603512986,-0.0019349583946240978,-0.00010457401390417953,-0.001150513645532314,-0.0004706828088618664,-0.04551869088725419,82.03665161132812
729,2014-11-25,0.5443468030195836,0.540895301981504,0.5443468030195836,0.5392218384694163,0.33805734874643445,0.0003660688964405301,-0.0018826514384133741,-0.0007844447490917839,-0.0018303444822026504,0.11828554271130459,81.75211334228516
730,2014-11-26,0.5407907279675999,0.5458111185038631,0.5460725734878822,0.5407907279675999,0.24739528599309413,-0.0035560750519837425,0.004915816522359062,0.001725770468298582,0.0015688894981835677,-0.09066206275334032,82.4950942993164
731,2014-11-28,0.5471707801772036,0.5462294544579971,0.5494718074682683,0.5450266737547713,0.1252965020267227,0.006380052209603693,0.00041833595413398594,0.003399233980386107,0.004235945787171458,-0.12209878396637142,82.55833435058594
732,2014-12-01,0.5458633855615564,0.5461771874003035,0.5480075318825062,0.5439807341231431,0.23942350998348597,-0.0013073946156471061,-5.2267057693566876e-05,-0.0014642755857621204,-0.0010459396316282454,0.11412700795676325,82.55042266845703
733,2014-12-02,0.5424641914796876,0.5459679994739779,0.546961592250878,0.5415228657604808,0.3157784116499024,-0.0033991940818688393,-0.00020918792632562688,-0.0010459396316281344,-0.0024578683626622633,0.07635490166641642,82.51880645751953
734,2014-12-03,0.5451312477686754,0.5500993712472452,0.5506746280700113,0.5438761601092389,0.35793424410749136,0.002667056288987779,0.004131371773267278,0.0037130358191332924,0.0023532943487580837,0.04215583245758897,83.1432113647461
735,2014-12-04,0.5500993712472452,0.5496286884383832,0.5514067658628924,0.5481121058964105,0.4856327878696892,0.004968123478569786,-0.00047068280886197744,0.0007321377928810602,0.004235945787171569,0.12769854376219786,83.07209014892578
736,2014-12-05,0.5501516383049387,0.5501516383049387,0.5538646741240719,0.548635095661483,0.25973577540909776,5.2267057693566876e-05,0.0005229498665555443,0.002457908261179531,0.0005229897650725901,-0.22589701246059146,83.151123046875
737,2014-12-08,0.5487396696753872,0.5534985653291141,0.5550151478710869,0.5468570182369739,0.3045638792974028,-0.0014119686295515077,0.0033469270241753835,0.001150473747014935,-0.0017780774245091946,0.04482810388830505,84.0966796875
738,2014-12-09,0.5461771874003035,0.5492103125857319,0.5524526655960033,0.5457588115476523,0.29654706500525446,-0.0025624822750837106,-0.0042882527433821815,-0.0025624822750835996,-0.0010982066893215903,-0.008016814292148344,83.44512939453125
739,2014-12-10,0.5467524442230697,0.545235861681097,0.5530802293749802,0.5450266737547713,0.3628584296652154,0.000575256822766157,-0.003974450904634996,0.0006275637789769917,-0.0007321377928809492,0.06631136465996096,82.84126281738281
740,2014-12-11,0.5427256464637066,0.5468570182369739,0.5529233484048652,0.5423595775672662,0.3704548866536556,-0.004026797759363099,0.0016211565558769125,-0.00015688097011501423,-0.002667096187505158,0.007596456988440192,83.08757781982422
741,2014-12-12,0.5419935086708256,0.5394833333519526,0.5479029179700847,0.5392741454256271,0.3373967872691788,-0.0007321377928809492,-0.0073736848850212144,-0.0050204304347805095,-0.003085432141639033,-0.03305809938447679,81.96723937988281
742,2014-12-15,0.5419935086708256,0.5391172245569948,0.5458633855615564,0.5341491409769423,0.29432517639993994,0.0,-0.0003661087949577979,-0.0020395324085282773,-0.0051250044486848,-0.043071610869238885,81.91161346435547
743,2014-12-16,0.5377575628836541,0.5390649574993013,0.5461248804440928,0.5363978613117962,0.3297552919981985,-0.004235945787171569,-5.2267057693566876e-05,0.00026149488253635056,0.002248720334853904,0.03543011559825854,81.90364837646484
744,2014-12-17,0.5401108572324123,0.5460203064301887,0.5464386423843226,0.5382805127502096,0.35823449932442575,0.0023532943487581948,0.0069553489308874505,0.0003137619402298064,0.0018826514384133741,0.028479207326227274,82.96045684814453
745,2014-12-18,0.5512498848927775,0.5540738221518803,0.5540738221518803,0.5475368490736443,0.33407896712205376,0.01113902766036523,0.008053515721691551,0.007635179767557676,0.0092563363234347,-0.024155532202371988,84.18406677246094
746,2014-12-19,0.5564794633553664,0.5530279224187694,0.5579960059988219,0.5512498848927775,0.5850322774358204,0.005229578462588869,-0.0010458997331108666,0.0039221838469416515,0.0037130358191331814,0.25095331031376666,84.02516174316406
747,2014-12-22,0.5547013859308572,0.5559564735902937,0.5575776700446881,0.5524003586397924,0.1677225641795526,-0.0017780774245091946,0.0029285511715242407,-0.0004183359541338749,0.001150473747014935,-0.4173097132562678,84.47008514404297
748,2014-12-23,0.5583620748952624,0.5593034006144691,0.5610814780389783,0.5557995926201788,0.1937697042486113,0.00366068896440519,0.0033469270241754945,0.0035038079942902867,0.003399233980386329,0.0260471400690587,84.97860717773438
749,2014-12-24,0.5616567348617445,0.5581006199112434,0.56186592278807,0.5575776700446881,0.0811139468548266,0.0032946599664821496,-0.0012027807032257698,0.0007844447490916728,0.0017780774245093056,-0.11265575739378471,84.79588317871094
750,2014-12-26,0.5607677160987485,0.5579960059988219,0.5610814780389783,0.5579437389411284,0.11697943251764,-0.0008890187629959634,-0.00010461391242144735,-0.0007844447490916728,0.00036606889644030804,0.03586548566281339,84.77999114990234
751,2014-12-29,0.5579437389411284,0.5593034006144691,0.5626503276386445,0.5570024132219219,0.12373517489866387,-0.002823977157620172,0.0013073946156472172,0.0015688495996661889,-0.000941325719206465,0.006755742381023874,84.97860717773438
752,2014-12-30,0.5593034006144691,0.559198826600565,0.5602970332898866,0.5564271563991556,0.14101486263323826,0.001359661673340784,-0.00010457401390417953,-0.0023532943487579727,-0.000575256822766268,0.01727968773457439,84.96272277832031
753,2014-12-31,0.5603493402460973,0.5535508722853248,0.5644807120193645,0.5534985653291141,0.15987089025671822,0.0010459396316281344,-0.005647954315240122,0.004183678729477891,-0.0029285910700415085,0.01885602762347996,84.10459899902344
754,2015-01-02,0.5558518995763895,0.5514067658628924,0.5582051939251474,0.548791976631598,0.1907821648401141,-0.004497440669707808,-0.002144106422432457,-0.006275518094217003,-0.0047065886975161675,0.030911274583395876,83.7788314819336
755,2015-01-05,0.5496809953945939,0.544765178872235,0.5503608262312641,0.5431963292725687,0.2595255967572437,-0.006170904181795556,-0.006641586990657422,-0.007844367693883303,-0.005595647359029288,0.06874343191712959,82.76973724365234
756,2015-01-06,0.5442422290056794,0.5399016693060865,0.5474845820159507,0.5388557695729758,0.3529349947455337,-0.0054387663889144955,-0.0048635095661484495,-0.002876244215313406,-0.004340559699592905,0.09340939798829001,82.0307846069336
757,2015-01-07,0.5458633855615564,0.5491057385718278,0.5493672334543641,0.5420458156270364,0.23392883951358656,0.0016211565558770236,0.009204069265741244,0.0018826514384133741,0.0031900460540605913,-0.11900615523194713,83.42923736572266
758,2015-01-08,0.5535508722853248,0.5605062212162122,0.5608199831564419,0.5525572795084247,0.291427713556523,0.0076874867237684,0.011400482644384424,0.011452749702077769,0.01051146388138835,0.057498874042936465,85.16138458251953
759,2015-01-09,0.5609245970688634,0.5534462982714206,0.5618136158318594,0.5533416843589992,0.21267077015463143,0.007373724783538593,-0.00705992294479163,0.0009936326754175218,0.000784404850574516,-0.0787569434018916,84.0887222290039
760,2015-01-12,0.5546490789746464,0.5501516383049387,0.555747285663968,0.5488442436892915,0.23227743582044738,-0.006275518094217003,-0.0032946599664818166,-0.006066330167891376,-0.004497440669707697,0.019606665665815953,83.5881118774414
761,2015-01-13,0.554126129108091,0.5509883900102411,0.5607677160987485,0.547327701045836,0.3133013061101937,-0.0005229498665554333,0.0008367517053023965,0.0050204304347805095,-0.0015165426434555762,0.08102387028974631,83.71526336669922
762,2015-01-14,0.5419935086708256,0.5426733395074959,0.5490534316156169,0.5385942746904393,0.32170845218435673,-0.012132620437265373,-0.00831505050274528,-0.01171428448313161,-0.008733426355396645,0.008407146074163041,82.45191955566406
763,2015-01-15,0.5440853480355646,0.5449743667985605,0.5471185131195103,0.5407907279675999,0.23227743582044738,0.002091839364739001,0.002301027291064628,-0.001934918496106608,0.0021964532771605594,-0.08943101636390935,82.80150604248047
764,2015-01-16,0.5461771874003035,0.5571592941920367,0.5579437389411284,0.544765178872235,0.32083771205524697,0.00209183936473889,0.012184927393476208,0.010825225821618045,0.003974450904635107,0.08856027623479959,84.65287017822266
765,2015-01-20,0.5590942525866608,0.5534985653291141,0.5609768641265568,0.5487396696753872,0.33430415853475454,0.012917065186357268,-0.0036607288629225687,0.0030331251854284202,0.003974490803152264,0.013466446479507566,84.0966796875
766,2015-01-21,0.5515636468330073,0.5491580455280386,0.5545445049607423,0.546961592250878,0.3779912925987089,-0.0075306057536534965,-0.004340519801075526,-0.006432359165814527,-0.0017780774245091946,0.04368713406395436,83.43720245361328
767,2015-01-22,0.5569501062657111,0.5656834927225903,0.5660495616190306,0.5503608262312641,0.5234649452034229,0.005386459432703772,0.016525447194551734,0.011505056658288382,0.003399233980386107,0.145473652604714,85.94800567626953
768,2015-01-23,0.5647421670033835,0.5595648954970055,0.5655266117524753,0.559198826600565,0.28303558024320674,0.007792060737672468,-0.006118597225584832,-0.0005229498665553223,0.008838000369300825,-0.24042936496021616,85.01836395263672
769,2015-01-26,0.5590942525866608,0.559930964393446,0.5608199831564419,0.5564794633553664,0.2711905119351449,-0.0056479144167227435,0.0003660688964405301,-0.004706628596033435,-0.002719363245198614,-0.011845068308061868,85.07396697998047
770,2015-01-27,0.557839125028707,0.5545968119169529,0.5581529268674541,0.5528187344924438,0.2523795225942051,-0.0012551275579537613,-0.005334152476493159,-0.002667056288987779,-0.0036607288629225687,-0.018810989340939777,84.2635269165039
771,2015-01-28,0.5569501062657111,0.5469093251931846,0.5594603214831013,0.5465432562967442,0.3396937396787269,-0.0008890187629959634,-0.007687486723768289,0.0013073946156472172,-0.006275478195699624,0.0873142170845218,83.09550476074219
772,2015-01-29,0.5485304817490616,0.546700137266859,0.5494718074682683,0.5413136778341553,0.4199669719261372,-0.00841962451664946,-0.00020918792632562688,-0.009988514014833028,-0.005229578462588869,0.08027323224741029,83.06373596191406
773,2015-01-30,0.5373391870310029,0.5377052559274434,0.5444514169320052,0.5348812787698234,0.5517790121603363,-0.011191294718058686,-0.008994881339415506,-0.005020390536263131,-0.006432399064331906,0.13181204023419912,81.69709777832031
774,2015-02-02,0.5383328197064202,0.5469093251931846,0.5471185131195103,0.5331032412438315,0.3093529500075064,0.0009936326754172997,0.009204069265741133,0.002667096187505158,-0.0017780375259919268,-0.2424260621528299,83.09550476074219
775,2015-02-03,0.5481644128526211,0.5545445049607423,0.5548059599447613,0.5465955233544375,0.37209127758594807,0.009831593146200857,0.007635179767557676,0.007687446825251021,0.013492282110606046,0.06273832757844167,84.25557708740234
776,2015-02-04,0.5525572795084247,0.5581529268674541,0.5614475469354189,0.5521389036557733,0.3465245458639844,0.004392866655803629,0.003608421906711845,0.006641586990657533,0.005543380301335832,-0.025566731721963665,84.80382537841797
777,2015-02-05,0.5567409183393854,0.5617090418179552,0.5620751107143958,0.5567409183393854,0.2560726617624981,0.004183638830960734,0.0035561149505011214,0.0006275637789768806,0.004602014683612099,-0.0904518841014863,85.3441162109375
778,2015-02-06,0.5617090418179552,0.5606107952301164,0.5651605428560348,0.5590942525866608,0.37269178801981684,0.004968123478569786,-0.001098246587838858,0.003085432141639033,0.0023533342472753516,0.11661912625731874,85.17724609375
779,2015-02-09,0.5513544589066817,0.5531324964326736,0.5551720687397191,0.5499424902771303,0.3313166191262573,-0.010354582911273558,-0.007478298797442773,-0.009988474116315649,-0.00915176230953052,-0.04137516889355952,84.04106140136719
780,2015-02-10,0.5550674548272977,0.5570546802796152,0.5583620748952624,0.5542830100782058,0.31008857528899564,0.0037129959206160246,0.0039221838469416515,0.0031900061555432124,0.004340519801075526,-0.02122804383726168,84.636962890625
781,2015-02-11,0.5573684821183622,0.5635916533578512,0.5643760981069431,0.5559564735902937,0.2800630535955562,0.002301027291064517,0.006536973078235975,0.0060140232116807635,0.0016734635120878583,-0.030025521693439416,85.63018798828125
782,2015-02-12,0.5636439603140619,0.5650036618859199,0.5656312256648969,0.5624934466685297,0.3230596006605615,0.006275478195699735,0.0014120085280686645,0.0012551275579537613,0.006536973078236086,0.042996547065005275,85.84471893310547
783,2015-02-13,0.5635393863001579,0.5647944739595943,0.5668863133243333,0.5631733174037172,0.3351148476204774,-0.00010457401390406851,-0.00020918792632562688,0.0012550876594363825,0.0006798707351874933,0.012055246959915888,85.8129653930664
784,2015-02-17,0.5670431942944482,0.5647944739595943,0.5675661441610036,0.564532979077058,0.49660711604864133,0.0035038079942902867,0.0,0.0006798308366703365,0.001359661673340784,0.16149226842816394,85.8129653930664
785,2015-02-18,0.5620751107143958,0.5646898999456902,0.5653174238261497,0.5614475469354189,0.2747034979732773,-0.004968083580052407,-0.00010457401390406851,-0.002248720334853904,-0.003085432141639144,-0.22190361807536402,85.79702758789062
786,2015-02-19,0.5642715240930388,0.5647421670033835,0.5663110565015671,0.5628595155649702,0.3236150728118901,0.0021964133786430695,5.226705769334483e-05,0.0009936326754174107,0.0014119686295512857,0.048911574838612804,85.80497741699219
787,2015-02-20,0.5626503276386445,0.5638531482403876,0.5652128498122455,0.5582575008813583,0.32685782915478157,-0.0016211964543942914,-0.0008890187629959634,-0.0010982066893215903,-0.004602014683611877,0.0032427563428914508,85.66987609863281
788,2015-02-23,0.5628072485072768,0.5599832713496566,0.5628595155649702,0.5582051939251474,0.2728269028674373,0.00015692086863228205,-0.0038698768907309278,-0.0023533342472753516,-5.23069562108347e-05,-0.05403092628734424,85.08192443847656
789,2015-02-24,0.5593557075706799,0.5624411796108362,0.5643760981069431,0.5593557075706799,0.22972526647650504,-0.003451540936596942,0.002457908261179531,0.001516582541972955,0.001150513645532425,-0.043101636390932285,85.45539855957031
790,2015-02-25,0.5624411796108362,0.5590942525866608,0.563487079343947,0.5589373317180285,0.3045939048190962,0.0030854720401563007,-0.0033469270241753835,-0.0008890187629960744,-0.0004183758526513648,0.07486863834259117,84.94686126708984
791,2015-02-26,0.5585712628215881,0.5638531482403876,0.5650036618859199,0.5582575008813583,0.40130611019366463,-0.0038699167892480846,0.00475889565372678,0.001516582541972844,-0.0006798308366702255,0.09671220537456843,85.66987609863281
792,2015-02-27,0.5630687034912959,0.56186592278807,0.5659449876051266,0.5611860520528825,0.48297552919981984,0.004497440669707808,-0.0019872254523175537,0.0009413257192066871,0.0029285511715242407,0.08166941900615521,85.36797332763672
793,2015-03-02,0.56186592278807,0.5642715240930388,0.5645852860332686,0.5609768641265568,0.2018916078666867,-0.0012027807032258808,0.0024056013049688074,-0.0013597015718579408,-0.0002091879263257379,-0.28108392133313315,85.73346710205078
794,2015-03-03,0.5619181898457636,0.5616567348617445,0.563800841284177,0.5590419456304501,0.16342891457739078,5.2267057693566876e-05,-0.0026147892312943233,-0.0007844447490916728,-0.001934918496106719,-0.03846269328929591,85.33618927001953
795,2015-03-04,0.5590942525866608,0.5589373317180285,0.5610814780389783,0.557839125028707,0.24625431616874344,-0.0028239372591027934,-0.0027194031437159927,-0.002719363245198614,-0.0012028206017430376,0.08282540159135265,84.92301177978516
796,2015-03-05,0.5589373317180285,0.5627026345948553,0.5632255844614108,0.5578914319849178,0.2129409998498724,-0.00015692086863228205,0.0037653028768267482,0.002144106422432457,5.2306956210723676e-05,-0.03331331631887105,85.4950942993164
797,2015-03-06,0.5568455322518069,0.5532894173013058,0.5628595155649702,0.5528187344924438,0.3302357003452935,-0.002091799466221622,-0.009413217293549492,-0.0003660688964406411,-0.005072697492473965,0.1172947004954211,84.4968032836914
798,2015-03-09,0.5541784360643017,0.5581006199112434,0.5595125885407947,0.5539692481379761,0.1887104038432668,-0.002667096187505158,0.004811202609937615,-0.0033469270241754945,0.001150513645532314,-0.1415252965020267,85.23152160644531
799,2015-03-10,0.5526095465661183,0.5476937699422765,0.5530279224187694,0.5476414629860656,0.2654256117700045,-0.0015688894981834567,-0.010406849968966903,-0.006484666122025251,-0.006327785151910459,0.07671520792673772,83.64225006103516
800,2015-03-11,0.5489488576017129,0.5526095465661183,0.5545968119169529,0.5479029179700847,0.2758594805584747,-0.003660688964405412,0.004915776623841794,0.0015688894981834567,0.00026145498401908274,0.01043386878847019,84.39295959472656
801,2015-03-12,0.5562702754290408,0.5639054551965983,0.5640100292105025,0.5559564735902937,0.22145323524996247,0.007321417827327981,0.011295908630480023,0.009413217293549603,0.00805355562020893,-0.054406245308512236,86.1180648803711
802,2015-03-13,0.5621273777720891,0.5581006199112434,0.5630687034912959,0.555747285663968,0.258114397237652,0.005857102343048259,-0.0058048352853549146,-0.000941325719206576,-0.00020918792632562688,0.03666116198768954,85.23152160644531
803,2015-03-16,0.5621796847282998,0.5696579835257426,0.5704424282748343,0.5621796847282998,0.30337787119051196,5.2306956210723676e-05,0.011557363614499216,0.007373724783538371,0.006432399064331795,0.045263473952859956,86.99656677246094
804,2015-03-17,0.565578918708686,0.5687166578065359,0.5703901213186237,0.5631210104475065,0.2496622128809488,0.003399233980386218,-0.0009413257192066871,-5.2306956210612654e-05,0.0009413257192066871,-0.05371565830956315,86.8528060913086
805,2015-03-18,0.5688735387766508,0.5727434156673817,0.5741554241954504,0.5632778914176214,0.3642696291848071,0.003294620067964771,0.004026757860845831,0.0037653028768267482,0.0001568809701149032,0.11460741630385829,87.4677505493164
806,2015-03-19,0.5733709794463586,0.5705993092449493,0.5739985432253356,0.5686120837926317,0.21745984086473502,0.004497440669707808,-0.002144106422432457,-0.00015688097011479218,0.005334192375010316,-0.14680978832007208,87.14029693603516
807,2015-03-20,0.5730572175061287,0.5738416622552206,0.5765087185442084,0.5709653781413898,0.6554721513286293,-0.00031376194022991744,0.003242353010271315,0.002510175318872765,0.0023532943487580837,0.4380123104638943,87.63546752929688
808,2015-03-23,0.5731094845638223,0.5732664054324546,0.5778161131598556,0.5724296537271519,0.23052094280138116,5.2267057693566876e-05,-0.000575256822766046,0.0013073946156472172,0.0014642755857621204,-0.4249512085272482,87.54761505126953
809,2015-03-24,0.5720635848307114,0.5712268730239262,0.5744691861356802,0.5707038832588534,0.1827052995045789,-0.0010458997331108666,-0.0020395324085283884,-0.0033469270241753835,-0.001725770468298582,-0.04781564329680227,87.23613739013672
810,2015-03-25,0.5712791400816195,0.562754941551066,0.5720112778745006,0.5624411796108362,0.24975228944602912,-0.0007844447490918949,-0.008471931472860184,-0.002457908261179642,-0.008262703648017178,0.06704698994145022,85.94233703613281
811,2015-03-26,0.5611860520528825,0.5586758767340094,0.5615521209493229,0.5566363443254811,0.22366011109443026,-0.010093088028736985,-0.004079064817056555,-0.010459156925177626,-0.005804835285355026,-0.026092178351598855,85.31938171386719
812,2015-03-27,0.5576822440585921,0.5602447263336757,0.5609245970688634,0.5563225424867341,0.22035730370815193,-0.0035038079942903977,0.0015688495996662999,-0.0006275238804595018,-0.00031380183874707424,-0.0033028073862783336,85.55896759033203
813,2015-03-30,0.5633301983738321,0.5733709794463586,0.5735801673726842,0.5632255844614108,0.3052394535355052,0.005647954315240011,0.013126253112682895,0.012655570303820807,0.006903041974676727,0.08488214982735326,87.56358337402344
814,2015-03-31,0.5687166578065359,0.5654743047962645,0.5692396076730913,0.5643760981069431,0.29196817294700494,0.005386459432703772,-0.007896674650094138,-0.004340559699592905,0.001150513645532314,-0.013271280588500245,86.35763549804688
815,2015-04-01,0.5647944739595943,0.5601401523197717,0.5647944739595943,0.5585712628215881,0.2792523645098334,-0.0039221838469416515,-0.005334152476492826,-0.004445133713497085,-0.005804835285355026,-0.012715808437171572,85.54303741455078
816,2015-04-02,0.5602447263336757,0.5634347723877363,0.5640623361667132,0.5594080145268906,0.16598108392133312,-0.004549747625918532,0.0032946200679646598,-0.0007321377928810602,0.0008367517053025075,-0.11327128058850025,86.04617309570312
817,2015-04-06,0.559198826600565,0.5654743047962645,0.5681937079399805,0.5586235697777988,0.15803933343341842,-0.0010458997331107556,0.0020395324085281663,0.004131371773267278,-0.0007844447490917839,-0.007941750487914706,86.35763549804688
818,2015-04-07,0.5654743047962645,0.5613429330229973,0.5679322130574441,0.5613429330229973,0.20466896862332984,0.006275478195699513,-0.004131371773267167,-0.00026149488253635056,0.002719363245198503,0.04662963518991142,85.72671508789062
819,2015-04-08,0.5592511335567756,0.5613429330229973,0.5631733174037172,0.5588850646603353,0.23179702747335235,-0.0062231712394889005,0.0,-0.004758895653726891,-0.0024578683626620412,0.027128058850022507,85.72671508789062
820,2015-04-09,0.5613429330229973,0.561133784995189,0.5642192171368281,0.5583620748952624,0.18282540159135266,0.002091799466221733,-0.00020914802780835906,0.0010458997331108666,-0.0005229897650729232,-0.048971625881999686,85.69476318359375
821,2015-04-10,0.5632778914176214,0.5629641294773917,0.5636962672702727,0.5598263903795417,0.2552019216333884,0.0019349583946240978,0.0018303444822027615,-0.0005229498665554333,0.0014643154842793882,0.07237652004203574,85.97428131103516
822,2015-04-13,0.5614475469354189,0.564114643122924,0.5665202444278927,0.561133784995189,0.1902567182104789,-0.0018303444822025394,0.001150513645532314,0.002823977157620061,0.0013073946156472172,-0.06494520342290949,86.14999389648438
823,2015-04-14,0.5632778914176214,0.5636962672702727,0.5679322130574441,0.5600355384073501,0.19633688635340038,0.0018303444822025394,-0.0004183758526513648,0.0014119686295513967,-0.001098246587838858,0.006080168142921477,86.0860824584961
824,2015-04-15,0.5656312256648969,0.5652128498122455,0.5687689647627467,0.5647944739595943,0.3086173247260171,0.0023533342472754626,0.001516582541972844,0.0008367517053026186,0.004758935552244159,0.11228043837261673,86.31771087646484
825,2015-04-16,0.5636439603140619,0.5682982819538848,0.570076359378394,0.5619704968019742,0.27087524395736373,-0.0019872653508349325,0.003085432141639255,0.0013073946156472172,-0.002823977157620061,-0.037742080768653374,86.78890228271484
826,2015-04-17,0.5614998538916296,0.5511975779365668,0.5625980605809511,0.5479029179700847,0.5334934694490316,-0.002144106422432346,-0.017100704017318002,-0.007478298797442884,-0.014067578831889471,0.2626182254916679,84.17733001708984
827,2015-04-20,0.5550674548272977,0.5550674548272977,0.5597217764671204,0.5534985653291141,0.40049542110794173,-0.006432399064331906,0.0038698768907309278,-0.002876284113830674,0.005595647359029399,-0.13299804834108991,84.7683334350586
828,2015-04-21,0.547327701045836,0.5327894394050843,0.550413133187475,0.5311159758929968,0.8564179552619727,-0.0077397537814617445,-0.022278015422213415,-0.009308643279645423,-0.022382589436117373,0.455922534154031,81.36609649658203
829,2015-04-22,0.5325802514787588,0.5335215771979654,0.5344106358594787,0.5272984059584764,0.6413151178501727,-0.014747449567077187,0.0007321377928811712,-0.0160024973279963,-0.003817569934520315,-0.21510283741180003,81.47792053222656
830,2015-04-23,0.530017769203675,0.5411567968640404,0.5438238531530282,0.530017769203675,0.46766251313616575,-0.0025624822750837106,0.007635219666074944,0.009413217293549492,0.002719363245198614,-0.17365260471400695,82.64393615722656
831,2015-04-24,0.5406861140551784,0.5436146652267027,0.545078980710982,0.5370776921484666,0.333688635340039,0.010668344851503364,0.0024578683626622633,0.0012551275579538723,0.007059922944791519,-0.13397387779612674,83.01927947998047
832,2015-04-27,0.549785569408498,0.5403723521149485,0.5511975779365668,0.5388557695729758,0.3733523494970725,0.009099455353319574,-0.003242313111754158,0.006118597225584721,0.0017780774245091946,0.039663714157033514,82.52416229248047
833,2015-04-28,0.5391695315132056,0.5422026965971513,0.545497316665116,0.5372346130170987,0.30606515538207474,-0.010616037895292418,0.0018303444822027615,-0.005700261271450735,-0.0016211565558770236,-0.06728719411499778,82.80365753173828
834,2015-04-29,0.5396402143220674,0.5378621368975584,0.5416797467305957,0.5345152098733829,0.32685782915478157,0.0004706828088618664,-0.004340559699592905,-0.003817569934520315,-0.0027194031437158817,0.020792673772706827,82.14078521728516
835,2015-04-30,0.5369208111783517,0.5287626815442386,0.538698888602861,0.526932337062036,0.4591052394535355,-0.0027194031437157706,-0.009099455353319796,-0.0029808581277347423,-0.007582872811346841,0.13224741029875392,80.7511215209961
836,2015-05-01,0.5326325584349695,0.5340445669630383,0.5345152098733829,0.530749906996556,0.2708001801531302,-0.0042882527433821815,0.005281885418799703,-0.004183678729478113,0.003817569934519982,-0.1883050593004053,81.55776977539062
837,2015-05-04,0.534358328903268,0.5343060219470573,0.5369731181345624,0.5340445669630383,0.22953010058549767,0.001725770468298471,0.00026145498401908274,0.002457908261179531,0.0032946599664822607,-0.04127007956763251,81.59769439697266
838,2015-05-05,0.5319527275982991,0.5336784980665976,0.5374960680011178,0.5319004206420884,0.2582795376069659,-0.0024056013049688074,-0.0006275238804597238,0.0005229498665554333,-0.0021441463209498357,0.02874943702146826,81.5018539428711
839,2015-05-06,0.5341491409769423,0.5322141825823182,0.5361886733854706,0.5279782367951468,0.2670469899414502,0.0021964133786431805,-0.0014643154842793882,-0.0013073946156472172,-0.0039221838469416515,0.008767452334484283,81.27825164794922
840,2015-05-07,0.5304361450563263,0.5364501682680068,0.5376529489712327,0.5294948193371196,0.2618826002101787,-0.0037129959206160246,0.004235985685688615,0.0014642755857621204,0.001516582541972844,-0.005164389731271535,81.92511749267578
841,2015-05-08,0.5407384210113891,0.5424641914796876,0.5443468030195836,0.5400585502762014,0.21369163789220838,0.010302275955062834,0.0060140232116807635,0.006693854048350878,0.010563730939081806,-0.04819096231797029,82.84358978271484
842,2015-05-11,0.5354565355925895,0.5345675168295936,0.5390649574993013,0.5306976399388627,0.7511785017264675,-0.005281885418799592,-0.007896674650094027,-0.0052818455202823245,-0.009360910337338768,0.5374868638342591,81.63764190673828
843,2015-05-12,0.5309590949228817,0.5316912327157629,0.534201447933153,0.5288672555581426,0.3127308211980183,-0.004497440669707808,-0.002876284113830674,-0.0048635095661482275,-0.0018303843807200293,-0.4384476805284492,81.19837951660156
844,2015-05-13,0.5329986273314101,0.5332601222139464,0.5358749114452408,0.5302792640862114,0.2551118450683081,0.0020395324085283884,0.0015688894981834567,0.0016734635120877472,0.0014120085280687755,-0.05761897612971023,81.43797302246094
845,2015-05-14,0.5371299991046773,0.5373391870310029,0.5383328197064202,0.5355088425488003,0.24644948205975079,0.004131371773267167,0.004079064817056555,0.00245790826117942,0.005229578462588869,-0.0086623630085573,82.06089782714844
846,2015-05-15,0.5371299991046773,0.5369731181345624,0.5395356004096461,0.5360317924153557,0.2443326827803633,0.0,-0.0003660688964405301,0.0012027807032258808,0.0005229498665554333,-0.002116799279387488,82.00501251220703
847,2015-05-18,0.5370776921484666,0.5395356004096461,0.5407907279675999,0.5370776921484666,0.20756643146674675,-5.2306956210723676e-05,0.0025624822750837106,0.0012551275579537613,0.0010458997331108666,-0.03676625131361655,82.39635467529297
848,2015-05-19,0.5417843207445,0.5420981225832471,0.5434055171988943,0.5402677382025272,0.2503227743582045,0.004706628596033435,0.0025625221736009784,0.0026147892312944343,0.0031900460540605913,0.042756342891457744,82.78766632080078
849,2015-05-20,0.5434577842565878,0.5423072706110554,0.5445037238882159,0.5413659448918486,0.27384777060501425,0.0016734635120877472,0.00020914802780835906,0.0010982066893215903,0.0010982066893214792,0.02352499624680976,82.81962585449219
850,2015-05-21,0.5418889346569215,0.5391172245569948,0.542830260376128,0.5388557695729758,0.266791773007056,-0.0015688495996662999,-0.0031900460540605913,-0.0016734635120878583,-0.002510175318872876,-0.0070559975979582745,82.33246612548828
851,2015-05-22,0.5389080765291864,0.5372346130170987,0.5405815400412743,0.5371299991046773,0.23497973277285694,-0.0029808581277350754,-0.0018826115398961063,-0.002248720334853682,-0.001725770468298471,-0.031812040234199035,82.04493713378906
852,2015-05-26,0.5358226044890301,0.5313251638193223,0.5370776921484666,0.5305930260264412,0.23203723164689988,-0.0030854720401563007,-0.005909449197776473,-0.0035038478928077765,-0.006536973078236086,-0.0029425011259570644,81.14246368408203
853,2015-05-27,0.5334170031840613,0.5351950407100532,0.5359794854591449,0.5302792640862114,0.1934394235099835,-0.0024056013049688074,0.0038698768907309278,-0.0010982066893217013,-0.0003137619402298064,-0.03859780813691638,81.73345947265625
854,2015-05-28,0.5332601222139464,0.534201447933153,0.5345675168295936,0.5315866587018586,0.18251013361357155,-0.0001568809701149032,-0.000993592776900143,-0.0014119686295512857,0.0013073946156472172,-0.010929289896411953,81.58173370361328
855,2015-05-29,0.5348289718136127,0.5288149885004494,0.5348812787698234,0.5283443056915873,0.30719111244557873,0.0015688495996662999,-0.005386459432703661,0.0003137619402298064,-0.003242353010271315,0.12468097883200718,80.7591552734375
856,2015-06-01,0.5312728568631115,0.5282397316776832,0.532737172347391,0.5279259298389362,0.20279237351748985,-0.0035561149505011214,-0.000575256822766157,-0.002144106422432346,-0.00041837585265114274,-0.10439873892808887,80.67127990722656
857,2015-06-02,0.5269846041197294,0.524683616727182,0.5281874247214724,0.524108359904416,0.3671821047890707,-0.0042882527433821815,-0.0035561149505012324,-0.004549747625918643,-0.003817569934520204,0.16438973127158085,80.1281967163086
858,2015-06-03,0.5271937920460551,0.5282397316776832,0.5302269571300007,0.5244744288008565,0.27450833208226993,0.0002091879263257379,0.0035561149505012324,0.0020395324085282773,0.0003660688964405301,-0.09267377270680077,80.67127990722656
859,2015-06-04,0.5235331030816498,0.5240560529482052,0.5293902453232155,0.5228009652887687,0.24587899714757544,-0.003660688964405301,-0.004183678729478002,-0.0008367118067851287,-0.0016734635120877472,-0.028629334934694495,80.03233337402344
860,2015-06-05,0.5258863974304079,0.5193494243521718,0.5276121678987062,0.5191925433820569,0.27084521843567033,0.0023532943487580837,-0.004706628596033435,-0.0017780774245093056,-0.003608421906711845,0.024966221288094892,79.3135757446289
861,2015-06-08,0.5172053179297393,0.5112436016742695,0.5181989107066395,0.5110867207041546,0.3674673472451584,-0.008681079500668543,-0.008105822677902275,-0.00941325719206676,-0.008105822677902275,0.09662212880948806,78.5582046508789
862,2015-06-09,0.5125509962899167,0.511452789600595,0.5147997166247705,0.5100930880287371,0.28276535054796575,-0.004654321639822601,0.00020918792632551586,-0.0033991940818689503,-0.0009936326754175218,-0.08470199669719264,78.59034729003906
863,2015-06-10,0.5127078772600315,0.5186695935155015,0.5225394704062324,0.5127078772600315,0.28396637141570336,0.00015688097011479218,0.007216803914906422,0.0077397537814618556,0.0026147892312944343,0.001201020867737601,79.69930267333984
864,2015-06-11,0.5180943366927353,0.5236376770955539,0.5245267357570671,0.5177805747525056,0.2565981083921333,0.005386459432703772,0.004968083580052407,0.0019872653508347105,0.005072697492474076,-0.02736826302357004,80.46269226074219
865,2015-06-12,0.5210751948204703,0.5201861760574743,0.5224872033485389,0.5174145058560649,0.2140969824350698,0.0029808581277349644,-0.003451501038079563,-0.0020395324085281663,-0.00036606889644075213,-0.04250112595706351,79.93232727050781
866,2015-06-15,0.5165254471945517,0.5166300611069732,0.5195063053222867,0.5136492029792382,0.2188860531451734,-0.004549747625918532,-0.0035561149505011214,-0.002980898026252232,-0.0037653028768266372,0.004789070710103593,79.38591003417969
867,2015-06-16,0.5145382217422342,0.5202907500713784,0.5217550256571406,0.5145382217422342,0.2156132712805885,-0.0019872254523175537,0.00366068896440519,0.002248720334853904,0.0008890187629959634,-0.003272781864584906,79.94837188720703
868,2015-06-17,0.522121094553581,0.5218073326133513,0.5238991719780903,0.5180943366927353,0.18404143521993693,0.007582872811346841,0.001516582541972955,0.0021441463209497247,0.0035561149505011214,-0.03157183606065156,80.18142700195312
869,2015-06-18,0.5234284891692282,0.5306453329826519,0.5318481136858778,0.5234284891692282,0.3297552919981985,0.0013073946156472172,0.008838000369300603,0.007948941707787482,0.005334152476492937,0.14571385677826154,81.53948974609375
870,2015-06-19,0.529024176426775,0.5200815621450529,0.530017769203675,0.5191402364258462,0.4526197267677526,0.0055956872575467775,-0.010563770837599074,-0.0018303444822027615,-0.0042882527433820705,0.12286443476955411,79.91626739501953
871,2015-06-22,0.5251019925798334,0.5231670341852093,0.5257818234165037,0.5219642135834662,0.18961116949406995,-0.0039221838469416515,0.0030854720401564117,-0.004235945787171347,0.002823977157620061,-0.26300855727368266,80.39039611816406
872,2015-06-23,0.5247358837848755,0.5229578462588836,0.5260955853567334,0.5201861760574743,0.16592103287794627,-0.00036610879495790893,-0.00020918792632562688,0.0003137619402296954,-0.0017780375259919268,-0.02369013661612368,80.35823822021484
873,2015-06-24,0.521859639569562,0.5165777541507625,0.5226440843186537,0.5165777541507625,0.21055397087524397,-0.002876244215313406,-0.0063800921081211825,-0.003451501038079674,-0.003608421906711845,0.0446329379972977,79.37786102294922
874,2015-06-25,0.5144336477283301,0.5115050566582886,0.5167346351208775,0.511138987761848,0.21074913676625132,-0.007425991841231938,-0.005072697492473854,-0.005909449197776251,-0.0054387663889144955,0.00019516589100734838,78.598388671875
875,2015-06-26,0.5134400150529126,0.5120803134810548,0.5154272405052303,0.5110344137479438,0.30950307761597357,-0.0009936326754175218,0.000575256822766157,-0.0013073946156472172,-0.00010457401390417953,0.09875394084972225,78.686767578125
876,2015-06-29,0.5077920607376725,0.5027716702014093,0.5097270191322966,0.5025624822750837,0.2730220687584447,-0.005647954315240122,-0.009308643279645423,-0.005700221372933689,-0.008471931472860073,-0.03648100885752886,77.25639343261719
877,2015-06-30,0.50564795431524,0.5054910733451252,0.5078443676938833,0.5013073946156472,0.41315117850172645,-0.002144106422432457,0.0027194031437158817,-0.001882651438413263,-0.0012550876594364935,0.14012910974328174,77.67426300048828
878,2015-07-01,0.521127501776681,0.5192971572944782,0.5252588735499482,0.515322666491326,0.5174898663864285,0.015479547461440979,0.01380608394935301,0.017414505856064855,0.014015271875678748,0.10433868788470202,79.79571533203125
879,2015-07-02,0.5202907500713784,0.5189310883980378,0.5253634475638523,0.5181466436489459,0.2996847320222189,-0.0008367517053026186,-0.00036606889644041907,0.00010457401390417953,0.00282397715761995,-0.21780513436420956,79.7394790649414
880,2015-07-06,0.5146951027123492,0.5174145058560649,0.5183558315752718,0.5137537769931423,0.26362408046839814,-0.005595647359029177,-0.001516582541972955,-0.007007615988580573,-0.004392866655803629,-0.036060651553820766,79.50643157958984
881,2015-07-07,0.5176759608400839,0.5231147272289985,0.5237422910079754,0.5140675788318895,0.40779162287944754,0.0029808581277347423,0.005700221372933689,0.005386459432703661,0.00031380183874718526,0.1441675424110494,80.38233184814453
882,2015-07-08,0.5184604055891758,0.5164731801368584,0.5201861760574743,0.5157410423439773,0.35313016063654107,0.0007844447490918949,-0.006641547092140154,-0.0035561149505011214,0.0016734635120878583,-0.05466146224290647,79.3617935180664
883,2015-07-09,0.5249450717112011,0.5233239151553242,0.5281351177652617,0.5222780154222134,0.46562077766101184,0.006484666122025251,0.006850735018465781,0.007948941707787371,0.006536973078236086,0.11249061702447077,80.41448211669922
884,2015-07-10,0.5298085812773495,0.5281874247214724,0.530017769203675,0.5265139612093847,0.18395135865485662,0.0048635095661484495,0.0048635095661482275,0.0018826514384133741,0.004235945787171236,-0.2816694190061552,81.16182708740234
885,2015-07-13,0.5328940533175058,0.5351427736523596,0.5356657235189152,0.5325279844210653,0.326512535655307,0.0030854720401563007,0.0069553489308872285,0.005647954315240122,0.0060140232116806525,0.1425611770004504,82.23059844970703
886,2015-07-14,0.5333124291701571,0.5354042286363787,0.5365024353257004,0.5329986273314101,0.1818645848971626,0.00041837585265125377,0.00026145498401908274,0.0008367118067852397,0.00047064291034482064,-0.14464795075814443,82.27074432373047
887,2015-07-15,0.5333646962278504,0.5356134165627046,0.5364501682680068,0.5333646962278504,0.26089175799429515,5.226705769334483e-05,0.00020918792632584893,-5.2267057693566876e-05,0.00036606889644030804,0.07902717309713256,82.30290222167969
888,2015-07-16,0.5404769261288528,0.540163164188623,0.5423595775672662,0.538698888602861,0.3032727818645849,0.007112229901002354,0.004549747625918421,0.005909409299259316,0.005334192375010538,0.04238102387028975,83.00202178955078
889,2015-07-17,0.5395356004096461,0.5383328197064202,0.5407384210113891,0.5370776921484666,0.21753490466896863,-0.0009413257192066871,-0.0018303444822027615,-0.0016211565558770236,-0.0016211964543944024,-0.08573787719561626,82.72074127197266
890,2015-07-20,0.5381759387363054,0.5366070492381219,0.5390649574993013,0.5361363664292599,0.26371415703347845,-0.001359661673340673,-0.00172577046829836,-0.0016734635120878583,-0.0009413257192066871,0.046179252364509815,82.45556640625
891,2015-07-21,0.5437192791391241,0.5463863753266293,0.5476937699422765,0.5340445669630383,0.5088575288995646,0.005543340402818675,0.0097793260885074,0.008628812442975198,-0.002091799466221622,0.24514337186608615,83.95829772949219
892,2015-07-22,0.5473799681035294,0.5506746280700113,0.5536031792415356,0.5464386423843226,0.31815042786368414,0.003660688964405301,0.0042882527433820705,0.005909409299259094,0.012394075421284345,-0.19070710103588046,84.61720275878906
893,2015-07-23,0.551145270980356,0.5506746280700113,0.5521911707134669,0.5484781747928508,0.23550517940249213,0.0037653028768266372,0.0,-0.0014120085280686645,0.0020395324085281663,-0.082645248461192,84.61720275878906
894,2015-07-24,0.5499947573348238,0.5505177072013792,0.5519820226856585,0.5488442436892915,0.24095481158985138,-0.001150513645532203,-0.00015692086863217103,-0.00020914802780835906,0.00036606889644075213,0.005449632187359249,84.59307861328125
895,2015-07-27,0.5447129118145415,0.5521911707134669,0.5542307430205125,0.5441376549917752,0.3362107791622879,-0.0052818455202823245,0.0016734635120877472,0.002248720334853904,-0.0047065886975162785,0.09525596757243654,84.85025024414062
896,2015-07-28,0.5543353170344166,0.5540215550941867,0.5548582669009721,0.5500470642910344,0.2857228644347696,0.009622405219875119,0.0018303843807198072,0.0006275238804596128,0.005909409299259205,-0.050487914727518346,85.13152313232422
897,2015-07-29,0.554126129108091,0.5565840373692705,0.5574730561322665,0.5528187344924438,0.2710704098483711,-0.00020918792632562688,0.0025624822750838216,0.0026147892312944343,0.0027716702014093375,-0.014652454586398467,85.52526092529297
898,2015-07-30,0.5553812167675275,0.5569501062657111,0.5577345510148028,0.5539169411817654,0.1657258669869389,0.0012550876594364935,0.0003660688964405301,0.00026149488253635056,0.0010982066893215903,-0.10534454286143222,85.58151245117188
899,2015-07-31,0.5586758767340094,0.5549628808133936,0.5600355384073501,0.5544398910483208,0.26399939948956613,0.0032946599664819276,-0.0019872254523174426,0.002300987392547249,0.0005229498665554333,0.09827353250262724,85.27615356445312
900,2015-08-03,0.5563748494429449,0.5592511335567756,0.5592511335567756,0.5542830100782058,0.22486113196216784,-0.002301027291064517,0.0042882527433819595,-0.000784404850574516,-0.00015688097011501423,-0.039138267527398296,85.93511199951172
901,2015-08-04,0.5570024132219219,0.5576299371023813,0.5601401523197717,0.5556427116500638,0.31803032577691037,0.0006275637789769917,-0.0016211964543942914,0.0008890187629960744,0.0013597015718580518,0.09316919381474253,85.68598937988281
902,2015-08-05,0.5601401523197717,0.5547536928870678,0.562022803758185,0.5534462982714206,0.4247410298753941,0.0031377390978497566,-0.002876244215313517,0.0018826514384133741,-0.0021964133786432916,0.10671070409848371,85.24401092529297
903,2015-08-06,0.5555381376361597,0.5515113398767966,0.5559042065326001,0.5486873627191766,0.22474102987539407,-0.004602014683611988,-0.003242353010271204,-0.006118597225584943,-0.004758935552243937,-0.2,84.74578857421875
904,2015-08-07,0.5504654401436858,0.551615953789218,0.5521389036557733,0.5478506509123914,0.22628734424260621,-0.005072697492473854,0.00010461391242144735,-0.0037653028768267482,-0.0008367118067852397,0.0015463143672121427,84.76187133789062
905,2015-08-10,0.5548059599447613,0.5533939913152099,0.5575253630884772,0.5521389036557733,0.2876895361056898,0.004340519801075526,0.0017780375259919268,0.005386459432703883,0.0042882527433819595,0.0614021918630836,85.03506469726562
906,2015-08-11,0.5491057385718278,0.5537600602116505,0.5542830100782058,0.5490534316156169,0.22745833958865036,-0.005700221372933578,0.0003660688964405301,-0.003242353010271426,-0.0030854720401564117,-0.060231196517039454,85.09135437011719
907,2015-08-12,0.5493672334543641,0.5513544589066817,0.5524003586397924,0.5441376549917752,0.25653805734874646,0.00026149488253635056,-0.0024056013049688074,-0.0018826514384133741,-0.004915776623841683,0.029079717760096102,84.72167205810547
908,2015-08-13,0.5504654401436858,0.5593034006144691,0.5632255844614108,0.5468047112807632,0.48455186908872544,0.0010982066893217013,0.007948941707787482,0.010825225821618378,0.002667056288988001,0.22801381173997898,85.943115234375
909,2015-08-14,0.5591465196443542,0.5632778914176214,0.5641669101806174,0.5582575008813583,0.22343491968172946,0.008681079500668432,0.003974490803152264,0.000941325719206576,0.011452789600595037,-0.261116949406996,86.55384063720703
910,2015-08-17,0.5602447263336757,0.5632778914176214,0.5642192171368281,0.5568977993095002,0.18213481459240355,0.0010982066893214792,0.0,5.2306956210723676e-05,-0.0013597015718580518,-0.04130010508932591,86.55384063720703
911,2015-08-18,0.5630687034912959,0.5638531482403876,0.5646898999456902,0.5584666888076839,0.1335685332532653,0.002823977157620172,0.000575256822766157,0.00047068280886208846,0.0015688894981836787,-0.04856628133913826,86.6422348022461
912,2015-08-19,0.5610291710827675,0.5607154091425378,0.5650559688421306,0.5567932252955962,0.20821198018315568,-0.0020395324085283884,-0.0031377390978497566,0.00036606889644041907,-0.0016734635120877472,0.07464344692989039,86.16011047363281
913,2015-08-20,0.5553289497098339,0.5527664275362331,0.5576299371023813,0.5525572795084247,0.23371866086173249,-0.005700221372933578,-0.00794898160630475,-0.007426031739749317,-0.004235945787171458,0.02550668067857681,84.93862915039062
914,2015-08-21,0.5553289497098339,0.5382805127502096,0.5553289497098339,0.5379144438537691,0.34434769554121003,0.0,-0.014485914786023457,-0.00230098739254736,-0.014642835654655628,0.11062903467947754,82.71273803710938
915,2015-08-24,0.5124463823774951,0.5165777541507625,0.5303315710424221,0.497908160635261,0.8297703047590452,-0.04288256733233886,-0.021702758599447147,-0.024997378667411807,-0.040006283218508076,0.4854226092178352,79.37786102294922
916,2015-08-25,0.5254157545200632,0.5111912947180587,0.5272460990022657,0.5106160378952925,0.4402191863083621,0.012969372142568103,-0.005386459432703772,-0.0030854720401564117,0.01270787726003153,-0.38955111845068313,78.5501480102539
917,2015-08-26,0.5233239151553242,0.5229578462588836,0.5244744288008565,0.5103545430127562,0.39067707551418707,-0.002091839364739001,0.011766551540824954,-0.0027716702014092265,-0.00026149488253635056,-0.04954211079417503,80.35823822021484
918,2015-08-27,0.5286580676318171,0.5302792640862114,0.5319527275982991,0.521859639569562,0.4070109593154181,0.005334152476492937,0.007321417827327759,0.007478298797442662,0.011505096556805872,0.01633388380123102,81.48326873779297
919,2015-08-28,0.5281874247214724,0.5252065665937375,0.5293379383670047,0.5219119465257727,0.25195916529049694,-0.0004706429103447096,-0.005072697492473854,-0.0026147892312944343,5.2306956210612654e-05,-0.15505179402492114,80.70376586914062
920,2015-08-31,0.5215981446870256,0.5206045519101254,0.5242652408745309,0.5194017313083825,0.2899264374718511,-0.006589280034446809,-0.004602014683612099,-0.005072697492473854,-0.0025102152173901437,0.03796727218135415,79.99659729003906
921,2015-09-01,0.5109821067917331,0.5098315931462007,0.5153749734475367,0.5083673175604386,0.3816243807236151,-0.01061603789529253,-0.0107729587639247,-0.00889026742699417,-0.011034413747943894,0.091697943251764,78.34123229980469
922,2015-09-02,0.5143290338159086,0.5173621988998542,0.5173621988998542,0.5118711255547289,0.2466146224290647,0.0033469270241754945,0.0075306057536534965,0.0019872254523175537,0.0035038079942902867,-0.1350097582945504,79.49839782714844
923,2015-09-03,0.5186172865592907,0.519663226190919,0.5235331030816498,0.5177805747525056,0.3577240654556373,0.0042882527433821815,0.002301027291064739,0.006170904181795556,0.005909449197776695,0.11110944302657258,79.85197448730469
924,2015-09-04,0.5122895014073803,0.5112436016742695,0.5156364284315558,0.50878569341309,0.2887254166041135,-0.006327785151910459,-0.00841962451664946,-0.007896674650094027,-0.008994881339415617,-0.06899864885152379,78.5582046508789
925,2015-09-08,0.5174145058560649,0.521127501776681,0.5213366897030065,0.5151134785650003,0.31597357754090977,0.005125004448684578,0.00988390010241147,0.005700261271450735,0.006327785151910348,0.027248160936796273,80.57979583740234
926,2015-09-09,0.5242652408745309,0.5150089045510962,0.5254157545200632,0.5140675788318895,0.23882299954961717,0.006850735018466003,-0.006118597225584832,0.004079064817056666,-0.0010458997331108666,-0.0771505779912926,79.63368225097656
927,2015-09-10,0.5133354410390084,0.5181989107066395,0.5216504516432364,0.5128647582301464,0.24442275934544364,-0.010929799835522447,0.0031900061555433235,-0.0037653028768267482,-0.0012028206017430376,0.00559975979582647,80.12694549560547
928,2015-09-11,0.5147474096685598,0.5202907500713784,0.5204476310414934,0.5134400150529126,0.20647049992493618,0.0014119686295513967,0.00209183936473889,-0.0012028206017430376,0.000575256822766157,-0.03795225942050745,80.45038604736328
929,2015-09-14,0.5207091259240297,0.5191925433820569,0.522121094553581,0.5164731801368584,0.24047440324275635,0.005961716255469929,-0.0010982066893214792,0.0016734635120876362,0.003033165083945799,0.03400390331782016,80.28056335449219
930,2015-09-15,0.5204476310414934,0.5274552869285913,0.5289718694705642,0.5186695935155015,0.2543612070259721,-0.00026149488253635056,0.008262743546534446,0.00685077491698316,0.0021964133786430695,0.013886803783215745,81.5582275390625
931,2015-09-16,0.526932337062036,0.5329463602737166,0.5338353790367125,0.5255726354901781,0.30537456838312566,0.00648470602054263,0.005491073345125219,0.0048635095661483385,0.006903041974676616,0.051013361357153564,82.40728759765625
932,2015-09-17,0.5331032412438315,0.5316389656580693,0.5393264124833204,0.5294948193371196,0.26670169644197567,0.006170904181795445,-0.0013073946156472172,0.00549103344660784,0.00392218384694154,-0.03867287194114999,82.20511627197266
933,2015-09-18,0.5220688274958876,0.5211798087328917,0.5277167818111278,0.5200292950873593,0.7509082720312266,-0.011034413747943894,-0.010459156925177626,-0.011609630672192561,-0.009465524249760326,0.4842065755892509,80.58787536621094
934,2015-09-21,0.5252588735499482,0.5256772095040821,0.5304361450563263,0.5235854100378605,0.3145473652604714,0.0031900460540605913,0.00449740077119043,0.002719363245198503,0.0035561149505012324,-0.4363609067707552,81.28327178955078
935,2015-09-22,0.5190879693681528,0.5176236937823906,0.521127501776681,0.516054804284207,0.3492868938597808,-0.006170904181795334,-0.008053515721691551,-0.009308643279645312,-0.0075306057536534965,0.0347395285993094,80.03800964355469
936,2015-09-23,0.5177282677962948,0.5181466436489459,0.521127501776681,0.5150089045510962,0.2881249061702447,-0.0013597015718580518,0.0005229498665553223,0.0,-0.0010458997331108666,-0.06116198768953607,80.11888122558594
937,2015-09-24,0.5158456163578814,0.5169961300034137,0.5189310883980378,0.5141721528457937,0.3583546014111995,-0.0018826514384133741,-0.001150513645532203,-0.0021964133786431805,-0.0008367517053025075,0.07022969524095479,79.94094848632812
938,2015-09-25,0.5208660068941446,0.5224872033485389,0.5261478923129442,0.5150089045510962,0.29168293049091726,0.005020390536263242,0.005491073345125219,0.007216803914906422,0.0008367517053025075,-0.06667167092028226,80.7900161743164
939,2015-09-28,0.5198201071610338,0.5181466436489459,0.5243175478307416,0.5165254471945517,0.4342891457739078,-0.0010458997331108666,-0.004340559699593016,-0.0018303444822026504,0.0015165426434555762,0.14260621528299056,80.11888122558594
940,2015-09-29,0.5188264744856164,0.5201861760574743,0.5209183138503554,0.5135968960230275,0.3194114997748086,-0.0009936326754174107,0.0020395324085283884,-0.003399233980386218,-0.0029285511715242407,-0.11487764599909922,80.43421173095703
941,2015-09-30,0.5247881907410862,0.5204999379977041,0.524840497697297,0.5191925433820569,0.38374118000300256,0.005961716255469818,0.0003137619402298064,0.0039221838469416515,0.005595647359029399,0.06432968022819396,80.48273468017578
942,2015-10-01,0.5221734015097919,0.5142767268596978,0.5228009652887687,0.5082104365903238,0.44759045188410146,-0.0026147892312943233,-0.006223211138006279,-0.0020395324085282773,-0.01098210679173306,0.0638492718810989,79.52046966552734
943,2015-10-02,0.5101453949849478,0.5231147272289985,0.5231147272289985,0.5082104365903238,0.3619426512535655,-0.012028006524844037,0.008838000369300714,0.0003137619402298064,0.0,-0.08564780063053595,80.88704681396484
944,2015-10-05,0.5267754560919211,0.5326848653911802,0.5329463602737166,0.5254680614762739,0.2772406545563729,0.016630061106973293,0.009570138162181663,0.009831633044718013,0.017257624885950062,-0.08470199669719258,82.36682891845703
945,2015-10-06,0.5310114018790925,0.5285534936179129,0.531377470775533,0.5276644748549171,0.1996096682179853,0.004235945787171347,-0.004131371773267278,-0.0015688894981835677,0.0021964133786431805,-0.07763098633838764,81.72802734375
946,2015-10-07,0.530906787966671,0.5343060219470573,0.5358226044890301,0.5296517003072345,0.19938447680528448,-0.00010461391242144735,0.005752528329144413,0.004445133713497085,0.0019872254523174426,-0.00022519141270080367,82.61751556396484
947,2015-10-08,0.5316912327157629,0.5391172245569948,0.5397447883359717,0.5311159758929968,0.18220987839663713,0.0007844447490918949,0.004811202609937504,0.0039221838469416515,0.0014642755857622314,-0.01717459840864735,83.36146545410156
948,2015-10-09,0.5405815400412743,0.5383328197064202,0.5425687654935918,0.5367116232520259,0.1937546914877646,0.008890307325511437,-0.0007844048505746271,0.002823977157620061,0.005595647359029177,0.011544813091127482,83.2401351928711
949,2015-10-12,0.5368685441206582,0.5424118845234769,0.5438761601092389,0.5368162371644475,0.1476805284491818,-0.0037129959206161356,0.004079064817056666,0.0013073946156471061,0.00010461391242155837,-0.046074163038582805,83.8708724975586
950,2015-10-13,0.5397970952921824,0.5402677382025272,0.5438238531530282,0.5386465816466501,0.193304308662363,0.0029285511715242407,-0.0021441463209497247,-5.2306956210723676e-05,0.0018303444822026504,0.0456237802131812,83.53933715820312
951,2015-10-14,0.5397970952921824,0.5374437610449071,0.5424641914796876,0.537025425090773,0.2910073562528149,0.0,-0.002823977157620061,-0.001359661673340562,-0.0016211565558771346,0.09770304759045187,83.10270690917969
952,2015-10-15,0.5418889346569215,0.5488965506455021,0.5488965506455021,0.5397970952921824,0.24885152379522593,0.002091839364739001,0.011452789600595037,0.006432359165814527,0.0027716702014094485,-0.04215583245758894,84.87359619140625
953,2015-10-16,0.5503608262312641,0.5538123671678612,0.5541784360643017,0.5493149264981534,0.28069358955111845,0.008471891574342694,0.004915816522359062,0.005281885418799592,0.009517831205970939,0.03184206575589252,85.63370513916016
954,2015-10-19,0.5529756154625586,0.5560087805465044,0.5567932252955962,0.5481121058964105,0.3595706350397838,0.0026147892312944343,0.0021964133786431805,0.0026147892312944343,-0.0012028206017429266,0.07887704548866536,85.97332000732422
955,2015-10-20,0.56782763904354,0.5697625575396469,0.5745214930918909,0.5643238310492497,0.47065005254466297,0.014852023580981366,0.013753776993142508,0.017728267796294772,0.016211725152839196,0.11107941750487915,88.0999984741211
956,2015-10-21,0.5726388416534776,0.5789143198491773,0.5850852240309726,0.5725865346972667,0.46524545863984385,0.004811202609937615,0.009151762309530409,0.010563730939081695,0.008262703648017067,-0.005404593904819122,89.51510620117188
957,2015-10-22,0.5795418836281541,0.5873862513220374,0.590576297376098,0.5792281216879244,0.37351748986638644,0.006903041974676505,0.008471931472860073,0.00549107334512533,0.006641586990657644,-0.0917279687734574,90.82510375976562
958,2015-10-23,0.5898441595832169,0.5871770633957117,0.5907854853024236,0.5851898379433942,0.34930190662062754,0.010302275955062834,-0.00020918792632562688,0.00020918792632562688,0.005961716255469818,-0.024215583245758898,90.79273223876952
959,2015-10-26,0.5887982199515888,0.5897395456707955,0.5908900593163277,0.5868633014554819,0.2700645548716409,-0.0010459396316281344,0.0025624822750837106,0.00010457401390406851,0.0016734635120877472,-0.07923735174898666,91.18894958496094
960,2015-10-27,0.5866018065729457,0.5930865125934882,0.5949168570756909,0.5863403515889266,0.31824050442876445,-0.0021964133786430695,0.0033469669226927623,0.00402679775936321,-0.0005229498665553223,0.048175949557123565,91.70648193359376
961,2015-10-28,0.59517831205971,0.5975316463069853,0.597845408247215,0.5913607421251896,0.2677826152229395,0.008576505486764252,0.004445133713497085,0.0029285511715241297,0.00502039053626302,-0.050457889205824946,92.39383697509766
962,2015-10-29,0.5977931012910044,0.5976885272771002,0.6001987025959731,0.5945507881792502,0.29007656508031826,0.0026147892312944343,0.0001568809701149032,0.0023532943487580837,0.0031900460540605913,0.02229394985737876,92.4180679321289
963,2015-10-30,0.5991004959066516,0.5903671094497723,0.5993619907891878,0.5903671094497723,0.33137667016964417,0.0013073946156472172,-0.00732141782732787,-0.0008367118067852397,-0.004183678729477891,0.04130010508932591,91.28600311279295
964,2015-11-02,0.5939232244002735,0.595492113898457,0.5960673707212232,0.5925635228284155,0.27452334484311663,-0.005177271506378145,0.005125004448684689,-0.0032946200679646598,0.0021964133786431805,-0.05685332532652754,92.0784683227539
965,2015-11-03,0.5951260450020164,0.5945507881792502,0.5969040825280083,0.5908900593163277,0.23059600660561477,0.0012028206017429266,-0.0009413257192067981,0.0008367118067851287,-0.0016734635120878583,-0.04392733823750186,91.9329071044922
966,2015-11-04,0.5946553621931545,0.5965903205877785,0.5980545961735407,0.5918836919917452,0.30499924936195766,-0.0004706828088618664,0.0020395324085282773,0.001150513645532425,0.0009936326754175218,0.07440324275634289,92.24828338623048
967,2015-11-05,0.5984206650699812,0.5960150637650125,0.5992051098190729,0.5953351930298247,0.2268127908722414,0.0037653028768266372,-0.000575256822766046,0.001150513645532203,0.003451501038079563,-0.07818645848971625,92.15933227539062
968,2015-11-06,0.5991528028628622,0.5914653161390939,0.6002510095521838,0.5887982199515888,0.3934544362708302,0.0007321377928810602,-0.004549747625918532,0.0010458997331108666,-0.006536973078235975,0.1666416453985888,91.45580291748048
969,2015-11-09,0.5894780906867764,0.5900533475095424,0.591308435168979,0.5878569341308993,0.23811739978982135,-0.009674712176085842,-0.0014119686295515077,-0.008942574383204782,-0.0009412858206894192,-0.15533703648100886,91.23748016357422
970,2015-11-10,0.590419416405983,0.5964334396176636,0.5966948946016827,0.5881706960711292,0.22343491968172946,0.0009413257192066871,0.0063800921081211825,0.005386459432703661,0.0003137619402298064,-0.014682480108091894,92.2240219116211
971,2015-11-11,0.5977931012910044,0.5981591701874448,0.6002510095521838,0.5953874999860356,0.18288545263473951,0.0073736848850213255,0.001725730569781203,0.0035561149505011214,0.007216803914906422,-0.040549467046989945,92.49088287353516
972,2015-11-12,0.5952829259721313,0.5873339443658268,0.5971655774105447,0.5870724893818077,0.29118750938297555,-0.002510175318873098,-0.010825225821618045,-0.003085432141639144,-0.008315010604227902,0.10830205674823604,90.81700897216795
973,2015-11-13,0.587595439248363,0.5857127878099496,0.5904717233621938,0.5848237690469537,0.30680078066356403,-0.007687486723768289,-0.0016211565558771346,-0.006693854048350878,-0.0022487203348540152,0.015613271280588481,90.56633758544922
974,2015-11-16,0.5849283430608578,0.5903671094497723,0.5904717233621938,0.5837255623576322,0.24823600060051043,-0.002667096187505158,0.004654321639822712,0.0,-0.0010982066893214792,-0.0585647800630536,91.28600311279295
975,2015-11-17,0.5899487335971211,0.5895826647006804,0.5932956606212966,0.5879615081448035,0.2355502176850323,0.005020390536263242,-0.0007844447490918949,0.0028239372591027934,0.004235945787171347,-0.012685782915478144,91.16474151611328
976,2015-11-18,0.590105614567236,0.5997280596856284,0.6003033165083945,0.5896349716568913,0.2534604413751689,0.0001568809701149032,0.01014539498494793,0.007007655887097952,0.0016734635120877472,0.01791022369013659,92.73343658447266
977,2015-11-19,0.6006170784486243,0.6015060972116203,0.6029704126958997,0.5968517755717976,0.16024620927788621,0.01051146388138835,0.0017780375259919268,0.002667096187505158,0.007216803914906311,-0.09321423209728266,93.00837707519533
978,2015-11-20,0.6026566108571525,0.6057420828973089,0.6091413168776952,0.6018198990503674,0.2542711304608918,0.0020395324085281663,0.004235985685688615,0.006170904181795556,0.004968123478569786,0.09402492118300557,93.66339111328124
979,2015-11-23,0.6056374689848877,0.6046961432656808,0.6074155464093968,0.6034410556062444,0.19828854526347395,0.0029808581277351864,-0.0010459396316281344,-0.001725770468298471,0.0016211565558770236,-0.05598258519741783,93.50164031982422
980,2015-11-24,0.6030749867098039,0.6037025504887807,0.605428281058562,0.5998849406557433,0.22311965170394835,-0.0025624822750838216,-0.000993592776900032,-0.0019872653508348215,-0.0035561149505011214,0.0248311064404744,93.3480224609375
981,2015-11-25,0.6037548175464743,0.6003556234646052,0.6041731933991255,0.5991528028628622,0.1748686383425912,0.0006798308366704475,-0.0033469270241754945,-0.0012550876594364935,-0.0007321377928810602,-0.04825101336135715,92.83049011230467
982,2015-11-27,0.5998849406557433,0.6006170784486243,0.6019244730642715,0.5980022892173299,0.08228494220087074,-0.003869876890731039,0.00026145498401908274,-0.002248720334853904,-0.001150513645532314,-0.09258369614172046,92.87091064453124
983,2015-11-30,0.6022905419607122,0.5991528028628622,0.6040163124290105,0.5982637840998664,0.28135415102837413,0.0024056013049689184,-0.0014642755857621204,0.002091839364739001,0.0002614948825364616,0.1990692088275034,92.64449310302734
984,2015-12-01,0.6028134918272675,0.6049576381482172,0.6085137530987184,0.6021336609905972,0.2746584596907371,0.0005229498665553223,0.005804835285355026,0.004497440669707808,0.0038698768907308168,-0.006695691337637033,93.54208374023438
985,2015-12-02,0.6035456695186658,0.5998849406557433,0.6069971705567455,0.5994142977453987,0.25038282540159135,0.000732177691398328,-0.005072697492473965,-0.001516582541972844,-0.002719363245198503,-0.024275634289145753,92.75770568847656
986,2015-12-03,0.5965380136315679,0.5819997918893336,0.5976362203208894,0.5806923972736864,0.6470650052544663,-0.007007655887097952,-0.017885148766409675,-0.009360950235856147,-0.018721900471712294,0.39668217985287496,89.99222564697266
987,2015-12-04,0.5842485122241875,0.5964857066753572,0.5967472015578935,0.5842485122241875,0.3342290947305209,-0.012289501407380388,0.014485914786023568,-0.0008890187629958524,0.0035561149505011214,-0.3128359105239454,92.23210906982422
988,2015-12-07,0.5919359989479558,0.5940277984141775,0.5961719447351274,0.5903148024935615,0.2864434769554121,0.007687486723768289,-0.002457908261179642,-0.000575256822766157,0.006066290269373997,-0.04778561777510881,91.85205078125
989,2015-12-08,0.5879092011885929,0.5876477462045738,0.5909423662725385,0.5842485122241875,0.2990091577841165,-0.004026797759362877,-0.006380052209603693,-0.005229578462588869,-0.006066290269373997,0.012565680828704406,91.35611724853516
990,2015-12-09,0.5839347502839577,0.5806923972736864,0.5903671094497723,0.5795941905843648,0.2755592253415403,-0.003974450904635218,-0.0069553489308874505,-0.000575256822766157,-0.004654321639822712,-0.023449932442576205,90.27482604980467
991,2015-12-10,0.5799079525245946,0.58043090239115,0.5844053931943024,0.5765610255004192,0.23726167242155832,-0.004026797759363099,-0.00026149488253635056,-0.005961716255469929,-0.003033165083945577,-0.03829755291998199,90.23419952392578
992,2015-12-11,0.5735801673726842,0.5739985432253356,0.5802740214210351,0.571802089948175,0.2751088425161387,-0.006327785151910348,-0.006432359165814416,-0.004131371773267278,-0.004758935552244159,0.037847170094580385,89.23420715332031
993,2015-12-14,0.5748875619883315,0.5806400903174757,0.5858696687800645,0.5735278604164735,0.3430415853475454,0.0013073946156472172,0.006641547092140043,0.005595647359029399,0.001725770468298471,0.06793274283140671,90.2667236328125
994,2015-12-15,0.5845099672082066,0.5918836919917452,0.5947076691493652,0.5844053931943024,0.33964870139618675,0.009622405219875119,0.011243601674269521,0.008838000369300714,0.01087753277782888,-0.0033928839513586717,92.0146484375
995,2015-12-16,0.596642587645472,0.5989959218927473,0.6005647714924136,0.5913607421251896,0.2663864284641946,0.012132620437265373,0.007112229901002132,0.00585710234304837,0.0069553489308872285,-0.07326227293199217,93.12030029296876
996,2015-12-17,0.5997803666418391,0.5923543349020899,0.6003033165083945,0.5921974539319749,0.33263774208076863,0.0031377789963671354,-0.006641586990657422,-0.00026145498401908274,0.0008367118067852397,0.06625131361657405,92.08781433105467
997,2015-12-18,0.5923543349020899,0.5759334617214422,0.5923543349020899,0.5756196997812125,0.7611469749286894,-0.007426031739749206,-0.016420873180647666,-0.00794898160630464,-0.016577754150762347,0.4285092328479208,89.5350112915039
998,2015-12-21,0.5797510715544798,0.580169447407131,0.5827319296822147,0.5753582048986762,0.21366161237051493,-0.012603263347610083,0.004235985685688726,-0.00962240521987523,-0.00026149488253635056,-0.5474853625581745,90.19354248046876
999,2015-12-22,0.5842485122241875,0.5882230030273399,0.5890074078779143,0.579698764598269,0.265936045638793,0.004497440669707697,0.00805355562020893,0.006275478195699624,0.004340559699592794,0.05227443326827805,91.445556640625
1000,2015-12-23,0.590105614567236,0.5920405729618601,0.5922497608881857,0.587124756439501,0.2199669719261372,0.005857102343048481,0.003817569934520204,0.003242353010271426,0.007425991841232049,-0.04596907371265577,92.03902435302734
1001,2015-12-24,0.5902625354358683,0.5923543349020899,0.5948122431632693,0.5895826647006804,0.0761597357754091,0.00015692086863228205,0.0003137619402298064,0.0025624822750835996,0.00245790826117942,-0.1438072361507281,92.08781433105467
1002,2015-12-28,0.5909423662725385,0.5934525814899287,0.5936094624600438,0.5891643287465466,0.10680078066356403,0.0006798308366702255,0.001098246587838858,-0.0012027807032255478,-0.0004183359541338749,0.03064104488815493,92.25855255126952
1003,2015-12-29,0.5965903205877785,0.6015060972116203,0.6023951558731335,0.5961196377789165,0.15746884852124304,0.005647954315240011,0.008053515721691551,0.008785693413089768,0.006955309032369961,0.05066806785767901,93.51055908203124
1004,2015-12-30,0.601558404167831,0.5976885272771002,0.6028134918272675,0.5969563894842191,0.09708752439573638,0.004968083580052518,-0.003817569934520093,0.00041833595413398594,0.0008367517053026186,-0.06038132412550666,92.91707611083984
1005,2015-12-31,0.5967995085141042,0.5902102284796574,0.597845408247215,0.5900533475095424,0.14353700645548717,-0.00475889565372678,-0.007478298797442773,-0.004968083580052518,-0.006903041974676727,0.04644948205975079,91.75448608398438
1006,2016-01-04,0.5789666268053879,0.5750967499146571,0.5802740214210351,0.5686120837926317,0.427263173697643,-0.01783288170871633,-0.015113478565000338,-0.01757138682617987,-0.021441263716910686,0.2837261672421558,89.40493774414062
1007,2016-01-05,0.5748352550321207,0.5777115391459515,0.5790712407178095,0.5728480295798032,0.2807986788770455,-0.004131371773267167,0.0026147892312944343,-0.0012027807032256588,0.004235945787171458,-0.14646449482059748,89.81143951416016
1008,2016-01-06,0.571802089948175,0.5702332403485088,0.5741554241954504,0.5677753320873292,0.25985587749587147,-0.003033165083945688,-0.007478298797442773,-0.004915816522359062,-0.005072697492473965,-0.020942801381174048,88.64886474609375
1009,2016-01-07,0.5621796847282998,0.5566363443254811,0.5670955012506589,0.5544921980045315,0.3429515087824651,-0.00962240521987523,-0.013596896023027605,-0.007059922944791519,-0.013283134082797687,0.08309563128659364,86.53504943847656
1010,2016-01-08,0.5596172024532162,0.5542830100782058,0.56186592278807,0.5534462982714206,0.2979282390031527,-0.0025624822750835996,-0.0023533342472753516,-0.005229578462588869,-0.0010458997331109776,-0.045023269779312425,86.16921997070312
1011,2016-01-11,0.5567932252955962,0.5584666888076839,0.5610291710827675,0.5523480915820992,0.23265275484161538,-0.002823977157620061,0.004183678729478113,-0.0008367517053025075,-0.0010982066893213682,-0.0652754841615373,86.81961822509766
1012,2016-01-12,0.5631733174037172,0.5646898999456902,0.5658403736927052,0.5574207491760558,0.3176700195165891,0.0063800921081210715,0.006223211138006279,0.004811202609937726,0.0050726575939565866,0.0850172646749737,87.78707885742188
1013,2016-01-13,0.5662064425891457,0.5546490789746464,0.5691350336591872,0.5534462982714206,0.43257769103738175,0.0030331251854284202,-0.010040820971043751,0.0032946599664819276,-0.003974450904635218,0.11490767152079268,86.22613525390625
1014,2016-01-14,0.5540215550941867,0.5594603214831013,0.5648467809158051,0.5534462982714206,0.28809488064855127,-0.01218488749495894,0.004811242508454883,-0.0042882527433820705,0.0,-0.14448281038883048,86.97408294677734
1015,2016-01-15,0.5401108572324123,0.5496286884383832,0.5529233484048652,0.5401108572324123,0.38018315568232997,-0.013910697861774457,-0.009831633044718124,-0.011923432510939858,-0.0133354410390083,0.0920882750337787,85.44566345214844
1016,2016-01-19,0.5575253630884772,0.5530802293749802,0.557839125028707,0.5505700141575899,0.369253865785918,0.017414505856064966,0.003451540936597053,0.004915776623841794,0.010459156925177626,-0.010929289896411953,85.98224639892578
1017,2016-01-20,0.5485304817490616,0.5420458156270364,0.5488442436892915,0.5369731181345624,0.4984837111544813,-0.008994881339415617,-0.011034413747943894,-0.008994881339415506,-0.013596896023027494,0.1292298453685633,84.2668228149414
1018,2016-01-21,0.5431440223163579,0.5370776921484666,0.5496286884383832,0.5293902453232155,0.4780063053595556,-0.005386459432703661,-0.004968123478569786,0.0007844447490916728,-0.007582872811346841,-0.020477405794925685,83.49446868896484
1019,2016-01-22,0.5419412017146148,0.5393787194395312,0.5433532102426836,0.5338353790367125,0.37287194114997746,-0.0012028206017431486,0.002301027291064628,-0.006275478195699624,0.004445133713496974,-0.10513436420957817,83.8521957397461
1020,2016-01-25,0.5361886733854706,0.5338353790367125,0.5407384210113891,0.5310637088353032,0.43987389280888756,-0.005752528329144191,-0.005543340402818675,-0.0026147892312944343,-0.0027716702014093375,0.0670019516589101,82.99040222167969
1021,2016-01-26,0.5347767047559193,0.5399539762622974,0.5438761601092389,0.534358328903268,0.3029875394084972,-0.0014119686295512857,0.006118597225584832,0.0031377390978497566,0.003294620067964771,-0.13688635340039035,83.94161224365234
1022,2016-01-27,0.5390126505430907,0.5402677382025272,0.5477983439561805,0.5372346130170987,0.2543912325476655,0.004235945787171347,0.0003137619402298064,0.0039221838469416515,0.002876284113830785,-0.04859630686083172,83.99039459228516
1023,2016-01-28,0.5427779534199174,0.5463340683704184,0.5481644128526211,0.5388557695729758,0.20888755442125806,0.0037653028768267482,0.006066330167891265,0.0003660688964405301,0.0016211565558770236,-0.04550367812640743,84.93346405029297
1024,2016-01-29,0.5505700141575899,0.5597740834233311,0.559930964393446,0.5489488576017129,0.32966521543311816,0.007792060737672468,0.013440015052912702,0.011766551540824954,0.010093088028737096,0.1207776610118601,87.02288055419922
1025,2016-02-01,0.5584666888076839,0.5596172024532162,0.561395239979208,0.5552243357974126,0.27680528449181807,0.007896674650094027,-0.0001568809701149032,0.0014642755857620093,0.006275478195699735,-0.05285993094130009,86.99848937988281
1026,2016-02-02,0.5517205278031222,0.5544921980045315,0.5566363443254811,0.5517205278031222,0.25975078816994446,-0.006746161004561713,-0.005125004448684689,-0.004758895653726891,-0.0035038079942903977,-0.017054496321873613,86.20172882080078
1027,2016-02-03,0.5561656615166193,0.5589896386742393,0.5622319916845107,0.5477460369999697,0.313016063654106,0.004445133713497085,0.004497440669707808,0.00559564735902951,-0.003974490803152486,0.053265275484161545,86.90092468261719
1028,2016-02-04,0.558309807837569,0.5621273777720891,0.5625457536247404,0.5574207491760558,0.24125506680678577,0.0021441463209497247,0.0031377390978497566,0.0003137619402296954,0.009674712176086064,-0.07176099684732024,87.38871765136719
1029,2016-02-05,0.5621273777720891,0.5558518995763895,0.5647944739595943,0.5543876239906275,0.4138417655006756,0.003817569934520093,-0.006275478195699624,0.002248720334853904,-0.0030331251854283092,0.17258669869388982,86.41313934326172
1030,2016-02-08,0.5500470642910344,0.5522434776696776,0.5543353170344166,0.5435100912127985,0.5118300555472152,-0.01208031348105465,-0.003608421906711845,-0.010459156925177626,-0.010877532777828991,0.09798829004653958,85.85215759277344
1031,2016-02-09,0.5436146652267027,0.5539169411817654,0.5550674548272977,0.5426733395074959,0.2977931241555322,-0.006432399064331795,0.0016734635120877472,0.0007321377928810602,-0.0008367517053026186,-0.21403693139168295,86.1123046875
1032,2016-02-10,0.5561656615166193,0.5528710414486545,0.5629641294773917,0.5522434776696776,0.23787719561627382,0.012550996289916627,-0.0010458997331108666,0.007896674650094027,0.009570138162181774,-0.059915928539258395,85.94970703125
1033,2016-02-11,0.5424641914796876,0.5426733395074959,0.5468047112807632,0.5390126505430907,0.3820147125056298,-0.013701470036931673,-0.010197701941158654,-0.016159418196628472,-0.013230827126586964,0.14413751688935597,84.36437225341797
1034,2016-02-12,0.5481644128526211,0.5621273777720891,0.5625980605809511,0.5448174858284456,0.31465245458639846,0.005700221372933467,0.019454038264593243,0.01579334930018783,0.0058048352853549146,-0.06736225791923134,87.38871765136719
1035,2016-02-16,0.5662064425891457,0.5614998538916296,0.5674092631908887,0.5575253630884772,0.34864134514337186,0.01804202973652458,-0.0006275238804595018,0.004811202609937615,0.012707877260031641,0.033988890556973406,87.29114532470703
1036,2016-02-17,0.5647944739595943,0.5709653781413898,0.5713837539940412,0.5628595155649702,0.2873142170845218,-0.0014119686295513967,0.009465524249760215,0.003974490803152486,0.005334152476492937,-0.061327128058850044,88.76265716552734
1037,2016-02-18,0.570076359378394,0.5692396076730913,0.5713314470378303,0.56782763904354,0.2519291397688035,0.005281885418799703,-0.001725770468298471,-5.23069562108347e-05,0.004968123478569786,-0.03538507731571833,88.494384765625
1038,2016-02-19,0.5677230251311186,0.565265116869939,0.568559776836421,0.5639054551965983,0.2525897012460592,-0.0023533342472753516,-0.003974490803152375,-0.0027716702014093375,-0.0039221838469416515,0.0006605614772556834,87.8764877319336
1039,2016-02-22,0.5722204658008263,0.5718543969043858,0.5727957226235925,0.5673569562346779,0.3423960366311365,0.004497440669707697,0.006589280034446809,0.004235945787171458,0.003451501038079563,0.08980633538507732,88.90088653564453
1040,2016-02-23,0.5681414009837698,0.5643238310492497,0.5690304197467658,0.5628595155649702,0.22865936045638793,-0.004079064817056555,-0.007530565855136118,-0.0037653028768266372,-0.004497440669707697,-0.11373667617474856,87.73016357421875
1041,2016-02-24,0.561133784995189,0.5673046891769845,0.5689781526890723,0.557839125028707,0.22847920732622728,-0.007007615988580795,0.0029808581277348534,-5.2267057693566876e-05,-0.005020390536263131,-0.0001801531301606485,88.1935806274414
1042,2016-02-25,0.5689258457328615,0.5714360210517345,0.5714360210517345,0.5659449876051266,0.20911274583395886,0.007792060737672579,0.0041313318747500105,0.0024578683626622633,0.008105862576419542,-0.019366461492268422,88.83584594726562
1043,2016-02-26,0.573161791520033,0.5672000752645631,0.574207731151661,0.5661018685752415,0.27138567782615225,0.004235945787171458,-0.004235945787171458,0.0027717100999264943,0.0001568809701149032,0.06227293199219339,88.17729949951172
1044,2016-02-29,0.5672000752645631,0.562284258742204,0.568559776836421,0.5616044279055337,0.4388229995496172,-0.005961716255469929,-0.004915816522359062,-0.005647954315240011,-0.004497440669707808,0.16743732172346493,87.4131088256836
1045,2016-03-01,0.5654743047962645,0.5759334617214422,0.5759334617214422,0.5650036618859199,0.24799579642696293,-0.001725770468298582,0.013649202979238217,0.0073736848850212144,0.003399233980386218,-0.19082720312265425,89.5350112915039
1046,2016-03-02,0.5755673928250018,0.5762995306178829,0.5775546581758365,0.5735801673726842,0.22834409247860682,0.010093088028737318,0.0003660688964406411,0.0016211964543942914,0.008576505486764363,-0.01965170394835611,89.59191131591797
1047,2016-03-03,0.5748352550321207,0.574207731151661,0.5767179064705341,0.5680890940275589,0.2731421708452184,-0.0007321377928810602,-0.002091799466221844,-0.0008367517053023965,-0.00549107334512533,0.04479807836661159,89.26673126220703
1048,2016-03-04,0.5772408563370894,0.577345470249511,0.578339063026411,0.570337814362413,0.20611019366461492,0.0024056013049686964,0.0031377390978499786,0.0016211565558769125,0.0022487203348541263,-0.0670319771806035,89.75453186035156
1049,2016-03-07,0.5753582048986762,0.5773977772057217,0.5778161131598556,0.5729526035937074,0.18420657558925085,-0.001882651438413263,5.2306956210723676e-05,-0.0005229498665554333,0.0026147892312943233,-0.021903618075364062,89.76264953613281
1050,2016-03-08,0.5724296537271519,0.579698764598269,0.5835163744313064,0.5724296537271519,0.2840264224590902,-0.0029285511715242407,0.002300987392547249,0.005700261271450846,-0.0005229498665554333,0.09981984686983936,90.6210479736328
1051,2016-03-09,0.5830979985786552,0.5822089798156592,0.5841438983117662,0.5795941905843648,0.2179852874943702,0.010668344851503253,0.0025102152173902548,0.0006275238804597238,0.007164536857212855,-0.06604113496472,91.013427734375
1052,2016-03-10,0.5818429109192188,0.5832548795487701,0.587595439248363,0.5782867959687176,0.25266476505029273,-0.0012550876594363825,0.0010458997331108666,0.003451540936596831,-0.0013073946156472172,0.03467947755592252,91.17694091796876
1053,2016-03-11,0.586706420485367,0.594289293296714,0.5944461742668289,0.5863926186466198,0.2970875243957364,0.0048635095661482275,0.011034413747943894,0.006850735018465892,0.008105822677902275,0.04442275934544365,92.9019012451172
1054,2016-03-14,0.5943416002529247,0.5900010405533318,0.5951260450020164,0.5871770633957117,0.26003603062603214,0.007635179767557676,-0.0042882527433821815,0.0006798707351874933,0.0007844447490918949,-0.037051493769704236,92.23153686523438
1055,2016-03-15,0.5869156084116927,0.5957535688824761,0.5981591701874448,0.5861311636626009,0.22945503678126408,-0.007425991841232049,0.005752528329144302,0.0030331251854284202,-0.0010458997331108666,-0.030580993844768062,93.13080596923828
1056,2016-03-16,0.5935571555038329,0.5997280596856284,0.601453830153927,0.5935571555038329,0.21152980033028074,0.006641547092140265,0.003974490803152264,0.0032946599664821496,0.007425991841232049,-0.017925236450983345,93.7520980834961
1057,2016-03-17,0.5999895545681648,0.6057420828973089,0.607520120423301,0.5984729720261919,0.22798378621828555,0.006432399064331906,0.0060140232116805414,0.006066290269373997,0.004915816522358951,0.016453985888004813,94.69225311279295
1058,2016-03-18,0.6065787947040941,0.6053760140008686,0.606631101660305,0.6004078905222988,0.786608617324726,0.0065892401359293196,-0.00036606889644030804,-0.0008890187629959634,0.001934918496106941,0.5586248311064405,94.63504028320312
1059,2016-03-21,0.6030749867098039,0.6067879826304199,0.6083045651723927,0.6030749867098039,0.18024320672571686,-0.0035038079942902867,0.0014119686295512857,0.0016734635120877472,0.002667096187505047,-0.6063654105990091,94.85575103759766
1060,2016-03-22,0.6063696067777686,0.6069448636005348,0.6107101664773615,0.6042255003553362,0.22945503678126408,0.003294620067964771,0.0001568809701149032,0.0024056013049688074,0.001150513645532314,0.04921183005554722,94.88027954101562
1061,2016-03-23,0.6074678533656075,0.6060558448375388,0.6090367029652738,0.6016630180802525,0.2189761297102537,0.001098246587838858,-0.0008890187629959634,-0.0016734635120877472,-0.0025624822750837106,-0.010478907071010374,94.7413101196289
1062,2016-03-24,0.6047484502218916,0.6034410556062444,0.6062127258076538,0.5996757527294178,0.22172346494520342,-0.0027194031437158817,-0.0026147892312944343,-0.00282397715761995,-0.0019872653508347105,0.002747335234949716,94.3325424194336
1063,2016-03-28,0.6072063584830711,0.6079384962759522,0.6087752479812547,0.6043823813254511,0.13283290797177602,0.002457908261179531,0.004497440669707808,0.0025625221736008674,0.004706628596033324,-0.0888905569734274,95.03559112548828
1064,2016-03-29,0.6077293083496266,0.6087752479812547,0.6111808492862236,0.605428281058562,0.18527248160936796,0.0005229498665554333,0.0008367517053025075,0.0024056013049689184,0.0010458997331108666,0.05243957363759194,95.16638946533205
1065,2016-03-30,0.6115991852403575,0.6141094004577478,0.6155213690872992,0.6103964045371317,0.1722864434769554,0.0038698768907309278,0.005334152476493048,0.004340519801075526,0.004968123478569786,-0.012986038132412558,96.00025177001952
1066,2016-03-31,0.6139002125314221,0.610344097580921,0.6150507261769544,0.6091935839353886,0.16685182405044288,0.002301027291064628,-0.0037653028768267482,-0.0004706429103447096,-0.0012028206017431486,-0.005434619426512521,95.41165161132812
1067,2016-04-01,0.6088275150389482,0.6139525194876329,0.6147369642367245,0.6061604587499603,0.22203873292298454,-0.005072697492473965,0.003608421906711845,-0.00031376194022991744,-0.0030331251854283092,0.05518690887254166,95.97573852539062
1068,2016-04-04,0.6152599141032801,0.6147892312944181,0.6185545341712447,0.6127496988858898,0.16455487164089477,0.006432399064331906,0.0008367118067852397,0.003817569934520204,0.006589240135929542,-0.057483861282089765,96.10652923583984
1069,2016-04-05,0.6122267490193344,0.6073109324969752,0.6162535068801801,0.6067356756742092,0.1824200570484912,-0.003033165083945688,-0.007478298797442884,-0.002301027291064628,-0.0060140232116806525,0.017865185407596434,94.9374771118164
1070,2016-04-06,0.6068925965428412,0.6062650327638645,0.6086183271126224,0.6011923352713905,0.2469148776459991,-0.005334152476493159,-0.0010458997331107556,-0.007635179767557676,-0.005543340402818675,0.06449482059750788,94.77399444580078
1071,2016-04-07,0.6044346882816618,0.5987867339664217,0.6044346882816618,0.5980545961735407,0.19426512535655308,-0.00245790826117942,-0.007478298797442773,-0.004183638830960623,-0.0031377390978497566,-0.05264975228944602,93.6049575805664
1072,2016-04-08,0.6003033165083945,0.6026043437994592,0.6066834086165158,0.6003033165083945,0.13616574087974778,-0.004131371773267278,0.003817609833037472,0.0022487203348540152,0.002248720334853793,-0.058099384476805294,94.20173645019533
1073,2016-04-11,0.6032318676799188,0.6002510095521838,0.6080953772460671,0.5999895545681648,0.17664014412250412,0.0029285511715242407,-0.0023533342472753516,0.0014119686295512857,-0.0003137619402296954,0.040474403242756335,93.83385467529295
1074,2016-04-12,0.6004078905222988,0.6023951558731335,0.602918105739689,0.5968517755717976,0.2626332382525146,-0.00282397715761995,0.0021441463209497247,-0.005177271506378145,-0.0031377789963672464,0.0859930941300105,94.16905212402344
1075,2016-04-13,0.6059512708236348,0.6064219137339794,0.6075724273795117,0.600669385404835,0.2227743582044738,0.005543380301335943,0.004026757860845831,0.004654321639822712,0.003817609833037472,-0.03985888004804081,94.79852294921876
1076,2016-04-14,0.6059512708236348,0.6032841746361295,0.6065787947040941,0.6019244730642715,0.23844768052844917,0.0,-0.0031377390978498676,-0.0009936326754175218,0.0012550876594364935,0.015673322323975364,94.30801391601562
1077,2016-04-15,0.6052714000884469,0.607833922262048,0.6098734546705764,0.6032318676799188,0.23278786968923584,-0.0006798707351878264,0.004549747625918532,0.0032946599664822607,0.0013073946156472172,-0.005659810839213325,95.01925659179688
1078,2016-04-18,0.607833922262048,0.6066834086165158,0.6083568721286033,0.60365024353257,0.35276985437621977,0.0025625221736010895,-0.001150513645532203,-0.001516582541973066,0.00041837585265125377,0.11998198468698393,94.83940887451172
1079,2016-04-19,0.6108670474474764,0.6080430702898564,0.6131157677823302,0.6071017445706497,0.18261522293949858,0.0030331251854284202,0.001359661673340562,0.004758895653726891,0.003451501038079674,-0.1701546314367212,95.05192565917967
1080,2016-04-20,0.6099257217282696,0.6055852019271941,0.6101872166108061,0.6021336609905972,0.2946404443777211,-0.0009413257192067981,-0.0024578683626622633,-0.0029285511715241297,-0.004968083580052518,0.1120252214382225,94.66773223876952
1081,2016-04-21,0.5832548795487701,0.5689258457328615,0.5876477462045738,0.5661018685752415,0.761702447080018,-0.026670842179499554,-0.03665935619433258,-0.022539470406232276,-0.0360317924153557,0.4670620027022969,88.93696594238281
1082,2016-04-22,0.5708608041274856,0.5796464576420582,0.5813722281103568,0.5705470022887386,0.30378321573337336,-0.012394075421284456,0.010720611909196709,-0.006275518094217003,0.004445133713497085,-0.45791923134664464,90.61288452148438
1083,2016-04-25,0.5781299149986027,0.5770316684107638,0.5786528648651582,0.5726911486096884,0.2225341540309263,0.007269110871117035,-0.0026147892312944343,-0.002719363245198614,0.0021441463209498357,-0.08124906170244706,90.20411682128906
1084,2016-04-26,0.5785482509527367,0.5750967499146571,0.5801171404509202,0.5729526035937074,0.2424410749136766,0.00041833595413398594,-0.001934918496106719,0.0014642755857620093,0.0002614549840189717,0.019906920882750312,89.90164184570312
1085,2016-04-27,0.5759334617214422,0.5727957226235925,0.5759334617214422,0.5693964886432061,0.3515988590301756,-0.0026147892312944343,-0.002301027291064628,-0.004183678729478002,-0.0035561149505012324,0.10915778411649901,89.54192352294922
1086,2016-04-28,0.568559776836421,0.5707038832588534,0.5745738000481018,0.5667294323542185,0.2174298153430416,-0.0073736848850212144,-0.002091839364739112,-0.001359661673340451,-0.002667056288987668,-0.13416904368713403,89.21493530273438
1087,2016-04-29,0.5698148644958575,0.5747306810182166,0.575881194663749,0.5674092631908887,0.25485662813391385,0.0012550876594364935,0.00402679775936321,0.0013073946156472172,0.0006798308366702255,0.03742681279087226,89.84442138671875
1088,2016-05-02,0.5753059378409828,0.5800125664370162,0.5818951779769121,0.5753059378409828,0.21226542561177,0.00549107334512533,0.005281885418799592,0.006013983313163163,0.007896674650094138,-0.04259120252214385,90.67008972167967
1089,2016-05-03,0.5735801673726842,0.5769794013530704,0.5788620527914837,0.5732664054324546,0.18863534003903318,-0.001725770468298582,-0.003033165083945799,-0.0030331251854284202,-0.0020395324085282773,-0.023630085572736825,90.1959457397461
1090,2016-05-04,0.5727434156673817,0.5738416622552206,0.5762472635601893,0.5683505889100954,0.20243206725716859,-0.0008367517053025075,-0.0031377390978497566,-0.0026147892312944343,-0.004915816522359173,0.013796727218135407,89.7054443359375
1091,2016-05-05,0.5772931632933003,0.5791758147317136,0.5813199610526634,0.5766655995143233,0.23870289746284343,0.004549747625918532,0.005334152476493048,0.005072697492474076,0.008315010604227902,0.03627083020567484,90.53929901123048
1092,2016-05-06,0.5778684201160664,0.5776069252335301,0.578339063026411,0.5738416622552206,0.19106740729620178,0.000575256822766157,-0.0015688894981835677,-0.0029808980262523432,-0.0028239372591026823,-0.04763549016664165,90.29405212402344
1093,2016-05-09,0.5758288877075382,0.5794895766719435,0.5807447042298971,0.5753059378409828,0.14146524545863984,-0.0020395324085282773,0.0018826514384133741,0.0024056412034860752,0.0014642755857622314,-0.04960216183756194,90.5883560180664
1094,2016-05-10,0.5804832093473608,0.587124756439501,0.5871770633957117,0.5791235077755028,0.19022669268878548,0.004654321639822601,0.007635179767557565,0.006432359165814638,0.003817569934519982,0.04876144723014564,91.78189849853516
1095,2016-05-11,0.5873339443658268,0.5855559068398347,0.5915699300515155,0.5851898379433942,0.22811890106590602,0.006850735018466003,-0.0015688495996662999,0.00439286665580374,0.006066330167891376,0.03789220837712054,91.5366668701172
1096,2016-05-12,0.586706420485367,0.5890597148341251,0.5911515541988641,0.5837778294153254,0.1913826752739829,-0.0006275238804597238,0.0035038079942903977,-0.0004183758526513648,-0.0014120085280687755,-0.03673622579192312,92.08438110351562
1097,2016-05-13,0.5900533475095424,0.5892165958042401,0.5909946732287493,0.5853467189135091,0.24143521993694642,0.0033469270241753835,0.00015688097011501423,-0.00015688097011479218,0.0015688894981836787,0.05005254466296352,92.10889434814452
1098,2016-05-16,0.5870724893818077,0.586967875469386,0.5902102284796574,0.5853990258697198,0.17339738777961267,-0.0029808581277347423,-0.0022487203348541263,-0.0007844447490918949,5.2306956210723676e-05,-0.06803783215733375,91.7573699951172
1099,2016-05-17,0.5861311636626009,0.5774500442634152,0.5870724893818077,0.5757765807513274,0.2237652004203573,-0.0009413257192067981,-0.009517831205970828,-0.0031377390978497566,-0.009622445118392386,0.050367812640744636,90.2695083618164
1100,2016-05-18,0.5766655995143233,0.5820520988455443,0.5851375309871835,0.5751490568708678,0.20217685032277435,-0.009465564148277594,0.004602054582129145,-0.0019349583946242088,-0.0006275238804596128,-0.021588350097582948,90.9889144897461
1101,2016-05-19,0.5780253010861813,0.5757765807513274,0.580326328377246,0.5745214930918909,0.24595406095180905,0.0013597015718580518,-0.006275518094216892,-0.004811202609937504,-0.0006275637789768806,0.043777210629034696,90.0079116821289
1102,2016-05-20,0.5791758147317136,0.5851375309871835,0.5881183891149184,0.5777638461021622,0.27110043537006456,0.001150513645532314,0.009360950235856036,0.007792060737672468,0.003242353010271315,0.025146374418255513,91.47127532958984
1103,2016-05-23,0.5841438983117662,0.582522741755889,0.586706420485367,0.5815814160366823,0.16674673472451584,0.004968083580052518,-0.0026147892312944343,-0.0014119686295513967,0.003817569934520093,-0.10435370064554872,91.06249237060548
1104,2016-05-24,0.5836732554014213,0.593243393563603,0.5935571555038329,0.5830979985786552,0.2081369163789221,-0.00047064291034482064,0.010720651807713977,0.006850735018465892,0.001516582541972844,0.04139018165440625,92.73838806152344
1105,2016-05-25,0.5949168570756909,0.5937663434301585,0.5981591701874448,0.5926681367408368,0.17718060351298603,0.011243601674269521,0.0005229498665555443,0.004602014683611877,0.009570138162181663,-0.03095631286593606,92.82013702392578
1106,2016-05-26,0.5934525814899287,0.5940801053703884,0.5949168570756909,0.5909946732287493,0.18093379372466598,-0.0014642755857621204,0.0003137619402298064,-0.003242313111753936,-0.0016734635120875252,0.003753190211679941,92.86919403076172
1107,2016-05-27,0.5941324123265991,0.597113270454334,0.5979499822611192,0.5938186503863692,0.15481158985137367,0.0006798308366703365,0.003033165083945688,0.0030331251854283092,0.002823977157619839,-0.02612220387329231,93.34336853027344
1108,2016-05-31,0.5973747653368704,0.5969040825280083,0.6014015231977161,0.5935048485476221,0.3206275334033929,0.003242353010271315,-0.0002091879263257379,0.003451540936596942,-0.00031380183874707424,0.16581594355201923,93.31065368652344
1109,2016-06-01,0.5948645501194801,0.6005647714924136,0.6007216923610459,0.5928773246671627,0.20999849872391532,-0.0025102152173902548,0.003660688964405301,-0.0006798308366702255,-0.0006275238804593908,-0.11062903467947757,93.88290405273438
1110,2016-06-02,0.6001464355382797,0.6007216923610459,0.60082626637495,0.5972701514244488,0.1697642996547065,0.005281885418799592,0.00015692086863228205,0.00010457401390406851,0.004392826757286139,-0.04023419906920883,93.90744018554688
1111,2016-06-03,0.5967995085141042,0.5994142977453987,0.6011923352713905,0.5924066418583006,0.16324876144723013,-0.0033469270241754945,-0.0013073946156472172,0.0003660688964405301,-0.0048635095661482275,-0.006515538207476357,93.70306396484376
1112,2016-06-06,0.6014015231977161,0.5978977152034257,0.6031272936660146,0.5967995085141042,0.2010508932592704,0.004602014683611877,-0.001516582541972955,0.0019349583946240978,0.004392866655803629,0.03780213181204026,93.46599578857422
1113,2016-06-07,0.5993619907891878,0.5992051098190729,0.601453830153927,0.5973747653368704,0.2835610268728419,-0.0020395324085282773,0.0013073946156472172,-0.0016734635120876362,0.000575256822766157,0.08251013361357151,93.67033386230467
1114,2016-06-08,0.5938186503863692,0.5973224583806597,0.5987867339664217,0.5938186503863692,0.19229845368563278,-0.005543340402818675,-0.001882651438413263,-0.002667096187505269,-0.0035561149505012324,-0.09126257318720912,93.92526245117188
1115,2016-06-09,0.5952829259721313,0.5973224583806597,0.5982114771436555,0.5937140364739478,0.1379372466596607,0.0014642755857621204,0.0,-0.000575256822766157,-0.00010461391242133633,-0.05436120702597208,93.92526245117188
1116,2016-06-10,0.5968517755717976,0.59517831205971,0.5983160910560771,0.5923543349020899,0.18069358955111844,0.0015688495996662999,-0.0021441463209497247,0.00010461391242155837,-0.0013597015718579408,0.042756342891457744,93.58811950683594
1117,2016-06-13,0.5941324123265991,0.5909423662725385,0.5991004959066516,0.5903671094497723,0.20468398138417654,-0.002719363245198503,-0.004235945787171458,0.000784404850574516,-0.0019872254523175537,0.023990391833058095,92.92205047607422
1118,2016-06-14,0.5915699300515155,0.5885890719237804,0.5922497608881857,0.5870201824255968,0.2297102537156583,-0.0025624822750835996,-0.0023532943487580837,-0.006850735018465892,-0.0033469270241754945,0.025026272331481775,92.55199432373048
1119,2016-06-15,0.5903148024935615,0.5847191551345323,0.591308435168979,0.5840916312540726,0.17633988890556973,-0.0012551275579539833,-0.0038699167892480846,-0.0009413257192066871,-0.0029285511715242407,-0.05337036481008858,91.9434814453125
1120,2016-06-16,0.5817382970067972,0.5896349716568913,0.5898441595832169,0.5804832093473608,0.1715958564780063,-0.008576505486764252,0.004915816522358951,-0.0014642755857621204,-0.003608421906711845,-0.004744032427563438,92.71644592285156
1121,2016-06-17,0.591308435168979,0.5849806500170686,0.5914653161390939,0.5822089798156592,0.31559825851974177,0.009570138162181774,-0.004654321639822712,0.0016211565558770236,0.001725770468298471,0.14400240204173548,91.9845962524414
1122,2016-06-20,0.5890074078779143,0.5889028338640102,0.5940277984141775,0.5883798839974549,0.17582945503678127,-0.002301027291064739,0.0039221838469416515,0.0025624822750835996,0.006170904181795667,-0.1397688034829605,92.6013412475586
1123,2016-06-21,0.5904717233621938,0.5894780906867764,0.5917268110216303,0.5881183891149184,0.15854976730220688,0.0014643154842794992,0.000575256822766157,-0.002300987392547249,-0.0002614948825364616,-0.01727968773457439,92.69181060791016
1124,2016-06-22,0.5904717233621938,0.5848237690469537,0.591308435168979,0.5842485122241875,0.23506980933793725,0.0,-0.004654321639822712,-0.00041837585265125377,-0.0038698768907309278,0.07652004203573037,91.9599151611328
1125,2016-06-23,0.5920928799180708,0.5953874999860356,0.5956489948685719,0.588484458011359,0.17001951658910072,0.0016211565558770236,0.010563730939081917,0.004340559699592905,0.004235945787171458,-0.06505029274883653,93.62100982666016
1126,2016-06-24,0.5716452089780601,0.5805877833612649,0.5879092011885929,0.5710176850976004,0.3639093229244858,-0.020447670940010654,-0.014799716624770642,-0.007739793679979012,-0.017466772913758533,0.19388980633538508,91.29381561279295
1127,2016-06-27,0.5777115391459515,0.5770839753669746,0.5795941905843648,0.5717498228904815,0.2805734874643447,0.006066330167891376,-0.0035038079942902867,-0.008315010604228124,0.0007321377928810602,-0.08333583546014112,90.7428970336914
1128,2016-06-28,0.5850329569732794,0.5968517755717976,0.5969563894842191,0.580901585200012,0.3096532052244408,0.00732141782732787,0.01976780020482294,0.017362198899854353,0.00915176230953052,0.029079717760096102,93.85124969482422
1129,2016-06-29,0.6007739594187391,0.6108670474474764,0.6110762353738021,0.599937247611954,0.32891457739078217,0.01574100244545973,0.014015271875678859,0.014119845889582927,0.01903566241194199,0.019261372166341384,96.0550765991211
1130,2016-06-30,0.6113900372125491,0.6225290249743971,0.6225813319306078,0.6109716613598978,0.38797477856177753,0.01061607779381002,0.011661977526920664,0.01150509655680576,0.011034413747943783,0.05906020117099536,97.88883209228516
1131,2016-07-01,0.6221106491217459,0.6215353922989797,0.623888726546255,0.6182930791872258,0.20318270529950458,0.010720611909196709,-0.0009936326754174107,0.0013073946156472172,0.007321417827327981,-0.18479207326227295,97.73262786865234
1132,2016-07-05,0.6183976532011298,0.6206463735359837,0.6225290249743971,0.6171948325993868,0.21109443026572586,-0.0037129959206160246,-0.0008890187629959634,-0.0013597015718579408,-0.0010982465878389691,0.007911724966221279,97.59281158447266
1133,2016-07-06,0.6190774840378,0.6210647493886351,0.6221629560779566,0.617351753468019,0.20423359855877496,0.0006798308366702255,0.0004183758526513648,-0.0003660688964405301,0.00015692086863217103,-0.006860831706950898,97.65862274169922
1134,2016-07-07,0.620750947549888,0.614527776310399,0.6212216303587499,0.6121221750054301,0.18572286443476954,0.0016734635120879693,-0.006536973078236086,-0.0009413257192066871,-0.005229578462588869,-0.018510734124005418,96.63069915771484
1135,2016-07-08,0.6191820979502216,0.6175086344381339,0.6193389789203365,0.6147369642367245,0.1797477856177751,-0.001568849599666411,0.0029808581277348534,-0.0018826514384133741,0.0026147892312944343,-0.005975078816994439,97.09942626953124
1136,2016-07-11,0.6187637220975704,0.6177178223644596,0.6195481668466621,0.616619615675138,0.15305509683230747,-0.00041837585265125377,0.0002091879263257379,0.00020918792632562688,0.0018826514384134851,-0.026692688785467628,97.13231658935548
1137,2016-07-12,0.6191820979502216,0.6175609014958273,0.621796887181516,0.6153644881171842,0.18030325776910375,0.00041837585265125377,-0.00015692086863228205,0.002248720334853904,-0.0012551275579537613,0.027248160936796273,97.10762786865234
1138,2016-07-13,0.6188682961114745,0.6170902585854826,0.6198096218306812,0.616881070659157,0.18492718810989342,-0.00031380183874707424,-0.0004706429103447096,-0.0019872653508348215,0.001516582541972733,0.004623930340789673,97.03363037109376
1139,2016-07-14,0.6223198370480715,0.6209601354762134,0.6227382129007227,0.6190774840378,0.163684131511785,0.003451540936596942,0.0038698768907308168,0.0029285910700415085,0.0021964133786430695,-0.021243056598108406,97.64215087890624
1140,2016-07-15,0.6230519748409525,0.6204371856096581,0.6233134697234889,0.6190774840378,0.2322173847770605,0.0007321377928810602,-0.0005229498665553223,0.000575256822766157,0.0,0.06853325326527548,97.5599136352539
1141,2016-07-18,0.6196527408605662,0.6138479055752113,0.6215876992551904,0.6137433315613072,0.30583996396937396,-0.003399233980386329,-0.006589280034446809,-0.001725770468298471,-0.005334152476492826,0.07362257919231346,96.52381134033205
1142,2016-07-19,0.6114946112264533,0.6121221750054301,0.6135341436349816,0.6095596528318292,0.20783666116198768,-0.008158129634112887,-0.001725730569781203,-0.008053555620208819,-0.004183678729478002,-0.09800330280738628,96.25244903564452
1143,2016-07-20,0.6142139744716519,0.6119129870791046,0.6152599141032801,0.6115469181826639,0.24951208527248162,0.002719363245198614,-0.00020918792632551586,0.001725770468298471,0.0019872653508347105,0.041675424110493936,96.21954345703124
1144,2016-07-21,0.6086706340688333,0.6103964045371317,0.6111808492862236,0.6014015231977161,0.27018465695841465,-0.005543340402818675,-0.001516582541972844,-0.004079064817056444,-0.01014539498494782,0.020672571685933033,95.98109436035156
1145,2016-07-22,0.6103964045371317,0.6126451248719856,0.6150507261769544,0.6059512708236348,0.16033628584296652,0.001725770468298471,0.002248720334853904,0.0038698768907308168,0.004549747625918643,-0.10984837111544812,96.33468627929688
1146,2016-07-25,0.6118606801228939,0.6142139744716519,0.6146323503243031,0.6090890099214845,0.18998648851523794,0.0014642755857621204,0.0015688495996662999,-0.0004183758526513648,0.0031377390978497566,0.02965020267227142,96.58138275146484
1147,2016-07-26,0.6155736760435098,0.6152599141032801,0.617770089422153,0.6118606801228939,0.20388830505930042,0.0037129959206159135,0.0010459396316281344,0.0031377390978498676,0.0027716702014093375,0.013901816544062473,96.745849609375
1148,2016-07-27,0.6125928179157749,0.6088798219951589,0.6144754693541883,0.6076247343357223,0.296787269178802,-0.0029808581277348534,-0.0063800921081211825,-0.0032946200679646598,-0.004235945787171569,0.09289896411950158,95.74261474609376
1149,2016-07-28,0.6096642667442506,0.6150507261769544,0.615416795073395,0.6077293083496266,0.1904068458189461,-0.0029285511715243517,0.006170904181795556,0.0009413257192066871,0.00010457401390429055,-0.1063804233598559,96.71295166015624
1150,2016-07-29,0.6136387176488857,0.6077816153058373,0.615416795073395,0.6073109324969752,0.32564179552619726,0.003974450904635107,-0.007269110871117146,0.0,-0.0004183758526513648,0.13523494970725117,95.56991577148438
1151,2016-08-01,0.607990803232163,0.6108670474474764,0.6113377302563384,0.606631101660305,0.22645248461192014,-0.0056479144167226325,0.003085432141639144,-0.004079064817056555,-0.0006798308366702255,-0.09918931091427713,96.0550765991211
1152,2016-08-02,0.610344097580921,0.6120175610930088,0.6126974318281964,0.6092981978478103,0.16608617324726016,0.0023532943487579727,0.001150513645532314,0.0013597015718579408,0.002667096187505269,-0.060366311364659975,96.23600006103516
1153,2016-08-03,0.613324955708656,0.6169856845715785,0.6170379516292719,0.6125405109595641,0.20085572736826302,0.0029808581277349644,0.004968123478569786,0.004340519801075526,0.003242313111753825,0.034769554121002855,97.0171890258789
1154,2016-08-04,0.617613208452038,0.6164626948065057,0.6194435529342408,0.6144754693541883,0.2860081068908572,0.0042882527433820705,-0.0005229897650728121,0.0024056013049689184,0.0019349583946242088,0.08515237952259419,96.93495178222656
1155,2016-08-05,0.6192344049064324,0.6201234236694283,0.6210647493886351,0.616881070659157,0.18555772406545565,0.0016211964543944024,0.0036607288629225687,0.0016211964543942914,0.0024056013049686964,-0.10045038282540156,97.51056671142578
1156,2016-08-08,0.6192866719641259,0.6178747033345744,0.6215353922989797,0.6155213690872992,0.18413151178501727,5.2267057693455854e-05,-0.002248720334853904,0.0004706429103445986,-0.0013597015718578298,-0.001426212280438377,97.1570053100586
1157,2016-08-09,0.6186591480836662,0.6180315843046893,0.619861928786892,0.6175609014958273,0.14662963518991143,-0.0006275238804597238,0.0001568809701149032,-0.0016734635120877472,0.0020395324085281663,-0.03750187659510584,97.1816635131836
1158,2016-08-10,0.6168287637029464,0.6182930791872258,0.618972910023896,0.6161489328662759,0.1431767001951659,-0.0018303843807198072,0.0002614948825364616,-0.0008890187629959634,-0.0014119686295513967,-0.003452934994745527,97.2227554321289
1159,2016-08-11,0.620750947549888,0.6202279976833325,0.621796887181516,0.6190252169801068,0.14816093679627684,0.0039221838469416515,0.001934918496106719,0.002823977157620061,0.002876284113830896,0.004984236601110942,97.52704620361328
1160,2016-08-12,0.6201234236694283,0.6197573547729879,0.6215876992551904,0.6190252169801068,0.12245909022669269,-0.0006275238804597238,-0.0004706429103445986,-0.00020918792632562688,0.0,-0.025701846569584158,97.4530029296875
1161,2016-08-15,0.6201234236694283,0.6189206030676853,0.6210124424324243,0.6175086344381339,0.15458639843867286,0.0,-0.0008367517053026186,-0.000575256822766157,-0.001516582541972955,0.03212730821198018,97.32145690917967
1162,2016-08-16,0.6167764966452528,0.6117561061089897,0.6193912858765472,0.6117561061089897,0.16556072661762497,-0.0033469270241754945,-0.0071644969586955876,-0.0016211565558770236,-0.005752528329144191,0.010974328178952109,96.19488525390624
1163,2016-08-17,0.6123836299894493,0.614057093501537,0.6151553001908585,0.6098211477143656,0.18372616724215582,-0.004392866655803518,0.00230098739254736,-0.004235985685688726,-0.0019349583946240978,0.01816544062453085,96.55671691894533
1164,2016-08-18,0.613795638517518,0.6161489328662759,0.6161489328662759,0.6121221750054301,0.1908572286443477,0.0014120085280686645,0.00209183936473889,0.0009936326754174107,0.002301027291064517,0.007131061402191885,96.88561248779295
1165,2016-08-19,0.6138479055752113,0.6143185883840734,0.6150507261769544,0.6117561061089897,0.16643146674673473,5.226705769334483e-05,-0.0018303444822025394,-0.0010982066893214792,-0.00036606889644041907,-0.024425761897612974,96.5978012084961
1166,2016-08-22,0.6139525194876329,0.6115991852403575,0.6139525194876329,0.608252258216182,0.17071010358804983,0.00010461391242155837,-0.0027194031437158817,-0.0010982066893215903,-0.0035038478928076655,0.004278636841315103,96.1702117919922
1167,2016-08-23,0.613324955708656,0.6099257217282696,0.6155213690872992,0.6098211477143656,0.1307611469749287,-0.0006275637789768806,-0.0016734635120878583,0.0015688495996662999,0.0015688894981835677,-0.039948956613121145,95.90707397460938
1168,2016-08-24,0.6100826425969019,0.61243593694566,0.6131157677823302,0.6064742206901901,0.15222939498573787,-0.003242313111754047,0.002510215217390366,-0.0024056013049689184,-0.0033469270241754945,0.021468248010809182,96.30177307128906
1169,2016-08-25,0.6125405109595641,0.6157828639698354,0.617351753468019,0.6117561061089897,0.12357003452934995,0.0024578683626621523,0.0033469270241753835,0.004235985685688726,0.005281885418799592,-0.028659360456387922,96.8280792236328
1170,2016-08-26,0.6174563274819231,0.6125928179157749,0.6212739373149606,0.6099780286844805,0.23705149376970425,0.004915816522359062,-0.0031900460540604803,0.0039221838469416515,-0.0017780774245091946,0.1134814592403543,96.32644653320312
1171,2016-08-29,0.6151553001908585,0.6196004738028729,0.6208555614623094,0.6144231623979775,0.19183305809938447,-0.002301027291064628,0.007007655887097952,-0.00041837585265125377,0.004445133713496974,-0.04521843567031977,97.42837524414062
1172,2016-08-30,0.6196004738028729,0.6195481668466621,0.6228427869146269,0.6126974318281964,0.222549166791773,0.004445173612014353,-5.2306956210723676e-05,0.0019872254523175537,-0.001725730569781092,0.030716108692388527,97.42013549804688
1173,2016-08-31,0.6181884652748042,0.6208032545060986,0.6225813319306078,0.6171948325993868,0.23864284641945654,-0.0014120085280686645,0.0012550876594364935,-0.00026145498401908274,0.00449740077119043,0.016093679627683544,97.61748504638672
1174,2016-09-01,0.621796887181516,0.6189206030676853,0.621796887181516,0.6153644881171842,0.21956162738327578,0.003608421906711845,-0.0018826514384133741,-0.0007844447490917839,-0.0018303444822025394,-0.019081219036180763,97.32145690917967
1175,2016-09-02,0.6174040205257125,0.621483085342769,0.6239933005601592,0.6174040205257125,0.163684131511785,-0.004392866655803518,0.0025624822750837106,0.0021964133786431805,0.0020395324085282773,-0.05587749587149077,97.72439575195312
1176,2016-09-06,0.6198096218306812,0.6238364195900443,0.6239409936039486,0.6191297909940109,0.17360756643146674,0.0024056013049686964,0.0023533342472753516,-5.2306956210612654e-05,0.00172577046829836,0.009923434919681728,98.09442901611328
1177,2016-09-07,0.6196527408605662,0.6206463735359837,0.6216400062114013,0.6183976532011298,0.17258669869388982,-0.00015688097011501423,-0.0031900460540605913,-0.00230098739254736,-0.0007321377928810602,-0.0010208677375769248,98.14404296875
1178,2016-09-08,0.6172994465118082,0.6113377302563384,0.6188682961114745,0.6112854233001277,0.23795225942050743,-0.0023532943487579727,-0.009308643279645312,-0.0027717100999267164,-0.007112229901002132,0.06536556072661762,96.67205047607422
1179,2016-09-09,0.6086183271126224,0.5984729720261919,0.6086183271126224,0.5983683581137705,0.3018916078666867,-0.00868111939918581,-0.012864758230146545,-0.01024996899885211,-0.012917065186357157,0.06393934844617924,94.63773345947266
1180,2016-09-12,0.5968517755717976,0.6041208864429147,0.6053237070446578,0.5946030552369438,0.3518690887254166,-0.011766551540824843,0.0056479144167228545,-0.0032946200679646598,-0.0037653028768267482,0.04997748085872994,95.53084564208984
1181,2016-09-13,0.5980545961735407,0.5975316463069853,0.6004078905222988,0.595910449852591,0.24982735325026273,0.0012028206017431486,-0.006589240135929431,-0.004915816522358951,0.0013073946156472172,-0.10204173547515388,94.48886108398438
1182,2016-09-14,0.5982114771436555,0.5946553621931545,0.5987867339664217,0.5934525814899287,0.24202071760996846,0.00015688097011479218,-0.002876284113830785,-0.0016211565558771346,-0.0024578683626622633,-0.007806635640294268,94.0340576171875
1183,2016-09-15,0.593400274533718,0.6010877612574863,0.6025520368432484,0.593400274533718,0.2080018015313016,-0.004811202609937504,0.006432399064331795,0.0037653028768267482,-5.2306956210723676e-05,-0.03401891607866686,95.0512237548828
1184,2016-09-16,0.5988390409226325,0.5996757527294178,0.6019244730642715,0.5940801053703884,0.5254166041134964,0.0054387663889144955,-0.0014120085280685535,-0.0006275637789768806,0.0006798308366703365,0.31741480258219484,94.82793426513672
1185,2016-09-19,0.6020813540343863,0.6018721661080608,0.606631101660305,0.5983683581137705,0.18420657558925085,0.003242313111753825,0.0021964133786430695,0.004706628596033435,0.0042882527433821815,-0.3412100285242456,95.17523193359376
1186,2016-09-20,0.6059512708236348,0.6003033165083945,0.6062127258076538,0.599937247611954,0.16225791923134664,0.0038699167892484176,-0.0015688495996662999,-0.00041837585265114274,0.0015688894981834567,-0.021948656357904217,94.92717742919922
1187,2016-09-21,0.60082626637495,0.6062650327638645,0.6065265276464008,0.5993096838329771,0.22468097883200722,-0.0051250044486848,0.005961716255469929,0.0003138018387469632,-0.0006275637789768806,0.06242305960066058,95.86993408203124
1188,2016-09-22,0.6088275150389482,0.6104487114933425,0.6117561061089897,0.6073109324969752,0.1661912625731872,0.008001248663998206,0.004183678729478002,0.005229578462588869,0.008001248663998095,-0.05848971625882002,96.53147888183594
1189,2016-09-23,0.6099257217282696,0.6030226797535932,0.6101872166108061,0.6030226797535932,0.17131061402191863,0.0010982066893214792,-0.007426031739749206,-0.0015688894981835677,-0.0042882527433819595,0.005119351448731435,95.35717010498048
1190,2016-09-26,0.6017675920941566,0.5958581827948974,0.6017675920941566,0.5949691241333842,0.24290647049992495,-0.008158129634112998,-0.00716449695869581,-0.00841962451664946,-0.00805355562020904,0.07159585647800631,94.22425079345705
1191,2016-09-27,0.5955966879123612,0.5983160910560771,0.6003556234646052,0.5948122431632693,0.26401441225041283,-0.006170904181795445,0.002457908261179642,-0.0014119686295513967,-0.0001568809701149032,0.021107941750487885,94.61292266845705
1192,2016-09-28,0.5998326336995327,0.601453830153927,0.6018721661080608,0.597113270454334,0.12940999849872392,0.004235945787171458,0.0031377390978498676,0.0015165426434555762,0.002301027291064739,-0.1346044137516889,95.10907745361328
1193,2016-09-29,0.6004078905222988,0.595492113898457,0.601715285137946,0.594289293296714,0.18204473802732324,0.000575256822766157,-0.005961716255469929,-0.00015688097011479218,-0.002823977157620061,0.05263473952859932,94.16635131835938
1194,2016-09-30,0.597113270454334,0.599048228848958,0.601715285137946,0.597113270454334,0.20435370064554872,-0.003294620067964771,0.0035561149505010103,0.0,0.002823977157620061,0.022308962618225486,94.72868347167967
1195,2016-10-03,0.5975839133646786,0.5909423662725385,0.5983683581137705,0.5888505269077995,0.18534754541360157,0.0004706429103445986,-0.008105862576419542,-0.0033469270241754945,-0.008262743546534557,-0.019006155231947153,93.44688415527344
1196,2016-10-04,0.5925635228284155,0.5873862513220374,0.5925635228284155,0.5818951779769121,0.230100585497673,-0.005020390536263131,-0.0035561149505011214,-0.005804835285355026,-0.0069553489308873395,0.04475304008407144,92.88455963134766
1197,2016-10-05,0.5906286043323086,0.5914653161390939,0.5936094624600438,0.5882752700850332,0.16494520342290947,-0.001934918496106941,0.004079064817056555,0.0010459396316282454,0.0063800921081210715,-0.06515538207476354,93.52957916259766
1198,2016-10-06,0.5919359989479558,0.5918836919917452,0.5931910866073924,0.5862880446327158,0.20060051043386878,0.0013073946156472172,0.00041837585265125377,-0.0004183758526513648,-0.0019872254523174426,0.035655307010959314,93.5957489013672
1199,2016-10-07,0.5949691241333842,0.5989436149365366,0.6006170784486243,0.593661729517737,0.24087974778561777,0.0030331251854284202,0.007059922944791408,0.007425991841231938,0.0073736848850212144,0.04027923735174899,94.712158203125
1200,2016-10-10,0.6010877612574863,0.6021336609905972,0.6038594314588956,0.599466564803092,0.1206425461642396,0.0061186371241021,0.0031900460540605913,0.003242353010271315,0.005804835285355026,-0.12023720162137817,95.2165985107422
1201,2016-10-11,0.5986821599525176,0.5961719447351274,0.6007216923610459,0.5944461742668289,0.17725566731721965,-0.0024056013049686964,-0.005961716255469818,-0.0031377390978497566,-0.005020390536263131,0.05661312115298005,94.2738265991211
1202,2016-10-12,0.5957535688824761,0.6032318676799188,0.6041731933991255,0.594759976105576,0.22040234199069209,-0.0029285910700415085,0.007059922944791408,0.003451501038079563,0.00031380183874707424,0.04314667467347244,95.39026641845705
1203,2016-10-13,0.6013492162415053,0.601715285137946,0.6030226797535932,0.5969563894842191,0.18573787719561627,0.005595647359029177,-0.001516582541972733,-0.001150513645532203,0.0021964133786431805,-0.03466446479507582,95.15044403076172
1204,2016-10-14,0.6057943499550025,0.6018198990503674,0.6076770013934158,0.6018198990503674,0.20276234799579643,0.004445133713497196,0.00010461391242133633,0.004654321639822601,0.0048635095661482275,0.017024470800180158,95.16698455810548
1205,2016-10-17,0.6014015231977161,0.6012969491838119,0.60365024353257,0.599937247611954,0.20267227143071612,-0.004392826757286361,-0.0005229498665554333,-0.004026757860845831,-0.0018826514384133741,-9.007656508031037e-05,95.08429718017578
1206,2016-10-18,0.607363239453186,0.6023428489169228,0.6076247343357223,0.6013492162415053,0.2182855427113046,0.005961716255469929,0.0010458997331108666,0.003974490803152264,0.0014119686295512857,0.015613271280588481,95.24969482421876
1207,2016-10-19,0.6048530641343131,0.607833922262048,0.6113900372125491,0.6020290869766931,0.4096682179852875,-0.002510175318872987,0.005491073345125219,0.0037653028768268593,0.0006798707351878264,0.19138267527398292,96.11797332763672
1208,2016-10-20,0.5900533475095424,0.5727434156673817,0.5936094624600438,0.5713314470378303,0.6915628284041435,-0.014799716624770642,-0.03509050659466628,-0.017780574752505385,-0.030697639938862764,0.281894610418856,90.56905364990234
1209,2016-10-21,0.5675661441610036,0.5666248184417969,0.5711745660677154,0.5588327577041244,0.5657258669869389,-0.02248720334853882,-0.006118597225584832,-0.02243489639232832,-0.012498689333705904,-0.12583696141720457,89.60150146484375
1210,2016-10-24,0.5705470022887386,0.5703901213186237,0.5725342676395734,0.5691350336591872,0.3790421858579793,0.0029808581277349644,0.0037653028768267482,0.0013597015718579408,0.010302275955062723,-0.18668368112895967,90.19694519042967
1211,2016-10-25,0.5719067038605965,0.570180933392298,0.5747306810182166,0.5688212318204401,0.38579792823900316,0.0013597015718579408,-0.00020918792632562688,0.0021964133786431805,-0.00031380183874707424,0.006755742381023888,90.1638412475586
1212,2016-10-26,0.5686120837926317,0.5690827267029764,0.5717498228904815,0.5650036618859199,0.3970274733523495,-0.003294620067964771,-0.0010982066893215903,-0.0029808581277350754,-0.003817569934520204,0.01122954511334634,89.99019622802734
1213,2016-10-27,0.5716975159342709,0.5648990479734984,0.5716975159342709,0.5646375929894794,0.38222489115748387,0.003085432141639144,-0.004183678729478002,-5.2306956210612654e-05,-0.0003660688964405301,-0.014802582194865632,89.32861328125
1214,2016-10-28,0.5679322130574441,0.5670431942944482,0.570180933392298,0.5626503276386445,0.3370514937697042,-0.0037653028768267482,0.0021441463209497247,-0.001516582541972844,-0.0019872653508348215,-0.045173397387779646,89.66767883300781
1215,2016-10-31,0.5696579835257426,0.5657357996788009,0.5701286264360873,0.5641669101806174,0.3245909022669269,0.001725770468298471,-0.0013073946156472172,-5.2306956210723676e-05,0.001516582541972844,-0.01246059150277734,89.46092224121094
1216,2016-11-01,0.5679322130574441,0.555590404693853,0.5679322130574441,0.5544398910483208,0.3850172646749737,-0.001725770468298471,-0.01014539498494793,-0.0021964133786431805,-0.009727019132296566,0.06042636240804683,87.85662841796875
1217,2016-11-02,0.5557995926201788,0.5523480915820992,0.5574207491760558,0.5509360830540304,0.25800930791172494,-0.012132620437265373,-0.003242313111753825,-0.01051146388138835,-0.0035038079942903977,-0.12700795676324877,87.3438949584961
1218,2016-11-03,0.5544398910483208,0.5528710414486545,0.5567932252955962,0.5518774087732371,0.25388079867887703,-0.0013597015718579408,0.0005229498665553223,-0.0006275238804596128,0.0009413257192066871,-0.00412850923284791,87.4266128540039
1219,2016-11-04,0.5547013859308572,0.5473799681035294,0.5547013859308572,0.5468570182369739,0.2799729770304759,0.00026149488253635056,-0.005491073345125108,-0.002091839364739001,-0.005020390536263242,0.026092178351598883,86.55827331542969
1220,2016-11-07,0.5554858306799489,0.5509883900102411,0.5554858306799489,0.5486873627191766,0.27086023119651703,0.0007844447490917839,0.003608421906711734,0.0007844447490917839,0.0018303444822027615,-0.00911274583395888,87.12887573242188
1221,2016-11-08,0.5513544589066817,0.5648467809158051,0.5656312256648969,0.5499424902771303,0.3126557573937847,-0.004131371773267278,0.013858390905563955,0.01014539498494793,0.0012551275579536503,0.041795526197267674,89.32035064697266
1222,2016-11-09,0.5409998759954082,0.5592511335567756,0.562284258742204,0.5409998759954082,0.5497973277285693,-0.010354582911273447,-0.00559564735902951,-0.0033469669226928733,-0.00894261428172205,0.23714157033478456,88.43549346923828
1223,2016-11-10,0.561133784995189,0.5732664054324546,0.5741554241954504,0.5576822440585921,0.41268578291547814,0.020133908999780736,0.01401527187567897,0.011871165453246402,0.016682368063183906,-0.13711154481309112,90.65176391601562
1224,2016-11-11,0.5725342676395734,0.5767179064705341,0.5782867959687176,0.5705470022887386,0.2945954060951809,0.011400482644384424,0.003451501038079563,0.004131371773267167,0.012864758230146434,-0.11809037682029722,91.1975326538086
1225,2016-11-14,0.5792803887456177,0.5866541135291563,0.5870201824255968,0.5786528648651582,0.48342591202522145,0.006746121106044334,0.009936207058622193,0.008733386456879266,0.008105862576419653,0.18883050593004053,92.76876831054688
1226,2016-11-15,0.5856082137960454,0.5849283430608578,0.5858696687800645,0.5823658607857741,0.2738177450833208,0.006327825050427727,-0.001725770468298471,-0.001150513645532314,0.0037129959206159135,-0.20960816694190065,92.4958953857422
1227,2016-11-16,0.582836503696119,0.5823135538295634,0.5834117605188851,0.5789143198491773,0.2578141420207176,-0.0027717100999264943,-0.0026147892312944343,-0.00245790826117942,-0.003451540936596831,-0.016003603062603178,92.08240509033205
1228,2016-11-17,0.580326328377246,0.5814245350665674,0.5829934245647511,0.577345470249511,0.22603212730821198,-0.002510175318872987,-0.0008890187629959634,-0.00041833595413398594,-0.0015688495996662999,-0.031782014712505635,91.94181060791016
1229,2016-11-18,0.581790603963008,0.5847714620907429,0.5863403515889266,0.5795418836281541,0.25791923134664463,0.0014642755857620093,0.0033469270241754945,0.0033469270241754945,0.0021964133786430695,0.031887104038432645,92.47110748291016
1230,2016-11-21,0.5857650947661605,0.5848760361046471,0.5874908253359415,0.581790603963008,0.20840714607416305,0.003974490803152486,0.00010457401390417953,0.001150473747014935,0.002248720334853904,-0.049512085272481576,92.48760223388672
1231,2016-11-22,0.5853990258697198,0.5878046271746886,0.588955140820221,0.5848237690469537,0.2473652604714007,-0.0003660688964406411,0.0029285910700415085,0.0014643154842794992,0.003033165083945688,0.03895811439723765,92.95071411132812
1232,2016-11-23,0.5892165958042401,0.591308435168979,0.5921451868742815,0.5880138151010142,0.15081819546614622,0.003817569934520315,0.0035038079942903977,0.0031900460540604803,0.0031900460540605913,-0.09654706500525448,93.50477600097656
1233,2016-11-25,0.593400274533718,0.5932956606212966,0.5955443809561504,0.5914653161390939,0.10303257769103738,0.004183678729477891,0.0019872254523175537,0.0033991940818688393,0.003451501038079674,-0.04778561777510884,93.81903076171876
1234,2016-11-28,0.5927727107547411,0.59517831205971,0.5974270323945637,0.5927727107547411,0.22028223990391832,-0.0006275637789768806,0.0018826514384133741,0.0018826514384133741,0.0013073946156472172,0.11724966221288094,94.11673736572266
1235,2016-11-29,0.5956489948685719,0.5946030552369438,0.5967995085141042,0.5935571555038329,0.26773757694039935,0.002876284113830785,-0.000575256822766157,-0.0006275238804595018,0.0007844447490917839,0.04745533703648103,94.02578735351562
1236,2016-11-30,0.5941324123265991,0.5927727107547411,0.5962242516913381,0.5918836919917452,0.41381173997898213,-0.001516582541972844,-0.0018303444822026504,-0.000575256822766157,-0.0016734635120877472,0.14607416303858278,93.736328125
1237,2016-12-01,0.5973224583806597,0.6035456695186658,0.6041208864429147,0.5953874999860356,0.35242456087674523,0.0031900460540605913,0.0107729587639247,0.007896634751576648,0.0035038079942903977,-0.0613871791022369,95.4398956298828
1238,2016-12-02,0.6011400283151799,0.6048007571781023,0.6064219137339794,0.600669385404835,0.28303558024320674,0.003817569934520204,0.0012550876594364935,0.002301027291064628,0.005281885418799481,-0.06938898063353849,95.63835906982422
1239,2016-12-05,0.6068925965428412,0.6059512708236348,0.6073109324969752,0.6003556234646052,0.3064855126857829,0.005752568227661348,0.001150513645532425,0.0008890187629958524,-0.0003137619402298064,0.02344993244257615,95.82029724121094
1240,2016-12-06,0.6086706340688333,0.6109716613598978,0.6111808492862236,0.6055852019271941,0.2680978832007206,0.0017780375259920378,0.00502039053626302,0.0038699167892484176,0.005229578462588869,-0.0383876294850623,96.61418151855467
1241,2016-12-07,0.6091413168776952,0.6170379516292719,0.618972910023896,0.6077816153058373,0.34781564329680226,0.00047068280886197744,0.006066290269374108,0.007792060737672357,0.0021964133786431805,0.07971776009608167,98.13623809814452
1242,2016-12-08,0.6190774840378,0.6190774840378,0.6236795386199295,0.6179792773484787,0.30719111244557873,0.009936167160104814,0.0020395324085281663,0.004706628596033546,0.010197662042641387,-0.04062453085122353,98.46060943603516
1243,2016-12-09,0.620750947549888,0.6233134697234889,0.6233134697234889,0.6164104277488124,0.3210929289896412,0.0016734635120879693,0.004235985685688837,-0.0003660688964406411,-0.0015688495996662999,0.013901816544062473,99.13434600830078
1244,2016-12-12,0.6268695846739901,0.6323083510629045,0.6327266870170384,0.6252483882195957,0.28387629485062305,0.0061186371241021,0.008994881339415617,0.009413217293549492,0.008837960470783335,-0.03721663413901816,100.5648956298828
1245,2016-12-13,0.6331973698259004,0.635027714308103,0.6404664806970175,0.6324652320330193,0.35785918030325775,0.006327785151910237,0.002719363245198503,0.007739793679979123,0.007216843813423579,0.0739828854526347,100.99740600585938
1246,2016-12-14,0.634557031499241,0.6294843739052846,0.6350800212643137,0.6269741586878942,0.3593304308662363,0.001359661673340673,-0.005543340402818453,-0.005386459432703772,-0.005491073345125108,0.0014712505629785322,100.11575317382812
1247,2016-12-15,0.6324129250768087,0.6296412548753993,0.6364919898938651,0.6285953152437712,0.27869689235850476,-0.002144106422432346,0.00015688097011479218,0.0014119686295513967,0.0016211565558770236,-0.08063353850773153,100.14073944091795
1248,2016-12-16,0.6329881818995748,0.635916733071099,0.6376425035393974,0.6306871546085102,0.48371115448130914,0.000575256822766157,0.006275478195699624,0.001150513645532314,0.002091839364739001,0.20501426212280438,101.1387939453125
1249,2016-12-19,0.6359690400273097,0.6367011778201908,0.639054472168949,0.6347662194255667,0.21014862633238252,0.0029808581277348534,0.0007844447490917839,0.0014119686295515077,0.004079064817056444,-0.2735625281489266,101.26354217529295
1250,2016-12-20,0.6387930171849298,0.6403095997269026,0.6422968251792202,0.6372764346429569,0.17004954211079418,0.002823977157620061,0.003608421906711845,0.003242353010271204,0.0025102152173902548,-0.04009908422158834,101.8374481201172
1251,2016-12-21,0.6376948104956082,0.6409894305635729,0.6437087938087716,0.6376948104956082,0.23649602161837563,-0.0010982066893215903,0.0006798308366703365,0.0014119686295513967,0.00041837585265125377,0.06644647950758145,101.9455795288086
1252,2016-12-22,0.6393159670514852,0.638636136214815,0.6425583200617566,0.6360213469835205,0.21664915177901217,0.0016211565558770236,-0.0023532943487579727,-0.001150473747014935,-0.0016734635120876362,-0.019846869839363457,101.5712890625
1253,2016-12-23,0.6386884032725082,0.638636136214815,0.6403095997269026,0.6363351089237502,0.1329079717760096,-0.0006275637789769917,0.0,-0.0022487203348540152,0.0003137619402296954,-0.08374118000300257,101.5712890625
1254,2016-12-27,0.6394205410653894,0.6379039984219338,0.6394205410653894,0.6361782279536353,0.09121753490466897,0.0007321377928811712,-0.0007321377928811712,-0.0008890586615132312,-0.0001568809701149032,-0.041690436871340636,101.45484924316406
1255,2016-12-28,0.640100411800577,0.6384269482884892,0.6420353302966838,0.6378516914657231,0.13025071310614023,0.0006798707351876043,0.0005229498665554333,0.0026147892312944343,0.0016734635120877472,0.03903317820147126,101.53802490234376
1256,2016-12-29,0.6383746413322785,0.6395251549778108,0.6411463115336878,0.6375379295254933,0.11526797778111394,-0.001725770468298471,0.0010982066893215903,-0.0008890187629959634,-0.0003137619402298064,-0.01498273532502628,101.7126922607422
1257,2016-12-30,0.6421399442091053,0.6402049858144813,0.6424013991931243,0.6382700673183743,0.15227443326827803,0.0037653028768267482,0.0006798308366704475,0.0012550876594364935,0.0007321377928810602,0.03700645548716408,101.82080841064452
1258,2017-01-03,0.6436042197948674,0.6322560441066938,0.6436042197948674,0.6289091170825184,0.29355952559675724,0.0014642755857621204,-0.007948941707787482,0.0012028206017430376,-0.009360950235855925,0.14128509232847922,100.5565948486328
1259,2017-01-04,0.6320991631365789,0.6288568101263076,0.6366488708639799,0.6286999291561927,0.2672571685933043,-0.011505056658288493,-0.003399233980386218,-0.0069553489308874505,-0.0002091879263257379,-0.02630235700345296,100.01595306396484
1260,2017-01-05,0.6238364195900443,0.6188160290537811,0.6249346262793659,0.613324955708656,0.404819096231797,-0.008262743546534557,-0.010040781072526483,-0.011714244584614009,-0.015374973447536688,0.13756192763849273,98.41902923583984
1261,2017-01-06,0.6162012398224866,0.618502227215034,0.6208032545060986,0.6151030331331652,0.23004053445428616,-0.007635179767557676,-0.00031380183874707424,-0.004131371773267278,0.0017780774245091946,-0.17477856177751086,98.36910247802734
1262,2017-01-09,0.6178747033345744,0.6135341436349816,0.6183976532011298,0.6134295696210773,0.22912475604263624,0.0016734635120877472,-0.004968083580052407,-0.0024056013049688074,-0.0016734635120878583,-0.0009157784116499146,97.57896423339844
1263,2017-01-10,0.6102395235670167,0.6128020058421005,0.6156259829997206,0.6089843960090631,0.2640444377721063,-0.007635179767557676,-0.0007321377928810602,-0.0027716702014092265,-0.0044451736120142415,0.03491968172947005,97.4625244140625
1264,2017-01-11,0.6130111937684262,0.6152599141032801,0.6178747033345744,0.6128543127983112,0.2152229394985738,0.0027716702014094485,0.002457908261179531,0.002248720334853793,0.0038699167892480846,-0.04882149827353249,97.85343170166016
1265,2017-01-12,0.6131680747385411,0.6105532855072466,0.6132726487524451,0.606003537881328,0.2520942801381174,0.0001568809701149032,-0.004706628596033435,-0.004602054582129256,-0.00685077491698316,0.036871340639543615,97.1048812866211
1266,2017-01-13,0.6132726487524451,0.6121221750054301,0.6163058138363908,0.6102917906247103,0.23176700195165892,0.00010457401390406851,0.0015688894981834567,0.003033165083945688,0.0042882527433822926,-0.02032727818645849,97.35443115234376
1267,2017-01-17,0.6119129870791046,0.6142662814278625,0.6179270102907852,0.6098734546705764,0.24139018165440623,-0.001359661673340562,0.002144106422432457,0.0016211964543944024,-0.0004183359541338749,0.009623179702747314,97.6954116821289
1268,2017-01-18,0.6175086344381339,0.6199142357431027,0.6201756907271218,0.6125928179157749,0.22320972826902868,0.005595647359029288,0.005647954315240122,0.0022486804363365254,0.002719363245198503,-0.01818045338537755,98.59368133544922
1269,2017-01-19,0.6218491941377268,0.6170379516292719,0.6220583421655352,0.614057093501537,0.14933193214232096,0.004340559699592905,-0.002876284113830785,0.0018826514384134851,0.0014642755857621204,-0.07387779612670772,98.13623809814452
1270,2017-01-20,0.6200711167132176,0.6171948325993868,0.6217445802253053,0.6151553001908585,0.18350097582945504,-0.0017780774245091946,0.0001568809701149032,-0.00031376194022991744,0.0010982066893214792,0.03416904368713408,98.1611785888672
1271,2017-01-23,0.6179270102907852,0.6172994465118082,0.6184499601573407,0.6141094004577478,0.23919831857078516,-0.002144106422432346,0.00010461391242144735,-0.0032946200679646598,-0.0010458997331107556,0.05569734274133012,98.17781829833984
1272,2017-01-24,0.6199665426993134,0.6110239284175912,0.6231042817971633,0.6074678533656075,0.456132712805885,0.0020395324085281663,-0.006275518094217003,0.004654321639822601,-0.006641547092140265,0.21693439423509986,97.17974090576172
1273,2017-01-25,0.6135864505911922,0.6153644881171842,0.6204894925658688,0.6135864505911922,0.2306110193664615,-0.0063800921081211825,0.004340559699593016,-0.0026147892312944343,0.006118597225584721,-0.22552169343942352,97.87007904052734
1274,2017-01-26,0.6152599141032801,0.617770089422153,0.6193389789203365,0.6152599141032801,0.20429364960216184,0.0016734635120878583,0.0024056013049686964,-0.001150513645532314,0.0016734635120878583,-0.02631736976429966,98.25267791748048
1275,2017-01-27,0.6191820979502216,0.617613208452038,0.6193389789203365,0.6141094004577478,0.14434769554121002,0.00392218384694154,-0.0001568809701149032,0.0,-0.001150513645532314,-0.05994595406095182,98.2277374267578
1276,2017-01-30,0.6171948325993868,0.614527776310399,0.6171948325993868,0.6126974318281964,0.18030325776910375,-0.0019872653508348215,-0.003085432141639033,-0.0021441463209497247,-0.0014119686295513967,0.03595556222789373,97.7370147705078
1277,2017-01-31,0.6146846572805139,0.6159397449399503,0.6160966259100653,0.6119129870791046,0.22188860531451735,-0.002510175318872876,0.0014119686295512857,-0.0010982066893214792,-0.0007844447490917839,0.0415853475454136,97.96155548095705
1278,2017-02-01,0.6154691020296056,0.609455078817925,0.6183453462449191,0.6079384962759522,0.21056898363609067,0.0007844447490916728,-0.006484666122025251,0.002248720334853793,-0.003974490803152375,-0.011319621678426678,96.93023681640624
1279,2017-02-02,0.6095073857741357,0.6151553001908585,0.6160966259100653,0.6095073857741357,0.16243807236150729,-0.005961716255469929,0.005700221372933467,-0.002248720334853793,0.0015688894981834567,-0.04813091127458338,97.83680725097656
1280,2017-02-03,0.6192866719641259,0.6159397449399503,0.6204894925658688,0.6149984192207436,0.20345293499474554,0.009779286189990244,0.0007844447490917839,0.004392866655803518,0.005491033446607951,0.04101486263323825,97.96155548095705
1281,2017-02-06,0.6090367029652738,0.6153644881171842,0.6167764966452528,0.6090367029652738,0.14832607716559076,-0.01024996899885211,-0.000575256822766046,-0.0037129959206160246,-0.005961716255469818,-0.055126857829154774,97.87007904052734
1282,2017-02-07,0.617613208452038,0.6158351709260462,0.6182407722310149,0.6139525194876329,0.1744032427563429,0.008576505486764252,0.00047068280886197744,0.0014642755857621204,0.004915816522359062,0.026077165590752127,97.9449462890625
1283,2017-02-08,0.6144231623979775,0.6160966259100653,0.6169856845715785,0.6137433315613072,0.13588049842366012,-0.0031900460540605913,0.00026145498401908274,-0.0012550876594363825,-0.00020918792632562688,-0.03852274433268277,97.98651885986328
1284,2017-02-09,0.6165150017627165,0.6211693234025392,0.6232088558110676,0.6163058138363908,0.16512535655307012,0.002091839364739001,0.005072697492473854,0.0062231712394890115,0.0025624822750835996,0.029244858129409995,98.79331970214844
1285,2017-02-10,0.6223198370480715,0.626137446881109,0.6286476221999819,0.6222675300918606,0.18052844918180452,0.005804835285355026,0.004968123478569786,0.0054387663889143845,0.005961716255469818,0.015403092628734405,99.58345794677734
1286,2017-02-13,0.613795638517518,0.6260328329686875,0.6280723653772158,0.6133772626648667,0.22807386278336586,-0.008524198530553528,-0.00010461391242144735,-0.000575256822766157,-0.008890267426993947,0.04754541360156134,99.56683349609376
1287,2017-02-14,0.6260328329686875,0.6288045031700967,0.6292228790227481,0.6248823193231551,0.2097432817895211,0.012237194451169553,0.0027716702014092265,0.001150513645532314,0.011505056658288382,-0.01833058099384477,100.00763702392578
1288,2017-02-15,0.6309486494910466,0.632674419959345,0.6327266870170384,0.6281246723334265,0.21259570635039785,0.004915816522359062,0.0038699167892483066,0.0035038079942902867,0.003242353010271426,0.002852424560876754,100.62310791015624
1289,2017-02-16,0.6330404888557855,0.6369103657465164,0.6369103657465164,0.6313670253436978,0.22562678276535056,0.00209183936473889,0.004235945787171347,0.004183678729478002,0.003242353010271315,0.013031076414952714,101.29682159423828
1290,2017-02-17,0.6365442968500759,0.6377470775533017,0.638008572435838,0.6331973698259004,0.20033028073862783,0.0035038079942903977,0.0008367118067853507,0.0010982066893215903,0.0018303444822025394,-0.025296502026722734,101.42990112304688
1291,2017-02-21,0.6370149397604207,0.6356552780870799,0.6403618667845962,0.633092755913479,0.18699894910674073,0.00047064291034482064,-0.002091799466221844,0.0023532943487581948,-0.00010461391242133633,-0.0133313316318871,101.0972137451172
1292,2017-02-22,0.6349754073518924,0.6374856225692825,0.6402049858144813,0.6341909626028005,0.1777661011860081,-0.0020395324085282773,0.0018303444822026504,-0.0001568809701149032,0.0010982066893214792,-0.009232847920732618,101.3883056640625
1293,2017-02-23,0.6401527187567877,0.6398912238742513,0.643656526751078,0.6364919898938651,0.17025972076264825,0.005177311404895302,0.0024056013049688074,0.00345154093659672,0.002301027291064628,-0.007506380423359854,101.77091979980467
1294,2017-02-24,0.6398912238742513,0.6394205410653894,0.6415646873863391,0.6366488708639799,0.255006755742381,-0.00026149488253635056,-0.00047068280886197744,-0.00209183936473889,0.00015688097011479218,0.08474703497973277,101.69605255126952
1295,2017-02-27,0.6372764346429569,0.6382177603621636,0.6419830632389905,0.6359690400273097,0.13726167242155832,-0.0026147892312944343,-0.0012027807032257698,0.0004183758526513648,-0.0006798308366702255,-0.1177450833208227,101.5047378540039
1296,2017-02-28,0.6382700673183743,0.6392636600952744,0.6430289629721012,0.6369103657465164,0.29515087824650954,0.0009936326754174107,0.0010458997331107556,0.0010458997331107556,0.0009413257192066871,0.15788920582495122,101.67108917236328
1297,2017-03-01,0.6474740966855983,0.6536450008673937,0.6545340595289071,0.6431335768845227,0.3932742831406696,0.009204029367223976,0.014381340772119389,0.011505096556805872,0.006223211138006279,0.09812340489416005,103.95836639404295
1298,2017-03-02,0.6562597900986881,0.6511870926062142,0.6562597900986881,0.6509256376221952,0.22990541960666566,0.008785693413089768,-0.002457908261179531,0.001725730569780981,0.007792060737672579,-0.16336886353400393,103.56745910644533
1299,2017-03-03,0.6511870926062142,0.6491475601976859,0.6545340595289071,0.6484154224048049,0.22712805885002252,-0.005072697492473854,-0.0020395324085282773,-0.001725730569780981,-0.002510215217390366,-0.0027773607566431435,103.2430648803711
1300,2017-03-06,0.6486246103311306,0.6396820359479257,0.6499320049467777,0.6395251549778108,0.3629935445128359,-0.0025624822750835996,-0.009465524249760215,-0.004602054582129367,-0.008890267426994058,0.13586548566281337,101.73764038085938
1301,2017-03-07,0.6413031925038026,0.638740710228719,0.6413031925038026,0.6363351089237502,0.26631136465996097,-0.007321417827327981,-0.0009413257192066871,-0.008628812442975087,-0.0031900460540605913,-0.09668217985287492,101.58790588378906
1302,2017-03-08,0.6398389169180406,0.6340340816326856,0.6419830632389905,0.6330404888557855,0.32930490917279687,-0.0014642755857620093,-0.004706628596033435,0.0006798707351878264,-0.003294620067964771,0.0629935445128359,101.39557647705078
1303,2017-03-09,0.6361782279536353,0.6374856225692825,0.6395774619340215,0.6346616454116625,0.25631286593604563,-0.003660688964405301,0.003451540936596942,-0.0024056013049689184,0.0016211565558770236,-0.07299204323675124,101.9475555419922
1304,2017-03-10,0.6396820359479257,0.6423491321354308,0.6425060131055458,0.6367011778201908,0.19240354301155982,0.0035038079942903977,0.0048635095661482275,0.0029285511715242407,0.0020395324085282773,-0.06390932292448581,102.72532653808594
1305,2017-03-13,0.640832549593458,0.6387930171849298,0.6428197750457757,0.6370149397604207,0.16050142621228045,0.001150513645532314,-0.0035561149505010103,0.00031376194022991744,0.00031376194022991744,-0.03190211679927937,102.1566390991211
1306,2017-03-14,0.6368057518340949,0.6412509254461094,0.6424537061493351,0.6367011778201908,0.13565530701095932,-0.004026797759363099,0.002457908261179642,-0.0003660688964406411,-0.00031376194022991744,-0.024846119201321126,102.5497055053711
1307,2017-03-15,0.6432381508984268,0.643185843942216,0.6440225956475186,0.6396297289917151,0.16781264074463295,0.006432399064331906,0.001934918496106608,0.0015688894981835677,0.0029285511715243517,0.03215733373367363,102.85912322998048
1308,2017-03-16,0.6431335768845227,0.6418784493265688,0.6459575141436255,0.6394728480216001,0.17513886803783216,-0.00010457401390417953,-0.0013073946156472172,0.00193491849610683,-0.00015688097011501423,0.007326227293199206,102.65007781982422
1309,2017-03-17,0.6429766560158905,0.6439702886913079,0.6441271696614228,0.638897591198834,0.465936045638793,-0.00015692086863217103,0.002091839364739112,-0.0018303444822026504,-0.000575256822766046,0.2907971776009608,102.9845733642578
1310,2017-03-20,0.6431335768845227,0.6398912238742513,0.6431335768845227,0.6380608793920488,0.2230746134214082,0.00015692086863217103,-0.004079064817056555,-0.000993592776900143,-0.0008367118067852397,-0.2428614322173848,102.33226013183594
1311,2017-03-21,0.6421399442091053,0.636387415879961,0.6424537061493351,0.6348708333379881,0.18618826002101788,-0.0009936326754174107,-0.0035038079942903977,-0.0006798707351876043,-0.0031900460540607023,-0.036886353400390315,101.7719268798828
1312,2017-03-22,0.6375901965831868,0.6381654534059529,0.6389498981550447,0.6336680127362452,0.14958714907671522,-0.004549747625918421,0.0017780375259919268,-0.0035038079942903977,-0.0012028206017429266,-0.036601110944302656,102.05626678466795
1313,2017-03-23,0.6361259209974246,0.634295576515222,0.6394728480216001,0.6334588248099194,0.1582645248461192,-0.0014642755857622314,-0.0038698768907309278,0.0005229498665554333,-0.0002091879263257379,0.008677375769403972,101.43741607666016
1314,2017-03-24,0.6347662194255667,0.6315761733715061,0.6349231402941989,0.6288045031700967,0.2003002552169344,-0.0013597015718579408,-0.0027194031437158817,-0.004549707727401153,-0.004654321639822712,0.042035730370815205,101.00250244140624
1315,2017-03-27,0.6284384342736563,0.6328313009294599,0.6333542507960154,0.6276017224668712,0.16329379972977032,-0.006327785151910348,0.0012551275579538723,-0.0015688894981835677,-0.0012027807032255478,-0.03700645548716408,101.20323944091795
1316,2017-03-28,0.6315239063138127,0.6369626727027271,0.6374333156130718,0.6298504428017249,0.17824650953310314,0.0030854720401564117,0.004131371773267167,0.004079064817056444,0.002248720334853682,0.014952709803332825,101.86390686035156
1317,2017-03-29,0.6354460901607544,0.6303210857120697,0.6358121590571948,0.6301642047419548,0.17019966971926137,0.0039221838469416515,-0.006641586990657422,-0.0016211565558770236,0.00031376194022991744,-0.008046839813841772,100.8018035888672
1318,2017-03-30,0.6294320669490737,0.632935874943364,0.6341386955451072,0.6294320669490737,0.16410448881549317,-0.0060140232116806525,0.0026147892312943233,-0.0016734635120876362,-0.0007321377928810602,-0.006095180903768205,101.21996307373048
1319,2017-03-31,0.6324129250768087,0.6303733926682804,0.6327789939732492,0.6284384342736563,0.16728719411499776,0.0029808581277349644,-0.0025624822750835996,-0.0013597015718579408,-0.0009936326754174107,0.0031827052995045957,100.81017303466795
1320,2017-04-03,0.6305302736383953,0.6295366409629778,0.6317853612978318,0.6265035157775494,0.17046989941450233,-0.0018826514384133741,-0.0008367517053026186,-0.0009936326754174107,-0.001934918496106941,0.003182705299504568,100.67632293701172
1321,2017-04-04,0.6308963425348358,0.6307394615647209,0.6316807872839276,0.6285953152437712,0.13538507731571836,0.0003660688964405301,0.0012028206017431486,-0.00010457401390417953,0.002091799466221844,-0.03508482209878397,100.86872863769533
1322,2017-04-05,0.632674419959345,0.6323083510629045,0.6356029711308692,0.630425699624491,0.19285392583696143,0.0017780774245091946,0.0015688894981835677,0.00392218384694154,0.0018303843807198072,0.057468848521243066,101.11959075927734
1323,2017-04-06,0.6327789939732492,0.6303733926682804,0.6331450628696896,0.6285430481860776,0.18413151178501727,0.00010457401390417953,-0.0019349583946240978,-0.002457908261179531,-0.0018826514384133741,-0.008722414051944155,100.81017303466795
1324,2017-04-07,0.6275494155106603,0.6283338602597521,0.6316284803277168,0.6265035157775494,0.15967572436571084,-0.005229578462588869,-0.0020395324085282773,-0.001516582541972844,-0.0020395324085282773,-0.02445578741930643,100.48397064208984
1325,2017-04-10,0.6277062964807752,0.6333542507960154,0.6349754073518924,0.6276017224668712,0.14976730220687584,0.0001568809701149032,0.005020390536263242,0.0033469270241756055,0.0010982066893218123,-0.009908422158835,101.28685760498048
1326,2017-04-11,0.6310532235049507,0.6337726266486665,0.6347139523678733,0.6295366409629778,0.1895511184506831,0.0033469270241754945,0.00041837585265114274,-0.00026145498401908274,0.001934918496106608,0.03978381624380725,101.353759765625
1327,2017-04-12,0.6331450628696896,0.6351845952782179,0.6360736140412138,0.6302687787558588,0.20310764149527097,0.00209183936473889,0.0014119686295513967,0.001359661673340451,0.0007321377928810602,0.013556523044587876,101.5795440673828
1328,2017-04-13,0.633563438722341,0.6303210857120697,0.6350800212643137,0.6294320669490737,0.1594805584747035,0.0004183758526513648,-0.0048635095661482275,-0.000993592776900032,-0.0008367118067851287,-0.043627083020567475,100.8018035888672
1329,2017-04-17,0.6339295076187815,0.6375901965831868,0.6376948104956082,0.6314192924013912,0.13127158084371715,0.0003660688964405301,0.007269110871117146,0.0026147892312944343,0.0019872254523174426,-0.028208977630986343,101.96428680419922
1330,2017-04-18,0.635027714308103,0.631471599357602,0.6360736140412138,0.6302165116981655,0.16311364659960967,0.0010982066893214792,-0.006118597225584832,-0.0016211964543944024,-0.0012027807032256588,0.03184206575589252,100.9857940673828
1331,2017-04-19,0.6341386955451072,0.6296412548753993,0.6349231402941989,0.627287920628124,0.15776910373817746,-0.0008890187629958524,-0.0018303444822026504,-0.001150473747014824,-0.0029285910700415085,-0.005344542861432211,100.6930694580078
1332,2017-04-20,0.6174040205257125,0.6216922732690945,0.6244639833690212,0.6136387176488857,0.5344392733823751,-0.01673467501939463,-0.007948981606304861,-0.010459156925177737,-0.013649202979238328,0.37667016964419764,99.4218521118164
1333,2017-04-21,0.6251961211619022,0.6228427869146269,0.6251961211619022,0.6198096218306812,0.315373067107041,0.007792100636189625,0.001150513645532425,0.0007321377928809492,0.006170904181795556,-0.21906620627533407,99.60584259033205
1334,2017-04-24,0.6325698060469235,0.6305302736383953,0.6347662194255667,0.626294327851224,0.2938898063353851,0.0073736848850213255,0.0076874867237684,0.009570098263664506,0.006484706020542741,-0.02148326077165591,100.83526611328124
1335,2017-04-25,0.6334588248099194,0.6344524574853369,0.6364396829376545,0.632360618120598,0.26472001201020867,0.0008890187629959634,0.00392218384694154,0.0016734635120878583,0.006066290269373997,-0.029169794325176412,101.46247100830078
1336,2017-04-26,0.6351845952782179,0.6380608793920488,0.643185843942216,0.6348708333379881,0.365290496922384,0.001725770468298471,0.003608421906711956,0.006746161004561491,0.0025102152173901437,0.10057048491217535,102.03954315185548
1337,2017-04-27,0.6385838292586041,0.6388453241411405,0.6403095997269026,0.6360213469835205,0.24894160036030627,0.003399233980386218,0.0007844447490916728,-0.002876244215313406,0.001150513645532425,-0.11634889656207775,102.1650161743164
1338,2017-04-28,0.638897591198834,0.6362305349098462,0.6398912238742513,0.6354460901607544,0.19369464044437773,0.00031376194022991744,-0.0026147892312943233,-0.00041837585265125377,-0.000575256822766157,-0.05524695991592854,101.7468490600586
1339,2017-05-01,0.6369103657465164,0.6337203196924558,0.6369103657465164,0.633563438722341,0.24933193214232097,-0.0019872254523176647,-0.002510215217390366,-0.0029808581277349644,-0.0018826514384133741,0.055637291697943236,101.34539031982422
1340,2017-05-02,0.6327789939732492,0.6294320669490737,0.6347662194255667,0.6281246723334265,0.17455337036481008,-0.004131371773267167,-0.0042882527433820705,-0.0021441463209497247,-0.0054387663889144955,-0.07477856177751088,100.65959167480467
1341,2017-05-03,0.6280723653772158,0.6317853612978318,0.6333542507960154,0.6280723653772158,0.12633238252514636,-0.004706628596033435,0.0023532943487580837,-0.0014119686295512857,-5.2306956210723676e-05,-0.04822098783966372,101.03596496582033
1342,2017-05-04,0.6349754073518924,0.6317853612978318,0.6361782279536353,0.6289613841402117,0.1555322023720162,0.006903041974676616,0.0,0.00282397715761995,0.0008890187629959634,0.02919981984686984,101.03596496582033
1343,2017-05-05,0.6328835679871533,0.6343478834714327,0.6344524574853369,0.6306871546085102,0.19310914277135566,-0.002091839364739112,0.0025625221736008674,-0.001725770468298471,0.001725770468298471,0.037576940399339454,101.44574737548828
1344,2017-05-08,0.6343478834714327,0.6328313009294599,0.6356552780870799,0.6315761733715061,0.2087524395736376,0.0014643154842793882,-0.001516582541972733,0.0012028206017430376,0.0008890187629958524,0.015643296802281936,101.20323944091795
1345,2017-05-09,0.6324129250768087,0.627287920628124,0.6336157456785517,0.6265035157775494,0.22020717609968474,-0.0019349583946239868,-0.005543380301335943,-0.0020395324085281663,-0.005072657593956698,0.011454736526047143,100.31672668457033
1346,2017-05-10,0.6256144571160361,0.6311578374173721,0.632674419959345,0.6256144571160361,0.21750487914727518,-0.006798467960772547,0.0038699167892480846,-0.0009413257192066871,-0.0008890586615132312,-0.002702296952409561,100.93561553955078
1347,2017-05-11,0.6283861672159629,0.6303733926682804,0.6314192924013912,0.6259282589547832,0.2057949256868338,0.0027717100999267164,-0.0007844447490916728,-0.0012551275579538723,0.00031380183874707424,-0.011709953460441375,100.81017303466795
1348,2017-05-12,0.6283338602597521,0.6306348476522994,0.632674419959345,0.6276539895245645,0.16926887854676476,-5.2306956210723676e-05,0.0002614549840189717,0.0012551275579538723,0.0017257305697813141,-0.036526047140069046,100.85195922851562
1349,2017-05-15,0.6305302736383953,0.6288568101263076,0.6346616454116625,0.6283861672159629,0.17633988890556973,0.0021964133786431805,-0.0017780375259918157,0.0019872254523174426,0.000732177691398328,0.007071010358804974,100.56761169433594
1350,2017-05-16,0.6289613841402117,0.6271833466142198,0.6310532235049507,0.626294327851224,0.17534904668968623,-0.0015688894981835677,-0.0016734635120877472,-0.003608421906711734,-0.00209183936473889,-0.0009908422158834973,100.30001068115234
1351,2017-05-17,0.6271833466142198,0.6288568101263076,0.6305302736383953,0.622685905944512,0.21008857528899563,-0.0017780375259919268,0.0016734635120877472,-0.0005229498665554333,-0.003608421906711956,0.0347395285993094,100.56761169433594
1352,2017-05-18,0.6282292463473306,0.6321514301942722,0.6373287415991677,0.6262420208950131,0.31879597658009307,0.0010458997331107556,0.0032946200679646598,0.006798467960772436,0.0035561149505011214,0.10870740129109743,101.09451293945312
1353,2017-05-19,0.6319945492241573,0.6316807872839276,0.6338248937063601,0.6275494155106603,0.23615072811890106,0.0037653028768267482,-0.0004706429103445986,-0.0035038478928076655,0.0013073946156472172,-0.082645248461192,101.01924896240234
1354,2017-05-22,0.6318899752102531,0.6361782279536353,0.6386884032725082,0.6311055304611615,0.19105239453535505,-0.00010457401390417953,0.004497440669707697,0.0048635095661481165,0.0035561149505011214,-0.04509833358354601,101.7384796142578
1355,2017-05-23,0.6357075451447735,0.6362305349098462,0.638636136214815,0.6348708333379881,0.16943401891607868,0.003817569934520315,5.23069562108347e-05,-5.226705769323381e-05,0.0037653028768266372,-0.021618375619276375,101.7468490600586
1356,2017-05-24,0.6368057518340949,0.6382700673183743,0.638897591198834,0.6357598521009841,0.16764750037531903,0.0010982066893214792,0.0020395324085281663,0.00026145498401908274,0.0008890187629959634,-0.0017865185407596462,102.07301330566406
1357,2017-05-25,0.6410940045774771,0.6470034537752536,0.6481539674207858,0.6399957978881554,0.2776309863383876,0.0042882527433821815,0.008733386456879266,0.009256376221951745,0.004235945787171347,0.10998348596306859,103.46965789794922
1358,2017-05-26,0.646323583040066,0.6466896918350238,0.6480493535083645,0.6450161884244188,0.13895811439723765,0.005229578462588869,-0.0003137619402298064,-0.00010461391242133633,0.005020390536263353,-0.13867287194114997,103.4194793701172
1359,2017-05-30,0.6451208023368402,0.6470557607314643,0.6496705499627587,0.6440749026037293,0.17102537156583095,-0.0012027807032257698,0.0003660688964405301,0.0016211964543942914,-0.0009412858206894192,0.032067257168593294,103.47803497314452
1360,2017-05-31,0.6477878985243455,0.6529128630745127,0.6534881198972788,0.6460621280560469,0.31893109142771353,0.002667096187505269,0.00585710234304837,0.003817569934520093,0.0019872254523175537,0.14790571986188258,104.41468048095705
1361,2017-06-01,0.6535404268534896,0.6557891471883435,0.6560506021723627,0.6508210237097738,0.2145623780213181,0.00575252832914408,0.002876284113830785,0.0025624822750838216,0.004758895653726891,-0.10436871340639542,104.87464904785156
1362,2017-06-02,0.6554230782919029,0.6544817525726963,0.6578809865530825,0.6536450008673937,0.18168443176700194,0.0018826514384133741,-0.0013073946156472172,0.0018303843807198072,0.00282397715761995,-0.03287794625431617,104.66561889648438
1363,2017-06-05,0.6536973078236045,0.6556845332759219,0.6575671847143353,0.6533312389271639,0.15799429515087823,-0.001725770468298471,0.0012027807032256588,-0.00031380183874718526,-0.0003137619402298064,-0.023690136616123708,104.8579330444336
1364,2017-06-06,0.6546909404990219,0.6486246103311306,0.6560506021723627,0.6485723033749198,0.19181804533853775,0.0009936326754174107,-0.007059922944791297,-0.001516582541972622,-0.004758935552244159,0.03382375018765951,103.72892761230467
1365,2017-06-07,0.6477878985243455,0.6458529401297213,0.6490429861837819,0.6444932385578632,0.1709803332832908,-0.006903041974676394,-0.0027716702014093375,-0.007007615988580795,-0.004079064817056555,-0.020837712055246954,103.88874053955078
1366,2017-06-08,0.6458529401297213,0.6473172157154834,0.6511870926062142,0.6442317835738441,0.27420807686533555,-0.0019349583946242088,0.0014642755857621204,0.002144106422432346,-0.00026145498401908274,0.10322774358204476,104.12428283691406
1367,2017-06-09,0.6477355915681346,0.6549001284253475,0.6550047024392517,0.6473172157154834,0.1559075213931842,0.0018826514384133741,0.007582912709864109,0.003817609833037472,0.003085432141639255,-0.11830055547215135,105.34403228759766
1368,2017-06-12,0.6547955145129261,0.657201115817895,0.657201115817895,0.6525467941780722,0.2303107641495271,0.007059922944791408,0.002300987392547471,0.0021964133786432916,0.005229578462588758,0.07440324275634289,105.71414947509766
1369,2017-06-13,0.6566781659513394,0.6594498361527488,0.6594498361527488,0.6553707713356922,0.194805584747035,0.0018826514384133741,0.002248720334853793,0.002248720334853793,0.002823977157620061,-0.03550517940249209,106.07587432861328
1370,2017-06-14,0.6610187256509323,0.6691768552850453,0.6702750619743669,0.6592406482264233,0.23612070259720763,0.004340559699592905,0.009727019132296566,0.010825225821618156,0.003869876890731039,0.04131511785017264,107.6405258178711
1371,2017-06-15,0.6690722812711412,0.6747202355863813,0.6761321643174154,0.668497024448375,0.2733223239753791,0.008053555620208819,0.005543380301335943,0.005857102343048481,0.009256376221951745,0.03720162137817146,108.53218841552734
1372,2017-06-16,0.6771257969928328,0.6769166489650245,0.677753400670327,0.6706934378270182,0.3709202822399039,0.008053515721691662,0.0021964133786431805,0.0016212363529115592,0.0021964133786431805,0.09759795826452483,108.88550567626952
1373,2017-06-19,0.6767074211401816,0.6707980517394397,0.6771781438475608,0.6694906571237925,0.21106440474403243,-0.00041837585265125377,-0.006118597225584721,-0.000575256822766157,-0.0012027807032256588,-0.1598558774958715,107.90129852294922
1374,2017-06-20,0.671216427592091,0.6733082270583126,0.6754000265245343,0.6709549327095546,0.17470349797327728,-0.0054909935480905725,0.002510175318872876,-0.0017781173230264624,0.0014642755857621204,-0.03636090677075515,108.30506896972656
1375,2017-06-21,0.6733082270583126,0.6724192082953167,0.6751386114390326,0.6714255756198992,0.16743732172346495,0.002091799466221622,-0.0008890187629959634,-0.0002614150855017039,0.0004706429103445986,-0.007266176249812323,108.16207885742188
1376,2017-06-22,0.6702750619743669,0.671007199767248,0.6730990790305044,0.6701704480619455,0.16761747485362558,-0.003033165083945688,-0.0014120085280686645,-0.0020395324085282773,-0.0012551275579537613,0.00018015313016062073,107.93495178222656
1377,2017-06-23,0.669386043211371,0.6676080056853791,0.6727329702355465,0.6650454835117782,0.2851373667617475,-0.0008890187629959634,-0.0033991940818688393,-0.00036610879495790893,-0.00512496455016731,0.11751989190812193,107.3881607055664
1378,2017-06-26,0.667294203846632,0.6691245483288347,0.6702750619743669,0.665673047290755,0.15084822098783968,-0.002091839364739001,0.0015165426434555762,-0.002457908261179531,0.0006275637789768806,-0.13428914577390783,107.63213348388672
1379,2017-06-27,0.6713733085622059,0.6661436902010996,0.6713733085622059,0.6658822352170806,0.15425611770004505,0.0040791047155739335,-0.0029808581277350754,0.0010982465878389691,0.00020918792632551586,0.0034078967122053716,107.1526336669922
1380,2017-06-28,0.6679740745818197,0.6682355295658386,0.6716347236477076,0.6661959971573105,0.19887404293649602,-0.003399233980386218,0.002091839364739001,0.0002614150855017039,0.00031376194022991744,0.04461792523645097,107.48909759521484
1381,2017-06-29,0.6705365568569033,0.6609664186947216,0.6705888239145967,0.6587176983598677,0.28660861732472603,0.0025624822750835996,-0.007269110871117035,-0.0010458997331108666,-0.007478298797442773,0.08773457438823001,106.31983947753906
1382,2017-06-30,0.661646249531392,0.6616985564876027,0.663738088896131,0.6578809865530825,0.17812640744632938,-0.008890307325511326,0.0007321377928810602,-0.006850735018465781,-0.0008367118067852397,-0.10848220987839666,106.43757629394533
1383,2017-07-03,0.664051890734878,0.665934502274774,0.6706411707693248,0.6625353081929051,0.14002402041735476,0.0024056412034860752,0.004235945787171347,0.006903081873193884,0.004654321639822601,-0.038102387028974616,107.11898040771484
1384,2017-07-05,0.6666143730099617,0.6608618446808175,0.6666143730099617,0.6596067171228636,0.21056898363609067,0.0025624822750837106,-0.0050726575939564755,-0.004026797759363099,-0.0029285910700415085,0.0705449632187359,106.30299377441406
1385,2017-07-06,0.6615939824736986,0.6598682120054,0.6644179596313184,0.6589268862861933,0.1523194715508182,-0.005020390536263131,-0.0009936326754175218,-0.0021964133786432916,-0.0006798308366702255,-0.05824951208527246,106.14318084716795
1386,2017-07-07,0.6630582580594606,0.6650454835117782,0.6656207403345443,0.6589791932424042,0.14819096231797027,0.0014642755857620093,0.005177271506378145,0.0012027807032258808,5.23069562108347e-05,-0.004128509232847938,106.97596740722656
1387,2017-07-10,0.6619077444139283,0.6577240656844503,0.664051890734878,0.6577240656844503,0.22790872241405194,-0.001150513645532314,-0.00732141782732787,-0.0015688495996662999,-0.0012551275579538723,0.07971776009608167,105.79827117919922
1388,2017-07-11,0.6587176983598677,0.6539588027061408,0.6590314603000975,0.6502980738432182,0.14071460741630387,-0.0031900460540605913,-0.0037652629783094804,-0.0050204304347805095,-0.007425991841232049,-0.08719411499774807,105.19261932373048
1389,2017-07-12,0.6568873538776651,0.6550047024392517,0.6584039364196379,0.6535927338097004,0.15530701095931543,-0.0018303444822026504,0.0010458997331108666,-0.0006275238804596128,0.0032946599664821496,0.014592403543011556,105.3608627319336
1390,2017-07-13,0.6550047024392517,0.6559460281584584,0.6572534227741056,0.6524422201641681,0.13311815042786368,-0.0018826514384133741,0.0009413257192066871,-0.001150513645532314,-0.001150513645532314,-0.02218886053145175,105.5122528076172
1391,2017-07-14,0.6550047024392517,0.6574626107004312,0.6587700053160784,0.651710082371287,0.2075364059450533,0.0,0.001516582541972844,0.001516582541972844,-0.0007321377928810602,0.07441825551718961,105.75624084472656
1392,2017-07-17,0.659136074212519,0.6601297068879364,0.6603911618719555,0.6560506021723627,0.14072962017715057,0.004131371773267278,0.002667096187505158,0.0016211565558770236,0.004340519801075637,-0.06680678576790272,106.18524169921876
1393,2017-07-18,0.6591883811687297,0.6564689780250138,0.659397529196538,0.654063376720045,0.2113346344392734,5.2306956210723676e-05,-0.0036607288629225687,-0.0009936326754174107,-0.0019872254523176647,0.07060501426212282,105.59638214111328
1394,2017-07-19,0.6587700053160784,0.6613324875911621,0.6619600513701389,0.6515531615026547,0.1987839663714157,-0.00041837585265125377,0.0048635095661483385,0.0025625221736008674,-0.0025102152173902548,-0.012550668067857679,106.37871551513672
1395,2017-07-20,0.644702426484189,0.6514485874887506,0.6558414541445542,0.6426628940756607,0.3331932142320973,-0.014067578831889471,-0.00988390010241158,-0.006118597225584721,-0.008890267426994058,0.1344092478606816,104.78885650634766
1396,2017-07-21,0.6504549548133332,0.6544817525726963,0.6547432075567154,0.6460098210998362,0.20614021918630837,0.005752528329144191,0.003033165083945688,-0.001098246587838747,0.0033469270241754945,-0.12705299504578893,105.2767333984375
1397,2017-07-24,0.6550047024392517,0.6609141117385108,0.6619600513701389,0.6547432075567154,0.20909773307311214,0.004549747625918532,0.006432359165814527,0.007216843813423468,0.008733386456879266,0.0029575138868037643,106.3114242553711
1398,2017-07-25,0.6682878365220495,0.666562066053751,0.6704842897992099,0.6651500974241995,0.23693139168293048,0.013283134082797798,0.005647954315240233,0.008524238429071018,0.01040688986748406,0.027833658609818346,107.21991729736328
1399,2017-07-26,0.6657776213046592,0.6589268862861933,0.6671373228765172,0.6573579967880099,0.19349947455337035,-0.0025102152173902548,-0.007635179767557676,-0.0033469669226927623,-0.007792100636189625,-0.04343191712956013,105.9917449951172
1400,2017-07-27,0.6553184643794816,0.6582993225072163,0.6601819739456297,0.6529651700307234,0.25421107941750487,-0.010459156925177626,-0.0006275637789769917,-0.0069553489308874505,-0.004392826757286472,0.060711604864134516,105.89080810546876
1401,2017-07-28,0.6595021431089595,0.6652546714381038,0.6666143730099617,0.6575149176566419,0.19174298153430416,0.004183678729477891,0.0069553489308874505,0.006432399064332017,0.004549747625918532,-0.06246809788320071,107.0096206665039
1402,2017-07-31,0.6668235609362874,0.6698566861217157,0.6707980517394397,0.665934502274774,0.1613121152980033,0.00732141782732787,0.004602014683611877,0.004183678729478002,0.008419584618132081,-0.03043086623630087,107.74987030029295
1403,2017-08-01,0.6720008324426654,0.6757138682617988,0.675923016289607,0.670118181004252,0.22804383726167243,0.005177271506378034,0.005857182140083128,0.00512496455016731,0.004183678729478002,0.06673172196366914,108.69202423095705
1404,2017-08-02,0.6747202355863813,0.6732036131458912,0.679374557226204,0.6723145943828952,0.21050893259270378,0.0027194031437158817,-0.0025102551159076336,0.003451540936596942,0.0021964133786431805,-0.01753490466896865,108.28824615478516
1405,2017-08-03,0.673517375086121,0.6775441728454841,0.6790607952859742,0.6720530995003589,0.16231797027473352,-0.0012028605002603054,0.004340559699592905,-0.0003137619402298064,-0.00026149488253635056,-0.048190962317970265,108.98643493652344
1406,2017-08-04,0.6789039143158593,0.6782240435806717,0.6798452001365487,0.6744587407038449,0.2931241555322024,0.0053865392297383075,0.0006798707351876043,0.000784404850574516,0.0024056412034860752,0.13080618525746887,109.09580993652344
1407,2017-08-07,0.6760276302020285,0.673569721940849,0.6790607952859742,0.672628356323125,0.15137366761747487,-0.002876284113830785,-0.004654321639822712,-0.000784404850574516,-0.0018303843807199183,-0.14175048791472752,108.34713745117188
1408,2017-08-08,0.6733082270583126,0.6722623273252017,0.6754523733792623,0.671739337560129,0.1563579042185858,-0.0027194031437158817,-0.0013073946156472172,-0.003608421906711845,-0.0008890187629959634,0.004984236601110942,108.13682556152344
1409,2017-08-09,0.6739357509387722,0.6806296049871231,0.680786485957238,0.6711640807373629,0.24096982435069808,0.0006275238804596128,0.008367277661921357,0.005334112577975669,-0.000575256822766157,0.08461192013211227,109.48274993896484
1410,2017-08-10,0.6783809245507866,0.6782240435806717,0.680786485957238,0.6756615214070707,0.36363909322924487,0.004445173612014353,-0.0024055614064514286,0.0,0.004497440669707808,0.12266926887854679,109.09580993652344
1411,2017-08-11,0.6795314381963189,0.6703273290320604,0.6817278515749621,0.6695951912391793,0.2304608917579943,0.001150513645532314,-0.007896714548611294,0.0009413656177240659,-0.006066330167891376,-0.13317820147125056,107.8255844116211
1412,2017-08-14,0.6711118136796694,0.673517375086121,0.6749293836141896,0.6705365568569033,0.16404443777210628,-0.00841962451664946,0.0031900460540605913,-0.006798467960772436,0.0009413656177239549,-0.06641645398588802,108.3387222290039
1413,2017-08-15,0.6746156216739598,0.6748771165564962,0.676812035052603,0.672837584147968,0.1710704098483711,0.0035038079942903977,0.0013597414703752086,0.0018826514384133741,0.002301027291064739,0.007025972076264819,108.55744934082033
1414,2017-08-16,0.6778579347857139,0.6770735299351394,0.6817801186326554,0.6746156216739598,0.21379672721813542,0.003242313111754047,0.0021964133786431805,0.004968083580052407,0.0017780375259918157,0.042726317369764316,108.91072082519533
1415,2017-08-17,0.6779625486981353,0.6703796758867885,0.6779625486981353,0.6696475380939074,0.24352199369464045,0.00010461391242144735,-0.006693854048350878,-0.003817569934520093,-0.004968083580052407,0.02972526647650503,107.83399963378906
1416,2017-08-18,0.6707980517394397,0.6688107863886048,0.6721577134127803,0.6668758279939807,0.18719411499774807,-0.0071644969586955876,-0.0015688894981836787,-0.005804835285355026,-0.0027717100999267164,-0.056327878696892375,107.58163452148438
1417,2017-08-21,0.6697521520063289,0.6665097590975403,0.6697521520063289,0.663738088896131,0.1597057498874043,-0.0010458997331108666,-0.002301027291064517,-0.0024055614064514286,-0.0031377390978497566,-0.027488365110343776,107.21149444580078
1418,2017-08-22,0.6689676673587198,0.6681832226096279,0.6698566861217157,0.6664574920398467,0.16718210478907072,-0.0007844846476090517,0.0016734635120876362,0.00010453411538680069,0.0027194031437157706,0.007476354901666427,107.4806671142578
1419,2017-08-23,0.6680786485957239,0.6649932164540847,0.6705365568569033,0.6641041577925714,0.14217084521843568,-0.0008890187629959634,-0.0031900061555432124,0.0006798707351876043,-0.0023533342472753516,-0.025011259570635047,106.9675750732422
1420,2017-08-24,0.6658822352170806,0.6566781659513394,0.6660914231434063,0.6563644040111097,0.1568983636090677,-0.0021964133786432916,-0.00831505050274528,-0.004445133713496974,-0.0077397537814616335,0.014727518390632022,105.63003540039062
1421,2017-08-25,0.6588745793299825,0.6613847945473729,0.6625353081929051,0.6566258589951288,0.19990992343491967,-0.007007655887098063,0.004706628596033435,-0.0035561149505012324,0.00026145498401908274,0.043011559825851975,106.38710021972656
1422,2017-08-28,0.6532789319709533,0.6444409715001699,0.6563644040111097,0.6402049858144813,0.38055847470349796,-0.005595647359029177,-0.016943823047202988,-0.006170904181795334,-0.016420873180647555,0.1806485512685783,103.66162872314452
1423,2017-08-29,0.6411463115336878,0.6432904578546377,0.6482585414346901,0.6394728480216001,0.2216183756192764,-0.012132620437265484,-0.001150513645532203,-0.008105862576419653,-0.0007321377928811712,-0.15894009908422158,103.47655487060548
1424,2017-08-30,0.6443363575877484,0.6370149397604207,0.6460098210998362,0.6360213469835205,0.20252214382224892,0.0031900460540605913,-0.006275518094217003,-0.002248720334853904,-0.003451501038079563,-0.019096231797027463,102.46710968017578
1425,2017-08-31,0.6382700673183743,0.6337203196924558,0.6388453241411405,0.6283861672159629,0.3237652004203573,-0.006066290269374108,-0.003294620067964882,-0.007164496958695699,-0.007635179767557676,0.12124305659810836,101.9371566772461
1426,2017-09-01,0.6366488708639799,0.6270264656441049,0.6367011778201908,0.6258236450423619,0.23223239753790723,-0.0016211964543944024,-0.006693854048350878,-0.0021441463209497247,-0.0025625221736009784,-0.09153280288245005,100.86042022705078
1427,2017-09-05,0.6223721440042823,0.60365024353257,0.6225290249743971,0.6024997298870377,0.5487314217084522,-0.014276726859697608,-0.023376222111534894,-0.01417215284579365,-0.02332391515532417,0.316499024170545,97.1002197265625
1428,2017-09-06,0.606631101660305,0.6156782899559313,0.6191820979502216,0.6037548175464743,0.5347395285993094,-0.01574104234397733,0.012028046423361305,-0.0033469270241754945,0.0012550876594366045,-0.013991893109142839,99.03500366210938
1429,2017-09-07,0.6097165338019441,0.6023428489169228,0.6115991852403575,0.5949168570756909,0.4077015463143672,0.003085432141639144,-0.013335441039008522,-0.007582912709864109,-0.008837960470783446,-0.12703798228494217,97.48613739013672
1430,2017-09-08,0.5998849406557433,0.626294327851224,0.6318899752102531,0.5986821599525176,0.6328479207326227,-0.009831593146200857,0.023951478934301162,0.02029078996989564,0.0037653028768267482,0.22514637441825552,101.36253356933594
1431,2017-09-11,0.6459052470859321,0.6409371236073623,0.6624830012366945,0.6399435308304622,0.5164990241705449,0.04602030643018884,0.01464279575613836,0.030593026026441317,0.04126137087794457,-0.11634889656207781,103.73240661621094
1432,2017-09-12,0.6408848565496688,0.6405187876532282,0.6442317835738441,0.6344524574853369,0.2719111244557874,-0.005020390536263353,-0.00041833595413409697,-0.018251217662850316,-0.00549107334512533,-0.24458789971475753,103.66470336914062
1433,2017-09-13,0.639211393037581,0.6354460901607544,0.6405187876532282,0.6316807872839276,0.23439423509983487,-0.0016734635120877472,-0.005072697492473854,-0.0037129959206159135,-0.0027716702014092265,-0.03751688935595254,102.84371948242188
1434,2017-09-14,0.6352369022344286,0.6273402275843347,0.6352369022344286,0.6210124424324243,0.27216634139018164,-0.003974490803152375,-0.008105862576419653,-0.005281885418799592,-0.010668344851503364,0.037772106290346774,101.53182220458984
1435,2017-09-15,0.6306348476522994,0.6312101044750656,0.6336157456785517,0.6248300522654617,0.45976580093079117,-0.004602054582129256,0.0038698768907309278,-0.0016211565558769125,0.003817609833037472,0.18759945954060953,102.15814208984376
1436,2017-09-18,0.6313147183874871,0.6313147183874871,0.6331973698259004,0.6282292463473306,0.1603963368863534,0.0006798707351877153,0.00010461391242144735,-0.0004183758526513648,0.0033991940818688393,-0.29936946404443776,102.175048828125
1437,2017-09-19,0.6308963425348358,0.6305825805946059,0.6349754073518924,0.6299550168156292,0.18740429364960215,-0.00041837585265125377,-0.0007321377928811712,0.0017780375259920378,0.001725770468298582,0.02700795676324874,102.05657958984376
1438,2017-09-20,0.6331450628696896,0.6375379295254933,0.6379039984219338,0.6270264656441049,0.22358504729019665,0.002248720334853793,0.0069553489308873395,0.0029285910700413975,-0.0029285511715242407,0.036180753640594504,103.1822738647461
1439,2017-09-21,0.6385838292586041,0.6353414762483328,0.6427152010318714,0.6334588248099194,0.18154931691938148,0.0054387663889144955,-0.0021964532771604484,0.004811202609937615,0.006432359165814527,-0.04203573037081518,102.82677459716795
1440,2017-09-22,0.6353414762483328,0.6382177603621636,0.638897591198834,0.6330404888557855,0.19393484461792523,-0.003242353010271315,0.002876284113830785,-0.003817609833037361,-0.00041833595413398594,0.012385527698543758,103.29230499267578
1441,2017-09-25,0.6377993845095123,0.6415123804301285,0.6430812699283119,0.6356552780870799,0.17062002702296952,0.002457908261179531,0.003294620067964882,0.004183678729477891,0.0026147892312944343,-0.02331481759495571,103.82550811767578
1442,2017-09-26,0.6415123804301285,0.6409894305635729,0.6458006331735104,0.6392636600952744,0.1948205975078817,0.0037129959206161356,-0.0005229498665555443,0.002719363245198503,0.003608382008194466,0.02420057048491217,103.74087524414062
1443,2017-09-27,0.6456437522033956,0.6410940045774771,0.6456437522033956,0.6405710547109216,0.1656508031827053,0.004131371773267167,0.00010457401390417953,-0.00015688097011479218,0.0013073946156472172,-0.029169794325176385,103.75780487060548
1444,2017-09-28,0.6401527187567877,0.642192251165316,0.6445978524702849,0.6393159670514852,0.16470499924936197,-0.005491033446607951,0.001098246587838858,-0.0010458997331107556,-0.0012550876594363825,-0.0009458039333433421,103.93556213378906
1445,2017-09-29,0.6412509254461094,0.6407279356810366,0.6442840506315377,0.6374856225692825,0.19303407896712205,0.0010982066893217013,-0.0014643154842793882,-0.00031380183874718526,-0.0018303444822026504,0.02832907971776008,103.69855499267578
1446,2017-10-02,0.6425583200617566,0.6449116144105146,0.6456960591596064,0.6365442968500759,0.23828254015913528,0.0013073946156472172,0.004183678729478002,0.0014120085280686645,-0.0009413257192066871,0.04524846119201323,104.37567138671876
1447,2017-10-03,0.6448593074543039,0.6468988398628321,0.6470557607314643,0.6400481048443663,0.19150277736075663,0.002300987392547249,0.0019872254523175537,0.0013597015718579408,0.0035038079942903977,-0.046779762798378643,104.69728088378906
1448,2017-10-04,0.6469511468190429,0.6479447794944603,0.6499843119029886,0.644702426484189,0.12564179552619728,0.002091839364739001,0.0010459396316281344,0.0029285511715242407,0.004654321639822712,-0.06586098183455935,104.86659240722656
1449,2017-10-05,0.6483631553471115,0.6507687566520802,0.652860556118302,0.6468988398628321,0.17049992493619576,0.0014120085280686645,0.00282397715761995,0.002876244215313406,0.0021964133786431805,0.044858129409998476,105.32360076904295
1450,2017-10-06,0.6515008944449613,0.654063376720045,0.6555799592620178,0.6497228170204521,0.17293199219336436,0.0031377390978497566,0.003294620067964771,0.0027194031437158817,0.00282397715761995,0.002432067257168602,105.85684204101562
1451,2017-10-09,0.6526514080904936,0.6534358129410682,0.6562597900986881,0.6502980738432182,0.10864735024771055,0.001150513645532314,-0.0006275637789767696,0.0006798308366702255,0.000575256822766157,-0.06428464194565381,105.75525665283205
1452,2017-10-10,0.6530697440446276,0.6586131243459635,0.6586653914036571,0.6524944872218614,0.1452484611920132,0.00041833595413398594,0.005177311404895302,0.0024056013049690295,0.0021964133786431805,0.036601110944302656,106.59317779541016
1453,2017-10-11,0.65704423484778,0.6568873538776651,0.6606003497982811,0.6562597900986881,0.1590451884101486,0.003974490803152375,-0.001725770468298471,0.0019349583946239868,0.0037653028768266372,0.013796727218135407,106.3138656616211
1454,2017-10-12,0.6590314603000975,0.6586653914036571,0.6615416755174878,0.6561029091285733,0.1534604413751689,0.0019872254523175537,0.0017780375259920378,0.0009413257192066871,-0.00015688097011479218,-0.005584747034979715,106.60163116455078
1455,2017-10-13,0.6597636379914958,0.6624306942804837,0.6650454835117782,0.6578286795968717,0.16317369764299655,0.000732177691398328,0.0037653028768266372,0.0035038079942903977,0.001725770468298471,0.009713256267827652,107.2110366821289
1456,2017-10-16,0.6658822352170806,0.6736743358532705,0.6778579347857139,0.6636335148822268,0.26511034379222337,0.006118597225584721,0.011243641572786789,0.01281245127393571,0.005804835285355026,0.10193664614922682,109.03075408935548
1457,2017-10-17,0.6716870705024356,0.6727852372932399,0.6738834838810788,0.6667712539800766,0.2714607416303858,0.005804835285355026,-0.00088909856003061,-0.003974450904635107,0.0031377390978498676,0.006350397838162436,108.88687133789062
1458,2017-10-18,0.6730467321757763,0.6799498140489701,0.6806819518418512,0.6718439514725505,0.29888905569734275,0.001359661673340673,0.007164576755730234,0.006798467960772436,0.005072697492473854,0.02742831406695695,110.04641723632812
1459,2017-10-19,0.6786946864910164,0.6964229542873112,0.6964229542873112,0.6706411707693248,0.44595406095180906,0.005647954315240122,0.01647314023834101,0.01574100244545995,-0.0012027807032256588,0.1470650052544663,112.71249389648438
1460,2017-10-20,0.7007635139869041,0.6972074389349202,0.7013387708096702,0.6930760272631357,0.2760546464494821,0.022068827495887677,0.0007844846476090517,0.004915816522359062,0.02243485649381083,-0.16989941450232698,112.83946228027344
1461,2017-10-23,0.6993515054588354,0.703116808335662,0.7032214222480836,0.6949064116438556,0.26875844467797627,-0.0014120085280686645,0.005909369400741826,0.0018826514384133741,0.0018303843807199183,-0.007296201771505806,113.79588317871094
1462,2017-10-24,0.7009726620147123,0.6965275681997326,0.7028553134531257,0.6940696599385531,0.2570635039783816,0.0016211565558769125,-0.006589240135929431,-0.00036610879495790893,-0.0008367517053025075,-0.011694940699594647,112.72943115234376
1463,2017-10-25,0.69752120087515,0.689153843416194,0.6978349628153798,0.6889969624460791,0.24454286143221737,-0.003451461139562295,-0.007373724783538593,-0.005020350637745863,-0.005072697492473965,-0.012520642546164251,111.5360336303711
1464,2017-10-26,0.6940696599385531,0.6899905951214965,0.694958678701549,0.6837673839834904,0.22381023870289746,-0.003451540936596942,0.0008367517053025075,-0.002876284113830785,-0.005229578462588758,-0.020732622729319916,111.67146301269533
1465,2017-10-27,0.6879510627129684,0.6853885405393673,0.6886308536511213,0.680106695019085,0.24056447980783666,-0.006118597225584721,-0.004602054582129256,-0.006327825050427727,-0.003660688964405301,0.0167542411049392,110.92665100097656
1466,2017-10-30,0.6855454215094822,0.6935466701734804,0.6949064116438556,0.6840288788660267,0.23706650653055097,-0.0024056412034861863,0.00815812963411311,0.006275557992734271,0.0039221838469416515,-0.003497973277285682,112.24700927734376
1467,2017-10-31,0.6928145323805993,0.6926576514104844,0.6952724406417788,0.6914548707072586,0.22517639993994895,0.007269110871117146,-0.0008890187629959634,0.00036602899792326227,0.007425991841231938,-0.011890106590602023,112.10310363769533
1468,2017-11-01,0.7006589000744825,0.6979918437854947,0.700920394957019,0.6935990170282084,0.26266326377420807,0.007844367693883192,0.005334192375010316,0.005647954315240122,0.0021441463209497247,0.037486863834259115,112.9664306640625
1469,2017-11-02,0.7003974051919462,0.7043719358936159,0.7097061282686262,0.6953247874965068,0.32546164239603664,-0.00026149488253635056,0.0063800921081211825,0.008785733311607258,0.001725770468298471,0.06279837862182858,113.9990005493164
1470,2017-11-03,0.703116808335662,0.6972074389349202,0.7045810839214242,0.6948540647891276,0.1634589400990842,0.0027194031437158817,-0.007164496958695699,-0.005125044347202068,-0.00047072270737924526,-0.16200270229695243,112.83946228027344
1471,2017-11-06,0.698410219638146,0.6978349628153798,0.6996130003413717,0.6945926497036259,0.110283741180003,-0.0047065886975160565,0.0006275238804596128,-0.004968083580052407,-0.0002614150855017039,-0.05317519891908121,112.94104766845705
1472,2017-11-07,0.7006589000744825,0.6992992384011419,0.7046334307761523,0.6976780818452649,0.22447080018015314,0.0022486804363365254,0.0014642755857621204,0.0050204304347805095,0.003085432141639033,0.11418705900015014,113.1780014038086
1473,2017-11-08,0.7001359901064445,0.6982533386680311,0.7036397981007348,0.6978349628153798,0.2349497072511635,-0.0005229099680380545,-0.0010458997331108666,-0.0009936326754174107,0.0001568809701149032,0.010478907071010346,113.00875091552734
1474,2017-11-09,0.6961614594047748,0.7035351841883133,0.7064114683021442,0.692605384352791,0.20313766701696442,-0.003974530701669643,0.0052818455202822134,0.0027716702014093375,-0.005229578462588869,-0.03181204023419906,113.86358642578124
1475,2017-11-10,0.7008157810445974,0.7088170297085956,0.7094446333860898,0.6973643199050351,0.31633388380123106,0.004654321639822601,0.0052818455202823245,0.003033165083945577,0.004758935552244159,0.11319621678426664,114.71842956542967
1476,2017-11-13,0.7068298441547954,0.6972074389349202,0.7082941197405574,0.6965798352574261,0.4117549917429815,0.006014063110198031,-0.011609590773675404,-0.001150513645532314,-0.0007844846476090517,0.09542110794175046,112.83946228027344
1477,2017-11-14,0.6947495306737407,0.700031376194023,0.7006589000744825,0.6886832005058494,0.27206125206425463,-0.01208031348105476,0.0028239372591027934,-0.007635219666074944,-0.007896634751576648,-0.1396937396787269,113.29651641845705
1478,2017-11-15,0.6961614594047748,0.6992469713434485,0.7018094137200148,0.694226540908668,0.27591953160186156,0.0014119287310341289,-0.000784404850574516,0.001150513645532314,0.005543340402818564,0.0038582795376069234,113.1695785522461
1479,2017-11-16,0.69752120087515,0.68408114592372,0.6984624866958394,0.6832967410731456,0.3566731721963669,0.0013597414703752086,-0.01516582541972844,-0.0033469270241753835,-0.010929799835522336,0.08075364059450535,110.71504974365234
1480,2017-11-17,0.6833490081308391,0.6794268242838974,0.6839765320112986,0.6783809245507866,0.3561177000450383,-0.014172192744310919,-0.004654321639822601,-0.014485954684540836,-0.004915816522359062,-0.0005554721513286176,109.9617691040039
1481,2017-11-20,0.6795314381963189,0.6786424194333229,0.680995713782081,0.673517375086121,0.2350397838162438,-0.003817569934520204,-0.000784404850574516,-0.0029808182292175855,-0.004863549464665606,-0.12107791622879449,109.83483123779295
1482,2017-11-21,0.6816232376625406,0.6831398601030307,0.6852316595692524,0.6799498140489701,0.16943401891607868,0.002091799466221733,0.004497440669707808,0.004235945787171347,0.006432438962849174,-0.06560576490016512,110.5627212524414
1483,2017-11-22,0.6823031083977282,0.6798974671942422,0.6838719978959118,0.6783809245507866,0.11705449632187359,0.0006798707351876043,-0.0032423929087885828,-0.001359661673340562,-0.0015688894981835677,-0.052379522594205086,110.0379409790039
1484,2017-11-24,0.6800020811066636,0.6789561813735527,0.6812048618098893,0.677753400670327,0.045848971625882,-0.002301027291064628,-0.0009412858206894192,-0.002667136086022537,-0.0006275238804596128,-0.07120552469599159,109.88561248779295
1485,2017-11-27,0.6786946864910164,0.6823553754554216,0.6844995217763714,0.6780671626105568,0.2025972076264825,-0.0013073946156472172,0.0033991940818688393,0.0032946599664821496,0.0003137619402298064,0.1567482360006005,110.43572998046876
1486,2017-11-28,0.6813617427800042,0.6955862025820087,0.6965275681997326,0.6798452001365487,0.2734274133013061,0.002667056288987779,0.013230827126587075,0.012028046423361194,0.0017780375259919268,0.0708302056748236,112.57707977294922
1487,2017-11-29,0.6996130003413717,0.7035351841883133,0.7061499734196077,0.695847697464545,0.26607116048641344,0.018251257561367584,0.00794898160630464,0.009622405219875119,0.0160024973279963,-0.007356252814892661,113.86358642578124
1488,2017-11-30,0.7070913390373318,0.7089739904757452,0.7137328462309547,0.6998222281662146,0.3293649602161838,0.007478338695960041,0.005438806287431874,0.007582872811346952,0.003974530701669643,0.06329379972977034,114.74383544921876
1489,2017-12-01,0.7125823325854224,0.7123209174999205,0.7135236982031463,0.7012865037519768,0.382645248461192,0.0054909935480905725,0.0033469270241753835,-0.00020914802780835906,0.0014642755857621204,0.053280288245008245,115.2855453491211
1490,2017-12-04,0.7134190842907249,0.7131053223504951,0.721420332954723,0.7102290382366643,0.3284792073262273,0.0008367517053025075,0.000784404850574516,0.007896634751576648,0.008942534484687514,-0.054166041134964704,115.4124526977539
1491,2017-12-05,0.7092354055612469,0.707666595860098,0.7177596439903178,0.7066206163299524,0.21977180603512986,-0.004183678729478002,-0.005438726490397117,-0.00366068896440519,-0.003608421906711845,-0.10870740129109746,114.53226470947266
1492,2017-12-06,0.7097583953263196,0.7078757438879062,0.7120070757626562,0.706568349272259,0.15685332532652754,0.0005229897650727011,0.00020914802780824804,-0.00575256822766157,-5.2267057693455854e-05,-0.06291848070860231,114.56610107421876
1493,2017-12-07,0.7049471927163821,0.7018617605747429,0.7067252302423739,0.7005020191043677,0.16231797027473352,-0.004811202609937504,-0.006013983313163274,-0.0052818455202823245,-0.006066330167891265,0.005464644948205977,113.59276580810548
1494,2017-12-08,0.6995083864289502,0.6994561193712568,0.6997698813114867,0.6945403028488978,0.16293349346944902,-0.005438806287431874,-0.0024056412034860752,-0.0069553489308872285,-0.005961716255469929,0.0006155231947155004,113.81400299072266
1495,2017-12-11,0.7003451381342528,0.6963706872296177,0.7007112469292106,0.6931282943208291,0.16044137516889356,0.0008367517053026186,-0.003085432141639144,0.0009413656177239549,-0.0014120085280686645,-0.002492118300555457,113.31193542480467
1496,2017-12-12,0.6945926497036259,0.702593898367624,0.7039012929832712,0.6942788079663614,0.21088425161387178,-0.005752488430626923,0.006223211138006279,0.0031900460540605913,0.001150513645532314,0.05044287644497822,114.3245620727539
1497,2017-12-13,0.7026984324830108,0.6984624866958394,0.7026984324830108,0.6966844491698475,0.1994595406095181,0.008105782779384896,-0.004131411671784546,-0.0012028605002604165,0.0024056412034860752,-0.011424711004353688,113.65228271484376
1498,2017-12-14,0.7007635139869041,0.693337522145672,0.7016525327499,0.6895199522111519,0.19196817294700497,-0.001934918496106719,-0.005124964550167421,-0.0010458997331107556,-0.0071644969586955876,-0.0074913676625131265,112.81837463378906
1499,2017-12-15,0.696736716227541,0.7054178356267267,0.7078234768302128,0.6950632926139705,0.4760096081669419,-0.004026797759363099,0.01208031348105465,0.0061709440803128235,0.005543340402818564,0.2840414352199369,114.7840576171875
1500,2017-12-18,0.7091308714458601,0.7070913390373318,0.717968792018126,0.7043719358936159,0.25413601561327126,0.012394155218319103,0.001673503410605126,0.010145315187913173,0.009308643279645423,-0.22187359255367062,115.0563735961914
1501,2017-12-19,0.7112749379697751,0.7088170297085956,0.7144127169661423,0.705626983654535,0.2091277585948056,0.002144066523915078,0.0017256906712638242,-0.0035560750519837425,0.0012550477609191146,-0.04500825701846567,115.3371810913086
1502,2017-12-20,0.7135759652608398,0.7073527541228335,0.7135759652608398,0.7049471927163821,0.16066656658159437,0.002301027291064628,-0.0014642755857621204,-0.0008367517053025075,-0.0006797909381529577,-0.048461192013211224,115.0988998413086
1503,2017-12-21,0.7105951470316221,0.7030645412779687,0.7122685706451926,0.6873758058902022,0.14072962017715057,-0.0029808182292176966,-0.004288212844864803,-0.0013073946156472172,-0.01757138682617987,-0.019936946404443795,114.4011459350586
1504,2017-12-22,0.7044242029513093,0.7028030463954323,0.7052609546566118,0.7002928710765594,0.13190211679927938,-0.0061709440803128235,-0.00026149488253635056,-0.007007615988580795,0.012917065186357157,-0.008827503377871193,114.35858154296876
1505,2017-12-26,0.7054701026844201,0.7048425788039605,0.7091831385035534,0.7016002656922066,0.0847620477405795,0.0010458997331108666,0.0020395324085281663,0.0039221838469416515,0.0013073946156472172,-0.047140069058699885,114.6904754638672
1506,2017-12-27,0.705626983654535,0.7047903117462672,0.7067252302423739,0.7022800566303595,0.14193064104488815,0.0001568809701149032,-5.226705769334483e-05,-0.002457908261179531,0.0006797909381529577,0.05716859330430865,114.68193817138672
1507,2017-12-28,0.70730048706514,0.7094446333860898,0.7096537814138981,0.704894845861654,0.10489416003603062,0.001673503410605015,0.004654321639822601,0.0029285511715242407,0.0026147892312944343,-0.03703648100885752,115.43930053710938
1508,2017-12-29,0.7113272848245031,0.7093400194736683,0.7137851930856827,0.7074573680352549,0.12424560876745233,0.004026797759363099,-0.00010461391242144735,0.004131411671784546,0.0025625221736009784,0.019351448731421708,115.42227172851562
1509,2018-01-02,0.7127915604102653,0.6901997431493049,0.7127915604102653,0.6874804198026236,0.3586248311064405,0.0014642755857621204,-0.019140276324363437,-0.0009936326754174107,-0.019976948232631297,0.23437922233898817,112.30780792236328
1510,2018-01-03,0.6873758058902022,0.6923961565279481,0.6943834218787829,0.6873758058902022,0.19638192463594054,-0.02541575452006306,0.0021964133786431805,-0.018408138531482376,-0.00010461391242144735,-0.16224290647049996,112.66522216796876
1511,2018-01-04,0.6964752213450045,0.6923961565279481,0.6994561193712568,0.6921870085001397,0.17947755592253414,0.009099415454802307,0.0,0.005072697492473965,0.004811202609937504,-0.016904368713406392,112.66522216796876
1512,2018-01-05,0.693337522145672,0.6911411087670288,0.693337522145672,0.6870096970952443,0.1717609968473202,-0.0031376991993324888,-0.0012550477609192257,-0.006118597225584832,-0.005177311404895413,-0.00771655907521393,112.46097564697266
1513,2018-01-08,0.6911411087670288,0.6874280729478955,0.6923961565279481,0.6855977683642103,0.2016664164539859,-0.0021964133786431805,-0.0037130358191332924,-0.0009413656177239549,-0.0014119287310340178,0.02990541960666568,111.85681915283205
1514,2018-01-09,0.6933897892033655,0.6927622653229059,0.7017571466623215,0.6913502567948372,0.31839063203723167,0.0022486804363366364,0.005334192375010316,0.009360990134373415,0.005752488430626923,0.11672421558324578,112.72476959228516
1515,2018-01-10,0.6929191462930208,0.6908796138844925,0.6956385494367366,0.689363071241037,0.17590451884101485,-0.0004706429103447096,-0.0018826514384133741,-0.006118597225584832,-0.001987185553800175,-0.14248611319621682,112.41844940185548
1516,2018-01-11,0.690774999972071,0.6920823945877183,0.6949064116438556,0.6885263195357345,0.15710854226092177,-0.0021441463209497247,0.0012027807032257698,-0.0007321377928810602,-0.0008367517053025075,-0.018795976580093077,112.6141586303711
1517,2018-01-12,0.6957954304068515,0.7045810839214242,0.7059408253917995,0.6904612380318412,0.3017715057799129,0.0050204304347805095,0.012498689333705904,0.011034413747943894,0.001934918496106719,0.14466296351899113,114.6479263305664
1518,2018-01-16,0.7065160822145656,0.7087124955932088,0.7113795518821966,0.7029599273655471,0.2716258819996997,0.010720651807714088,0.004131411671784657,0.005438726490397117,0.012498689333705904,-0.030145623780213182,115.32015228271484
1519,2018-01-17,0.7143604499084488,0.7157201115817895,0.7185440488408922,0.7087647626509022,0.25973577540909776,0.007844367693883192,0.007007615988580684,0.0071644969586955876,0.005804835285355026,-0.011890106590601968,116.4604263305664
1520,2018-01-18,0.7167660113149004,0.7182302869006624,0.7201129383390757,0.7121639567327711,0.23437922233898814,0.0024055614064515396,0.002510175318872876,0.0015688894981835677,0.0033991940818689503,-0.025356553070109616,116.86886596679688
1521,2018-01-19,0.7204267002793056,0.7208974229866849,0.721629560779566,0.7148310928187935,0.24442275934544364,0.00366068896440519,0.002667136086022537,0.0015166224404902229,0.002667136086022426,0.010043537006455494,117.30287170410156
1522,2018-01-22,0.7188578905781566,0.7287417906805682,0.7287417906805682,0.7181257527852756,0.43874793574538357,-0.001568809701148921,0.007844367693883303,0.007112229901002243,0.0032946599664820386,0.19432517639993993,118.57929229736328
1523,2018-01-23,0.7548373361387842,0.7648781172113107,0.7685388859727506,0.7467314735623647,0.7578591803032577,0.0359794455606276,0.0361363265307425,0.03979709529218234,0.028605720777089116,0.31911124455787415,124.45935821533205
1524,2018-01-24,0.7682773910902142,0.7719903471123128,0.7742391073456841,0.7649304640660387,0.35692838913076114,0.01344005495142997,0.007112229901002132,0.005700221372933578,0.018198990503674017,-0.4009307911724966,125.61660766601562
1525,2018-01-25,0.7709967144368954,0.7764355207243273,0.778579667045277,0.7684865391180226,0.33230746134214084,0.002719323346681235,0.004445173612014464,0.004340559699592905,0.0035560750519838535,-0.024620927788620295,126.3398895263672
1526,2018-01-26,0.7812989903919583,0.7814036043043797,0.7854304020637428,0.7753372741364883,0.3810839213331332,0.010302275955062834,0.004968083580052407,0.006850735018465781,0.006850735018465781,0.04877645999099234,127.14828491210938
1527,2018-01-29,0.7819265940694524,0.7789980428979283,0.7828156128324484,0.7769061636346719,0.28021318120402344,0.0006276036774941485,-0.0024055614064514286,-0.0026147892312944343,0.0015688894981835677,-0.10087074012910974,126.75686645507812
1528,2018-01-30,0.7775860343698596,0.7777429153399744,0.7866331827669686,0.7739776124631478,0.35991592853925836,-0.004340559699592794,-0.0012551275579538723,0.003817569934520204,-0.0029285511715241297,0.07970274733523491,126.55265808105467
1529,2018-01-31,0.7755987690190247,0.7840183935356742,0.7853780552090147,0.7725133368773857,0.3128058850022519,-0.0019872653508349325,0.006275478195699735,-0.0012551275579538723,-0.0014642755857621204,-0.04711004353700643,127.57376861572266
1530,2018-02-01,0.7827632659777204,0.7844367693883254,0.7869469447071984,0.7781612911926258,0.2993394385227443,0.007164496958695699,0.00041837585265125377,0.0015688894981836787,0.005647954315240122,-0.013466446479507621,127.64185333251952
1531,2018-02-02,0.7828156128324484,0.7737161175806113,0.7873130535021562,0.7729839797877303,0.34497823149677226,5.23468547279915e-05,-0.010720651807714088,0.0003661087949577979,-0.005177311404895524,0.04563879297402795,125.89740753173828
1532,2018-02-05,0.7668131155044521,0.7400899663687418,0.7733500885826882,0.7298923043261005,0.5042636240804684,-0.0160024973279963,-0.033626151211869515,-0.013962964919468024,-0.04309167546162973,0.15928539258369617,120.42583465576172
1533,2018-02-06,0.716556863287092,0.7365861583744514,0.7384688098128648,0.7129484413803802,0.5903167692538658,-0.050256252217360076,-0.0035038079942903977,-0.03488127876982339,-0.016943862945720367,0.08605314517339735,119.855712890625
1534,2018-02-07,0.7325593606150883,0.7433322794804957,0.7527455366725626,0.7319318367346287,0.4555171896111695,0.0160024973279963,0.006746121106044334,0.01427672685969783,0.018983395354248533,-0.1347995796426963,120.9534149169922
1535,2018-02-08,0.7400899663687418,0.7060453595071863,0.7424955277751932,0.7055224495391482,0.47444828103888304,0.0075306057536534965,-0.03728691997330946,-0.010250008897369378,-0.02640938719548047,0.018931091427713542,114.88619995117188
1536,2018-02-09,0.710752028001737,0.7168706252273218,0.7224662326878338,0.6942788079663614,0.5487764599909923,-0.029337938367004823,0.010825265720135535,-0.0200292950873594,-0.011243641572786789,0.0743281789521093,116.64762115478516
1537,2018-02-12,0.7178642579027392,0.7224139656301404,0.7278004250628441,0.7116410467647329,0.3609968473202222,0.007112229901002243,0.005543340402818564,0.005334192375010316,0.01736223879837151,-0.18777961267077015,117.54966735839844
1538,2018-02-13,0.719799176398846,0.724714992921205,0.7259701204791589,0.7149879737889084,0.19250863233748686,0.00193491849610683,0.002301027291064628,-0.0018303045836852716,0.0033469270241754945,-0.16848821498273533,117.9240493774414
1539,2018-02-14,0.7197469093411526,0.7352787637588042,0.7367430393445663,0.7197469093411526,0.28630836210779165,-5.2267057693455854e-05,0.010563770837599185,0.010772918865407433,0.004758935552244159,0.09379972977030479,119.64298248291016
1540,2018-02-15,0.7423386468050783,0.7367430393445663,0.7438552692455686,0.7316703418520923,0.21110944302657259,0.022591737463925732,0.0014642755857621204,0.007112229901002243,0.011923432510939747,-0.07519891908121906,119.88125610351562
1541,2018-02-16,0.737004454430068,0.7382073149303284,0.7419726178071552,0.7344420120535017,0.28883050593004056,-0.005334192375010316,0.0014642755857621204,-0.0018826514384133741,0.0027716702014093375,0.07772106290346797,120.11952209472656
1542,2018-02-20,0.73465116008131,0.7272775150948061,0.736324663491915,0.7237213602457876,0.2301606365410599,-0.0023532943487579727,-0.010929799835522336,-0.005647954315240122,-0.010720651807714088,-0.05866986938898067,118.34103393554688
1543,2018-02-21,0.7283756818856103,0.7245057650963621,0.7369521873723747,0.7244012309809753,0.20034529349947455,-0.006275478195699735,-0.002771749998443984,0.0006275238804596128,0.0006798707351877153,-0.02981534304158534,117.8899917602539
1544,2018-02-22,0.7252379028892432,0.719799176398846,0.7320887177047436,0.7182826337553905,0.26192763849271883,-0.0031377789963671354,-0.0047065886975160565,-0.004863469667631071,-0.006118597225584832,0.061582344993244276,117.12413787841795
1545,2018-02-23,0.723250717335443,0.7307813230890964,0.7313565799118625,0.7194331474009228,0.3012010208677376,-0.001987185553800175,0.010982146690250327,-0.0007321377928810602,0.001150513645532314,0.03927338237501876,118.9111328125
1546,2018-02-26,0.7332392313502759,0.7456333067715604,0.7499215196164253,0.7332392313502759,0.2716709202822399,0.009988514014832917,0.014851983682463987,0.018564939704562744,0.01380608394935312,-0.02953010058549771,121.32781982421876
1547,2018-02-27,0.7485095908853912,0.7401945004841286,0.7499738664711533,0.7377889390776772,0.280663564029425,0.015270359535115241,-0.005438806287431763,5.23468547279915e-05,0.004549707727401264,0.008992643747185114,120.44284057617188
1548,2018-02-28,0.7424432607174998,0.7269114062998482,0.7466269394469778,0.726336149477082,0.21956162738327578,-0.006066330167891376,-0.01328309418428042,-0.0033469270241754945,-0.011452789600595148,-0.06110193664614921,118.28145599365234
1549,2018-03-01,0.7290032057660699,0.7267545253297333,0.7318272228222072,0.7173935351953599,0.3576189761297103,-0.013440054951429858,-0.0001568809701149032,-0.014799716624770531,-0.008942614281722161,0.1380573487464345,118.25592041015624
1550,2018-03-02,0.7216818278372594,0.7210543039567998,0.7259177736244308,0.7151971218167168,0.2768653355352049,-0.007321377928810491,-0.005700221372933467,-0.005909449197776473,-0.0021964133786430695,-0.08075364059450535,117.32842254638672
1551,2018-03-05,0.7217864417496809,0.7299445713837939,0.7341282501132719,0.7201129383390757,0.2857228644347696,0.00010461391242144735,0.008890267426994058,0.0082104764888411,0.004915816522358951,0.008857528899564648,118.77499389648438
1552,2018-03-06,0.7328208554976247,0.7394100956335541,0.7401422334264351,0.7284802957980318,0.22050743131661912,0.011034413747943783,0.009465524249760215,0.006013983313163274,0.008367357458956004,-0.06521543311815045,120.31520080566406
1553,2018-03-07,0.7344942791111951,0.7262838824193887,0.7359062876392638,0.7192239195760799,0.2671370665065306,0.0016734236135704794,-0.013126213214165405,-0.004235945787171347,-0.009256376221951856,0.04662963518991145,118.17935943603516
1554,2018-03-08,0.7264930304471969,0.7304152142941386,0.731408846969556,0.7227277275703702,0.24879147275183908,-0.008001248663998206,0.0041313318747498995,-0.004497440669707808,0.0035038079942902867,-0.018345593754691497,119.47097778320312
1555,2018-03-09,0.7331868844955479,0.7441690311857982,0.7448488221239513,0.7312519659994411,0.2145623780213181,0.006693854048350989,0.013753816891659665,0.013439975154395323,0.008524238429070907,-0.034229094730520965,121.72062683105467
1556,2018-03-12,0.7467314735623647,0.7399330853986269,0.7491371147658508,0.7368475734599531,0.18251013361357155,0.01354458906681677,-0.004235945787171347,0.004288292641899449,0.00559560746051202,-0.032052244407746566,121.02774810791016
1557,2018-03-13,0.7441166843310703,0.7357494066691489,0.7457901877416753,0.7348080410514248,0.20229695240954812,-0.0026147892312944343,-0.004183678729478002,-0.0033469270241754945,-0.0020395324085282773,0.019786818795976574,120.34347534179688
1558,2018-03-14,0.7409266382770097,0.7296308094435641,0.7409266382770097,0.7269636733575416,0.192928989641195,-0.0031900460540605913,-0.006118597225584832,-0.004863549464665606,-0.007844367693883192,-0.00936796276835311,119.34265899658205
1559,2018-03-15,0.7333961123203908,0.7345988930236166,0.7416588558669254,0.728898671650683,0.19797327728569283,-0.00753052595661885,0.004968083580052518,0.0007322175899157068,0.0019349982931413656,0.005044287644497825,120.1552734375
1560,2018-03-16,0.7329253896130115,0.7390440666356309,0.7431231314526875,0.732297865732552,0.5937396787269179,-0.0004707227073793563,0.004445173612014353,0.0014642755857621204,0.0033991940818689503,0.3957664014412251,120.8823471069336
1561,2018-03-19,0.7388871058684814,0.7322455986748585,0.7388871058684814,0.7298399574713724,0.22747335234949706,0.005961716255469929,-0.006798467960772436,-0.0042360255842061045,-0.002457908261179531,-0.36626632637742085,119.77033996582033
1562,2018-03-20,0.7354879117866125,0.7398807385438988,0.7432276655680743,0.7330822705831264,0.14619426512535655,-0.0033991940818688393,0.007635139869040297,0.004340559699592905,0.003242313111753936,-0.08127908722414051,121.0191650390625
1563,2018-03-21,0.74029911439655,0.7378935529900986,0.7459470687117902,0.7342327842286587,0.19761297102537156,0.004811202609937504,-0.001987185553800175,0.0027194031437158817,0.001150513645532314,0.051418705900015016,120.69420623779295
1564,2018-03-22,0.7321932518201305,0.7224662326878338,0.7354356447289191,0.722152470747604,0.35326527548416153,-0.008105862576419542,-0.015427320302264791,-0.010511423982871082,-0.01208031348105465,0.15565230445878997,118.17078399658205
1565,2018-03-23,0.7237213602457876,0.7054701026844201,0.7237213602457876,0.7047903117462672,0.25385077315718363,-0.008471891574342916,-0.016996130003413712,-0.011714284483131499,-0.017362159001336863,-0.0994145023269779,115.39079284667967
1566,2018-03-26,0.7142035689383339,0.7228323414827917,0.7237213602457876,0.7121116896750777,0.20484912175349046,-0.009517791307453671,0.01736223879837162,0.0,0.007321377928810491,-0.04900165140369317,118.23067474365234
1567,2018-03-27,0.7278526921205376,0.7151448547590233,0.7278526921205376,0.7108565621171239,0.22714307161086925,0.013649123182203682,-0.0076874867237684,0.0041313318747500105,-0.0012551275579537613,0.022293949857378786,116.97325897216795
1568,2018-03-28,0.7170797732551301,0.7258131597120093,0.7286894438258401,0.7137851930856827,0.2684431767001952,-0.010772918865407544,0.010668304952985985,0.0008367517053025075,0.0029286309685587764,0.04130010508932594,118.71823120117188
1569,2018-03-29,0.7294215816187212,0.7261792685069671,0.7319841037923221,0.7241397360984388,0.20687584446779764,0.012341808363591111,0.0003661087949577979,0.0032946599664820386,0.010354543012756179,-0.06156733223239755,118.77810668945312
1570,2018-04-02,0.7244012309809753,0.7051563407441903,0.7254993977717795,0.694958678701549,0.3325927037982285,-0.005020350637745863,-0.02102292776277681,-0.00648470602054263,-0.02918105739688981,0.12571685933043084,115.3394775390625
1571,2018-04-03,0.7080848919157146,0.7163999823169771,0.7179165249604327,0.7051563407441903,0.22100285242456089,-0.016316339065260754,0.011243641572786789,-0.007582872811346841,0.010197662042641276,-0.11158985137366759,117.17853546142578
1572,2018-04-04,0.7060977063619144,0.7249764878037415,0.7259177736244308,0.7035874512460067,0.22214382224891158,-0.001987185553800175,0.008576505486764363,0.008001248663998095,-0.0015688894981835677,0.0011409698243506905,118.58136749267578
1573,2018-04-05,0.727957306032959,0.7284279489433038,0.732297865732552,0.7219433227197958,0.18159435520192163,0.02185959967104467,0.003451461139562295,0.0063800921081211825,0.01835587147378903,-0.040549467046989945,119.14591217041016
1574,2018-04-06,0.7245581119510902,0.7177596439903178,0.729735343558951,0.7134713513484183,0.2610118600810689,-0.0033991940818688393,-0.010668304952985985,-0.0025625221736009784,-0.008471971371377451,0.07941750487914728,117.4009246826172
1575,2018-04-09,0.7204267002793056,0.7176550300778962,0.7275389301803078,0.7136805791732612,0.2639693739678727,-0.004131411671784657,-0.00010461391242155837,-0.0021964133786431805,0.0002092278248428947,0.0029575138868037643,117.38380432128906
1576,2018-04-10,0.7253425168016646,0.7209496900443784,0.7282710679731889,0.7170797732551301,0.19905419606665667,0.004915816522359062,0.0032946599664821496,0.0007321377928810602,0.0033991940818688393,-0.06491517790121601,117.9227294921875
1577,2018-04-11,0.7101767711789708,0.7143081030537208,0.7171321201098582,0.7093400194736683,0.1381624380723615,-0.015165745622693794,-0.006641586990657533,-0.011138947863330695,-0.0077397537814617445,-0.060891757994295165,116.83637237548828
1578,2018-04-12,0.7182826337553905,0.717968792018126,0.7234075983055579,0.7150402408466019,0.1642696291848071,0.008105862576419653,0.00366068896440519,0.006275478195699735,0.005700221372933578,0.026107191112445582,117.43516540527344
1579,2018-04-13,0.7236167463333661,0.7127392135555373,0.7248718738913199,0.7091308714458601,0.15472151328629336,0.005334112577975669,-0.005229578462588758,0.0014642755857620093,-0.005909369400741826,-0.009548115898513732,116.57977294921876
1580,2018-04-16,0.7193285334885013,0.7193285334885013,0.7233553312478644,0.7127915604102653,0.20340789671220538,-0.004288212844864803,0.006589319932964077,-0.0015165426434554652,0.00366068896440519,0.04868638342591203,117.6575698852539
1581,2018-04-17,0.7241397360984388,0.7182302869006624,0.7268591392421548,0.7165045164323639,0.272841915628284,0.004811202609937504,-0.0010982465878389691,0.0035038079942903977,0.0037129560220986457,0.06943401891607864,117.47792053222656
1582,2018-04-18,0.7204790471340337,0.7136805791732612,0.7212634519846081,0.7069343782701822,0.21002852424560878,-0.00366068896440519,-0.004549707727401153,-0.0055956872575467775,-0.009570138162181663,-0.06281339138267525,116.7337646484375
1583,2018-04-19,0.7099152762964345,0.7143081030537208,0.7191716525183864,0.7093922865313618,0.257633988890557,-0.010563770837599185,0.0006275238804596128,-0.002091799466221622,0.002457908261179531,0.04760546464494822,116.83637237548828
1584,2018-04-20,0.7157201115817895,0.715615497669368,0.7208450761319568,0.7104382660615073,0.21445728869539107,0.005804835285355026,0.0013073946156472172,0.0016734236135703684,0.0010459795301455133,-0.043176700195165924,117.0502471923828
1585,2018-04-23,0.7169228922850153,0.7176550300778962,0.7200083244266543,0.7113795518821966,0.2582795376069659,0.0012027807032257698,0.0020395324085281663,-0.0008367517053025075,0.0009412858206893082,0.04382224891157485,117.38380432128906
1586,2018-04-24,0.6910364948546074,0.6949064116438556,0.7003974051919462,0.6839765320112986,0.4725866986938898,-0.02588639743040788,-0.022748618434040635,-0.019610919234708146,-0.027403019870897993,0.21430716108692388,113.66295623779295
1587,2018-04-25,0.6898337141513817,0.6914548707072586,0.6969982111100773,0.6871143110076657,0.2792373517489866,-0.0012027807032256588,-0.003451540936596942,-0.0033991940818688393,0.0031377789963671354,-0.1933493469449032,113.098388671875
1588,2018-04-26,0.6920823945877183,0.6952724406417788,0.6972597059926137,0.6877418348881253,0.25713856778261523,0.0022486804363365254,0.003817569934520204,0.00026149488253635056,0.0006275238804596128,-0.022098783966371383,113.72279357910156
1589,2018-04-27,0.6920823945877183,0.6965275681997326,0.6996130003413717,0.69004286217919,0.16620627533403393,0.0,0.0012551275579537613,0.0023532943487580837,0.002301027291064628,-0.09093229244858131,113.9281005859375
1590,2018-04-30,0.7001359901064445,0.6882125575955047,0.702593898367624,0.6875849539180104,0.25703347845668817,0.008053595518726198,-0.008315010604227902,0.002980898026252232,-0.002457908261179531,0.09082720312265424,112.56805419921876
1591,2018-05-01,0.6880033297706617,0.6855454215094822,0.6880033297706617,0.6782763106383651,0.1898663864284642,-0.012132660335782752,-0.002667136086022537,-0.014590568596962283,-0.009308643279645312,-0.06716709202822396,112.1317901611328
1592,2018-05-02,0.6825122564255365,0.6710595466219761,0.6839765320112986,0.6653592853505252,0.3311514787569434,-0.005491073345125219,-0.014485874887506078,-0.004026797759363099,-0.01291702528783989,0.1412850923284792,109.76238250732422
1593,2018-05-03,0.6663006110697319,0.6657776213046592,0.6683924105359537,0.6544817525726963,0.3404443777210629,-0.01621164535580455,-0.00528192531731686,-0.015584121475344936,-0.010877532777828991,0.0092928989641195,108.89846801757812
1594,2018-05-04,0.6626398822068094,0.6783286574930931,0.6821462274276133,0.661646249531392,0.23200720612520642,-0.0036607288629225687,0.012551036188433895,0.013753816891659665,0.007164496958695699,-0.10843717159585647,110.9513931274414
1595,2018-05-07,0.6779625486981353,0.6745633546162665,0.6789561813735527,0.6734128409707342,0.18359105239453535,0.015322666491325965,-0.0037653028768266372,-0.0031900460540605913,0.011766591439342222,-0.04841615373067107,110.3354949951172
1596,2018-05-08,0.6745110077615384,0.672837584147968,0.6779102816404419,0.6688107863886048,0.18600810689085723,-0.003451540936596942,-0.001725770468298471,-0.0010458997331108666,-0.004602054582129367,0.0024170544963218743,110.05323791503906
1597,2018-05-09,0.6766551540824881,0.6785378055209015,0.6809434467243876,0.6724192082953167,0.17488365110343793,0.0021441463209497247,0.005700221372933467,0.003033165083945688,0.003608421906711845,-0.011124455787419302,110.985595703125
1598,2018-05-10,0.6795314381963189,0.684447254718678,0.685859183449712,0.6769166489650245,0.1376219786818796,0.002876284113830785,0.005909449197776473,0.0049157367253244155,0.004497440669707808,-0.03726167242155834,111.95217895507812
1599,2018-05-11,0.6850225115414441,0.6863821732147848,0.690774999972071,0.6830352461906093,0.15713856778261523,0.005491073345125219,0.00193491849610683,0.004915816522359062,0.006118597225584832,0.019516589100735643,112.2686767578125
1600,2018-05-14,0.6877418348881253,0.6798452001365487,0.6891015763585007,0.6783809245507866,0.1833208226992944,0.002719323346681235,-0.006536973078236086,-0.0016734236135703684,-0.004654321639822712,0.026182254916679165,111.19942474365234
1601,2018-05-15,0.6756615214070707,0.6791130623436676,0.6816755845172686,0.6737788699686573,0.23232247410298754,-0.01208031348105465,-0.0007321377928810602,-0.007425991841232049,-0.004602054582129256,0.04900165140369314,111.07968139648438
1602,2018-05-16,0.6789561813735527,0.6806296049871231,0.6826691373956514,0.6773350248176757,0.12618225491667917,0.0032946599664820386,0.0015165426434554652,0.000993552878382764,0.003556154849018389,-0.10614021918630837,111.32772064208984
1603,2018-05-17,0.6798452001365487,0.6836105030133754,0.6841857598361416,0.6781716967259436,0.12127308211980183,0.0008890187629959634,0.0029808980262523432,0.0015166224404902229,0.0008366719082678609,-0.004909172796877345,111.8153305053711
1604,2018-05-18,0.6838196510411837,0.6790607952859742,0.6838719978959118,0.6773350248176757,0.14804083470950308,0.003974450904634996,-0.004549707727401264,-0.0003137619402298064,-0.0008366719082678609,0.026767752589701252,111.0711441040039
1605,2018-05-21,0.683558235955682,0.6858069163920186,0.6900952090339181,0.6799498140489701,0.15427113046089175,-0.0002614150855017039,0.006746121106044445,0.006223211138006279,0.0026147892312944343,0.00623029575138867,112.1745834350586
1606,2018-05-22,0.6857546493343252,0.6872711919777806,0.6906181190019561,0.6828260981628009,0.11547815643296802,0.0021964133786431805,0.0014642755857620093,0.0005229099680380545,0.002876284113830785,-0.03879297402792373,112.41409301757812
1607,2018-05-23,0.6855977683642103,0.6845517888340648,0.6863299061570913,0.6804204569593149,0.16300855727368263,-0.0001568809701149032,-0.0027194031437158817,-0.004288212844864803,-0.0024056412034860752,0.04753040084071461,111.96926879882812
1608,2018-05-24,0.6838719978959118,0.6832443942184175,0.684290373748563,0.6763936591999518,0.12281939648701397,-0.001725770468298471,-0.0013073946156472172,-0.0020395324085282773,-0.004026797759363099,-0.04018916078666866,111.75540924072266
1609,2018-05-25,0.6807342188995447,0.6852316595692524,0.6875326868603171,0.6805773379294298,0.12708302056748236,-0.0031377789963671354,0.0019872653508348215,0.003242313111754047,0.004183678729478002,0.0042636240804683895,112.08048248291016
1610,2018-05-29,0.6792699433137825,0.6704842897992099,0.6806819518418512,0.6668235609362874,0.261597357754091,-0.0014642755857621204,-0.014747369770042429,-0.006850735018465892,-0.013753776993142397,0.13451433718660863,109.6683120727539
1611,2018-05-30,0.6755569074946493,0.6807342188995447,0.6836105030133754,0.6741449787636151,0.19120252214382225,-0.0037130358191332924,0.010249929100334731,0.0029285511715242407,0.007321417827327759,-0.07039483561026874,111.3448486328125
1612,2018-05-31,0.679374557226204,0.672105446355087,0.6795314381963189,0.6678694606693981,0.26875844467797627,0.0038176497315547397,-0.008628772544457708,-0.004079064817056555,-0.006275518094217003,0.07755592253415403,109.93346405029295
1613,2018-06-01,0.6790084484312462,0.6761321643174154,0.6797405862241273,0.6730990790305044,0.15029274883651103,-0.0003661087949577979,0.004026717962328452,0.00020914802780835906,0.0052296183611062474,-0.11846569584146524,110.59213256835938
1614,2018-06-04,0.6795314381963189,0.6783809245507866,0.6825122564255365,0.6773350248176757,0.15973577540909772,0.0005229897650727011,0.002248760233371172,0.0027716702014092265,0.004235945787171347,0.009443026572586694,110.9599380493164
1615,2018-06-05,0.6759752833473005,0.6755046404369558,0.6773350248176757,0.6698044190640223,0.20735625281489267,-0.003556154849018389,-0.002876284113830785,-0.005177231607860766,-0.0075306057536533855,0.04762047740579495,110.4894790649414
1616,2018-06-06,0.679322210371476,0.6734128409707342,0.6823553754554216,0.6673465108028428,0.35860981834559374,0.0033469270241754945,-0.002091799466221622,0.005020350637745863,-0.002457908261179531,0.15125356553070107,110.14732360839844
1617,2018-06-07,0.6713209617074778,0.6786424194333229,0.6802635759892,0.6675033917729577,0.21968172947004955,-0.008001248663998206,0.005229578462588758,-0.002091799466221622,0.0001568809701149032,-0.1389280888755442,111.6704559326172
1618,2018-06-08,0.6797929330788552,0.6867482820097426,0.688421705623313,0.6774919057877906,0.24116499024170546,0.008471971371377451,0.008105862576419653,0.008158129634112998,0.009988514014832917,0.02148326077165591,113.0042953491211
1619,2018-06-11,0.6868528161251294,0.6824599893678431,0.6876373007727385,0.6821462274276133,0.12127308211980183,0.00705988304627414,-0.004288292641899449,-0.000784404850574405,0.004654321639822712,-0.11989190812190363,112.29865264892578
1620,2018-06-12,0.6825122564255365,0.6776487867579055,0.6844995217763714,0.6751386114390326,0.16339888905569735,-0.004340559699592905,-0.004811202609937615,-0.0031377789963671354,-0.007007615988580684,0.04212580693589553,111.5069351196289
1621,2018-06-13,0.6800020811066636,0.6783809245507866,0.6841334927784481,0.6758184023771856,0.17567932742831407,-0.002510175318872876,0.0007321377928810602,-0.00036602899792326227,0.0006797909381529577,0.01228043837261672,111.62743377685548
1622,2018-06-14,0.6795314381963189,0.6738834838810788,0.6802635759892,0.6733082270583126,0.18300555472151328,-0.0004706429103447096,-0.004497440669707808,-0.0038699167892481956,-0.002510175318872987,0.007326227293199206,110.88738250732422
1623,2018-06-15,0.6696998051516008,0.6765505401700667,0.6768643021102965,0.6681309555519346,0.49264374718510734,-0.009831633044718124,0.00266705628898789,-0.003399273878903486,-0.005177271506378034,0.30963819246359403,111.32624816894533
1624,2018-06-18,0.6696475380939074,0.6672418968904212,0.6706934378270182,0.6627967631769242,0.2536856327878697,-5.226705769334483e-05,-0.009308643279645423,-0.006170864283278288,-0.005334192375010427,-0.23895811439723763,109.79451751708984
1625,2018-06-19,0.6617508634438134,0.6702227949166736,0.671216427592091,0.6617508634438134,0.17317219636691186,-0.007896674650094027,0.0029808980262523432,0.0005229897650728121,-0.0010458997331107556,-0.08051343642095785,110.28500366210938
1626,2018-06-20,0.673569721940849,0.6536450008673937,0.6737266029109639,0.6532266649132599,0.21655907521393183,0.011818858497035567,-0.016577794049279837,0.002510175318872876,-0.008524198530553528,0.04338687884701997,107.55713653564452
1627,2018-06-21,0.6504026877556398,0.6455914452471849,0.6533835458833747,0.6423491321354308,0.23927338237501877,-0.023167034185209157,-0.008053555620208819,-0.020343057027589206,-0.010877532777829102,0.02271430716108694,106.2319107055664
1628,2018-06-22,0.6495136290941266,0.6506118756819654,0.6553184643794816,0.646794265848928,0.22296952409548115,-0.0008890586615132312,0.0050204304347805095,0.001934918496106941,0.004445133713497196,-0.01630385827953762,107.05802154541016
1629,2018-06-25,0.6500888859168927,0.6470034537752536,0.6532789319709533,0.6404141737408068,0.25592253415403093,0.000575256822766157,-0.003608421906711845,-0.0020395324085282773,-0.0063800921081211825,0.03295301005854978,106.46427154541016
1630,2018-06-26,0.6475787105980196,0.6412509254461094,0.6505595687257547,0.6407802426372473,0.1971025371565831,-0.002510175318873098,-0.005752528329144191,-0.002719363245198614,0.0003660688964405301,-0.05881999699744783,105.51771545410156
1631,2018-06-27,0.6407802426372473,0.634557031499241,0.6456960591596064,0.634295576515222,0.15848971625882,-0.006798467960772325,-0.006693893946868368,-0.0048635095661483385,-0.006484666122025362,-0.038612820897763106,104.41619873046876
1632,2018-06-28,0.6329881818995748,0.6403618667845962,0.6423491321354308,0.6314192924013912,0.1900315267977781,-0.007792060737672468,0.005804835285355137,-0.0033469270241756055,-0.002876284113830785,0.031541810538958104,105.37139129638672
1633,2018-06-29,0.6405710547109216,0.6397866099618299,0.6485723033749198,0.6385315223023934,0.18323074613421408,0.00758287281134673,-0.000575256822766268,0.0062231712394890115,0.007112229901002243,-0.0068007806635640156,105.2767333984375
1634,2018-07-02,0.6384269482884892,0.6400481048443663,0.6403618667845962,0.6348708333379881,0.16446479507581444,-0.002144106422432346,0.00026149488253635056,-0.008210436590323611,-0.003660688964405301,-0.01876595105839965,105.31979370117188
1635,2018-07-03,0.6436042197948674,0.6420353302966838,0.648729224243552,0.6413554994600135,0.09894910674072963,0.005177271506378145,0.0019872254523175537,0.008367357458955782,0.006484666122025362,-0.06551568833508481,105.6467742919922
1636,2018-07-05,0.6454868712332807,0.6411463115336878,0.6458006331735104,0.6370149397604207,0.1939648701396187,0.0018826514384133741,-0.0008890187629959634,-0.0029285910700415085,-0.004340559699592794,0.09501576339888906,105.50047302246094
1637,2018-07-06,0.6411986184898986,0.6441794766176335,0.6474218296279047,0.6370672467166313,0.1511785017264675,-0.0042882527433821815,0.003033165083945688,0.0016211964543942914,5.2306956210612654e-05,-0.0427863684131512,105.99960327148438
1638,2018-07-09,0.6476309776557131,0.6557891471883435,0.6568350469214543,0.6460621280560469,0.1696892358504729,0.006432359165814527,0.01160967057070994,0.009413217293549603,0.008994881339415617,0.018510734124005418,107.9099349975586
1639,2018-07-10,0.6567827399652436,0.6582470554495231,0.6596590240790744,0.6557368402321327,0.20516438973127157,0.00915176230953052,0.002457908261179642,0.002823977157620061,0.009674712176085842,0.035475153880798665,108.31442260742188
1640,2018-07-11,0.6555799592620178,0.6539588027061408,0.657201115817895,0.6512393995624249,0.1802131812040234,-0.0012027807032257698,-0.0042882527433822926,-0.00245790826117942,-0.004497440669707808,-0.024951208527248164,107.60877990722656
1641,2018-07-12,0.6611756066210472,0.6590314603000975,0.6611756066210472,0.6542725646463706,0.19473052094280138,0.005595647359029399,0.005072657593956698,0.003974490803152264,0.003033165083945688,0.014517339738777973,108.44347381591795
1642,2018-07-13,0.6598159050491894,0.662221506354158,0.6630582580594606,0.6561029091285733,0.13543011559825852,-0.0013597015718578298,0.0031900460540604803,0.0018826514384133741,0.0018303444822026504,-0.05930040534454287,108.96839141845705
1643,2018-07-16,0.664208771704993,0.6703796758867885,0.6705888239145967,0.6621692392964648,0.16529049692238404,0.004392866655803629,0.008158169532630488,0.007530565855136118,0.006066330167891487,0.029860381324125523,110.31082153320312
1644,2018-07-17,0.6724192082953167,0.673517375086121,0.6769689160227179,0.6687062123747007,0.3044738027323225,0.008210436590323611,0.0031376991993324888,0.0063800921081211825,0.006536973078235975,0.13918330580993846,110.82711791992188
1645,2018-07-18,0.6737266029109639,0.6798452001365487,0.6822508413400348,0.6711640807373629,0.21933643597057498,0.0013073946156472172,0.006327825050427727,0.00528192531731686,0.0024578683626621523,-0.08513736676174752,111.86835479736328
1646,2018-07-19,0.6641564647487822,0.6546386335428112,0.6667712539800766,0.6516577754150762,0.41977180603512987,-0.009570138162181663,-0.025206566593737545,-0.015479587359958136,-0.0195063053222867,0.2004353700645549,107.7206573486328
1647,2018-07-20,0.6529651700307234,0.6547432075567154,0.6596067171228636,0.6502457668870075,0.28222489115748384,-0.011191294718058797,0.00010457401390429055,-0.007164536857213077,-0.0014120085280686645,-0.13754691487764603,107.7378387451172
1648,2018-07-23,0.6565735919374353,0.6497228170204521,0.6565735919374353,0.6462713159823724,0.24841615373067108,0.003608421906711845,-0.005020390536263353,-0.0030331251854283092,-0.003974450904635107,-0.03380873742681276,106.9117431640625
1649,2018-07-24,0.6523376062517465,0.6523899132079573,0.6557368402321327,0.6481539674207858,0.28509232847920735,-0.004235985685688726,0.002667096187505158,-0.0008367517053025075,0.0018826514384133741,0.03667617474853627,107.35061645507812
1650,2018-07-25,0.6524944872218614,0.6603911618719555,0.6611756066210472,0.6483631553471115,0.32546164239603664,0.0001568809701149032,0.008001248663998206,0.0054387663889144955,0.0002091879263257379,0.0403693139168293,108.6672134399414
1651,2018-07-26,0.6654638593644294,0.6771781438475608,0.6804727240170083,0.6614893685612769,0.3383125656808287,0.012969372142567992,0.016786981975605353,0.019297117395961072,0.013126213214165405,0.012850923284792037,111.42949676513672
1652,2018-07-27,0.6795314381963189,0.6836627700710688,0.6883694385656196,0.6783286574930931,0.29334934694490317,0.014067578831889471,0.006484626223507983,0.007896714548611294,0.016839288931816188,-0.044963218735925514,112.49655151367188
1653,2018-07-30,0.6825646032802646,0.6855977683642103,0.6901997431493049,0.6805250708717363,0.22334484311664915,0.003033165083945688,0.0019349982931414766,0.0018303045836852716,0.0021964133786431805,-0.07000450382825402,112.81494903564452
1654,2018-07-31,0.6865390541848996,0.6805773379294298,0.6872711919777806,0.6786424194333229,0.2520942801381174,0.003974450904634996,-0.0050204304347805095,-0.0029285511715242407,-0.0018826514384133741,0.02874943702146826,111.98883819580078
1655,2018-08-01,0.6800020811066636,0.6744064736461516,0.6821984944853068,0.6741449787636151,0.2084521843567032,-0.006536973078235975,-0.006170864283278177,-0.005072697492473854,-0.004497440669707808,-0.0436420957814142,110.97342681884766
1656,2018-08-02,0.6696998051516008,0.6711118136796694,0.6738834838810788,0.6641564647487822,0.2670169644197568,-0.010302275955062834,-0.0032946599664821496,-0.008315010604228013,-0.009988514014832917,0.0585647800630536,110.4312973022461
1657,2018-08-03,0.670118181004252,0.6782763106383651,0.6782763106383651,0.6679740745818197,0.28266026122203874,0.00041837585265125377,0.007164496958695699,0.004392826757286361,0.003817609833037472,0.015643296802281936,111.61022186279295
1658,2018-08-06,0.6783809245507866,0.6798452001365487,0.6825646032802646,0.677753400670327,0.23181204023419907,0.008262743546534557,0.0015688894981835677,0.004288292641899449,0.00977932608850729,-0.05084822098783967,111.86835479736328
1659,2018-08-07,0.6825122564255365,0.6795314381963189,0.6857546493343252,0.6786946864910164,0.12272931992193364,0.0041313318747498995,-0.0003137619402298064,0.0031900460540605913,0.0009412858206894192,-0.10908272031226543,111.81676483154295
1660,2018-08-08,0.6791653294013611,0.6757138682617988,0.6791653294013611,0.675190878496726,0.21478756943401892,-0.0033469270241753835,-0.003817569934520093,-0.006589319932964077,-0.0035038079942903977,0.09205824951208527,111.1885757446289
1661,2018-08-09,0.6751386114390326,0.6775441728454841,0.6804727240170083,0.6725760892654316,0.12900465395586247,-0.004026717962328452,0.0018303045836852716,0.0013073946156472172,-0.0026147892312944343,-0.08578291547815645,111.48974609375
1662,2018-08-10,0.6732036131458912,0.6739357509387722,0.6754523733792623,0.6673465108028428,0.1437922233898814,-0.0019349982931414766,-0.003608421906711845,-0.005020350637745974,-0.005229578462588758,0.014787569434018932,110.8959732055664
1663,2018-08-13,0.6729944651180828,0.6696475380939074,0.6764460060546797,0.6673465108028428,0.1816243807236151,-0.00020914802780835906,-0.004288212844864803,0.0009936326754174107,0.0,0.037832157333733685,110.19035339355467
1664,2018-08-14,0.6691768552850453,0.6669804419064023,0.6693337362551602,0.6624830012366945,0.17171595856478006,-0.003817609833037472,-0.002667096187505158,-0.0071122697995195105,-0.0048635095661483385,-0.009908422158835029,109.7514877319336
1665,2018-08-15,0.6647840285277592,0.6734128409707342,0.6750862645843045,0.663738088896131,0.18940099084221587,-0.004392826757286139,0.006432399064331906,0.005752528329144302,0.0012550876594364935,0.017685032277435814,110.80990600585938
1666,2018-08-16,0.6759752833473005,0.6816232376625406,0.6849178976290227,0.6753477594668409,0.1988440174148026,0.011191254819541308,0.008210396691806454,0.009831633044718124,0.01160967057070994,0.009443026572586721,112.1609344482422
1667,2018-08-17,0.6807342188995447,0.6820416135151919,0.68408114592372,0.6778056677280204,0.24985737877195616,0.004758935552244159,0.00041837585265125377,-0.0008367517053026186,0.002457908261179531,0.051013361357153564,112.22978973388672
1668,2018-08-20,0.6837673839834904,0.6872711919777806,0.688421705623313,0.6824599893678431,0.1721963669118751,0.003033165083945688,0.005229578462588758,0.004340559699592905,0.004654321639822712,-0.07766101186008106,113.09033203125
1669,2018-08-21,0.6862252922446699,0.6887878144182709,0.691664018735067,0.6847086698041797,0.19027173097132563,0.002457908261179531,0.0015166224404902229,0.003242313111754047,0.0022486804363365254,0.018075364059450538,113.33990478515624
1670,2018-08-22,0.6896768331812668,0.6767597679949096,0.6896768331812668,0.6759752833473005,0.16272331481759494,0.003451540936596942,-0.012028046423361305,-0.001987185553800175,-0.008733386456879155,-0.027548416153730687,111.36065673828124
1671,2018-08-23,0.6772304109052543,0.6773350248176757,0.6791653294013611,0.67430185973373,0.16745233448431165,-0.012446422276012559,0.000575256822766157,-0.010511503779905729,-0.0016734236135704794,0.004729019666716711,111.45530700683594
1672,2018-08-24,0.6801589620767785,0.6825122564255365,0.6834012751885324,0.6790607952859742,0.17719561627383276,0.0029285511715242407,0.005177231607860766,0.004235945787171347,0.004758935552244159,0.009743281789521108,112.3072280883789
1673,2018-08-27,0.6893107243863089,0.6897291002389602,0.6920301275300248,0.6868528161251294,0.19181804533853775,0.009151762309530409,0.00721684381342369,0.008628852341492355,0.0077920208391552,0.014622429064704984,113.4947738647461
1674,2018-08-28,0.6905658519442627,0.6917686326474884,0.6943311548210894,0.6905658519442627,0.15853475454136015,0.0012551275579537613,0.0020395324085282773,0.002301027291064628,0.0037130358191332924,-0.033283290797177595,113.83035278320312
1675,2018-08-29,0.693337522145672,0.6937558979983233,0.6968413301399624,0.6899905951214965,0.15382074763549017,0.0027716702014093375,0.0019872653508348215,0.002510175318872987,-0.000575256822766157,-0.004714006905869983,114.15737915039062
1676,2018-08-30,0.6931806411755571,0.6884739726810064,0.6936512840859018,0.6855977683642103,0.18947605464644948,-0.0001568809701149032,-0.00528192531731686,-0.0031900460540605913,-0.00439282675728625,0.035655307010959314,113.28821563720705
1677,2018-08-31,0.6872711919777806,0.6882125575955047,0.6888400814759642,0.6833490081308391,0.150562978531752,-0.005909449197776473,-0.0002614150855017039,-0.004811202609937615,-0.002248760233371172,-0.03891307611469749,113.2452163696289
1678,2018-09-04,0.6887878144182709,0.690984227796914,0.6915594846196802,0.6851270456568309,0.14620927788620328,0.0015166224404902229,0.0027716702014093375,0.0027194031437159927,0.0017780375259918157,-0.004353700645548714,113.7012710571289
1679,2018-09-05,0.6904089709741479,0.6933897892033655,0.6971550920801922,0.6904089709741479,0.1815793424410749,0.0016211565558770236,0.0024055614064514286,0.00559560746051202,0.005281925317316971,0.03537006455487163,114.09713745117188
1680,2018-09-06,0.692553037498063,0.6932852550879787,0.6976257349905368,0.690774999972071,0.19129259870890256,0.002144066523915078,-0.00010453411538680069,0.0004706429103445986,0.00036602899792315124,0.009713256267827652,114.0799331665039
1681,2018-09-07,0.6878987158582403,0.6803158430468934,0.6908796138844925,0.6796883191664338,0.1951959165290497,-0.004654321639822712,-0.01296941204108526,-0.006746121106044334,-0.011086680805637239,0.003903317820147134,112.5998306274414
1682,2018-09-10,0.6766551540824881,0.667294203846632,0.6774919057877906,0.6637903958523417,0.27635490166641646,-0.011243561775752142,-0.013021639200261448,-0.013387708096701867,-0.01589792331409212,0.08115898513736677,110.4446029663086
1683,2018-09-11,0.661646249531392,0.6686015984622792,0.671007199767248,0.6574103037442205,0.26979432517639995,-0.015008904551096158,0.0013073946156472172,-0.00648470602054263,-0.0063800921081211825,-0.006560576490016512,110.66097259521484
1684,2018-09-12,0.6687062123747007,0.663581207926016,0.6704319429444818,0.6604957757843768,0.26278336586098183,0.007059962843308787,-0.005020390536263131,-0.000575256822766157,0.0030854720401563007,-0.007010959315418119,109.83004760742188
1685,2018-09-13,0.6720008324426654,0.6737266029109639,0.6767597679949096,0.668026341639513,0.2121903618075364,0.0032946200679646598,0.01014539498494782,0.006327825050427727,0.007530565855136229,-0.05059300405344544,111.50923919677734
1686,2018-09-14,0.6746156216739598,0.6798974671942422,0.6804727240170083,0.6729421182633548,0.1793574538357604,0.0026147892312944343,0.006170864283278288,0.0037129560220987567,0.004915776623841794,-0.03283290797177599,112.53058624267578
1687,2018-09-17,0.680995713782081,0.6792699433137825,0.6829829791329158,0.677701053815599,0.14955712355502176,0.0063800921081211825,-0.0006275238804596128,0.0025102551159075226,0.004758935552244159,-0.02980033028073864,112.4267120361328
1688,2018-09-18,0.6798452001365487,0.6870096970952443,0.6889446953883858,0.6772304109052543,0.22122804383726166,-0.001150513645532314,0.0077397537814617445,0.005961716255469929,-0.0004706429103447096,0.0716709202822399,113.7077407836914
1689,2018-09-19,0.6885785865934279,0.6929191462930208,0.6981487247556096,0.6870096970952443,0.22082269929440024,0.008733386456879155,0.005909449197776473,0.009204029367223865,0.009779286189990022,-0.0004053445428614244,114.68582153320312
1690,2018-09-20,0.6972597059926137,0.7015479188374785,0.7039535600409647,0.6960569252893879,0.24556372916979433,0.00868111939918581,0.008628772544457708,0.005804835285355026,0.009047228194143608,0.02474102987539409,116.11396026611328
1691,2018-09-21,0.7031691551903901,0.7030645412779687,0.7034305702758918,0.6965275681997326,0.4111244557874193,0.005909449197776473,0.0015166224404902229,-0.0005229897650728121,0.0004706429103447096,0.16556072661762497,116.36499786376952
1692,2018-09-24,0.7030645412779687,0.6946449167613192,0.7030645412779687,0.6940696599385531,0.15848971625882,-0.00010461391242144735,-0.00841962451664946,-0.00036602899792315124,-0.002457908261179531,-0.2526347395285993,114.97146606445312
1693,2018-09-25,0.6960569252893879,0.686591321242593,0.6960569252893879,0.6858069163920186,0.12678276535054797,-0.007007615988580795,-0.008053595518726198,-0.007007615988580795,-0.008262743546534446,-0.031706950908272025,113.63848114013672
1694,2018-09-26,0.6889446953883858,0.6772304109052543,0.6889446953883858,0.6756615214070707,0.19773307311214533,-0.007112229901002132,-0.009360910337338768,-0.007112229901002132,-0.01014539498494793,0.07095030776159736,112.08914184570312
1695,2018-09-27,0.6766551540824881,0.6752431455544194,0.6794790913415908,0.6718439514725505,0.1255817444828104,-0.012289541305897655,-0.0019872653508348215,-0.009465604046794973,-0.003817569934520204,-0.07215132862933493,111.76023864746094
1696,2018-09-28,0.6730990790305044,0.6783286574930931,0.6794268242838974,0.6705365568569033,0.2181204023419907,-0.0035560750519837425,0.0030855119386736796,-5.226705769334483e-05,-0.0013073946156472172,0.0925386578591803,112.27092742919922
1697,2018-10-01,0.6798452001365487,0.6744587407038449,0.6831921271607242,0.6726807031778531,0.20460891757994296,0.006746121106044334,-0.0038699167892481956,0.0037653028768267482,0.0021441463209498357,-0.013511484762047749,111.63040161132812
1698,2018-10-02,0.6729944651180828,0.6772826779629477,0.677753400670327,0.6706411707693248,0.19683230746134214,-0.006850735018465892,0.0028239372591027934,-0.005438726490397228,-0.0020395324085282773,-0.007776610118600813,112.09778594970705
1699,2018-10-03,0.6807342188995447,0.6774395589330626,0.6816232376625406,0.6749817304689177,0.23227743582044738,0.0077397537814618556,0.0001568809701149032,0.00386983699221366,0.004340559699592905,0.03544512835910524,112.123779296875
1700,2018-10-04,0.6792176762560891,0.6839765320112986,0.684447254718678,0.6774919057877906,0.18654856628133915,-0.0015165426434555762,0.006536973078235975,0.002824017056137329,0.002510175318872876,-0.045728869539108236,113.2057113647461
1701,2018-10-05,0.680786485957238,0.6805250708717363,0.6873758058902022,0.6789561813735527,0.13068608317069508,0.001568809701148921,-0.003451461139562295,0.0029285511715242407,0.0014642755857621204,-0.05586248311064407,112.63444519042967
1702,2018-10-08,0.6798974671942422,0.6885263195357345,0.6927622653229059,0.6794268242838974,0.14814592403543012,-0.0008890187629958524,0.008001248663998206,0.005386459432703661,0.0004706429103447096,0.017459840864735038,113.95875549316406
1703,2018-10-09,0.6878987158582403,0.6881602107407766,0.6904612380318412,0.6815187035471537,0.12989040684581896,0.008001248663998095,-0.00036610879495790893,-0.002301027291064628,0.002091879263256269,-0.01825551718961116,113.89815521240234
1704,2018-10-10,0.6846041356887929,0.6702750619743669,0.6882125575955047,0.6694383102690644,0.24871640894760547,-0.003294580169447392,-0.017885148766409675,-0.0022486804363365254,-0.012080393278089296,0.11882600210178651,110.93797302246094
1705,2018-10-11,0.6692814691974669,0.6500888859168927,0.669386043211371,0.646323583040066,0.36610118600810687,-0.015322666491325965,-0.020186176057474192,-0.01882651438413374,-0.023114727228998433,0.1173847770605014,107.59693908691406
1706,2018-10-12,0.6498274309328737,0.6466373848788131,0.6542202576901599,0.6352369022344286,0.34940699594655455,-0.019454038264593243,-0.003451501038079674,-0.015165785521211061,-0.01108668080563735,-0.016694190061552316,107.02565002441406
1707,2018-10-15,0.6450161884244188,0.6452776833069551,0.652128418325421,0.643342724912331,0.19594655457138568,-0.004811242508454883,-0.0013597015718579408,-0.00209183936473889,0.008105822677902386,-0.15346044137516887,106.80060577392578
1708,2018-10-16,0.647526403641809,0.6523899132079573,0.6529128630745127,0.6450161884244188,0.18504729019666716,0.0025102152173902548,0.007112229901002132,0.0007844447490916728,0.0016734635120877472,-0.010899264374718526,107.97776794433594
1709,2018-10-17,0.6524944872218614,0.6612279135772579,0.6651500974241995,0.6515008944449613,0.3162888455186909,0.004968083580052407,0.008838000369300603,0.01223723434968682,0.006484706020542519,0.13124155532202375,109.4405517578125
1710,2018-10-18,0.6621692392964648,0.6544294456164855,0.6657253542469657,0.6468988398628321,0.42317970274733524,0.009674752074603332,-0.006798467960772325,0.000575256822766157,-0.004602054582129145,0.10689085722864433,108.31534576416016
1711,2018-10-19,0.6501934998293141,0.6592929551826339,0.6630582580594606,0.6485200363172264,0.30695090827203125,-0.011975739467150692,0.0048635095661483385,-0.002667096187505047,0.0016211964543942914,-0.11622879447530399,109.12030029296876
1712,2018-10-22,0.6584039364196379,0.6488337982574562,0.6623261202665796,0.6483631553471115,0.21220537456838312,0.008210436590323833,-0.010459156925177626,-0.0007321377928810602,-0.0001568809701149032,-0.09474553370364813,107.38919067382812
1713,2018-10-23,0.6406233616671324,0.6474218296279047,0.6515008944449613,0.6395774619340215,0.30040534454286144,-0.017780574752505496,-0.0014119686295515077,-0.010825225821618267,-0.00878569341308999,0.08819996997447832,107.15550231933594
1714,2018-10-24,0.6456960591596064,0.6357075451447735,0.646794265848928,0.6343478834714327,0.34406245308512234,0.005072697492473965,-0.011714284483131276,-0.004706628596033324,-0.005229578462588869,0.0436571085422609,105.21666717529295
1715,2018-10-25,0.6378516914657231,0.6340340816326856,0.6394205410653894,0.6294843739052846,0.34801080918780963,-0.007844367693883303,-0.0016734635120878583,-0.007373724783538593,-0.0048635095661481165,0.003948356102687289,104.93965911865234
1716,2018-10-26,0.6328835679871533,0.634295576515222,0.6385838292586041,0.6258236450423619,0.5366461492268428,-0.004968123478569786,0.00026149488253635056,-0.0008367118067852397,-0.0036607288629226797,0.1886353400390332,104.98296356201172
1717,2018-10-29,0.6422968251792202,0.6396820359479257,0.65108251859231,0.6358644261148882,0.3487464344692989,0.00941325719206687,0.005386459432703772,0.012498689333705904,0.010040781072526372,-0.1878997147575439,105.87448120117188
1718,2018-10-30,0.6430812699283119,0.6582470554495231,0.6589791932424042,0.6384792153461827,0.332832907971776,0.0007844447490917839,0.01856501950159739,0.007896674650094138,0.0026147892312944343,-0.015913526497522923,108.94720458984376
1719,2018-10-31,0.6600773999317257,0.6543771386602747,0.6639472768224566,0.6538541887937194,0.32453085122354003,0.016996130003413712,-0.0038699167892484176,0.004968083580052407,0.015374973447536688,-0.008302056748235975,108.30667877197266
1720,2018-11-01,0.6535927338097004,0.6547432075567154,0.6554753453495964,0.6485723033749198,0.19816844317670018,-0.006484666122025251,0.00036606889644075213,-0.008471931472860184,-0.005281885418799592,-0.12636240804683985,108.36726379394533
1721,2018-11-02,0.6625875752505986,0.653174357957049,0.6637903958523417,0.6482585414346901,0.24575889506080167,0.008994841440898238,-0.001568849599666411,0.00831505050274528,-0.0003137619402296954,0.04759045188410149,108.10760498046876
1722,2018-11-05,0.6545340595289071,0.6616985564876027,0.6661436902010996,0.6545340595289071,0.1648701396186759,-0.008053515721691551,0.00852419853055364,0.0023532943487579727,0.006275518094217003,-0.08088875544212579,109.51844787597656
1723,2018-11-06,0.6601819739456297,0.6725238222077382,0.672837584147968,0.6596067171228636,0.23819246359405494,0.0056479144167226325,0.010825265720135535,0.006693893946868368,0.0050726575939564755,0.07332232397537905,111.31017303466795
1724,2018-11-07,0.6752431455544194,0.6813094757223108,0.6817801186326554,0.6705365568569033,0.2180453385377571,0.015061171608789725,0.008785653514572611,0.008942534484687403,0.010929839734039715,-0.020147125056297843,112.76427459716795
1725,2018-11-08,0.680106695019085,0.6850225115414441,0.6877418348881253,0.6797405862241273,0.2821198018315568,0.004863549464665606,0.0037130358191332924,0.005961716255469929,0.009204029367223976,0.06407446329379973,113.37882995605467
1726,2018-11-09,0.6858069163920186,0.6852316595692524,0.6893107243863089,0.6813094757223108,0.2070860231196517,0.005700221372933578,0.00020914802780824804,0.0015688894981835677,0.0015688894981835677,-0.07503377871190511,113.41344451904295
1727,2018-11-12,0.6814140896347323,0.6643656526751078,0.6840288788660267,0.6632674459857861,0.26940399339438525,-0.004392826757286361,-0.02086600689414453,-0.0052818455202822134,-0.01804202973652469,0.06231797027473354,109.95989227294922
1728,2018-11-13,0.6635289009698052,0.6631628320733648,0.6707980517394397,0.6611756066210472,0.2131661912625732,-0.017885188664927054,-0.0012028206017430376,-0.013230827126586964,-0.00209183936473889,-0.056237802131812065,109.76080322265624
1729,2018-11-14,0.664940909497874,0.6434473388247525,0.6667712539800766,0.639211393037581,0.4734124005404594,0.0014120085280687755,-0.019715493248612326,-0.004026797759363099,-0.02196421358346623,0.2602462092778862,106.49767303466795
1730,2018-11-15,0.6405187876532282,0.6567827399652436,0.6568873538776651,0.6348708333379881,0.3616574087974779,-0.02442212184464576,0.013335401140491143,-0.00988390010241158,-0.004340559699592905,-0.11175499174298154,108.70484161376952
1731,2018-11-16,0.6535927338097004,0.6734128409707342,0.673517375086121,0.6521807252816316,0.4104638943101636,0.013073946156472172,0.01663010100549056,0.016630021208455914,0.01730989194364352,0.04880648551268574,111.45728302001952
1732,2018-11-19,0.674249512879002,0.6825646032802646,0.6828260981628009,0.6725238222077382,0.3179852874943702,0.020656779069301634,0.009151762309530409,0.009308723076679959,0.020343096926106585,-0.0924786068157934,112.97203063964844
1733,2018-11-20,0.6848132837166011,0.6713209617074778,0.6855977683642103,0.6707457048847116,0.28428163939348444,0.010563770837599074,-0.011243641572786789,0.0027716702014093375,-0.0017781173230265734,-0.033703648100885775,111.11107635498048
1734,2018-11-21,0.6699090329764438,0.6681309555519346,0.6774395589330626,0.6657776213046592,0.2256718210478907,-0.014904250740157332,-0.0031900061555432124,-0.008158209431147645,-0.004968083580052407,-0.05860981834559373,110.58309173583984
1735,2018-11-23,0.6664574920398467,0.6620646253840432,0.6675556987291684,0.6608095377246067,0.06092178351598859,-0.003451540936597053,-0.006066330167891376,-0.009883860203894201,-0.004968083580052518,-0.16475003753190212,109.5790557861328
1736,2018-11-26,0.6677125796992833,0.6816232376625406,0.6816232376625406,0.6650977904679889,0.27778111394685484,0.0012550876594366045,0.019558612278497423,0.014067538933372203,0.0042882527433821815,0.21685933043086625,112.81620025634766
1737,2018-11-27,0.6791130623436676,0.6778056677280204,0.6828260981628009,0.671007199767248,0.19129259870890256,0.011400482644384313,-0.003817569934520204,0.0012028605002603054,0.005909409299259094,-0.08648851523795228,112.18436431884766
1738,2018-11-28,0.6773350248176757,0.6835058891009539,0.6850225115414441,0.6731513460881977,0.23711154481309113,-0.0017780375259919268,0.005700221372933467,0.0021964133786431805,0.0021441463209497247,0.045818946104188574,113.1278076171875
1739,2018-11-29,0.680106695019085,0.6831398601030307,0.6861730251869764,0.6760276302020285,0.24329680228193964,0.0027716702014093375,-0.00036602899792315124,0.001150513645532314,0.002876284113830785,0.006185257468848515,113.0672378540039
1740,2018-11-30,0.681884732545077,0.6817801186326554,0.6848132837166011,0.6730990790305044,0.3216784266626633,0.0017780375259919268,-0.0013597414703753197,-0.0013597414703753197,-0.0029285511715241297,0.07838162438072363,112.8421859741211
1741,2018-12-03,0.6828260981628009,0.6804204569593149,0.6846564027464862,0.6673465108028428,0.23979882900465396,0.0009413656177239549,-0.001359661673340562,-0.0001568809701149032,-0.00575256822766157,-0.08187959765800931,112.61713409423828
1742,2018-12-04,0.680995713782081,0.6625353081929051,0.6825646032802646,0.6594498361527488,0.32145323524996244,-0.0018303843807199183,-0.017885148766409786,-0.002091799466221622,-0.007896674650094027,0.08165440624530848,109.65695190429688
1743,2018-12-06,0.6562597900986881,0.6558414541445542,0.6611756066210472,0.6367011778201908,0.41672421558324574,-0.024735923683392946,-0.006693854048350878,-0.02138899665921734,-0.022748658332558014,0.0952709803332833,108.54903411865234
1744,2018-12-07,0.6518146563851911,0.6461667020699511,0.6599205189616106,0.6425583200617566,0.25215433118150427,-0.004445133713496974,-0.00967475207460311,-0.0012550876594366045,0.00585714224156586,-0.16456988440174147,107.60845947265624
1745,2018-12-10,0.6455914452471849,0.6432381508984268,0.6461667020699511,0.6301642047419548,0.2303107641495271,-0.006223211138006168,-0.0029285511715242407,-0.013753816891659554,-0.012394115319801835,-0.02184356703197718,107.12075805664062
1746,2018-12-11,0.646794265848928,0.6326221130031343,0.6506641427396589,0.6299027098594184,0.28181954661462244,0.0012028206017430376,-0.01061603789529253,0.004497440669707808,-0.00026149488253635056,0.051508782465095354,105.35284423828124
1747,2018-12-12,0.6391067791251596,0.6380608793920488,0.6447547334403997,0.632935874943364,0.25569734274133016,-0.0076874867237684,0.0054387663889144955,-0.005909409299259205,0.003033165083945577,-0.026122203873292282,106.25855255126952
1748,2018-12-13,0.6381654534059529,0.6353937832045435,0.6411986184898986,0.6313147183874871,0.19250863233748686,-0.0009413257192066871,-0.002667096187505269,-0.0035561149505011214,-0.0016211565558769125,-0.0631887104038433,105.8144073486328
1749,2018-12-14,0.6292751859789587,0.630425699624491,0.6351322883220073,0.627287920628124,0.3149376970424861,-0.00889026742699417,-0.004968083580052518,-0.006066330167891265,-0.004026797759363099,0.12242906470499923,104.98705291748048
1750,2018-12-17,0.6313147183874871,0.6271833466142198,0.6369103657465164,0.6249346262793659,0.2746434469298904,0.0020395324085283884,-0.003242353010271204,0.0017780774245090836,-0.0023532943487580837,-0.040294250112595686,104.44710540771484
1751,2018-12-18,0.6296935618316101,0.623888726546255,0.6331450628696896,0.6192866719641259,0.25449632187359256,-0.0016211565558770236,-0.003294620067964771,-0.0037653028768267482,-0.005647954315240011,-0.020147125056297843,103.89842224121094
1752,2018-12-19,0.6255098831021321,0.623156588753374,0.6363351089237502,0.6182407722310149,0.27467347245158386,-0.004183678729478002,-0.0007321377928810602,0.0031900460540605913,-0.0010458997331109776,0.0201771505779913,103.77649688720705
1753,2018-12-20,0.619705047816777,0.6135341436349816,0.624620864339136,0.6114946112264533,0.39361957664014413,-0.005804835285355026,-0.009622445118392386,-0.01171424458461423,-0.006746161004561602,0.11894610418856028,102.17403411865234
1754,2018-12-21,0.6159920518961611,0.6069448636005348,0.6291705720665374,0.6067356756742092,0.6791172496622129,-0.0037129959206159135,-0.006589280034446809,0.004549707727401375,-0.004758935552244159,0.28549767302206874,101.0767059326172
1755,2018-12-24,0.6035456695186658,0.5890074078779143,0.6059512708236348,0.5888505269077995,0.20187659510583997,-0.01244638237749529,-0.01793745572262051,-0.023219301242902612,-0.017885148766409675,-0.4772406545563729,98.08952331542967
1756,2018-12-26,0.588327577041244,0.6127496988858898,0.6127496988858898,0.580901585200012,0.2899414502326978,-0.015218092477421785,0.023742291007975536,0.0067984280622550575,-0.007948941707787482,0.08806485512685783,102.04340362548828
1757,2018-12-27,0.6053237070446578,0.6205940665797731,0.6208032545060986,0.5996234856717243,0.2713406395436121,0.016996130003413712,0.007844367693883303,0.008053555620208819,0.018721900471712294,-0.0186008106890857,103.34974670410156
1758,2018-12-28,0.6231042817971633,0.6183453462449191,0.626294327851224,0.6159397449399503,0.20818195466146225,0.017780574752505496,-0.0022487203348540152,0.00549107334512533,0.016316259268225997,-0.06315868488214985,102.97528839111328
1759,2018-12-31,0.6196004738028729,0.6262420208950131,0.6262420208950131,0.617351753468019,0.17374268127908724,-0.0035038079942903977,0.007896674650094027,-5.23069562108347e-05,0.0014120085280686645,-0.03443927338237501,104.29033660888672
1760,2019-01-02,0.6144231623979775,0.613795638517518,0.6180838912609,0.6083568721286033,0.26923885302507133,-0.005177311404895413,-0.01244638237749518,-0.00815812963411311,-0.008994881339415617,0.0954961717459841,102.21761322021484
1761,2019-01-03,0.6121221750054301,0.6027612247695742,0.6134295696210773,0.601715285137946,0.2833658609818346,-0.00230098739254736,-0.011034413747943783,-0.004654321639822712,-0.006641586990657311,0.014127007956763249,100.3799819946289
1762,2019-01-04,0.6100826425969019,0.6206463735359837,0.6211693234025392,0.6073109324969752,0.2693139168293049,-0.0020395324085281663,0.017885148766409564,0.0077397537814618556,0.005595647359029177,-0.014051944152529694,103.35846710205078
1763,2019-01-07,0.6181884652748042,0.6186591480836662,0.6251438142056915,0.6155736760435098,0.16255817444828105,0.008105822677902275,-0.0019872254523175537,0.003974490803152375,0.008262743546534557,-0.10675574238102384,103.0275421142578
1764,2019-01-08,0.6243070625003889,0.6162535068801801,0.6249869332355767,0.6110239284175912,0.21076414952709804,0.006118597225584721,-0.0024056412034860752,-0.00015688097011479218,-0.004549747625918532,0.04820597507881699,102.6269073486328
1765,2019-01-09,0.6205417995220796,0.6206463735359837,0.6252483882195957,0.6169856845715785,0.26317369764299653,-0.0037652629783093694,0.004392866655803629,0.0002614549840189717,0.005961756153987308,0.052409548115898485,103.35846710205078
1766,2019-01-10,0.619861928786892,0.6289613841402117,0.629379759992863,0.6191297909940109,0.15936045638792973,-0.0006798707351876043,0.008315010604228013,0.004131371773267278,0.002144106422432346,-0.1038132412550668,104.74320220947266
1767,2019-01-11,0.6269741586878942,0.6300073237718399,0.6320468561803682,0.6237318056776229,0.12601711454736525,0.007112229901002243,0.0010459396316281344,0.002667096187505158,0.004602014683611988,-0.03334334184056448,104.91738891601562
1768,2019-01-14,0.6268695846739901,0.6305825805946059,0.6326221130031343,0.6264512088213388,0.2111995195916529,-0.00010457401390406851,0.000575256822766046,0.000575256822766157,0.0027194031437158817,0.08518240504428765,105.01319122314452
1769,2019-01-15,0.6303210857120697,0.6370672467166313,0.6372764346429569,0.6303210857120697,0.20618525746884853,0.003451501038079563,0.006484666122025362,0.004654321639822601,0.0038698768907309278,-0.005014262122804369,106.09310150146484
1770,2019-01-16,0.6395251549778108,0.6395774619340215,0.6410417375197837,0.6337203196924558,0.20264224590902266,0.009204069265741133,0.0025102152173902548,0.0037653028768267482,0.003399233980386107,-0.003543011559825865,106.5111312866211
1771,2019-01-17,0.6361259209974246,0.6429243889581969,0.643185843942216,0.6342432695590112,0.16652154331181504,-0.003399233980386218,0.0033469270241753835,0.002144106422432346,0.0005229498665554333,-0.03612070259720762,107.06851959228516
1772,2019-01-18,0.6470034537752536,0.6485200363172264,0.6506118756819654,0.6418784493265688,0.28883050593004056,0.010877532777828991,0.00559564735902951,0.007426031739749428,0.007635179767557565,0.12230896261822552,108.00037384033205
1773,2019-01-22,0.6458529401297213,0.6398912238742513,0.6563120970548989,0.634557031499241,0.32364509833358357,-0.001150513645532314,-0.008628812442975087,0.005700221372933467,-0.007321417827327759,0.03481459240354301,106.56338500976562
1774,2019-01-23,0.6415123804301285,0.643342724912331,0.6445455455140741,0.6306871546085102,0.30156132712805883,-0.004340559699592794,0.003451501038079674,-0.011766551540824843,-0.0038698768907308168,-0.022083771205524738,107.13818359375
1775,2019-01-24,0.6419307562827796,0.6504549548133332,0.6508733306659844,0.6410417375197837,0.24335685332532653,0.00041837585265114274,0.007112229901002132,0.006327785151910348,0.010354582911273447,-0.058204473802732304,108.3226089477539
1776,2019-01-25,0.6537496147798153,0.6535927338097004,0.6598159050491894,0.6512917065186358,0.29617174598408647,0.011818858497035678,0.0031377789963672464,0.008942574383205004,0.01024996899885211,0.05281489265875994,108.84513854980467
1777,2019-01-28,0.6497228170204521,0.6538541887937194,0.6543771386602747,0.6464281969524874,0.1928389130761147,-0.00402679775936321,0.0002614549840189717,-0.0054387663889147175,-0.0048635095661483385,-0.10333283290797177,108.88870239257812
1778,2019-01-29,0.6523376062517465,0.6527559821043978,0.656155216084784,0.6504549548133332,0.19144272631736978,0.0026147892312944343,-0.0010982066893215903,0.0017780774245093056,0.00402675786084572,-0.0013961867587449217,108.7057876586914
1779,2019-01-30,0.6521807252816316,0.6582993225072163,0.6599205189616106,0.6488861052136669,0.2525746884852124,-0.0001568809701149032,0.005543340402818564,0.0037653028768266372,-0.0015688495996662999,0.06113196216784264,109.62895965576172
1780,2019-01-31,0.6557891471883435,0.6565212849812245,0.6578809865530825,0.6504549548133332,0.24313166191262572,0.003608421906711845,-0.0017780375259918157,-0.0020395324085281663,0.0015688495996662999,-0.009443026572586694,109.33285522460938
1781,2019-02-01,0.6590837672563082,0.6614893685612769,0.6616985564876027,0.6543771386602747,0.15984086473502476,0.003294620067964771,0.004968083580052407,0.003817569934520204,0.00392218384694154,-0.08329079717760096,110.16018676757812
1782,2019-02-04,0.6614893685612769,0.659136074212519,0.6615416755174878,0.6538018818375086,0.18226992944002401,0.0024056013049686964,-0.0023532943487579727,-0.0001568809701149032,-0.000575256822766046,0.022429064704999252,109.76832580566406
1783,2019-02-05,0.6595544500651703,0.6598682120054,0.6602342809018406,0.6554230782919029,0.1961267077015463,-0.001934918496106608,0.0007321377928810602,-0.0013073946156472172,0.0016211964543942914,0.01385677826152229,109.89022064208984
1784,2019-02-06,0.6588223122722892,0.6565735919374353,0.6588223122722892,0.6530174769869342,0.22592703798228495,-0.0007321377928811712,-0.003294620067964771,-0.0014119686295513967,-0.0024056013049686964,0.02980033028073864,109.34156036376952
1785,2019-02-07,0.6546909404990219,0.6629013770893458,0.6631105650156712,0.6542725646463706,0.16272331481759494,-0.004131371773267278,0.00632778515191057,0.0042882527433820705,0.0012550876594363825,-0.06320372316469,110.39535522460938
1786,2019-02-08,0.6616985564876027,0.6578286795968717,0.6629013770893458,0.651710082371287,0.18806485512685783,0.007007615988580795,-0.005072697492474076,-0.00020918792632540484,-0.0025624822750835996,0.02534154030926289,109.55057525634766
1787,2019-02-11,0.659136074212519,0.6558937212022478,0.659136074212519,0.6503503807994291,0.2417354751538808,-0.0025624822750837106,-0.0019349583946239868,-0.0037653028768268593,-0.0013597015718579408,0.05367062002702297,109.22833251953124
1788,2019-02-12,0.6611756066210472,0.6655161663206401,0.6660914231434063,0.6595021431089595,0.2596456988440174,0.0020395324085282773,0.009622445118392386,0.0069553489308873395,0.009151762309530409,0.01791022369013659,110.83080291748048
1789,2019-02-13,0.6682878365220495,0.6695951912391793,0.6752954924091474,0.6670327488626129,0.2028223990391833,0.007112229901002243,0.004079024918539176,0.009204069265741133,0.0075306057536533855,-0.05682329980483408,111.51009368896484
1790,2019-02-14,0.6648362955854524,0.6637903958523417,0.6691245483288347,0.6601297068879364,0.19013661612370514,-0.003451540936597053,-0.005804795386837647,-0.0061709440803127125,-0.006903041974676505,-0.012685782915478172,110.54340362548828
1791,2019-02-15,0.6696475380939074,0.6732559600006193,0.6737788699686573,0.6687062123747007,0.19585647800630537,0.004811242508454994,0.009465564148277594,0.004654321639822601,0.008576505486764363,0.005719861882600236,112.1197280883789
1792,2019-02-19,0.671007199767248,0.6751386114390326,0.6770212628774459,0.6694383102690644,0.21908121903618075,0.001359661673340562,0.0018826514384133741,0.0032423929087885828,0.0007320978943636813,0.023224741029875373,112.43325805664062
1793,2019-02-20,0.6748771165564962,0.678485538463208,0.6805250708717363,0.6745110077615384,0.2679477555922534,0.0038699167892481956,0.0033469270241753835,0.0035038079942903977,0.005072697492473965,0.048866536556072676,112.9906234741211
1794,2019-02-21,0.679374557226204,0.6789039143158593,0.6798452001365487,0.6753477594668409,0.18432667767602462,0.004497440669707808,0.00041837585265125377,-0.0006798707351876043,0.0008367517053025075,-0.0836210779162288,113.06031799316406
1795,2019-02-22,0.6809434467243876,0.685179392511559,0.6866959351550145,0.6797405862241273,0.21361657408797477,0.0015688894981835677,0.006275478195699735,0.006850735018465781,0.004392826757286361,0.02928989641195015,114.10538482666016
1796,2019-02-25,0.6866436680973211,0.6928668792353274,0.6962138062595028,0.6866436680973211,0.307926737727068,0.005700221372933578,0.0076874867237684,0.009517871104488318,0.006903081873193884,0.09431016363909325,115.38560485839844
1797,2019-02-26,0.6927099982652125,0.6969459440523839,0.7002405242218313,0.6921870085001397,0.34209578141420205,0.006066330167891376,0.004079064817056444,0.004026717962328452,0.005543340402818564,0.034169043687134026,116.06491088867188
1798,2019-02-27,0.6945403028488978,0.6935466701734804,0.6977303489029584,0.692605384352791,0.20268728419156282,0.0018303045836852716,-0.003399273878903486,-0.002510175318872876,0.00041837585265125377,-0.13940849722263923,115.49883270263672
1799,2019-02-28,0.693337522145672,0.6950632926139705,0.695900044319273,0.6914548707072586,0.26117700045038283,-0.0012027807032257698,0.0015166224404901119,-0.0018303045836853826,-0.001150513645532314,0.05848971625882002,115.75138854980467
1800,2019-03-01,0.6982533386680311,0.6956908164944301,0.702593898367624,0.6927099982652125,0.20423359855877496,0.004915816522359062,0.0006275238804596128,0.006693854048350989,0.0012551275579538723,-0.056943401891607875,115.85588836669922
1801,2019-03-04,0.696789063082269,0.6910887619123008,0.6989854764609121,0.6846564027464862,0.13630085572736828,-0.0014642755857621204,-0.004602054582129256,-0.003608421906711845,-0.008053595518726309,-0.06793274283140668,115.08948516845705
1802,2019-03-05,0.6925007704403695,0.6939127789684382,0.6945926497036259,0.6865390541848996,0.1987989791322624,-0.004288292641899449,0.002824017056137329,-0.00439282675728625,0.0018826514384133741,0.062498123404894135,115.55979919433594
1803,2019-03-06,0.6940173928808597,0.6892584573286156,0.6974165869627286,0.6886832005058494,0.13461942651253567,0.0015166224404902229,-0.004654321639822601,0.0028239372591026823,0.0021441463209498357,-0.06417955261972674,114.78470611572266
1804,2019-03-07,0.6888400814759642,0.6876373007727385,0.6895199522111519,0.6832443942184175,0.17131061402191863,-0.005177311404895524,-0.0016211565558770236,-0.007896634751576648,-0.005438806287431874,0.036691187509382966,114.51470947265624
1805,2019-03-08,0.6814663566924257,0.685179392511559,0.6856500354219037,0.6798452001365487,0.17321723464945205,-0.007373724783538482,-0.002457908261179531,-0.0038699167892481956,-0.0033991940818688393,0.0019066206275334119,114.77751922607422
1806,2019-03-11,0.690984227796914,0.6896244863265387,0.6925007704403695,0.6874804198026236,0.19416003603062604,0.009517871104488318,0.004445093814979706,0.006850735018465781,0.007635219666074944,0.020942801381173992,115.52212524414062
1807,2019-03-12,0.6914026036495653,0.6940696599385531,0.6949064116438556,0.6888400814759642,0.14521843567031978,0.00041837585265125377,0.004445173612014353,0.0024056412034860752,0.001359661673340562,-0.04894160036030626,116.26677703857422
1808,2019-03-13,0.6953770545542003,0.6955339355243152,0.7000836432517163,0.6942788079663614,0.17859180303257768,0.003974450904634996,0.0014642755857621204,0.005177231607860766,0.005438726490397228,0.033373367362257905,116.51206970214844
1809,2019-03-14,0.6963706872296177,0.695847697464545,0.698200991813303,0.6936512840859018,0.15547215132862932,0.0009936326754174107,0.0003137619402298064,-0.0018826514384133741,-0.0006275238804596128,-0.023119651703948363,116.56461334228516
1810,2019-03-15,0.6980441108431882,0.7017047998075934,0.7044765498060374,0.6952201735840854,0.3172346494520342,0.0016734236135704794,0.00585710234304837,0.006275557992734382,0.0015688894981835677,0.1617624981234049,117.54574584960938
1811,2019-03-18,0.7041627080687729,0.7056793305092631,0.7068298441547954,0.7023324034850876,0.2057048491217535,0.006118597225584721,0.003974530701669754,0.0023532943487580837,0.007112229901002243,-0.11152980033028073,118.21156311035156
1812,2019-03-19,0.7088693765633236,0.6951678267293574,0.7116410467647329,0.6935466701734804,0.25158384626932895,0.004706668494550703,-0.010511503779905729,0.004811202609937504,-0.008785733311607258,0.04587899714757546,116.45073699951172
1813,2019-03-20,0.6960569252893879,0.686800549067436,0.6960569252893879,0.6863821732147848,0.20109593154181055,-0.01281245127393571,-0.008367277661921357,-0.015584121475345047,-0.0071644969586955876,-0.0504879147275184,115.049072265625
1814,2019-03-21,0.6834012751885324,0.7026984324830108,0.7030645412779687,0.6811525947521959,0.2293199219336436,-0.012655650100855453,0.015897883415574743,0.007007615988580795,-0.005229578462588869,0.028223990391833043,117.71221160888672
1815,2019-03-22,0.7003451381342528,0.7054701026844201,0.7125300655277289,0.6996130003413717,0.3532202372016214,0.016943862945720367,0.0027716702014093375,0.009465524249760215,0.018460405589175832,0.12390031526797779,118.17650604248048
1816,2019-03-25,0.706568349272259,0.7057315975669565,0.7099152762964345,0.7026984324830108,0.1716709202822399,0.006223211138006168,0.00026149488253635056,-0.0026147892312944343,0.003085432141639033,-0.18154931691938148,118.22030639648438
1817,2019-03-26,0.7091308714458601,0.7058884785370714,0.7109089089718519,0.7004497520466743,0.2253565530701096,0.0025625221736010895,0.0001568809701149032,0.0009936326754174107,-0.0022486804363365254,0.0536856327878697,118.24657440185548
1818,2019-03-27,0.7066729631846805,0.7130530552928016,0.7161907544921342,0.7058884785370714,0.17995796426962918,-0.002457908261179531,0.007164576755730234,0.0052818455202823245,0.005438726490397117,-0.04539858880048042,119.44674682617188
1819,2019-03-28,0.714935706731215,0.7159292596095977,0.7173935351953599,0.7083463867982509,0.10995346044137518,0.008262743546534446,0.002876204316796138,0.0012027807032256588,0.002457908261179531,-0.070004503828254,119.92858123779295
1820,2019-03-29,0.7202175522514973,0.7172890010799731,0.722361698572447,0.7146218649939506,0.19942951508782464,0.0052818455202823245,0.0013597414703753197,0.004968163377087165,0.006275478195699735,0.08947605464644946,120.1563491821289
1821,2019-04-01,0.7193808005461947,0.7217864417496809,0.7248196068336266,0.7183871678707773,0.2323074613421408,-0.0008367517053026186,0.004497440669707808,0.002457908261179531,0.0037653028768266372,0.03287794625431617,120.90974426269533
1822,2019-04-02,0.7236690931880942,0.7154586166992531,0.7236690931880942,0.7143081030537208,0.15766401441225042,0.00428829264189956,-0.006327825050427727,-0.001150513645532314,-0.004079064817056444,-0.07464344692989039,119.8497314453125
1823,2019-04-03,0.7191193056636583,0.7143604499084488,0.7191193056636583,0.7087124955932088,0.16844317670019518,-0.004549787524435911,-0.0010981667908043224,-0.004549787524435911,-0.00559560746051202,0.01077916228794476,119.66577911376952
1824,2019-04-04,0.7159292596095977,0.7139420740557976,0.7163999823169771,0.7111180569996602,0.16742230896261823,-0.0031900460540605913,-0.00041837585265125377,-0.002719323346681235,0.0024055614064514286,-0.0010208677375769526,119.59567260742188
1825,2019-04-05,0.713994341113491,0.7133144703783034,0.7169228922850153,0.7117979277348478,0.16369914427263174,-0.001934918496106719,-0.0006276036774941485,0.0005229099680381655,0.0006798707351876043,-0.0037231646899864856,119.49055480957033
1826,2019-04-08,0.7154586166992531,0.7105951470316221,0.7154586166992531,0.708398733652979,0.15107341240054045,0.0014642755857621204,-0.002719323346681346,-0.0014642755857621204,-0.0033991940818688393,-0.01262573187209129,119.03504180908205
1827,2019-04-09,0.7085556146230939,0.7069867251249103,0.7085556146230939,0.7026984324830108,0.20683080618525748,-0.006903002076159237,-0.003608421906711734,-0.006903002076159237,-0.005700301169968225,0.05575739378471703,118.43055725097656
1828,2019-04-10,0.7082417728858295,0.708398733652979,0.7100721572665494,0.7039012929832712,0.18774958714907672,-0.0003138417372644531,0.0014120085280686645,0.0015165426434554652,0.0012028605002604165,-0.019081219036180763,118.66710662841795
1829,2019-04-11,0.709810662384013,0.7126869464978438,0.7134713513484183,0.7064637353598375,0.14350698093379372,0.0015688894981835677,0.004288212844864803,0.0033991940818689503,0.0025624423765663318,-0.044242606215283004,119.38544464111328
1830,2019-04-12,0.7163476354622491,0.7202175522514973,0.7208974229866849,0.7149879737889084,0.1648851523795226,0.006536973078236086,0.0075306057536534965,0.007426071638266585,0.008524238429070907,0.021378171445728872,120.64693450927734
1831,2019-04-15,0.7206881951618419,0.7153540027868316,0.7211588380721866,0.7143604499084488,0.11696441975679328,0.004340559699592794,-0.004863549464665717,0.0002614150855017039,-0.0006275238804596128,-0.047920732622729306,119.83221435546876
1832,2019-04-16,0.7184395147255054,0.7234598653632512,0.724714992921205,0.7171321201098582,0.1559075213931842,-0.0022486804363365254,0.008105862576419653,0.003556154849018389,0.0027716702014093375,0.03894310163639092,121.19007110595705
1833,2019-04-17,0.7231461034230214,0.7105428001768941,0.7231461034230214,0.7101767711789708,0.21535805434619426,0.0047065886975160565,-0.012917065186357157,-0.0015688894981835677,-0.0069553489308873395,0.05945053295301006,119.02623748779295
1834,2019-04-18,0.725604011684201,0.7265452975048904,0.7400899663687418,0.7216818278372594,0.3301606365410599,0.002457908261179531,0.0160024973279963,0.016943862945720367,0.011505056658288604,0.11480258219486567,121.70691680908205
1835,2019-04-22,0.7236690931880942,0.7144127169661423,0.7251856358315497,0.7142558359960274,0.18826002101786518,-0.001934918496106719,-0.012132580538748106,-0.01490433053719209,-0.007425991841232049,-0.14190061552319475,119.67454528808594
1836,2019-04-23,0.7164522493746706,0.7217340948949528,0.7225708466002553,0.7154586166992531,0.20866236300855728,-0.00721684381342369,0.007321377928810491,-0.0026147892312944343,0.0012027807032257698,0.020402341990692102,120.90097045898438
1837,2019-04-24,0.7252379028892432,0.7278526921205376,0.7304152142941386,0.7192761866337732,0.17432817895210928,0.008785653514572611,0.006118597225584832,0.007844367693883303,0.003817569934520093,-0.034334184056448,121.92594146728516
1838,2019-04-25,0.7228846085404851,0.7279050389752656,0.729787690413679,0.7177073769326243,0.16949406995946553,-0.0023532943487580837,5.23468547279915e-05,-0.0006275238804596128,-0.001568809701148921,-0.004834108992643749,121.9346923828125
1839,2019-04-26,0.7282188009154954,0.7333961123203908,0.7343896651987736,0.7282188009154954,0.11663413901816544,0.005334192375010316,0.005491073345125219,0.004601974785094609,0.010511423982871082,-0.05285993094130009,122.85453033447266
1840,2019-04-29,0.7347557739937315,0.739776204428512,0.742286379747385,0.7343373981410802,0.14769554121002854,0.006536973078236086,0.0063800921081211825,0.007896714548611405,0.006118597225584832,0.031061402191863097,123.9232940673828
1841,2019-04-30,0.7417111229246188,0.7517519039971452,0.7523271608199114,0.7405606092790865,0.23398889055697342,0.0069553489308873395,0.011975699568633202,0.010040781072526372,0.006223211138006279,0.08629334934694488,125.92937469482422
1842,2019-05-01,0.7510720332619576,0.7482480960028548,0.7540005844334817,0.7476728391800886,0.18755442125806937,0.009360910337338768,-0.0035038079942903977,0.0016734236135703684,0.007112229901002132,-0.046434469298904046,125.34245300292967
1843,2019-05-02,0.7499215196164253,0.74626083065202,0.7530592986127924,0.7430707845979594,0.15775409097733073,-0.001150513645532314,-0.0019872653508348215,-0.0009412858206893082,-0.004602054582129256,-0.02980033028073864,125.00953674316406
1844,2019-05-03,0.7470975823573225,0.7496601045309235,0.7542098122583247,0.7440644172733768,0.16652154331181504,-0.0028239372591027934,0.003399273878903486,0.001150513645532314,0.0009936326754174107,0.00876745233448431,125.57899475097656
1845,2019-05-06,0.7426524087453081,0.7500784005865401,0.7521702798497965,0.7393054817211326,0.14557874193064105,-0.004445173612014353,0.0004182960556166071,-0.0020395324085282773,-0.004758935552244159,-0.020942801381173992,125.6490478515625
1846,2019-05-07,0.7469407013872076,0.7410835990441592,0.7519087849672601,0.7384164629581367,0.17880198168443176,0.004288292641899449,-0.00899480154238086,-0.00026149488253635056,-0.0008890187629959634,0.03322323975379071,124.14229583740234
1847,2019-05-08,0.7399853524563204,0.7401422334264351,0.7464177116221349,0.7388871058684814,0.15182405044287645,-0.0069553489308872285,-0.0009413656177240659,-0.005491073345125219,0.0004706429103447096,-0.026977931241555314,123.98458862304688
1848,2019-05-09,0.7365338115197233,0.7417111229246188,0.7433322794804957,0.7319318367346287,0.13933343341840565,-0.003451540936597053,0.0015688894981836787,-0.003085432141639144,-0.006955269133852693,-0.012490617024470796,124.24742126464844
1849,2019-05-10,0.7382073149303284,0.7528501505849841,0.7531115656704858,0.7361677825218002,0.1460891757994295,0.001673503410605126,0.01113902766036523,0.009779286189990022,0.004235945787171458,0.00675574238102386,126.11333465576172
1850,2019-05-13,0.7445874070384496,0.7499738664711533,0.7519610520249534,0.7423386468050783,0.2419756793274283,0.0063800921081211825,-0.002876284113830785,-0.001150513645532314,0.006170864283278177,0.0958865035279988,125.6315460205078
1851,2019-05-14,0.7481958289451615,0.7620019128945146,0.7655057208888049,0.7481958289451615,0.2664915177901216,0.003608421906711845,0.012028046423361305,0.013544668863851417,0.005857182140083128,0.024515838462693285,127.64639282226562
1852,2019-05-15,0.758602639015611,0.7662378586816859,0.7681727771777928,0.7568768685473125,0.2148476204774058,0.010406810070449524,0.004235945787171347,0.00266705628898789,0.008681039602151053,-0.05164389731271579,128.3560028076172
1853,2019-05-16,0.7654533740340769,0.7708921803215086,0.7753896209912164,0.7654533740340769,0.25319021167992795,0.006850735018465892,0.004654321639822712,0.00721684381342369,0.008576505486764363,0.03834259120252215,129.13568115234375
1854,2019-05-17,0.7633615745678551,0.7713105561741599,0.7766970156068637,0.7628909316575105,0.2584296652154331,-0.002091799466221733,0.00041837585265125377,0.0013073946156472172,-0.0025624423765663318,0.005239453535505145,129.2057647705078
1855,2019-05-20,0.7713628232318533,0.7748666312261436,0.7784227860751621,0.7700031615585127,0.21627383275784418,0.008001248663998206,0.0035560750519837425,0.001725770468298471,0.007112229901002132,-0.042155832457588915,129.80145263671875
1856,2019-05-21,0.7758602639015612,0.7712059422617384,0.778370439220434,0.7684342720603291,0.20878246509533102,0.004497440669707808,-0.00366068896440519,-5.234685472810252e-05,-0.0015688894981835677,-0.007491367662513154,129.18820190429688
1857,2019-05-22,0.7712582093194318,0.7737684644353394,0.7753372741364883,0.7684342720603291,0.16577090526947905,-0.004602054582129367,0.0025625221736009784,-0.003033165083945688,0.0,-0.043011559825851975,129.61746215820312
1858,2019-05-23,0.7704215374111639,0.7684342720603291,0.771153675204045,0.7607990523942542,0.2706950908272031,-0.0008366719082678609,-0.005334192375010316,-0.004183598932443355,-0.007635219666074944,0.10492418555772406,128.7239227294922
1859,2019-05-24,0.7707352993513937,0.773663850522918,0.7745006022282205,0.7674406393849117,0.1380123104638943,0.0003137619402298064,0.005229578462588869,0.0033469270241754945,0.006641586990657533,-0.1326827803633088,129.59994506835938
1860,2019-05-28,0.7739776124631478,0.7649827311237322,0.7781612911926258,0.7648258501536173,0.1867437321723465,0.003242313111754047,-0.00868111939918581,0.003660688964405301,-0.0026147892312944343,0.04873142170845218,128.14578247070312
1861,2019-05-29,0.7622633279800163,0.7586549858703391,0.7633093075101618,0.7514381420569154,0.222924485812941,-0.011714284483131499,-0.00632774525339308,-0.014851983682463987,-0.013387708096701867,0.036180753640594504,127.08577728271484
1862,2019-05-30,0.7608513992489823,0.7621064470099014,0.7649304640660387,0.7555694739316653,0.16042636240804684,-0.0014119287310340178,0.003451461139562295,0.0016211565558769125,0.0041313318747498995,-0.06249812340489416,127.66395568847656
1863,2019-05-31,0.7590210148682622,0.7612697751016335,0.7652442260062685,0.7556218207863934,0.21098934093979882,-0.0018303843807200293,-0.0008366719082678609,0.0003137619402298064,5.234685472810252e-05,0.050562978531751984,127.52375793457033
1864,2019-06-03,0.7608513992489823,0.76764978741272,0.7679112822952564,0.7576090063401936,0.24452784867137067,0.0018303843807200293,0.006380012311086536,0.00266705628898789,0.001987185553800175,0.033538507731571854,128.59254455566406
1865,2019-06-04,0.7706306854389723,0.7716243181143897,0.7729317127300369,0.7667085015920306,0.22720312265425613,0.009779286189990022,0.003974530701669643,0.0050204304347805095,0.009099495251837064,-0.017324726017114545,129.25830078125
1866,2019-06-05,0.774395988315799,0.7836523645377509,0.7837046315954443,0.7736115036681899,0.2214081969674223,0.0037653028768267482,0.012028046423361194,0.010772918865407433,0.006903002076159237,-0.005794925686833818,131.27316284179688
1867,2019-06-06,0.7819265940694524,0.7792071909257365,0.7827109989200269,0.7758602639015612,0.2697492868938598,0.0075306057536533855,-0.004445173612014353,-0.0009936326754174107,0.002248760233371283,0.048341089926437486,130.52859497070312
1868,2019-06-07,0.7736115036681899,0.7819788611271459,0.7845413833007469,0.7736115036681899,0.18884551869088725,-0.008315090401262548,0.0027716702014093375,0.0018303843807199183,-0.002248760233371283,-0.08090376820297254,131.7177276611328
1869,2019-06-10,0.7810898423641499,0.7808806943363417,0.7839137796232527,0.7786319341029704,0.17827653505479657,0.007478338695960041,-0.0010981667908042114,-0.0006276036774941485,0.0050204304347805095,-0.010568983636090684,131.5327911376953
1870,2019-06-11,0.7844367693883254,0.780200823601154,0.7848028781832832,0.777638301427553,0.1453835760396337,0.0033469270241754945,-0.0006798707351877153,0.000889098560030499,-0.0009936326754174107,-0.03289295901516287,131.41822814941406
1871,2019-06-12,0.7819788611271459,0.7830247608602567,0.787626815442386,0.7815604852744946,0.15403092628734424,-0.002457908261179531,0.0028239372591027934,0.0028239372591027934,0.0039221838469416515,0.008647350247710545,131.8939208984375
1872,2019-06-13,0.7833385228004865,0.7813513372466863,0.7846459174161338,0.7768538965769786,0.22640744632937998,0.001359661673340673,-0.0016734236135704794,-0.002980898026252232,-0.0047065886975160565,0.07237652004203574,131.61203002929688
1873,2019-06-14,0.7828156128324484,0.7850120262110916,0.7877836964125009,0.7781089443378977,0.16874343191712957,-0.0005229099680381655,0.003660688964405301,0.0031377789963671354,0.0012550477609191146,-0.057664014412250414,132.22865295410156
1874,2019-06-17,0.786005658886509,0.7840183935356742,0.7871561725320413,0.7826587318623335,0.12328479207326228,0.0031900460540605913,-0.0009936326754174107,-0.0006275238804596128,0.0045497875244358,-0.04545863984386729,132.06129455566406
1875,2019-06-18,0.7837046315954443,0.7861625398566239,0.7922288700245153,0.7822403560096822,0.19951959165290498,-0.002301027291064628,0.0021441463209497247,0.005072697492473965,-0.00041837585265125377,0.0762347995796427,132.42242431640625
1876,2019-06-19,0.7861102727989304,0.7928041268472814,0.7949481933711965,0.7861102727989304,0.1516438973127158,0.0024056412034860752,0.006641586990657533,0.002719323346681235,0.0038699167892481956,-0.04787569434018918,133.54119873046875
1877,2019-06-20,0.7951050743413114,0.7958895589889206,0.7975107155447975,0.7888295961456118,0.13994895661312115,0.00899480154238097,0.003085432141639144,0.0025625221736009784,0.002719323346681346,-0.011694940699594647,134.0608673095703
1878,2019-06-21,0.7961510538714569,0.7921765231697872,0.8011714045092028,0.7907645944387531,0.3477555922534154,0.0010459795301455133,-0.0037130358191334034,0.003660688964405301,0.0019349982931413656,0.20780663564029425,133.43545532226562
1879,2019-06-24,0.7935362646401625,0.7950005402259246,0.8008053755112795,0.7928041268472814,0.1471400690586999,-0.0026147892312944343,0.00282401705613744,-0.00036602899792326227,0.0020395324085282773,-0.2006155231947155,133.9111328125
1880,2019-06-25,0.7949481933711965,0.8008053755112795,0.8034201647425739,0.7921765231697872,0.19468548266026123,0.0014119287310340178,0.0058048352853549146,0.0026147892312944343,-0.0006276036774942595,0.04754541360156134,134.888916015625
1881,2019-06-26,0.7996025150110192,0.777638301427553,0.8010145235390879,0.7772199255749017,0.2261222038732923,0.004654321639822712,-0.023167074083726535,-0.0024056412034860752,-0.014956597594885435,0.031436721213031066,130.98658752441406
1882,2019-06-27,0.771101328349317,0.7802530906588474,0.7819265940694524,0.7702645766440144,0.24253115147875695,-0.028501186661702205,0.0026147892312944343,-0.019087929469635445,-0.0069553489308873395,0.016408947605464658,131.42710876464844
1883,2019-06-28,0.7833385228004865,0.7819265940694524,0.7872607066474281,0.7763832536666339,0.3482960516438973,0.012237194451169553,0.001673503410605015,0.005334112577975669,0.006118677022619479,0.10576490016514037,131.70892333984375
1884,2019-07-01,0.7891433580858415,0.7918627612295573,0.7919150282872508,0.7838615125655592,0.17206125206425463,0.0058048352853549146,0.009936167160104925,0.004654321639822712,0.007478258898925394,-0.1762347995796427,133.3826141357422
1885,2019-07-02,0.793431650727741,0.7992364860130959,0.7992887530707894,0.790921475408868,0.1374718510734124,0.00428829264189956,0.007373724783538593,0.007373724783538593,0.007059962843308787,-0.034589400990842234,134.62461853027344
1886,2019-07-03,0.8021650371846202,0.8069239727368643,0.8085973963504347,0.8003869996586283,0.09216333883801231,0.008733386456879155,0.0076874867237684,0.009308643279645312,0.009465524249760215,-0.045308512235400084,135.91954040527344
1887,2019-07-05,0.8043614505632634,0.8058257261490255,0.8066102107966345,0.7975629826024909,0.09189310914277135,0.0021964133786431805,-0.001098246587838858,-0.001987185553800175,-0.002824017056137329,-0.00027022969524095886,135.73451232910156
1888,2019-07-08,0.8052504693262593,0.8043091835055699,0.8067147449120213,0.8024265320671565,0.11610869238853025,0.0008890187629959634,-0.0015165426434555762,0.00010453411538680069,0.004863549464665606,0.024215583245758898,135.47906494140625
1889,2019-07-09,0.8011191374515093,0.80247879912485,0.8034201647425739,0.7971969536045677,0.12661762498123405,-0.0041313318747500105,-0.0018303843807199183,-0.003294580169447392,-0.005229578462588869,0.010508932592703801,135.17076110839844
1890,2019-07-10,0.8069762397945578,0.8018512752443904,0.8091726531732009,0.8014851664494326,0.11214532352499625,0.005857102343048481,-0.0006275238804596128,0.005752488430626923,0.004288212844864914,-0.014472301456237804,135.06509399414062
1891,2019-07-11,0.799968623805977,0.7971446067498397,0.8019035423020838,0.7906599805263317,0.14018916078666868,-0.007007615988580795,-0.004706668494550703,-0.007269110871117035,-0.010825185923100888,0.028043837261672436,134.27224731445312
1892,2019-07-12,0.7997071289234406,0.8021650371846202,0.802531145979578,0.7938500265803923,0.13025071310614023,-0.00026149488253635056,0.0050204304347805095,0.0006276036774941485,0.0031900460540605913,-0.009938447680528456,135.11790466308594
1893,2019-07-15,0.8010145235390879,0.8096956429382737,0.8103755136734613,0.8010145235390879,0.1386278336586098,0.0013073946156472172,0.0075306057536534965,0.007844367693883303,0.0071644969586955876,0.008377120552469586,136.38638305664062
1894,2019-07-16,0.80995713782081,0.8084405153803198,0.8110553046116142,0.8058780730037535,0.13181204023419907,0.008942614281722161,-0.0012551275579538723,0.0006797909381529577,0.004863549464665606,-0.006815793424410743,136.17495727539062
1895,2019-07-17,0.805564231266489,0.796883191664338,0.8062441020016767,0.7967263106942231,0.14179552619726768,-0.004392906554321008,-0.011557323715981838,-0.004811202609937504,-0.009151762309530409,0.009983485963068611,134.22824096679688
1896,2019-07-18,0.7967263106942231,0.7986089621326364,0.7994456340409043,0.7925426319647451,0.1143972376520042,-0.008837920572265956,0.001725770468298471,-0.006798467960772436,-0.004183678729478002,-0.02739828854526348,134.5189208984375
1897,2019-07-19,0.7930655419327831,0.7856395500915512,0.7969354587220313,0.7853257881513214,0.206320372316469,-0.0036607687614399476,-0.01296941204108526,-0.002510175318872987,-0.00721684381342369,0.09192313466446479,132.3343505859375
1898,2019-07-22,0.7853257881513214,0.7829202267448699,0.7888295961456118,0.7808283474816136,0.17979282390031526,-0.0077397537814617445,-0.002719323346681235,-0.008105862576419542,-0.004497440669707808,-0.026527548416153734,131.87632751464844
1899,2019-07-23,0.7765924016944421,0.7713628232318533,0.7842798884182105,0.760223795571488,0.29578141420207177,-0.008733386456879266,-0.011557403513016595,-0.004549707727401264,-0.020604551910125557,0.11598859030175651,129.92953491210938
1900,2019-07-24,0.771885812996926,0.7784227860751621,0.779991595776311,0.7679112822952564,0.19644197567932742,-0.0047065886975160565,0.007059962843308787,-0.004288292641899449,0.0076874867237684,-0.09933943852274435,131.11875915527344
1901,2019-07-25,0.7737161175806113,0.7765401346367488,0.7794686858082729,0.7698985476460912,0.17848671370665065,0.0018303045836852716,-0.0018826514384133741,-0.0005229099680381655,0.0019872653508348215,-0.017955261972676773,130.80162048339844
1902,2019-07-26,0.7758602639015612,0.7840706605933676,0.7857441640039726,0.7700554286162061,0.142260921783516,0.0021441463209498357,0.00753052595661885,0.006275478195699735,0.0001568809701149032,-0.03622579192313466,132.070068359375
1903,2019-07-29,0.7827109989200269,0.777847529252396,0.7898232288210292,0.776749282664557,0.18708902567182104,0.006850735018465781,-0.006223131340971633,0.004079064817056555,0.006693854048350878,0.04482810388830505,131.02183532714844
1904,2019-07-30,0.7746574831983354,0.7719903471123128,0.7820834750395673,0.770212309586321,0.18085872992043237,-0.008053515721691551,-0.005857182140083128,-0.0077397537814618556,-0.006536973078235975,-0.00623029575138867,130.0352783203125
1905,2019-07-31,0.7754418880489098,0.7667607686497241,0.778370439220434,0.7640937123607362,0.24284641945653807,0.000784404850574405,-0.005229578462588758,-0.0037130358191332924,-0.006118597225584832,0.0619876895361057,129.15435791015625
1906,2019-08-01,0.7650349981814256,0.7623679418924377,0.7747620173137222,0.7607467853365607,0.23161687434319173,-0.01040688986748417,-0.004392826757286361,-0.003608421906711845,-0.0033469270241754945,-0.01122954511334634,128.41445922851562
1907,2019-08-02,0.7661332447692645,0.7683296581479077,0.7727224849051939,0.7607467853365607,0.216604113496472,0.001098246587838858,0.005961716255469929,-0.0020395324085282773,0.0,-0.015012760846719736,129.4186248779297
1908,2019-08-05,0.7649827311237322,0.7526931898178345,0.7712059422617384,0.7508628852341492,0.24985737877195616,-0.001150513645532314,-0.01563646833007315,-0.0015165426434554652,-0.00988390010241147,0.03325326527548417,126.7848129272461
1909,2019-08-06,0.7515950230270303,0.7633093075101618,0.7637276035657784,0.7467314735623647,0.19986488515237952,-0.013387708096701867,0.010616117692327287,-0.007478338695960041,-0.004131411671784546,-0.04999249361957664,128.57301330566406
1910,2019-08-07,0.7543666932284396,0.7706306854389723,0.7741344934332627,0.7484572440306632,0.23355352049241856,0.0027716702014093375,0.007321377928810491,0.010406889867484281,0.001725770468298471,0.03368863534003905,129.80621337890625
1911,2019-08-08,0.7732454746702667,0.7751281261086801,0.7780566772802042,0.7647212362411958,0.24682480108091878,0.018878781441827086,0.004497440669707808,0.00392218384694154,0.016263992210532652,0.013271280588500217,130.56375122070312
1912,2019-08-09,0.7765924016944421,0.7795732997206944,0.782554117949912,0.7717811990845046,0.20806185257468848,0.0033469270241753835,0.004445173612014353,0.004497440669707808,0.007059962843308787,-0.0387629485062303,131.31256103515625
1913,2019-08-12,0.7768015497222505,0.7658717498867281,0.7808806943363417,0.7648258501536173,0.1699894910674073,0.00020914802780835906,-0.01370154983396632,-0.0016734236135703684,-0.0069553489308873395,-0.03807236150728119,129.004638671875
1914,2019-08-13,0.7668131155044521,0.7751281261086801,0.778579667045277,0.76351845553797,0.16668668368112896,-0.009988434217798381,0.009256376221951967,-0.002301027291064628,-0.0013073946156472172,-0.0033028073862783336,130.56375122070312
1915,2019-08-14,0.7673883723272182,0.7503398954690765,0.7729839797877303,0.7500784005865401,0.23472451583846268,0.000575256822766157,-0.02478823063960356,-0.0055956872575467775,-0.01344005495142997,0.06803783215733372,126.38841247558594
1916,2019-08-15,0.7501307474412682,0.7613743092170203,0.7647735830959238,0.7480388681780119,0.1807386278336586,-0.017257624885950062,0.011034413747943783,-0.008210396691806454,-0.0020395324085281663,-0.05398588800480408,128.2470703125
1917,2019-08-16,0.7644597413586595,0.7677544013251415,0.76948017179344,0.7600669146013731,0.23652604714006906,0.014328993917391286,0.0063800921081211825,0.0047065886975161675,0.012028046423361194,0.05578741930641046,129.32176208496094
1918,2019-08-19,0.7760694119293694,0.7717811990845046,0.7760694119293694,0.7688526479129804,0.20711604864134514,0.01160967057070994,0.004026797759363099,0.006589240135929431,0.008785733311607258,-0.029409998498723916,130.0
1919,2019-08-20,0.772042693967041,0.7661855118269579,0.7763832536666339,0.7655579879464983,0.13598558774958716,-0.004026717962328452,-0.0055956872575466665,0.0003138417372644531,-0.0032946599664820386,-0.07113046089175798,129.05747985839844
1920,2019-08-21,0.7674406393849117,0.7689571820283672,0.771153675204045,0.7648258501536173,0.1275634289145774,-0.004602054582129256,0.0027716702014092265,-0.005229578462588869,-0.0007321377928810602,-0.008422158835009769,129.52435302734375
1921,2019-08-22,0.7720949610247344,0.7729839797877303,0.7748666312261436,0.7650349981814256,0.10460891757994295,0.004654321639822712,0.004026797759363099,0.0037129560220986457,0.00020914802780835906,-0.022954511334634442,130.20262145996094
1922,2019-08-23,0.7704738044688574,0.7568768685473125,0.7780044102225109,0.7539483173757884,0.2147575439123255,-0.0016211565558770236,-0.01610711124041775,0.0031377789963672464,-0.011086680805637239,0.11014862633238254,127.48949432373048
1923,2019-08-26,0.7614266560717484,0.7705260715265508,0.7709444473792021,0.7593871236632201,0.13482960516438974,-0.009047148397108962,0.013649202979238328,-0.007059962843308787,0.005438806287431763,-0.07992793874793575,129.78857421875
1924,2019-08-27,0.7753372741364883,0.7692710237656316,0.7769585104894,0.7671791445023753,0.14819096231797027,0.013910618064739921,-0.0012550477609192257,0.00601406311019792,0.0077920208391552,0.013361357153580528,129.5771942138672
1925,2019-08-28,0.7681205101200993,0.7654533740340769,0.7705260715265508,0.7617926850696716,0.16104188560276234,-0.007216764016389043,-0.0038176497315547397,-0.006432438962849174,-0.005386459432703772,0.012850923284792065,128.9341583251953
1926,2019-08-29,0.7717289320268111,0.7684342720603291,0.7728793658753088,0.7648781172113107,0.17306710704098482,0.003608421906711845,0.002980898026252232,0.0023532943487579727,0.003085432141639144,0.012025221438222489,129.43626403808594
1927,2019-08-30,0.7722518419948493,0.7685388859727506,0.773663850522918,0.7643028603885446,0.1546014111995196,0.0005229099680381655,0.00010461391242144735,0.0007844846476091627,-0.000575256822766157,-0.018465695841465235,129.45388793945312
1928,2019-09-03,0.7647735830959238,0.7717289320268111,0.7719903471123128,0.7623679418924377,0.15939048190962318,-0.007478258898925505,0.0031900460540605913,-0.001673503410605126,-0.00193491849610683,0.004789070710103593,129.9912109375
1929,2019-09-04,0.7763832536666339,0.7852735210936279,0.7858487779163941,0.7731408607578452,0.1455337036481009,0.011609670570710051,0.01354458906681677,0.013858430804081223,0.010772918865407433,-0.01385677826152229,132.27268981933594
1930,2019-09-05,0.7935885316978558,0.7935362646401625,0.7981905862799852,0.7895617339384927,0.18467197117549916,0.01720527803122196,0.008262743546534557,0.012341808363591111,0.016420873180647555,0.03913826752739827,133.6645050048828
1931,2019-09-06,0.7937454126679707,0.7992887530707894,0.8035246988579609,0.7932747697576261,0.1917129560126107,0.0001568809701149032,0.005752488430626923,0.005334112577975669,0.0037130358191334034,0.007040984837111547,134.6334228515625
1932,2019-09-09,0.799027258188253,0.7804099716289623,0.8021127701269267,0.7740822263755692,0.24895661312115297,0.0052818455202823245,-0.018878781441827086,-0.0014119287310341289,-0.019192543382056892,0.05724365710854226,132.16253662109375
1933,2019-09-10,0.7784227860751621,0.7664993535642223,0.7799393287186176,0.761112814334484,0.2445578741930641,-0.02060447211309091,-0.013910618064740032,-0.022173441408309125,-0.01296941204108526,-0.004398738928088869,129.80682373046875
1934,2019-09-11,0.762786317745089,0.7647212362411958,0.7654011069763834,0.754628188110976,0.21618375619276384,-0.01563646833007315,-0.0017781173230264624,-0.01453822174223418,-0.006484626223507983,-0.028374118000300264,129.50564575195312
1935,2019-09-12,0.7696893198212482,0.7755465019613313,0.7787365480153919,0.767702134267448,0.20400840714607416,0.006903002076159237,0.010825265720135535,0.013335441039008522,0.01307394615647206,-0.012175349046689682,131.33889770507812
1936,2019-09-13,0.776017144871676,0.7651396120938471,0.7769585104894,0.7613220421593269,0.24496321873592553,0.006327825050427727,-0.010406889867484281,-0.0017780375259919268,-0.0063800921081211825,0.04095481158985137,129.57650756835938
1937,2019-09-16,0.7620019128945146,0.765296493063962,0.7699508147037847,0.7610605472767905,0.17429815343041585,-0.014015231977161369,0.0001568809701149032,-0.007007695785615331,-0.00026149488253635056,-0.07066506530550967,129.60304260253906
1938,2019-09-17,0.766028630856843,0.7700554286162061,0.7746051363436073,0.764616702125809,0.19860381324125506,0.004026717962328452,0.004758935552244159,0.004654321639822601,0.0035561548490185,0.02430565981083921,130.4089813232422
1939,2019-09-18,0.7626817038326675,0.7659763637991496,0.7687480340005589,0.7567199875771976,0.191697943251764,-0.0033469270241754945,-0.004079064817056555,-0.00585710234304837,-0.007896714548611405,-0.006905869989491054,129.71815490722656
1940,2019-09-19,0.767702134267448,0.7684342720603291,0.7761217587840975,0.7674406393849117,0.14296652154331183,0.0050204304347805095,0.002457908261179531,0.007373724783538593,0.010720651807714088,-0.04873142170845218,130.1344451904297
1941,2019-09-20,0.7664470067094943,0.7649827311237322,0.7757033829314463,0.763884564332928,0.36309863383876295,-0.0012551275579537613,-0.003451540936596942,-0.00041837585265125377,-0.0035560750519837425,0.22013211229545113,129.54989624023438
1942,2019-09-23,0.7644597413586595,0.7663423927970728,0.7707875664090872,0.7626294367749741,0.12367512385527699,-0.0019872653508348215,0.001359661673340673,-0.004915816522359062,-0.0012551275579538723,-0.23942350998348597,129.78018188476562
1943,2019-09-24,0.7681727771777928,0.7674406393849117,0.7750758590509866,0.7657148689166132,0.1585647800630536,0.0037130358191332924,0.001098246587838858,0.004288292641899449,0.003085432141639144,0.03488965620777662,129.96617126464844
1944,2019-09-25,0.7679636291499844,0.7679636291499844,0.7688003010582524,0.7623679418924377,0.1259570635039784,-0.00020914802780835906,0.0005229897650727011,-0.006275557992734271,-0.0033469270241754945,-0.03260771655907521,130.0547637939453
1945,2019-09-26,0.7682250442354862,0.7745006022282205,0.7761217587840975,0.767859015237563,0.12008707401291098,0.0002614150855018149,0.006536973078236086,0.007321457725845137,0.005491073345125219,-0.005869989491067415,131.16177368164062
1946,2019-09-27,0.7768015497222505,0.7739776124631478,0.7773768065450166,0.7695324388511333,0.18076865335535205,0.008576505486764252,-0.0005229897650727011,0.0012550477609191146,0.0016734236135703684,0.060681579342441075,131.07318115234375
1947,2019-09-30,0.7738729985507262,0.7775860343698596,0.7811944562765715,0.7738729985507262,0.13308812490617025,-0.0029285511715242407,0.003608421906711845,0.0038176497315548508,0.004340559699592905,-0.0476805284491818,131.6842803955078
1948,2019-10-01,0.7806191994538053,0.7611651611892121,0.7822403560096822,0.7610082802190972,0.18564780063053596,0.0067462009030790915,-0.016420873180647555,0.0010458997331107556,-0.012864718331629055,0.052559675724365706,128.90338134765625
1949,2019-10-02,0.7573998583123853,0.744639674096143,0.7586549858703391,0.7413450141296609,0.20657558925086322,-0.02321934114141999,-0.016525487093069113,-0.023585370139343143,-0.01966326608943625,0.020927788620327265,126.10484313964844
1950,2019-10-03,0.7432276655680743,0.741188133159546,0.7446919411538364,0.7357494066691489,0.18245008257018466,-0.01417219274431103,-0.003451540936596942,-0.01396304471650267,-0.00559560746051202,-0.02412550668067856,125.52029418945312
1951,2019-10-04,0.7426001416876147,0.7580797290475729,0.7593871236632201,0.7415542419545039,0.18456688184957212,-0.0006275238804596128,0.01689159588802691,0.01469518250938373,0.005804835285355026,0.00211679927938746,128.3809051513672
1952,2019-10-07,0.7564062256369679,0.7486141250007781,0.7564062256369679,0.7481434820904334,0.13383876294850622,0.013806083949353232,-0.009465604046794862,-0.002980898026252232,0.006589240135929431,-0.050728118901065905,126.77791595458984
1953,2019-10-08,0.7448488221239513,0.7354356447289191,0.7448488221239513,0.7352787637588042,0.1724215583245759,-0.011557403513016595,-0.013178480271858972,-0.011557403513016595,-0.012864718331629166,0.03858279537606968,124.54611206054688
1954,2019-10-09,0.7394623626912475,0.7389394527232095,0.7408743712193162,0.735383297874191,0.10881249061702447,-0.005386459432703772,0.0035038079942903977,-0.003974450904635107,0.00010453411538680069,-0.06360906770755143,125.13948822021484
1955,2019-10-10,0.7382073149303284,0.74029911439655,0.7457379206839819,0.736272316637187,0.1270379822849422,-0.0012550477609191146,0.001359661673340562,0.004863549464665717,0.0008890187629959634,0.01822549166791773,125.36975860595705
1956,2019-10-11,0.748666471855506,0.7457379206839819,0.7522225469074899,0.7447965550662579,0.17827653505479657,0.010459156925177626,0.005438806287431874,0.006484626223507983,0.008524238429070907,0.05123855276985437,126.29080963134766
1957,2019-10-14,0.7448488221239513,0.7484049769729697,0.7493986096483871,0.7434368933929173,0.09037682029725266,-0.0038176497315547397,0.002667056288987779,-0.0028239372591027934,-0.001359661673340562,-0.0878997147575439,126.74250030517578
1958,2019-10-15,0.7503922423238045,0.7494508767060806,0.7556740878440869,0.7485618579430846,0.1318420657558925,0.005543420199853211,0.0010458997331108666,0.006275478195699735,0.00512496455016731,0.04146524545863983,126.91961669921876
1959,2019-10-16,0.746992968444901,0.745581039713867,0.7473590772398588,0.74029911439655,0.13700645548716409,-0.003399273878903486,-0.003869836992213549,-0.008315010604228013,-0.008262743546534557,0.00516438973127159,126.26426696777344
1960,2019-10-17,0.7457901877416753,0.73465116008131,0.7470975823573225,0.7343896651987736,0.16683681128959615,-0.0012027807032257698,-0.010929879632556982,-0.00026149488253635056,-0.005909449197776473,0.029830355802432068,124.41329193115234
1961,2019-10-18,0.736115435667072,0.7392532146634393,0.7408743712193162,0.7332392313502759,0.22594205074313167,-0.009674752074603221,0.004602054582129256,-0.006223211138006279,-0.0011504338484976673,0.05910523945353552,125.192626953125
1962,2019-10-21,0.7425478746299213,0.7421294987772701,0.743750655333147,0.7395147095459756,0.2576640144122504,0.006432438962849285,0.002876284113830785,0.002876284113830785,0.006275478195699735,0.031721963669118725,125.6797103881836
1963,2019-10-22,0.6932852550879787,0.6806296049871231,0.6994561193712568,0.6789039143158593,0.5331932142320973,-0.049262619541942665,-0.061499893790146976,-0.04429453596189015,-0.060610795230116365,0.2755291998198469,115.26470947265624
1964,2019-10-23,0.6802113089315065,0.6911411087670288,0.6956908164944301,0.6782240435806717,0.2903317820147125,-0.013073946156472172,0.010511503779905729,-0.0037653028768267482,-0.0006798707351876043,-0.24286143221738482,117.04483795166016
1965,2019-10-24,0.6920823945877183,0.6873234590354741,0.6941219269962465,0.6852839266269458,0.19238853025071312,0.011871085656211755,-0.0038176497315547397,-0.0015688894981835677,0.00705988304627414,-0.09794325176399937,116.39833068847656
1966,2019-10-25,0.6853362734816739,0.6820938805728852,0.6873758058902022,0.6772304109052543,0.2015162888455187,-0.006746121106044334,-0.005229578462588869,-0.006746121106044334,-0.008053515721691551,0.00912775859480558,115.51268768310548
1967,2019-10-28,0.6837673839834904,0.6761845111721434,0.6861206783322483,0.6758184023771856,0.2290196667167092,-0.0015688894981835677,-0.005909369400741826,-0.0012551275579538723,-0.0014120085280686645,0.027503377871190504,114.51193237304688
1968,2019-10-29,0.6748771165564962,0.674249512879002,0.6792176762560891,0.6709025858548265,0.3288845518690887,-0.00889026742699417,-0.0019349982931413656,-0.006903002076159237,-0.004915816522359062,0.09986488515237951,114.1842269897461
1969,2019-10-30,0.6751386114390326,0.6786946864910164,0.6812048618098893,0.6732559600006193,0.20316769253865785,0.0002614948825364616,0.004445173612014353,0.001987185553800175,0.0023533741457927304,-0.12571685933043086,114.93701934814452
1970,2019-10-31,0.6767597679949096,0.6853885405393673,0.6857023024795971,0.6743541267914235,0.27985287494370215,0.0016211565558769125,0.006693854048350878,0.004497440669707808,0.0010981667908042114,0.0766851824050443,116.07064056396484
1971,2019-11-01,0.6877941817428534,0.6836105030133754,0.6880033297706617,0.6786424194333229,0.1508782465095331,0.011034413747943894,-0.0017780375259918157,0.002301027291064628,0.004288292641899449,-0.12897462843416904,115.76953125
1972,2019-11-04,0.6858069163920186,0.6808910998696596,0.6882125575955047,0.6790084484312462,0.1661762498123405,-0.0019872653508348215,-0.0027194031437158817,0.00020922782484300573,0.00036602899792326227,0.015298003302807395,115.30901336669922
1973,2019-11-05,0.6808388328119661,0.6864867871272062,0.690252090004033,0.6806296049871231,0.23879297402792374,-0.004968083580052518,0.0055956872575466665,0.0020395324085282773,0.0016211565558769125,0.07261672421558324,116.25662231445312
1974,2019-11-06,0.6865390541848996,0.6921347414424464,0.6933897892033655,0.6854931544517888,0.23413901816544064,0.005700221372933467,0.005647954315240122,0.0031376991993324888,0.004863549464665717,-0.0046539558624831,117.21310424804688
1975,2019-11-07,0.6939650460261316,0.6955862025820087,0.6998222281662146,0.6935466701734804,0.2002251914127008,0.007425991841232049,0.003451461139562295,0.006432438962849174,0.008053515721691551,-0.03391382675273985,117.79762268066406
1976,2019-11-08,0.6941219269962465,0.6970504781677707,0.7005020191043677,0.6929191462930208,0.1954211079417505,0.0001568809701149032,0.0014642755857620093,0.0006797909381530687,-0.0006275238804596128,-0.004804083470950293,118.04557800292967
1977,2019-11-11,0.6955339355243152,0.6983578727834179,0.7004497520466743,0.6944880357912043,0.19803332832907972,0.0014120085280686645,0.0013073946156472172,-5.2267057693455854e-05,0.0015688894981835677,0.0026122203873292227,118.26698303222656
1978,2019-11-12,0.699142357431027,0.6973643199050351,0.6993515054588354,0.692605384352791,0.1577240654556373,0.003608421906711845,-0.000993552878382764,-0.001098246587838858,-0.0018826514384133741,-0.040309262873442414,118.09872436523438
1979,2019-11-13,0.6939650460261316,0.7014433847220917,0.7028030463954323,0.6929714133507142,0.1613121152980033,-0.005177311404895413,0.004079064817056555,0.003451540936596942,0.00036602899792326227,0.0035880498423659923,118.78954315185548
1980,2019-11-14,0.6999267622816016,0.7005020191043677,0.7032736893057769,0.6969982111100773,0.1528449181804534,0.005961716255469929,-0.0009413656177239549,0.0004706429103445986,0.004026797759363099,-0.008467197117549896,118.63011169433594
1981,2019-11-15,0.7001882571641379,0.6985148335505674,0.7043719358936159,0.6973643199050351,0.21768503227743582,0.00026149488253635056,-0.001987185553800286,0.0010982465878389691,0.0003661087949577979,0.06484011409698243,118.29357147216795
1982,2019-11-18,0.698933129606184,0.7022800566303595,0.7045810839214242,0.698933129606184,0.19319921933643597,-0.0012551275579538723,0.0037652230797921016,0.00020914802780824804,0.001568809701148921,-0.024485812940999857,118.93121337890624
1983,2019-11-19,0.7041627080687729,0.708398733652979,0.7095491675014767,0.7026461654253174,0.27177600960816695,0.005229578462588869,0.006118677022619479,0.004968083580052518,0.0037130358191334034,0.07857679027173098,119.96741485595705
1984,2019-11-20,0.7048425788039605,0.7082417728858295,0.7096537814138981,0.7030645412779687,0.19533103137667018,0.0006798707351876043,-0.00015696076714954987,0.00010461391242144735,0.00041837585265125377,-0.07644497823149676,119.94083404541016
1985,2019-11-21,0.7109611760295453,0.7043719358936159,0.7111704038543882,0.6996652673990651,0.18473202221888604,0.006118597225584832,-0.003869836992213549,0.0015166224404901119,-0.003399273878903597,-0.01059900915778414,119.2854461669922
1986,2019-11-22,0.7044765498060374,0.7066729631846805,0.7086078816807873,0.7028030463954323,0.18356102687284193,-0.006484626223507983,0.002301027291064628,-0.0025625221736009784,0.0031377789963672464,-0.001170995346044118,119.6751480102539
1987,2019-11-25,0.7089739904757452,0.7061499734196077,0.7109089089718519,0.7053132217143052,0.174343191712956,0.004497440669707808,-0.0005229897650728121,0.002301027291064628,0.002510175318872876,-0.009217835159885918,119.58660888671876
1988,2019-11-26,0.705104073686497,0.7147787459640654,0.7159292596095977,0.7044242029513093,0.2743582044738027,-0.0038699167892481956,0.008628772544457708,0.005020350637745863,-0.0008890187629959634,0.1000150127608467,121.0478744506836
1989,2019-11-27,0.7168706252273218,0.715615497669368,0.7181257527852756,0.7119025416472693,0.15875994595406095,0.011766551540824843,0.0008367517053026186,0.002196493175677827,0.007478338695960041,-0.11559825851974176,121.18960571289062
1990,2019-11-29,0.7155632306116746,0.7149879737889084,0.7175504959625094,0.7136805791732612,0.07856177751088425,-0.0013073946156472172,-0.0006275238804596128,-0.000575256822766157,0.0017780375259919268,-0.0801981684431767,121.08331298828124
1991,2019-12-02,0.7163999823169771,0.7073527541228335,0.7178119110480111,0.7073527541228335,0.23679627683531002,0.0008367517053025075,-0.007635219666074944,0.0002614150855017039,-0.006327825050427727,0.15823449932442576,119.79027557373048
1992,2019-12-03,0.7048425788039605,0.704005827098658,0.7065160822145656,0.6991946244887205,0.28001801531301607,-0.011557403513016595,-0.0033469270241754945,-0.011295828833445487,-0.008158129634112998,0.04322173847770605,119.2234878540039
1993,2019-12-04,0.6978872298730733,0.7068821112124888,0.7085556146230939,0.6972597059926137,0.19561627383275784,-0.0069553489308872285,0.002876284113830785,0.0020395324085282773,-0.00193491849610683,-0.08440174148025822,119.71056365966795
1994,2019-12-05,0.7081372387704427,0.702384670542781,0.7081372387704427,0.700920394957019,0.21543311815042787,0.010250008897369378,-0.004497440669707808,-0.00041837585265125377,0.003660688964405301,0.01981684431767003,118.94895935058594
1995,2019-12-06,0.7069867251249103,0.7097583953263196,0.7120070757626562,0.704894845861654,0.23775709352950009,-0.001150513645532314,0.007373724783538593,0.003869836992213549,0.003974450904634996,0.022323975379072214,120.19767761230467
1996,2019-12-09,0.7076142490053698,0.7083463867982509,0.709287752415975,0.7050518066288035,0.14819096231797027,0.0006275238804595018,-0.0014120085280686645,-0.002719323346681235,0.00015696076714954987,-0.08956613121152981,120.6877212524414
1997,2019-12-10,0.7083463867982509,0.7088170297085956,0.7101244243242428,0.7067774973000673,0.12439573637591954,0.0007321377928810602,0.0004706429103447096,0.0008366719082678609,0.0017256906712638242,-0.023795225942050732,120.76792907714844
1998,2019-12-11,0.7073527541228335,0.7040581739533861,0.7093400194736683,0.7022277895726662,0.1891757994295151,-0.0009936326754174107,-0.004758855755209512,-0.000784404850574516,-0.004549707727401153,0.06478006305359556,119.95710754394533
1999,2019-12-12,0.704005827098658,0.7091831385035534,0.712373184557614,0.702384670542781,0.160471400690587,-0.0033469270241754945,0.00512496455016731,0.003033165083945688,0.00015688097011479218,-0.028704398738928105,120.83028411865234
2000,2019-12-13,0.7066729631846805,0.7094446333860898,0.7123209174999205,0.7066206163299524,0.14796577090526947,0.002667136086022537,0.00026149488253635056,-5.2267057693455854e-05,0.004235945787171458,-0.012505629785317524,120.8748550415039
2001,2019-12-16,0.7115887797070396,0.7121639567327711,0.7151448547590233,0.7095491675014767,0.19707251163488965,0.004915816522359062,0.002719323346681346,0.0028239372591027934,0.0029285511715242407,0.04910674072962018,121.33819580078124
2002,2019-12-17,0.7126869464978438,0.7163999823169771,0.7178119110480111,0.7122685706451926,0.16264825101336136,0.0010981667908042114,0.0042360255842059935,0.002667056288987779,0.0027194031437158817,-0.034424260621528285,122.05989074707033
2003,2019-12-18,0.7173412681376665,0.7094969004437832,0.7173412681376665,0.7056793305092631,0.2375619276384927,0.004654321639822712,-0.006903081873193884,-0.0004706429103445986,-0.006589240135929431,0.07491367662513135,120.88372802734376
2004,2019-12-19,0.7080848919157146,0.7136805791732612,0.7137851930856827,0.7065160822145656,0.26144723014562377,-0.009256376221951967,0.004183678729478002,-0.0035560750519838535,0.0008367517053025075,0.023885302507131057,121.59657287597656
2005,2019-12-20,0.717236654225245,0.7134713513484183,0.7196422954287311,0.71143181893989,0.4018165440624531,0.009151762309530409,-0.0002092278248428947,0.005857102343048481,0.0049157367253244155,0.14036931391682933,121.5608901977539
2006,2019-12-23,0.7154063496415597,0.7124254516153075,0.7154063496415597,0.7090262575334385,0.15057799129259872,-0.0018303045836852716,-0.0010458997331108666,-0.004235945787171458,-0.0024055614064515396,-0.2512385527698544,121.38268280029295
2007,2019-12-24,0.7135759652608398,0.7103336521490857,0.7135759652608398,0.7088693765633236,0.07299204323675124,-0.0018303843807199183,-0.002091799466221733,-0.0018303843807199183,-0.0001568809701149032,-0.07758594805584748,121.0263442993164
2008,2019-12-26,0.7110135228842734,0.7127392135555373,0.7128438274679587,0.7102290382366643,0.13927338237501877,-0.0025624423765663318,0.0024055614064515396,-0.0007321377928810602,0.001359661673340673,0.06628133913826753,121.4361801147461
2009,2019-12-27,0.7137328462309547,0.7154063496415597,0.7159292596095977,0.7110657899419668,0.0922384026422459,0.002719323346681235,0.002667136086022426,0.003085432141639033,0.0008367517053025075,-0.04703497973277286,121.89064025878906
2010,2019-12-30,0.7163476354622491,0.7137851930856827,0.7163476354622491,0.7093922865313618,0.11998198468698394,0.0026147892312944343,-0.0016211565558770236,0.0004183758526513648,-0.001673503410605015,0.027743582044738035,121.61438751220705
2011,2019-12-31,0.7128438274679587,0.7161907544921342,0.7163999823169771,0.7119025416472693,0.11486263323825252,-0.0035038079942903977,0.0024055614064515396,5.23468547279915e-05,0.0025102551159075226,-0.005119351448731421,122.02426147460938
2012,2020-01-02,0.7191716525183864,0.7191193056636583,0.7203221661639188,0.7119548087049627,0.16773757694039934,0.006327825050427727,0.0029285511715241297,0.0039221838469416515,5.2267057693455854e-05,0.05287494370214682,122.5232162475586
2013,2020-01-03,0.7140989550259125,0.716556863287092,0.7183871678707773,0.7130530552928016,0.13921333133163188,-0.005072697492473965,-0.0025624423765663318,-0.0019349982931414766,0.001098246587838858,-0.028524245608767457,122.08661651611328
2014,2020-01-06,0.7120070757626562,0.7173412681376665,0.7175504959625094,0.7093400194736683,0.1430415853475454,-0.002091879263256269,0.000784404850574516,-0.0008366719082678609,-0.0037130358191332924,0.0038282540159135237,122.22024536132812
2015,2020-01-07,0.7106474140893155,0.7068298441547954,0.7145173308785637,0.7065160822145656,0.18084371715958564,-0.001359661673340673,-0.010511423982871082,-0.003033165083945688,-0.0028239372591026823,0.03780213181204023,120.42933654785156
2016,2020-01-08,0.7109089089718519,0.7144127169661423,0.7201129383390757,0.7085556146230939,0.29166791773007056,0.00026149488253635056,0.007582872811346841,0.00559560746051202,0.0020395324085282773,0.11082420057048492,121.7212905883789
2017,2020-01-09,0.714883359876487,0.7196945624864245,0.7212111849269147,0.714883359876487,0.18444677976279839,0.003974450904635107,0.0052818455202822134,0.0010982465878389691,0.00632774525339308,-0.10722113796727217,122.62123107910156
2018,2020-01-10,0.7101767711789708,0.7086601487384807,0.7136805791732612,0.707666595860098,0.20165140369313916,-0.0047065886975161675,-0.011034413747943783,-0.0075306057536534965,-0.007216764016389043,0.01720462393034078,120.74119567871094
2019,2020-01-13,0.7086601487384807,0.7125823325854224,0.7127915604102653,0.7078234768302128,0.156508031827053,-0.0015166224404901119,0.0039221838469416515,-0.0008890187629959634,0.0001568809701149032,-0.04514337186608616,121.40945434570312
2020,2020-01-14,0.7112226709120817,0.7146218649939506,0.7193808005461947,0.7112226709120817,0.22298453685632788,0.0025625221736009784,0.0020395324085282773,0.006589240135929431,0.0033991940818688393,0.06647650502927488,121.7569351196289
2021,2020-01-15,0.7138374601433761,0.7194331474009228,0.7215772139248379,0.7128438274679587,0.13589551118450682,0.0026147892312944343,0.0048112824069721505,0.0021964133786431805,0.0016211565558770236,-0.08708902567182106,122.5766830444336
2022,2020-01-16,0.7216818278372594,0.7261270014492738,0.7268067923874267,0.72074054201657,0.18752439573637592,0.007844367693883303,0.006693854048350989,0.005229578462588869,0.007896714548611294,0.05162888455186909,123.71717834472656
2023,2020-01-17,0.7269114062998482,0.7359585546969571,0.7376320581075623,0.7260746545945457,0.23041585347545412,0.005229578462588758,0.009831553247683367,0.010825265720135535,0.005334112577975669,0.04289145773907821,125.39225006103516
2024,2020-01-21,0.7361677825218002,0.7368999203146812,0.7402468473388567,0.7341282501132719,0.24090977330731123,0.009256376221951967,0.0009413656177240659,0.0026147892312944343,0.008053595518726198,0.010493919831857101,125.55266571044922
2025,2020-01-22,0.7388871058684814,0.7391486007510177,0.7419202709524271,0.734703506936038,0.2487314217084522,0.002719323346681235,0.0022486804363365254,0.0016734236135703684,0.000575256822766157,0.007821648401140968,125.93577575683594
2026,2020-01-23,0.7127392135555373,0.7017571466623215,0.7216818278372594,0.6980441108431882,0.545954060951809,-0.02614789231294412,-0.03739145408869626,-0.020238443115167648,-0.03665939609284985,0.2972226392433568,119.56504821777344
2027,2020-01-24,0.6993515054588354,0.7048425788039605,0.7053655685690333,0.6987239815783758,0.26348896562077767,-0.013387708096701867,0.003085432141639033,-0.016316259268226108,0.0006798707351876043,-0.2824650953310313,120.09074401855467
2028,2020-01-27,0.702593898367624,0.6993515054588354,0.7099152762964345,0.6984624866958394,0.22811890106590602,0.0032423929087885828,-0.005491073345125108,0.004549707727401153,-0.00026149488253635056,-0.035370064554871655,119.15518188476562
2029,2020-01-28,0.703326036160505,0.7028030463954323,0.7065160822145656,0.7025415515128959,0.1948205975078817,0.0007321377928810602,0.003451540936596942,-0.0033991940818688393,0.004079064817056444,-0.03329830355802432,119.74322509765624
2030,2020-01-29,0.7033783032181985,0.6969459440523839,0.7035874512460067,0.6952724406417788,0.19079717760096082,5.2267057693455854e-05,-0.005857102343048481,-0.0029286309685588874,-0.007269110871117035,-0.004023419906920872,118.7453384399414
2031,2020-01-30,0.6934421360580936,0.7018094137200148,0.7022277895726662,0.6908796138844925,0.21163488965620778,-0.009936167160104925,0.00486346966763096,-0.001359661673340562,-0.004392826757286361,0.020837712055246954,119.57398223876952
2032,2020-01-31,0.6989854764609121,0.6883170917108915,0.7034305702758918,0.6873234590354741,0.27697042486113194,0.005543340402818564,-0.013492322009123314,0.0012027807032256588,-0.003556154849018389,0.06533553520492416,117.275146484375
2033,2020-02-03,0.6929714133507142,0.6987239815783758,0.7022800566303595,0.6917686326474884,0.22442576189761296,-0.00601406311019792,0.010406889867484281,-0.001150513645532314,0.004445173612014353,-0.05254466296351898,119.04825592041016
2034,2020-02-04,0.7029076603078538,0.693337522145672,0.70730048706514,0.6928145323805993,0.23140669569133765,0.009936246957139572,-0.005386459432703772,0.0050204304347805095,0.0010458997331108666,0.006980933793724692,118.13053131103516
2035,2020-02-05,0.700031376194023,0.7153017357291382,0.715615497669368,0.700031376194023,0.21085422609217835,-0.002876284113830785,0.02196421358346623,0.008315010604228013,0.00721684381342369,-0.020552469599159295,121.87281036376952
2036,2020-02-06,0.7179165249604327,0.7138374601433761,0.7216818278372594,0.7137328462309547,0.14075964569884403,0.017885148766409675,-0.0014642755857621204,0.006066330167891376,0.013701470036931673,-0.07009458039333433,121.62330627441406
2037,2020-02-07,0.7133144703783034,0.7112749379697751,0.715824725494211,0.7071958731527186,0.13514487314217086,-0.004602054582129256,-0.0025625221736009784,-0.005857102343048481,-0.006536973078236086,-0.00561477255667317,121.18669891357422
2038,2020-02-10,0.7112749379697751,0.712373184557614,0.7126346794401504,0.7067252302423739,0.12125806935895511,-0.0020395324085282773,0.001098246587838858,-0.0031900460540605913,-0.0004706429103447096,-0.013886803783215745,121.37380981445312
2039,2020-02-11,0.7130007084380736,0.7184395147255054,0.7191193056636583,0.7093922865313618,0.1564329680228194,0.001725770468298471,0.006066330167891376,0.006484626223507983,0.00266705628898789,0.03517489866386428,122.40740203857422
2040,2020-02-12,0.7194331474009228,0.7097061282686262,0.7200606712813824,0.7096015143562047,0.12382525146374418,0.006432438962849174,-0.008733386456879155,0.0009413656177240659,0.0002092278248428947,-0.03260771655907521,120.9193878173828
2041,2020-02-13,0.710752028001737,0.715824725494211,0.7172890010799731,0.7071958731527186,0.13919831857078516,-0.00868111939918581,0.006118597225584721,-0.0027716702014093375,-0.0024056412034860752,0.015373067107040977,121.9618682861328
2042,2020-02-14,0.7144649840238357,0.7204267002793056,0.7225185795425619,0.7124254516153075,0.14733523494970724,0.0037129560220987567,0.004601974785094609,0.005229578462588869,0.005229578462588869,0.008136916378922082,122.74592590332033
2043,2020-02-18,0.7189624246935434,0.7105951470316221,0.7200606712813824,0.7099675433541279,0.18106890857228644,0.004497440669707697,-0.009831553247683478,-0.002457908261179531,-0.002457908261179531,0.0337336736225792,121.07083892822266
2044,2020-02-19,0.7112226709120817,0.7034305702758918,0.7121116896750777,0.7017571466623215,0.19099234349196817,-0.0077397537814617445,-0.007164576755730234,-0.00794898160630475,-0.008210396691806454,0.009923434919681728,119.85016632080078
2045,2020-02-20,0.7006589000744825,0.7006589000744825,0.703116808335662,0.6934421360580936,0.24457288695391083,-0.010563770837599185,-0.0027716702014093375,-0.008994881339415617,-0.008315010604227902,0.05358054346194266,119.37793731689452
2046,2020-02-21,0.7021231756602446,0.7068298441547954,0.7077188629177913,0.696789063082269,0.22064254616423962,0.0014642755857621204,0.0061709440803129345,0.004602054582129256,0.0033469270241753835,-0.02393034078967121,120.42933654785156
2047,2020-02-24,0.6982533386680311,0.7013910378673636,0.7088693765633236,0.6972074389349202,0.2745383576039634,-0.003869836992213549,-0.005438806287431874,0.001150513645532314,0.00041837585265125377,0.05389581143972377,119.502685546875
2048,2020-02-25,0.7013387708096702,0.6839765320112986,0.7018094137200148,0.6836627700710688,0.2925987089025672,0.003085432141639144,-0.017414505856064966,-0.007059962843308787,-0.013544668863851417,0.018060351298603783,116.53558349609376
2049,2020-02-26,0.6865390541848996,0.6723145943828952,0.6911411087670288,0.6723145943828952,0.25754391232547663,-0.014799716624770642,-0.011661937628403396,-0.010668304952985985,-0.01134817568817359,-0.03505479657709054,114.54864501953124
2050,2020-02-27,0.6659868092309849,0.6488861052136669,0.6749293836141896,0.6486769172873413,0.4037832157333734,-0.020552244953914722,-0.02342848916922835,-0.016211725152839196,-0.023637677095553866,0.14623930340789676,110.5569076538086
2051,2020-02-28,0.6365442968500759,0.6265557828352429,0.6418784493265688,0.6138479055752113,0.563473952859931,-0.029442512380909003,-0.022330322378423917,-0.03305093428762085,-0.03482901171213004,0.15969073712655757,106.75228118896484
2052,2020-03-02,0.6265557828352429,0.6677125796992833,0.6677648866554939,0.6240456075163698,0.5029124756042637,-0.009988514014832917,0.04115679686404039,0.02588643732892515,0.010197701941158543,-0.060561477255667295,113.76456451416016
2053,2020-03-03,0.6671896298327278,0.6553184643794816,0.6725238222077382,0.6504026877556398,0.40451884101486263,0.040633846997484846,-0.012394115319801724,0.00475893555224427,0.02635708023926997,-0.09839363458940104,111.6528549194336
2054,2020-03-04,0.6602865878580514,0.6878464488005468,0.6879510627129684,0.6553707713356922,0.36377420807686534,-0.006903041974676394,0.03252798442106519,0.015427240505230144,0.004968083580052407,-0.040744632937997294,117.19493865966795
2055,2020-03-05,0.6675556987291684,0.6694906571237925,0.6763413921422583,0.6631628320733648,0.36713706650653055,0.007269110871117035,-0.018355791676754274,-0.011609670570710051,0.007792060737672579,0.0033628584296652164,114.0674819946289
2056,2020-03-06,0.6495659360503373,0.652860556118302,0.6578286795968717,0.6404141737408068,0.38288545263473955,-0.017989762678831123,-0.01663010100549056,-0.018512712545386556,-0.022748658332558014,0.015748386128209002,111.23406982421876
2057,2020-03-09,0.607258665439282,0.6076770013934158,0.6196004738028729,0.592511255770722,0.5492118300555472,-0.042307270611055325,-0.04518355472488611,-0.03822820579399888,-0.047902917970084835,0.16632637742080764,104.22029876708984
2058,2020-03-10,0.6201234236694283,0.6253006951758064,0.626398901865128,0.5951260450020164,0.3926137216634139,0.012864758230146323,0.017623693782390593,0.0067984280622551685,0.0026147892312944343,-0.15659810839213328,107.24285888671876
2059,2020-03-11,0.605009945104428,0.5888505269077995,0.6085660600549292,0.5814768420227782,0.4552169343942351,-0.015113478565000338,-0.036450168268006955,-0.01783284181019884,-0.013649202979238217,0.0626032127308212,100.9914093017578
2060,2020-03-12,0.5522957846258884,0.534358328903268,0.5787051718213689,0.5293379383670047,0.5232847920732623,-0.05271416047853961,-0.054492198004531534,-0.029860888233560257,-0.05213890365577345,0.06806785767902718,91.64569854736328
2061,2020-03-13,0.5622319916845107,0.5619181898457636,0.5624411796108362,0.5187219004717121,0.5408046839813841,0.009936207058622304,0.02755986094249563,-0.016263992210532763,-0.01061603789529264,0.017519891908121865,96.37239074707033
2062,2020-03-16,0.5117142445846141,0.4450371191866065,0.5150089045510962,0.44378203152717,0.7103738177450833,-0.05051774709989654,-0.1168810706591571,-0.047432275059740014,-0.07493986894454208,0.1695691337636992,76.32655334472656
2063,2020-03-17,0.4555485830679949,0.504183678729478,0.5057002213729336,0.4204581163718459,0.8144272631736976,-0.056165661516619225,0.05914655954287151,-0.00930868317816258,-0.023323915155324115,0.10405344542861428,86.4705810546875
2064,2020-03-18,0.47196945624864245,0.42720427737640754,0.48896558625205616,0.40262523466312966,0.5913676625131362,0.016420873180647555,-0.07697940135307046,-0.016734635120877417,-0.01783288170871622,-0.2230596006605614,73.26811981201172
2065,2020-03-19,0.42443260717499826,0.4501098166790804,0.45209704213139795,0.40539690486453894,0.47703047590451886,-0.047536849073644194,0.02290553930267286,-0.03686854412065821,0.002771670201409282,-0.11433718660861736,77.1965560913086
2066,2020-03-20,0.4505281925317317,0.4680995793579116,0.4925217012025573,0.44430498139372543,0.8931842065755893,0.026095585356733453,0.017989762678831178,0.04042465907115933,0.038908076529186486,0.4161537306710704,80.28192138671875
2067,2020-03-23,0.45811106534307855,0.4620855561462309,0.48373600778946735,0.4555485830679949,0.7379822849422009,0.007582872811346841,-0.0060140232116806525,-0.008785693413089934,0.011243601674269466,-0.15520192163338842,79.25048065185547
2068,2020-03-24,0.4775651036076718,0.49022067391149254,0.49346302692176397,0.45371823858579224,0.6445428614322174,0.019454038264593243,0.02813511776526162,0.009727019132296622,-0.0018303444822026504,-0.09343942350998347,84.07582092285156
2069,2020-03-25,0.48828575541538594,0.4820625442773796,0.4966007660196138,0.4584248671818257,0.6232397537907222,0.010720651807714143,-0.008158129634112943,0.003137739097849812,0.004706628596033435,-0.021303107641495234,82.67666625976562
2070,2020-03-26,0.48682143993110644,0.5160024973279964,0.5173621988998542,0.47118501149955067,0.692178351598859,-0.0014643154842794992,0.03393995305061681,0.02076143288024046,0.012760144317724986,0.06893859780813683,88.49755859375
2071,2020-03-27,0.4961301231092692,0.5226963513763473,0.538698888602861,0.49581632127052205,0.46320372316469,0.009308683178162747,0.006693854048350878,0.021336689703006728,0.024631309770971388,-0.228974628434169,89.64559173583984
2072,2020-03-30,0.5221734015097919,0.5365024353257004,0.5385942746904393,0.5030854321416391,0.41040384326677676,0.026043278400522674,0.01380608394935312,-0.0001046139124216694,0.00726911087111709,-0.05279987989791324,92.013427734375
2073,2020-03-31,0.5268277231496145,0.5195586122784974,0.5319527275982991,0.5177805747525056,0.43829755291998196,0.004654321639822601,-0.016943823047202988,-0.006641547092140154,0.014695142610866463,0.0278937096532052,89.1074447631836
2074,2020-04-01,0.495554866286503,0.49785585367905033,0.5128647582301464,0.4936722148480896,0.47779612670770155,-0.03127285686311143,-0.021702758599447092,-0.019087969368152713,-0.02410835990441601,0.03949857378771959,85.38528442382812
2075,2020-04-02,0.4944566595971813,0.5082627435465344,0.5173621988998542,0.49105742561679516,0.2780813691637892,-0.0010982066893217013,0.010406889867484115,0.004497440669707808,-0.0026147892312944343,-0.19971475754391232,87.17013549804688
2076,2020-04-03,0.502510175318873,0.49100511866058444,0.5089425743832048,0.48603703508053187,0.26784266626632636,0.008053515721691662,-0.017257624885950007,-0.00841962451664946,-0.005020390536263297,-0.01023870289746287,84.2103500366211
2077,2020-04-06,0.5124986893337059,0.5176236937823906,0.5202907500713784,0.5061185972255848,0.45676324876144725,0.009988514014832917,0.026618575121806154,0.01134817568817359,0.020081562145052967,0.1889205824951209,88.77559661865234
2078,2020-04-07,0.5358749114452408,0.5270369110759401,0.5449220598423499,0.526461654253174,0.2918480708602312,0.023376222111534894,0.009413217293549492,0.0246313097709715,0.020343057027589206,-0.16491517790121607,90.3900375366211
2079,2020-04-08,0.5313251638193223,0.548791976631598,0.551615953789218,0.5235854100378605,0.22250412850923285,-0.004549747625918532,0.02175506555565787,0.006693893946868146,-0.002876244215313517,-0.06934394235099833,94.1211395263672
2080,2020-04-09,0.5561133545604086,0.5738939293129139,0.5841438983117662,0.5530279224187694,0.2542260921783516,0.02478819074108629,0.025101952681315987,0.03252794452254815,0.029442512380908892,0.03172196366911878,98.4262924194336
2081,2020-04-13,0.5732140984762437,0.5565317304130598,0.574626067105795,0.5534462982714206,0.18638342591202522,0.01710074391583516,-0.01736219889985413,-0.009517831205971161,0.00041837585265114274,-0.0678426662663264,95.44855499267578
2082,2020-04-14,0.5607677160987485,0.5648990479734984,0.5726911486096884,0.5561133545604086,0.31869088725416606,-0.01244638237749518,0.008367317560438625,-0.001934918496106608,0.002667056288988001,0.13230746134214083,96.88361358642578
2083,2020-04-15,0.5387511556605543,0.5343060219470573,0.5503085591735708,0.5332601222139464,0.29945954060951807,-0.02201656043819422,-0.030593026026441095,-0.022382589436117595,-0.022853232346462193,-0.019231346644647984,91.63670349121094
2084,2020-04-16,0.5332078152577356,0.5219642135834662,0.5345675168295936,0.5175713868261799,0.25838462693289294,-0.005543340402818675,-0.012341808363591111,-0.01574104234397722,-0.015688735387766495,-0.041074913676625135,89.52000427246094
2085,2020-04-17,0.5402154711448336,0.5494718074682683,0.5508837760978197,0.534201447933153,0.30603512986038134,0.007007655887097952,0.027507593884802062,0.016316259268226108,0.016630061106973182,0.0476505029274884,94.23776245117188
2086,2020-04-20,0.540163164188623,0.532266489538529,0.5429348343900323,0.5234807961254391,0.330956312865936,-5.2306956210612654e-05,-0.01720531792973934,-0.007948941707787371,-0.010720651807713977,0.02492118300555468,91.28694915771484
2087,2020-04-21,0.5150611716087895,0.532266489538529,0.5572116011482473,0.504915816522359,0.4577691037381775,-0.025101992579833476,0.0,0.014276766758214987,-0.018564979603080123,0.12681279087224145,91.28694915771484
2088,2020-04-22,0.5413136778341553,0.5323187964947397,0.5460203064301887,0.5252588735499482,0.34140519441525297,0.02625250622536579,5.2306956210723676e-05,-0.011191294718058575,0.020343057027589206,-0.11636390932292451,91.2958984375
2089,2020-04-23,0.532109608568414,0.5253111406076417,0.5384897006765352,0.5242652408745309,0.27504879147275185,-0.009204069265741244,-0.007007655887097952,-0.0075306057536534965,-0.0009936326754172997,-0.06635640294250111,90.09404754638672
2090,2020-04-24,0.5276121678987062,0.5272460990022657,0.5286058005741237,0.5158456163578814,0.31977180603512984,-0.004497440669707808,0.0019349583946239868,-0.00988390010241158,-0.00841962451664946,0.04472301456237798,90.42588806152344
2091,2020-04-27,0.5318481136858778,0.538071324823884,0.5420981225832471,0.5304361450563263,0.2109593154181054,0.004235945787171569,0.010825225821618267,0.013492322009123425,0.014590528698444905,-0.10881249061702444,92.282470703125
2092,2020-04-28,0.5489488576017129,0.5453927426512117,0.552504972552214,0.538071324823884,0.28630836210779165,0.01710074391583505,0.007321417827327759,0.010406849968966903,0.007635179767557676,0.07534904668968626,93.53815460205078
2093,2020-04-29,0.5537600602116505,0.5543353170344166,0.5589896386742393,0.5434055171988943,0.21321122954511335,0.004811202609937615,0.008942574383204893,0.006484666122025362,0.005334192375010316,-0.0730971325626783,95.07186889648438
2094,2020-04-30,0.5452881287387903,0.529285631410794,0.546961592250878,0.5277167818111278,0.2865635790421859,-0.008471931472860184,-0.02504968562362264,-0.012028046423361305,-0.015688735387766495,0.07335234949707253,90.77570343017578
2095,2020-05-01,0.520238483013685,0.5023010272910645,0.522016520539677,0.5001568809701149,0.387359255367062,-0.025049645725105263,-0.02698460411972947,-0.024945071711201083,-0.027559900841012896,0.10079567632487613,86.14765930175781
2096,2020-05-04,0.4979604675914717,0.5067984679607724,0.507582872811347,0.48870409136951987,0.24886653655607266,-0.022278015422213304,0.0044974406697079194,-0.014433647728330001,-0.011452789600595037,-0.13849271881098935,86.91900634765625
2097,2020-05-05,0.5105114638813885,0.5064846661220253,0.5210228878642594,0.5060140232116807,0.2700345293499475,0.012550996289916738,-0.00031380183874718526,0.01344001505291248,0.017309931842160786,0.021167992793874824,86.86518859863281
2098,2020-05-06,0.5105114638813885,0.48786737956273457,0.5115573636144992,0.4875536176225048,0.19651703948356103,0.0,-0.01861728655929068,-0.009465524249760215,-0.018460405589175832,-0.07351748986638645,83.67221069335938
2099,2020-05-07,0.4926262752164615,0.5009936326754173,0.5119757394671505,0.4926262752164615,0.20013511484762048,-0.017885188664926943,0.013126253112682729,0.00041837585265125377,0.005072657593956698,0.0036180753640594476,85.92344665527344
2100,2020-05-08,0.5098839001024115,0.509047148397109,0.5105114638813885,0.4994770501334447,0.1689235850472902,0.01725762488594995,0.008053515721691662,-0.0014642755857620093,0.00685077491698316,-0.03121152980033029,87.30467987060547
2101,2020-05-11,0.5053341524764929,0.4994770501334447,0.5057525283291443,0.49398597678831935,0.1525596757243657,-0.004549747625918532,-0.009570098263664284,-0.004758935552244159,-0.00549107334512533,-0.016363909322924475,85.663330078125
2102,2020-05-12,0.5005229498665554,0.49137118755702497,0.5058571422415657,0.49100511866058444,0.2872091277585948,-0.004811202609937504,-0.008105862576419709,0.00010461391242144735,-0.002980858127734909,0.1346494520342291,84.27310943603516
2103,2020-05-13,0.4856709661840915,0.46992992384011417,0.48687374688731716,0.4682041533718157,0.2949857378771956,-0.014851983682463932,-0.021441263716910797,-0.01898339535424859,-0.022800965288768738,0.007776610118600813,80.59580993652344
2104,2020-05-14,0.4612488044409284,0.47181257527852755,0.4756824521692585,0.4450371191866065,0.3980333283290797,-0.024422161743163084,0.0018826514384133741,-0.011191294718058686,-0.023167034185209212,0.10304759045188411,80.91870880126953
2105,2020-05-15,0.46663530377214946,0.4722832181888723,0.47285847501163847,0.4587909360782662,0.5033328329079718,0.00538649933122104,0.00047064291034476513,-0.0028239771576200057,0.01375381689165972,0.10529950457889209,80.99942779541016
2106,2020-05-18,0.49152806852713976,0.4983788434441229,0.5025624822750837,0.48896558625205616,0.256132712805885,0.024892764754990304,0.02609562525525061,0.029704007263445242,0.030174650173789952,-0.2472001201020868,85.4749755859375
2107,2020-05-19,0.4957117472566179,0.4877627656503131,0.49717602284237994,0.48598472812432125,0.23997898213481458,0.004183678729478113,-0.010616077793809797,-0.005386459432703772,-0.002980858127734909,-0.016153730671070426,83.6542739868164
2108,2020-05-20,0.4946135405672962,0.49963393110355947,0.5028239771576201,0.49037755488160756,0.275574238102387,-0.0010982066893217013,0.011871165453246346,0.005647954315240122,0.0043928267572863056,0.03559525596757243,85.69025421142578
2109,2020-05-21,0.4968099539459394,0.5186172865592907,0.5271415249883615,0.4964438850494989,0.4494069959465546,0.002196413378643236,0.018983355455731266,0.02431754783074147,0.006066330167891321,0.17383275784416757,88.94601440429688
2110,2020-05-22,0.5192448503382676,0.5234807961254391,0.524108359904416,0.5135445890668169,0.25602762347995794,0.022434896392328207,0.0048635095661483385,-0.003033165083945577,0.017100704017318002,-0.19337937246659664,89.78012084960938
2111,2020-05-26,0.5424118845234769,0.5405292330850635,0.5468570182369739,0.5372346130170987,0.4264374718510734,0.023167034185209268,0.017048436959624436,0.022748658332557903,0.023690023950281858,0.17040984837111545,92.70404052734376
2112,2020-05-27,0.5594603214831013,0.5586235697777988,0.5614475469354189,0.5492626195419427,0.260951809037682,0.017048436959624436,0.018094336692735302,0.014590528698445016,0.012028006524843926,-0.1654856628133914,95.8073272705078
2113,2020-05-28,0.5673569562346779,0.5626503276386445,0.5687689647627467,0.5573684821183622,0.3045038282540159,0.007896634751576537,0.00402675786084572,0.00732141782732787,0.008105862576419542,0.04355201921633389,96.49794006347656
2114,2020-05-29,0.556061087502715,0.5594603214831013,0.5686120837926317,0.5526618535223289,0.44641945653805737,-0.011295868731962866,-0.0031900061555432124,-0.00015688097011501423,-0.004706628596033324,0.14191562828404147,95.95084381103516
2115,2020-06-01,0.5584666888076839,0.5708084971712749,0.5715929419203666,0.551302151950471,0.25922534154030924,0.0024056013049689184,0.01134817568817359,0.0029808581277348534,-0.0013597015718578298,-0.18719411499774813,97.89710998535156
2116,2020-06-02,0.5756196997812125,0.5804832093473608,0.5828888106523296,0.567670758073425,0.2695991592853926,0.017153010973528615,0.009674712176085842,0.011295868731962977,0.016368606122953988,0.010373817745083336,99.55638885498048
2117,2020-06-03,0.5910992472426534,0.5986298529963069,0.6014015231977161,0.5884321510551482,0.2663564029425011,0.015479547461440868,0.018146643648946137,0.018512712545386556,0.020761392981723192,-0.0032427563428914508,102.6686553955078
2118,2020-06-04,0.5960673707212232,0.6170902585854826,0.6171425655416934,0.5906808713900021,0.25451133463443926,0.004968123478569786,0.01846040558917572,0.01574104234397733,0.002248720334853904,-0.011845068308061868,105.83470916748048
2119,2020-06-05,0.6341909626028005,0.6503503807994291,0.6551615834093666,0.628490741229867,0.4698393634589401,0.03812359188157732,0.033260122213946475,0.038019017867673144,0.037809869839864896,0.21532802882450086,111.53903198242188
2120,2020-06-08,0.6536973078236045,0.669386043211371,0.6700659139465587,0.651710082371287,0.4756342891457739,0.019506345220803967,0.019035662411941878,0.01490433053719209,0.02321934114141999,0.005794925686833763,114.80377960205078
2121,2020-06-09,0.6499843119029886,0.6558937212022478,0.6641041577925714,0.6480493535083645,0.4316769253865786,-0.0037129959206159135,-0.013492322009123203,-0.005961756153987308,-0.0036607288629225687,-0.04395736375919529,113.24172973632812
2122,2020-06-10,0.6471603347453685,0.632674419959345,0.6519192702976127,0.6326221130031343,0.5070109593154181,-0.002823977157620061,-0.023219301242902723,-0.012184887494958718,-0.015427240505230144,0.07533403392883947,109.2328643798828
2123,2020-06-11,0.6087752479812547,0.5781299149986027,0.6139002125314221,0.5771885892793961,0.531601861582345,-0.038385086764113785,-0.05454450496074237,-0.03801905776619052,-0.05543352372373822,0.02459090226692695,99.81562042236328
2124,2020-06-12,0.599937247611954,0.5926681367408368,0.6042778073115469,0.5781821820562962,0.2830055547215133,-0.008838000369300714,0.01453822174223418,-0.00962240521987523,0.000993592776900143,-0.24859630686083173,102.3256607055664
2125,2020-06-15,0.5726388416534776,0.6006170784486243,0.6059512708236348,0.5656312256648969,0.29156282840414355,-0.027298405958476435,0.007948941707787482,0.0016734635120878583,-0.01255095639139936,0.008557273682630262,103.69808959960938
2126,2020-06-16,0.6246731313968296,0.6074155464093968,0.6246731313968296,0.5970609634981233,0.23194715508181954,0.052034289743352,0.006798467960772436,0.018721860573194804,0.031429737833226445,-0.05961567332232401,104.87186431884766
2127,2020-06-17,0.6108670474474764,0.6004601974785094,0.6108670474474764,0.5989959218927473,0.19941450232697794,-0.01380608394935312,-0.0069553489308873395,-0.01380608394935312,0.0019349583946239868,-0.0325326527548416,103.67100524902344
2128,2020-06-18,0.595492113898457,0.6068925965428412,0.6097688407581549,0.5935571555038329,0.16680678576790273,-0.01537493354901942,0.006432399064331795,-0.0010982066893215903,-0.0054387663889143845,-0.03260771655907521,104.78155517578124
2129,2020-06-19,0.6157828639698354,0.6095596528318292,0.6157828639698354,0.6027089178133633,0.71414202071761,0.02029075007137837,0.002667056288988001,0.0060140232116805414,0.009151762309530409,0.5473352349497073,105.2420425415039
2130,2020-06-22,0.6027612247695742,0.607833922262048,0.6106578595211508,0.5976362203208894,0.29542110794175047,-0.013021639200261226,-0.001725730569781203,-0.005125004448684578,-0.005072697492473965,-0.41872091277585954,104.94409942626952
2131,2020-06-23,0.6164104277488124,0.6076247343357223,0.6194958598904514,0.6065787947040941,0.2588049842366011,0.013649202979238217,-0.0002091879263257379,0.008838000369300603,0.008942574383204782,-0.036616123705149384,104.9079818725586
2132,2020-06-24,0.5992573768767664,0.5902102284796574,0.5997803666418391,0.5825750487120998,0.45404593904819096,-0.017153050872045994,-0.017414505856064855,-0.019715493248612326,-0.024003745991994396,0.19524095481158987,101.90130615234376
2133,2020-06-25,0.5885890719237804,0.5994142977453987,0.6005125044347202,0.5832548795487701,0.18207476354901667,-0.010668304952985985,0.009204069265741244,0.0007321377928810602,0.0006798308366703365,-0.27197117549917427,103.49044036865234
2134,2020-06-26,0.5923020678443965,0.5804832093473608,0.5983683581137705,0.5781299149986027,0.3776009608166942,0.0037129959206161356,-0.01893108839803792,-0.0021441463209496137,-0.005124964550167421,0.19552619726767753,100.22191619873048
2135,2020-06-29,0.5877523202184779,0.590419416405983,0.5931387796511817,0.5799079525245946,0.17432817895210928,-0.004549747625918643,0.009936207058622304,-0.005229578462588869,0.0017780375259919268,-0.20327278186458492,101.93743896484376
2136,2020-06-30,0.5881706960711292,0.5964334396176636,0.598734427010211,0.586235737676505,0.21986188260021017,0.00041837585265125377,0.0060140232116805414,0.005595647359029288,0.006327785151910459,0.04553370364810089,102.97577667236328
2137,2020-07-01,0.5959627568088017,0.588327577041244,0.6003033165083945,0.5867586875430606,0.13969373967872692,0.007792060737672579,-0.008105862576419542,0.0015688894981835677,0.0005229498665555443,-0.08016814292148325,101.57627868652344
2138,2020-07-02,0.6016107111240417,0.5881183891149184,0.606631101660305,0.5866541135291563,0.15617775108842516,0.005647954315240011,-0.00020918792632562688,0.006327785151910459,-0.00010457401390429055,0.01648401140969824,101.54015350341795
2139,2020-07-06,0.6027612247695742,0.5991528028628622,0.6086183271126224,0.5926681367408368,0.1996096682179853,0.001150513645532425,0.011034413747943783,0.0019872254523174426,0.0060140232116805414,0.04343191712956013,103.44527435302734
2140,2020-07-07,0.5940277984141775,0.5882230030273399,0.5952306190159207,0.5856082137960454,0.1835460141119952,-0.008733426355396645,-0.010929799835522336,-0.013387708096701756,-0.007059922944791408,-0.01606365410599009,101.5582275390625
2141,2020-07-08,0.5852944119572985,0.5918836919917452,0.595021431089595,0.5830979985786552,0.23888305059300405,-0.008733386456879044,0.003660688964405301,-0.00020918792632562688,-0.0025102152173902548,0.05533703648100885,102.19023895263672
2142,2020-07-09,0.5929295917248559,0.5754628188110976,0.5929295917248559,0.5704946953325278,0.22615222939498575,0.007635179767557454,-0.016420873180647555,-0.002091839364739112,-0.01260330324612735,-0.0127308211980183,99.35514068603516
2143,2020-07-10,0.5765087185442084,0.5953351930298247,0.5974270323945637,0.5763518375740936,0.16117700045038283,-0.016420873180647555,0.019872374218727118,0.004497440669707808,0.005857142241565749,-0.06497522894460292,102.7861557006836
2144,2020-07-13,0.5993619907891878,0.5974270323945637,0.6088275150389482,0.5902102284796574,0.18611319621678427,0.02285327224497946,0.002091839364739001,0.011400482644384424,0.013858390905563844,0.024936195766401437,103.14730834960938
2145,2020-07-14,0.5975839133646786,0.6199665426993134,0.6221629560779566,0.5928773246671627,0.34376219786818796,-0.0017780774245091946,0.022539510304749655,0.013335441039008411,0.002667096187505269,0.1576490016514037,107.03883361816406
2146,2020-07-15,0.6347662194255667,0.6230519748409525,0.6357075451447735,0.6170902585854826,0.223299804834109,0.037182306060888015,0.003085432141639144,0.013544589066816881,0.024212933918319912,-0.12046239303407896,107.57154083251952
2147,2020-07-16,0.6224767180181864,0.6301642047419548,0.6416169943425498,0.6213262043726542,0.20528449181804534,-0.012289501407380277,0.007112229901002243,0.005909449197776362,0.004235945787171569,-0.018015313016063655,108.79947662353516
2148,2020-07-17,0.6318899752102531,0.623156588753374,0.6318899752102531,0.6201756907271218,0.19539108242005704,0.00941325719206676,-0.007007615988580795,-0.009727019132296677,-0.001150513645532425,-0.009893409397988301,107.58959197998048
2149,2020-07-20,0.6217445802253053,0.6211170164463284,0.6296412548753993,0.6180315843046893,0.17626482510133615,-0.01014539498494782,-0.002039572307045545,-0.002248720334853793,-0.002144106422432457,-0.01912625731872089,107.23744201660156
2150,2020-07-21,0.6246731313968296,0.6297458288893035,0.6364396829376545,0.6235226576498145,0.1996997447830656,0.0029285511715242407,0.008628812442975087,0.0067984280622551685,0.005491073345125219,0.02343491968172945,108.72724151611328
2151,2020-07-22,0.6244639833690212,0.6392636600952744,0.6409371236073623,0.6224767180181864,0.1977931241555322,-0.00020914802780835906,0.009517831205970828,0.004497440669707808,-0.0010459396316281344,-0.0019066206275333841,110.37051391601562
2152,2020-07-23,0.6363351089237502,0.6202803046395432,0.6395774619340215,0.6144754693541883,0.3193514487314217,0.011871125554729023,-0.018983355455731155,-0.001359661673340784,-0.008001248663998095,0.12155832457588947,107.09300231933594
2153,2020-07-24,0.6244639833690212,0.6185545341712447,0.6300073237718399,0.6147369642367245,0.23161687434319173,-0.011871125554729023,-0.001725770468298471,-0.009570138162181663,0.00026149488253623954,-0.08773457438822996,106.7950439453125
2154,2020-07-27,0.6149461122645329,0.6099257217282696,0.6162535068801801,0.6057943499550025,0.18756943401891607,-0.009517871104488318,-0.008628812442975087,-0.013753816891659776,-0.00894261428172205,-0.044047440324275655,105.30523681640624
2155,2020-07-28,0.6086706340688333,0.601558404167831,0.6130635007246369,0.6008785733311607,0.20271730971325627,-0.006275478195699624,-0.008367317560438625,-0.0031900061555432124,-0.004915776623841794,0.015147875694340202,103.86060333251952
2156,2020-07-29,0.60082626637495,0.6110762353738021,0.6131680747385411,0.5977931012910044,0.15517189611169493,-0.007844367693883303,0.00951783120597105,0.00010457401390417953,-0.0030854720401563007,-0.04754541360156134,105.5038833618164
2157,2020-07-30,0.5987867339664217,0.6062650327638645,0.6102917906247103,0.5923543349020899,0.17019966971926137,-0.0020395324085282773,-0.004811202609937615,-0.002876284113830785,-0.0054387663889144955,0.015027773607566436,104.6732177734375
2158,2020-07-31,0.6026043437994592,0.5983683581137705,0.6054805880147727,0.5887459528938952,0.20681579342441075,0.003817609833037472,-0.007896674650093916,-0.004811202609937615,-0.0036083820081946882,0.036616123705149384,103.30984497070312
2159,2020-08-03,0.5980545961735407,0.5982637840998664,0.6042255003553362,0.5895303976429871,0.19015162888455187,-0.004549747625918421,-0.00010457401390417953,-0.0012550876594364935,0.0007844447490918949,-0.01666416453985889,103.29177856445312
2160,2020-08-04,0.5933479675775073,0.5914653161390939,0.5965380136315679,0.5872816773081332,0.21792523645098333,-0.004706628596033435,-0.006798467960772436,-0.007687486723768289,-0.002248720334853904,0.027773607566431463,102.11799621582033
2161,2020-08-05,0.5980545961735407,0.6018198990503674,0.6054805880147727,0.5970609634981233,0.14392733823750187,0.004706628596033435,0.010354582911273447,0.008942574383204782,0.009779286189990133,-0.07399789821348146,103.90576171875
2162,2020-08-06,0.5980545961735407,0.5948122431632693,0.6040163124290105,0.5927204037985304,0.24505329530100586,0.0,-0.007007655887098063,-0.0014642755857621204,-0.004340559699592905,0.101125957063504,102.69585418701172
2163,2020-08-07,0.5914653161390939,0.6137433315613072,0.6149461122645329,0.5910469402864427,0.30969824350698094,-0.006589280034446809,0.01893108839803792,0.010929799835522336,-0.0016734635120877472,0.06464494820597508,105.96438598632812
2164,2020-08-10,0.6170902585854826,0.6229474008270485,0.6243070625003889,0.611703799152779,0.15967572436571084,0.025624942446388688,0.009204069265741244,0.009360950235856036,0.02065685886633628,-0.1500225191412701,107.553466796875
2165,2020-08-11,0.6348708333379881,0.6271310396580091,0.6448070403966103,0.6255621900583429,0.24161537306710704,0.017780574752505496,0.004183638830960623,0.020499977896221377,0.013858390905563955,0.0819396487013962,108.27578735351562
2166,2020-08-12,0.6357075451447735,0.6215876992551904,0.6357075451447735,0.618502227215034,0.17183606065155382,0.0008367118067853507,-0.005543340402818675,-0.009099495251836842,-0.007059962843308898,-0.06977931241555321,107.3187255859375
2167,2020-08-13,0.6185545341712447,0.6237318056776229,0.6249869332355767,0.6146846572805139,0.1396637141570335,-0.017153010973528726,0.002144106422432457,-0.010720611909196709,-0.003817569934520093,-0.03217234649452033,107.68889617919922
2168,2020-08-14,0.6198096218306812,0.6202279976833325,0.6271833466142198,0.6171425655416934,0.09384476805284492,0.0012550876594364935,-0.0035038079942903977,0.0021964133786430695,0.002457908261179531,-0.045818946104188574,107.08396911621094
2169,2020-08-17,0.6175609014958273,0.6061604587499603,0.6175609014958273,0.600983147345065,0.1408196967422309,-0.002248720334853904,-0.014067538933372203,-0.009622445118392497,-0.016159418196628472,0.04697492868938599,104.65515899658205
2170,2020-08-18,0.6077816153058373,0.6010354543012756,0.6079384962759522,0.6000941285820689,0.11537306710704098,-0.009779286189990022,-0.005125004448684689,-0.009622405219875119,-0.0008890187629960744,-0.025446629635189927,103.77031707763672
2171,2020-08-19,0.6027612247695742,0.5919882660056494,0.6067879826304199,0.5897918526270062,0.1802582194865636,-0.005020390536263131,-0.00904718829562623,-0.001150513645532314,-0.010302275955062723,0.06488515237952261,102.2082977294922
2172,2020-08-20,0.5857127878099496,0.588484458011359,0.593243393563603,0.5850329569732794,0.13437922233898814,-0.017048436959624547,-0.0035038079942903977,-0.013544589066816881,-0.00475889565372678,-0.04587899714757546,101.60335540771484
2173,2020-08-21,0.5859219757362752,0.5848237690469537,0.5905239904198872,0.583150305534866,0.1625281489265876,0.00020918792632562688,-0.003660688964405301,-0.0027194031437157706,-0.0018826514384133741,0.02814892658759946,100.9713363647461
2174,2020-08-24,0.5866018065729457,0.6008785733311607,0.6011923352713905,0.5832025725925594,0.20445878997147576,0.0006798308366704475,0.016054804284207025,0.010668344851503253,5.226705769334483e-05,0.04193064104488817,103.74324035644533
2175,2020-08-25,0.6080430702898564,0.6046438762079875,0.6088798219951589,0.6000941285820689,0.2036481008857529,0.021441263716910686,0.0037653028768268593,0.0076874867237684,0.016891555989509532,-0.0008106890857228766,104.39331817626952
2176,2020-08-26,0.5999895545681648,0.5937663434301585,0.5999895545681648,0.5931387796511817,0.18016814292148325,-0.008053515721691551,-0.010877532777828991,-0.008890267426994058,-0.0069553489308872285,-0.023479957964269632,102.5152816772461
2177,2020-08-27,0.5945507881792502,0.6128020058421005,0.6213785113288648,0.5944461742668289,0.23178201471250562,-0.0054387663889146065,0.01903566241194199,0.021388956760699962,0.0013073946156472172,0.051613871791022364,105.80186462402344
2178,2020-08-28,0.617613208452038,0.6060558448375388,0.617613208452038,0.5999895545681648,0.2590902266926888,0.02306242027278782,-0.006746161004561713,-0.0037653028768267482,0.005543380301335943,0.027308211980183156,104.63709259033205
2179,2020-08-31,0.6101872166108061,0.6068402895866306,0.611703799152779,0.6006170784486243,0.34497823149677226,-0.007425991841231938,0.0007844447490917839,-0.005909409299259094,0.0006275238804595018,0.08588800480408348,104.77254486083984
2180,2020-09-01,0.6022382749030186,0.5997803666418391,0.603179560723708,0.5939755313564841,0.14560876745233448,-0.007948941707787482,-0.007059922944791519,-0.008524238429070907,-0.006641547092140265,-0.19936946404443778,103.55361938476562
2181,2020-09-02,0.5989436149365366,0.6143708953402841,0.6156259829997206,0.5962765187490314,0.20888755442125806,-0.0032946599664820386,0.014590528698445016,0.012446422276012559,0.00230098739254736,0.06327878696892358,106.07271575927734
2182,2020-09-03,0.6187114151413597,0.6032318676799188,0.6321514301942722,0.5984729720261919,0.19507581444227592,0.01976780020482316,-0.011139027660365342,0.016525447194551623,0.0021964532771604484,-0.013811739978982135,104.14952087402344
2183,2020-09-04,0.6129065798560047,0.60961195978804,0.6223198370480715,0.6007739594187391,0.21929139768803482,-0.005804835285355026,0.0063800921081211825,-0.009831593146200746,0.002300987392547249,0.024215583245758898,105.25106048583984
2184,2020-09-08,0.608252258216182,0.5948122431632693,0.6089321289513695,0.5891643287465466,0.2532352499624681,-0.004654321639822712,-0.014799716624770642,-0.013387708096701978,-0.011609630672192561,0.03394385227443328,102.69585418701172
2185,2020-09-09,0.5972701514244488,0.5942369863405031,0.6034933625624551,0.590576297376098,0.14376219786818795,-0.01098210679173317,-0.000575256822766157,-0.0054387663889143845,0.0014119686295513967,-0.10947305209428015,103.36902618408205
2186,2020-09-10,0.594759976105576,0.5846668880768388,0.6011400283151799,0.5845099672082066,0.1426512535655307,-0.002510175318872876,-0.009570098263664395,-0.0023533342472752405,-0.006066330167891376,-0.0011109443026572352,101.70429229736328
2187,2020-09-11,0.5884321510551482,0.5930342056372775,0.5965380136315679,0.583882443327747,0.15614772556673173,-0.006327825050427727,0.008367317560438736,-0.004602014683611988,-0.0006275238804596128,0.01349647200120102,103.15982055664062
2188,2020-09-14,0.5970609634981233,0.598577546040096,0.6026043437994592,0.5949168570756909,0.14671971175499174,0.008628812442975087,0.005543340402818564,0.006066330167891265,0.011034413747943894,-0.009428013811739994,104.12409210205078
2189,2020-09-15,0.5986298529963069,0.5864972325590414,0.5997280596856284,0.5860265497501795,0.1564329680228194,0.0015688894981835677,-0.01208031348105465,-0.002876284113830785,-0.008890307325511326,0.009713256267827652,102.02268981933594
2190,2020-09-16,0.5875431322921523,0.5918313850355345,0.6011400283151799,0.5862880446327158,0.15746884852124304,-0.011086720704154618,0.005334152476493048,0.0014119686295515077,0.00026149488253623954,0.0010358804984236525,102.95059204101562
2191,2020-09-17,0.5878569341308993,0.5888505269077995,0.5931387796511817,0.5807969712875907,0.17968773457438822,0.00031380183874707424,-0.0029808581277349644,-0.008001248663998206,-0.005491073345125108,0.022218886053145176,102.43204498291016
2192,2020-09-18,0.5857127878099496,0.5836732554014213,0.5919359989479558,0.5822612468733527,0.34449782314967725,-0.0021441463209497247,-0.005177271506378145,-0.0012027807032258808,0.0014642755857620093,0.16481008857528903,101.5314483642578
2193,2020-09-21,0.5712791400816195,0.5723773467709412,0.5772408563370894,0.5606107952301164,0.28285542711304607,-0.014433647728330112,-0.011295908630480134,-0.014695142610866352,-0.021650451643236313,-0.061642396036631186,99.56651306152344
2194,2020-09-22,0.5705993092449493,0.5713314470378303,0.582836503696119,0.5661541755314523,0.20794175048791472,-0.0006798308366702255,-0.0010458997331108666,0.00559564735902951,0.005543380301335943,-0.07491367662513135,99.3845443725586
2195,2020-09-23,0.5712268730239262,0.5621273777720891,0.5772408563370894,0.5619181898457636,0.4328929590151629,0.0006275637789768806,-0.009204069265741244,-0.00559564735902951,-0.004235985685688726,0.22495120852724818,97.78348541259766
2196,2020-09-24,0.5645852860332686,0.5638531482403876,0.572272772757037,0.5526095465661183,0.2621678426662663,-0.006641586990657533,0.001725770468298471,-0.004968083580052407,-0.009308643279645312,-0.1707251163488966,98.08368682861328
2197,2020-09-25,0.5572638682059409,0.5653697307823604,0.566467937471682,0.554126129108091,0.25733373367362256,-0.007321417827327759,0.001516582541972844,-0.005804835285355026,0.001516582541972733,-0.004834108992643749,98.3475112915039
2198,2020-09-28,0.5738416622552206,0.5764041445303043,0.5851898379433942,0.5715929419203666,0.233583546014112,0.016577794049279726,0.011034413747943894,0.018721900471712183,0.01746681281227558,-0.023750187659510563,100.2669677734375
2199,2020-09-29,0.5750967499146571,0.56186592278807,0.5765610255004192,0.5572116011482473,0.19614172046239303,0.0012550876594364935,-0.014538221742234292,-0.008628812442974976,-0.014381340772119278,-0.03744182555171896,97.7380142211914
2200,2020-09-30,0.563800841284177,0.5657881066350117,0.5707038832588534,0.5607154091425378,0.23957363759195316,-0.011295908630480134,0.0039221838469416515,-0.00585714224156586,0.0035038079942905087,0.04343191712956013,98.4202880859375
2201,2020-10-01,0.5657357996788009,0.563800841284177,0.5700240524221831,0.5556950186062747,0.1987089025671821,0.0019349583946239868,-0.0019872653508347105,-0.0006798308366702255,-0.005020390536263131,-0.04086473502477106,98.0745849609375
2202,2020-10-02,0.5579437389411284,0.56782763904354,0.5725865346972667,0.5567409183393854,0.18320072061252063,-0.007792060737672579,0.004026797759362988,0.0025624822750835996,0.0010458997331107556,-0.01550818195466147,98.77507019042967
2203,2020-10-05,0.5781299149986027,0.5852421448996049,0.5858696687800645,0.5729003365360138,0.19461041885602762,0.020186176057474303,0.017414505856064966,0.013283134082797798,0.01615941819662836,0.011409698243506988,101.80435943603516
2204,2020-10-06,0.5885890719237804,0.5832548795487701,0.5925635228284155,0.5793850026580393,0.22396036631136465,0.010459156925177737,-0.0019872653508348215,0.006693854048350989,0.006484666122025473,0.029349947455337033,101.45870208740234
2205,2020-10-07,0.5861311636626009,0.5951260450020164,0.5979499822611192,0.5861311636626009,0.2083771205524696,-0.002457908261179531,0.01187116545324629,0.005386459432703661,0.006746161004561602,-0.015583245758895053,103.52369689941406
2206,2020-10-08,0.6006170784486243,0.6046438762079875,0.6115991852403575,0.5980022892173299,0.11025371565830956,0.014485914786023457,0.009517831205971161,0.013649202979238328,0.011871125554729023,-0.09812340489416004,105.17933654785156
2207,2020-10-09,0.6089321289513695,0.6057420828973089,0.6117561061089897,0.6026043437994592,0.13568533253265275,0.00831505050274517,0.0010982066893213682,0.00015692086863217103,0.004602054582129256,0.025431616874343185,105.37039184570312
2208,2020-10-12,0.5980022892173299,0.609455078817925,0.6114423042702426,0.5964857066753572,0.2057949256868338,-0.010929839734039604,0.0037129959206161356,-0.00031380183874707424,-0.006118637124101989,0.07010959315418105,106.01626586914062
2209,2020-10-13,0.6040686193852214,0.5903671094497723,0.607520120423301,0.5873862513220374,0.1846869839363459,0.006066330167891487,-0.019087969368152713,-0.0039221838469416515,-0.009099455353319796,-0.021107941750487913,102.69587707519533
2210,2020-10-14,0.5896872786131021,0.5858696687800645,0.598577546040096,0.5857127878099496,0.16065155382074764,-0.014381340772119278,-0.004497440669707808,-0.008942574383204893,-0.0016734635120877472,-0.02403543011559825,101.9135284423828
2211,2020-10-15,0.5782867959687176,0.5890597148341251,0.5912561282127683,0.5732664054324546,0.1859930941300105,-0.011400482644384535,0.0031900460540605913,-0.007321417827327759,-0.012446382377495069,0.02534154030926286,102.46844482421876
2212,2020-10-16,0.5898441595832169,0.5926158297846262,0.5975316463069853,0.5840916312540726,0.2463744182555172,0.011557363614499327,0.0035561149505011214,0.006275518094217003,0.010825225821618045,0.0603813241255067,103.0870361328125
2213,2020-10-19,0.5936094624600438,0.5848760361046471,0.5981069031297515,0.5840916312540726,0.17886203272781864,0.0037653028768268593,-0.007739793679979123,0.000575256822766157,0.0,-0.06751238552769856,101.7406768798828
2214,2020-10-20,0.6044346882816618,0.6176655154082488,0.6194435529342408,0.5972178444682382,0.3454136015613271,0.010825225821618045,0.032789479303601654,0.02133664980448935,0.013126213214165627,0.16655156883350847,107.44449615478516
2215,2020-10-21,0.619705047816777,0.6536973078236045,0.6546386335428112,0.6177178223644596,0.4451583846269329,0.015270359535115241,0.0360317924153557,0.03519508060857035,0.020499977896221377,0.0997447830656058,113.71233367919922
2216,2020-10-22,0.6449116144105146,0.6596590240790744,0.6634243269559011,0.6426105871194498,0.3403392883951359,0.025206566593737545,0.005961716255469929,0.00878569341308999,0.02489276475499025,-0.10481909623179703,114.74938201904295
2217,2020-10-23,0.6664051850836361,0.6587700053160784,0.6670327488626129,0.647526403641809,0.20656057649001652,0.02149357067312152,-0.0008890187629959634,0.003608421906711734,0.004915816522359173,-0.13377871190511936,114.5947265625
2218,2020-10-26,0.6476832846119239,0.6356029711308692,0.6485723033749198,0.6302165116981655,0.19993994895661313,-0.018721900471712183,-0.023167034185209268,-0.0184604454876931,-0.01730989194364352,-0.006620627533403395,110.56475067138672
2219,2020-10-27,0.6328835679871533,0.6227904799584162,0.6403618667845962,0.6224767180181864,0.17399789821348147,-0.014799716624770642,-0.012812491172452978,-0.008210436590323611,-0.007739793679979123,-0.02594205074313166,108.33600616455078
2220,2020-10-28,0.6128020058421005,0.6353937832045435,0.6396820359479257,0.610344097580921,0.4353400390331782,-0.020081562145052745,0.01260330324612735,-0.0006798308366704475,-0.012132620437265373,0.26134214081969676,110.52837371826172
2221,2020-10-29,0.6329881818995748,0.6404141737408068,0.6471080277891577,0.6219014611954203,0.3897012460591503,0.020186176057474303,0.005020390536263242,0.007425991841231938,0.011557363614499327,-0.0456387929740279,111.40167236328124
2222,2020-10-30,0.6362828019675396,0.6312624114312764,0.6421399442091053,0.6215353922989797,0.3948806485512686,0.003294620067964771,-0.009151762309530409,-0.004968083580052407,-0.0003660688964406411,0.00517940249211829,109.8096923828125
2223,2020-11-02,0.6436042197948674,0.6480493535083645,0.6500888859168927,0.6297458288893035,0.26508031827052997,0.007321417827327759,0.016786942077088085,0.007948941707787482,0.008210436590323833,-0.12980033028073862,112.72984313964844
2224,2020-11-03,0.6563120970548989,0.6607049238121853,0.6668235609362874,0.6542725646463706,0.2321273082119802,0.01270787726003153,0.012655570303820807,0.01673467501939463,0.024526735757067097,-0.03295301005854978,114.93131256103516
2225,2020-11-04,0.6416692614002433,0.6453299902631658,0.6647317215715484,0.6406756686233432,0.36392433568533256,-0.014642835654655628,-0.01537493354901942,-0.002091839364739001,-0.013596896023027383,0.13179702747335237,112.25678253173828
2226,2020-11-05,0.6486246103311306,0.6668235609362874,0.6722623273252017,0.6465850779226023,0.20462393034078968,0.0069553489308873395,0.02149357067312152,0.0075306057536533855,0.005909409299259094,-0.15930040534454287,115.9956512451172
2227,2020-11-06,0.6685492915060685,0.6641564647487822,0.6750339975266111,0.6619077444139283,0.15676324876144723,0.01992468117493784,-0.002667096187505158,0.0027716702014093375,0.015322666491325965,-0.04786068157934245,115.5317153930664
2228,2020-11-09,0.7240351221860174,0.7022277895726662,0.7241397360984388,0.7014433847220917,0.41049391983185707,0.055485830679948944,0.03807132482388398,0.04910573857182776,0.03953564030816337,0.2537306710704098,122.1543197631836
2229,2020-11-10,0.7074573680352549,0.7131053223504951,0.7155109635539811,0.7012865037519768,0.23886803783215732,-0.016577754150762458,0.01087753277782888,-0.008628772544457708,-0.0001568809701149032,-0.17162588199969975,124.0465087890625
2230,2020-11-11,0.7116933138224264,0.7057839444216846,0.7143604499084488,0.6999791091363295,0.14506830806185259,0.004235945787171458,-0.007321377928810491,-0.001150513645532314,-0.0013073946156472172,-0.09379972977030474,122.77291107177734
2231,2020-11-12,0.7006589000744825,0.6923961565279481,0.7006589000744825,0.686068411274555,0.1935895511184507,-0.011034413747943894,-0.013387787893736514,-0.01370154983396632,-0.013910697861774568,0.04852124305659811,120.444091796875
2232,2020-11-13,0.6995607332836783,0.7040581739533861,0.7064637353598375,0.6935990170282084,0.17039483561026872,-0.0010981667908042114,0.011662017425438043,0.005804835285355026,0.0075306057536533855,-0.023194715508181973,122.47272491455078
2233,2020-11-16,0.7206359281041486,0.7127392135555373,0.7268067923874267,0.7058884785370714,0.17467347245158385,0.021075194820470267,0.008681039602151164,0.020343057027589206,0.012289461508863009,0.004278636841315131,123.98281860351562
2234,2020-11-17,0.7116410467647329,0.7062022404773012,0.7121639567327711,0.7011818898395553,0.1828554271130461,-0.008994881339415617,-0.006536973078236086,-0.014642835654655628,-0.0047065886975160565,0.008181954661462237,122.84571075439452
2235,2020-11-18,0.7082941197405574,0.7026984324830108,0.7179165249604327,0.7021231756602446,0.2001501276084672,-0.0033469270241754945,-0.0035038079942903977,0.00575256822766157,0.0009412858206893082,0.017294700495421117,122.2361831665039
2236,2020-11-19,0.6961614594047748,0.7000836432517163,0.7017047998075934,0.6874804198026236,0.1679327428314067,-0.012132660335782641,-0.0026147892312944343,-0.016211725152839307,-0.014642755857620982,-0.032217384777060515,121.78132629394533
2237,2020-11-20,0.6952724406417788,0.7036397981007348,0.7049471927163821,0.6938604321137102,0.19852874943702148,-0.0008890187629959634,0.0035561548490185,0.003242392908788694,0.006380012311086536,0.03059600660561479,122.3999252319336
2238,2020-11-23,0.7089216436210171,0.7040581739533861,0.7089216436210171,0.6988285954907972,0.13781714457288696,0.013649202979238217,0.00041837585265125377,0.003974450904634996,0.004968163377087054,-0.060711604864134516,122.47272491455078
2239,2020-11-24,0.7154063496415597,0.71326220332061,0.7161384874344408,0.7047379648915391,0.31504278636841315,0.00648470602054263,0.009204029367223865,0.00721684381342369,0.005909369400741826,0.1772256417955262,124.07379150390624
2240,2020-11-25,0.7089216436210171,0.7113272848245031,0.7138374601433761,0.700920394957019,0.1481309112745834,-0.00648470602054263,-0.00193491849610683,-0.002301027291064628,-0.003817569934520093,-0.16691187509382976,123.7371826171875
2241,2020-11-27,0.7095491675014767,0.7030645412779687,0.7095491675014767,0.698410219638146,0.08076865335535205,0.0006275238804596128,-0.008262743546534446,-0.004288292641899449,-0.002510175318872987,-0.06736225791923134,122.29986572265624
2242,2020-11-30,0.6963706872296177,0.6780148157558288,0.7007635139869041,0.6775965197002121,0.4029575138868038,-0.013178480271858972,-0.02504972552213991,-0.008785653514572611,-0.020813699937933916,0.32218886053145174,117.94241333007812
2243,2020-12-01,0.6929714133507142,0.6976780818452649,0.7020186415448578,0.690252090004033,0.18290046539558624,-0.003399273878903486,0.019663266089436138,0.0012551275579537613,0.012655570303820918,-0.22005704849121754,121.3628921508789
2244,2020-12-02,0.693337522145672,0.7009726620147123,0.7022277895726662,0.6925007704403695,0.14238102387028975,0.0003661087949577979,0.003294580169447392,0.00020914802780835906,0.0022486804363365254,-0.04051944152529649,121.93598175048828
2245,2020-12-03,0.6994561193712568,0.7064637353598375,0.7092354055612469,0.692553037498063,0.14724515838462693,0.006118597225584832,0.005491073345125219,0.007007615988580684,5.2267057693455854e-05,0.004864134514337176,122.89120483398438
2246,2020-12-04,0.7088170297085956,0.7120594226173842,0.7122163035874991,0.7018617605747429,0.14030926287344242,0.009360910337338768,0.0055956872575466665,0.002980898026252232,0.009308723076679959,-0.006935895511184509,123.86457824707033
2247,2020-12-07,0.704005827098658,0.7002405242218313,0.7062545873320293,0.6977826159606517,0.14575889506080167,-0.004811202609937615,-0.011818898395552946,-0.005961716255469818,-0.004079144614091201,0.005449632187359249,121.80862426757812
2248,2020-12-08,0.695900044319273,0.7073527541228335,0.7101767711789708,0.694226540908668,0.16713706650653054,-0.008105782779385007,0.007112229901002243,0.00392218384694154,-0.0035560750519837425,0.021378171445728872,123.0457992553711
2249,2020-12-09,0.7054701026844201,0.7055224495391482,0.7102290382366643,0.7028030463954323,0.24021918630836211,0.009570058365147127,-0.0018303045836852716,5.2267057693455854e-05,0.008576505486764363,0.07308211980183157,123.50355529785156
2250,2020-12-10,0.7032736893057769,0.714935706731215,0.7192761866337732,0.7028553134531257,0.20309262873442427,-0.0021964133786431805,0.00941325719206676,0.009047148397108962,5.226705769334483e-05,-0.037126557573937846,125.15135192871094
2251,2020-12-11,0.7049471927163821,0.7057315975669565,0.7146218649939506,0.6989854764609121,0.19118750938297552,0.001673503410605126,-0.009204109164258512,-0.004654321639822601,-0.003869836992213549,-0.01190511935144875,123.5401611328125
2252,2020-12-14,0.7122163035874991,0.7007112469292106,0.7153017357291382,0.6990377435186056,0.2018465695841465,0.007269110871117035,-0.005020350637745863,0.0006798707351876043,5.2267057693455854e-05,0.010659060201170995,122.66134643554688
2253,2020-12-15,0.7044765498060374,0.7178119110480111,0.7181257527852756,0.7024370173975091,0.1464644948205975,-0.0077397537814617445,0.017100664118800513,0.002824017056137329,0.003399273878903486,-0.055382074763549005,125.65486145019533
2254,2020-12-16,0.7202698193091907,0.7187532766657352,0.7215249468671445,0.712373184557614,0.18815493169193814,0.015793269503153295,0.0009413656177240659,0.0033991940818689503,0.009936167160104925,0.041690436871340636,125.81964111328124
2255,2020-12-17,0.7203744332216122,0.7218387088073742,0.7260223875368522,0.7203744332216122,0.21450232697793123,0.00010461391242155837,0.003085432141639033,0.004497440669707697,0.008001248663998206,0.026347395285993086,126.35974884033205
2256,2020-12-18,0.7247672599788985,0.7261792685069671,0.7309904711169047,0.719067038605965,0.5024921183005555,0.00439282675728625,0.004340559699592905,0.004968083580052518,-0.0013073946156472172,0.28798979132262426,127.11955261230467
2257,2020-12-21,0.7276958111504227,0.7224662326878338,0.7276958111504227,0.7125823325854224,0.20615523194715507,0.0029285511715242407,-0.0037130358191332924,-0.0032946599664820386,-0.00648470602054263,-0.29633688635340044,126.4696044921875
2258,2020-12-22,0.7192761866337732,0.7137328462309547,0.7211588380721866,0.7125823325854224,0.1781414202071761,-0.00841962451664946,-0.008733386456879155,-0.006536973078236086,0.0,-0.028013811739978967,124.94078826904295
2259,2020-12-23,0.717968792018126,0.721420332954723,0.7246103790087836,0.7159816064643258,0.28546764750037534,-0.0013073946156472172,0.007687486723768289,0.003451540936596942,0.003399273878903486,0.10732622729319924,126.2865219116211
2260,2020-12-24,0.7219955897774891,0.7242443500108604,0.7250287548614348,0.715615497669368,0.06257318720912776,0.004026797759363099,0.00282401705613744,0.00041837585265125377,-0.0003661087949577979,-0.2228944602912476,126.78087615966795
2261,2020-12-28,0.7260223875368522,0.7279050389752656,0.7315134608819774,0.7241397360984388,0.165185407596457,0.004026797759363099,0.00366068896440519,0.00648470602054263,0.008524238429070796,0.10261222038732924,127.42169952392578
2262,2020-12-29,0.7299445713837939,0.7235122122179793,0.7303106003817171,0.7218387088073742,0.12895961567332231,0.0039221838469416515,-0.00439282675728625,-0.0012028605002603054,-0.002301027291064628,-0.03622579192313469,126.6526870727539
2263,2020-12-30,0.7266499114173118,0.7273297821524994,0.7316179949973644,0.7261270014492738,0.18822999549617175,-0.0032946599664820386,0.003817569934520093,0.0013073946156472172,0.00428829264189956,0.05927037982284944,127.32097625732422
2264,2020-12-31,0.7273297821524994,0.7340759032585439,0.7349649220215397,0.7222570846600256,0.14565380573487463,0.0006798707351876043,0.006746121106044445,0.0033469270241753835,-0.0038699167892481956,-0.04257618976129712,128.50192260742188
2265,2021-01-04,0.7354356447289191,0.7093922865313618,0.735592525699034,0.7024370173975091,0.23415403092628734,0.008105862576419653,-0.02468361672718211,0.0006276036774942595,-0.019820067262516505,0.0885002251914127,124.18097686767578
2266,2021-01-05,0.7097583953263196,0.7035351841883133,0.7135759652608398,0.6961614594047748,0.14077465845969073,-0.025677249402599522,-0.005857102343048481,-0.02201656043819422,-0.006275557992734271,-0.09337937246659661,123.15569305419922
2267,2021-01-06,0.7119025416472693,0.727434396064921,0.7276435440927292,0.708398733652979,0.1919981984686984,0.0021441463209497247,0.023899211876607707,0.014067578831889471,0.0122372742482042,0.05122354000900767,127.33929443359376
2268,2021-01-07,0.7296308094435641,0.7272775150948061,0.7306767091766749,0.7202175522514973,0.18887554421258068,0.017728267796294772,-0.0001568809701149032,0.003033165083945688,0.0118188185985183,-0.003122654256117713,127.31184387207033
2269,2021-01-08,0.7280096528876872,0.7303106003817171,0.7309382040592113,0.7211588380721866,0.14939198318570784,-0.0016211565558769125,0.0030330852869110414,0.00026149488253635056,0.0009412858206893082,-0.03948356102687284,127.8427505493164
2270,2021-01-11,0.7252379028892432,0.7187009298110071,0.7287417906805682,0.7176027630202029,0.1527098033328329,-0.002771749998443984,-0.011609670570710051,-0.0021964133786430695,-0.0035560750519837425,0.0033178201471250612,125.81048583984376
2271,2021-01-12,0.7192239195760799,0.7343373981410802,0.7358540205815703,0.7183871678707773,0.12462092778862033,-0.006013983313163274,0.01563646833007315,0.007112229901002132,0.000784404850574405,-0.028088875544212577,128.54769897460938
2272,2021-01-13,0.7321932518201305,0.7439075363032619,0.7464700584768629,0.7300491852962153,0.21155982585197416,0.012969332244050613,0.009570138162181663,0.01061603789529253,0.011662017425438043,0.08693889806335384,130.22296142578125
2273,2021-01-14,0.7448488221239513,0.7442736450982198,0.7485095908853912,0.7379458200477921,0.243491968172947,0.012655570303820807,0.00036610879495790893,0.0020395324085282773,0.007896634751576759,0.03193214232097283,130.2870635986328
2274,2021-01-15,0.7417633899823122,0.7490848477081573,0.7536868224932519,0.7377366720199837,0.28762948506230296,-0.003085432141639144,0.004811202609937504,0.005177231607860766,-0.00020914802780835906,0.044137516889355966,131.1292724609375
2275,2021-01-19,0.7511243801166856,0.7504967764391914,0.7545758412562479,0.742809289715423,0.24266626632637742,0.009360990134373415,0.0014119287310341289,0.0008890187629959634,0.005072617695439319,-0.04496321873592554,131.37643432617188
2276,2021-01-20,0.7492939957359657,0.7583934909878027,0.7611651611892121,0.7461039496819051,0.28968623329830356,-0.0018303843807199183,0.007896714548611294,0.006589319932964188,0.0032946599664820386,0.04701996697192615,132.7587890625
2277,2021-01-21,0.7746574831983354,0.7777429153399744,0.7964124689569586,0.7692710237656316,0.425656808287044,0.025363487462369716,0.019349424352171685,0.03524730776774654,0.023167074083726535,0.13597057498874043,136.14590454101562
2278,2021-01-22,0.7679112822952564,0.7626817038326675,0.7738207314930329,0.7554125929615504,0.1858429665215433,-0.0067462009030789805,-0.015061211507306882,-0.022591737463925732,-0.013858430804081223,-0.2398138417655007,133.5094451904297
2279,2021-01-25,0.7556740878440869,0.7654011069763834,0.7664470067094943,0.7491893818235442,0.19288395135865485,-0.012237194451169553,0.0027194031437158817,-0.007373724783538593,-0.006223211138006168,0.007040984837111547,133.98545837402344
2280,2021-01-26,0.7677544013251415,0.7515427559693368,0.7716765851720832,0.7514381420569154,0.1917579942951509,0.01208031348105465,-0.013858351007046577,0.005229578462588869,0.002248760233371172,-0.0011259570635039629,131.55955505371094
2281,2021-01-27,0.7419202709524271,0.7295261955311426,0.7526409227601412,0.7284802957980318,0.245848971625882,-0.025834130372714426,-0.02201656043819422,-0.01903566241194199,-0.02295784625888364,0.05409097733073112,127.70545196533205
2282,2021-01-28,0.7336052603481992,0.732140984762437,0.7393578285758607,0.7274866631226143,0.2523194715508182,-0.008315010604227902,0.0026147892312944343,-0.01328309418428042,-0.0009936326754174107,0.006470499924936174,128.16317749023438
2283,2021-01-29,0.7267545253297333,0.7127915604102653,0.7267545253297333,0.7105428001768941,0.3418555772406546,-0.006850735018465892,-0.019349424352171796,-0.012603303246127462,-0.016943862945720256,0.08953610568983639,124.7760238647461
2284,2021-02-01,0.7168706252273218,0.7227800744250983,0.7242966170685537,0.7106474140893155,0.18498723915328028,-0.00988390010241147,0.009988514014833028,-0.002457908261179531,0.00010461391242144735,-0.1568683380873743,126.52454376220705
2285,2021-02-02,0.7277481580051507,0.7312519659994411,0.7357494066691489,0.7229892224529065,0.2107341240054046,0.01087753277782888,0.008471891574342805,0.011452789600595148,0.012341808363591,0.025746884852124313,128.00755310058594
2286,2021-02-03,0.7290555526207979,0.7251333687738564,0.733971369143157,0.7217864417496809,0.16264825101336136,0.0013073946156472172,-0.006118597225584721,-0.0017780375259919268,-0.0012027807032256588,-0.04808587299204323,126.93646240234376
2287,2021-02-04,0.7281665338578021,0.7526931898178345,0.7540005844334817,0.7258131597120093,0.4055547215132863,-0.0008890187629958524,0.02755982104397814,0.020029215290324753,0.004026717962328452,0.24290647049992495,131.76092529296875
2288,2021-02-05,0.7565108395493894,0.7574521253700787,0.766028630856843,0.7508106181764558,0.14015913526497523,0.0283443056915873,0.004758935552244159,0.012028046423361305,0.024997458464446454,-0.26539558624831106,132.59397888183594
2289,2021-02-08,0.7560924636967381,0.7645643552710809,0.7647735830959238,0.7522748937622179,0.11351148476204774,-0.00041837585265125377,0.007112229901002243,-0.0012550477609192257,0.0014642755857621204,-0.026647650502927486,133.83897399902344
2290,2021-02-09,0.7641983262731576,0.7695847857058614,0.7696370527635549,0.761844952127365,0.11942651253565531,0.008105862576419542,0.0050204304347805095,0.004863469667631071,0.009570058365147127,0.00591502777360757,134.7178192138672
2291,2021-02-10,0.7698462805883978,0.7631523467430122,0.7723564559072708,0.7600146475436796,0.2294850623029575,0.005647954315240122,-0.006432438962849174,0.0027194031437158817,-0.0018303045836853826,0.1100585497673022,133.59181213378906
2292,2021-02-11,0.76351845553797,0.765296493063962,0.7696893198212482,0.7613220421593269,0.133208226992944,-0.006327825050427727,0.0021441463209497247,-0.002667136086022537,0.0013073946156472172,-0.09627683531001352,133.9671630859375
2293,2021-02-12,0.7626817038326675,0.7633093075101618,0.76948017179344,0.7574521253700787,0.1971175499174298,-0.0008367517053025075,-0.001987185553800175,-0.00020914802780824804,-0.0038699167892481956,0.06390932292448581,133.6193084716797
2294,2021-02-16,0.7688003010582524,0.7709444473792021,0.7735592366104964,0.7617926850696716,0.16845818946104188,0.006118597225584832,0.007635139869040297,0.004079064817056444,0.004340559699592905,-0.028659360456387922,134.95582580566406
2295,2021-02-17,0.7682773910902142,0.7763309068119058,0.7782659051050472,0.7674929064426051,0.1387629485062303,-0.0005229099680381655,0.005386459432703661,0.004706668494550814,0.005700221372933578,-0.029695240954811575,135.89874267578125
2296,2021-02-18,0.7755987690190247,0.7723564559072708,0.7761217587840975,0.7654011069763834,0.1378471700945804,0.007321377928810491,-0.003974450904634996,-0.0021441463209497247,-0.002091799466221733,-0.0009157784116499146,135.20301818847656
2297,2021-02-19,0.7747097502560288,0.7630478126276253,0.7748666312261436,0.7621587938646295,0.1688485212430566,-0.0008890187629958524,-0.009308643279645423,-0.0012551275579538723,-0.003242313111753936,0.031001351148476214,133.573486328125
2298,2021-02-22,0.7626294367749741,0.7732977417279601,0.7739776124631478,0.757713620252615,0.1867437321723465,-0.01208031348105476,0.010249929100334731,-0.0008890187629958524,-0.004445173612014464,0.01789521092928989,135.36781311035156
2299,2021-02-23,0.7811421094218434,0.780932961394035,0.784227621360517,0.7697939337336698,0.1425011259570635,0.018512672646869288,0.007635219666074944,0.010250008897369267,0.01208031348105476,-0.044242606215283004,136.70433044433594
2300,2021-02-24,0.7775860343698596,0.7894571998231059,0.790921475408868,0.7775860343698596,0.2228344092478607,-0.0035560750519837425,0.008524238429070907,0.006693854048350989,0.007792100636189847,0.0803332832907972,138.19654846191406
2301,2021-02-25,0.7912875044067912,0.7739776124631478,0.7921765231697872,0.7732977417279601,0.18914577390782164,0.013701470036931562,-0.015479587359958136,0.0012550477609191146,-0.00428829264189956,-0.03368863534003905,135.4867706298828
2302,2021-02-26,0.7744482553734924,0.7609036663066756,0.7749188982838371,0.7592301628960706,0.22956012610719112,-0.01683924903329881,-0.013073946156472172,-0.017257624885950062,-0.014067578831889471,0.04041435219936948,133.1981964111328
2303,2021-03-01,0.7687480340005589,0.7864763017968537,0.7897186149086076,0.7687480340005589,0.17773607566431468,-0.005700221372933467,0.025572635490178075,0.014799716624770531,0.009517871104488318,-0.05182405044287644,137.67471313476562
2304,2021-03-02,0.7836000176830229,0.7798347148061961,0.789247971998263,0.7793118048381581,0.18336586098183455,0.014851983682463987,-0.006641586990657533,-0.0004706429103445986,0.010563770837599185,0.00562978531751987,136.5120849609375
2305,2021-03-03,0.7797824477485027,0.7881498052074587,0.7956803311640775,0.7776906482822811,0.18408647350247712,-0.003817569934520204,0.008315090401262548,0.006432359165814527,-0.0016211565558770236,0.0007206125206425662,137.96768188476562
2306,2021-03-04,0.7876790825000795,0.7793118048381581,0.7950005402259246,0.7716765851720832,0.1661912625731872,0.007896634751576759,-0.008838000369300603,-0.0006797909381529577,-0.00601406311019792,-0.017895210929289918,136.42056274414062
2307,2021-03-05,0.7867900637370835,0.7967785777519164,0.8012760184216242,0.7803577045712689,0.21899114247110044,-0.0008890187629959634,0.01746677291375831,0.006275478195699624,0.0086811193991857,0.05279987989791324,139.47816467285156
2308,2021-03-08,0.8001255047760919,0.8145068455482112,0.8223512132420945,0.7973538345746826,0.2063954361207026,0.013335441039008411,0.017728267796294772,0.021075194820470267,0.016996130003413712,-0.012595706350397834,142.58154296875
2309,2021-03-09,0.807551496617324,0.8044137974179913,0.8156050921360501,0.7989749911305596,0.21319621678426662,0.007425991841232049,-0.010093048130219828,-0.006746121106044334,0.0016211565558770236,0.0068007806635640156,141.5874786376953
2310,2021-03-10,0.8030540559476161,0.8125719270521045,0.818062920600195,0.8003869996586283,0.22393034078967122,-0.004497440669707808,0.00815812963411311,0.0024578284641448844,0.0014120085280686645,0.010734124005404605,143.02340698242188
2311,2021-03-11,0.8047275593582212,0.8110553046116142,0.8125195801973764,0.795784945076499,0.3160486413451434,0.001673503410605015,-0.0015166224404902229,-0.005543340402818675,-0.004602054582129256,0.09211830055547215,142.75643920898438
2312,2021-03-12,0.8213053135089836,0.8224558271545159,0.8317121235794332,0.8156573591937435,0.19716258819996998,0.016577754150762458,0.011400522542901692,0.019192543382056892,0.019872414117244497,-0.11888605314517339,144.7630615234375
2313,2021-03-15,0.8156573591937435,0.8228218561524392,0.8236586078577417,0.8137224406976368,0.13113646599609668,-0.005647954315240122,0.00036602899792326227,-0.008053515721691551,-0.001934918496106719,-0.0660261222038733,144.82749938964844
2314,2021-03-16,0.8203639478912597,0.8182721484250379,0.8203639478912597,0.8074992295596305,0.1574988740429365,0.0047065886975161675,-0.004549707727401264,-0.0032946599664820386,-0.006223211138006279,0.026362408046839814,144.02670288085938
2315,2021-03-17,0.8218282234770218,0.8258550212363849,0.8272146829097254,0.8134085989603723,0.20924786068157936,0.0014642755857621204,0.007582872811346952,0.006850735018465781,0.005909369400741826,0.05174898663864286,145.36138916015625
2316,2021-03-18,0.8356866542811029,0.8201547998634513,0.84295576515222,0.8176446245445784,0.3454886653655607,0.013858430804081112,-0.005700221372933578,0.015741082242494597,0.0042360255842061045,0.13624080468398136,144.3580780029297
2317,2021-03-19,0.8171216347795056,0.7807760804239201,0.8171216347795056,0.778579667045277,0.6154030926287344,-0.01856501950159728,-0.039378719439531196,-0.025834130372714426,-0.03906495749930139,0.26991442726317366,137.42689514160156
2318,2021-03-22,0.779991595776311,0.7718334661421979,0.7819265940694524,0.7674929064426051,0.20744632937997298,-0.03713003900319456,-0.008942614281722161,-0.035195040710053194,-0.011086760602671886,-0.4079567632487614,135.85289001464844
2319,2021-03-23,0.7721472280824278,0.7687480340005589,0.7813513372466863,0.76764978741272,0.24266626632637742,-0.007844367693883303,-0.003085432141639033,-0.000575256822766157,0.0001568809701149032,0.035219936946404434,135.30982971191406
2320,2021-03-24,0.7723564559072708,0.7806714665114987,0.7900324566458721,0.771153675204045,0.29963969373967875,0.00020922782484300573,0.011923432510939747,0.00868111939918581,0.0035038877913249333,0.05697342741330133,137.40847778320312
2321,2021-03-25,0.7838092455078658,0.7989749911305596,0.800857642568973,0.7735592366104964,0.21049391983185708,0.011452789600595037,0.01830352461906093,0.010825185923100888,0.0024055614064514286,-0.08914577390782166,140.630126953125
2322,2021-03-26,0.8037861937404972,0.8034724318002674,0.8046229454457997,0.7922811370822087,0.16859330430866237,0.01997694823263141,0.004497440669707808,0.0037653028768267482,0.018721900471712294,-0.04190061552319471,141.42176818847656
2323,2021-03-29,0.7939022936380856,0.8045706783881063,0.8079698724699752,0.7884635671476885,0.20923284792073263,-0.00988390010241158,0.001098246587838858,0.0033469270241754945,-0.003817569934520204,0.040639543612070256,141.6150665283203
2324,2021-03-30,0.808335981264933,0.8055119642087957,0.8117874424044953,0.8016943942742755,0.13871791022369015,0.01443368762684738,0.0009412858206894192,0.003817569934520093,0.013230827126586964,-0.07051493769704248,141.78073120117188
2325,2021-03-31,0.8055119642087957,0.786528568854547,0.8060349539738684,0.7857441640039726,0.25599759795826454,-0.002824017056137329,-0.018983395354248644,-0.005752488430626923,-0.015950230270302845,0.1172796877345744,138.43943786621094
2326,2021-04-01,0.7857441640039726,0.7876790825000795,0.7912352373490978,0.7816128321292227,0.2522143822248912,-0.01976780020482305,0.001150513645532425,-0.014799716624770531,-0.0041313318747498995,-0.0037832157333733685,138.64190673828125
2327,2021-04-05,0.7962033209291502,0.7950528072836179,0.7971446067498397,0.7875745483846925,0.1892658759945954,0.010459156925177626,0.007373724783538482,0.005909369400741826,0.005961716255469818,-0.06294850623029577,139.93978881835938
2328,2021-04-06,0.7950528072836179,0.7935885316978558,0.805041321298451,0.7920196421996722,0.20255216934394235,-0.001150513645532314,-0.0014642755857621204,0.007896714548611294,0.004445093814979706,0.013286293349346945,139.68206787109375
2329,2021-04-07,0.7937976797256642,0.7964124689569586,0.7972492206622611,0.7897186149086076,0.25434619426512534,-0.0012551275579537613,0.0028239372591027934,-0.007792100636189847,-0.002301027291064628,0.051794024921182985,140.1791229248047
2330,2021-04-08,0.7885681012630753,0.7863194208267388,0.7902938717313738,0.7819788611271459,0.26132712805885,-0.005229578462588869,-0.010093048130219828,-0.0069553489308873395,-0.0077397537814617445,0.006980933793724664,138.40260314941406
2331,2021-04-09,0.7923857509946302,0.7930655419327831,0.7977722104273338,0.7894571998231059,0.20681579342441075,0.0038176497315548508,0.006746121106044334,0.007478338695960041,0.007478338695960041,-0.054511334634439246,139.5900115966797
2332,2021-04-12,0.7943206694907369,0.7940591746082005,0.7960464399590353,0.7910783563789829,0.18498723915328028,0.001934918496106719,0.0009936326754174107,-0.001725770468298471,0.0016211565558770236,-0.02182855427113048,139.764892578125
2333,2021-04-13,0.7907645944387531,0.795994172901342,0.7969877257797248,0.7872607066474281,0.2869238853025071,-0.0035560750519837425,0.0019349982931414766,0.0009412858206894192,-0.0038176497315548508,0.10193664614922684,140.10546875
2334,2021-04-14,0.7970923396921462,0.8128333421376062,0.8176446245445784,0.794895926313503,0.2778411649902417,0.00632774525339308,0.016839169236264162,0.02065689876485366,0.007635219666074944,-0.009082720312265424,143.06939697265625
2335,2021-04-15,0.8133563319026789,0.8072377346770941,0.8156573591937435,0.8042045695931485,0.17734574388229996,0.016263992210532652,-0.00559560746051202,-0.0019872653508349325,0.009308643279645423,-0.10049542110794174,142.08448791503906
2336,2021-04-16,0.8088588912329712,0.815552745281322,0.8182198813673446,0.8088588912329712,0.1974928689385978,-0.004497440669707697,0.008315010604227902,0.0025625221736010895,0.004654321639822712,0.020147125056297843,143.5480499267578
2337,2021-04-19,0.8188474052478041,0.8073423485895156,0.8260642490612278,0.8031064028023441,0.16860831706950907,0.009988514014832917,-0.008210396691806454,0.007844367693883192,-0.005752488430627034,-0.028884551869088726,142.10289001464844
2338,2021-04-20,0.8102185529063117,0.8144022316357897,0.8231356180926689,0.8045183315333783,0.27636991442726316,-0.008628852341492355,0.00705988304627414,-0.0029286309685588874,0.0014119287310341289,0.10776159735775409,143.3455352783203
2339,2021-04-21,0.8172785157496205,0.8230310839772821,0.8250182695310823,0.8159711211339733,0.12904969223840265,0.007059962843308787,0.008628852341492355,0.0018826514384133741,0.011452789600595037,-0.1473202221888605,144.86431884765625
2340,2021-04-22,0.8195272759829917,0.8151343694286708,0.8227173220370523,0.8069762397945578,0.21708452184356702,0.002248760233371172,-0.007896714548611294,-0.0023009474940299812,-0.008994881339415506,0.08803482960516437,143.47439575195312
2341,2021-04-23,0.8186381774229612,0.8254366453837335,0.828051434615028,0.8158665072215519,0.16207776610118602,-0.000889098560030499,0.010302275955062723,0.005334112577975669,0.008890267426994058,-0.05500675574238101,145.28773498535156
2342,2021-04-26,0.8254366453837335,0.8144022316357897,0.8268486539118023,0.8128333421376062,0.15511184506830805,0.006798467960772325,-0.011034413747943783,-0.0012027807032256588,-0.003033165083945688,-0.006965921032877964,143.3455352783203
2343,2021-04-27,0.8142976975204029,0.8116305614343804,0.818115267454923,0.808283634410205,0.20108091878096382,-0.011138947863330584,-0.0027716702014093375,-0.008733386456879266,-0.004549707727401153,0.04596907371265577,142.8577117919922
2344,2021-04-28,0.8144022316357897,0.8042568366508418,0.8152389833410922,0.7993410999255175,0.17527398288545262,0.00010453411538680069,-0.007373724783538593,-0.002876284113830785,-0.008942534484687514,-0.025806935895511196,141.559814453125
2345,2021-04-29,0.8093295341433158,0.8142453506656748,0.8148729543431691,0.8070285866492858,0.13166191262573188,-0.005072697492473965,0.009988514014833028,-0.00036602899792315124,0.007687486723768289,-0.04361207025972075,143.31793212890625
2346,2021-04-30,0.8133563319026789,0.8088066241752777,0.8189520191602255,0.804832093473608,0.14296652154331183,0.004026797759363099,-0.005438726490397117,0.004079064817056444,-0.002196493175677827,0.01130460891757995,142.36062622070312
2347,2021-05-03,0.8163894969866246,0.8188996723054975,0.8266917729416874,0.8142976975204029,0.16428464194565381,0.003033165083945688,0.010093048130219828,0.0077397537814618556,0.009465604046794973,0.02131812040234199,144.13711547851562
2348,2021-05-04,0.8178537725723867,0.8290450672904454,0.829881818995748,0.8156573591937435,0.20866236300855728,0.0014642755857621204,0.01014539498494782,0.0031900460540605913,0.001359661673340562,0.04437772106290347,145.92288208007812
2349,2021-05-05,0.8269009209694956,0.8330195181950805,0.8350590506036087,0.8171216347795056,0.21816544062453086,0.009047148397108962,0.003974450904635107,0.005177231607860766,0.0014642755857621204,0.009503077615973576,146.62245178222656
2350,2021-05-06,0.8367325540142138,0.8393473432455082,0.8411777276262281,0.8323397272569275,0.15126857829154783,0.009831633044718124,0.006327825050427727,0.006118677022619368,0.015218092477421896,-0.06689686233298303,147.73622131347656
2351,2021-05-07,0.8278422865872197,0.8409684998013852,0.8424851222418753,0.8270055348819172,0.1587299204323675,-0.008890267426994058,0.0016211565558770236,0.0013073946156472172,-0.005334192375010316,0.007461342140819671,148.02154541015625
2352,2021-05-10,0.8450475646184417,0.8454659404710929,0.8509047467585248,0.8424327753871473,0.1823299804834109,0.01720527803122196,0.004497440669707697,0.00841962451664946,0.015427240505230144,0.023600060051043398,148.81317138671875
2353,2021-05-11,0.8465118402042038,0.8194226620705702,0.8467210680290468,0.8174877435744635,0.1771655907521393,0.0014642755857621204,-0.026043278400522674,-0.004183678729478002,-0.024945031812683816,-0.00516438973127159,144.2292022705078
2354,2021-05-12,0.8244953595630442,0.8040476886230336,0.8245476266207377,0.8035770457126888,0.2016664164539859,-0.022016480641159575,-0.015374973447536688,-0.022173441408309125,-0.013910697861774679,0.024500825701846585,141.52297973632812
2355,2021-05-13,0.7991318721006745,0.8250182695310823,0.8301433138782843,0.7988181101604447,0.1974778561777511,-0.025363487462369716,0.020970580908048708,0.0055956872575466665,-0.004758935552244159,-0.004188560276234793,145.21409606933594
2356,2021-05-14,0.8250182695310823,0.8393996103032016,0.8412299946839216,0.8232924990627838,0.15030776159735776,0.02588639743040777,0.014381340772119389,0.011086680805637239,0.024474388902339106,-0.04717009458039334,147.7454071044922
2357,2021-05-17,0.8333856269900383,0.838039948629861,0.8403409759209256,0.8312938275238166,0.1408196967422309,0.008367357458956004,-0.001359661673340673,-0.0008890187629959634,0.008001328461032853,-0.009488064855126849,147.50607299804688
2358,2021-05-18,0.8346407545479921,0.8225603612699027,0.8348499025758004,0.8220897183595581,0.20680078066356403,0.0012551275579538723,-0.015479587359958247,-0.005491073345125219,-0.009204109164258512,0.06598108392133312,144.781494140625
2359,2021-05-19,0.8198410379232215,0.8210438186264473,0.8229264700648606,0.8059303400614469,0.2000750638042336,-0.014799716624770642,-0.0015165426434554652,-0.011923432510939747,-0.016159378298111204,-0.006725716859330433,144.51455688476562
2360,2021-05-20,0.8221420652142861,0.8305093428762075,0.8348499025758004,0.8184812964528463,0.16020117099534603,0.002301027291064628,0.009465524249760215,0.011923432510939747,0.01255095639139936,-0.03987389280888756,146.18060302734375
2361,2021-05-21,0.8319736184619696,0.8319213514042761,0.8417006375942663,0.8279991675573346,0.13616574087974778,0.009831553247683478,0.0014120085280686645,0.006850735018465892,0.009517871104488318,-0.02403543011559825,146.42913818359375
2362,2021-05-24,0.8335947750178466,0.8300909670235562,0.8377784537473246,0.8277899397324916,0.13373367362257918,0.0016211565558770236,-0.0018303843807199183,-0.0039221838469416515,-0.00020922782484300573,-0.002432067257168602,146.1069793701172
2363,2021-05-25,0.8306662238463224,0.8186905242776892,0.8341177647829193,0.8162326160165096,0.18594805584747034,-0.0029285511715242407,-0.011400442745867045,-0.003660688964405301,-0.011557323715981949,0.052214382224891165,144.10032653808594
2364,2021-05-26,0.8210438186264473,0.8217759564193283,0.8254366453837335,0.8188474052478041,0.15222939498573787,-0.009622405219875119,0.003085432141639144,-0.00868111939918581,0.0026147892312944343,-0.033718660861732475,144.64341735839844
2365,2021-05-27,0.8277376726747983,0.8333333599323449,0.8340131508704979,0.8248613885609674,0.3661312115298003,0.006693854048350989,0.011557403513016595,0.008576505486764363,0.006013983313163274,0.21390181654406246,146.67767333984375
2366,2021-05-28,0.8388243534804355,0.8351636645160302,0.8388243534804355,0.8312938275238166,0.14461792523645098,0.011086680805637239,0.0018303045836852716,0.004811202609937615,0.006432438962849285,-0.22151328629334935,146.99981689453125
2367,2021-06-01,0.8425896563572621,0.8413868756540365,0.847139443881698,0.8380922156875544,0.13531001351148475,0.0037653028768266372,0.006223211138006279,0.008315090401262548,0.00679838816373779,-0.009307911724966228,148.09519958496094
2368,2021-06-02,0.8455182075287864,0.8377784537473246,0.8458320492660508,0.8361572971914476,0.1465245458639844,0.0029285511715242407,-0.003608421906711845,-0.0013073946156472172,-0.00193491849610683,0.01121453235249964,147.46006774902344
2369,2021-06-03,0.836261911103869,0.8419621324768026,0.8484991055550386,0.8312414806690885,0.12197868187959766,-0.00925629642491732,0.004183678729478002,0.002667056288987779,-0.004915816522359062,-0.024545863984386726,148.19644165039062
2370,2021-06-04,0.8397657190981594,0.8367325540142138,0.8419621324768026,0.8317644704341614,0.14412250412850924,0.0035038079942903977,-0.005229578462588869,-0.006536973078235975,0.0005229897650728121,0.02214382224891158,147.2760009765625
2371,2021-06-07,0.8389812344505503,0.8250182695310823,0.8389812344505503,0.8243907456506228,0.14720012010208677,-0.0007844846476091627,-0.011714284483131499,-0.0029808980262523432,-0.007373724783538593,0.00307761597357753,145.21409606933594
2372,2021-06-08,0.8220374513018647,0.82386775588555,0.8259072882940782,0.8149252214008624,0.14837111544813092,-0.01694378314868561,-0.001150513645532314,-0.01307394615647206,-0.009465524249760326,0.0011709953460441458,145.01158142089844
2373,2021-06-09,0.8161803489588163,0.809225000027929,0.8171739018371991,0.8079698724699752,0.16512535655307012,-0.00585710234304837,-0.014642755857620982,-0.008733386456879155,-0.0069553489308872285,0.0167542411049392,143.234375
2374,2021-06-10,0.8138793216677517,0.8054596971511022,0.8152389833410922,0.8049889744437229,0.135189911424711,-0.002301027291064628,-0.0037653028768267482,-0.00193491849610683,-0.0029808980262523432,-0.029935445128359106,142.5679168701172
2375,2021-06-11,0.804832093473608,0.8078652585575536,0.8148729543431691,0.804832093473608,0.14017414802582195,-0.00904722819414372,0.0024055614064514286,-0.00036602899792315124,-0.0001568809701149032,0.004984236601110942,142.99368286132812
2376,2021-06-14,0.806662477854328,0.8014328993917391,0.8074468827049024,0.7979290913974487,0.1322023720162138,0.0018303843807200293,-0.006432359165814527,-0.007426071638266696,-0.006903002076159237,-0.007971776009608161,141.85516357421875
2377,2021-06-15,0.8046752125034932,0.8085973963504347,0.8127810750799127,0.7985043482202149,0.12978531751989192,-0.0019872653508348215,0.0071644969586955876,0.005334192375010316,0.000575256822766157,-0.0024170544963218743,143.12330627441406
2378,2021-06-16,0.804832093473608,0.799027258188253,0.811578294376687,0.7984520013654869,0.17357754090977331,0.00015688097011479218,-0.009570138162181663,-0.0012027807032256588,-5.23468547279915e-05,0.043792223389881396,141.42938232421875
2379,2021-06-17,0.8013806323340457,0.7785273201905489,0.8031064028023441,0.7771153914595149,0.16647650502927488,-0.003451461139562295,-0.02049993799770411,-0.008471891574342916,-0.02133660990597197,-0.00710103588049843,137.80079650878906
2380,2021-06-18,0.7679112822952564,0.7570337495174274,0.7714674371442748,0.755360325903857,0.4667767602462093,-0.03346935003878926,-0.02149357067312152,-0.03163896565806934,-0.02175506555565787,0.3003002552169344,133.9964141845703
2381,2021-06-21,0.7654533740340769,0.7773768065450166,0.7792071909257365,0.7625248228625526,0.13978381624380723,-0.002457908261179531,0.020343057027589206,0.0077397537814617445,0.0071644969586955876,-0.3269929440024021,137.59716796875
2382,2021-06-22,0.776749282664557,0.7755465019613313,0.780200823601154,0.76948017179344,0.10921783515988591,0.011295908630480134,-0.0018303045836852716,0.0009936326754174107,0.0069553489308873395,-0.03056598108392132,137.27322387695312
2383,2021-06-23,0.778370439220434,0.773454622698075,0.7789456960432002,0.7730885937001518,0.09752289446029125,0.0016211565558770236,-0.00209187926325638,-0.0012551275579537613,0.003608421906711845,-0.011694940699594661,136.9029541015625
2384,2021-06-24,0.7786842011606638,0.7842798884182105,0.7870515586196198,0.7754941551066032,0.1541660411349647,0.0003137619402298064,0.010825265720135535,0.008105862576419653,0.0024055614064514286,0.05664314667467346,138.8190155029297
2385,2021-06-25,0.7881498052074587,0.793431650727741,0.7946867782856948,0.7849597591533981,0.18611319621678427,0.009465604046794862,0.00915176230953052,0.007635219666074944,0.009465604046794862,0.031947155081819556,140.4389190673828
2386,2021-06-28,0.7907645944387531,0.7815604852744946,0.7914967322316342,0.777847529252396,0.13110644047440323,0.0026147892312944343,-0.011871165453246402,-0.0031900460540605913,-0.007112229901002132,-0.055006755742381036,138.3376922607422
2387,2021-06-29,0.7859533120317809,0.7819265940694524,0.7896663478509143,0.7786842011606638,0.10529950457889206,-0.0048112824069722615,0.0003661087949577979,-0.0018303843807199183,0.0008366719082678609,-0.02580693589551117,138.40249633789062
2388,2021-06-30,0.7799393287186176,0.7829202267448699,0.7853257881513214,0.7786842011606638,0.1496622128809488,-0.006013983313163274,0.0009936326754175218,-0.004340559699592905,0.0,0.04436270830205674,138.578369140625
2389,2021-07-01,0.7844367693883254,0.7940069075505072,0.7958372121341925,0.7805145855413838,0.128494220087074,0.004497440669707808,0.011086680805637239,0.010511423982871082,0.0018303843807199183,-0.021167992793874796,140.5407257080078
2390,2021-07-02,0.7886204481178034,0.7908691285541399,0.7928563939049749,0.7868424105918115,0.09938447680528449,0.004183678729478002,-0.0031377789963672464,-0.0029808182292175855,0.006327825050427727,-0.029109743281789516,139.98536682128906
2391,2021-07-06,0.7905553666139102,0.7888295961456118,0.7930132748750897,0.7759125309592545,0.1511034379222339,0.00193491849610683,-0.0020395324085281663,0.00015688097011479218,-0.010929879632556982,0.051718961116949416,139.6243438720703
2392,2021-07-07,0.7848028781832832,0.7958895589889206,0.7975107155447975,0.781821980157031,0.12025221438222489,-0.005752488430627034,0.007059962843308787,0.004497440669707808,0.005909449197776473,-0.03085122354000902,140.8739776611328
2393,2021-07-08,0.7851689071812065,0.7766970156068637,0.7898754958787225,0.7735069695528031,0.20214682480108093,0.00036602899792326227,-0.019192543382056892,-0.007635219666074944,-0.008315010604227902,0.08189461041885604,137.4768524169922
2394,2021-07-09,0.7900324566458721,0.8018512752443904,0.8021127701269267,0.7864763017968537,0.1483561026872842,0.004863549464665606,0.02515425963752671,0.0122372742482042,0.012969332244050613,-0.053790722113796735,141.92922973632812
2395,2021-07-12,0.8061394880892552,0.8058257261490255,0.8085451292927414,0.7986612291903298,0.16159735775409098,0.016107031443383102,0.003974450904635107,0.006432359165814638,0.012184927393476097,0.01324125506680679,142.63272094726562
2396,2021-07-13,0.8031064028023441,0.8000732377183984,0.8089111582906645,0.7984520013654869,0.160096081669419,-0.0030330852869110414,-0.005752488430627034,0.00036602899792315124,-0.0002092278248428947,-0.0015012760846719875,141.61448669433594
2397,2021-07-14,0.8019558891568118,0.8081267534400901,0.8094341480557373,0.7991318721006745,0.21567332232397537,-0.001150513645532314,0.008053515721691662,0.0005229897650728121,0.0006798707351876043,0.05557724065455638,143.03997802734375
2398,2021-07-15,0.7986089621326364,0.8136178267852152,0.8145068455482112,0.7972492206622611,0.20397838162438073,-0.0033469270241753835,0.005491073345125108,0.005072697492473854,-0.0018826514384133741,-0.011694940699594647,144.011962890625
2399,2021-07-16,0.8161803489588163,0.8178537725723867,0.8207823237439109,0.8094341480557373,0.20833208226992944,0.01757138682617987,0.004235945787171458,0.006275478195699735,0.012184927393476208,0.004353700645548714,144.76170349121094
2400,2021-07-19,0.8049889744437229,0.7910260095242548,0.8111076514663423,0.7829724938025633,0.29241855577240655,-0.011191374515093444,-0.026827763048131836,-0.009674672277568575,-0.02646165425317404,0.08408647350247711,140.0131072998047
2401,2021-07-20,0.7912875044067912,0.7901369907612589,0.8074992295596305,0.774186760490956,0.3554421258069359,-0.013701470036931673,-0.0008890187629959634,-0.003608421906711845,-0.008785733311607258,0.06302357003452935,139.8557586669922
2402,2021-07-21,0.7967785777519164,0.7940591746082005,0.8079698724699752,0.7925948990224384,0.19630686083170695,0.005491073345125219,0.0039221838469416515,0.0004706429103447096,0.018408138531482376,-0.15913526497522895,140.54998779296875
2403,2021-07-22,0.7739776124631478,0.7727224849051939,0.7832339886850996,0.7697939337336698,0.23128659360456388,-0.022800965288768626,-0.021336689703006617,-0.024735883784875567,-0.022800965288768626,0.03497973277285693,136.77337646484375
2404,2021-07-23,0.7788410821307787,0.7732977417279601,0.785116640123513,0.7674929064426051,0.17736075664314668,0.00486346966763096,0.000575256822766157,0.0018826514384133741,-0.002301027291064628,-0.0539258369614172,136.8751678466797
2405,2021-07-26,0.7738729985507262,0.7782659051050472,0.7838092455078658,0.7728793658753088,0.19819846869839364,-0.004968083580052518,0.004968163377087165,-0.0013073946156472172,0.005386459432703661,0.020837712055246954,137.75454711914062
2406,2021-07-27,0.7746051363436073,0.7811944562765715,0.785064293268785,0.7716243181143897,0.12930490917279688,0.0007321377928810602,0.0029285511715242407,0.0012550477609192257,-0.0012550477609191146,-0.06889355952559675,138.2729034423828
2407,2021-07-28,0.7836000176830229,0.7678067481798695,0.7857441640039726,0.763884564332928,0.21435219936946404,0.008994881339415617,-0.013387708096701978,0.0006798707351876043,-0.0077397537814617445,0.08504729019666715,135.90325927734375
2408,2021-07-29,0.771101328349317,0.778579667045277,0.7792071909257365,0.7634138416255486,0.1834108992643747,-0.012498689333705904,0.010772918865407544,-0.006536973078236086,-0.0004707227073793563,-0.03094130010508933,137.8101043701172
2409,2021-07-30,0.7779520633677828,0.7787888150730853,0.7873130535021562,0.7756511158737528,0.1477405794925687,0.006850735018465781,0.00020914802780824804,0.008105862576419653,0.0122372742482042,-0.035670319771806014,137.84710693359375
2410,2021-08-02,0.7834954835676361,0.7789456960432002,0.7938500265803923,0.7775336875151315,0.13490466896862333,0.005543420199853322,0.0001568809701149032,0.006536973078236086,0.0018825716413787275,-0.012835910523945365,137.8748779296875
2411,2021-08-03,0.7796255667783878,0.7864763017968537,0.7868424105918115,0.7713628232318533,0.13361357153580544,-0.0038699167892483066,0.0075306057536534965,-0.007007615988580795,-0.006170864283278177,-0.0012910974328178837,139.20782470703125
2412,2021-08-04,0.784332155475904,0.7819265940694524,0.7877314293548074,0.7805668525990772,0.1296351899114247,0.0047065886975161675,-0.004549707727401264,0.0008890187629959634,0.009204029367223865,-0.003978381624380745,138.40249633789062
2413,2021-08-05,0.7864240347391602,0.7874699344722711,0.792490285110017,0.7814558713620732,0.1076114697492869,0.002091879263256269,0.005543340402818675,0.004758855755209512,0.0008890187629959634,-0.0220237201621378,139.38368225097656
2414,2021-08-06,0.7941637885206221,0.7991842189554026,0.8021127701269267,0.7924380180523235,0.0951959165290497,0.0077397537814618556,0.011714284483131499,0.009622485016909765,0.010982146690250327,-0.0124155532202372,141.45713806152344
2415,2021-08-09,0.7995502479533257,0.8020604232721987,0.8048844403283361,0.7953143021661544,0.10208677375769404,0.005386459432703661,0.002876204316796138,0.0027716702014093375,0.002876284113830896,0.00689085722864434,141.96624755859375
2416,2021-08-10,0.8007530286565515,0.8065055968842131,0.8114214134065721,0.8002301186885133,0.12790872241405193,0.0012027807032257698,0.004445173612014353,0.006536973078236086,0.004915816522358951,0.025821948656357896,142.75303649902344
2417,2021-08-11,0.8100094048785035,0.8169124867516974,0.8172785157496205,0.807394615647209,0.11375168893559526,0.009256376221951967,0.010406889867484281,0.00585710234304837,0.007164496958695699,-0.014157033478456676,144.59506225585938
2418,2021-08-12,0.8210438186264473,0.8183767623374594,0.8216713425069069,0.8122058182571466,0.10851223540009007,0.011034413747943783,0.0014642755857620093,0.004392826757286361,0.004811202609937504,-0.005239453535505187,144.85426330566406
2419,2021-08-13,0.8191611671880339,0.8174353967197354,0.82156680839152,0.8140884696955599,0.08923585047290197,-0.0018826514384133741,-0.0009413656177239549,-0.00010453411538691171,0.0018826514384133741,-0.019276384927188098,144.68763732910156
2420,2021-08-16,0.8174353967197354,0.8249137354156955,0.8259596351488063,0.8130948370201425,0.14717009458039335,-0.001725770468298471,0.007478338695960041,0.004392826757286361,-0.0009936326754174107,0.05793424410749137,146.0113067626953
2421,2021-08-17,0.824076983710393,0.8309799857865522,0.8334902409024598,0.8227695890947457,0.1314517339738778,0.006641586990657533,0.0060662503708567295,0.0075306057536534965,0.009674752074603221,-0.015718360606515547,147.0850372314453
2422,2021-08-18,0.8261687831766146,0.8300386999658629,0.8392427293330867,0.8244953595630442,0.1937697042486113,0.002091799466221622,-0.0009412858206893082,0.005752488430626923,0.001725770468298471,0.062317970274733514,146.91842651367188
2423,2021-08-19,0.8279469004996411,0.8340131508704979,0.842223627359339,0.8267440399993807,0.1658910073562528,0.0017781173230265734,0.003974450904634996,0.002980898026252232,0.0022486804363365254,-0.0278786968923585,147.62193298339844
2424,2021-08-20,0.8328103701672721,0.8411253807715001,0.8482376106725023,0.8305093428762075,0.1468998648851524,0.00486346966763096,0.007112229901002243,0.006013983313163274,0.0037653028768267482,-0.018991142471100425,148.8807830810547
2425,2021-08-23,0.8446291887657904,0.8362095642491411,0.84891748140769,0.8358435352512178,0.09348446179252365,0.0118188185985183,-0.004915816522359062,0.0006798707351877153,0.005334192375010316,-0.05341540309262874,148.01068115234375
2426,2021-08-24,0.8375693057195163,0.8400794810383893,0.842223627359339,0.835529773310988,0.11879597658009308,-0.00705988304627414,0.0038699167892481956,-0.006693854048350989,-0.0003137619402298064,0.025311514787569434,148.6956787109375
2427,2021-08-25,0.8407593517735769,0.8502248760233371,0.8539378320454358,0.8388243534804355,0.15532202372016213,0.0031900460540605913,0.01014539498494782,0.011714204686096852,0.003294580169447503,0.036526047140069046,150.49142456054688
2428,2021-08-26,0.8498065001706858,0.8365756730440989,0.8512707757564479,0.836418792073984,0.1102086773757694,0.009047148397108962,-0.013649202979238217,-0.00266705628898789,-0.0024055614064515396,-0.04511334634439272,148.0755157470703
2429,2021-08-27,0.8375693057195163,0.8476623538497361,0.8486037194674602,0.8375693057195163,0.09127758594805585,-0.012237194451169553,0.011086680805637239,-0.002667056288987779,0.001150513645532314,-0.018931091427713556,150.037841796875
2430,2021-08-30,0.8458320492660508,0.8338040028426895,0.8458320492660508,0.8337516559879615,0.06916378922083771,0.008262743546534557,-0.013858351007046577,-0.0027716702014093375,-0.0038176497315547397,-0.022113796727218138,147.5849151611328
2431,2021-08-31,0.8307185707010505,0.8352160113707583,0.8409162327436918,0.8299864329081694,0.23550517940249213,-0.015113478565000338,0.0014120085280687755,-0.004915816522359062,-0.0037652230797921016,0.16634139018165442,147.8348388671875
2432,2021-09-01,0.8337516559879615,0.832967251137387,0.8379353347174395,0.827371643676875,0.1702146824801081,0.0030330852869110414,-0.002248760233371283,-0.002980898026252232,-0.0026147892312944343,-0.06529049692238403,147.43678283691406
2433,2021-09-02,0.8352682784284516,0.8365756730440989,0.8372555437792865,0.8275807917046833,0.1370214682480108,0.0015166224404901119,0.003608421906711845,-0.0006797909381530687,0.00020914802780835906,-0.033193214232097284,148.0755157470703
2434,2021-09-03,0.8327057562548507,0.8323919943146209,0.8364710591316774,0.8283651965552578,0.10492418555772406,-0.0025625221736009784,-0.004183678729478002,-0.0007844846476090517,0.000784404850574405,-0.03209728269028675,147.33499145507812
2435,2021-09-07,0.8312414806690885,0.8252274973559253,0.8339086167551111,0.8192134342457273,0.15496171745984086,-0.0014642755857621204,-0.0071644969586955876,-0.0025624423765663318,-0.009151762309530409,0.050037531902116794,146.06687927246094
2436,2021-09-08,0.8231356180926689,0.8301433138782843,0.8358435352512178,0.8208346705986389,0.1994595406095181,-0.008105862576419653,0.004915816522359062,0.001934918496106719,0.0016212363529115592,0.044497823149677235,146.93695068359375
2437,2021-09-09,0.8263256641467295,0.8260642490612278,0.8347452886633789,0.8230833510349755,0.17441825551718962,0.0031900460540605913,-0.004079064817056555,-0.001098246587838858,0.0022486804363366364,-0.025041285092328475,147.03004455566406
2438,2021-09-10,0.8300909670235562,0.8176968916022718,0.8309799857865522,0.8174877435744635,0.13819246359405496,0.0037653028768267482,-0.008367357458956004,-0.0037653028768267482,-0.00559560746051202,-0.03622579192313466,145.5407257080078
2439,2021-09-13,0.8209392047140258,0.8309799857865522,0.8316598565217398,0.8161803489588163,0.18395135865485662,-0.009151762309530409,0.01328309418428042,0.0006798707351876043,-0.0013073946156472172,0.04575889506080166,147.90499877929688
2440,2021-09-14,0.8324966082270423,0.8176446245445784,0.83317647896223,0.8152389833410922,0.17815643296802283,0.011557403513016484,-0.013335361241973764,0.0015166224404902229,-0.0009413656177240659,-0.005794925686833791,145.53143310546875
2441,2021-09-15,0.819893304980915,0.824076983710393,0.8253321112683467,0.8142976975204029,0.21037381774508332,-0.01260330324612735,0.006432359165814527,-0.007844367693883303,-0.0009412858206893082,0.03221738477706049,146.67636108398438
2442,2021-09-16,0.8239723697979715,0.8193180481581488,0.8263780110014576,0.813199450932564,0.1859030175649302,0.004079064817056555,-0.004758935552244159,0.0010458997331108666,-0.0010982465878389691,-0.02447080018015313,145.82931518554688
2443,2021-09-17,0.8188996723054975,0.817330782807314,0.8254366453837335,0.8139838557831385,0.39857378771956165,-0.005072697492473965,-0.0019872653508348215,-0.0009413656177240659,0.000784404850574516,0.21267077015463146,145.47557067871094
2444,2021-09-20,0.8011714045092028,0.7983474672501,0.8057211920336386,0.7875222015299645,0.29394985737877194,-0.017728267796294772,-0.018983315557213998,-0.019715453350094947,-0.026461654253173927,-0.1046239303407897,142.0967559814453
2445,2021-09-21,0.8011191374515093,0.799968623805977,0.8065055968842131,0.793222422902898,0.18205975078816994,-5.2267057693455854e-05,0.0016211565558770236,0.000784404850574516,0.005700221372933467,-0.111890106590602,142.38531494140625
2446,2021-09-22,0.8058780730037535,0.8073423485895156,0.8136178267852152,0.801589780361854,0.2163038582795376,0.004758935552244159,0.007373724783538593,0.007112229901002132,0.008367357458956004,0.034244107491367665,143.69778442382812
2447,2021-09-23,0.8135655597275219,0.81591885407628,0.8229787371225541,0.8129903029047557,0.12338988139918931,0.0076874867237684,0.008576505486764363,0.009360910337338879,0.011400522542901692,-0.09291397688034829,145.2242889404297
2448,2021-09-24,0.8156573591937435,0.8182198813673446,0.819893304980915,0.8130948370201425,0.12514637441825552,0.002091799466221622,0.002301027291064628,-0.003085432141639144,0.00010453411538680069,0.0017564930190662048,145.6338348388672
2449,2021-09-27,0.8246522405331591,0.817330782807314,0.8270578019396105,0.8167032589268544,0.16608617324726016,0.008994881339415617,-0.00088909856003061,0.0071644969586955876,0.003608421906711845,0.04093979882900464,145.47557067871094
2450,2021-09-28,0.8176968916022718,0.8026880269496929,0.8216713425069069,0.8010667905967813,0.1428163939348446,-0.0069553489308873395,-0.014642755857621093,-0.005386459432703661,-0.01563646833007304,-0.023269779312415556,142.8693389892578
2451,2021-09-29,0.7994456340409043,0.80995713782081,0.8138793216677517,0.7964124689569586,0.1286293349346945,-0.018251257561367473,0.007269110871117146,-0.0077920208391552,-0.004654321639822712,-0.014187059000150104,144.1631622314453
2452,2021-09-30,0.8133040648449855,0.7949481933711965,0.8176446245445784,0.7947913124010816,0.164434769554121,0.013858430804081223,-0.015008944449613537,0.0037653028768267482,-0.0016211565558770236,0.03580543461942651,141.49172973632812
2453,2021-10-01,0.7970400726344529,0.7970923396921462,0.8045706783881063,0.7859533120317809,0.17198618826002102,-0.016263992210532652,0.0021441463209497247,-0.013073946156472172,-0.008838000369300714,0.007551418705900009,141.87338256835938
2454,2021-10-04,0.7912875044067912,0.7916536132017491,0.8035246988579609,0.7857964310616661,0.19668217985287495,-0.005752568227661681,-0.005438726490397117,-0.0010459795301454022,-0.00015688097011479218,0.024695991592853933,140.90533447265625
2455,2021-10-05,0.7991842189554026,0.803263283772459,0.8062963690593701,0.7888295961456118,0.1718210478907071,0.007896714548611405,0.01160967057070994,0.0027716702014092265,0.003033165083945688,-0.024861131962167854,142.9717254638672
2456,2021-10-06,0.7985566152779083,0.8110553046116142,0.811369066551844,0.7870515586196198,0.1802732322474103,-0.0006276036774942595,0.0077920208391552,0.005072697492473965,-0.0017780375259919268,0.008452184356703196,144.358642578125
2457,2021-10-07,0.8193180481581488,0.822298946184401,0.8271101487943386,0.815709626251437,0.20408347095030777,0.02076143288024046,0.011243641572786789,0.015741082242494597,0.028658067631817108,0.023810238702897474,146.35986328125
2458,2021-10-08,0.8228742030071672,0.8227695890947457,0.8286266914377941,0.8177491586599652,0.14861131962167842,0.003556154849018389,0.0004706429103447096,0.0015165426434554652,0.0020395324085282773,-0.05547215132862934,146.44363403320312
2459,2021-10-11,0.8226127081246308,0.8170170208670842,0.8301433138782843,0.8167555259845478,0.11963669118750939,-0.00026149488253635056,-0.00575256822766157,0.0015166224404902229,-0.0009936326754174107,-0.028974628434169036,145.41973876953125
2460,2021-10-12,0.816441764044318,0.8183244154827314,0.8267440399993807,0.8133040648449855,0.21047890707101036,-0.0061709440803128235,0.0013073946156472172,-0.003399273878903597,-0.003451461139562295,0.09084221588350097,145.6524200439453
2461,2021-10-13,0.8176446245445784,0.8178537725723867,0.8196841569531066,0.8030540559476161,0.18070860231196517,0.0012028605002604165,-0.0004706429103447096,-0.00705988304627414,-0.010250008897369378,-0.029770304759045185,145.5686798095703
2462,2021-10-14,0.8191611671880339,0.8194226620705702,0.8253843783260402,0.8161803489588163,0.2021318120402342,0.0015165426434554652,0.0015688894981835677,0.005700221372933578,0.013126293011200163,0.021423209728269027,145.84788513183594
2463,2021-10-15,0.8218805703317498,0.813931588725445,0.8286790382925222,0.8135132128727938,0.15617775108842516,0.0027194031437158817,-0.005491073345125219,0.0032946599664820386,-0.002667136086022537,-0.04595406095180904,144.87059020996094
2464,2021-10-18,0.807551496617324,0.7994979808956323,0.809015772203086,0.7957326780188057,0.24009908422158835,-0.014329073714425822,-0.014433607829812733,-0.01966326608943625,-0.017780534853988117,0.08392133313316319,142.30154418945312
2465,2021-10-19,0.8169124867516974,0.8126241941097978,0.8276854056171048,0.8100094048785035,0.3573337336736226,0.009360990134373415,0.013126213214165516,0.018669633414018838,0.01427672685969783,0.11723464945203424,144.63783264160156
2466,2021-10-20,0.814820607488441,0.829881818995748,0.8341177647829193,0.8140362026378666,0.2324425761897613,-0.00209187926325638,0.017257624885950174,0.006432359165814527,0.004026797759363099,-0.12489115748386129,147.70950317382812
2467,2021-10-21,0.827162415852032,0.8377261866896312,0.8404978568910405,0.827162415852032,0.21986188260021017,0.012341808363591,0.007844367693883192,0.0063800921081211825,0.013126213214165405,-0.012580693589551134,149.1057586669922
2468,2021-10-22,0.8413868756540365,0.8491266294354982,0.8532580411072828,0.8409162327436918,0.20459390481909623,0.014224459802004485,0.011400442745867045,0.012760184216242254,0.013753816891659776,-0.01526797778111394,151.13487243652344
2469,2021-10-25,0.8471917109393914,0.8449952975607483,0.8495973521428776,0.841282261741615,0.15631286593604563,0.0058048352853549146,-0.0041313318747498995,-0.00366068896440519,0.00036602899792326227,-0.0482810388830506,150.3995361328125
2470,2021-10-26,0.8459889302361657,0.8389812344505503,0.8493881243180346,0.8386152054526271,0.127263173697643,-0.0012027807032256588,-0.006014063110198031,-0.00020922782484300573,-0.00266705628898789,-0.02904969223840262,149.3291015625
2471,2021-10-27,0.840602470803462,0.8355820403686814,0.8477669677621575,0.8353205454861451,0.18273532502627232,-0.005386459432703772,-0.0033991940818688393,-0.0016211565558770236,-0.0032946599664820386,0.055472151328629316,148.72412109375
2472,2021-10-28,0.8378830676597461,0.8449430305030549,0.8495450052881495,0.8370463159544436,0.18916078666866837,-0.0027194031437158817,0.009360990134373415,0.0017780375259919268,0.001725770468298471,0.0064254616423960464,150.39027404785156
2473,2021-10-29,0.8478715816745791,0.841334608596343,0.8494927382304561,0.8401840949508107,0.19728269028674372,0.009988514014833028,-0.003608421906711845,-5.226705769334483e-05,0.0031377789963671354,0.008121903618075355,149.74798583984375
2474,2021-11-01,0.8432695270924498,0.8373078108369799,0.8491266294354982,0.8318690843465828,0.1617624981234049,-0.004602054582129256,-0.004026797759363099,-0.00036610879495790893,-0.008315010604227902,-0.03552019216333882,149.03125
2475,2021-11-02,0.8426942702696837,0.8305616897309356,0.8455705543835145,0.8301955809359777,0.14930190662062753,-0.000575256822766157,-0.006746121106044334,-0.0035560750519837425,-0.001673503410605126,-0.012460591502777368,147.83055114746094
2476,2021-11-03,0.8274239107345684,0.838039948629861,0.8432695270924498,0.8274239107345684,0.2595255967572437,-0.015270359535115241,0.007478258898925394,-0.002301027291064628,-0.0027716702014092265,0.11022369013661615,149.16159057617188
2477,2021-11-04,0.838039948629861,0.8184290293951528,0.8386674725103206,0.816441764044318,0.22912475604263624,0.01061603789529253,-0.019610919234708146,-0.004602054582129256,-0.010982146690250438,-0.03040084071460744,145.67105102539062
2478,2021-11-05,0.8249137354156955,0.8346407545479921,0.8389812344505503,0.8206777098314894,0.2261222038732923,-0.013126213214165516,0.016211725152839307,0.0003137619402296954,0.004235945787171347,-0.003002552169343947,148.5565643310547
2479,2021-11-08,0.8378308006020526,0.8299340860534413,0.841334608596343,0.8294634431430967,0.14072962017715057,0.012917065186357157,-0.004706668494550814,0.0023533741457927304,0.008785733311607369,-0.08539258369614172,147.7188262939453
2480,2021-11-09,0.8269009209694956,0.8231356180926689,0.8315029755516249,0.8224558271545159,0.15023269779312415,-0.010929879632556982,-0.006798467960772436,-0.009831633044718124,-0.007007615988580795,0.009503077615973576,146.5087890625
2481,2021-11-10,0.824599893678431,0.8274239107345684,0.8397657190981594,0.8227695890947457,0.13658609818345593,-0.002301027291064628,0.00428829264189956,0.008262743546534557,0.0003137619402298064,-0.013646599609668214,147.2720489501953
2482,2021-11-11,0.8247045075908526,0.8253843783260402,0.8277899397324916,0.822298946184401,0.12850923284792073,0.00010461391242155837,-0.0020395324085282773,-0.011975779365667849,-0.0004706429103447096,-0.0080768653355352,146.9090118408203
2483,2021-11-12,0.8261687831766146,0.8232402320050904,0.8286266914377941,0.8207300566862175,0.14801080918780965,0.0014642755857620093,-0.0021441463209497247,0.0008367517053025075,-0.0015688894981835677,0.019501576339888915,146.5273895263672
2484,2021-11-15,0.8263256641467295,0.8265871590292658,0.8319736184619696,0.8230310839772821,0.17564930190662062,0.0001568809701149032,0.0033469270241753835,0.0033469270241754945,0.002301027291064628,0.02763849271881097,147.12310791015625
2485,2021-11-16,0.8296203241132115,0.8314507084939315,0.8384060574248188,0.8286790382925222,0.21801531301606367,0.0032946599664820386,0.004863549464665717,0.006432438962849174,0.005647954315240122,0.04236601110944305,147.98878479003906
2486,2021-11-17,0.8291496812028669,0.8180106535425016,0.8291496812028669,0.8166509918691609,0.23936345894009908,-0.0004706429103445986,-0.01344005495142997,-0.009256376221951856,-0.012028046423361305,0.021348145924035417,145.59657287597656
2487,2021-11-18,0.8199979188933364,0.8159711211339733,0.8252797644136187,0.8155004782236286,0.3158384626932893,-0.00915176230953052,-0.0020395324085282773,-0.0038699167892481956,-0.001150513645532314,0.07647500375319022,145.2335662841797
2488,2021-11-19,0.8116829082891085,0.7976675965149124,0.8125195801973764,0.7973538345746826,0.24317670019516588,-0.008315010604227902,-0.01830352461906093,-0.012760184216242365,-0.018146643648946026,-0.07266176249812342,141.97573852539062
2489,2021-11-22,0.8007007615988581,0.8203639478912597,0.8267963868541088,0.7958372121341925,0.30340789671220536,-0.010982146690250438,0.02269635137634729,0.014276806656732477,-0.0015166224404901119,0.06023119651703948,146.0154571533203
2490,2021-11-23,0.8290973343481388,0.8380922156875544,0.8444200407379822,0.8238154888278566,0.2164539858880048,0.028396572749280757,0.017728267796294772,0.017623653883873325,0.02797827669366415,-0.08695391082420056,149.17091369628906
2491,2021-11-24,0.8376215727772097,0.83134609458151,0.8409684998013852,0.8307708377587438,0.17110043537006456,0.008524238429070907,-0.006746121106044445,-0.003451540936596942,0.0069553489308872285,-0.04535355051794024,147.97012329101562
2492,2021-11-26,0.8074468827049024,0.8035770457126888,0.8112645324364572,0.7925948990224384,0.18953610568983636,-0.03017469007230733,-0.027769048868821145,-0.029703967364927975,-0.038175938736305426,0.018435670319771807,143.02755737304688
2493,2021-11-29,0.8123104321695681,0.7969877257797248,0.8123104321695681,0.7939022936380856,0.22040234199069209,0.004863549464665717,-0.006589319932964077,0.0010458997331108666,0.0013073946156472172,0.03086623630085572,141.85476684570312
2494,2021-11-30,0.7871561725320413,0.7684865391180226,0.7895617339384927,0.7663423927970728,0.5288545263473953,-0.02515425963752682,-0.028501186661702205,-0.022748698231075393,-0.027559900841012785,0.3084521843567032,136.78187561035156
2495,2021-12-01,0.7832339886850996,0.7607990523942542,0.7910783563789829,0.7603806765416029,0.24392733823750187,-0.0039221838469416515,-0.0076874867237684,0.0015166224404902229,-0.005961716255469929,-0.28492718810989337,135.41357421875
2496,2021-12-02,0.7671791445023753,0.7852735210936279,0.7884635671476885,0.7649304640660387,0.21220537456838312,-0.016054844182724293,0.024474468699373753,-0.0026147892312944343,0.0045497875244358,-0.03172196366911875,139.7697296142578
2497,2021-12-03,0.7845413833007469,0.780043942631039,0.7894048529683779,0.7724087229649641,0.20725116348896563,0.01736223879837151,-0.005229578462588869,0.0009412858206894192,0.007478258898925394,-0.0049542110794174865,138.8389434814453
2498,2021-12-06,0.7866854498246619,0.7939546404928137,0.8002301186885133,0.7862148069143173,0.2578591803032578,0.002144066523915078,0.013910697861774679,0.010825265720135424,0.013806083949353232,0.05060801681429214,141.3148956298828
2499,2021-12-07,0.796673963839495,0.8005961476864366,0.8026880269496929,0.7938500265803923,0.17652004203573038,0.009988514014833028,0.0066415071936228864,0.002457908261179531,0.007635219666074944,-0.0813391382675274,142.49700927734375
2500,2021-12-08,0.8016943942742755,0.8036815798280756,0.8079176054122817,0.7977722104273338,0.17183606065155382,0.0050204304347805095,0.003085432141639033,0.005229578462588869,0.00392218384694154,-0.004683981384176555,143.04617309570312
2501,2021-12-09,0.7984520013654869,0.8026880269496929,0.8078652585575536,0.7945821643732733,0.15984086473502476,-0.0032423929087885828,-0.000993552878382764,-5.234685472810252e-05,-0.0031900460540604803,-0.011995195916529061,143.692138671875
2502,2021-12-10,0.8080744863823967,0.806662477854328,0.8095910290258521,0.8020081562145053,0.14113496472001202,0.009622485016909765,0.003974450904635107,0.001725770468298471,0.007425991841231938,-0.01870590001501274,144.4036102294922
2503,2021-12-13,0.807394615647209,0.8010667905967813,0.8077607244421668,0.7973538345746826,0.16605614772556673,-0.0006798707351876043,-0.0055956872575466665,-0.0018303045836852716,-0.004654321639822712,0.02492118300555471,143.40191650390625
2504,2021-12-14,0.8025834130372714,0.8196318100983786,0.8274239107345684,0.8012237513639309,0.30522444077465843,-0.004811202609937615,0.01856501950159728,0.019663186292401602,0.0038699167892483066,0.1391682930490917,146.72532653808594
2505,2021-12-15,0.8202070669211448,0.8282083155851429,0.8318167374918547,0.8124150460819896,0.24754541360156132,0.017623653883873325,0.008576505486764252,0.00439282675728625,0.011191294718058686,-0.057679027173097114,148.26063537597656
2506,2021-12-16,0.8368894349843287,0.8472963248518129,0.8524212894019803,0.8319736184619696,0.38654856628133916,0.016682368063183906,0.019088009266670092,0.020604551910125557,0.019558572379980044,0.13900315267977784,151.67764282226562
2507,2021-12-17,0.8462504251187021,0.8272670297644535,0.8462504251187021,0.8263780110014576,0.5156282840414352,0.009360990134373415,-0.0200292950873594,-0.006170864283278177,-0.00559560746051202,0.12907971776009608,148.0921630859375
2508,2021-12-20,0.817330782807314,0.8028971749775012,0.818115267454923,0.7947390453433882,0.2720012010208677,-0.028919642311388105,-0.024369854786952305,-0.028135157663779053,-0.03163896565806934,-0.24362708302056751,143.7295684814453
2509,2021-12-21,0.8077607244421668,0.8133040648449855,0.8221943322719796,0.8077607244421668,0.1546014111995196,-0.009570058365147127,0.010406889867484281,0.004079064817056555,0.013021679098778605,-0.11739978982134813,145.592529296875
2510,2021-12-22,0.8130948370201425,0.8089635051453926,0.8160233881916668,0.8077607244421668,0.1428764449782315,0.005334112577975669,-0.004340559699592905,-0.0061709440803128235,0.0,-0.011724966221288102,144.81553649902344
2511,2021-12-23,0.8105323946435762,0.8087542773205496,0.8167555259845478,0.8079176054122817,0.2574688485212431,-0.0025624423765663318,-0.00020922782484300573,0.0007321377928810602,0.0001568809701149032,0.11459240354301159,144.778076171875
2512,2021-12-27,0.8080221395276685,0.8160233881916668,0.8163372299289312,0.8024265320671565,0.09834859630686082,-0.0025102551159076336,0.007269110871117146,-0.0004182960556166071,-0.005491073345125219,-0.15912025221438225,146.07937622070312
2513,2021-12-28,0.8159711211339733,0.8216713425069069,0.8249137354156955,0.8159711211339733,0.13729169794325177,0.00794898160630475,0.005647954315240122,0.008576505486764252,0.01354458906681677,0.03894310163639095,147.09039306640625
2514,2021-12-29,0.8244430127083161,0.8236586078577417,0.8262733970890361,0.8216713425069069,0.10259720762648251,0.008471891574342805,0.0019872653508348215,0.001359661673340673,0.005700221372933578,-0.03469449031676926,147.4461669921875
2515,2021-12-30,0.8255412592961551,0.8200501859510299,0.8284698104676792,0.8195272759829917,0.06311364659960966,0.0010982465878389691,-0.003608421906711845,0.0021964133786430695,-0.002144066523915189,-0.03948356102687285,146.80020141601562
2516,2021-12-31,0.8185859103652677,0.818062920600195,0.8216190754492134,0.8163894969866246,0.10244708001801531,-0.0069553489308873395,-0.0019872653508348215,-0.006850735018465781,-0.0031377789963671354,0.039333433418405644,146.44447326660156
2517,2022-01-03,0.820625442773796,0.8145068455482112,0.822298946184401,0.8102185529063117,0.1656508031827053,0.0020395324085282773,-0.0035560750519838535,0.0006798707351876043,-0.0061709440803128235,0.06320372316469,145.80787658691406
2518,2022-01-04,0.823920102740278,0.8315029755516249,0.8386152054526271,0.8221420652142861,0.25290496922384026,0.0032946599664820386,0.016996130003413712,0.016316259268226108,0.011923512307974393,0.08725416604113495,148.85040283203125
2519,2022-01-05,0.8393473432455082,0.835529773310988,0.8451521785308632,0.8353205454861451,0.27599459540609517,0.015427240505230144,0.004026797759363099,0.006536973078236086,0.013178480271858972,0.023089626182254908,149.57127380371094
2520,2022-01-06,0.853624070105206,0.84891748140769,0.8538855649877424,0.8457274353536294,0.20870740129109744,0.01427672685969783,0.013387708096701978,0.008733386456879155,0.010406889867484281,-0.06728719411499773,151.96783447265625
2521,2022-01-07,0.8485513726127321,0.8693651523477006,0.8716660998417306,0.8445246546504036,0.25515688335084824,-0.005072697492473965,0.020447670940010654,0.017780534853988228,-0.0012027807032257698,0.0464494820597508,155.62826538085938
2522,2022-01-10,0.8765819163640897,0.8579646298047989,0.8801903382708014,0.8520551806070225,0.17146074163038583,0.028030543751357606,-0.011400522542901692,0.008524238429070796,0.00753052595661885,-0.08369614172046241,153.58741760253906
2523,2022-01-11,0.8613639036837024,0.8532580411072828,0.8620436946218554,0.8390335813052784,0.17929740279237352,-0.01521801268038725,-0.0047065886975161675,-0.018146643648946026,-0.013021599301744069,0.007836661161987696,152.74485778808594
2524,2022-01-12,0.8541470598702787,0.8522644084318654,0.8585921536852584,0.8473485919095063,0.15922534154030926,-0.00721684381342369,-0.0009936326754174107,-0.003451540936596942,0.008315010604227902,-0.02007206125206426,152.5669708251953
2525,2022-01-13,0.85456543572293,0.8526827842845166,0.8613639036837024,0.8500679950532223,0.12983035580243207,0.00041837585265125377,0.00041837585265125377,0.002771749998443984,0.0027194031437159927,-0.02939498573787719,152.64190673828125
2526,2022-01-14,0.8498587672283793,0.8535195359898192,0.8550883456909681,0.84295576515222,0.1896411950157634,-0.004706668494550703,0.0008367517053026186,-0.006275557992734271,-0.007112229901002243,0.05981083921333133,152.7917022705078
2527,2022-01-18,0.8551406925456961,0.8554021874282326,0.8597426673307907,0.8444723077956755,0.27123555021768503,0.00528192531731686,0.0018826514384133741,0.004654321639822601,0.0015165426434554652,0.08159435520192163,153.12869262695312
2528,2022-01-19,0.8614684377990892,0.8370986628091717,0.8614684377990892,0.8370986628091717,0.22023720162137816,0.00632774525339308,-0.01830352461906093,0.001725770468298471,-0.007373644986503836,-0.050998348596306864,149.85214233398438
2529,2022-01-20,0.8494927382304561,0.8638217321478473,0.8863612823511143,0.8471917109393914,0.42514637441825553,-0.011975699568633091,0.02672306933867563,0.024892844552025117,0.010093048130219717,0.20490917279687737,154.63589477539062
2530,2022-01-21,0.8646062167954565,0.850381756993452,0.8737579791049869,0.8485513726127321,0.3287794625431617,0.015113478565000338,-0.013439975154395323,-0.012603303246127462,0.001359661673340673,-0.09636691187509383,152.22994995117188
2531,2022-01-24,0.8471917109393914,0.8829097414145174,0.8851061547931605,0.8414914895664579,0.48548266026122205,-0.017414505856065077,0.032527984421065415,0.01134817568817359,-0.00705988304627414,0.15670319771806035,158.0529327392578
2532,2022-01-25,0.8816546138565635,0.8817069607112916,0.8867796582037656,0.8565003542190368,0.33184206575589253,0.034462902917172133,-0.0012027807032257698,0.001673503410605126,0.01500886465257889,-0.15364059450532952,157.83761596679688
2533,2022-01-26,0.8803472192409163,0.8778370439220434,0.8863612823511143,0.8697835282003519,0.3293949857378772,-0.0013073946156472172,-0.0038699167892481956,-0.00041837585265125377,0.013283173981315066,-0.0024470800180153573,157.1448516845703
2534,2022-01-27,0.8828051275020958,0.8663319872637549,0.896663558306177,0.8607886468609363,0.32454586398438673,0.002457908261179531,-0.011505056658288493,0.010302275955062723,-0.008994881339415617,-0.0048491217534904485,155.08529663085938
2535,2022-01-28,0.8685806677000915,0.8723983174316463,0.8725028515470331,0.8546177027806234,0.18518240504428765,-0.014224459802004374,0.006066330167891376,-0.024160706759143946,-0.0061709440803128235,-0.13936345894009908,156.17124938964844
2536,2022-01-31,0.8622529224466984,0.8690513106104362,0.8698880623157387,0.8562388593365005,0.21079417504879147,-0.00632774525339308,-0.003347006821210141,-0.0026147892312944343,0.0016211565558770236,0.02561177000450382,155.5720977783203
2537,2022-02-01,0.8706202001086197,0.878516914657231,0.8802426851255295,0.8647108307078779,0.19370965320522443,0.008367277661921357,0.009465604046794862,0.010354622809790825,0.008471971371377451,-0.01708452184356704,157.26651000976562
2538,2022-02-02,0.8788829436551543,0.9032527984421065,0.9052923308506348,0.8771571731868558,0.27437321723464947,0.008262743546534557,0.024735883784875456,0.025049645725105263,0.012446342478977912,0.08066356402942504,161.69461059570312
2539,2022-02-03,0.9057629737609795,0.8998536043602376,0.9090576337274615,0.8983892489774409,0.19219336435970574,0.02688003010582518,-0.0033991940818688393,0.0037653028768267482,0.02123207579058506,-0.08217985287494373,161.0861053466797
2540,2022-02-04,0.9013701470036931,0.898964505800207,0.9071749822890481,0.8951992029233803,0.24259120252214383,-0.004392826757286361,-0.00088909856003061,-0.0018826514384133741,-0.0031900460540605913,0.05039783816243809,160.9269561767578
2541,2022-02-07,0.8978663390094028,0.8959836875709895,0.902416046736804,0.885001540880739,0.2454586398438673,-0.0035038079942902867,-0.0029808182292175855,-0.004758935552244159,-0.010197662042641276,0.002867437321723454,160.3933563232422
2542,2022-02-08,0.9030435706172636,0.9021022847965742,0.9070703683766267,0.8947285600130357,0.3500225191412701,0.005177231607860766,0.006118597225584721,0.004654321639822712,0.009727019132296677,0.1045638792974028,161.4886474609375
2543,2022-02-09,0.904978568910405,0.9033050654997999,0.9113063141637981,0.900794890180927,0.22706800780663564,0.0019349982931413656,0.0012027807032257698,0.004235945787171458,0.006066330167891265,-0.12295451133463445,161.70396423339844
2544,2022-02-10,0.9033050654997999,0.9017361760016164,0.9128229366042883,0.89917373362505,0.23826752739828855,-0.001673503410605015,-0.0015688894981835677,0.0015166224404901119,-0.0016211565558769125,0.011199519591652912,161.423095703125
2545,2022-02-11,0.8978663390094028,0.898232368007326,0.9096851576079211,0.8936826602799248,0.21923134664464794,-0.005438726490397117,-0.0035038079942903977,-0.0031377789963671354,-0.005491073345125219,-0.019036180753640608,160.79588317871094
2546,2022-02-14,0.9032005313844131,0.8930551363994652,0.9067566064363969,0.8827528604444025,0.25122354000900765,0.005334192375010316,-0.005177231607860766,-0.0029285511715242407,-0.010929799835522336,0.03199219336435971,159.86907958984375
2547,2022-02-15,0.8954606978059167,0.8973956960990581,0.9024683935915321,0.8930551363994652,0.17636991442726319,-0.007739833578496391,0.004340559699592905,-0.004288212844864803,0.010302275955062723,-0.07485362558174447,160.6461181640625
2548,2022-02-16,0.8937349273376182,0.9008995040933485,0.905658359848558,0.893368898339695,0.18384626932892958,-0.001725770468298582,0.0035038079942903977,0.0031899662570259446,0.0003137619402298064,0.007476354901666399,161.27333068847656
2549,2022-02-17,0.895879073658568,0.8921137707817413,0.8977617250969814,0.8835372652949769,0.16910373817745084,0.0021441463209498357,-0.008785733311607258,-0.007896634751576648,-0.009831633044718124,-0.01474253115147875,159.70054626464844
2550,2022-02-18,0.8862044013809994,0.8923229986065842,0.8995397626229732,0.8861520545262713,0.17510884251613873,-0.009674672277568575,0.0002092278248428947,0.0017780375259918157,0.0026147892312944343,0.006005104338687894,159.738037109375
2551,2022-02-22,0.8922706517518562,0.8946762929553422,0.8997489904478162,0.8865181633212292,0.27561927638492717,0.0060662503708567295,0.0023532943487580837,0.00020922782484300573,0.00036610879495790893,0.10051043386878844,160.15928649902344
2552,2022-02-23,0.8974479631567516,0.8897604764329832,0.9045601930577537,0.8891329525525236,0.20629034679477556,0.005177311404895413,-0.004915816522359062,0.004811202609937504,0.0026147892312943233,-0.0693289295901516,159.27928161621094
2553,2022-02-24,0.869417419405394,0.8707248140210412,0.8722413566644968,0.8513753896688694,0.3694490316769254,-0.028030543751357606,-0.01903566241194199,-0.032318836393256944,-0.03775756288365417,0.16315868488214982,155.8716278076172
2554,2022-02-25,0.8756406305434002,0.9070181013189332,0.9072795962014696,0.873601098134872,0.22640744632937998,0.006223211138006279,0.03629328729789205,0.035038239536972826,0.02222570846600258,-0.1430415853475454,162.36863708496094
2555,2022-02-28,0.8762158873661664,0.8985984768022839,0.8998012575055095,0.8762158873661664,0.28022819396487014,0.000575256822766157,-0.008419624516649349,-0.007478338695960041,0.0026147892312944343,0.05382074763549016,160.8614044189453
2556,2022-03-01,0.8994352285075864,0.8776278958942351,0.8996443765353946,0.8713000708438073,0.25188410148626333,0.02321934114141999,-0.02097058090804882,-0.0001568809701149032,-0.004915816522359062,-0.028344092478606808,157.10740661621094
2557,2022-03-02,0.8828051275020958,0.9082731490798525,0.9131889656022114,0.8821776036216363,0.2164389731271581,-0.01663010100549056,0.030645253185617394,0.01354458906681677,0.010877532777828991,-0.03544512835910524,162.5933380126953
2558,2022-03-03,0.9086915249325037,0.9078548530242357,0.9146532411879735,0.8995397626229732,0.1757844167542411,0.02588639743040788,-0.0004182960556167181,0.0014642755857621204,0.017362159001336863,-0.04065455637291698,162.51846313476562
2559,2022-03-04,0.8953561636905298,0.9068088734940903,0.9097375044626491,0.8864658164665011,0.17366761747485362,-0.013335361241973875,-0.0010459795301454022,-0.0049157367253244155,-0.01307394615647206,-0.002116799279387488,162.3311767578125
2560,2022-03-07,0.8984938628898623,0.8879300920522633,0.9029390365018768,0.8876686769667615,0.20939798829004655,0.0031376991993324888,-0.018878781441827086,-0.006798467960772325,0.0012028605002604165,0.035730370815192924,158.95162963867188
2561,2022-03-08,0.8920092366663543,0.8809224760636825,0.9037757882071793,0.8800334573006866,0.2267377270680078,-0.006484626223507983,-0.007007615988580795,0.0008367517053025075,-0.007635219666074944,0.017339738777961244,157.6971893310547
2562,2022-03-09,0.8935780463675034,0.8961928355987977,0.9044555791453323,0.8911724849610518,0.20400840714607416,0.001568809701149032,0.015270359535115241,0.0006797909381529577,0.01113902766036523,-0.02272931992193364,161.27328491210938
2563,2022-03-10,0.8855245306458117,0.8989122387425137,0.9008995040933485,0.8848446599106241,0.21706950908272032,-0.008053515721691662,0.0027194031437159927,-0.0035560750519837425,-0.006327825050427727,0.013061101936646169,161.76266479492188
2564,2022-03-11,0.9078025061695078,0.9085346439623888,0.9201443145330988,0.9070181013189332,0.20893259270379824,0.022277975523696036,0.009622405219875119,0.019244810439750237,0.022173441408309125,-0.008136916378922082,163.49424743652344
2565,2022-03-14,0.918209396036992,0.9265766736989134,0.9340550123948734,0.9166405065388085,0.2920882750337787,0.010406889867484281,0.01804202973652458,0.013910697861774679,0.00962240521987523,0.08315568232998047,166.74095153808594
2566,2022-03-15,0.9321200938987666,0.9423177559414079,0.9447756642025873,0.9264197927287985,0.2597958264524846,0.013910697861774568,0.015741082242494486,0.010720651807713866,0.009779286189990022,-0.0322924485812941,169.5736541748047
2567,2022-03-16,0.9447756642025873,0.9376110874468572,0.9474427204915753,0.923961884467619,0.2887254166041135,0.012655570303820696,-0.004706668494550703,0.002667056288988001,-0.002457908261179531,0.02892959015162888,168.72665405273438
2568,2022-03-17,0.9354670209229421,0.9467105826986942,0.9470766914936519,0.9228114506191213,0.24649452034229094,-0.009308643279645201,0.009099495251837064,-0.0003660289979233733,-0.0011504338484976673,-0.042230896261822554,170.36415100097656
2569,2022-03-18,0.9438342985848632,0.9429452798218674,0.9438342985848632,0.9270996634639861,0.593574538357604,0.008367277661921135,-0.0037653028768268593,-0.003242392908788694,0.004288212844864803,0.3470800180153131,169.6865692138672
2570,2022-03-21,0.9489069960773374,0.9546072174502709,0.9594184998572431,0.9471289585513456,0.2077615973577541,0.0050726974924741874,0.011661937628403507,0.015584201272379916,0.02002929508735951,-0.38581294099984986,171.78518676757812
2571,2022-03-22,0.9615625663811582,0.9554439691555734,0.9643342365825677,0.9489593429320654,0.2136315868488215,0.012655570303820807,0.0008367517053025075,0.0049157367253245265,0.0018303843807198072,0.005869989491067401,171.93576049804688
2572,2022-03-23,0.9545026833348839,0.9497960148403333,0.9613534183533499,0.9493253719299887,0.1407446329379973,-0.007059883046274362,-0.005647954315240122,-0.0029808182292178076,0.00036602899792326227,-0.0728869539108242,170.9193878173828
2573,2022-03-24,0.9524631509263558,0.9633929507618781,0.9641250885547593,0.9479133634019201,0.14398738928088875,-0.0020395324085280553,0.013596935921544873,0.0027716702014094485,-0.0014120085280685535,0.0032427563428914508,173.36624145507812
2574,2022-03-25,0.9632360697917632,0.981853356351054,0.9820102373211689,0.9624515851441542,0.12844918180453385,0.010772918865407433,0.018460405589175832,0.017885148766409564,0.01453822174223407,-0.015538207476354898,176.68821716308594
2575,2022-03-28,0.9830561370542795,0.9766760449461587,0.9830561370542795,0.9704005667504587,0.08911574838612821,0.019820067262516283,-0.005177311404895302,0.0010458997331106445,0.007948981606304528,-0.039333433418405644,175.7565460205078
2576,2022-03-29,0.9810689515004793,0.9612488044409283,0.981121218558173,0.9556531969804165,0.20565981083921334,-0.001987185553800175,-0.015427240505230366,-0.001934918496106497,-0.014747369770042207,0.11654406245308513,172.98033142089844
2577,2022-03-30,0.9609873095583922,0.9703482996927655,0.9704529136051869,0.9574312345064082,0.14398738928088875,-0.02008164194208717,0.009099495251837175,-0.010668304952986096,0.0017780375259917047,-0.061672421558324586,174.61785888671875
2578,2022-03-31,0.9724924460137152,0.9556008501256882,0.9754209971852392,0.9554963160103015,0.17686533553520492,0.011505136455323028,-0.014747449567077298,0.004968083580052296,-0.001934918496106719,0.03287794625431617,171.9639892578125
2579,2022-04-01,0.9643865834372954,0.9687794101945819,0.9698253099276927,0.9548687123328075,0.16210779162287944,-0.008105862576419764,0.01317856006889373,-0.0055956872575465555,-0.0006276036774940374,-0.014757543912325477,174.33551025390625
2580,2022-04-04,0.9674720155789347,0.9508419943704788,0.9674720155789347,0.9492207580175673,0.15406095180903767,0.003085432141639255,-0.01793741582410313,-0.0023532943487579727,-0.005647954315240122,-0.008046839813841772,171.1075897216797
2581,2022-04-05,0.9541365745399262,0.9485932341371076,0.9653278692579851,0.946292206846043,0.12541660411349648,-0.013335441039008522,-0.002248760233371172,-0.0021441463209496137,-0.0029285511715243517,-0.028644347695541195,170.70294189453125
2582,2022-04-06,0.9429452798218674,0.9548164452751139,0.9620332890885375,0.9424746369115228,0.15335535204924186,-0.011191294718058797,0.006223211138006279,-0.003294580169447614,-0.003817569934520204,0.027938747935745384,171.82281494140625
2583,2022-04-07,0.9530906748068154,0.952253923101513,0.9559669589206462,0.9417424991186417,0.13133163188710403,0.010145394984948042,-0.0025625221736008674,-0.006066330167891265,-0.0007321377928810602,-0.022023720162137828,171.3616943359375
2584,2022-04-08,0.9608827754430054,0.9667398777860537,0.968622529224467,0.9526200318964705,0.1682329980483411,0.007792100636189958,0.014485954684540725,0.012655570303820807,0.010877532777828769,0.03690136616123707,173.968505859375
2585,2022-04-11,0.9722832181888722,0.9708189426031102,0.9810166046457516,0.9689362911646968,0.1830806185257469,0.011400442745866823,0.004079064817056444,0.012394075421284567,0.01631625926822633,0.014847620477405787,174.70254516601562
2586,2022-04-12,0.9651187212301766,0.9671582536387049,0.9780357864165337,0.9643865834372954,0.16764750037531903,-0.0071644969586955876,-0.003660688964405301,-0.0029808182292179186,-0.004549707727401375,-0.01543311815042786,174.04380798339844
2587,2022-04-13,0.9665307297582453,0.9607258944728904,0.9722309511311786,0.9502667375477126,0.12720312265425612,0.0014120085280686645,-0.006432359165814527,-0.005804835285355026,-0.014119845889582816,-0.04044437772106291,172.8862762451172
2588,2022-04-14,0.961144190528507,0.9634975646742998,0.9675242826366283,0.959366153002515,0.14894160036030626,-0.0053865392297383075,0.0027716702014094485,-0.00470666849455037,0.009099415454802418,0.02173847770605014,173.38504028320312
2589,2022-04-18,0.9656416311982149,0.968622529224467,0.9731199698941748,0.963549831731993,0.2028974628434169,0.0044974406697079194,0.005124964550167199,0.0055956872575465555,0.004183678729478002,0.05395586248311063,174.30726623535156
2590,2022-04-19,0.9523062699562408,0.9212425611209377,0.9597322617974727,0.9126137087794453,0.4128959615673322,-0.013335361241974097,-0.04737996810352929,-0.013387708096702089,-0.05093612295254779,0.20999849872391532,165.78109741210938
2591,2022-04-20,0.9251123981131513,0.9293484236973573,0.9308126992831194,0.9108356712534534,0.3513436420957814,-0.027193871843089523,0.008105862576419542,-0.028919562514353347,-0.0017780375259918157,-0.06155231947155082,167.23976135253906
2592,2022-04-21,0.9380818101542365,0.9217654710889758,0.9401213425627648,0.9201966613878269,0.2772556673172196,0.01296941204108526,-0.007582952608381488,0.009308643279645423,0.009360990134373415,-0.07408797477856177,165.87518310546875
2593,2022-04-22,0.9190984147999879,0.9052923308506348,0.9190984147999879,0.904246431117524,0.23140669569133765,-0.018983395354248644,-0.01647314023834101,-0.021022927762776922,-0.015950230270302845,-0.045848971625881974,162.91078186035156
2594,2022-04-25,0.9018407899140378,0.9122476797815221,0.9148624690128165,0.8923229986065842,0.22558174448281038,-0.017257624885950062,0.0069553489308873395,-0.004235945787171347,-0.011923432510939858,-0.005824951208527274,164.16241455078125
2595,2022-04-26,0.9090576337274615,0.9029390365018768,0.9193075628277962,0.9025729277069189,0.2712956012610719,0.00721684381342369,-0.009308643279645312,0.004445093814979706,0.010249929100334731,0.04571385677826151,162.4873046875
2596,2022-04-27,0.909109900785155,0.9075933581416994,0.914967082925238,0.8976048441268665,0.2743582044738027,5.2267057693455854e-05,0.004654321639822601,-0.0043404799025582586,-0.004968083580052407,0.00306260321273083,163.32484436035156
2597,2022-04-28,0.9151762309530463,0.9125614417217519,0.9151762309530463,0.9004287813859692,0.1532352499624681,0.006066330167891376,0.004968083580052518,0.00020914802780835906,0.0028239372591026823,-0.12112295451133462,164.21888732910156
2598,2022-04-29,0.9096328905502277,0.8945716790429208,0.9112540471061047,0.892479879576699,0.19962468097883201,-0.005543340402818675,-0.017989762678831123,-0.0039221838469416515,-0.007948901809270104,0.04638943101636392,160.9815673828125
2599,2022-05-02,0.8967158253638705,0.8894989815504468,0.9018407899140378,0.8766865302765111,0.22468097883200722,-0.012917065186357157,-0.005072697492473965,-0.00941325719206687,-0.015793349300187942,0.025056297853175202,160.06871032714844
2600,2022-05-03,0.8899173574030981,0.898232368007326,0.9067566064363969,0.889185219610217,0.1617775108842516,-0.006798467960772436,0.008733386456879155,0.004915816522359062,0.012498689333705904,-0.06290346794775561,161.6403350830078
2601,2022-05-04,0.8976048441268665,0.9175295253018043,0.9181047821245705,0.8965589443937556,0.22130310764149527,0.0076874867237684,0.01929715729447834,0.01134817568817359,0.007373724783538593,0.05952559675724367,165.11288452148438
2602,2022-05-05,0.9174249113893829,0.8995397626229732,0.9174249113893829,0.8940487690748826,0.2231496772256418,0.019820067262516394,-0.017989762678831123,-0.0006798707351876043,-0.002510175318872987,0.001846569584146529,161.87557983398438
2603,2022-05-06,0.9027821555317619,0.8976048441268665,0.9027821555317619,0.8900219713155195,0.18266026122203874,-0.014642755857620982,-0.001934918496106719,-0.014642755857620982,-0.004026797759363099,-0.04048941600360306,161.52737426757812
2604,2022-05-09,0.8938918083077331,0.8990691197126285,0.9076456251993928,0.8913293659311667,0.30678576790271733,-0.008890347224028816,0.0014642755857620093,0.00486346966763096,0.0013073946156472172,0.1241255066806786,161.79087829589844
2605,2022-05-10,0.9058153206157076,0.9046648069701753,0.9166405065388085,0.8965589443937556,0.22043236751238554,0.011923512307974504,0.0055956872575467775,0.008994881339415617,0.005229578462588869,-0.08635340039033179,162.7978515625
2606,2022-05-11,0.904978568910405,0.9014747609161147,0.9181571289792986,0.9010563850634634,0.17564930190662062,-0.0008367517053026186,-0.0031900460540605913,0.0015166224404901119,0.004497440669707808,-0.04478306560576492,162.22378540039062
2607,2022-05-12,0.9068612203488183,0.9066519925239754,0.9081686149644655,0.8954606978059167,0.19746284341690437,0.0018826514384133741,0.005177231607860766,-0.009988514014833028,-0.0055956872575466665,0.02181354151028375,163.1554718017578
2608,2022-05-13,0.9084301098470019,0.9035665603823363,0.9111494331936832,0.8961928355987977,0.1786068157934244,0.0015688894981835677,-0.003085432141639144,0.0029808182292176966,0.0007321377928809492,-0.01885602762347996,162.60020446777344
2609,2022-05-16,0.9047170740278686,0.9125614417217519,0.9179479011544556,0.9038803223225661,0.18901065906020117,-0.0037130358191332924,0.008994881339415617,0.006798467960772325,0.0076874867237684,0.010403843266776763,164.21888732910156
2610,2022-05-17,0.9177387531266473,0.9276749202867522,0.928930047844706,0.9113586610185261,0.19528599309413,0.013021679098778716,0.015113478565000338,0.010982146690250438,0.007478338695960041,0.0062753340339288255,166.93862915039062
2611,2022-05-18,0.9246941020575347,0.9116201559010625,0.9262106447009901,0.9096851576079211,0.16428464194565381,0.0069553489308873395,-0.016054764385689757,-0.0027194031437158817,-0.001673503410605015,-0.031001351148476186,164.04949951171875
2612,2022-05-19,0.9043509652329108,0.8853676496756969,0.907331863259163,0.8751176407783275,0.16677676024620927,-0.020343136824623853,-0.02625250622536557,-0.018878781441827086,-0.03456751682959358,0.002492118300555457,159.32525634765625
2613,2022-05-20,0.8868841923191524,0.8798243092728782,0.890806376166094,0.8697311813456238,0.29420507431316617,-0.01746677291375842,-0.005543340402818675,-0.016525487093069002,-0.005386459432703772,0.1274283140669569,158.3277130126953
2614,2022-05-23,0.8903357332557493,0.9000104853303525,0.9039326691772942,0.883589612149705,0.21822549166791774,0.003451540936596942,0.020186176057474303,0.013126293011200163,0.013858430804081223,-0.07597958264524843,161.9602508544922
2615,2022-05-24,0.9006380092108122,0.9094760095801128,0.9113586610185261,0.8846355118828159,0.1513436420957814,0.010302275955062834,0.009465524249760215,0.007425991841231938,0.0010458997331108666,-0.06688184957213633,163.6636505126953
2616,2022-05-25,0.901527027973808,0.9078025061695078,0.9109402851658749,0.901527027973808,0.17899714757543914,0.0008890187629958524,-0.001673503410605015,-0.00041837585265125377,0.016891516090992154,0.027653505479657725,163.36248779296875
2617,2022-05-26,0.9116201559010625,0.9144963602178586,0.9177387531266473,0.9089530198150401,0.1415853475454136,0.010093127927254475,0.006693854048350878,0.006798467960772436,0.007425991841232049,-0.03741180003002553,164.5670928955078
2618,2022-05-27,0.9150716170406248,0.9299759475778169,0.9300805614902383,0.9102604144306873,0.14163038582795376,0.003451461139562295,0.015479587359958247,0.012341808363591,0.0013073946156472172,4.5038282540155183e-05,167.35267639160156
2619,2022-05-31,0.9262106447009901,0.93630369283121,0.9411149752381822,0.9190984147999879,0.29250863233748686,0.011139027660365342,0.00632774525339308,0.011034413747943894,0.008838000369300603,0.1508782465095331,168.4913787841797
2620,2022-06-01,0.9310218473109277,0.9219223520590907,0.934525655305218,0.9151239638953529,0.16282840414352198,0.004811202609937615,-0.014381340772119278,-0.006589319932964188,-0.003974450904634996,-0.12968022819396488,165.9033966064453
2621,2022-06-02,0.9253216259379942,0.9311787282810426,0.9319108660739237,0.9090053666697682,0.13044587899714757,-0.005700221372933578,0.009256376221951967,-0.0026147892312943233,-0.006118597225584721,-0.03238252514637441,167.56912231445312
2622,2022-06-03,0.9175818721565324,0.9109402851658749,0.9250601310554578,0.9083254959345805,0.17132562678276536,-0.0077397537814617445,-0.02023844311516776,-0.006850735018465892,-0.0006798707351877153,0.04087974778561779,163.92715454101562
2623,2022-06-06,0.9155423397480041,0.9255307739658025,0.9277795341991737,0.9114109280762196,0.11309112745833959,-0.0020395324085282773,0.014590488799927637,0.0027194031437158817,0.003085432141639144,-0.05823449932442577,166.5527801513672
2624,2022-06-07,0.9243802603202702,0.9342118933649883,0.9346825362753329,0.9186800389473366,0.14179552619726768,0.008837920572266067,0.00868111939918581,0.006903002076159237,0.007269110871117035,0.02870439873892809,168.11497497558594
2625,2022-06-08,0.9285116719920548,0.9202489284455202,0.931440223163579,0.9168497343636514,0.10054045939048191,0.004131411671784546,-0.013962964919468135,-0.003242313111753936,-0.0018303045836852716,-0.04125506680678577,165.60226440429688
2626,2022-06-09,0.9198828196505624,0.8970295873041003,0.9198828196505624,0.896663558306177,0.12155832457588951,-0.008628852341492355,-0.02321934114141988,-0.011557403513016595,-0.020186176057474303,0.021017865185407603,162.28152465820312
2627,2022-06-10,0.8835372652949769,0.8853676496756969,0.8932642844272736,0.8789875575675757,0.177450833208227,-0.03634555435558551,-0.011661937628403396,-0.02661853522328883,-0.017676000738601316,0.05589250863233748,160.1717529296875
2628,2022-06-13,0.8739671271327952,0.8770526390714689,0.8949377878378786,0.8722413566644968,0.2679477555922534,-0.009570138162181663,-0.008315010604228013,0.001673503410605015,-0.0067462009030789805,0.09049692238402643,158.66748046875
2629,2022-06-14,0.8840602550600497,0.8697311813456238,0.8854722635881184,0.8631419412096943,0.19797327728569283,0.010093127927254475,-0.007321457725845137,-0.009465524249760215,-0.009099415454802418,-0.06997447830656059,157.34295654296875
2630,2022-06-15,0.87595439248363,0.8657043835862607,0.883589612149705,0.8553498405735045,0.20636541059900915,-0.008105862576419653,-0.004026797759363099,-0.0018826514384133741,-0.007792100636189847,0.008392133313316313,156.61447143554688
2631,2022-06-16,0.8537809510753209,0.8439493978276374,0.8558728303385772,0.841282261741615,0.21785017264674975,-0.022173441408309125,-0.021754985758623224,-0.0277167818111278,-0.014067578831889471,0.011484762047740599,152.67877197265625
2632,2022-06-17,0.8421712805046109,0.8465641870589319,0.8502771430810305,0.8379876815721675,0.35532202372016214,-0.011609670570710051,0.0026147892312944343,-0.0055956872575466665,-0.003294580169447503,0.1374718510734124,153.1518096923828
2633,2022-06-21,0.8614684377990892,0.8504863709058735,0.8614684377990892,0.8432695270924498,0.1706800780663564,0.01929715729447834,0.0039221838469416515,0.011191294718058686,0.0052818455202823245,-0.18464194565380573,153.86141967773438
2634,2022-06-22,0.841282261741615,0.8532056942525548,0.8595857863606758,0.8385629383949337,0.14972226392433569,-0.020186176057474192,0.002719323346681235,-0.0018826514384133741,-0.0047065886975161675,-0.02095781414202072,154.3533477783203
2635,2022-06-23,0.8511661618440265,0.835529773310988,0.8565003542190368,0.828103781469756,0.19196817294700497,0.00988390010241147,-0.01767592094156678,-0.003085432141639033,-0.010459156925177626,0.04224590902266928,151.1555938720703
2636,2022-06-24,0.838039948629861,0.8718753276665735,0.8738102461626803,0.838039948629861,0.19468548266026123,-0.013126213214165516,0.03634555435558551,0.01730989194364352,0.009936167160104925,0.0027173097132562607,157.7308807373047
2637,2022-06-27,0.8750653737206341,0.8759021254259366,0.8797719624181501,0.8700972901405817,0.11441225041285093,0.03702542509077311,0.004026797759363099,0.005961716255469818,0.032057341510720705,-0.0802732322474103,158.4593505859375
2638,2022-06-28,0.880817862151261,0.8757975115135151,0.8924275327219711,0.8755360166309788,0.15939048190962318,0.005752488430626923,-0.00010461391242144735,0.012655570303820918,0.005438726490397117,0.044978231496772256,158.44041442871094
2639,2022-06-29,0.8784645678025029,0.867064125056636,0.8809224760636825,0.8656521165285672,0.10806185257468849,-0.0023532943487580837,-0.008733386456879155,-0.011505056658288604,-0.00988390010241158,-0.05132862933493469,156.86045837402344
2640,2022-06-30,0.8608409139186297,0.884478630912701,0.8864135494088077,0.8558728303385772,0.20058549767302206,-0.017623653883873214,0.017414505856064966,0.005491073345125219,-0.009779286189990022,0.09252364509833357,160.0109100341797
2641,2022-07-01,0.8828574743568239,0.8951992029233803,0.8992783475374715,0.8756928976010937,0.1551418705900015,0.02201656043819422,0.01072057201067933,0.012864798128663812,0.019820067262516505,-0.04544362708302055,161.9503631591797
2642,2022-07-05,0.8839033740899348,0.8743855029854465,0.8839033740899348,0.8572847590696112,0.15433118150427863,0.0010458997331108666,-0.020813699937933805,-0.015374973447536688,-0.018408138531482487,-0.0008106890857228766,158.1849822998047
2643,2022-07-06,0.8721890896068033,0.8885053488750294,0.8960883014834109,0.8718230606088802,0.20519441525296503,-0.011714284483131499,0.014119845889582927,0.012184927393476097,0.014538301539268939,0.0508632337486864,160.73939514160156
2644,2022-07-07,0.8994874955652798,0.8870934201439954,0.9058153206157076,0.8859951735561564,0.1734124005404594,0.027298405958476546,-0.0014119287310340178,0.009727019132296677,0.014172112947276272,-0.031782014712505635,160.4839630126953
2645,2022-07-08,0.890806376166094,0.8837987601775132,0.8948854409831505,0.883380384324862,0.1035730370815193,-0.00868111939918581,-0.0032946599664821496,-0.010929879632557093,-0.0026147892312944343,-0.0698393634589401,159.88792419433594
2646,2022-07-11,0.8792490524501121,0.8812885848586404,0.8912247520187453,0.8790398246252691,0.13257769103738176,-0.011557323715981949,-0.002510175318872876,-0.00366068896440519,-0.004340559699592905,0.029004653955862464,159.4337921142578
2647,2022-07-12,0.8742808890730249,0.86434472191292,0.884269403087858,0.861782199739319,0.15494670469899416,-0.004968163377087165,-0.016943862945720367,-0.0069553489308873395,-0.017257624885950062,0.022369013661612397,156.36849975585938
2648,2022-07-13,0.8597950141855188,0.8540947928125854,0.8653906216460309,0.8512185086987546,0.15347545413601563,-0.014485874887506078,-0.01024992910033462,-0.018878781441827086,-0.010563691040564427,-0.0014712505629785322,154.51417541503906
2649,2022-07-14,0.8335425079601532,0.8141407367532534,0.8368894349843287,0.8122058182571466,0.24838612820897762,-0.02625250622536568,-0.039954056059332,-0.028501186661702205,-0.039012690441608044,0.094910674072962,147.28611755371094
2650,2022-07-15,0.8217236893616349,0.8167555259845478,0.8269009209694956,0.8132517179902574,0.2344993244257619,-0.0118188185985183,0.0026147892312944343,-0.009988514014833028,0.0010458997331108666,-0.013886803783215718,147.7591552734375
2651,2022-07-18,0.822298946184401,0.8105323946435762,0.8258027541786914,0.808335981264933,0.16484011409698243,0.000575256822766157,-0.006223131340971633,-0.0010981667908042114,-0.0049157367253244155,-0.06965921032877948,146.63331604003906
2652,2022-07-19,0.8176968916022718,0.828103781469756,0.8293065621729818,0.8148729543431691,0.19340939798829004,-0.004602054582129256,0.01757138682617987,0.0035038079942903977,0.006536973078236086,0.028569283891307612,149.8121795654297
2653,2022-07-20,0.8285220775253727,0.8273192968221469,0.8295680570555182,0.8176968916022718,0.1909322924485813,0.010825185923100888,-0.0007844846476091627,0.00026149488253635056,0.0028239372591026823,-0.002477105539708757,149.6702423095703
2654,2022-07-21,0.8219851044471366,0.8201547998634513,0.8335947750178466,0.795784945076499,0.312370514937697,-0.006536973078236086,-0.0071644969586955876,0.004026717962328452,-0.021911946525772774,0.12143822248911573,148.3740997314453
2655,2022-07-22,0.8217759564193283,0.8180106535425016,0.827371643676875,0.8130948370201425,0.13224741029875395,-0.00020914802780824804,-0.0021441463209497247,-0.006223131340971633,0.01730989194364352,-0.18012310463894307,147.9862060546875
2656,2022-07-25,0.8288359192626371,0.8366279401017923,0.8393996103032016,0.8240247166526995,0.17659510583996396,0.007059962843308787,0.018617286559290736,0.012027966626326658,0.010929879632556982,0.044347695541210014,151.354248046875
2657,2022-07-26,0.83547742645626,0.8412299946839216,0.8417529844489943,0.8332287460199234,0.1662663263774208,0.0066415071936228864,0.004602054582129256,0.0023533741457926194,0.009204029367223865,-0.010328779462543153,152.1868133544922
2658,2022-07-27,0.8436356358874076,0.8312938275238166,0.8454136734133996,0.8224034802997879,0.21863083621077917,0.008158209431147645,-0.009936167160104925,0.003660688964405301,-0.010825265720135424,0.05236450983335836,150.3892822265625
2659,2022-07-28,0.829672591170905,0.8144545784905178,0.8309277187288587,0.7954711831362692,0.21899114247110044,-0.01396304471650267,-0.01683924903329881,-0.014485954684540836,-0.026932297163518748,0.0003603062603212692,147.34286499023438
2660,2022-07-29,0.8160757350463947,0.8299340860534413,0.8308754516711654,0.8160757350463947,0.204338687884702,-0.013596856124510226,0.015479507562923489,-5.226705769334483e-05,0.020604551910125557,-0.014652454586398439,150.14329528808594
2661,2022-08-01,0.8259072882940782,0.8172262486919271,0.8272670297644535,0.811369066551844,0.18965620777661013,0.009831553247683478,-0.012707837361514263,-0.003608421906711845,-0.004706668494550703,-0.014682480108091867,147.84429931640625
2662,2022-08-02,0.8190565532756124,0.8195272759829917,0.8349021696334938,0.815761973106165,0.2487464344692989,-0.006850735018465781,0.002301027291064628,0.007635139869040297,0.004392906554321008,0.05909022669268876,148.2605743408203
2663,2022-08-03,0.8233448459175119,0.8269009209694956,0.8290450672904454,0.8129379560500276,0.17153580543461944,0.004288292641899449,0.007373644986503947,-0.005857102343048481,-0.00282401705613744,-0.07721062903467946,149.59457397460938
2664,2022-08-04,0.8242861317382012,0.8247045075908526,0.8344315267231491,0.8204685618036811,0.14535355051794024,0.0009412858206893082,-0.0021964133786430695,0.005386459432703772,0.0075306057536534965,-0.026182254916679193,149.19720458984375
2665,2022-08-05,0.8276854056171048,0.8312938275238166,0.8343269128107277,0.8261165161189212,0.13245758895060802,0.003399273878903597,0.006589319932964077,-0.00010461391242144735,0.005647954315240122,-0.01289596156733222,150.3892822265625
2666,2022-08-08,0.8367325540142138,0.8366279401017923,0.8467733350867401,0.8351636645160302,0.1374568383125657,0.009047148397108962,0.005334112577975669,0.012446422276012448,0.009047148397108962,0.0049992493619576694,151.354248046875
2667,2022-08-09,0.8437925168575225,0.852002913549329,0.8554021874282326,0.8392427293330867,0.15347545413601563,0.007059962843308787,0.015374973447536688,0.008628852341492466,0.004079064817056555,0.016018615823449933,154.13575744628906
2668,2022-08-10,0.8596904002730974,0.8629327133848513,0.8649199787356862,0.8571802249542244,0.1694640444377721,0.015897883415574854,0.010929799835522336,0.00951779130745356,0.017937495621137667,0.015988590301756478,156.113037109375
2669,2022-08-11,0.8681100247897467,0.8828051275020958,0.886675044291344,0.8681100247897467,0.19545113346344392,0.008419624516649349,0.019872414117244497,0.02175506555565787,0.010929799835522336,0.025987089025671817,159.70814514160156
2670,2022-08-12,0.8855245306458117,0.8971864682742152,0.897552577069173,0.8854199167333903,0.13022068758444677,0.017414505856064966,0.014381340772119389,0.010877532777828991,0.01730989194364352,-0.06523044587899715,162.30992126464844
2671,2022-08-15,0.8894989815504468,0.9003242472705824,0.9014747609161147,0.8853153028209688,0.11909623179702747,0.003974450904635107,0.0031377789963671354,0.0039221838469416515,-0.00010461391242144735,-0.011124455787419302,162.8775634765625
2672,2022-08-16,0.9024683935915321,0.9074364771715845,0.9108356712534534,0.9009517711510419,0.16536556072661762,0.01296941204108526,0.007112229901002132,0.009360910337338768,0.01563646833007304,0.04626932892959015,164.16421508789062
2673,2022-08-17,0.9030959174719917,0.9097375044626491,0.9130844314868246,0.9030959174719917,0.23490466896862333,0.0006275238804596128,0.002301027291064628,0.002248760233371172,0.0021441463209498357,0.06953910824200571,164.58050537109375
2674,2022-08-18,0.9112540471061047,0.9105219093132236,0.9139734502498206,0.9036711742947579,0.13368863534003902,0.008158129634112998,0.000784404850574516,0.0008890187629959634,0.000575256822766157,-0.1012160336285843,164.722412109375
2675,2022-08-19,0.9102604144306873,0.9028344225894552,0.9131889656022114,0.9011086521211568,0.1534604413751689,-0.0009936326754174107,-0.0076874867237684,-0.0007844846476091627,-0.0025625221736010895,0.019771806035129874,163.33164978027344
2676,2022-08-22,0.8961405685411044,0.8845308979703943,0.8961405685411044,0.8825959794742876,0.14256117700045037,-0.014119845889582927,-0.01830352461906093,-0.017048397061107057,-0.018512672646869177,-0.010899264374718526,160.0203857421875
2677,2022-08-23,0.8875117959966466,0.88008572435838,0.8887668437575658,0.8787260626850394,0.12715808437171597,-0.008628772544457708,-0.004445173612014353,-0.007373724783538593,-0.0038699167892481956,-0.015403092628734405,159.21621704101562
2678,2022-08-24,0.8782554197746947,0.8811317038885255,0.8827005135896744,0.8745947308102894,0.10857228644347695,-0.009256376221951967,0.0010459795301455133,-0.006066330167891376,-0.0041313318747500105,-0.018585797928239015,159.40542602539062
2679,2022-08-25,0.8823867516494446,0.8836941462650918,0.8893421005803319,0.8785691817149245,0.1848521243056598,0.0041313318747498995,0.0025624423765663318,0.006641586990657533,0.003974450904635107,0.07627983786218286,159.86900329589844
2680,2022-08-26,0.8883484679049145,0.8725028515470331,0.8883484679049145,0.8723983174316463,0.17437321723464946,0.005961716255469929,-0.011191294718058686,-0.0009936326754174107,-0.006170864283278177,-0.010478907071010346,157.84439086914062
2681,2022-08-29,0.8640309599726903,0.8647630977655714,0.871038575961271,0.8548269306054664,0.12304458789971476,-0.024317507932224203,-0.0077397537814617445,-0.01730989194364352,-0.01757138682617987,-0.051328629334934706,156.44418334960938
2682,2022-08-30,0.8637694650901538,0.8548269306054664,0.8644493358253416,0.8537809510753209,0.14320672571685933,-0.0002614948825364616,-0.009936167160104925,-0.006589240135929431,-0.0010459795301455133,0.02016213781714457,154.64663696289062
2683,2022-08-31,0.8557159493684623,0.8453090595009781,0.8583307385997567,0.8452044455885566,0.2273382375018766,-0.008053515721691551,-0.009517871104488318,-0.006118597225584832,-0.008576505486764363,0.08413151178501727,152.92477416992188
2684,2022-09-01,0.8431126461223349,0.8539901789001638,0.8592197573627527,0.8388767003351635,0.15632787869689235,-0.01260330324612735,0.0086811193991857,0.0008890187629959634,-0.00632774525339308,-0.07101035880498424,154.49525451660156
2685,2022-09-02,0.8619391605064686,0.8508523999037967,0.8687898955249345,0.8460411972938591,0.1868187959765801,0.01882651438413363,-0.0031377789963671354,0.009570138162181774,0.0071644969586955876,0.03049091727968775,153.92762756347656
2686,2022-09-06,0.856186592278807,0.8465641870589319,0.8592197573627527,0.8450999114731698,0.14464795075814443,-0.00575256822766157,-0.004288212844864803,-0.009570138162181774,-0.0009412858206893082,-0.04217084521843567,153.1518096923828
2687,2022-09-07,0.8459889302361657,0.8577554817769906,0.8616776656239322,0.8450999114731698,0.23568533253265275,-0.010197662042641276,0.011191294718058686,0.002457908261179531,0.0,0.09103738177450832,155.17645263671875
2688,2022-09-08,0.8505909050212603,0.8603179241535569,0.8630895943549662,0.8463549592340889,0.2108091878096382,0.004601974785094609,0.0025624423765663318,0.0014119287310340178,0.0012550477609191146,-0.024876144723014554,156.5275421142578
2689,2022-09-09,0.8623051895043918,0.8584352727151435,0.8641355738851118,0.8567618491015732,0.2361056898363609,0.011714284483131499,-0.0018826514384133741,0.0010459795301455133,0.010406889867484281,0.025296502026722706,156.18499755859375
2690,2022-09-12,0.8619391605064686,0.8646062167954565,0.8693128054929725,0.8590105295379097,0.21685933043086625,-0.00036602899792326227,0.0061709440803129345,0.005177231607860766,0.0022486804363365254,-0.019246359405494656,157.3077392578125
2691,2022-09-13,0.8584876195698716,0.8483422245849238,0.8622529224466984,0.8459365833814376,0.18723915328028826,-0.003451540936596942,-0.016263992210532652,-0.00705988304627414,-0.01307394615647206,-0.029620177150577992,154.3486328125
2692,2022-09-14,0.8502771430810305,0.853676416959934,0.8546177027806234,0.8450475646184417,0.22652754841615372,-0.0082104764888411,0.005334192375010205,-0.007635219666074944,-0.0008890187629959634,0.03928839513586546,155.3191680908203
2693,2022-09-15,0.8579646298047989,0.8584876195698716,0.8652860875306441,0.8486559865251535,0.1915328028824501,0.0076874867237684,0.004811202609937615,0.010668384750020632,0.003608421906711845,-0.03499474553370363,156.1945343017578
2694,2022-09-16,0.8474008589671997,0.84891748140769,0.8540947928125854,0.8430603790646415,0.3743281789521093,-0.010563770837599185,-0.009570138162181663,-0.011191294718058686,-0.00559560746051202,0.1827953760696592,154.45330810546875
2695,2022-09-19,0.8435310219749862,0.8591674105080246,0.8595335193029825,0.8398703330105809,0.15614772556673173,-0.003869836992213549,0.01024992910033462,0.005438726490397117,-0.0031900460540605913,-0.21818045338537756,156.31820678710938
2696,2022-09-20,0.8524212894019803,0.8417006375942663,0.8539901789001638,0.8303001948483992,0.2052544662963519,0.008890267426994058,-0.01746677291375831,-0.005543340402818675,-0.009570138162181663,0.04910674072962018,153.1402587890625
2697,2022-09-21,0.8429034182974919,0.8213575805666771,0.8460934643515525,0.8212529666542556,0.1571986188260021,-0.009517871104488318,-0.020343057027589206,-0.007896714548611294,-0.009047228194143608,-0.0480558474703498,149.43902587890625
2698,2022-09-22,0.8253843783260402,0.8210438186264473,0.8270055348819172,0.8134085989603723,0.17001951658910072,-0.017519039971451766,-0.0003137619402298064,-0.019087929469635334,-0.007844367693883303,0.01282089776309861,149.3819580078125
2699,2022-09-23,0.8150821023709773,0.8130948370201425,0.8190565532756124,0.805041321298451,0.1430415853475454,-0.010302275955062834,-0.00794898160630475,-0.00794898160630475,-0.008367277661921357,-0.026977931241555314,147.93569946289062
2700,2022-09-26,0.8135132128727938,0.7875745483846925,0.8148729543431691,0.7826063850076055,0.2154631436721213,-0.0015688894981835677,-0.025520288635449973,-0.004183598932443355,-0.022434936290845475,0.07242155832457589,143.29249572753906
2701,2022-09-27,0.7905553666139102,0.790921475408868,0.7950005402259246,0.7828156128324484,0.21136465996096682,-0.02295784625888353,0.0033469270241754945,-0.019872414117244497,0.0002092278248428947,-0.0040984837111544825,143.90142822265625
2702,2022-09-28,0.7944775504608518,0.7997071289234406,0.8048844403283361,0.7905553666139102,0.25113346344392734,0.00392218384694154,0.008785653514572611,0.00988390010241147,0.0077397537814618556,0.039768803482960524,145.49989318847656
2703,2022-09-29,0.7970400726344529,0.8089111582906645,0.8119966702293383,0.788515834205382,0.2186458489716259,0.0025625221736010895,0.009204029367223865,0.007112229901002243,-0.0020395324085282773,-0.032487614472301446,147.17449951171875
2704,2022-09-30,0.8107938097290779,0.8011714045092028,0.8181675345126165,0.7998117428358621,0.2102086773757694,0.013753737094625018,-0.0077397537814617445,0.006170864283278177,0.011295908630480134,-0.008437171595856496,145.7663116455078
2705,2022-10-03,0.8066102107966345,0.8214099274214051,0.82386775588555,0.7949481933711965,0.16311364659960967,-0.004183598932443355,0.020238522912202295,0.005700221372933467,-0.004863549464665606,-0.04709503077615973,149.44857788085938
2706,2022-10-04,0.824809121503274,0.8444200407379822,0.8453090595009781,0.822246599329673,0.1597057498874043,0.018198910706639482,0.023010113316577097,0.021441303615428176,0.027298405958476546,-0.0034078967122053716,153.63504028320312
2707,2022-10-05,0.8374124247494014,0.8395564912733164,0.8447860697359053,0.8358958023089113,0.12119801831556823,0.01260330324612735,-0.004863549464665717,-0.0005229897650728121,0.013649202979238217,-0.03850773157183607,152.7501678466797
2708,2022-10-06,0.8376738398349032,0.8324966082270423,0.8379876815721675,0.8276330587623767,0.1425011259570635,0.0002614150855018149,-0.00705988304627414,-0.00679838816373779,-0.008262743546534557,0.02130310764149526,151.46566772460938
2709,2022-10-07,0.8298294721410199,0.8204162947459877,0.8305616897309356,0.8175922776898503,0.15897012460591503,-0.007844367693883303,-0.01208031348105465,-0.007425991841231938,-0.010040781072526372,0.01646899864885154,149.2677764892578
2710,2022-10-10,0.8245476266207377,0.8235539939453203,0.832235113344506,0.8225080942122094,0.11791022369013662,-0.0052818455202822134,0.0031376991993325998,0.0016734236135703684,0.004915816522359062,-0.04105990091577841,149.83863830566406
2711,2022-10-11,0.8209915515687538,0.8339086167551111,0.8429034182974919,0.8188996723054975,0.2001651403693139,-0.0035560750519838535,0.010354622809790825,0.010668304952985985,-0.003608421906711845,0.08225491667917728,151.72256469726562
2712,2022-10-12,0.8320259653166977,0.8323397272569275,0.8455182075287864,0.8272670297644535,0.1834559375469149,0.011034413747943894,-0.0015688894981835677,0.0026147892312944343,0.008367357458956004,-0.016709202822399016,151.4371337890625
2713,2022-10-13,0.8223512132420945,0.8655475026161458,0.871038575961271,0.8143499645780963,0.2928539258369614,-0.009674752074603221,0.03320777535921826,0.02552036843248462,-0.012917065186357268,0.10939798829004652,157.47901916503906
2714,2022-10-14,0.8687898955249345,0.8539901789001638,0.8721368225491098,0.8508523999037967,0.18297552919981985,0.04643868228283998,-0.011557323715981949,0.001098246587838858,0.03650243532570041,-0.10987839663714155,155.37623596191406
2715,2022-10-17,0.8616253187692041,0.8618345465940471,0.8692605384352791,0.8535195359898192,0.21929139768803482,-0.007164576755730345,0.007844367693883303,-0.002876284113830785,0.002667136086022537,0.03631586848821497,156.80345153808594
2716,2022-10-18,0.8769480251590475,0.8721368225491098,0.8769480251590475,0.86617510629364,0.2507131061402192,0.015322706389843344,0.010302275955062723,0.0076874867237684,0.012655570303820807,0.031421708452184366,158.67787170410156
2717,2022-10-19,0.8772617870992773,0.9108356712534534,0.9120907988114072,0.8733918703100291,0.3267527398288545,0.0003137619402298064,0.03869884870434359,0.03514277365235974,0.007216764016389043,0.07603963368863531,165.71881103515625
2718,2022-10-20,0.907331863259163,0.8935780463675034,0.9092667817552699,0.889185219610217,0.25553220237201624,0.030070076159885772,-0.017257624885950062,-0.002824017056137329,0.015793349300187942,-0.07122053745683826,162.5789031982422
2719,2022-10-21,0.8979186060670962,0.9216085901188609,0.92239307476647,0.8947809068677637,0.220942801381174,-0.00941325719206687,0.028030543751357495,0.013126293011200163,0.0055956872575466665,-0.034589400990842234,167.6788330078125
2720,2022-10-24,0.9278318012568672,0.9402258766781516,0.9418993800887566,0.9278318012568672,0.24766551568833509,0.02991319518977098,0.018617286559290736,0.019506305322286588,0.03305089438910347,0.026722714307161083,171.06610107421875
2721,2022-10-25,0.9294529578127442,0.9208764523259798,0.9342118933649883,0.9185231579772217,0.30923284792073263,0.0016211565558770236,-0.019349424352171796,-0.007687486723768289,-0.009308643279645423,0.06156733223239755,167.54563903808594
2722,2022-10-26,0.9243279932625768,0.9224976088818568,0.9268905154361777,0.9104696422555302,0.28914577390782165,-0.005124964550167421,0.0016211565558770236,-0.007321377928810602,-0.008053515721691551,-0.020087074012910988,167.84060668945312
2723,2022-10-27,0.9291391958725144,0.9287731668745911,0.9401736096204582,0.927256544434101,0.1716709202822399,0.004811202609937615,0.006275557992734271,0.01328309418428042,0.016786902178570817,-0.11747485362558174,168.9823760986328
2724,2022-10-28,0.9352577930980991,0.9515741321633598,0.9525154179840493,0.930551204400583,0.262828404143522,0.006118597225584721,0.022800965288768738,0.012341808363591111,0.0032946599664820386,0.09115748386128208,173.13082885742188
2725,2022-10-31,0.951364904338517,0.9646480783198319,0.968047272401701,0.9480179773143415,0.2319171295601261,0.01610711124041786,0.01307394615647206,0.015531854417651703,0.01746677291375842,-0.030911274583395876,175.50950622558594
2726,2022-11-01,0.9663737689910957,0.9558623450082246,0.9689885582223902,0.9547118313626922,0.3234349196817295,0.01500886465257878,-0.008785733311607258,0.0009412858206891972,0.006693854048350767,0.09151779012160338,173.9110107421875
2727,2022-11-02,0.9523585370139345,0.953404436747045,0.9691977860472332,0.9509465284858658,0.27591953160186156,-0.014015231977161258,-0.002457908261179642,0.00020922782484300573,-0.003765302876826415,-0.04751538807986794,173.46383666992188
2728,2022-11-03,0.9533521696893518,0.9508419943704788,0.9565944828011057,0.9435205366446336,0.17809638192463595,0.0009936326754172997,-0.0025624423765662208,-0.012603303246127462,-0.00742599184123216,-0.09782314967722561,172.9976043701172
2729,2022-11-04,0.9615625663811582,0.9573266205939867,0.9651187212301766,0.9475473344039967,0.1530100585497673,0.008210396691806454,0.006484626223507872,0.008524238429070907,0.004026797759363099,-0.025086323374868658,174.1774444580078
2730,2022-11-07,0.9609350425006986,0.9629223078515334,0.9650663743754485,0.9565944828011057,0.19111244557874194,-0.0006275238804596128,0.0055956872575467775,-5.234685472810252e-05,0.009047148397108962,0.038102387028974644,175.19549560546875
2731,2022-11-08,0.9592615390900936,0.9669490258138621,0.9708712096608036,0.9584771342395191,0.17781113946854826,-0.001673503410605015,0.004026717962328674,0.005804835285355137,0.0018826514384133741,-0.013301306110193672,175.9281463623047
2732,2022-11-09,0.968622529224467,0.9525676850417428,0.970975823573225,0.951364904338517,0.15000750638042337,0.009360990134373415,-0.014381340772119278,0.00010461391242133633,-0.007112229901002132,-0.02780363308812489,173.3115997314453
2733,2022-11-10,0.9668967587561685,0.9585817481519405,0.9680995394593942,0.9485409670794142,0.24290647049992495,-0.001725770468298471,0.006014063110197698,-0.002876284113830785,-0.0028239372591027934,0.09289896411950158,174.40576171875
2734,2022-11-11,0.9657985121683296,0.9503712716630993,0.9705051806628804,0.9424223698538294,0.2106740729620177,-0.0010982465878389691,-0.008210476488841212,0.0024056412034861863,-0.006118597225584721,-0.03223239753790724,172.91197204589844
2735,2022-11-14,0.9523585370139345,0.9554439691555734,0.9680995394593942,0.9501621236352912,0.21427713556523045,-0.0134399751543951,0.005072697492474076,-0.0024056412034861863,0.0077397537814617445,0.0036030626032127477,173.83493041992188
2736,2022-11-15,0.9613011512956565,0.938709334034696,0.9613011512956565,0.9302374424603532,0.21706950908272032,0.00894261428172205,-0.01673463512087736,-0.006798388163737679,-0.019924681174937953,0.002792373517489871,170.79017639160156
2737,2022-11-16,0.9382386911243514,0.9472858395214604,0.9506327665456359,0.9358853967755933,0.16119201321122956,-0.023062460171305088,0.008576505486764363,-0.010668384750020632,0.005647954315240122,-0.05587749587149077,172.35060119628906
2738,2022-11-17,0.9427883988517526,0.9566467498587992,0.9615625663811582,0.9415332712937988,0.19744783065605764,0.004549707727401153,0.009360910337338768,0.010929799835522336,0.005647874518205476,0.03625581744482809,174.05377197265625
2739,2022-11-18,0.9647003453775254,0.9651709882878698,0.9720217233063358,0.9582679862117109,0.22076264825101335,0.021911946525772774,0.008524238429070685,0.010459156925177626,0.01673471491791212,0.02331481759495571,175.6046600341797
2740,2022-11-21,0.9686747962821602,0.9703482996927655,0.9753163832728179,0.9649094934053338,0.18136916378922083,0.003974450904634885,0.005177311404895635,0.0032946599664820386,0.0066415071936228864,-0.03939348446179253,176.54661560058594
2741,2022-11-22,0.9779311725041123,0.9786110432392999,0.9855663921701873,0.9706620616329954,0.1708302056748236,0.009256376221952078,0.008262743546534446,0.010250008897369378,0.00575256822766157,-0.010538958114397229,178.04995727539062
2742,2022-11-23,0.9764668969183502,0.9832130180243948,0.9848865214349997,0.9757347591254691,0.16818795976580092,-0.0014642755857621204,0.004601974785094831,-0.0006798707351876043,0.005072697492473743,-0.002642245909022678,178.8872528076172
2743,2022-11-25,0.9878673396642175,0.9879196865189451,0.9911619996306993,0.9814872475560961,0.07727068007806635,0.011400442745867267,0.00470666849455037,0.006275478195699624,0.005752488430626923,-0.09091727968773457,179.7435760498047
2744,2022-11-28,0.9853571643453444,0.9743750974521286,0.9889655862520563,0.9729630889240599,0.2203272781864585,-0.002510175318873098,-0.013544589066816548,-0.0021964133786429585,-0.00852415863203615,0.14305659810839216,177.27926635742188
2745,2022-11-29,0.9716556943084127,0.9790294190919513,0.9819579702634753,0.9689362911646968,0.16444978231496774,-0.013701470036931673,0.004654321639822712,-0.007007615988581017,-0.004026797759363099,-0.05587749587149077,178.1260986328125
2746,2022-11-30,0.972074070161064,0.9926262752164613,0.9947181544797178,0.9651709882878698,0.6203873292298454,0.00041837585265125377,0.013596856124510004,0.012760184216242476,-0.0037653028768269703,0.45593754691487764,180.5998992919922
2747,2022-12-01,0.9986926053843528,0.989122467222171,0.998954100266889,0.9823763461161266,0.16182254916679178,0.02661853522328883,-0.0035038079942902867,0.004235945787171236,0.017205357828256718,-0.4585647800630536,179.96241760253906
2748,2022-12-02,0.9832653648791225,0.9912142666883927,0.993306145951649,0.9820625043788622,0.19440024020417354,-0.015427240505230255,0.002091799466221733,-0.005647954315240011,-0.00031384173726434206,0.032577691037381756,180.343017578125
2749,2022-12-05,0.9849387884926932,0.9790294190919513,0.9867168260186849,0.974218136684979,0.16581594355201923,0.0016734236135707015,-0.01218484759644145,-0.006589319932964077,-0.007844367693883192,-0.028584296652154312,178.1260986328125
2750,2022-12-06,0.9808074566179431,0.9857755401979956,0.9884425964869836,0.9795000620022959,0.18001801531301606,-0.0041313318747501215,0.006746121106044334,0.001725770468298693,0.00528192531731686,0.014202071760996832,179.3534698486328
2751,2022-12-07,0.986612291903298,0.9834222458492375,0.9996862380597701,0.9815395944108242,0.18284041435219936,0.0058048352853549146,-0.0023532943487580837,0.011243641572786456,0.0020395324085282773,0.0028223990391832987,178.92532348632812
2752,2022-12-08,0.9824808802315136,0.9816964753809391,0.9894885760171289,0.9777742915339974,0.1274133013061102,-0.004131411671784435,-0.001725770468298471,-0.010197662042641165,-0.0037653028768267482,-0.05542711304608916,179.4990234375
2753,2022-12-09,0.9812780995282878,0.9708712096608036,0.9846772936101567,0.9703482996927655,0.12667767602462093,-0.0012027807032257698,-0.010825265720135424,-0.0048112824069722615,-0.007425991841231938,-0.0007356252814892661,177.5196990966797
2754,2022-12-12,0.9707666755454167,0.9785064293268787,0.9800229719703342,0.967681163606743,0.18759945954060953,-0.010511423982871082,0.007635219666075055,-0.00465432163982249,-0.002667136086022537,0.06092178351598859,178.9157257080078
2755,2022-12-13,0.9908482376904696,0.9781926673866487,0.9908482376904696,0.9727015940415235,0.21846569584146525,0.020081562145052856,-0.00031376194023002846,0.010825265720135424,0.0050204304347805095,0.03086623630085572,178.8583984375
2756,2022-12-14,0.9787679242094147,0.976048521065699,0.9899068720727455,0.971341932368183,0.14466296351899113,-0.012080313481054872,-0.0021441463209497247,-0.0009413656177240659,-0.001359661673340451,-0.07380273232247411,178.46633911132812
2757,2022-12-15,0.9701914187226505,0.9599937566800093,0.9722309511311786,0.9566990967135273,0.18641345143371865,-0.008576505486764252,-0.016054764385689646,-0.01767592094156689,-0.01464283565465574,0.04175048791472752,175.53079223632812
2758,2022-12-16,0.9491162239021804,0.9559669589206462,0.961196537383235,0.947338106579154,0.5050743131661912,-0.021075194820470045,-0.004026797759363099,-0.011034413747943672,-0.009360990134373304,0.31866086173247254,174.79452514648438
2759,2022-12-19,0.9574312345064082,0.959679914942745,0.972074070161064,0.9543980694224625,0.13927338237501877,0.00831501060422779,0.0037129560220987567,0.010877532777828991,0.007059962843308565,-0.3658009307911725,175.47341918945312
2760,2022-12-20,0.9661123539055942,0.9716033474536846,0.9764668969183502,0.961144190528507,0.1575889506080168,0.008681119399186032,0.011923432510939636,0.00439282675728625,0.006746121106044445,0.018315568232998042,177.65354919433594
2761,2022-12-21,0.9805982287931003,0.9905867428079331,0.991057385718278,0.9779834395618059,0.18648851523795226,0.014485874887506078,0.018983395354248533,0.014590488799927748,0.01683924903329892,0.028899564629935454,181.12457275390625
2762,2022-12-22,0.9887564382242479,0.9789770722372232,0.9893839621047075,0.9687271431368886,0.14520342290947305,0.008158209431147534,-0.01160967057070994,-0.0016734236135704794,-0.00925629642491732,-0.04128509232847921,179.00180053710938
2763,2022-12-23,0.9812780995282878,0.9909005047481628,0.993149264981534,0.9772513017689247,0.09920432367512386,-0.007478338695960041,0.011923432510939636,0.003765302876826526,0.00852415863203615,-0.045999099234349194,181.1819610595703
2764,2022-12-27,0.993306145951649,0.9961300832107517,0.9996338912050423,0.9882334484591752,0.07787119051193514,0.012028046423361194,0.005229578462588869,0.006484626223508316,0.010982146690250438,-0.021333133163188717,182.1381683349609
2765,2022-12-28,0.9986403383266593,0.9838406217018888,1.0,0.9837360077894675,0.11010358804984237,0.005334192375010316,-0.012289461508862898,0.0003661087949576869,-0.004497440669707697,0.03223239753790723,179.89108276367188
2766,2022-12-29,0.9856186592278807,0.9906913567203547,0.9938290559196872,0.9829516029388928,0.10156132712805885,-0.013021679098778605,0.006850735018465892,-0.0061709440803128235,-0.0007844048505746271,-0.00854226092178352,181.1437530517578
2767,2022-12-30,0.9883903294292901,0.9804936946777135,0.9903775947801249,0.9750548883902815,0.09130761146974929,0.0027716702014093375,-0.010197662042641165,-0.003451461139562295,-0.007896714548611294,-0.010253715658309556,179.2791290283203
